ISO-10303-21;
HEADER;
FILE_DESCRIPTION(('FreeCAD Model'),'2;1');
FILE_NAME('Open CASCADE Shape Model','2026-09-11T09:27:35',('Author'),(
    ''),'Open CASCADE STEP processor 7.8','FreeCAD','Unknown');
FILE_SCHEMA(('AUTOMOTIVE_DESIGN { 1 0 10303 214 1 1 1 1 }'));
ENDSEC;
DATA;
#1 = APPLICATION_PROTOCOL_DEFINITION('international standard',
  'automotive_design',2000,#2);
#2 = APPLICATION_CONTEXT(
  'core data for automotive mechanical design processes');
#3 = SHAPE_DEFINITION_REPRESENTATION(#4,#10);
#4 = PRODUCT_DEFINITION_SHAPE('','',#5);
#5 = PRODUCT_DEFINITION('design','',#6,#9);
#6 = PRODUCT_DEFINITION_FORMATION('','',#7);
#7 = PRODUCT('TB001_D07','TB001_D07','',(#8));
#8 = PRODUCT_CONTEXT('',#2,'mechanical');
#9 = PRODUCT_DEFINITION_CONTEXT('part definition',#2,'design');
#10 = SHAPE_REPRESENTATION('',(#11,#15,#19,#23,#27,#31,#35,#39,#43,#47,
    #51,#55,#59,#63,#67,#71,#75,#79,#83,#87,#91,#95,#99,#103,#107,#111,
    #115,#119,#123,#127,#131,#135,#139,#143,#147,#151,#155,#159,#163,
    #167,#171,#175,#179,#183,#187,#191,#195,#199,#203),#207);
#11 = AXIS2_PLACEMENT_3D('',#12,#13,#14);
#12 = CARTESIAN_POINT('',(0.,0.,0.));
#13 = DIRECTION('',(0.,0.,1.));
#14 = DIRECTION('',(1.,0.,-0.));
#15 = AXIS2_PLACEMENT_3D('',#16,#17,#18);
#16 = CARTESIAN_POINT('',(0.,0.,0.));
#17 = DIRECTION('',(0.,0.,1.));
#18 = DIRECTION('',(1.,0.,0.));
#19 = AXIS2_PLACEMENT_3D('',#20,#21,#22);
#20 = CARTESIAN_POINT('',(0.,0.,0.));
#21 = DIRECTION('',(0.,0.,1.));
#22 = DIRECTION('',(1.,0.,0.));
#23 = AXIS2_PLACEMENT_3D('',#24,#25,#26);
#24 = CARTESIAN_POINT('',(0.,0.,0.));
#25 = DIRECTION('',(0.,0.,1.));
#26 = DIRECTION('',(1.,0.,0.));
#27 = AXIS2_PLACEMENT_3D('',#28,#29,#30);
#28 = CARTESIAN_POINT('',(0.,0.,0.));
#29 = DIRECTION('',(0.,0.,1.));
#30 = DIRECTION('',(1.,0.,0.));
#31 = AXIS2_PLACEMENT_3D('',#32,#33,#34);
#32 = CARTESIAN_POINT('',(0.,0.,0.));
#33 = DIRECTION('',(0.,0.,1.));
#34 = DIRECTION('',(1.,0.,0.));
#35 = AXIS2_PLACEMENT_3D('',#36,#37,#38);
#36 = CARTESIAN_POINT('',(0.,0.,0.));
#37 = DIRECTION('',(0.,0.,1.));
#38 = DIRECTION('',(1.,0.,0.));
#39 = AXIS2_PLACEMENT_3D('',#40,#41,#42);
#40 = CARTESIAN_POINT('',(0.,0.,0.));
#41 = DIRECTION('',(0.,0.,1.));
#42 = DIRECTION('',(1.,0.,0.));
#43 = AXIS2_PLACEMENT_3D('',#44,#45,#46);
#44 = CARTESIAN_POINT('',(0.,0.,0.));
#45 = DIRECTION('',(0.,0.,1.));
#46 = DIRECTION('',(1.,0.,0.));
#47 = AXIS2_PLACEMENT_3D('',#48,#49,#50);
#48 = CARTESIAN_POINT('',(0.,0.,0.));
#49 = DIRECTION('',(0.,0.,1.));
#50 = DIRECTION('',(1.,0.,0.));
#51 = AXIS2_PLACEMENT_3D('',#52,#53,#54);
#52 = CARTESIAN_POINT('',(0.,0.,0.));
#53 = DIRECTION('',(0.,0.,1.));
#54 = DIRECTION('',(1.,0.,0.));
#55 = AXIS2_PLACEMENT_3D('',#56,#57,#58);
#56 = CARTESIAN_POINT('',(0.,0.,0.));
#57 = DIRECTION('',(0.,0.,1.));
#58 = DIRECTION('',(1.,0.,0.));
#59 = AXIS2_PLACEMENT_3D('',#60,#61,#62);
#60 = CARTESIAN_POINT('',(0.,0.,0.));
#61 = DIRECTION('',(0.,0.,1.));
#62 = DIRECTION('',(1.,0.,0.));
#63 = AXIS2_PLACEMENT_3D('',#64,#65,#66);
#64 = CARTESIAN_POINT('',(0.,0.,0.));
#65 = DIRECTION('',(0.,0.,1.));
#66 = DIRECTION('',(1.,0.,0.));
#67 = AXIS2_PLACEMENT_3D('',#68,#69,#70);
#68 = CARTESIAN_POINT('',(0.,0.,0.));
#69 = DIRECTION('',(0.,0.,1.));
#70 = DIRECTION('',(1.,0.,0.));
#71 = AXIS2_PLACEMENT_3D('',#72,#73,#74);
#72 = CARTESIAN_POINT('',(0.,0.,0.));
#73 = DIRECTION('',(0.,0.,1.));
#74 = DIRECTION('',(1.,0.,0.));
#75 = AXIS2_PLACEMENT_3D('',#76,#77,#78);
#76 = CARTESIAN_POINT('',(0.,0.,0.));
#77 = DIRECTION('',(0.,0.,1.));
#78 = DIRECTION('',(1.,0.,0.));
#79 = AXIS2_PLACEMENT_3D('',#80,#81,#82);
#80 = CARTESIAN_POINT('',(0.,0.,0.));
#81 = DIRECTION('',(0.,0.,1.));
#82 = DIRECTION('',(1.,0.,0.));
#83 = AXIS2_PLACEMENT_3D('',#84,#85,#86);
#84 = CARTESIAN_POINT('',(0.,0.,0.));
#85 = DIRECTION('',(0.,0.,1.));
#86 = DIRECTION('',(1.,0.,0.));
#87 = AXIS2_PLACEMENT_3D('',#88,#89,#90);
#88 = CARTESIAN_POINT('',(0.,0.,0.));
#89 = DIRECTION('',(0.,0.,1.));
#90 = DIRECTION('',(1.,0.,0.));
#91 = AXIS2_PLACEMENT_3D('',#92,#93,#94);
#92 = CARTESIAN_POINT('',(0.,0.,0.));
#93 = DIRECTION('',(0.,0.,1.));
#94 = DIRECTION('',(1.,0.,0.));
#95 = AXIS2_PLACEMENT_3D('',#96,#97,#98);
#96 = CARTESIAN_POINT('',(0.,0.,0.));
#97 = DIRECTION('',(0.,0.,1.));
#98 = DIRECTION('',(1.,0.,0.));
#99 = AXIS2_PLACEMENT_3D('',#100,#101,#102);
#100 = CARTESIAN_POINT('',(0.,0.,0.));
#101 = DIRECTION('',(0.,0.,1.));
#102 = DIRECTION('',(1.,0.,0.));
#103 = AXIS2_PLACEMENT_3D('',#104,#105,#106);
#104 = CARTESIAN_POINT('',(0.,0.,0.));
#105 = DIRECTION('',(0.,0.,1.));
#106 = DIRECTION('',(1.,0.,0.));
#107 = AXIS2_PLACEMENT_3D('',#108,#109,#110);
#108 = CARTESIAN_POINT('',(0.,0.,0.));
#109 = DIRECTION('',(0.,0.,1.));
#110 = DIRECTION('',(1.,0.,0.));
#111 = AXIS2_PLACEMENT_3D('',#112,#113,#114);
#112 = CARTESIAN_POINT('',(0.,0.,0.));
#113 = DIRECTION('',(0.,0.,1.));
#114 = DIRECTION('',(1.,0.,0.));
#115 = AXIS2_PLACEMENT_3D('',#116,#117,#118);
#116 = CARTESIAN_POINT('',(0.,0.,0.));
#117 = DIRECTION('',(0.,0.,1.));
#118 = DIRECTION('',(1.,0.,0.));
#119 = AXIS2_PLACEMENT_3D('',#120,#121,#122);
#120 = CARTESIAN_POINT('',(0.,0.,0.));
#121 = DIRECTION('',(0.,0.,1.));
#122 = DIRECTION('',(1.,0.,0.));
#123 = AXIS2_PLACEMENT_3D('',#124,#125,#126);
#124 = CARTESIAN_POINT('',(0.,0.,0.));
#125 = DIRECTION('',(0.,0.,1.));
#126 = DIRECTION('',(1.,0.,0.));
#127 = AXIS2_PLACEMENT_3D('',#128,#129,#130);
#128 = CARTESIAN_POINT('',(0.,0.,0.));
#129 = DIRECTION('',(0.,0.,1.));
#130 = DIRECTION('',(1.,0.,0.));
#131 = AXIS2_PLACEMENT_3D('',#132,#133,#134);
#132 = CARTESIAN_POINT('',(0.,0.,0.));
#133 = DIRECTION('',(0.,0.,1.));
#134 = DIRECTION('',(1.,0.,0.));
#135 = AXIS2_PLACEMENT_3D('',#136,#137,#138);
#136 = CARTESIAN_POINT('',(0.,0.,0.));
#137 = DIRECTION('',(0.,0.,1.));
#138 = DIRECTION('',(1.,0.,0.));
#139 = AXIS2_PLACEMENT_3D('',#140,#141,#142);
#140 = CARTESIAN_POINT('',(0.,0.,0.));
#141 = DIRECTION('',(0.,0.,1.));
#142 = DIRECTION('',(1.,0.,0.));
#143 = AXIS2_PLACEMENT_3D('',#144,#145,#146);
#144 = CARTESIAN_POINT('',(0.,0.,0.));
#145 = DIRECTION('',(0.,0.,1.));
#146 = DIRECTION('',(1.,0.,0.));
#147 = AXIS2_PLACEMENT_3D('',#148,#149,#150);
#148 = CARTESIAN_POINT('',(0.,0.,0.));
#149 = DIRECTION('',(0.,0.,1.));
#150 = DIRECTION('',(1.,0.,0.));
#151 = AXIS2_PLACEMENT_3D('',#152,#153,#154);
#152 = CARTESIAN_POINT('',(0.,0.,0.));
#153 = DIRECTION('',(0.,0.,1.));
#154 = DIRECTION('',(1.,0.,0.));
#155 = AXIS2_PLACEMENT_3D('',#156,#157,#158);
#156 = CARTESIAN_POINT('',(0.,0.,0.));
#157 = DIRECTION('',(0.,0.,1.));
#158 = DIRECTION('',(1.,0.,0.));
#159 = AXIS2_PLACEMENT_3D('',#160,#161,#162);
#160 = CARTESIAN_POINT('',(0.,0.,0.));
#161 = DIRECTION('',(0.,0.,1.));
#162 = DIRECTION('',(1.,0.,0.));
#163 = AXIS2_PLACEMENT_3D('',#164,#165,#166);
#164 = CARTESIAN_POINT('',(0.,0.,0.));
#165 = DIRECTION('',(0.,0.,1.));
#166 = DIRECTION('',(1.,0.,0.));
#167 = AXIS2_PLACEMENT_3D('',#168,#169,#170);
#168 = CARTESIAN_POINT('',(0.,0.,0.));
#169 = DIRECTION('',(0.,0.,1.));
#170 = DIRECTION('',(1.,0.,0.));
#171 = AXIS2_PLACEMENT_3D('',#172,#173,#174);
#172 = CARTESIAN_POINT('',(0.,0.,0.));
#173 = DIRECTION('',(0.,0.,1.));
#174 = DIRECTION('',(1.,0.,0.));
#175 = AXIS2_PLACEMENT_3D('',#176,#177,#178);
#176 = CARTESIAN_POINT('',(0.,0.,0.));
#177 = DIRECTION('',(0.,0.,1.));
#178 = DIRECTION('',(1.,0.,0.));
#179 = AXIS2_PLACEMENT_3D('',#180,#181,#182);
#180 = CARTESIAN_POINT('',(0.,0.,0.));
#181 = DIRECTION('',(0.,0.,1.));
#182 = DIRECTION('',(1.,0.,0.));
#183 = AXIS2_PLACEMENT_3D('',#184,#185,#186);
#184 = CARTESIAN_POINT('',(0.,0.,0.));
#185 = DIRECTION('',(0.,0.,1.));
#186 = DIRECTION('',(1.,0.,0.));
#187 = AXIS2_PLACEMENT_3D('',#188,#189,#190);
#188 = CARTESIAN_POINT('',(0.,0.,0.));
#189 = DIRECTION('',(0.,0.,1.));
#190 = DIRECTION('',(1.,0.,0.));
#191 = AXIS2_PLACEMENT_3D('',#192,#193,#194);
#192 = CARTESIAN_POINT('',(0.,0.,0.));
#193 = DIRECTION('',(0.,0.,1.));
#194 = DIRECTION('',(1.,0.,0.));
#195 = AXIS2_PLACEMENT_3D('',#196,#197,#198);
#196 = CARTESIAN_POINT('',(0.,0.,0.));
#197 = DIRECTION('',(0.,0.,1.));
#198 = DIRECTION('',(1.,0.,0.));
#199 = AXIS2_PLACEMENT_3D('',#200,#201,#202);
#200 = CARTESIAN_POINT('',(0.,0.,0.));
#201 = DIRECTION('',(0.,0.,1.));
#202 = DIRECTION('',(1.,0.,0.));
#203 = AXIS2_PLACEMENT_3D('',#204,#205,#206);
#204 = CARTESIAN_POINT('',(0.,0.,0.));
#205 = DIRECTION('',(0.,0.,1.));
#206 = DIRECTION('',(1.,0.,0.));
#207 = ( GEOMETRIC_REPRESENTATION_CONTEXT(3) 
GLOBAL_UNCERTAINTY_ASSIGNED_CONTEXT((#211)) GLOBAL_UNIT_ASSIGNED_CONTEXT
((#208,#209,#210)) REPRESENTATION_CONTEXT('Context #1',
  '3D Context with UNIT and UNCERTAINTY') );
#208 = ( LENGTH_UNIT() NAMED_UNIT(*) SI_UNIT(.MILLI.,.METRE.) );
#209 = ( NAMED_UNIT(*) PLANE_ANGLE_UNIT() SI_UNIT($,.RADIAN.) );
#210 = ( NAMED_UNIT(*) SI_UNIT($,.STERADIAN.) SOLID_ANGLE_UNIT() );
#211 = UNCERTAINTY_MEASURE_WITH_UNIT(LENGTH_MEASURE(1.E-07),#208,
  'distance_accuracy_value','confusion accuracy');
#212 = PRODUCT_RELATED_PRODUCT_CATEGORY('part',$,(#7));
#213 = SHAPE_DEFINITION_REPRESENTATION(#214,#220);
#214 = PRODUCT_DEFINITION_SHAPE('','',#215);
#215 = PRODUCT_DEFINITION('design','',#216,#219);
#216 = PRODUCT_DEFINITION_FORMATION('','',#217);
#217 = PRODUCT('P01 Upper circular maple top with grip recess',
  'P01 Upper circular maple top with grip recess','',(#218));
#218 = PRODUCT_CONTEXT('',#2,'mechanical');
#219 = PRODUCT_DEFINITION_CONTEXT('part definition',#2,'design');
#220 = ADVANCED_BREP_SHAPE_REPRESENTATION('',(#11,#221),#410);
#221 = MANIFOLD_SOLID_BREP('',#222);
#222 = CLOSED_SHELL('',(#223,#256,#299,#342,#364,#381,#398));
#223 = ADVANCED_FACE('',(#224),#251,.T.);
#224 = FACE_BOUND('',#225,.T.);
#225 = EDGE_LOOP('',(#226,#235,#243,#250));
#226 = ORIENTED_EDGE('',*,*,#227,.F.);
#227 = EDGE_CURVE('',#228,#228,#230,.T.);
#228 = VERTEX_POINT('',#229);
#229 = CARTESIAN_POINT('',(325.,-7.960204194458E-14,550.));
#230 = CIRCLE('',#231,325.);
#231 = AXIS2_PLACEMENT_3D('',#232,#233,#234);
#232 = CARTESIAN_POINT('',(0.,0.,550.));
#233 = DIRECTION('',(0.,0.,1.));
#234 = DIRECTION('',(1.,0.,-0.));
#235 = ORIENTED_EDGE('',*,*,#236,.F.);
#236 = EDGE_CURVE('',#237,#228,#239,.T.);
#237 = VERTEX_POINT('',#238);
#238 = CARTESIAN_POINT('',(325.,-7.960204194458E-14,530.));
#239 = LINE('',#240,#241);
#240 = CARTESIAN_POINT('',(325.,-7.960204194458E-14,530.));
#241 = VECTOR('',#242,1.);
#242 = DIRECTION('',(0.,0.,1.));
#243 = ORIENTED_EDGE('',*,*,#244,.T.);
#244 = EDGE_CURVE('',#237,#237,#245,.T.);
#245 = CIRCLE('',#246,325.);
#246 = AXIS2_PLACEMENT_3D('',#247,#248,#249);
#247 = CARTESIAN_POINT('',(0.,0.,530.));
#248 = DIRECTION('',(0.,0.,1.));
#249 = DIRECTION('',(1.,0.,-0.));
#250 = ORIENTED_EDGE('',*,*,#236,.T.);
#251 = CYLINDRICAL_SURFACE('',#252,325.);
#252 = AXIS2_PLACEMENT_3D('',#253,#254,#255);
#253 = CARTESIAN_POINT('',(0.,0.,530.));
#254 = DIRECTION('',(0.,0.,1.));
#255 = DIRECTION('',(1.,0.,-0.));
#256 = ADVANCED_FACE('',(#257,#260),#294,.T.);
#257 = FACE_BOUND('',#258,.T.);
#258 = EDGE_LOOP('',(#259));
#259 = ORIENTED_EDGE('',*,*,#227,.T.);
#260 = FACE_BOUND('',#261,.T.);
#261 = EDGE_LOOP('',(#262,#272,#280,#288));
#262 = ORIENTED_EDGE('',*,*,#263,.F.);
#263 = EDGE_CURVE('',#264,#266,#268,.T.);
#264 = VERTEX_POINT('',#265);
#265 = CARTESIAN_POINT('',(-67.5,-35.,550.));
#266 = VERTEX_POINT('',#267);
#267 = CARTESIAN_POINT('',(67.5,-35.,550.));
#268 = LINE('',#269,#270);
#269 = CARTESIAN_POINT('',(-67.5,-35.,550.));
#270 = VECTOR('',#271,1.);
#271 = DIRECTION('',(1.,0.,-0.));
#272 = ORIENTED_EDGE('',*,*,#273,.T.);
#273 = EDGE_CURVE('',#264,#274,#276,.T.);
#274 = VERTEX_POINT('',#275);
#275 = CARTESIAN_POINT('',(-67.5,35.,550.));
#276 = LINE('',#277,#278);
#277 = CARTESIAN_POINT('',(-67.5,-35.,550.));
#278 = VECTOR('',#279,1.);
#279 = DIRECTION('',(-0.,1.,0.));
#280 = ORIENTED_EDGE('',*,*,#281,.T.);
#281 = EDGE_CURVE('',#274,#282,#284,.T.);
#282 = VERTEX_POINT('',#283);
#283 = CARTESIAN_POINT('',(67.5,35.,550.));
#284 = LINE('',#285,#286);
#285 = CARTESIAN_POINT('',(-67.5,35.,550.));
#286 = VECTOR('',#287,1.);
#287 = DIRECTION('',(1.,0.,-0.));
#288 = ORIENTED_EDGE('',*,*,#289,.F.);
#289 = EDGE_CURVE('',#266,#282,#290,.T.);
#290 = LINE('',#291,#292);
#291 = CARTESIAN_POINT('',(67.5,-35.,550.));
#292 = VECTOR('',#293,1.);
#293 = DIRECTION('',(-0.,1.,0.));
#294 = PLANE('',#295);
#295 = AXIS2_PLACEMENT_3D('',#296,#297,#298);
#296 = CARTESIAN_POINT('',(0.,0.,550.));
#297 = DIRECTION('',(0.,0.,1.));
#298 = DIRECTION('',(1.,0.,-0.));
#299 = ADVANCED_FACE('',(#300,#303),#337,.F.);
#300 = FACE_BOUND('',#301,.F.);
#301 = EDGE_LOOP('',(#302));
#302 = ORIENTED_EDGE('',*,*,#244,.T.);
#303 = FACE_BOUND('',#304,.F.);
#304 = EDGE_LOOP('',(#305,#315,#323,#331));
#305 = ORIENTED_EDGE('',*,*,#306,.F.);
#306 = EDGE_CURVE('',#307,#309,#311,.T.);
#307 = VERTEX_POINT('',#308);
#308 = CARTESIAN_POINT('',(-67.5,-35.,530.));
#309 = VERTEX_POINT('',#310);
#310 = CARTESIAN_POINT('',(67.5,-35.,530.));
#311 = LINE('',#312,#313);
#312 = CARTESIAN_POINT('',(-67.5,-35.,530.));
#313 = VECTOR('',#314,1.);
#314 = DIRECTION('',(1.,0.,-0.));
#315 = ORIENTED_EDGE('',*,*,#316,.T.);
#316 = EDGE_CURVE('',#307,#317,#319,.T.);
#317 = VERTEX_POINT('',#318);
#318 = CARTESIAN_POINT('',(-67.5,35.,530.));
#319 = LINE('',#320,#321);
#320 = CARTESIAN_POINT('',(-67.5,-35.,530.));
#321 = VECTOR('',#322,1.);
#322 = DIRECTION('',(-0.,1.,0.));
#323 = ORIENTED_EDGE('',*,*,#324,.T.);
#324 = EDGE_CURVE('',#317,#325,#327,.T.);
#325 = VERTEX_POINT('',#326);
#326 = CARTESIAN_POINT('',(67.5,35.,530.));
#327 = LINE('',#328,#329);
#328 = CARTESIAN_POINT('',(-67.5,35.,530.));
#329 = VECTOR('',#330,1.);
#330 = DIRECTION('',(1.,0.,-0.));
#331 = ORIENTED_EDGE('',*,*,#332,.F.);
#332 = EDGE_CURVE('',#309,#325,#333,.T.);
#333 = LINE('',#334,#335);
#334 = CARTESIAN_POINT('',(67.5,-35.,530.));
#335 = VECTOR('',#336,1.);
#336 = DIRECTION('',(-0.,1.,0.));
#337 = PLANE('',#338);
#338 = AXIS2_PLACEMENT_3D('',#339,#340,#341);
#339 = CARTESIAN_POINT('',(0.,0.,530.));
#340 = DIRECTION('',(0.,0.,1.));
#341 = DIRECTION('',(1.,0.,-0.));
#342 = ADVANCED_FACE('',(#343),#359,.T.);
#343 = FACE_BOUND('',#344,.T.);
#344 = EDGE_LOOP('',(#345,#346,#352,#353));
#345 = ORIENTED_EDGE('',*,*,#306,.F.);
#346 = ORIENTED_EDGE('',*,*,#347,.T.);
#347 = EDGE_CURVE('',#307,#264,#348,.T.);
#348 = LINE('',#349,#350);
#349 = CARTESIAN_POINT('',(-67.5,-35.,530.));
#350 = VECTOR('',#351,1.);
#351 = DIRECTION('',(0.,0.,1.));
#352 = ORIENTED_EDGE('',*,*,#263,.T.);
#353 = ORIENTED_EDGE('',*,*,#354,.F.);
#354 = EDGE_CURVE('',#309,#266,#355,.T.);
#355 = LINE('',#356,#357);
#356 = CARTESIAN_POINT('',(67.5,-35.,530.));
#357 = VECTOR('',#358,1.);
#358 = DIRECTION('',(0.,0.,1.));
#359 = PLANE('',#360);
#360 = AXIS2_PLACEMENT_3D('',#361,#362,#363);
#361 = CARTESIAN_POINT('',(-67.5,-35.,530.));
#362 = DIRECTION('',(-0.,1.,0.));
#363 = DIRECTION('',(0.,0.,1.));
#364 = ADVANCED_FACE('',(#365),#376,.F.);
#365 = FACE_BOUND('',#366,.F.);
#366 = EDGE_LOOP('',(#367,#368,#369,#375));
#367 = ORIENTED_EDGE('',*,*,#354,.F.);
#368 = ORIENTED_EDGE('',*,*,#332,.T.);
#369 = ORIENTED_EDGE('',*,*,#370,.T.);
#370 = EDGE_CURVE('',#325,#282,#371,.T.);
#371 = LINE('',#372,#373);
#372 = CARTESIAN_POINT('',(67.5,35.,530.));
#373 = VECTOR('',#374,1.);
#374 = DIRECTION('',(0.,0.,1.));
#375 = ORIENTED_EDGE('',*,*,#289,.F.);
#376 = PLANE('',#377);
#377 = AXIS2_PLACEMENT_3D('',#378,#379,#380);
#378 = CARTESIAN_POINT('',(67.5,-35.,530.));
#379 = DIRECTION('',(1.,0.,-0.));
#380 = DIRECTION('',(0.,0.,1.));
#381 = ADVANCED_FACE('',(#382),#393,.F.);
#382 = FACE_BOUND('',#383,.F.);
#383 = EDGE_LOOP('',(#384,#385,#391,#392));
#384 = ORIENTED_EDGE('',*,*,#324,.F.);
#385 = ORIENTED_EDGE('',*,*,#386,.T.);
#386 = EDGE_CURVE('',#317,#274,#387,.T.);
#387 = LINE('',#388,#389);
#388 = CARTESIAN_POINT('',(-67.5,35.,530.));
#389 = VECTOR('',#390,1.);
#390 = DIRECTION('',(0.,0.,1.));
#391 = ORIENTED_EDGE('',*,*,#281,.T.);
#392 = ORIENTED_EDGE('',*,*,#370,.F.);
#393 = PLANE('',#394);
#394 = AXIS2_PLACEMENT_3D('',#395,#396,#397);
#395 = CARTESIAN_POINT('',(-67.5,35.,530.));
#396 = DIRECTION('',(-0.,1.,0.));
#397 = DIRECTION('',(0.,0.,1.));
#398 = ADVANCED_FACE('',(#399),#405,.T.);
#399 = FACE_BOUND('',#400,.T.);
#400 = EDGE_LOOP('',(#401,#402,#403,#404));
#401 = ORIENTED_EDGE('',*,*,#347,.F.);
#402 = ORIENTED_EDGE('',*,*,#316,.T.);
#403 = ORIENTED_EDGE('',*,*,#386,.T.);
#404 = ORIENTED_EDGE('',*,*,#273,.F.);
#405 = PLANE('',#406);
#406 = AXIS2_PLACEMENT_3D('',#407,#408,#409);
#407 = CARTESIAN_POINT('',(-67.5,-35.,530.));
#408 = DIRECTION('',(1.,0.,-0.));
#409 = DIRECTION('',(0.,0.,1.));
#410 = ( GEOMETRIC_REPRESENTATION_CONTEXT(3) 
GLOBAL_UNCERTAINTY_ASSIGNED_CONTEXT((#414)) GLOBAL_UNIT_ASSIGNED_CONTEXT
((#411,#412,#413)) REPRESENTATION_CONTEXT('Context #1',
  '3D Context with UNIT and UNCERTAINTY') );
#411 = ( LENGTH_UNIT() NAMED_UNIT(*) SI_UNIT(.MILLI.,.METRE.) );
#412 = ( NAMED_UNIT(*) PLANE_ANGLE_UNIT() SI_UNIT($,.RADIAN.) );
#413 = ( NAMED_UNIT(*) SI_UNIT($,.STERADIAN.) SOLID_ANGLE_UNIT() );
#414 = UNCERTAINTY_MEASURE_WITH_UNIT(LENGTH_MEASURE(1.E-07),#411,
  'distance_accuracy_value','confusion accuracy');
#415 = CONTEXT_DEPENDENT_SHAPE_REPRESENTATION(#416,#418);
#416 = ( REPRESENTATION_RELATIONSHIP('','',#220,#10) 
REPRESENTATION_RELATIONSHIP_WITH_TRANSFORMATION(#417) 
SHAPE_REPRESENTATION_RELATIONSHIP() );
#417 = ITEM_DEFINED_TRANSFORMATION('','',#11,#15);
#418 = PRODUCT_DEFINITION_SHAPE('Placement','Placement of an item',#419
  );
#419 = NEXT_ASSEMBLY_USAGE_OCCURRENCE('1',
  'P01 Upper circular maple top with grip recess','',#5,#215,$);
#420 = PRODUCT_RELATED_PRODUCT_CATEGORY('part',$,(#217));
#421 = SHAPE_DEFINITION_REPRESENTATION(#422,#428);
#422 = PRODUCT_DEFINITION_SHAPE('','',#423);
#423 = PRODUCT_DEFINITION('design','',#424,#427);
#424 = PRODUCT_DEFINITION_FORMATION('','',#425);
#425 = PRODUCT('P02 Grip mitred strip north',
  'P02 Grip mitred strip north','',(#426));
#426 = PRODUCT_CONTEXT('',#2,'mechanical');
#427 = PRODUCT_DEFINITION_CONTEXT('part definition',#2,'design');
#428 = ADVANCED_BREP_SHAPE_REPRESENTATION('',(#11,#429),#579);
#429 = MANIFOLD_SOLID_BREP('',#430);
#430 = CLOSED_SHELL('',(#431,#471,#502,#526,#550,#567));
#431 = ADVANCED_FACE('',(#432),#466,.T.);
#432 = FACE_BOUND('',#433,.T.);
#433 = EDGE_LOOP('',(#434,#444,#452,#460));
#434 = ORIENTED_EDGE('',*,*,#435,.F.);
#435 = EDGE_CURVE('',#436,#438,#440,.T.);
#436 = VERTEX_POINT('',#437);
#437 = CARTESIAN_POINT('',(-67.5,35.,530.));
#438 = VERTEX_POINT('',#439);
#439 = CARTESIAN_POINT('',(67.5,35.,530.));
#440 = LINE('',#441,#442);
#441 = CARTESIAN_POINT('',(-67.5,35.,530.));
#442 = VECTOR('',#443,1.);
#443 = DIRECTION('',(1.,0.,-0.));
#444 = ORIENTED_EDGE('',*,*,#445,.T.);
#445 = EDGE_CURVE('',#436,#446,#448,.T.);
#446 = VERTEX_POINT('',#447);
#447 = CARTESIAN_POINT('',(-67.5,35.,550.));
#448 = LINE('',#449,#450);
#449 = CARTESIAN_POINT('',(-67.5,35.,530.));
#450 = VECTOR('',#451,1.);
#451 = DIRECTION('',(0.,0.,1.));
#452 = ORIENTED_EDGE('',*,*,#453,.T.);
#453 = EDGE_CURVE('',#446,#454,#456,.T.);
#454 = VERTEX_POINT('',#455);
#455 = CARTESIAN_POINT('',(67.5,35.,550.));
#456 = LINE('',#457,#458);
#457 = CARTESIAN_POINT('',(-67.5,35.,550.));
#458 = VECTOR('',#459,1.);
#459 = DIRECTION('',(1.,0.,-0.));
#460 = ORIENTED_EDGE('',*,*,#461,.F.);
#461 = EDGE_CURVE('',#438,#454,#462,.T.);
#462 = LINE('',#463,#464);
#463 = CARTESIAN_POINT('',(67.5,35.,530.));
#464 = VECTOR('',#465,1.);
#465 = DIRECTION('',(0.,0.,1.));
#466 = PLANE('',#467);
#467 = AXIS2_PLACEMENT_3D('',#468,#469,#470);
#468 = CARTESIAN_POINT('',(-67.5,35.,530.));
#469 = DIRECTION('',(-0.,1.,0.));
#470 = DIRECTION('',(0.,0.,1.));
#471 = ADVANCED_FACE('',(#472),#497,.F.);
#472 = FACE_BOUND('',#473,.F.);
#473 = EDGE_LOOP('',(#474,#475,#483,#491));
#474 = ORIENTED_EDGE('',*,*,#435,.F.);
#475 = ORIENTED_EDGE('',*,*,#476,.F.);
#476 = EDGE_CURVE('',#477,#436,#479,.T.);
#477 = VERTEX_POINT('',#478);
#478 = CARTESIAN_POINT('',(-47.5,15.,530.));
#479 = LINE('',#480,#481);
#480 = CARTESIAN_POINT('',(-32.5,0.,530.));
#481 = VECTOR('',#482,1.);
#482 = DIRECTION('',(-0.707106781187,0.707106781187,0.));
#483 = ORIENTED_EDGE('',*,*,#484,.T.);
#484 = EDGE_CURVE('',#477,#485,#487,.T.);
#485 = VERTEX_POINT('',#486);
#486 = CARTESIAN_POINT('',(47.5,15.,530.));
#487 = LINE('',#488,#489);
#488 = CARTESIAN_POINT('',(-47.5,15.,530.));
#489 = VECTOR('',#490,1.);
#490 = DIRECTION('',(1.,0.,-0.));
#491 = ORIENTED_EDGE('',*,*,#492,.F.);
#492 = EDGE_CURVE('',#438,#485,#493,.T.);
#493 = LINE('',#494,#495);
#494 = CARTESIAN_POINT('',(67.5,35.,530.));
#495 = VECTOR('',#496,1.);
#496 = DIRECTION('',(-0.707106781187,-0.707106781187,0.));
#497 = PLANE('',#498);
#498 = AXIS2_PLACEMENT_3D('',#499,#500,#501);
#499 = CARTESIAN_POINT('',(-67.5,-35.,530.));
#500 = DIRECTION('',(0.,0.,1.));
#501 = DIRECTION('',(1.,0.,-0.));
#502 = ADVANCED_FACE('',(#503),#521,.T.);
#503 = FACE_BOUND('',#504,.T.);
#504 = EDGE_LOOP('',(#505,#506,#507,#515));
#505 = ORIENTED_EDGE('',*,*,#492,.F.);
#506 = ORIENTED_EDGE('',*,*,#461,.T.);
#507 = ORIENTED_EDGE('',*,*,#508,.T.);
#508 = EDGE_CURVE('',#454,#509,#511,.T.);
#509 = VERTEX_POINT('',#510);
#510 = CARTESIAN_POINT('',(47.5,15.,550.));
#511 = LINE('',#512,#513);
#512 = CARTESIAN_POINT('',(67.5,35.,550.));
#513 = VECTOR('',#514,1.);
#514 = DIRECTION('',(-0.707106781187,-0.707106781187,0.));
#515 = ORIENTED_EDGE('',*,*,#516,.F.);
#516 = EDGE_CURVE('',#485,#509,#517,.T.);
#517 = LINE('',#518,#519);
#518 = CARTESIAN_POINT('',(47.5,15.,530.));
#519 = VECTOR('',#520,1.);
#520 = DIRECTION('',(0.,0.,1.));
#521 = PLANE('',#522);
#522 = AXIS2_PLACEMENT_3D('',#523,#524,#525);
#523 = CARTESIAN_POINT('',(67.5,35.,530.));
#524 = DIRECTION('',(0.707106781187,-0.707106781187,0.));
#525 = DIRECTION('',(-0.707106781187,-0.707106781187,0.));
#526 = ADVANCED_FACE('',(#527),#545,.T.);
#527 = FACE_BOUND('',#528,.T.);
#528 = EDGE_LOOP('',(#529,#530,#538,#544));
#529 = ORIENTED_EDGE('',*,*,#453,.F.);
#530 = ORIENTED_EDGE('',*,*,#531,.F.);
#531 = EDGE_CURVE('',#532,#446,#534,.T.);
#532 = VERTEX_POINT('',#533);
#533 = CARTESIAN_POINT('',(-47.5,15.,550.));
#534 = LINE('',#535,#536);
#535 = CARTESIAN_POINT('',(-32.5,0.,550.));
#536 = VECTOR('',#537,1.);
#537 = DIRECTION('',(-0.707106781187,0.707106781187,0.));
#538 = ORIENTED_EDGE('',*,*,#539,.T.);
#539 = EDGE_CURVE('',#532,#509,#540,.T.);
#540 = LINE('',#541,#542);
#541 = CARTESIAN_POINT('',(-47.5,15.,550.));
#542 = VECTOR('',#543,1.);
#543 = DIRECTION('',(1.,0.,-0.));
#544 = ORIENTED_EDGE('',*,*,#508,.F.);
#545 = PLANE('',#546);
#546 = AXIS2_PLACEMENT_3D('',#547,#548,#549);
#547 = CARTESIAN_POINT('',(-67.5,-35.,550.));
#548 = DIRECTION('',(0.,0.,1.));
#549 = DIRECTION('',(1.,0.,-0.));
#550 = ADVANCED_FACE('',(#551),#562,.T.);
#551 = FACE_BOUND('',#552,.T.);
#552 = EDGE_LOOP('',(#553,#554,#560,#561));
#553 = ORIENTED_EDGE('',*,*,#476,.F.);
#554 = ORIENTED_EDGE('',*,*,#555,.T.);
#555 = EDGE_CURVE('',#477,#532,#556,.T.);
#556 = LINE('',#557,#558);
#557 = CARTESIAN_POINT('',(-47.5,15.,530.));
#558 = VECTOR('',#559,1.);
#559 = DIRECTION('',(0.,0.,1.));
#560 = ORIENTED_EDGE('',*,*,#531,.T.);
#561 = ORIENTED_EDGE('',*,*,#445,.F.);
#562 = PLANE('',#563);
#563 = AXIS2_PLACEMENT_3D('',#564,#565,#566);
#564 = CARTESIAN_POINT('',(-32.5,0.,530.));
#565 = DIRECTION('',(-0.707106781187,-0.707106781187,0.));
#566 = DIRECTION('',(-0.707106781187,0.707106781187,0.));
#567 = ADVANCED_FACE('',(#568),#574,.F.);
#568 = FACE_BOUND('',#569,.F.);
#569 = EDGE_LOOP('',(#570,#571,#572,#573));
#570 = ORIENTED_EDGE('',*,*,#484,.F.);
#571 = ORIENTED_EDGE('',*,*,#555,.T.);
#572 = ORIENTED_EDGE('',*,*,#539,.T.);
#573 = ORIENTED_EDGE('',*,*,#516,.F.);
#574 = PLANE('',#575);
#575 = AXIS2_PLACEMENT_3D('',#576,#577,#578);
#576 = CARTESIAN_POINT('',(-47.5,15.,530.));
#577 = DIRECTION('',(-0.,1.,0.));
#578 = DIRECTION('',(0.,0.,1.));
#579 = ( GEOMETRIC_REPRESENTATION_CONTEXT(3) 
GLOBAL_UNCERTAINTY_ASSIGNED_CONTEXT((#583)) GLOBAL_UNIT_ASSIGNED_CONTEXT
((#580,#581,#582)) REPRESENTATION_CONTEXT('Context #1',
  '3D Context with UNIT and UNCERTAINTY') );
#580 = ( LENGTH_UNIT() NAMED_UNIT(*) SI_UNIT(.MILLI.,.METRE.) );
#581 = ( NAMED_UNIT(*) PLANE_ANGLE_UNIT() SI_UNIT($,.RADIAN.) );
#582 = ( NAMED_UNIT(*) SI_UNIT($,.STERADIAN.) SOLID_ANGLE_UNIT() );
#583 = UNCERTAINTY_MEASURE_WITH_UNIT(LENGTH_MEASURE(1.E-07),#580,
  'distance_accuracy_value','confusion accuracy');
#584 = CONTEXT_DEPENDENT_SHAPE_REPRESENTATION(#585,#587);
#585 = ( REPRESENTATION_RELATIONSHIP('','',#428,#10) 
REPRESENTATION_RELATIONSHIP_WITH_TRANSFORMATION(#586) 
SHAPE_REPRESENTATION_RELATIONSHIP() );
#586 = ITEM_DEFINED_TRANSFORMATION('','',#11,#19);
#587 = PRODUCT_DEFINITION_SHAPE('Placement','Placement of an item',#588
  );
#588 = NEXT_ASSEMBLY_USAGE_OCCURRENCE('2','P02 Grip mitred strip north',
  '',#5,#423,$);
#589 = PRODUCT_RELATED_PRODUCT_CATEGORY('part',$,(#425));
#590 = SHAPE_DEFINITION_REPRESENTATION(#591,#597);
#591 = PRODUCT_DEFINITION_SHAPE('','',#592);
#592 = PRODUCT_DEFINITION('design','',#593,#596);
#593 = PRODUCT_DEFINITION_FORMATION('','',#594);
#594 = PRODUCT('P03 Grip mitred strip south',
  'P03 Grip mitred strip south','',(#595));
#595 = PRODUCT_CONTEXT('',#2,'mechanical');
#596 = PRODUCT_DEFINITION_CONTEXT('part definition',#2,'design');
#597 = ADVANCED_BREP_SHAPE_REPRESENTATION('',(#11,#598),#748);
#598 = MANIFOLD_SOLID_BREP('',#599);
#599 = CLOSED_SHELL('',(#600,#640,#671,#695,#719,#736));
#600 = ADVANCED_FACE('',(#601),#635,.F.);
#601 = FACE_BOUND('',#602,.F.);
#602 = EDGE_LOOP('',(#603,#613,#621,#629));
#603 = ORIENTED_EDGE('',*,*,#604,.F.);
#604 = EDGE_CURVE('',#605,#607,#609,.T.);
#605 = VERTEX_POINT('',#606);
#606 = CARTESIAN_POINT('',(-67.5,-35.,530.));
#607 = VERTEX_POINT('',#608);
#608 = CARTESIAN_POINT('',(67.5,-35.,530.));
#609 = LINE('',#610,#611);
#610 = CARTESIAN_POINT('',(-67.5,-35.,530.));
#611 = VECTOR('',#612,1.);
#612 = DIRECTION('',(1.,0.,-0.));
#613 = ORIENTED_EDGE('',*,*,#614,.T.);
#614 = EDGE_CURVE('',#605,#615,#617,.T.);
#615 = VERTEX_POINT('',#616);
#616 = CARTESIAN_POINT('',(-67.5,-35.,550.));
#617 = LINE('',#618,#619);
#618 = CARTESIAN_POINT('',(-67.5,-35.,530.));
#619 = VECTOR('',#620,1.);
#620 = DIRECTION('',(0.,0.,1.));
#621 = ORIENTED_EDGE('',*,*,#622,.T.);
#622 = EDGE_CURVE('',#615,#623,#625,.T.);
#623 = VERTEX_POINT('',#624);
#624 = CARTESIAN_POINT('',(67.5,-35.,550.));
#625 = LINE('',#626,#627);
#626 = CARTESIAN_POINT('',(-67.5,-35.,550.));
#627 = VECTOR('',#628,1.);
#628 = DIRECTION('',(1.,0.,-0.));
#629 = ORIENTED_EDGE('',*,*,#630,.F.);
#630 = EDGE_CURVE('',#607,#623,#631,.T.);
#631 = LINE('',#632,#633);
#632 = CARTESIAN_POINT('',(67.5,-35.,530.));
#633 = VECTOR('',#634,1.);
#634 = DIRECTION('',(0.,0.,1.));
#635 = PLANE('',#636);
#636 = AXIS2_PLACEMENT_3D('',#637,#638,#639);
#637 = CARTESIAN_POINT('',(-67.5,-35.,530.));
#638 = DIRECTION('',(-0.,1.,0.));
#639 = DIRECTION('',(0.,0.,1.));
#640 = ADVANCED_FACE('',(#641),#666,.F.);
#641 = FACE_BOUND('',#642,.F.);
#642 = EDGE_LOOP('',(#643,#651,#652,#660));
#643 = ORIENTED_EDGE('',*,*,#644,.F.);
#644 = EDGE_CURVE('',#605,#645,#647,.T.);
#645 = VERTEX_POINT('',#646);
#646 = CARTESIAN_POINT('',(-47.5,-15.,530.));
#647 = LINE('',#648,#649);
#648 = CARTESIAN_POINT('',(-67.5,-35.,530.));
#649 = VECTOR('',#650,1.);
#650 = DIRECTION('',(0.707106781187,0.707106781187,0.));
#651 = ORIENTED_EDGE('',*,*,#604,.T.);
#652 = ORIENTED_EDGE('',*,*,#653,.F.);
#653 = EDGE_CURVE('',#654,#607,#656,.T.);
#654 = VERTEX_POINT('',#655);
#655 = CARTESIAN_POINT('',(47.5,-15.,530.));
#656 = LINE('',#657,#658);
#657 = CARTESIAN_POINT('',(32.5,0.,530.));
#658 = VECTOR('',#659,1.);
#659 = DIRECTION('',(0.707106781187,-0.707106781187,0.));
#660 = ORIENTED_EDGE('',*,*,#661,.F.);
#661 = EDGE_CURVE('',#645,#654,#662,.T.);
#662 = LINE('',#663,#664);
#663 = CARTESIAN_POINT('',(-47.5,-15.,530.));
#664 = VECTOR('',#665,1.);
#665 = DIRECTION('',(1.,0.,-0.));
#666 = PLANE('',#667);
#667 = AXIS2_PLACEMENT_3D('',#668,#669,#670);
#668 = CARTESIAN_POINT('',(-67.5,-35.,530.));
#669 = DIRECTION('',(0.,0.,1.));
#670 = DIRECTION('',(1.,0.,-0.));
#671 = ADVANCED_FACE('',(#672),#690,.T.);
#672 = FACE_BOUND('',#673,.T.);
#673 = EDGE_LOOP('',(#674,#675,#683,#689));
#674 = ORIENTED_EDGE('',*,*,#653,.F.);
#675 = ORIENTED_EDGE('',*,*,#676,.T.);
#676 = EDGE_CURVE('',#654,#677,#679,.T.);
#677 = VERTEX_POINT('',#678);
#678 = CARTESIAN_POINT('',(47.5,-15.,550.));
#679 = LINE('',#680,#681);
#680 = CARTESIAN_POINT('',(47.5,-15.,530.));
#681 = VECTOR('',#682,1.);
#682 = DIRECTION('',(0.,0.,1.));
#683 = ORIENTED_EDGE('',*,*,#684,.T.);
#684 = EDGE_CURVE('',#677,#623,#685,.T.);
#685 = LINE('',#686,#687);
#686 = CARTESIAN_POINT('',(32.5,0.,550.));
#687 = VECTOR('',#688,1.);
#688 = DIRECTION('',(0.707106781187,-0.707106781187,0.));
#689 = ORIENTED_EDGE('',*,*,#630,.F.);
#690 = PLANE('',#691);
#691 = AXIS2_PLACEMENT_3D('',#692,#693,#694);
#692 = CARTESIAN_POINT('',(32.5,0.,530.));
#693 = DIRECTION('',(0.707106781187,0.707106781187,-0.));
#694 = DIRECTION('',(0.707106781187,-0.707106781187,0.));
#695 = ADVANCED_FACE('',(#696),#714,.T.);
#696 = FACE_BOUND('',#697,.T.);
#697 = EDGE_LOOP('',(#698,#706,#707,#708));
#698 = ORIENTED_EDGE('',*,*,#699,.F.);
#699 = EDGE_CURVE('',#615,#700,#702,.T.);
#700 = VERTEX_POINT('',#701);
#701 = CARTESIAN_POINT('',(-47.5,-15.,550.));
#702 = LINE('',#703,#704);
#703 = CARTESIAN_POINT('',(-67.5,-35.,550.));
#704 = VECTOR('',#705,1.);
#705 = DIRECTION('',(0.707106781187,0.707106781187,0.));
#706 = ORIENTED_EDGE('',*,*,#622,.T.);
#707 = ORIENTED_EDGE('',*,*,#684,.F.);
#708 = ORIENTED_EDGE('',*,*,#709,.F.);
#709 = EDGE_CURVE('',#700,#677,#710,.T.);
#710 = LINE('',#711,#712);
#711 = CARTESIAN_POINT('',(-47.5,-15.,550.));
#712 = VECTOR('',#713,1.);
#713 = DIRECTION('',(1.,0.,-0.));
#714 = PLANE('',#715);
#715 = AXIS2_PLACEMENT_3D('',#716,#717,#718);
#716 = CARTESIAN_POINT('',(-67.5,-35.,550.));
#717 = DIRECTION('',(0.,0.,1.));
#718 = DIRECTION('',(1.,0.,-0.));
#719 = ADVANCED_FACE('',(#720),#731,.T.);
#720 = FACE_BOUND('',#721,.T.);
#721 = EDGE_LOOP('',(#722,#723,#724,#725));
#722 = ORIENTED_EDGE('',*,*,#644,.F.);
#723 = ORIENTED_EDGE('',*,*,#614,.T.);
#724 = ORIENTED_EDGE('',*,*,#699,.T.);
#725 = ORIENTED_EDGE('',*,*,#726,.F.);
#726 = EDGE_CURVE('',#645,#700,#727,.T.);
#727 = LINE('',#728,#729);
#728 = CARTESIAN_POINT('',(-47.5,-15.,530.));
#729 = VECTOR('',#730,1.);
#730 = DIRECTION('',(0.,0.,1.));
#731 = PLANE('',#732);
#732 = AXIS2_PLACEMENT_3D('',#733,#734,#735);
#733 = CARTESIAN_POINT('',(-67.5,-35.,530.));
#734 = DIRECTION('',(-0.707106781187,0.707106781187,0.));
#735 = DIRECTION('',(0.707106781187,0.707106781187,0.));
#736 = ADVANCED_FACE('',(#737),#743,.T.);
#737 = FACE_BOUND('',#738,.T.);
#738 = EDGE_LOOP('',(#739,#740,#741,#742));
#739 = ORIENTED_EDGE('',*,*,#661,.F.);
#740 = ORIENTED_EDGE('',*,*,#726,.T.);
#741 = ORIENTED_EDGE('',*,*,#709,.T.);
#742 = ORIENTED_EDGE('',*,*,#676,.F.);
#743 = PLANE('',#744);
#744 = AXIS2_PLACEMENT_3D('',#745,#746,#747);
#745 = CARTESIAN_POINT('',(-47.5,-15.,530.));
#746 = DIRECTION('',(-0.,1.,0.));
#747 = DIRECTION('',(0.,0.,1.));
#748 = ( GEOMETRIC_REPRESENTATION_CONTEXT(3) 
GLOBAL_UNCERTAINTY_ASSIGNED_CONTEXT((#752)) GLOBAL_UNIT_ASSIGNED_CONTEXT
((#749,#750,#751)) REPRESENTATION_CONTEXT('Context #1',
  '3D Context with UNIT and UNCERTAINTY') );
#749 = ( LENGTH_UNIT() NAMED_UNIT(*) SI_UNIT(.MILLI.,.METRE.) );
#750 = ( NAMED_UNIT(*) PLANE_ANGLE_UNIT() SI_UNIT($,.RADIAN.) );
#751 = ( NAMED_UNIT(*) SI_UNIT($,.STERADIAN.) SOLID_ANGLE_UNIT() );
#752 = UNCERTAINTY_MEASURE_WITH_UNIT(LENGTH_MEASURE(1.E-07),#749,
  'distance_accuracy_value','confusion accuracy');
#753 = CONTEXT_DEPENDENT_SHAPE_REPRESENTATION(#754,#756);
#754 = ( REPRESENTATION_RELATIONSHIP('','',#597,#10) 
REPRESENTATION_RELATIONSHIP_WITH_TRANSFORMATION(#755) 
SHAPE_REPRESENTATION_RELATIONSHIP() );
#755 = ITEM_DEFINED_TRANSFORMATION('','',#11,#23);
#756 = PRODUCT_DEFINITION_SHAPE('Placement','Placement of an item',#757
  );
#757 = NEXT_ASSEMBLY_USAGE_OCCURRENCE('3','P03 Grip mitred strip south',
  '',#5,#592,$);
#758 = PRODUCT_RELATED_PRODUCT_CATEGORY('part',$,(#594));
#759 = SHAPE_DEFINITION_REPRESENTATION(#760,#766);
#760 = PRODUCT_DEFINITION_SHAPE('','',#761);
#761 = PRODUCT_DEFINITION('design','',#762,#765);
#762 = PRODUCT_DEFINITION_FORMATION('','',#763);
#763 = PRODUCT('P04 Grip mitred strip east','P04 Grip mitred strip east'
  ,'',(#764));
#764 = PRODUCT_CONTEXT('',#2,'mechanical');
#765 = PRODUCT_DEFINITION_CONTEXT('part definition',#2,'design');
#766 = ADVANCED_BREP_SHAPE_REPRESENTATION('',(#11,#767),#917);
#767 = MANIFOLD_SOLID_BREP('',#768);
#768 = CLOSED_SHELL('',(#769,#809,#840,#864,#888,#905));
#769 = ADVANCED_FACE('',(#770),#804,.T.);
#770 = FACE_BOUND('',#771,.T.);
#771 = EDGE_LOOP('',(#772,#782,#790,#798));
#772 = ORIENTED_EDGE('',*,*,#773,.F.);
#773 = EDGE_CURVE('',#774,#776,#778,.T.);
#774 = VERTEX_POINT('',#775);
#775 = CARTESIAN_POINT('',(67.5,-35.,530.));
#776 = VERTEX_POINT('',#777);
#777 = CARTESIAN_POINT('',(67.5,-35.,550.));
#778 = LINE('',#779,#780);
#779 = CARTESIAN_POINT('',(67.5,-35.,530.));
#780 = VECTOR('',#781,1.);
#781 = DIRECTION('',(0.,0.,1.));
#782 = ORIENTED_EDGE('',*,*,#783,.T.);
#783 = EDGE_CURVE('',#774,#784,#786,.T.);
#784 = VERTEX_POINT('',#785);
#785 = CARTESIAN_POINT('',(67.5,35.,530.));
#786 = LINE('',#787,#788);
#787 = CARTESIAN_POINT('',(67.5,-35.,530.));
#788 = VECTOR('',#789,1.);
#789 = DIRECTION('',(-0.,1.,0.));
#790 = ORIENTED_EDGE('',*,*,#791,.T.);
#791 = EDGE_CURVE('',#784,#792,#794,.T.);
#792 = VERTEX_POINT('',#793);
#793 = CARTESIAN_POINT('',(67.5,35.,550.));
#794 = LINE('',#795,#796);
#795 = CARTESIAN_POINT('',(67.5,35.,530.));
#796 = VECTOR('',#797,1.);
#797 = DIRECTION('',(0.,0.,1.));
#798 = ORIENTED_EDGE('',*,*,#799,.F.);
#799 = EDGE_CURVE('',#776,#792,#800,.T.);
#800 = LINE('',#801,#802);
#801 = CARTESIAN_POINT('',(67.5,-35.,550.));
#802 = VECTOR('',#803,1.);
#803 = DIRECTION('',(-0.,1.,0.));
#804 = PLANE('',#805);
#805 = AXIS2_PLACEMENT_3D('',#806,#807,#808);
#806 = CARTESIAN_POINT('',(67.5,-35.,530.));
#807 = DIRECTION('',(1.,0.,-0.));
#808 = DIRECTION('',(0.,0.,1.));
#809 = ADVANCED_FACE('',(#810),#835,.T.);
#810 = FACE_BOUND('',#811,.T.);
#811 = EDGE_LOOP('',(#812,#820,#821,#829));
#812 = ORIENTED_EDGE('',*,*,#813,.F.);
#813 = EDGE_CURVE('',#774,#814,#816,.T.);
#814 = VERTEX_POINT('',#815);
#815 = CARTESIAN_POINT('',(47.5,-15.,530.));
#816 = LINE('',#817,#818);
#817 = CARTESIAN_POINT('',(67.5,-35.,530.));
#818 = VECTOR('',#819,1.);
#819 = DIRECTION('',(-0.707106781187,0.707106781187,0.));
#820 = ORIENTED_EDGE('',*,*,#773,.T.);
#821 = ORIENTED_EDGE('',*,*,#822,.T.);
#822 = EDGE_CURVE('',#776,#823,#825,.T.);
#823 = VERTEX_POINT('',#824);
#824 = CARTESIAN_POINT('',(47.5,-15.,550.));
#825 = LINE('',#826,#827);
#826 = CARTESIAN_POINT('',(67.5,-35.,550.));
#827 = VECTOR('',#828,1.);
#828 = DIRECTION('',(-0.707106781187,0.707106781187,0.));
#829 = ORIENTED_EDGE('',*,*,#830,.F.);
#830 = EDGE_CURVE('',#814,#823,#831,.T.);
#831 = LINE('',#832,#833);
#832 = CARTESIAN_POINT('',(47.5,-15.,530.));
#833 = VECTOR('',#834,1.);
#834 = DIRECTION('',(0.,0.,1.));
#835 = PLANE('',#836);
#836 = AXIS2_PLACEMENT_3D('',#837,#838,#839);
#837 = CARTESIAN_POINT('',(67.5,-35.,530.));
#838 = DIRECTION('',(-0.707106781187,-0.707106781187,0.));
#839 = DIRECTION('',(-0.707106781187,0.707106781187,0.));
#840 = ADVANCED_FACE('',(#841),#859,.T.);
#841 = FACE_BOUND('',#842,.T.);
#842 = EDGE_LOOP('',(#843,#844,#852,#858));
#843 = ORIENTED_EDGE('',*,*,#799,.T.);
#844 = ORIENTED_EDGE('',*,*,#845,.F.);
#845 = EDGE_CURVE('',#846,#792,#848,.T.);
#846 = VERTEX_POINT('',#847);
#847 = CARTESIAN_POINT('',(47.5,15.,550.));
#848 = LINE('',#849,#850);
#849 = CARTESIAN_POINT('',(32.5,0.,550.));
#850 = VECTOR('',#851,1.);
#851 = DIRECTION('',(0.707106781187,0.707106781187,0.));
#852 = ORIENTED_EDGE('',*,*,#853,.F.);
#853 = EDGE_CURVE('',#823,#846,#854,.T.);
#854 = LINE('',#855,#856);
#855 = CARTESIAN_POINT('',(47.5,-15.,550.));
#856 = VECTOR('',#857,1.);
#857 = DIRECTION('',(-0.,1.,0.));
#858 = ORIENTED_EDGE('',*,*,#822,.F.);
#859 = PLANE('',#860);
#860 = AXIS2_PLACEMENT_3D('',#861,#862,#863);
#861 = CARTESIAN_POINT('',(-67.5,-35.,550.));
#862 = DIRECTION('',(0.,0.,1.));
#863 = DIRECTION('',(1.,0.,-0.));
#864 = ADVANCED_FACE('',(#865),#883,.T.);
#865 = FACE_BOUND('',#866,.T.);
#866 = EDGE_LOOP('',(#867,#875,#881,#882));
#867 = ORIENTED_EDGE('',*,*,#868,.F.);
#868 = EDGE_CURVE('',#869,#784,#871,.T.);
#869 = VERTEX_POINT('',#870);
#870 = CARTESIAN_POINT('',(47.5,15.,530.));
#871 = LINE('',#872,#873);
#872 = CARTESIAN_POINT('',(32.5,0.,530.));
#873 = VECTOR('',#874,1.);
#874 = DIRECTION('',(0.707106781187,0.707106781187,0.));
#875 = ORIENTED_EDGE('',*,*,#876,.T.);
#876 = EDGE_CURVE('',#869,#846,#877,.T.);
#877 = LINE('',#878,#879);
#878 = CARTESIAN_POINT('',(47.5,15.,530.));
#879 = VECTOR('',#880,1.);
#880 = DIRECTION('',(0.,0.,1.));
#881 = ORIENTED_EDGE('',*,*,#845,.T.);
#882 = ORIENTED_EDGE('',*,*,#791,.F.);
#883 = PLANE('',#884);
#884 = AXIS2_PLACEMENT_3D('',#885,#886,#887);
#885 = CARTESIAN_POINT('',(32.5,0.,530.));
#886 = DIRECTION('',(-0.707106781187,0.707106781187,0.));
#887 = DIRECTION('',(0.707106781187,0.707106781187,0.));
#888 = ADVANCED_FACE('',(#889),#900,.F.);
#889 = FACE_BOUND('',#890,.F.);
#890 = EDGE_LOOP('',(#891,#892,#893,#899));
#891 = ORIENTED_EDGE('',*,*,#783,.T.);
#892 = ORIENTED_EDGE('',*,*,#868,.F.);
#893 = ORIENTED_EDGE('',*,*,#894,.F.);
#894 = EDGE_CURVE('',#814,#869,#895,.T.);
#895 = LINE('',#896,#897);
#896 = CARTESIAN_POINT('',(47.5,-15.,530.));
#897 = VECTOR('',#898,1.);
#898 = DIRECTION('',(-0.,1.,0.));
#899 = ORIENTED_EDGE('',*,*,#813,.F.);
#900 = PLANE('',#901);
#901 = AXIS2_PLACEMENT_3D('',#902,#903,#904);
#902 = CARTESIAN_POINT('',(-67.5,-35.,530.));
#903 = DIRECTION('',(0.,0.,1.));
#904 = DIRECTION('',(1.,0.,-0.));
#905 = ADVANCED_FACE('',(#906),#912,.F.);
#906 = FACE_BOUND('',#907,.F.);
#907 = EDGE_LOOP('',(#908,#909,#910,#911));
#908 = ORIENTED_EDGE('',*,*,#830,.F.);
#909 = ORIENTED_EDGE('',*,*,#894,.T.);
#910 = ORIENTED_EDGE('',*,*,#876,.T.);
#911 = ORIENTED_EDGE('',*,*,#853,.F.);
#912 = PLANE('',#913);
#913 = AXIS2_PLACEMENT_3D('',#914,#915,#916);
#914 = CARTESIAN_POINT('',(47.5,-15.,530.));
#915 = DIRECTION('',(1.,0.,-0.));
#916 = DIRECTION('',(0.,0.,1.));
#917 = ( GEOMETRIC_REPRESENTATION_CONTEXT(3) 
GLOBAL_UNCERTAINTY_ASSIGNED_CONTEXT((#921)) GLOBAL_UNIT_ASSIGNED_CONTEXT
((#918,#919,#920)) REPRESENTATION_CONTEXT('Context #1',
  '3D Context with UNIT and UNCERTAINTY') );
#918 = ( LENGTH_UNIT() NAMED_UNIT(*) SI_UNIT(.MILLI.,.METRE.) );
#919 = ( NAMED_UNIT(*) PLANE_ANGLE_UNIT() SI_UNIT($,.RADIAN.) );
#920 = ( NAMED_UNIT(*) SI_UNIT($,.STERADIAN.) SOLID_ANGLE_UNIT() );
#921 = UNCERTAINTY_MEASURE_WITH_UNIT(LENGTH_MEASURE(1.E-07),#918,
  'distance_accuracy_value','confusion accuracy');
#922 = CONTEXT_DEPENDENT_SHAPE_REPRESENTATION(#923,#925);
#923 = ( REPRESENTATION_RELATIONSHIP('','',#766,#10) 
REPRESENTATION_RELATIONSHIP_WITH_TRANSFORMATION(#924) 
SHAPE_REPRESENTATION_RELATIONSHIP() );
#924 = ITEM_DEFINED_TRANSFORMATION('','',#11,#27);
#925 = PRODUCT_DEFINITION_SHAPE('Placement','Placement of an item',#926
  );
#926 = NEXT_ASSEMBLY_USAGE_OCCURRENCE('4','P04 Grip mitred strip east',
  '',#5,#761,$);
#927 = PRODUCT_RELATED_PRODUCT_CATEGORY('part',$,(#763));
#928 = SHAPE_DEFINITION_REPRESENTATION(#929,#935);
#929 = PRODUCT_DEFINITION_SHAPE('','',#930);
#930 = PRODUCT_DEFINITION('design','',#931,#934);
#931 = PRODUCT_DEFINITION_FORMATION('','',#932);
#932 = PRODUCT('P05 Grip mitred strip west','P05 Grip mitred strip west'
  ,'',(#933));
#933 = PRODUCT_CONTEXT('',#2,'mechanical');
#934 = PRODUCT_DEFINITION_CONTEXT('part definition',#2,'design');
#935 = ADVANCED_BREP_SHAPE_REPRESENTATION('',(#11,#936),#1086);
#936 = MANIFOLD_SOLID_BREP('',#937);
#937 = CLOSED_SHELL('',(#938,#978,#1009,#1033,#1057,#1074));
#938 = ADVANCED_FACE('',(#939),#973,.F.);
#939 = FACE_BOUND('',#940,.F.);
#940 = EDGE_LOOP('',(#941,#951,#959,#967));
#941 = ORIENTED_EDGE('',*,*,#942,.F.);
#942 = EDGE_CURVE('',#943,#945,#947,.T.);
#943 = VERTEX_POINT('',#944);
#944 = CARTESIAN_POINT('',(-67.5,-35.,530.));
#945 = VERTEX_POINT('',#946);
#946 = CARTESIAN_POINT('',(-67.5,-35.,550.));
#947 = LINE('',#948,#949);
#948 = CARTESIAN_POINT('',(-67.5,-35.,530.));
#949 = VECTOR('',#950,1.);
#950 = DIRECTION('',(0.,0.,1.));
#951 = ORIENTED_EDGE('',*,*,#952,.T.);
#952 = EDGE_CURVE('',#943,#953,#955,.T.);
#953 = VERTEX_POINT('',#954);
#954 = CARTESIAN_POINT('',(-67.5,35.,530.));
#955 = LINE('',#956,#957);
#956 = CARTESIAN_POINT('',(-67.5,-35.,530.));
#957 = VECTOR('',#958,1.);
#958 = DIRECTION('',(-0.,1.,0.));
#959 = ORIENTED_EDGE('',*,*,#960,.T.);
#960 = EDGE_CURVE('',#953,#961,#963,.T.);
#961 = VERTEX_POINT('',#962);
#962 = CARTESIAN_POINT('',(-67.5,35.,550.));
#963 = LINE('',#964,#965);
#964 = CARTESIAN_POINT('',(-67.5,35.,530.));
#965 = VECTOR('',#966,1.);
#966 = DIRECTION('',(0.,0.,1.));
#967 = ORIENTED_EDGE('',*,*,#968,.F.);
#968 = EDGE_CURVE('',#945,#961,#969,.T.);
#969 = LINE('',#970,#971);
#970 = CARTESIAN_POINT('',(-67.5,-35.,550.));
#971 = VECTOR('',#972,1.);
#972 = DIRECTION('',(-0.,1.,0.));
#973 = PLANE('',#974);
#974 = AXIS2_PLACEMENT_3D('',#975,#976,#977);
#975 = CARTESIAN_POINT('',(-67.5,-35.,530.));
#976 = DIRECTION('',(1.,0.,-0.));
#977 = DIRECTION('',(0.,0.,1.));
#978 = ADVANCED_FACE('',(#979),#1004,.T.);
#979 = FACE_BOUND('',#980,.T.);
#980 = EDGE_LOOP('',(#981,#989,#997,#1003));
#981 = ORIENTED_EDGE('',*,*,#982,.F.);
#982 = EDGE_CURVE('',#983,#943,#985,.T.);
#983 = VERTEX_POINT('',#984);
#984 = CARTESIAN_POINT('',(-47.5,-15.,530.));
#985 = LINE('',#986,#987);
#986 = CARTESIAN_POINT('',(-32.5,0.,530.));
#987 = VECTOR('',#988,1.);
#988 = DIRECTION('',(-0.707106781187,-0.707106781187,0.));
#989 = ORIENTED_EDGE('',*,*,#990,.T.);
#990 = EDGE_CURVE('',#983,#991,#993,.T.);
#991 = VERTEX_POINT('',#992);
#992 = CARTESIAN_POINT('',(-47.5,-15.,550.));
#993 = LINE('',#994,#995);
#994 = CARTESIAN_POINT('',(-47.5,-15.,530.));
#995 = VECTOR('',#996,1.);
#996 = DIRECTION('',(0.,0.,1.));
#997 = ORIENTED_EDGE('',*,*,#998,.T.);
#998 = EDGE_CURVE('',#991,#945,#999,.T.);
#999 = LINE('',#1000,#1001);
#1000 = CARTESIAN_POINT('',(-32.5,0.,550.));
#1001 = VECTOR('',#1002,1.);
#1002 = DIRECTION('',(-0.707106781187,-0.707106781187,0.));
#1003 = ORIENTED_EDGE('',*,*,#942,.F.);
#1004 = PLANE('',#1005);
#1005 = AXIS2_PLACEMENT_3D('',#1006,#1007,#1008);
#1006 = CARTESIAN_POINT('',(-32.5,0.,530.));
#1007 = DIRECTION('',(0.707106781187,-0.707106781187,0.));
#1008 = DIRECTION('',(-0.707106781187,-0.707106781187,0.));
#1009 = ADVANCED_FACE('',(#1010),#1028,.T.);
#1010 = FACE_BOUND('',#1011,.T.);
#1011 = EDGE_LOOP('',(#1012,#1013,#1014,#1022));
#1012 = ORIENTED_EDGE('',*,*,#968,.F.);
#1013 = ORIENTED_EDGE('',*,*,#998,.F.);
#1014 = ORIENTED_EDGE('',*,*,#1015,.T.);
#1015 = EDGE_CURVE('',#991,#1016,#1018,.T.);
#1016 = VERTEX_POINT('',#1017);
#1017 = CARTESIAN_POINT('',(-47.5,15.,550.));
#1018 = LINE('',#1019,#1020);
#1019 = CARTESIAN_POINT('',(-47.5,-15.,550.));
#1020 = VECTOR('',#1021,1.);
#1021 = DIRECTION('',(-0.,1.,0.));
#1022 = ORIENTED_EDGE('',*,*,#1023,.F.);
#1023 = EDGE_CURVE('',#961,#1016,#1024,.T.);
#1024 = LINE('',#1025,#1026);
#1025 = CARTESIAN_POINT('',(-67.5,35.,550.));
#1026 = VECTOR('',#1027,1.);
#1027 = DIRECTION('',(0.707106781187,-0.707106781187,0.));
#1028 = PLANE('',#1029);
#1029 = AXIS2_PLACEMENT_3D('',#1030,#1031,#1032);
#1030 = CARTESIAN_POINT('',(-67.5,-35.,550.));
#1031 = DIRECTION('',(0.,0.,1.));
#1032 = DIRECTION('',(1.,0.,-0.));
#1033 = ADVANCED_FACE('',(#1034),#1052,.T.);
#1034 = FACE_BOUND('',#1035,.T.);
#1035 = EDGE_LOOP('',(#1036,#1044,#1045,#1046));
#1036 = ORIENTED_EDGE('',*,*,#1037,.F.);
#1037 = EDGE_CURVE('',#953,#1038,#1040,.T.);
#1038 = VERTEX_POINT('',#1039);
#1039 = CARTESIAN_POINT('',(-47.5,15.,530.));
#1040 = LINE('',#1041,#1042);
#1041 = CARTESIAN_POINT('',(-67.5,35.,530.));
#1042 = VECTOR('',#1043,1.);
#1043 = DIRECTION('',(0.707106781187,-0.707106781187,0.));
#1044 = ORIENTED_EDGE('',*,*,#960,.T.);
#1045 = ORIENTED_EDGE('',*,*,#1023,.T.);
#1046 = ORIENTED_EDGE('',*,*,#1047,.F.);
#1047 = EDGE_CURVE('',#1038,#1016,#1048,.T.);
#1048 = LINE('',#1049,#1050);
#1049 = CARTESIAN_POINT('',(-47.5,15.,530.));
#1050 = VECTOR('',#1051,1.);
#1051 = DIRECTION('',(0.,0.,1.));
#1052 = PLANE('',#1053);
#1053 = AXIS2_PLACEMENT_3D('',#1054,#1055,#1056);
#1054 = CARTESIAN_POINT('',(-67.5,35.,530.));
#1055 = DIRECTION('',(0.707106781187,0.707106781187,-0.));
#1056 = DIRECTION('',(0.707106781187,-0.707106781187,0.));
#1057 = ADVANCED_FACE('',(#1058),#1069,.F.);
#1058 = FACE_BOUND('',#1059,.F.);
#1059 = EDGE_LOOP('',(#1060,#1061,#1062,#1068));
#1060 = ORIENTED_EDGE('',*,*,#952,.F.);
#1061 = ORIENTED_EDGE('',*,*,#982,.F.);
#1062 = ORIENTED_EDGE('',*,*,#1063,.T.);
#1063 = EDGE_CURVE('',#983,#1038,#1064,.T.);
#1064 = LINE('',#1065,#1066);
#1065 = CARTESIAN_POINT('',(-47.5,-15.,530.));
#1066 = VECTOR('',#1067,1.);
#1067 = DIRECTION('',(-0.,1.,0.));
#1068 = ORIENTED_EDGE('',*,*,#1037,.F.);
#1069 = PLANE('',#1070);
#1070 = AXIS2_PLACEMENT_3D('',#1071,#1072,#1073);
#1071 = CARTESIAN_POINT('',(-67.5,-35.,530.));
#1072 = DIRECTION('',(0.,0.,1.));
#1073 = DIRECTION('',(1.,0.,-0.));
#1074 = ADVANCED_FACE('',(#1075),#1081,.T.);
#1075 = FACE_BOUND('',#1076,.T.);
#1076 = EDGE_LOOP('',(#1077,#1078,#1079,#1080));
#1077 = ORIENTED_EDGE('',*,*,#990,.F.);
#1078 = ORIENTED_EDGE('',*,*,#1063,.T.);
#1079 = ORIENTED_EDGE('',*,*,#1047,.T.);
#1080 = ORIENTED_EDGE('',*,*,#1015,.F.);
#1081 = PLANE('',#1082);
#1082 = AXIS2_PLACEMENT_3D('',#1083,#1084,#1085);
#1083 = CARTESIAN_POINT('',(-47.5,-15.,530.));
#1084 = DIRECTION('',(1.,0.,-0.));
#1085 = DIRECTION('',(0.,0.,1.));
#1086 = ( GEOMETRIC_REPRESENTATION_CONTEXT(3) 
GLOBAL_UNCERTAINTY_ASSIGNED_CONTEXT((#1090)) 
GLOBAL_UNIT_ASSIGNED_CONTEXT((#1087,#1088,#1089)) REPRESENTATION_CONTEXT
('Context #1','3D Context with UNIT and UNCERTAINTY') );
#1087 = ( LENGTH_UNIT() NAMED_UNIT(*) SI_UNIT(.MILLI.,.METRE.) );
#1088 = ( NAMED_UNIT(*) PLANE_ANGLE_UNIT() SI_UNIT($,.RADIAN.) );
#1089 = ( NAMED_UNIT(*) SI_UNIT($,.STERADIAN.) SOLID_ANGLE_UNIT() );
#1090 = UNCERTAINTY_MEASURE_WITH_UNIT(LENGTH_MEASURE(1.E-07),#1087,
  'distance_accuracy_value','confusion accuracy');
#1091 = CONTEXT_DEPENDENT_SHAPE_REPRESENTATION(#1092,#1094);
#1092 = ( REPRESENTATION_RELATIONSHIP('','',#935,#10) 
REPRESENTATION_RELATIONSHIP_WITH_TRANSFORMATION(#1093) 
SHAPE_REPRESENTATION_RELATIONSHIP() );
#1093 = ITEM_DEFINED_TRANSFORMATION('','',#11,#31);
#1094 = PRODUCT_DEFINITION_SHAPE('Placement','Placement of an item',
  #1095);
#1095 = NEXT_ASSEMBLY_USAGE_OCCURRENCE('5','P05 Grip mitred strip west',
  '',#5,#930,$);
#1096 = PRODUCT_RELATED_PRODUCT_CATEGORY('part',$,(#932));
#1097 = SHAPE_DEFINITION_REPRESENTATION(#1098,#1104);
#1098 = PRODUCT_DEFINITION_SHAPE('','',#1099);
#1099 = PRODUCT_DEFINITION('design','',#1100,#1103);
#1100 = PRODUCT_DEFINITION_FORMATION('','',#1101);
#1101 = PRODUCT('P06 Lower circular maple shelf — no opening',
  'P06 Lower circular maple shelf — no opening','',(#1102));
#1102 = PRODUCT_CONTEXT('',#2,'mechanical');
#1103 = PRODUCT_DEFINITION_CONTEXT('part definition',#2,'design');
#1104 = ADVANCED_BREP_SHAPE_REPRESENTATION('',(#11,#1105),#1158);
#1105 = MANIFOLD_SOLID_BREP('',#1106);
#1106 = CLOSED_SHELL('',(#1107,#1140,#1149));
#1107 = ADVANCED_FACE('',(#1108),#1135,.T.);
#1108 = FACE_BOUND('',#1109,.T.);
#1109 = EDGE_LOOP('',(#1110,#1119,#1127,#1134));
#1110 = ORIENTED_EDGE('',*,*,#1111,.F.);
#1111 = EDGE_CURVE('',#1112,#1112,#1114,.T.);
#1112 = VERTEX_POINT('',#1113);
#1113 = CARTESIAN_POINT('',(260.,-6.368163355566E-14,300.));
#1114 = CIRCLE('',#1115,260.);
#1115 = AXIS2_PLACEMENT_3D('',#1116,#1117,#1118);
#1116 = CARTESIAN_POINT('',(0.,0.,300.));
#1117 = DIRECTION('',(0.,0.,1.));
#1118 = DIRECTION('',(1.,0.,-0.));
#1119 = ORIENTED_EDGE('',*,*,#1120,.F.);
#1120 = EDGE_CURVE('',#1121,#1112,#1123,.T.);
#1121 = VERTEX_POINT('',#1122);
#1122 = CARTESIAN_POINT('',(260.,-6.368163355566E-14,280.));
#1123 = LINE('',#1124,#1125);
#1124 = CARTESIAN_POINT('',(260.,-6.368163355566E-14,280.));
#1125 = VECTOR('',#1126,1.);
#1126 = DIRECTION('',(0.,0.,1.));
#1127 = ORIENTED_EDGE('',*,*,#1128,.T.);
#1128 = EDGE_CURVE('',#1121,#1121,#1129,.T.);
#1129 = CIRCLE('',#1130,260.);
#1130 = AXIS2_PLACEMENT_3D('',#1131,#1132,#1133);
#1131 = CARTESIAN_POINT('',(0.,0.,280.));
#1132 = DIRECTION('',(0.,0.,1.));
#1133 = DIRECTION('',(1.,0.,-0.));
#1134 = ORIENTED_EDGE('',*,*,#1120,.T.);
#1135 = CYLINDRICAL_SURFACE('',#1136,260.);
#1136 = AXIS2_PLACEMENT_3D('',#1137,#1138,#1139);
#1137 = CARTESIAN_POINT('',(0.,0.,280.));
#1138 = DIRECTION('',(0.,0.,1.));
#1139 = DIRECTION('',(1.,0.,-0.));
#1140 = ADVANCED_FACE('',(#1141),#1144,.T.);
#1141 = FACE_BOUND('',#1142,.T.);
#1142 = EDGE_LOOP('',(#1143));
#1143 = ORIENTED_EDGE('',*,*,#1111,.T.);
#1144 = PLANE('',#1145);
#1145 = AXIS2_PLACEMENT_3D('',#1146,#1147,#1148);
#1146 = CARTESIAN_POINT('',(0.,0.,300.));
#1147 = DIRECTION('',(0.,0.,1.));
#1148 = DIRECTION('',(1.,0.,-0.));
#1149 = ADVANCED_FACE('',(#1150),#1153,.F.);
#1150 = FACE_BOUND('',#1151,.T.);
#1151 = EDGE_LOOP('',(#1152));
#1152 = ORIENTED_EDGE('',*,*,#1128,.F.);
#1153 = PLANE('',#1154);
#1154 = AXIS2_PLACEMENT_3D('',#1155,#1156,#1157);
#1155 = CARTESIAN_POINT('',(0.,0.,280.));
#1156 = DIRECTION('',(0.,0.,1.));
#1157 = DIRECTION('',(1.,0.,-0.));
#1158 = ( GEOMETRIC_REPRESENTATION_CONTEXT(3) 
GLOBAL_UNCERTAINTY_ASSIGNED_CONTEXT((#1162)) 
GLOBAL_UNIT_ASSIGNED_CONTEXT((#1159,#1160,#1161)) REPRESENTATION_CONTEXT
('Context #1','3D Context with UNIT and UNCERTAINTY') );
#1159 = ( LENGTH_UNIT() NAMED_UNIT(*) SI_UNIT(.MILLI.,.METRE.) );
#1160 = ( NAMED_UNIT(*) PLANE_ANGLE_UNIT() SI_UNIT($,.RADIAN.) );
#1161 = ( NAMED_UNIT(*) SI_UNIT($,.STERADIAN.) SOLID_ANGLE_UNIT() );
#1162 = UNCERTAINTY_MEASURE_WITH_UNIT(LENGTH_MEASURE(1.E-07),#1159,
  'distance_accuracy_value','confusion accuracy');
#1163 = CONTEXT_DEPENDENT_SHAPE_REPRESENTATION(#1164,#1166);
#1164 = ( REPRESENTATION_RELATIONSHIP('','',#1104,#10) 
REPRESENTATION_RELATIONSHIP_WITH_TRANSFORMATION(#1165) 
SHAPE_REPRESENTATION_RELATIONSHIP() );
#1165 = ITEM_DEFINED_TRANSFORMATION('','',#11,#35);
#1166 = PRODUCT_DEFINITION_SHAPE('Placement','Placement of an item',
  #1167);
#1167 = NEXT_ASSEMBLY_USAGE_OCCURRENCE('6',
  'P06 Lower circular maple shelf — no opening','',#5,#1099,$);
#1168 = PRODUCT_RELATED_PRODUCT_CATEGORY('part',$,(#1101));
#1169 = SHAPE_DEFINITION_REPRESENTATION(#1170,#1176);
#1170 = PRODUCT_DEFINITION_SHAPE('','',#1171);
#1171 = PRODUCT_DEFINITION('design','',#1172,#1175);
#1172 = PRODUCT_DEFINITION_FORMATION('','',#1173);
#1173 = PRODUCT('P07 Arched blade 45 / maple segment 1',
  'P07 Arched blade 45 / maple segment 1','',(#1174));
#1174 = PRODUCT_CONTEXT('',#2,'mechanical');
#1175 = PRODUCT_DEFINITION_CONTEXT('part definition',#2,'design');
#1176 = ADVANCED_BREP_SHAPE_REPRESENTATION('',(#11,#1177),#1459);
#1177 = MANIFOLD_SOLID_BREP('',#1178);
#1178 = CLOSED_SHELL('',(#1179,#1251,#1282,#1306,#1330,#1354,#1378,#1402
    ,#1426,#1443));
#1179 = ADVANCED_FACE('',(#1180),#1246,.F.);
#1180 = FACE_BOUND('',#1181,.F.);
#1181 = EDGE_LOOP('',(#1182,#1192,#1200,#1208,#1216,#1224,#1232,#1240));
#1182 = ORIENTED_EDGE('',*,*,#1183,.F.);
#1183 = EDGE_CURVE('',#1184,#1186,#1188,.T.);
#1184 = VERTEX_POINT('',#1185);
#1185 = CARTESIAN_POINT('',(229.80970388562,144.95689014324,18.));
#1186 = VERTEX_POINT('',#1187);
#1187 = CARTESIAN_POINT('',(229.80970388562,144.95689014324,
    353.90524980688));
#1188 = LINE('',#1189,#1190);
#1189 = CARTESIAN_POINT('',(229.80970388562,144.95689014324,18.));
#1190 = VECTOR('',#1191,1.);
#1191 = DIRECTION('',(0.,0.,1.));
#1192 = ORIENTED_EDGE('',*,*,#1193,.T.);
#1193 = EDGE_CURVE('',#1184,#1194,#1196,.T.);
#1194 = VERTEX_POINT('',#1195);
#1195 = CARTESIAN_POINT('',(197.28279195104,177.48380207782,18.));
#1196 = LINE('',#1197,#1198);
#1197 = CARTESIAN_POINT('',(229.80970388562,144.95689014324,18.));
#1198 = VECTOR('',#1199,1.);
#1199 = DIRECTION('',(-0.707106781187,0.707106781187,0.));
#1200 = ORIENTED_EDGE('',*,*,#1201,.T.);
#1201 = EDGE_CURVE('',#1194,#1202,#1204,.T.);
#1202 = VERTEX_POINT('',#1203);
#1203 = CARTESIAN_POINT('',(197.28279195104,177.48380207782,284.));
#1204 = LINE('',#1205,#1206);
#1205 = CARTESIAN_POINT('',(197.28279195104,177.48380207782,18.));
#1206 = VECTOR('',#1207,1.);
#1207 = DIRECTION('',(0.,0.,1.));
#1208 = ORIENTED_EDGE('',*,*,#1209,.F.);
#1209 = EDGE_CURVE('',#1210,#1202,#1212,.T.);
#1210 = VERTEX_POINT('',#1211);
#1211 = CARTESIAN_POINT('',(177.48380207782,197.28279195104,284.));
#1212 = LINE('',#1213,#1214);
#1213 = CARTESIAN_POINT('',(213.54624791833,161.22034611053,284.));
#1214 = VECTOR('',#1215,1.);
#1215 = DIRECTION('',(0.707106781187,-0.707106781187,0.));
#1216 = ORIENTED_EDGE('',*,*,#1217,.F.);
#1217 = EDGE_CURVE('',#1218,#1210,#1220,.T.);
#1218 = VERTEX_POINT('',#1219);
#1219 = CARTESIAN_POINT('',(177.48380207782,197.28279195104,18.));
#1220 = LINE('',#1221,#1222);
#1221 = CARTESIAN_POINT('',(177.48380207782,197.28279195104,18.));
#1222 = VECTOR('',#1223,1.);
#1223 = DIRECTION('',(0.,0.,1.));
#1224 = ORIENTED_EDGE('',*,*,#1225,.T.);
#1225 = EDGE_CURVE('',#1218,#1226,#1228,.T.);
#1226 = VERTEX_POINT('',#1227);
#1227 = CARTESIAN_POINT('',(144.95689014324,229.80970388562,18.));
#1228 = LINE('',#1229,#1230);
#1229 = CARTESIAN_POINT('',(229.80970388562,144.95689014324,18.));
#1230 = VECTOR('',#1231,1.);
#1231 = DIRECTION('',(-0.707106781187,0.707106781187,0.));
#1232 = ORIENTED_EDGE('',*,*,#1233,.T.);
#1233 = EDGE_CURVE('',#1226,#1234,#1236,.T.);
#1234 = VERTEX_POINT('',#1235);
#1235 = CARTESIAN_POINT('',(144.95689014324,229.80970388562,
    353.90524980688));
#1236 = LINE('',#1237,#1238);
#1237 = CARTESIAN_POINT('',(144.95689014324,229.80970388562,18.));
#1238 = VECTOR('',#1239,1.);
#1239 = DIRECTION('',(0.,0.,1.));
#1240 = ORIENTED_EDGE('',*,*,#1241,.F.);
#1241 = EDGE_CURVE('',#1186,#1234,#1242,.T.);
#1242 = LINE('',#1243,#1244);
#1243 = CARTESIAN_POINT('',(229.80970388562,144.95689014324,
    353.90524980688));
#1244 = VECTOR('',#1245,1.);
#1245 = DIRECTION('',(-0.707106781187,0.707106781187,0.));
#1246 = PLANE('',#1247);
#1247 = AXIS2_PLACEMENT_3D('',#1248,#1249,#1250);
#1248 = CARTESIAN_POINT('',(229.80970388562,144.95689014324,18.));
#1249 = DIRECTION('',(0.707106781187,0.707106781187,0.));
#1250 = DIRECTION('',(0.,0.,1.));
#1251 = ADVANCED_FACE('',(#1252),#1277,.F.);
#1252 = FACE_BOUND('',#1253,.F.);
#1253 = EDGE_LOOP('',(#1254,#1262,#1263,#1271));
#1254 = ORIENTED_EDGE('',*,*,#1255,.F.);
#1255 = EDGE_CURVE('',#1184,#1256,#1258,.T.);
#1256 = VERTEX_POINT('',#1257);
#1257 = CARTESIAN_POINT('',(243.95183950935,159.09902576697,18.));
#1258 = LINE('',#1259,#1260);
#1259 = CARTESIAN_POINT('',(229.80970388562,144.95689014324,18.));
#1260 = VECTOR('',#1261,1.);
#1261 = DIRECTION('',(0.707106781187,0.707106781187,0.));
#1262 = ORIENTED_EDGE('',*,*,#1183,.T.);
#1263 = ORIENTED_EDGE('',*,*,#1264,.T.);
#1264 = EDGE_CURVE('',#1186,#1265,#1267,.T.);
#1265 = VERTEX_POINT('',#1266);
#1266 = CARTESIAN_POINT('',(243.95183950935,159.09902576697,
    353.90524980688));
#1267 = LINE('',#1268,#1269);
#1268 = CARTESIAN_POINT('',(229.80970388562,144.95689014324,
    353.90524980688));
#1269 = VECTOR('',#1270,1.);
#1270 = DIRECTION('',(0.707106781187,0.707106781187,0.));
#1271 = ORIENTED_EDGE('',*,*,#1272,.F.);
#1272 = EDGE_CURVE('',#1256,#1265,#1273,.T.);
#1273 = LINE('',#1274,#1275);
#1274 = CARTESIAN_POINT('',(243.95183950935,159.09902576697,18.));
#1275 = VECTOR('',#1276,1.);
#1276 = DIRECTION('',(0.,0.,1.));
#1277 = PLANE('',#1278);
#1278 = AXIS2_PLACEMENT_3D('',#1279,#1280,#1281);
#1279 = CARTESIAN_POINT('',(229.80970388562,144.95689014324,18.));
#1280 = DIRECTION('',(-0.707106781187,0.707106781187,0.));
#1281 = DIRECTION('',(0.,0.,1.));
#1282 = ADVANCED_FACE('',(#1283),#1301,.T.);
#1283 = FACE_BOUND('',#1284,.T.);
#1284 = EDGE_LOOP('',(#1285,#1286,#1287,#1295));
#1285 = ORIENTED_EDGE('',*,*,#1241,.F.);
#1286 = ORIENTED_EDGE('',*,*,#1264,.T.);
#1287 = ORIENTED_EDGE('',*,*,#1288,.T.);
#1288 = EDGE_CURVE('',#1265,#1289,#1291,.T.);
#1289 = VERTEX_POINT('',#1290);
#1290 = CARTESIAN_POINT('',(159.09902576697,243.95183950935,
    353.90524980688));
#1291 = LINE('',#1292,#1293);
#1292 = CARTESIAN_POINT('',(243.95183950935,159.09902576697,
    353.90524980688));
#1293 = VECTOR('',#1294,1.);
#1294 = DIRECTION('',(-0.707106781187,0.707106781187,0.));
#1295 = ORIENTED_EDGE('',*,*,#1296,.F.);
#1296 = EDGE_CURVE('',#1234,#1289,#1297,.T.);
#1297 = LINE('',#1298,#1299);
#1298 = CARTESIAN_POINT('',(144.95689014324,229.80970388562,
    353.90524980688));
#1299 = VECTOR('',#1300,1.);
#1300 = DIRECTION('',(0.707106781187,0.707106781187,0.));
#1301 = PLANE('',#1302);
#1302 = AXIS2_PLACEMENT_3D('',#1303,#1304,#1305);
#1303 = CARTESIAN_POINT('',(229.80970388562,144.95689014324,
    353.90524980688));
#1304 = DIRECTION('',(0.,0.,1.));
#1305 = DIRECTION('',(0.707106781187,0.707106781187,0.));
#1306 = ADVANCED_FACE('',(#1307),#1325,.T.);
#1307 = FACE_BOUND('',#1308,.T.);
#1308 = EDGE_LOOP('',(#1309,#1317,#1318,#1319));
#1309 = ORIENTED_EDGE('',*,*,#1310,.F.);
#1310 = EDGE_CURVE('',#1226,#1311,#1313,.T.);
#1311 = VERTEX_POINT('',#1312);
#1312 = CARTESIAN_POINT('',(159.09902576697,243.95183950935,18.));
#1313 = LINE('',#1314,#1315);
#1314 = CARTESIAN_POINT('',(144.95689014324,229.80970388562,18.));
#1315 = VECTOR('',#1316,1.);
#1316 = DIRECTION('',(0.707106781187,0.707106781187,0.));
#1317 = ORIENTED_EDGE('',*,*,#1233,.T.);
#1318 = ORIENTED_EDGE('',*,*,#1296,.T.);
#1319 = ORIENTED_EDGE('',*,*,#1320,.F.);
#1320 = EDGE_CURVE('',#1311,#1289,#1321,.T.);
#1321 = LINE('',#1322,#1323);
#1322 = CARTESIAN_POINT('',(159.09902576697,243.95183950935,18.));
#1323 = VECTOR('',#1324,1.);
#1324 = DIRECTION('',(0.,0.,1.));
#1325 = PLANE('',#1326);
#1326 = AXIS2_PLACEMENT_3D('',#1327,#1328,#1329);
#1327 = CARTESIAN_POINT('',(144.95689014324,229.80970388562,18.));
#1328 = DIRECTION('',(-0.707106781187,0.707106781187,0.));
#1329 = DIRECTION('',(0.,0.,1.));
#1330 = ADVANCED_FACE('',(#1331),#1349,.F.);
#1331 = FACE_BOUND('',#1332,.F.);
#1332 = EDGE_LOOP('',(#1333,#1334,#1342,#1348));
#1333 = ORIENTED_EDGE('',*,*,#1225,.F.);
#1334 = ORIENTED_EDGE('',*,*,#1335,.T.);
#1335 = EDGE_CURVE('',#1218,#1336,#1338,.T.);
#1336 = VERTEX_POINT('',#1337);
#1337 = CARTESIAN_POINT('',(191.62593770155,211.42492757477,18.));
#1338 = LINE('',#1339,#1340);
#1339 = CARTESIAN_POINT('',(176.77669529663,196.57568516986,18.));
#1340 = VECTOR('',#1341,1.);
#1341 = DIRECTION('',(0.707106781187,0.707106781187,0.));
#1342 = ORIENTED_EDGE('',*,*,#1343,.T.);
#1343 = EDGE_CURVE('',#1336,#1311,#1344,.T.);
#1344 = LINE('',#1345,#1346);
#1345 = CARTESIAN_POINT('',(243.95183950935,159.09902576697,18.));
#1346 = VECTOR('',#1347,1.);
#1347 = DIRECTION('',(-0.707106781187,0.707106781187,0.));
#1348 = ORIENTED_EDGE('',*,*,#1310,.F.);
#1349 = PLANE('',#1350);
#1350 = AXIS2_PLACEMENT_3D('',#1351,#1352,#1353);
#1351 = CARTESIAN_POINT('',(229.80970388562,144.95689014324,18.));
#1352 = DIRECTION('',(0.,0.,1.));
#1353 = DIRECTION('',(0.707106781187,0.707106781187,0.));
#1354 = ADVANCED_FACE('',(#1355),#1373,.F.);
#1355 = FACE_BOUND('',#1356,.F.);
#1356 = EDGE_LOOP('',(#1357,#1358,#1359,#1367));
#1357 = ORIENTED_EDGE('',*,*,#1335,.F.);
#1358 = ORIENTED_EDGE('',*,*,#1217,.T.);
#1359 = ORIENTED_EDGE('',*,*,#1360,.T.);
#1360 = EDGE_CURVE('',#1210,#1361,#1363,.T.);
#1361 = VERTEX_POINT('',#1362);
#1362 = CARTESIAN_POINT('',(191.62593770155,211.42492757477,284.));
#1363 = LINE('',#1364,#1365);
#1364 = CARTESIAN_POINT('',(176.77669529663,196.57568516986,284.));
#1365 = VECTOR('',#1366,1.);
#1366 = DIRECTION('',(0.707106781187,0.707106781187,0.));
#1367 = ORIENTED_EDGE('',*,*,#1368,.F.);
#1368 = EDGE_CURVE('',#1336,#1361,#1369,.T.);
#1369 = LINE('',#1370,#1371);
#1370 = CARTESIAN_POINT('',(191.62593770155,211.42492757477,18.));
#1371 = VECTOR('',#1372,1.);
#1372 = DIRECTION('',(0.,0.,1.));
#1373 = PLANE('',#1374);
#1374 = AXIS2_PLACEMENT_3D('',#1375,#1376,#1377);
#1375 = CARTESIAN_POINT('',(176.77669529663,196.57568516986,18.));
#1376 = DIRECTION('',(-0.707106781187,0.707106781187,0.));
#1377 = DIRECTION('',(0.,0.,1.));
#1378 = ADVANCED_FACE('',(#1379),#1397,.F.);
#1379 = FACE_BOUND('',#1380,.F.);
#1380 = EDGE_LOOP('',(#1381,#1382,#1383,#1391));
#1381 = ORIENTED_EDGE('',*,*,#1360,.F.);
#1382 = ORIENTED_EDGE('',*,*,#1209,.T.);
#1383 = ORIENTED_EDGE('',*,*,#1384,.T.);
#1384 = EDGE_CURVE('',#1202,#1385,#1387,.T.);
#1385 = VERTEX_POINT('',#1386);
#1386 = CARTESIAN_POINT('',(211.42492757477,191.62593770155,284.));
#1387 = LINE('',#1388,#1389);
#1388 = CARTESIAN_POINT('',(196.57568516986,176.77669529663,284.));
#1389 = VECTOR('',#1390,1.);
#1390 = DIRECTION('',(0.707106781187,0.707106781187,0.));
#1391 = ORIENTED_EDGE('',*,*,#1392,.F.);
#1392 = EDGE_CURVE('',#1361,#1385,#1393,.T.);
#1393 = LINE('',#1394,#1395);
#1394 = CARTESIAN_POINT('',(227.68838354206,175.36248173426,284.));
#1395 = VECTOR('',#1396,1.);
#1396 = DIRECTION('',(0.707106781187,-0.707106781187,0.));
#1397 = PLANE('',#1398);
#1398 = AXIS2_PLACEMENT_3D('',#1399,#1400,#1401);
#1399 = CARTESIAN_POINT('',(196.57568516986,176.77669529663,284.));
#1400 = DIRECTION('',(0.,0.,1.));
#1401 = DIRECTION('',(0.707106781187,0.707106781187,0.));
#1402 = ADVANCED_FACE('',(#1403),#1421,.T.);
#1403 = FACE_BOUND('',#1404,.T.);
#1404 = EDGE_LOOP('',(#1405,#1413,#1414,#1415));
#1405 = ORIENTED_EDGE('',*,*,#1406,.F.);
#1406 = EDGE_CURVE('',#1194,#1407,#1409,.T.);
#1407 = VERTEX_POINT('',#1408);
#1408 = CARTESIAN_POINT('',(211.42492757477,191.62593770155,18.));
#1409 = LINE('',#1410,#1411);
#1410 = CARTESIAN_POINT('',(196.57568516986,176.77669529663,18.));
#1411 = VECTOR('',#1412,1.);
#1412 = DIRECTION('',(0.707106781187,0.707106781187,0.));
#1413 = ORIENTED_EDGE('',*,*,#1201,.T.);
#1414 = ORIENTED_EDGE('',*,*,#1384,.T.);
#1415 = ORIENTED_EDGE('',*,*,#1416,.F.);
#1416 = EDGE_CURVE('',#1407,#1385,#1417,.T.);
#1417 = LINE('',#1418,#1419);
#1418 = CARTESIAN_POINT('',(211.42492757477,191.62593770155,18.));
#1419 = VECTOR('',#1420,1.);
#1420 = DIRECTION('',(0.,0.,1.));
#1421 = PLANE('',#1422);
#1422 = AXIS2_PLACEMENT_3D('',#1423,#1424,#1425);
#1423 = CARTESIAN_POINT('',(196.57568516986,176.77669529663,18.));
#1424 = DIRECTION('',(-0.707106781187,0.707106781187,0.));
#1425 = DIRECTION('',(0.,0.,1.));
#1426 = ADVANCED_FACE('',(#1427),#1438,.F.);
#1427 = FACE_BOUND('',#1428,.F.);
#1428 = EDGE_LOOP('',(#1429,#1430,#1431,#1437));
#1429 = ORIENTED_EDGE('',*,*,#1193,.F.);
#1430 = ORIENTED_EDGE('',*,*,#1255,.T.);
#1431 = ORIENTED_EDGE('',*,*,#1432,.T.);
#1432 = EDGE_CURVE('',#1256,#1407,#1433,.T.);
#1433 = LINE('',#1434,#1435);
#1434 = CARTESIAN_POINT('',(243.95183950935,159.09902576697,18.));
#1435 = VECTOR('',#1436,1.);
#1436 = DIRECTION('',(-0.707106781187,0.707106781187,0.));
#1437 = ORIENTED_EDGE('',*,*,#1406,.F.);
#1438 = PLANE('',#1439);
#1439 = AXIS2_PLACEMENT_3D('',#1440,#1441,#1442);
#1440 = CARTESIAN_POINT('',(229.80970388562,144.95689014324,18.));
#1441 = DIRECTION('',(0.,0.,1.));
#1442 = DIRECTION('',(0.707106781187,0.707106781187,0.));
#1443 = ADVANCED_FACE('',(#1444),#1454,.T.);
#1444 = FACE_BOUND('',#1445,.T.);
#1445 = EDGE_LOOP('',(#1446,#1447,#1448,#1449,#1450,#1451,#1452,#1453));
#1446 = ORIENTED_EDGE('',*,*,#1272,.F.);
#1447 = ORIENTED_EDGE('',*,*,#1432,.T.);
#1448 = ORIENTED_EDGE('',*,*,#1416,.T.);
#1449 = ORIENTED_EDGE('',*,*,#1392,.F.);
#1450 = ORIENTED_EDGE('',*,*,#1368,.F.);
#1451 = ORIENTED_EDGE('',*,*,#1343,.T.);
#1452 = ORIENTED_EDGE('',*,*,#1320,.T.);
#1453 = ORIENTED_EDGE('',*,*,#1288,.F.);
#1454 = PLANE('',#1455);
#1455 = AXIS2_PLACEMENT_3D('',#1456,#1457,#1458);
#1456 = CARTESIAN_POINT('',(243.95183950935,159.09902576697,18.));
#1457 = DIRECTION('',(0.707106781187,0.707106781187,0.));
#1458 = DIRECTION('',(0.,0.,1.));
#1459 = ( GEOMETRIC_REPRESENTATION_CONTEXT(3) 
GLOBAL_UNCERTAINTY_ASSIGNED_CONTEXT((#1463)) 
GLOBAL_UNIT_ASSIGNED_CONTEXT((#1460,#1461,#1462)) REPRESENTATION_CONTEXT
('Context #1','3D Context with UNIT and UNCERTAINTY') );
#1460 = ( LENGTH_UNIT() NAMED_UNIT(*) SI_UNIT(.MILLI.,.METRE.) );
#1461 = ( NAMED_UNIT(*) PLANE_ANGLE_UNIT() SI_UNIT($,.RADIAN.) );
#1462 = ( NAMED_UNIT(*) SI_UNIT($,.STERADIAN.) SOLID_ANGLE_UNIT() );
#1463 = UNCERTAINTY_MEASURE_WITH_UNIT(LENGTH_MEASURE(1.E-07),#1460,
  'distance_accuracy_value','confusion accuracy');
#1464 = CONTEXT_DEPENDENT_SHAPE_REPRESENTATION(#1465,#1467);
#1465 = ( REPRESENTATION_RELATIONSHIP('','',#1176,#10) 
REPRESENTATION_RELATIONSHIP_WITH_TRANSFORMATION(#1466) 
SHAPE_REPRESENTATION_RELATIONSHIP() );
#1466 = ITEM_DEFINED_TRANSFORMATION('','',#11,#39);
#1467 = PRODUCT_DEFINITION_SHAPE('Placement','Placement of an item',
  #1468);
#1468 = NEXT_ASSEMBLY_USAGE_OCCURRENCE('7',
  'P07 Arched blade 45 / maple segment 1','',#5,#1171,$);
#1469 = PRODUCT_RELATED_PRODUCT_CATEGORY('part',$,(#1173));
#1470 = SHAPE_DEFINITION_REPRESENTATION(#1471,#1477);
#1471 = PRODUCT_DEFINITION_SHAPE('','',#1472);
#1472 = PRODUCT_DEFINITION('design','',#1473,#1476);
#1473 = PRODUCT_DEFINITION_FORMATION('','',#1474);
#1474 = PRODUCT('P08 Arched blade 45 / maple segment 2',
  'P08 Arched blade 45 / maple segment 2','',(#1475));
#1475 = PRODUCT_CONTEXT('',#2,'mechanical');
#1476 = PRODUCT_DEFINITION_CONTEXT('part definition',#2,'design');
#1477 = ADVANCED_BREP_SHAPE_REPRESENTATION('',(#11,#1478),#1628);
#1478 = MANIFOLD_SOLID_BREP('',#1479);
#1479 = CLOSED_SHELL('',(#1480,#1520,#1551,#1575,#1599,#1616));
#1480 = ADVANCED_FACE('',(#1481),#1515,.F.);
#1481 = FACE_BOUND('',#1482,.F.);
#1482 = EDGE_LOOP('',(#1483,#1493,#1501,#1509));
#1483 = ORIENTED_EDGE('',*,*,#1484,.F.);
#1484 = EDGE_CURVE('',#1485,#1487,#1489,.T.);
#1485 = VERTEX_POINT('',#1486);
#1486 = CARTESIAN_POINT('',(229.80970388562,144.95689014324,
    367.90524980688));
#1487 = VERTEX_POINT('',#1488);
#1488 = CARTESIAN_POINT('',(229.80970388562,144.95689014324,
    381.90524980688));
#1489 = LINE('',#1490,#1491);
#1490 = CARTESIAN_POINT('',(229.80970388562,144.95689014324,18.));
#1491 = VECTOR('',#1492,1.);
#1492 = DIRECTION('',(0.,0.,1.));
#1493 = ORIENTED_EDGE('',*,*,#1494,.T.);
#1494 = EDGE_CURVE('',#1485,#1495,#1497,.T.);
#1495 = VERTEX_POINT('',#1496);
#1496 = CARTESIAN_POINT('',(144.95689014324,229.80970388562,
    367.90524980688));
#1497 = LINE('',#1498,#1499);
#1498 = CARTESIAN_POINT('',(229.80970388562,144.95689014324,
    367.90524980688));
#1499 = VECTOR('',#1500,1.);
#1500 = DIRECTION('',(-0.707106781187,0.707106781187,0.));
#1501 = ORIENTED_EDGE('',*,*,#1502,.T.);
#1502 = EDGE_CURVE('',#1495,#1503,#1505,.T.);
#1503 = VERTEX_POINT('',#1504);
#1504 = CARTESIAN_POINT('',(144.95689014324,229.80970388562,
    381.90524980688));
#1505 = LINE('',#1506,#1507);
#1506 = CARTESIAN_POINT('',(144.95689014324,229.80970388562,18.));
#1507 = VECTOR('',#1508,1.);
#1508 = DIRECTION('',(0.,0.,1.));
#1509 = ORIENTED_EDGE('',*,*,#1510,.F.);
#1510 = EDGE_CURVE('',#1487,#1503,#1511,.T.);
#1511 = LINE('',#1512,#1513);
#1512 = CARTESIAN_POINT('',(229.80970388562,144.95689014324,
    381.90524980688));
#1513 = VECTOR('',#1514,1.);
#1514 = DIRECTION('',(-0.707106781187,0.707106781187,0.));
#1515 = PLANE('',#1516);
#1516 = AXIS2_PLACEMENT_3D('',#1517,#1518,#1519);
#1517 = CARTESIAN_POINT('',(229.80970388562,144.95689014324,18.));
#1518 = DIRECTION('',(0.707106781187,0.707106781187,0.));
#1519 = DIRECTION('',(0.,0.,1.));
#1520 = ADVANCED_FACE('',(#1521),#1546,.F.);
#1521 = FACE_BOUND('',#1522,.F.);
#1522 = EDGE_LOOP('',(#1523,#1531,#1532,#1540));
#1523 = ORIENTED_EDGE('',*,*,#1524,.F.);
#1524 = EDGE_CURVE('',#1485,#1525,#1527,.T.);
#1525 = VERTEX_POINT('',#1526);
#1526 = CARTESIAN_POINT('',(243.95183950935,159.09902576697,
    367.90524980688));
#1527 = LINE('',#1528,#1529);
#1528 = CARTESIAN_POINT('',(229.80970388562,144.95689014324,
    367.90524980688));
#1529 = VECTOR('',#1530,1.);
#1530 = DIRECTION('',(0.707106781187,0.707106781187,0.));
#1531 = ORIENTED_EDGE('',*,*,#1484,.T.);
#1532 = ORIENTED_EDGE('',*,*,#1533,.T.);
#1533 = EDGE_CURVE('',#1487,#1534,#1536,.T.);
#1534 = VERTEX_POINT('',#1535);
#1535 = CARTESIAN_POINT('',(243.95183950935,159.09902576697,
    381.90524980688));
#1536 = LINE('',#1537,#1538);
#1537 = CARTESIAN_POINT('',(229.80970388562,144.95689014324,
    381.90524980688));
#1538 = VECTOR('',#1539,1.);
#1539 = DIRECTION('',(0.707106781187,0.707106781187,0.));
#1540 = ORIENTED_EDGE('',*,*,#1541,.F.);
#1541 = EDGE_CURVE('',#1525,#1534,#1542,.T.);
#1542 = LINE('',#1543,#1544);
#1543 = CARTESIAN_POINT('',(243.95183950935,159.09902576697,18.));
#1544 = VECTOR('',#1545,1.);
#1545 = DIRECTION('',(0.,0.,1.));
#1546 = PLANE('',#1547);
#1547 = AXIS2_PLACEMENT_3D('',#1548,#1549,#1550);
#1548 = CARTESIAN_POINT('',(229.80970388562,144.95689014324,18.));
#1549 = DIRECTION('',(-0.707106781187,0.707106781187,0.));
#1550 = DIRECTION('',(0.,0.,1.));
#1551 = ADVANCED_FACE('',(#1552),#1570,.T.);
#1552 = FACE_BOUND('',#1553,.T.);
#1553 = EDGE_LOOP('',(#1554,#1555,#1556,#1564));
#1554 = ORIENTED_EDGE('',*,*,#1510,.F.);
#1555 = ORIENTED_EDGE('',*,*,#1533,.T.);
#1556 = ORIENTED_EDGE('',*,*,#1557,.T.);
#1557 = EDGE_CURVE('',#1534,#1558,#1560,.T.);
#1558 = VERTEX_POINT('',#1559);
#1559 = CARTESIAN_POINT('',(159.09902576697,243.95183950935,
    381.90524980688));
#1560 = LINE('',#1561,#1562);
#1561 = CARTESIAN_POINT('',(243.95183950935,159.09902576697,
    381.90524980688));
#1562 = VECTOR('',#1563,1.);
#1563 = DIRECTION('',(-0.707106781187,0.707106781187,0.));
#1564 = ORIENTED_EDGE('',*,*,#1565,.F.);
#1565 = EDGE_CURVE('',#1503,#1558,#1566,.T.);
#1566 = LINE('',#1567,#1568);
#1567 = CARTESIAN_POINT('',(144.95689014324,229.80970388562,
    381.90524980688));
#1568 = VECTOR('',#1569,1.);
#1569 = DIRECTION('',(0.707106781187,0.707106781187,0.));
#1570 = PLANE('',#1571);
#1571 = AXIS2_PLACEMENT_3D('',#1572,#1573,#1574);
#1572 = CARTESIAN_POINT('',(229.80970388562,144.95689014324,
    381.90524980688));
#1573 = DIRECTION('',(0.,0.,1.));
#1574 = DIRECTION('',(0.707106781187,0.707106781187,0.));
#1575 = ADVANCED_FACE('',(#1576),#1594,.T.);
#1576 = FACE_BOUND('',#1577,.T.);
#1577 = EDGE_LOOP('',(#1578,#1586,#1587,#1588));
#1578 = ORIENTED_EDGE('',*,*,#1579,.F.);
#1579 = EDGE_CURVE('',#1495,#1580,#1582,.T.);
#1580 = VERTEX_POINT('',#1581);
#1581 = CARTESIAN_POINT('',(159.09902576697,243.95183950935,
    367.90524980688));
#1582 = LINE('',#1583,#1584);
#1583 = CARTESIAN_POINT('',(144.95689014324,229.80970388562,
    367.90524980688));
#1584 = VECTOR('',#1585,1.);
#1585 = DIRECTION('',(0.707106781187,0.707106781187,0.));
#1586 = ORIENTED_EDGE('',*,*,#1502,.T.);
#1587 = ORIENTED_EDGE('',*,*,#1565,.T.);
#1588 = ORIENTED_EDGE('',*,*,#1589,.F.);
#1589 = EDGE_CURVE('',#1580,#1558,#1590,.T.);
#1590 = LINE('',#1591,#1592);
#1591 = CARTESIAN_POINT('',(159.09902576697,243.95183950935,18.));
#1592 = VECTOR('',#1593,1.);
#1593 = DIRECTION('',(0.,0.,1.));
#1594 = PLANE('',#1595);
#1595 = AXIS2_PLACEMENT_3D('',#1596,#1597,#1598);
#1596 = CARTESIAN_POINT('',(144.95689014324,229.80970388562,18.));
#1597 = DIRECTION('',(-0.707106781187,0.707106781187,0.));
#1598 = DIRECTION('',(0.,0.,1.));
#1599 = ADVANCED_FACE('',(#1600),#1611,.F.);
#1600 = FACE_BOUND('',#1601,.F.);
#1601 = EDGE_LOOP('',(#1602,#1603,#1604,#1610));
#1602 = ORIENTED_EDGE('',*,*,#1494,.F.);
#1603 = ORIENTED_EDGE('',*,*,#1524,.T.);
#1604 = ORIENTED_EDGE('',*,*,#1605,.T.);
#1605 = EDGE_CURVE('',#1525,#1580,#1606,.T.);
#1606 = LINE('',#1607,#1608);
#1607 = CARTESIAN_POINT('',(243.95183950935,159.09902576697,
    367.90524980688));
#1608 = VECTOR('',#1609,1.);
#1609 = DIRECTION('',(-0.707106781187,0.707106781187,0.));
#1610 = ORIENTED_EDGE('',*,*,#1579,.F.);
#1611 = PLANE('',#1612);
#1612 = AXIS2_PLACEMENT_3D('',#1613,#1614,#1615);
#1613 = CARTESIAN_POINT('',(229.80970388562,144.95689014324,
    367.90524980688));
#1614 = DIRECTION('',(0.,0.,1.));
#1615 = DIRECTION('',(0.707106781187,0.707106781187,0.));
#1616 = ADVANCED_FACE('',(#1617),#1623,.T.);
#1617 = FACE_BOUND('',#1618,.T.);
#1618 = EDGE_LOOP('',(#1619,#1620,#1621,#1622));
#1619 = ORIENTED_EDGE('',*,*,#1541,.F.);
#1620 = ORIENTED_EDGE('',*,*,#1605,.T.);
#1621 = ORIENTED_EDGE('',*,*,#1589,.T.);
#1622 = ORIENTED_EDGE('',*,*,#1557,.F.);
#1623 = PLANE('',#1624);
#1624 = AXIS2_PLACEMENT_3D('',#1625,#1626,#1627);
#1625 = CARTESIAN_POINT('',(243.95183950935,159.09902576697,18.));
#1626 = DIRECTION('',(0.707106781187,0.707106781187,0.));
#1627 = DIRECTION('',(0.,0.,1.));
#1628 = ( GEOMETRIC_REPRESENTATION_CONTEXT(3) 
GLOBAL_UNCERTAINTY_ASSIGNED_CONTEXT((#1632)) 
GLOBAL_UNIT_ASSIGNED_CONTEXT((#1629,#1630,#1631)) REPRESENTATION_CONTEXT
('Context #1','3D Context with UNIT and UNCERTAINTY') );
#1629 = ( LENGTH_UNIT() NAMED_UNIT(*) SI_UNIT(.MILLI.,.METRE.) );
#1630 = ( NAMED_UNIT(*) PLANE_ANGLE_UNIT() SI_UNIT($,.RADIAN.) );
#1631 = ( NAMED_UNIT(*) SI_UNIT($,.STERADIAN.) SOLID_ANGLE_UNIT() );
#1632 = UNCERTAINTY_MEASURE_WITH_UNIT(LENGTH_MEASURE(1.E-07),#1629,
  'distance_accuracy_value','confusion accuracy');
#1633 = CONTEXT_DEPENDENT_SHAPE_REPRESENTATION(#1634,#1636);
#1634 = ( REPRESENTATION_RELATIONSHIP('','',#1477,#10) 
REPRESENTATION_RELATIONSHIP_WITH_TRANSFORMATION(#1635) 
SHAPE_REPRESENTATION_RELATIONSHIP() );
#1635 = ITEM_DEFINED_TRANSFORMATION('','',#11,#43);
#1636 = PRODUCT_DEFINITION_SHAPE('Placement','Placement of an item',
  #1637);
#1637 = NEXT_ASSEMBLY_USAGE_OCCURRENCE('8',
  'P08 Arched blade 45 / maple segment 2','',#5,#1472,$);
#1638 = PRODUCT_RELATED_PRODUCT_CATEGORY('part',$,(#1474));
#1639 = SHAPE_DEFINITION_REPRESENTATION(#1640,#1646);
#1640 = PRODUCT_DEFINITION_SHAPE('','',#1641);
#1641 = PRODUCT_DEFINITION('design','',#1642,#1645);
#1642 = PRODUCT_DEFINITION_FORMATION('','',#1643);
#1643 = PRODUCT('P09 Arched blade 45 / maple segment 3',
  'P09 Arched blade 45 / maple segment 3','',(#1644));
#1644 = PRODUCT_CONTEXT('',#2,'mechanical');
#1645 = PRODUCT_DEFINITION_CONTEXT('part definition',#2,'design');
#1646 = ADVANCED_BREP_SHAPE_REPRESENTATION('',(#11,#1647),#1867);
#1647 = MANIFOLD_SOLID_BREP('',#1648);
#1648 = CLOSED_SHELL('',(#1649,#1689,#1720,#1751,#1784,#1817,#1839,#1853
    ));
#1649 = ADVANCED_FACE('',(#1650),#1684,.T.);
#1650 = FACE_BOUND('',#1651,.T.);
#1651 = EDGE_LOOP('',(#1652,#1662,#1670,#1678));
#1652 = ORIENTED_EDGE('',*,*,#1653,.F.);
#1653 = EDGE_CURVE('',#1654,#1656,#1658,.T.);
#1654 = VERTEX_POINT('',#1655);
#1655 = CARTESIAN_POINT('',(144.95689014324,229.80970388562,
    395.90524980688));
#1656 = VERTEX_POINT('',#1657);
#1657 = CARTESIAN_POINT('',(159.09902576697,243.95183950935,
    395.90524980688));
#1658 = LINE('',#1659,#1660);
#1659 = CARTESIAN_POINT('',(144.95689014324,229.80970388562,
    395.90524980688));
#1660 = VECTOR('',#1661,1.);
#1661 = DIRECTION('',(0.707106781187,0.707106781187,0.));
#1662 = ORIENTED_EDGE('',*,*,#1663,.T.);
#1663 = EDGE_CURVE('',#1654,#1664,#1666,.T.);
#1664 = VERTEX_POINT('',#1665);
#1665 = CARTESIAN_POINT('',(144.95689014324,229.80970388562,
    471.90524980688));
#1666 = LINE('',#1667,#1668);
#1667 = CARTESIAN_POINT('',(144.95689014324,229.80970388562,18.));
#1668 = VECTOR('',#1669,1.);
#1669 = DIRECTION('',(0.,0.,1.));
#1670 = ORIENTED_EDGE('',*,*,#1671,.T.);
#1671 = EDGE_CURVE('',#1664,#1672,#1674,.T.);
#1672 = VERTEX_POINT('',#1673);
#1673 = CARTESIAN_POINT('',(159.09902576697,243.95183950935,
    471.90524980688));
#1674 = LINE('',#1675,#1676);
#1675 = CARTESIAN_POINT('',(144.95689014324,229.80970388562,
    471.90524980688));
#1676 = VECTOR('',#1677,1.);
#1677 = DIRECTION('',(0.707106781187,0.707106781187,0.));
#1678 = ORIENTED_EDGE('',*,*,#1679,.F.);
#1679 = EDGE_CURVE('',#1656,#1672,#1680,.T.);
#1680 = LINE('',#1681,#1682);
#1681 = CARTESIAN_POINT('',(159.09902576697,243.95183950935,18.));
#1682 = VECTOR('',#1683,1.);
#1683 = DIRECTION('',(0.,0.,1.));
#1684 = PLANE('',#1685);
#1685 = AXIS2_PLACEMENT_3D('',#1686,#1687,#1688);
#1686 = CARTESIAN_POINT('',(144.95689014324,229.80970388562,18.));
#1687 = DIRECTION('',(-0.707106781187,0.707106781187,0.));
#1688 = DIRECTION('',(0.,0.,1.));
#1689 = ADVANCED_FACE('',(#1690),#1715,.F.);
#1690 = FACE_BOUND('',#1691,.F.);
#1691 = EDGE_LOOP('',(#1692,#1700,#1708,#1714));
#1692 = ORIENTED_EDGE('',*,*,#1693,.F.);
#1693 = EDGE_CURVE('',#1694,#1654,#1696,.T.);
#1694 = VERTEX_POINT('',#1695);
#1695 = CARTESIAN_POINT('',(229.80970388562,144.95689014324,
    395.90524980688));
#1696 = LINE('',#1697,#1698);
#1697 = CARTESIAN_POINT('',(229.80970388562,144.95689014324,
    395.90524980688));
#1698 = VECTOR('',#1699,1.);
#1699 = DIRECTION('',(-0.707106781187,0.707106781187,0.));
#1700 = ORIENTED_EDGE('',*,*,#1701,.T.);
#1701 = EDGE_CURVE('',#1694,#1702,#1704,.T.);
#1702 = VERTEX_POINT('',#1703);
#1703 = CARTESIAN_POINT('',(243.95183950935,159.09902576697,
    395.90524980688));
#1704 = LINE('',#1705,#1706);
#1705 = CARTESIAN_POINT('',(229.80970388562,144.95689014324,
    395.90524980688));
#1706 = VECTOR('',#1707,1.);
#1707 = DIRECTION('',(0.707106781187,0.707106781187,0.));
#1708 = ORIENTED_EDGE('',*,*,#1709,.T.);
#1709 = EDGE_CURVE('',#1702,#1656,#1710,.T.);
#1710 = LINE('',#1711,#1712);
#1711 = CARTESIAN_POINT('',(243.95183950935,159.09902576697,
    395.90524980688));
#1712 = VECTOR('',#1713,1.);
#1713 = DIRECTION('',(-0.707106781187,0.707106781187,0.));
#1714 = ORIENTED_EDGE('',*,*,#1653,.F.);
#1715 = PLANE('',#1716);
#1716 = AXIS2_PLACEMENT_3D('',#1717,#1718,#1719);
#1717 = CARTESIAN_POINT('',(229.80970388562,144.95689014324,
    395.90524980688));
#1718 = DIRECTION('',(0.,0.,1.));
#1719 = DIRECTION('',(0.707106781187,0.707106781187,0.));
#1720 = ADVANCED_FACE('',(#1721),#1746,.F.);
#1721 = FACE_BOUND('',#1722,.F.);
#1722 = EDGE_LOOP('',(#1723,#1724,#1732,#1740));
#1723 = ORIENTED_EDGE('',*,*,#1701,.F.);
#1724 = ORIENTED_EDGE('',*,*,#1725,.T.);
#1725 = EDGE_CURVE('',#1694,#1726,#1728,.T.);
#1726 = VERTEX_POINT('',#1727);
#1727 = CARTESIAN_POINT('',(229.80970388562,144.95689014324,
    471.90524980688));
#1728 = LINE('',#1729,#1730);
#1729 = CARTESIAN_POINT('',(229.80970388562,144.95689014324,18.));
#1730 = VECTOR('',#1731,1.);
#1731 = DIRECTION('',(0.,0.,1.));
#1732 = ORIENTED_EDGE('',*,*,#1733,.T.);
#1733 = EDGE_CURVE('',#1726,#1734,#1736,.T.);
#1734 = VERTEX_POINT('',#1735);
#1735 = CARTESIAN_POINT('',(243.95183950935,159.09902576697,
    471.90524980688));
#1736 = LINE('',#1737,#1738);
#1737 = CARTESIAN_POINT('',(229.80970388562,144.95689014324,
    471.90524980688));
#1738 = VECTOR('',#1739,1.);
#1739 = DIRECTION('',(0.707106781187,0.707106781187,0.));
#1740 = ORIENTED_EDGE('',*,*,#1741,.F.);
#1741 = EDGE_CURVE('',#1702,#1734,#1742,.T.);
#1742 = LINE('',#1743,#1744);
#1743 = CARTESIAN_POINT('',(243.95183950935,159.09902576697,18.));
#1744 = VECTOR('',#1745,1.);
#1745 = DIRECTION('',(0.,0.,1.));
#1746 = PLANE('',#1747);
#1747 = AXIS2_PLACEMENT_3D('',#1748,#1749,#1750);
#1748 = CARTESIAN_POINT('',(229.80970388562,144.95689014324,18.));
#1749 = DIRECTION('',(-0.707106781187,0.707106781187,0.));
#1750 = DIRECTION('',(0.,0.,1.));
#1751 = ADVANCED_FACE('',(#1752),#1779,.T.);
#1752 = FACE_BOUND('',#1753,.T.);
#1753 = EDGE_LOOP('',(#1754,#1763,#1771,#1778));
#1754 = ORIENTED_EDGE('',*,*,#1755,.F.);
#1755 = EDGE_CURVE('',#1756,#1734,#1758,.T.);
#1756 = VERTEX_POINT('',#1757);
#1757 = CARTESIAN_POINT('',(212.13203435596,190.91883092036,530.));
#1758 = CIRCLE('',#1759,60.);
#1759 = AXIS2_PLACEMENT_3D('',#1760,#1761,#1762);
#1760 = CARTESIAN_POINT('',(201.52543263816,201.52543263816,
    471.90524980688));
#1761 = DIRECTION('',(0.707106781187,0.707106781187,-0.));
#1762 = DIRECTION('',(0.,0.,1.));
#1763 = ORIENTED_EDGE('',*,*,#1764,.F.);
#1764 = EDGE_CURVE('',#1765,#1756,#1767,.T.);
#1765 = VERTEX_POINT('',#1766);
#1766 = CARTESIAN_POINT('',(197.98989873223,176.77669529663,530.));
#1767 = LINE('',#1768,#1769);
#1768 = CARTESIAN_POINT('',(197.98989873223,176.77669529663,530.));
#1769 = VECTOR('',#1770,1.);
#1770 = DIRECTION('',(0.707106781187,0.707106781187,0.));
#1771 = ORIENTED_EDGE('',*,*,#1772,.T.);
#1772 = EDGE_CURVE('',#1765,#1726,#1773,.T.);
#1773 = CIRCLE('',#1774,60.);
#1774 = AXIS2_PLACEMENT_3D('',#1775,#1776,#1777);
#1775 = CARTESIAN_POINT('',(187.38329701443,187.38329701443,
    471.90524980688));
#1776 = DIRECTION('',(0.707106781187,0.707106781187,-0.));
#1777 = DIRECTION('',(0.,0.,1.));
#1778 = ORIENTED_EDGE('',*,*,#1733,.T.);
#1779 = CYLINDRICAL_SURFACE('',#1780,60.);
#1780 = AXIS2_PLACEMENT_3D('',#1781,#1782,#1783);
#1781 = CARTESIAN_POINT('',(187.38329701443,187.38329701443,
    471.90524980688));
#1782 = DIRECTION('',(0.707106781187,0.707106781187,0.));
#1783 = DIRECTION('',(0.,0.,1.));
#1784 = ADVANCED_FACE('',(#1785),#1812,.T.);
#1785 = FACE_BOUND('',#1786,.T.);
#1786 = EDGE_LOOP('',(#1787,#1797,#1804,#1805));
#1787 = ORIENTED_EDGE('',*,*,#1788,.T.);
#1788 = EDGE_CURVE('',#1789,#1791,#1793,.T.);
#1789 = VERTEX_POINT('',#1790);
#1790 = CARTESIAN_POINT('',(176.77669529663,197.98989873223,530.));
#1791 = VERTEX_POINT('',#1792);
#1792 = CARTESIAN_POINT('',(190.91883092036,212.13203435596,530.));
#1793 = LINE('',#1794,#1795);
#1794 = CARTESIAN_POINT('',(176.77669529663,197.98989873223,530.));
#1795 = VECTOR('',#1796,1.);
#1796 = DIRECTION('',(0.707106781187,0.707106781187,0.));
#1797 = ORIENTED_EDGE('',*,*,#1798,.F.);
#1798 = EDGE_CURVE('',#1672,#1791,#1799,.T.);
#1799 = CIRCLE('',#1800,60.);
#1800 = AXIS2_PLACEMENT_3D('',#1801,#1802,#1803);
#1801 = CARTESIAN_POINT('',(201.52543263816,201.52543263816,
    471.90524980688));
#1802 = DIRECTION('',(0.707106781187,0.707106781187,-0.));
#1803 = DIRECTION('',(0.,0.,1.));
#1804 = ORIENTED_EDGE('',*,*,#1671,.F.);
#1805 = ORIENTED_EDGE('',*,*,#1806,.T.);
#1806 = EDGE_CURVE('',#1664,#1789,#1807,.T.);
#1807 = CIRCLE('',#1808,60.);
#1808 = AXIS2_PLACEMENT_3D('',#1809,#1810,#1811);
#1809 = CARTESIAN_POINT('',(187.38329701443,187.38329701443,
    471.90524980688));
#1810 = DIRECTION('',(0.707106781187,0.707106781187,-0.));
#1811 = DIRECTION('',(0.,0.,1.));
#1812 = CYLINDRICAL_SURFACE('',#1813,60.);
#1813 = AXIS2_PLACEMENT_3D('',#1814,#1815,#1816);
#1814 = CARTESIAN_POINT('',(187.38329701443,187.38329701443,
    471.90524980688));
#1815 = DIRECTION('',(0.707106781187,0.707106781187,0.));
#1816 = DIRECTION('',(0.,0.,1.));
#1817 = ADVANCED_FACE('',(#1818),#1834,.T.);
#1818 = FACE_BOUND('',#1819,.T.);
#1819 = EDGE_LOOP('',(#1820,#1826,#1827,#1833));
#1820 = ORIENTED_EDGE('',*,*,#1821,.F.);
#1821 = EDGE_CURVE('',#1765,#1789,#1822,.T.);
#1822 = LINE('',#1823,#1824);
#1823 = CARTESIAN_POINT('',(229.80970388562,144.95689014324,530.));
#1824 = VECTOR('',#1825,1.);
#1825 = DIRECTION('',(-0.707106781187,0.707106781187,0.));
#1826 = ORIENTED_EDGE('',*,*,#1764,.T.);
#1827 = ORIENTED_EDGE('',*,*,#1828,.T.);
#1828 = EDGE_CURVE('',#1756,#1791,#1829,.T.);
#1829 = LINE('',#1830,#1831);
#1830 = CARTESIAN_POINT('',(243.95183950935,159.09902576697,530.));
#1831 = VECTOR('',#1832,1.);
#1832 = DIRECTION('',(-0.707106781187,0.707106781187,0.));
#1833 = ORIENTED_EDGE('',*,*,#1788,.F.);
#1834 = PLANE('',#1835);
#1835 = AXIS2_PLACEMENT_3D('',#1836,#1837,#1838);
#1836 = CARTESIAN_POINT('',(229.80970388562,144.95689014324,530.));
#1837 = DIRECTION('',(0.,0.,1.));
#1838 = DIRECTION('',(0.707106781187,0.707106781187,0.));
#1839 = ADVANCED_FACE('',(#1840),#1848,.T.);
#1840 = FACE_BOUND('',#1841,.T.);
#1841 = EDGE_LOOP('',(#1842,#1843,#1844,#1845,#1846,#1847));
#1842 = ORIENTED_EDGE('',*,*,#1725,.T.);
#1843 = ORIENTED_EDGE('',*,*,#1772,.F.);
#1844 = ORIENTED_EDGE('',*,*,#1821,.T.);
#1845 = ORIENTED_EDGE('',*,*,#1806,.F.);
#1846 = ORIENTED_EDGE('',*,*,#1663,.F.);
#1847 = ORIENTED_EDGE('',*,*,#1693,.F.);
#1848 = PLANE('',#1849);
#1849 = AXIS2_PLACEMENT_3D('',#1850,#1851,#1852);
#1850 = CARTESIAN_POINT('',(187.38329701443,187.38329701443,
    454.72751870174));
#1851 = DIRECTION('',(-0.707106781187,-0.707106781187,-0.));
#1852 = DIRECTION('',(0.707106781187,-0.707106781187,0.));
#1853 = ADVANCED_FACE('',(#1854),#1862,.T.);
#1854 = FACE_BOUND('',#1855,.T.);
#1855 = EDGE_LOOP('',(#1856,#1857,#1858,#1859,#1860,#1861));
#1856 = ORIENTED_EDGE('',*,*,#1741,.F.);
#1857 = ORIENTED_EDGE('',*,*,#1709,.T.);
#1858 = ORIENTED_EDGE('',*,*,#1679,.T.);
#1859 = ORIENTED_EDGE('',*,*,#1798,.T.);
#1860 = ORIENTED_EDGE('',*,*,#1828,.F.);
#1861 = ORIENTED_EDGE('',*,*,#1755,.T.);
#1862 = PLANE('',#1863);
#1863 = AXIS2_PLACEMENT_3D('',#1864,#1865,#1866);
#1864 = CARTESIAN_POINT('',(201.52543263816,201.52543263816,
    454.72751870174));
#1865 = DIRECTION('',(0.707106781187,0.707106781187,0.));
#1866 = DIRECTION('',(-0.707106781187,0.707106781187,0.));
#1867 = ( GEOMETRIC_REPRESENTATION_CONTEXT(3) 
GLOBAL_UNCERTAINTY_ASSIGNED_CONTEXT((#1871)) 
GLOBAL_UNIT_ASSIGNED_CONTEXT((#1868,#1869,#1870)) REPRESENTATION_CONTEXT
('Context #1','3D Context with UNIT and UNCERTAINTY') );
#1868 = ( LENGTH_UNIT() NAMED_UNIT(*) SI_UNIT(.MILLI.,.METRE.) );
#1869 = ( NAMED_UNIT(*) PLANE_ANGLE_UNIT() SI_UNIT($,.RADIAN.) );
#1870 = ( NAMED_UNIT(*) SI_UNIT($,.STERADIAN.) SOLID_ANGLE_UNIT() );
#1871 = UNCERTAINTY_MEASURE_WITH_UNIT(LENGTH_MEASURE(1.E-07),#1868,
  'distance_accuracy_value','confusion accuracy');
#1872 = CONTEXT_DEPENDENT_SHAPE_REPRESENTATION(#1873,#1875);
#1873 = ( REPRESENTATION_RELATIONSHIP('','',#1646,#10) 
REPRESENTATION_RELATIONSHIP_WITH_TRANSFORMATION(#1874) 
SHAPE_REPRESENTATION_RELATIONSHIP() );
#1874 = ITEM_DEFINED_TRANSFORMATION('','',#11,#47);
#1875 = PRODUCT_DEFINITION_SHAPE('Placement','Placement of an item',
  #1876);
#1876 = NEXT_ASSEMBLY_USAGE_OCCURRENCE('9',
  'P09 Arched blade 45 / maple segment 3','',#5,#1641,$);
#1877 = PRODUCT_RELATED_PRODUCT_CATEGORY('part',$,(#1643));
#1878 = SHAPE_DEFINITION_REPRESENTATION(#1879,#1885);
#1879 = PRODUCT_DEFINITION_SHAPE('','',#1880);
#1880 = PRODUCT_DEFINITION('design','',#1881,#1884);
#1881 = PRODUCT_DEFINITION_FORMATION('','',#1882);
#1882 = PRODUCT('P10 Slot jamb 45 / -1','P10 Slot jamb 45 / -1','',(
    #1883));
#1883 = PRODUCT_CONTEXT('',#2,'mechanical');
#1884 = PRODUCT_DEFINITION_CONTEXT('part definition',#2,'design');
#1885 = ADVANCED_BREP_SHAPE_REPRESENTATION('',(#11,#1886),#2036);
#1886 = MANIFOLD_SOLID_BREP('',#1887);
#1887 = CLOSED_SHELL('',(#1888,#1928,#1968,#1990,#2012,#2024));
#1888 = ADVANCED_FACE('',(#1889),#1923,.F.);
#1889 = FACE_BOUND('',#1890,.F.);
#1890 = EDGE_LOOP('',(#1891,#1901,#1909,#1917));
#1891 = ORIENTED_EDGE('',*,*,#1892,.F.);
#1892 = EDGE_CURVE('',#1893,#1895,#1897,.T.);
#1893 = VERTEX_POINT('',#1894);
#1894 = CARTESIAN_POINT('',(197.28279195104,177.48380207782,18.));
#1895 = VERTEX_POINT('',#1896);
#1896 = CARTESIAN_POINT('',(197.28279195104,177.48380207782,280.));
#1897 = LINE('',#1898,#1899);
#1898 = CARTESIAN_POINT('',(197.28279195104,177.48380207782,18.));
#1899 = VECTOR('',#1900,1.);
#1900 = DIRECTION('',(0.,0.,1.));
#1901 = ORIENTED_EDGE('',*,*,#1902,.T.);
#1902 = EDGE_CURVE('',#1893,#1903,#1905,.T.);
#1903 = VERTEX_POINT('',#1904);
#1904 = CARTESIAN_POINT('',(194.4543648263,180.31222920257,18.));
#1905 = LINE('',#1906,#1907);
#1906 = CARTESIAN_POINT('',(197.28279195104,177.48380207782,18.));
#1907 = VECTOR('',#1908,1.);
#1908 = DIRECTION('',(-0.707106781187,0.707106781187,0.));
#1909 = ORIENTED_EDGE('',*,*,#1910,.T.);
#1910 = EDGE_CURVE('',#1903,#1911,#1913,.T.);
#1911 = VERTEX_POINT('',#1912);
#1912 = CARTESIAN_POINT('',(194.4543648263,180.31222920257,280.));
#1913 = LINE('',#1914,#1915);
#1914 = CARTESIAN_POINT('',(194.4543648263,180.31222920257,18.));
#1915 = VECTOR('',#1916,1.);
#1916 = DIRECTION('',(0.,0.,1.));
#1917 = ORIENTED_EDGE('',*,*,#1918,.F.);
#1918 = EDGE_CURVE('',#1895,#1911,#1919,.T.);
#1919 = LINE('',#1920,#1921);
#1920 = CARTESIAN_POINT('',(197.28279195104,177.48380207782,280.));
#1921 = VECTOR('',#1922,1.);
#1922 = DIRECTION('',(-0.707106781187,0.707106781187,0.));
#1923 = PLANE('',#1924);
#1924 = AXIS2_PLACEMENT_3D('',#1925,#1926,#1927);
#1925 = CARTESIAN_POINT('',(197.28279195104,177.48380207782,18.));
#1926 = DIRECTION('',(0.707106781187,0.707106781187,0.));
#1927 = DIRECTION('',(0.,0.,1.));
#1928 = ADVANCED_FACE('',(#1929),#1963,.T.);
#1929 = FACE_BOUND('',#1930,.T.);
#1930 = EDGE_LOOP('',(#1931,#1941,#1949,#1957));
#1931 = ORIENTED_EDGE('',*,*,#1932,.F.);
#1932 = EDGE_CURVE('',#1933,#1935,#1937,.T.);
#1933 = VERTEX_POINT('',#1934);
#1934 = CARTESIAN_POINT('',(211.42492757477,191.62593770155,18.));
#1935 = VERTEX_POINT('',#1936);
#1936 = CARTESIAN_POINT('',(211.42492757477,191.62593770155,280.));
#1937 = LINE('',#1938,#1939);
#1938 = CARTESIAN_POINT('',(211.42492757477,191.62593770155,18.));
#1939 = VECTOR('',#1940,1.);
#1940 = DIRECTION('',(0.,0.,1.));
#1941 = ORIENTED_EDGE('',*,*,#1942,.T.);
#1942 = EDGE_CURVE('',#1933,#1943,#1945,.T.);
#1943 = VERTEX_POINT('',#1944);
#1944 = CARTESIAN_POINT('',(208.59650045003,194.4543648263,18.));
#1945 = LINE('',#1946,#1947);
#1946 = CARTESIAN_POINT('',(211.42492757477,191.62593770155,18.));
#1947 = VECTOR('',#1948,1.);
#1948 = DIRECTION('',(-0.707106781187,0.707106781187,0.));
#1949 = ORIENTED_EDGE('',*,*,#1950,.T.);
#1950 = EDGE_CURVE('',#1943,#1951,#1953,.T.);
#1951 = VERTEX_POINT('',#1952);
#1952 = CARTESIAN_POINT('',(208.59650045003,194.4543648263,280.));
#1953 = LINE('',#1954,#1955);
#1954 = CARTESIAN_POINT('',(208.59650045003,194.4543648263,18.));
#1955 = VECTOR('',#1956,1.);
#1956 = DIRECTION('',(0.,0.,1.));
#1957 = ORIENTED_EDGE('',*,*,#1958,.F.);
#1958 = EDGE_CURVE('',#1935,#1951,#1959,.T.);
#1959 = LINE('',#1960,#1961);
#1960 = CARTESIAN_POINT('',(211.42492757477,191.62593770155,280.));
#1961 = VECTOR('',#1962,1.);
#1962 = DIRECTION('',(-0.707106781187,0.707106781187,0.));
#1963 = PLANE('',#1964);
#1964 = AXIS2_PLACEMENT_3D('',#1965,#1966,#1967);
#1965 = CARTESIAN_POINT('',(211.42492757477,191.62593770155,18.));
#1966 = DIRECTION('',(0.707106781187,0.707106781187,0.));
#1967 = DIRECTION('',(0.,0.,1.));
#1968 = ADVANCED_FACE('',(#1969),#1985,.F.);
#1969 = FACE_BOUND('',#1970,.F.);
#1970 = EDGE_LOOP('',(#1971,#1977,#1978,#1984));
#1971 = ORIENTED_EDGE('',*,*,#1972,.F.);
#1972 = EDGE_CURVE('',#1893,#1933,#1973,.T.);
#1973 = LINE('',#1974,#1975);
#1974 = CARTESIAN_POINT('',(197.28279195104,177.48380207782,18.));
#1975 = VECTOR('',#1976,1.);
#1976 = DIRECTION('',(0.707106781187,0.707106781187,0.));
#1977 = ORIENTED_EDGE('',*,*,#1892,.T.);
#1978 = ORIENTED_EDGE('',*,*,#1979,.T.);
#1979 = EDGE_CURVE('',#1895,#1935,#1980,.T.);
#1980 = LINE('',#1981,#1982);
#1981 = CARTESIAN_POINT('',(197.28279195104,177.48380207782,280.));
#1982 = VECTOR('',#1983,1.);
#1983 = DIRECTION('',(0.707106781187,0.707106781187,0.));
#1984 = ORIENTED_EDGE('',*,*,#1932,.F.);
#1985 = PLANE('',#1986);
#1986 = AXIS2_PLACEMENT_3D('',#1987,#1988,#1989);
#1987 = CARTESIAN_POINT('',(197.28279195104,177.48380207782,18.));
#1988 = DIRECTION('',(-0.707106781187,0.707106781187,0.));
#1989 = DIRECTION('',(0.,0.,1.));
#1990 = ADVANCED_FACE('',(#1991),#2007,.T.);
#1991 = FACE_BOUND('',#1992,.T.);
#1992 = EDGE_LOOP('',(#1993,#1999,#2000,#2006));
#1993 = ORIENTED_EDGE('',*,*,#1994,.F.);
#1994 = EDGE_CURVE('',#1903,#1943,#1995,.T.);
#1995 = LINE('',#1996,#1997);
#1996 = CARTESIAN_POINT('',(194.4543648263,180.31222920257,18.));
#1997 = VECTOR('',#1998,1.);
#1998 = DIRECTION('',(0.707106781187,0.707106781187,0.));
#1999 = ORIENTED_EDGE('',*,*,#1910,.T.);
#2000 = ORIENTED_EDGE('',*,*,#2001,.T.);
#2001 = EDGE_CURVE('',#1911,#1951,#2002,.T.);
#2002 = LINE('',#2003,#2004);
#2003 = CARTESIAN_POINT('',(194.4543648263,180.31222920257,280.));
#2004 = VECTOR('',#2005,1.);
#2005 = DIRECTION('',(0.707106781187,0.707106781187,0.));
#2006 = ORIENTED_EDGE('',*,*,#1950,.F.);
#2007 = PLANE('',#2008);
#2008 = AXIS2_PLACEMENT_3D('',#2009,#2010,#2011);
#2009 = CARTESIAN_POINT('',(194.4543648263,180.31222920257,18.));
#2010 = DIRECTION('',(-0.707106781187,0.707106781187,0.));
#2011 = DIRECTION('',(0.,0.,1.));
#2012 = ADVANCED_FACE('',(#2013),#2019,.F.);
#2013 = FACE_BOUND('',#2014,.F.);
#2014 = EDGE_LOOP('',(#2015,#2016,#2017,#2018));
#2015 = ORIENTED_EDGE('',*,*,#1902,.F.);
#2016 = ORIENTED_EDGE('',*,*,#1972,.T.);
#2017 = ORIENTED_EDGE('',*,*,#1942,.T.);
#2018 = ORIENTED_EDGE('',*,*,#1994,.F.);
#2019 = PLANE('',#2020);
#2020 = AXIS2_PLACEMENT_3D('',#2021,#2022,#2023);
#2021 = CARTESIAN_POINT('',(197.28279195104,177.48380207782,18.));
#2022 = DIRECTION('',(0.,0.,1.));
#2023 = DIRECTION('',(0.707106781187,0.707106781187,0.));
#2024 = ADVANCED_FACE('',(#2025),#2031,.T.);
#2025 = FACE_BOUND('',#2026,.T.);
#2026 = EDGE_LOOP('',(#2027,#2028,#2029,#2030));
#2027 = ORIENTED_EDGE('',*,*,#1918,.F.);
#2028 = ORIENTED_EDGE('',*,*,#1979,.T.);
#2029 = ORIENTED_EDGE('',*,*,#1958,.T.);
#2030 = ORIENTED_EDGE('',*,*,#2001,.F.);
#2031 = PLANE('',#2032);
#2032 = AXIS2_PLACEMENT_3D('',#2033,#2034,#2035);
#2033 = CARTESIAN_POINT('',(197.28279195104,177.48380207782,280.));
#2034 = DIRECTION('',(0.,0.,1.));
#2035 = DIRECTION('',(0.707106781187,0.707106781187,0.));
#2036 = ( GEOMETRIC_REPRESENTATION_CONTEXT(3) 
GLOBAL_UNCERTAINTY_ASSIGNED_CONTEXT((#2040)) 
GLOBAL_UNIT_ASSIGNED_CONTEXT((#2037,#2038,#2039)) REPRESENTATION_CONTEXT
('Context #1','3D Context with UNIT and UNCERTAINTY') );
#2037 = ( LENGTH_UNIT() NAMED_UNIT(*) SI_UNIT(.MILLI.,.METRE.) );
#2038 = ( NAMED_UNIT(*) PLANE_ANGLE_UNIT() SI_UNIT($,.RADIAN.) );
#2039 = ( NAMED_UNIT(*) SI_UNIT($,.STERADIAN.) SOLID_ANGLE_UNIT() );
#2040 = UNCERTAINTY_MEASURE_WITH_UNIT(LENGTH_MEASURE(1.E-07),#2037,
  'distance_accuracy_value','confusion accuracy');
#2041 = CONTEXT_DEPENDENT_SHAPE_REPRESENTATION(#2042,#2044);
#2042 = ( REPRESENTATION_RELATIONSHIP('','',#1885,#10) 
REPRESENTATION_RELATIONSHIP_WITH_TRANSFORMATION(#2043) 
SHAPE_REPRESENTATION_RELATIONSHIP() );
#2043 = ITEM_DEFINED_TRANSFORMATION('','',#11,#51);
#2044 = PRODUCT_DEFINITION_SHAPE('Placement','Placement of an item',
  #2045);
#2045 = NEXT_ASSEMBLY_USAGE_OCCURRENCE('10','P10 Slot jamb 45 / -1','',
  #5,#1880,$);
#2046 = PRODUCT_RELATED_PRODUCT_CATEGORY('part',$,(#1882));
#2047 = SHAPE_DEFINITION_REPRESENTATION(#2048,#2054);
#2048 = PRODUCT_DEFINITION_SHAPE('','',#2049);
#2049 = PRODUCT_DEFINITION('design','',#2050,#2053);
#2050 = PRODUCT_DEFINITION_FORMATION('','',#2051);
#2051 = PRODUCT('P11 Slot jamb 45 / 1','P11 Slot jamb 45 / 1','',(#2052)
  );
#2052 = PRODUCT_CONTEXT('',#2,'mechanical');
#2053 = PRODUCT_DEFINITION_CONTEXT('part definition',#2,'design');
#2054 = ADVANCED_BREP_SHAPE_REPRESENTATION('',(#11,#2055),#2205);
#2055 = MANIFOLD_SOLID_BREP('',#2056);
#2056 = CLOSED_SHELL('',(#2057,#2097,#2137,#2159,#2181,#2193));
#2057 = ADVANCED_FACE('',(#2058),#2092,.F.);
#2058 = FACE_BOUND('',#2059,.F.);
#2059 = EDGE_LOOP('',(#2060,#2070,#2078,#2086));
#2060 = ORIENTED_EDGE('',*,*,#2061,.F.);
#2061 = EDGE_CURVE('',#2062,#2064,#2066,.T.);
#2062 = VERTEX_POINT('',#2063);
#2063 = CARTESIAN_POINT('',(180.31222920257,194.4543648263,18.));
#2064 = VERTEX_POINT('',#2065);
#2065 = CARTESIAN_POINT('',(180.31222920257,194.4543648263,280.));
#2066 = LINE('',#2067,#2068);
#2067 = CARTESIAN_POINT('',(180.31222920257,194.4543648263,18.));
#2068 = VECTOR('',#2069,1.);
#2069 = DIRECTION('',(0.,0.,1.));
#2070 = ORIENTED_EDGE('',*,*,#2071,.T.);
#2071 = EDGE_CURVE('',#2062,#2072,#2074,.T.);
#2072 = VERTEX_POINT('',#2073);
#2073 = CARTESIAN_POINT('',(177.48380207782,197.28279195104,18.));
#2074 = LINE('',#2075,#2076);
#2075 = CARTESIAN_POINT('',(180.31222920257,194.4543648263,18.));
#2076 = VECTOR('',#2077,1.);
#2077 = DIRECTION('',(-0.707106781187,0.707106781187,0.));
#2078 = ORIENTED_EDGE('',*,*,#2079,.T.);
#2079 = EDGE_CURVE('',#2072,#2080,#2082,.T.);
#2080 = VERTEX_POINT('',#2081);
#2081 = CARTESIAN_POINT('',(177.48380207782,197.28279195104,280.));
#2082 = LINE('',#2083,#2084);
#2083 = CARTESIAN_POINT('',(177.48380207782,197.28279195104,18.));
#2084 = VECTOR('',#2085,1.);
#2085 = DIRECTION('',(0.,0.,1.));
#2086 = ORIENTED_EDGE('',*,*,#2087,.F.);
#2087 = EDGE_CURVE('',#2064,#2080,#2088,.T.);
#2088 = LINE('',#2089,#2090);
#2089 = CARTESIAN_POINT('',(180.31222920257,194.4543648263,280.));
#2090 = VECTOR('',#2091,1.);
#2091 = DIRECTION('',(-0.707106781187,0.707106781187,0.));
#2092 = PLANE('',#2093);
#2093 = AXIS2_PLACEMENT_3D('',#2094,#2095,#2096);
#2094 = CARTESIAN_POINT('',(180.31222920257,194.4543648263,18.));
#2095 = DIRECTION('',(0.707106781187,0.707106781187,0.));
#2096 = DIRECTION('',(0.,0.,1.));
#2097 = ADVANCED_FACE('',(#2098),#2132,.T.);
#2098 = FACE_BOUND('',#2099,.T.);
#2099 = EDGE_LOOP('',(#2100,#2110,#2118,#2126));
#2100 = ORIENTED_EDGE('',*,*,#2101,.F.);
#2101 = EDGE_CURVE('',#2102,#2104,#2106,.T.);
#2102 = VERTEX_POINT('',#2103);
#2103 = CARTESIAN_POINT('',(194.4543648263,208.59650045003,18.));
#2104 = VERTEX_POINT('',#2105);
#2105 = CARTESIAN_POINT('',(194.4543648263,208.59650045003,280.));
#2106 = LINE('',#2107,#2108);
#2107 = CARTESIAN_POINT('',(194.4543648263,208.59650045003,18.));
#2108 = VECTOR('',#2109,1.);
#2109 = DIRECTION('',(0.,0.,1.));
#2110 = ORIENTED_EDGE('',*,*,#2111,.T.);
#2111 = EDGE_CURVE('',#2102,#2112,#2114,.T.);
#2112 = VERTEX_POINT('',#2113);
#2113 = CARTESIAN_POINT('',(191.62593770155,211.42492757477,18.));
#2114 = LINE('',#2115,#2116);
#2115 = CARTESIAN_POINT('',(194.4543648263,208.59650045003,18.));
#2116 = VECTOR('',#2117,1.);
#2117 = DIRECTION('',(-0.707106781187,0.707106781187,0.));
#2118 = ORIENTED_EDGE('',*,*,#2119,.T.);
#2119 = EDGE_CURVE('',#2112,#2120,#2122,.T.);
#2120 = VERTEX_POINT('',#2121);
#2121 = CARTESIAN_POINT('',(191.62593770155,211.42492757477,280.));
#2122 = LINE('',#2123,#2124);
#2123 = CARTESIAN_POINT('',(191.62593770155,211.42492757477,18.));
#2124 = VECTOR('',#2125,1.);
#2125 = DIRECTION('',(0.,0.,1.));
#2126 = ORIENTED_EDGE('',*,*,#2127,.F.);
#2127 = EDGE_CURVE('',#2104,#2120,#2128,.T.);
#2128 = LINE('',#2129,#2130);
#2129 = CARTESIAN_POINT('',(194.4543648263,208.59650045003,280.));
#2130 = VECTOR('',#2131,1.);
#2131 = DIRECTION('',(-0.707106781187,0.707106781187,0.));
#2132 = PLANE('',#2133);
#2133 = AXIS2_PLACEMENT_3D('',#2134,#2135,#2136);
#2134 = CARTESIAN_POINT('',(194.4543648263,208.59650045003,18.));
#2135 = DIRECTION('',(0.707106781187,0.707106781187,0.));
#2136 = DIRECTION('',(0.,0.,1.));
#2137 = ADVANCED_FACE('',(#2138),#2154,.F.);
#2138 = FACE_BOUND('',#2139,.F.);
#2139 = EDGE_LOOP('',(#2140,#2146,#2147,#2153));
#2140 = ORIENTED_EDGE('',*,*,#2141,.F.);
#2141 = EDGE_CURVE('',#2062,#2102,#2142,.T.);
#2142 = LINE('',#2143,#2144);
#2143 = CARTESIAN_POINT('',(180.31222920257,194.4543648263,18.));
#2144 = VECTOR('',#2145,1.);
#2145 = DIRECTION('',(0.707106781187,0.707106781187,0.));
#2146 = ORIENTED_EDGE('',*,*,#2061,.T.);
#2147 = ORIENTED_EDGE('',*,*,#2148,.T.);
#2148 = EDGE_CURVE('',#2064,#2104,#2149,.T.);
#2149 = LINE('',#2150,#2151);
#2150 = CARTESIAN_POINT('',(180.31222920257,194.4543648263,280.));
#2151 = VECTOR('',#2152,1.);
#2152 = DIRECTION('',(0.707106781187,0.707106781187,0.));
#2153 = ORIENTED_EDGE('',*,*,#2101,.F.);
#2154 = PLANE('',#2155);
#2155 = AXIS2_PLACEMENT_3D('',#2156,#2157,#2158);
#2156 = CARTESIAN_POINT('',(180.31222920257,194.4543648263,18.));
#2157 = DIRECTION('',(-0.707106781187,0.707106781187,0.));
#2158 = DIRECTION('',(0.,0.,1.));
#2159 = ADVANCED_FACE('',(#2160),#2176,.T.);
#2160 = FACE_BOUND('',#2161,.T.);
#2161 = EDGE_LOOP('',(#2162,#2168,#2169,#2175));
#2162 = ORIENTED_EDGE('',*,*,#2163,.F.);
#2163 = EDGE_CURVE('',#2072,#2112,#2164,.T.);
#2164 = LINE('',#2165,#2166);
#2165 = CARTESIAN_POINT('',(177.48380207782,197.28279195104,18.));
#2166 = VECTOR('',#2167,1.);
#2167 = DIRECTION('',(0.707106781187,0.707106781187,0.));
#2168 = ORIENTED_EDGE('',*,*,#2079,.T.);
#2169 = ORIENTED_EDGE('',*,*,#2170,.T.);
#2170 = EDGE_CURVE('',#2080,#2120,#2171,.T.);
#2171 = LINE('',#2172,#2173);
#2172 = CARTESIAN_POINT('',(177.48380207782,197.28279195104,280.));
#2173 = VECTOR('',#2174,1.);
#2174 = DIRECTION('',(0.707106781187,0.707106781187,0.));
#2175 = ORIENTED_EDGE('',*,*,#2119,.F.);
#2176 = PLANE('',#2177);
#2177 = AXIS2_PLACEMENT_3D('',#2178,#2179,#2180);
#2178 = CARTESIAN_POINT('',(177.48380207782,197.28279195104,18.));
#2179 = DIRECTION('',(-0.707106781187,0.707106781187,0.));
#2180 = DIRECTION('',(0.,0.,1.));
#2181 = ADVANCED_FACE('',(#2182),#2188,.F.);
#2182 = FACE_BOUND('',#2183,.F.);
#2183 = EDGE_LOOP('',(#2184,#2185,#2186,#2187));
#2184 = ORIENTED_EDGE('',*,*,#2071,.F.);
#2185 = ORIENTED_EDGE('',*,*,#2141,.T.);
#2186 = ORIENTED_EDGE('',*,*,#2111,.T.);
#2187 = ORIENTED_EDGE('',*,*,#2163,.F.);
#2188 = PLANE('',#2189);
#2189 = AXIS2_PLACEMENT_3D('',#2190,#2191,#2192);
#2190 = CARTESIAN_POINT('',(180.31222920257,194.4543648263,18.));
#2191 = DIRECTION('',(0.,0.,1.));
#2192 = DIRECTION('',(0.707106781187,0.707106781187,0.));
#2193 = ADVANCED_FACE('',(#2194),#2200,.T.);
#2194 = FACE_BOUND('',#2195,.T.);
#2195 = EDGE_LOOP('',(#2196,#2197,#2198,#2199));
#2196 = ORIENTED_EDGE('',*,*,#2087,.F.);
#2197 = ORIENTED_EDGE('',*,*,#2148,.T.);
#2198 = ORIENTED_EDGE('',*,*,#2127,.T.);
#2199 = ORIENTED_EDGE('',*,*,#2170,.F.);
#2200 = PLANE('',#2201);
#2201 = AXIS2_PLACEMENT_3D('',#2202,#2203,#2204);
#2202 = CARTESIAN_POINT('',(180.31222920257,194.4543648263,280.));
#2203 = DIRECTION('',(0.,0.,1.));
#2204 = DIRECTION('',(0.707106781187,0.707106781187,0.));
#2205 = ( GEOMETRIC_REPRESENTATION_CONTEXT(3) 
GLOBAL_UNCERTAINTY_ASSIGNED_CONTEXT((#2209)) 
GLOBAL_UNIT_ASSIGNED_CONTEXT((#2206,#2207,#2208)) REPRESENTATION_CONTEXT
('Context #1','3D Context with UNIT and UNCERTAINTY') );
#2206 = ( LENGTH_UNIT() NAMED_UNIT(*) SI_UNIT(.MILLI.,.METRE.) );
#2207 = ( NAMED_UNIT(*) PLANE_ANGLE_UNIT() SI_UNIT($,.RADIAN.) );
#2208 = ( NAMED_UNIT(*) SI_UNIT($,.STERADIAN.) SOLID_ANGLE_UNIT() );
#2209 = UNCERTAINTY_MEASURE_WITH_UNIT(LENGTH_MEASURE(1.E-07),#2206,
  'distance_accuracy_value','confusion accuracy');
#2210 = CONTEXT_DEPENDENT_SHAPE_REPRESENTATION(#2211,#2213);
#2211 = ( REPRESENTATION_RELATIONSHIP('','',#2054,#10) 
REPRESENTATION_RELATIONSHIP_WITH_TRANSFORMATION(#2212) 
SHAPE_REPRESENTATION_RELATIONSHIP() );
#2212 = ITEM_DEFINED_TRANSFORMATION('','',#11,#55);
#2213 = PRODUCT_DEFINITION_SHAPE('Placement','Placement of an item',
  #2214);
#2214 = NEXT_ASSEMBLY_USAGE_OCCURRENCE('11','P11 Slot jamb 45 / 1','',#5
  ,#2049,$);
#2215 = PRODUCT_RELATED_PRODUCT_CATEGORY('part',$,(#2051));
#2216 = SHAPE_DEFINITION_REPRESENTATION(#2217,#2223);
#2217 = PRODUCT_DEFINITION_SHAPE('','',#2218);
#2218 = PRODUCT_DEFINITION('design','',#2219,#2222);
#2219 = PRODUCT_DEFINITION_FORMATION('','',#2220);
#2220 = PRODUCT('P12 Slot lintel 45','P12 Slot lintel 45','',(#2221));
#2221 = PRODUCT_CONTEXT('',#2,'mechanical');
#2222 = PRODUCT_DEFINITION_CONTEXT('part definition',#2,'design');
#2223 = ADVANCED_BREP_SHAPE_REPRESENTATION('',(#11,#2224),#2374);
#2224 = MANIFOLD_SOLID_BREP('',#2225);
#2225 = CLOSED_SHELL('',(#2226,#2266,#2306,#2328,#2350,#2362));
#2226 = ADVANCED_FACE('',(#2227),#2261,.F.);
#2227 = FACE_BOUND('',#2228,.F.);
#2228 = EDGE_LOOP('',(#2229,#2239,#2247,#2255));
#2229 = ORIENTED_EDGE('',*,*,#2230,.F.);
#2230 = EDGE_CURVE('',#2231,#2233,#2235,.T.);
#2231 = VERTEX_POINT('',#2232);
#2232 = CARTESIAN_POINT('',(197.28279195104,177.48380207782,280.));
#2233 = VERTEX_POINT('',#2234);
#2234 = CARTESIAN_POINT('',(197.28279195104,177.48380207782,284.));
#2235 = LINE('',#2236,#2237);
#2236 = CARTESIAN_POINT('',(197.28279195104,177.48380207782,280.));
#2237 = VECTOR('',#2238,1.);
#2238 = DIRECTION('',(0.,0.,1.));
#2239 = ORIENTED_EDGE('',*,*,#2240,.T.);
#2240 = EDGE_CURVE('',#2231,#2241,#2243,.T.);
#2241 = VERTEX_POINT('',#2242);
#2242 = CARTESIAN_POINT('',(177.48380207782,197.28279195104,280.));
#2243 = LINE('',#2244,#2245);
#2244 = CARTESIAN_POINT('',(197.28279195104,177.48380207782,280.));
#2245 = VECTOR('',#2246,1.);
#2246 = DIRECTION('',(-0.707106781187,0.707106781187,0.));
#2247 = ORIENTED_EDGE('',*,*,#2248,.T.);
#2248 = EDGE_CURVE('',#2241,#2249,#2251,.T.);
#2249 = VERTEX_POINT('',#2250);
#2250 = CARTESIAN_POINT('',(177.48380207782,197.28279195104,284.));
#2251 = LINE('',#2252,#2253);
#2252 = CARTESIAN_POINT('',(177.48380207782,197.28279195104,280.));
#2253 = VECTOR('',#2254,1.);
#2254 = DIRECTION('',(0.,0.,1.));
#2255 = ORIENTED_EDGE('',*,*,#2256,.F.);
#2256 = EDGE_CURVE('',#2233,#2249,#2257,.T.);
#2257 = LINE('',#2258,#2259);
#2258 = CARTESIAN_POINT('',(197.28279195104,177.48380207782,284.));
#2259 = VECTOR('',#2260,1.);
#2260 = DIRECTION('',(-0.707106781187,0.707106781187,0.));
#2261 = PLANE('',#2262);
#2262 = AXIS2_PLACEMENT_3D('',#2263,#2264,#2265);
#2263 = CARTESIAN_POINT('',(197.28279195104,177.48380207782,280.));
#2264 = DIRECTION('',(0.707106781187,0.707106781187,0.));
#2265 = DIRECTION('',(0.,0.,1.));
#2266 = ADVANCED_FACE('',(#2267),#2301,.T.);
#2267 = FACE_BOUND('',#2268,.T.);
#2268 = EDGE_LOOP('',(#2269,#2279,#2287,#2295));
#2269 = ORIENTED_EDGE('',*,*,#2270,.F.);
#2270 = EDGE_CURVE('',#2271,#2273,#2275,.T.);
#2271 = VERTEX_POINT('',#2272);
#2272 = CARTESIAN_POINT('',(211.42492757477,191.62593770155,280.));
#2273 = VERTEX_POINT('',#2274);
#2274 = CARTESIAN_POINT('',(211.42492757477,191.62593770155,284.));
#2275 = LINE('',#2276,#2277);
#2276 = CARTESIAN_POINT('',(211.42492757477,191.62593770155,280.));
#2277 = VECTOR('',#2278,1.);
#2278 = DIRECTION('',(0.,0.,1.));
#2279 = ORIENTED_EDGE('',*,*,#2280,.T.);
#2280 = EDGE_CURVE('',#2271,#2281,#2283,.T.);
#2281 = VERTEX_POINT('',#2282);
#2282 = CARTESIAN_POINT('',(191.62593770155,211.42492757477,280.));
#2283 = LINE('',#2284,#2285);
#2284 = CARTESIAN_POINT('',(211.42492757477,191.62593770155,280.));
#2285 = VECTOR('',#2286,1.);
#2286 = DIRECTION('',(-0.707106781187,0.707106781187,0.));
#2287 = ORIENTED_EDGE('',*,*,#2288,.T.);
#2288 = EDGE_CURVE('',#2281,#2289,#2291,.T.);
#2289 = VERTEX_POINT('',#2290);
#2290 = CARTESIAN_POINT('',(191.62593770155,211.42492757477,284.));
#2291 = LINE('',#2292,#2293);
#2292 = CARTESIAN_POINT('',(191.62593770155,211.42492757477,280.));
#2293 = VECTOR('',#2294,1.);
#2294 = DIRECTION('',(0.,0.,1.));
#2295 = ORIENTED_EDGE('',*,*,#2296,.F.);
#2296 = EDGE_CURVE('',#2273,#2289,#2297,.T.);
#2297 = LINE('',#2298,#2299);
#2298 = CARTESIAN_POINT('',(211.42492757477,191.62593770155,284.));
#2299 = VECTOR('',#2300,1.);
#2300 = DIRECTION('',(-0.707106781187,0.707106781187,0.));
#2301 = PLANE('',#2302);
#2302 = AXIS2_PLACEMENT_3D('',#2303,#2304,#2305);
#2303 = CARTESIAN_POINT('',(211.42492757477,191.62593770155,280.));
#2304 = DIRECTION('',(0.707106781187,0.707106781187,0.));
#2305 = DIRECTION('',(0.,0.,1.));
#2306 = ADVANCED_FACE('',(#2307),#2323,.F.);
#2307 = FACE_BOUND('',#2308,.F.);
#2308 = EDGE_LOOP('',(#2309,#2315,#2316,#2322));
#2309 = ORIENTED_EDGE('',*,*,#2310,.F.);
#2310 = EDGE_CURVE('',#2231,#2271,#2311,.T.);
#2311 = LINE('',#2312,#2313);
#2312 = CARTESIAN_POINT('',(197.28279195104,177.48380207782,280.));
#2313 = VECTOR('',#2314,1.);
#2314 = DIRECTION('',(0.707106781187,0.707106781187,0.));
#2315 = ORIENTED_EDGE('',*,*,#2230,.T.);
#2316 = ORIENTED_EDGE('',*,*,#2317,.T.);
#2317 = EDGE_CURVE('',#2233,#2273,#2318,.T.);
#2318 = LINE('',#2319,#2320);
#2319 = CARTESIAN_POINT('',(197.28279195104,177.48380207782,284.));
#2320 = VECTOR('',#2321,1.);
#2321 = DIRECTION('',(0.707106781187,0.707106781187,0.));
#2322 = ORIENTED_EDGE('',*,*,#2270,.F.);
#2323 = PLANE('',#2324);
#2324 = AXIS2_PLACEMENT_3D('',#2325,#2326,#2327);
#2325 = CARTESIAN_POINT('',(197.28279195104,177.48380207782,280.));
#2326 = DIRECTION('',(-0.707106781187,0.707106781187,0.));
#2327 = DIRECTION('',(0.,0.,1.));
#2328 = ADVANCED_FACE('',(#2329),#2345,.T.);
#2329 = FACE_BOUND('',#2330,.T.);
#2330 = EDGE_LOOP('',(#2331,#2337,#2338,#2344));
#2331 = ORIENTED_EDGE('',*,*,#2332,.F.);
#2332 = EDGE_CURVE('',#2241,#2281,#2333,.T.);
#2333 = LINE('',#2334,#2335);
#2334 = CARTESIAN_POINT('',(177.48380207782,197.28279195104,280.));
#2335 = VECTOR('',#2336,1.);
#2336 = DIRECTION('',(0.707106781187,0.707106781187,0.));
#2337 = ORIENTED_EDGE('',*,*,#2248,.T.);
#2338 = ORIENTED_EDGE('',*,*,#2339,.T.);
#2339 = EDGE_CURVE('',#2249,#2289,#2340,.T.);
#2340 = LINE('',#2341,#2342);
#2341 = CARTESIAN_POINT('',(177.48380207782,197.28279195104,284.));
#2342 = VECTOR('',#2343,1.);
#2343 = DIRECTION('',(0.707106781187,0.707106781187,0.));
#2344 = ORIENTED_EDGE('',*,*,#2288,.F.);
#2345 = PLANE('',#2346);
#2346 = AXIS2_PLACEMENT_3D('',#2347,#2348,#2349);
#2347 = CARTESIAN_POINT('',(177.48380207782,197.28279195104,280.));
#2348 = DIRECTION('',(-0.707106781187,0.707106781187,0.));
#2349 = DIRECTION('',(0.,0.,1.));
#2350 = ADVANCED_FACE('',(#2351),#2357,.F.);
#2351 = FACE_BOUND('',#2352,.F.);
#2352 = EDGE_LOOP('',(#2353,#2354,#2355,#2356));
#2353 = ORIENTED_EDGE('',*,*,#2240,.F.);
#2354 = ORIENTED_EDGE('',*,*,#2310,.T.);
#2355 = ORIENTED_EDGE('',*,*,#2280,.T.);
#2356 = ORIENTED_EDGE('',*,*,#2332,.F.);
#2357 = PLANE('',#2358);
#2358 = AXIS2_PLACEMENT_3D('',#2359,#2360,#2361);
#2359 = CARTESIAN_POINT('',(197.28279195104,177.48380207782,280.));
#2360 = DIRECTION('',(0.,0.,1.));
#2361 = DIRECTION('',(0.707106781187,0.707106781187,0.));
#2362 = ADVANCED_FACE('',(#2363),#2369,.T.);
#2363 = FACE_BOUND('',#2364,.T.);
#2364 = EDGE_LOOP('',(#2365,#2366,#2367,#2368));
#2365 = ORIENTED_EDGE('',*,*,#2256,.F.);
#2366 = ORIENTED_EDGE('',*,*,#2317,.T.);
#2367 = ORIENTED_EDGE('',*,*,#2296,.T.);
#2368 = ORIENTED_EDGE('',*,*,#2339,.F.);
#2369 = PLANE('',#2370);
#2370 = AXIS2_PLACEMENT_3D('',#2371,#2372,#2373);
#2371 = CARTESIAN_POINT('',(197.28279195104,177.48380207782,284.));
#2372 = DIRECTION('',(0.,0.,1.));
#2373 = DIRECTION('',(0.707106781187,0.707106781187,0.));
#2374 = ( GEOMETRIC_REPRESENTATION_CONTEXT(3) 
GLOBAL_UNCERTAINTY_ASSIGNED_CONTEXT((#2378)) 
GLOBAL_UNIT_ASSIGNED_CONTEXT((#2375,#2376,#2377)) REPRESENTATION_CONTEXT
('Context #1','3D Context with UNIT and UNCERTAINTY') );
#2375 = ( LENGTH_UNIT() NAMED_UNIT(*) SI_UNIT(.MILLI.,.METRE.) );
#2376 = ( NAMED_UNIT(*) PLANE_ANGLE_UNIT() SI_UNIT($,.RADIAN.) );
#2377 = ( NAMED_UNIT(*) SI_UNIT($,.STERADIAN.) SOLID_ANGLE_UNIT() );
#2378 = UNCERTAINTY_MEASURE_WITH_UNIT(LENGTH_MEASURE(1.E-07),#2375,
  'distance_accuracy_value','confusion accuracy');
#2379 = CONTEXT_DEPENDENT_SHAPE_REPRESENTATION(#2380,#2382);
#2380 = ( REPRESENTATION_RELATIONSHIP('','',#2223,#10) 
REPRESENTATION_RELATIONSHIP_WITH_TRANSFORMATION(#2381) 
SHAPE_REPRESENTATION_RELATIONSHIP() );
#2381 = ITEM_DEFINED_TRANSFORMATION('','',#11,#59);
#2382 = PRODUCT_DEFINITION_SHAPE('Placement','Placement of an item',
  #2383);
#2383 = NEXT_ASSEMBLY_USAGE_OCCURRENCE('12','P12 Slot lintel 45','',#5,
  #2218,$);
#2384 = PRODUCT_RELATED_PRODUCT_CATEGORY('part',$,(#2220));
#2385 = SHAPE_DEFINITION_REPRESENTATION(#2386,#2392);
#2386 = PRODUCT_DEFINITION_SHAPE('','',#2387);
#2387 = PRODUCT_DEFINITION('design','',#2388,#2391);
#2388 = PRODUCT_DEFINITION_FORMATION('','',#2389);
#2389 = PRODUCT('P13 Foot shoe 45','P13 Foot shoe 45','',(#2390));
#2390 = PRODUCT_CONTEXT('',#2,'mechanical');
#2391 = PRODUCT_DEFINITION_CONTEXT('part definition',#2,'design');
#2392 = ADVANCED_BREP_SHAPE_REPRESENTATION('',(#11,#2393),#2543);
#2393 = MANIFOLD_SOLID_BREP('',#2394);
#2394 = CLOSED_SHELL('',(#2395,#2435,#2475,#2497,#2519,#2531));
#2395 = ADVANCED_FACE('',(#2396),#2430,.F.);
#2396 = FACE_BOUND('',#2397,.F.);
#2397 = EDGE_LOOP('',(#2398,#2408,#2416,#2424));
#2398 = ORIENTED_EDGE('',*,*,#2399,.F.);
#2399 = EDGE_CURVE('',#2400,#2402,#2404,.T.);
#2400 = VERTEX_POINT('',#2401);
#2401 = CARTESIAN_POINT('',(228.39549032325,143.54267658086,0.));
#2402 = VERTEX_POINT('',#2403);
#2403 = CARTESIAN_POINT('',(228.39549032325,143.54267658086,18.));
#2404 = LINE('',#2405,#2406);
#2405 = CARTESIAN_POINT('',(228.39549032325,143.54267658086,0.));
#2406 = VECTOR('',#2407,1.);
#2407 = DIRECTION('',(0.,0.,1.));
#2408 = ORIENTED_EDGE('',*,*,#2409,.T.);
#2409 = EDGE_CURVE('',#2400,#2410,#2412,.T.);
#2410 = VERTEX_POINT('',#2411);
#2411 = CARTESIAN_POINT('',(143.54267658086,228.39549032325,0.));
#2412 = LINE('',#2413,#2414);
#2413 = CARTESIAN_POINT('',(228.39549032325,143.54267658086,0.));
#2414 = VECTOR('',#2415,1.);
#2415 = DIRECTION('',(-0.707106781187,0.707106781187,0.));
#2416 = ORIENTED_EDGE('',*,*,#2417,.T.);
#2417 = EDGE_CURVE('',#2410,#2418,#2420,.T.);
#2418 = VERTEX_POINT('',#2419);
#2419 = CARTESIAN_POINT('',(143.54267658086,228.39549032325,18.));
#2420 = LINE('',#2421,#2422);
#2421 = CARTESIAN_POINT('',(143.54267658086,228.39549032325,0.));
#2422 = VECTOR('',#2423,1.);
#2423 = DIRECTION('',(0.,0.,1.));
#2424 = ORIENTED_EDGE('',*,*,#2425,.F.);
#2425 = EDGE_CURVE('',#2402,#2418,#2426,.T.);
#2426 = LINE('',#2427,#2428);
#2427 = CARTESIAN_POINT('',(228.39549032325,143.54267658086,18.));
#2428 = VECTOR('',#2429,1.);
#2429 = DIRECTION('',(-0.707106781187,0.707106781187,0.));
#2430 = PLANE('',#2431);
#2431 = AXIS2_PLACEMENT_3D('',#2432,#2433,#2434);
#2432 = CARTESIAN_POINT('',(228.39549032325,143.54267658086,0.));
#2433 = DIRECTION('',(0.707106781187,0.707106781187,0.));
#2434 = DIRECTION('',(0.,0.,1.));
#2435 = ADVANCED_FACE('',(#2436),#2470,.T.);
#2436 = FACE_BOUND('',#2437,.T.);
#2437 = EDGE_LOOP('',(#2438,#2448,#2456,#2464));
#2438 = ORIENTED_EDGE('',*,*,#2439,.F.);
#2439 = EDGE_CURVE('',#2440,#2442,#2444,.T.);
#2440 = VERTEX_POINT('',#2441);
#2441 = CARTESIAN_POINT('',(245.36605307173,160.51323932934,0.));
#2442 = VERTEX_POINT('',#2443);
#2443 = CARTESIAN_POINT('',(245.36605307173,160.51323932934,18.));
#2444 = LINE('',#2445,#2446);
#2445 = CARTESIAN_POINT('',(245.36605307173,160.51323932934,0.));
#2446 = VECTOR('',#2447,1.);
#2447 = DIRECTION('',(0.,0.,1.));
#2448 = ORIENTED_EDGE('',*,*,#2449,.T.);
#2449 = EDGE_CURVE('',#2440,#2450,#2452,.T.);
#2450 = VERTEX_POINT('',#2451);
#2451 = CARTESIAN_POINT('',(160.51323932934,245.36605307173,0.));
#2452 = LINE('',#2453,#2454);
#2453 = CARTESIAN_POINT('',(245.36605307173,160.51323932934,0.));
#2454 = VECTOR('',#2455,1.);
#2455 = DIRECTION('',(-0.707106781187,0.707106781187,0.));
#2456 = ORIENTED_EDGE('',*,*,#2457,.T.);
#2457 = EDGE_CURVE('',#2450,#2458,#2460,.T.);
#2458 = VERTEX_POINT('',#2459);
#2459 = CARTESIAN_POINT('',(160.51323932934,245.36605307173,18.));
#2460 = LINE('',#2461,#2462);
#2461 = CARTESIAN_POINT('',(160.51323932934,245.36605307173,0.));
#2462 = VECTOR('',#2463,1.);
#2463 = DIRECTION('',(0.,0.,1.));
#2464 = ORIENTED_EDGE('',*,*,#2465,.F.);
#2465 = EDGE_CURVE('',#2442,#2458,#2466,.T.);
#2466 = LINE('',#2467,#2468);
#2467 = CARTESIAN_POINT('',(245.36605307173,160.51323932934,18.));
#2468 = VECTOR('',#2469,1.);
#2469 = DIRECTION('',(-0.707106781187,0.707106781187,0.));
#2470 = PLANE('',#2471);
#2471 = AXIS2_PLACEMENT_3D('',#2472,#2473,#2474);
#2472 = CARTESIAN_POINT('',(245.36605307173,160.51323932934,0.));
#2473 = DIRECTION('',(0.707106781187,0.707106781187,0.));
#2474 = DIRECTION('',(0.,0.,1.));
#2475 = ADVANCED_FACE('',(#2476),#2492,.F.);
#2476 = FACE_BOUND('',#2477,.F.);
#2477 = EDGE_LOOP('',(#2478,#2484,#2485,#2491));
#2478 = ORIENTED_EDGE('',*,*,#2479,.F.);
#2479 = EDGE_CURVE('',#2400,#2440,#2480,.T.);
#2480 = LINE('',#2481,#2482);
#2481 = CARTESIAN_POINT('',(228.39549032325,143.54267658086,0.));
#2482 = VECTOR('',#2483,1.);
#2483 = DIRECTION('',(0.707106781187,0.707106781187,0.));
#2484 = ORIENTED_EDGE('',*,*,#2399,.T.);
#2485 = ORIENTED_EDGE('',*,*,#2486,.T.);
#2486 = EDGE_CURVE('',#2402,#2442,#2487,.T.);
#2487 = LINE('',#2488,#2489);
#2488 = CARTESIAN_POINT('',(228.39549032325,143.54267658086,18.));
#2489 = VECTOR('',#2490,1.);
#2490 = DIRECTION('',(0.707106781187,0.707106781187,0.));
#2491 = ORIENTED_EDGE('',*,*,#2439,.F.);
#2492 = PLANE('',#2493);
#2493 = AXIS2_PLACEMENT_3D('',#2494,#2495,#2496);
#2494 = CARTESIAN_POINT('',(228.39549032325,143.54267658086,0.));
#2495 = DIRECTION('',(-0.707106781187,0.707106781187,0.));
#2496 = DIRECTION('',(0.,0.,1.));
#2497 = ADVANCED_FACE('',(#2498),#2514,.T.);
#2498 = FACE_BOUND('',#2499,.T.);
#2499 = EDGE_LOOP('',(#2500,#2506,#2507,#2513));
#2500 = ORIENTED_EDGE('',*,*,#2501,.F.);
#2501 = EDGE_CURVE('',#2410,#2450,#2502,.T.);
#2502 = LINE('',#2503,#2504);
#2503 = CARTESIAN_POINT('',(143.54267658086,228.39549032325,0.));
#2504 = VECTOR('',#2505,1.);
#2505 = DIRECTION('',(0.707106781187,0.707106781187,0.));
#2506 = ORIENTED_EDGE('',*,*,#2417,.T.);
#2507 = ORIENTED_EDGE('',*,*,#2508,.T.);
#2508 = EDGE_CURVE('',#2418,#2458,#2509,.T.);
#2509 = LINE('',#2510,#2511);
#2510 = CARTESIAN_POINT('',(143.54267658086,228.39549032325,18.));
#2511 = VECTOR('',#2512,1.);
#2512 = DIRECTION('',(0.707106781187,0.707106781187,0.));
#2513 = ORIENTED_EDGE('',*,*,#2457,.F.);
#2514 = PLANE('',#2515);
#2515 = AXIS2_PLACEMENT_3D('',#2516,#2517,#2518);
#2516 = CARTESIAN_POINT('',(143.54267658086,228.39549032325,0.));
#2517 = DIRECTION('',(-0.707106781187,0.707106781187,0.));
#2518 = DIRECTION('',(0.,0.,1.));
#2519 = ADVANCED_FACE('',(#2520),#2526,.F.);
#2520 = FACE_BOUND('',#2521,.F.);
#2521 = EDGE_LOOP('',(#2522,#2523,#2524,#2525));
#2522 = ORIENTED_EDGE('',*,*,#2409,.F.);
#2523 = ORIENTED_EDGE('',*,*,#2479,.T.);
#2524 = ORIENTED_EDGE('',*,*,#2449,.T.);
#2525 = ORIENTED_EDGE('',*,*,#2501,.F.);
#2526 = PLANE('',#2527);
#2527 = AXIS2_PLACEMENT_3D('',#2528,#2529,#2530);
#2528 = CARTESIAN_POINT('',(228.39549032325,143.54267658086,0.));
#2529 = DIRECTION('',(0.,0.,1.));
#2530 = DIRECTION('',(0.707106781187,0.707106781187,0.));
#2531 = ADVANCED_FACE('',(#2532),#2538,.T.);
#2532 = FACE_BOUND('',#2533,.T.);
#2533 = EDGE_LOOP('',(#2534,#2535,#2536,#2537));
#2534 = ORIENTED_EDGE('',*,*,#2425,.F.);
#2535 = ORIENTED_EDGE('',*,*,#2486,.T.);
#2536 = ORIENTED_EDGE('',*,*,#2465,.T.);
#2537 = ORIENTED_EDGE('',*,*,#2508,.F.);
#2538 = PLANE('',#2539);
#2539 = AXIS2_PLACEMENT_3D('',#2540,#2541,#2542);
#2540 = CARTESIAN_POINT('',(228.39549032325,143.54267658086,18.));
#2541 = DIRECTION('',(0.,0.,1.));
#2542 = DIRECTION('',(0.707106781187,0.707106781187,0.));
#2543 = ( GEOMETRIC_REPRESENTATION_CONTEXT(3) 
GLOBAL_UNCERTAINTY_ASSIGNED_CONTEXT((#2547)) 
GLOBAL_UNIT_ASSIGNED_CONTEXT((#2544,#2545,#2546)) REPRESENTATION_CONTEXT
('Context #1','3D Context with UNIT and UNCERTAINTY') );
#2544 = ( LENGTH_UNIT() NAMED_UNIT(*) SI_UNIT(.MILLI.,.METRE.) );
#2545 = ( NAMED_UNIT(*) PLANE_ANGLE_UNIT() SI_UNIT($,.RADIAN.) );
#2546 = ( NAMED_UNIT(*) SI_UNIT($,.STERADIAN.) SOLID_ANGLE_UNIT() );
#2547 = UNCERTAINTY_MEASURE_WITH_UNIT(LENGTH_MEASURE(1.E-07),#2544,
  'distance_accuracy_value','confusion accuracy');
#2548 = CONTEXT_DEPENDENT_SHAPE_REPRESENTATION(#2549,#2551);
#2549 = ( REPRESENTATION_RELATIONSHIP('','',#2392,#10) 
REPRESENTATION_RELATIONSHIP_WITH_TRANSFORMATION(#2550) 
SHAPE_REPRESENTATION_RELATIONSHIP() );
#2550 = ITEM_DEFINED_TRANSFORMATION('','',#11,#63);
#2551 = PRODUCT_DEFINITION_SHAPE('Placement','Placement of an item',
  #2552);
#2552 = NEXT_ASSEMBLY_USAGE_OCCURRENCE('13','P13 Foot shoe 45','',#5,
  #2387,$);
#2553 = PRODUCT_RELATED_PRODUCT_CATEGORY('part',$,(#2389));
#2554 = SHAPE_DEFINITION_REPRESENTATION(#2555,#2561);
#2555 = PRODUCT_DEFINITION_SHAPE('','',#2556);
#2556 = PRODUCT_DEFINITION('design','',#2557,#2560);
#2557 = PRODUCT_DEFINITION_FORMATION('','',#2558);
#2558 = PRODUCT('P14 Arched blade 135 / maple segment 1',
  'P14 Arched blade 135 / maple segment 1','',(#2559));
#2559 = PRODUCT_CONTEXT('',#2,'mechanical');
#2560 = PRODUCT_DEFINITION_CONTEXT('part definition',#2,'design');
#2561 = ADVANCED_BREP_SHAPE_REPRESENTATION('',(#11,#2562),#2844);
#2562 = MANIFOLD_SOLID_BREP('',#2563);
#2563 = CLOSED_SHELL('',(#2564,#2636,#2667,#2691,#2715,#2739,#2763,#2787
    ,#2811,#2828));
#2564 = ADVANCED_FACE('',(#2565),#2631,.F.);
#2565 = FACE_BOUND('',#2566,.F.);
#2566 = EDGE_LOOP('',(#2567,#2577,#2585,#2593,#2601,#2609,#2617,#2625));
#2567 = ORIENTED_EDGE('',*,*,#2568,.F.);
#2568 = EDGE_CURVE('',#2569,#2571,#2573,.T.);
#2569 = VERTEX_POINT('',#2570);
#2570 = CARTESIAN_POINT('',(-144.9568901432,229.80970388562,18.));
#2571 = VERTEX_POINT('',#2572);
#2572 = CARTESIAN_POINT('',(-144.9568901432,229.80970388562,
    353.90524980688));
#2573 = LINE('',#2574,#2575);
#2574 = CARTESIAN_POINT('',(-144.9568901432,229.80970388562,18.));
#2575 = VECTOR('',#2576,1.);
#2576 = DIRECTION('',(0.,0.,1.));
#2577 = ORIENTED_EDGE('',*,*,#2578,.T.);
#2578 = EDGE_CURVE('',#2569,#2579,#2581,.T.);
#2579 = VERTEX_POINT('',#2580);
#2580 = CARTESIAN_POINT('',(-177.4838020778,197.28279195104,18.));
#2581 = LINE('',#2582,#2583);
#2582 = CARTESIAN_POINT('',(-144.9568901432,229.80970388562,18.));
#2583 = VECTOR('',#2584,1.);
#2584 = DIRECTION('',(-0.707106781187,-0.707106781187,0.));
#2585 = ORIENTED_EDGE('',*,*,#2586,.T.);
#2586 = EDGE_CURVE('',#2579,#2587,#2589,.T.);
#2587 = VERTEX_POINT('',#2588);
#2588 = CARTESIAN_POINT('',(-177.4838020778,197.28279195104,284.));
#2589 = LINE('',#2590,#2591);
#2590 = CARTESIAN_POINT('',(-177.4838020778,197.28279195104,18.));
#2591 = VECTOR('',#2592,1.);
#2592 = DIRECTION('',(0.,0.,1.));
#2593 = ORIENTED_EDGE('',*,*,#2594,.F.);
#2594 = EDGE_CURVE('',#2595,#2587,#2597,.T.);
#2595 = VERTEX_POINT('',#2596);
#2596 = CARTESIAN_POINT('',(-197.282791951,177.48380207782,284.));
#2597 = LINE('',#2598,#2599);
#2598 = CARTESIAN_POINT('',(-161.2203461105,213.54624791833,284.));
#2599 = VECTOR('',#2600,1.);
#2600 = DIRECTION('',(0.707106781187,0.707106781187,0.));
#2601 = ORIENTED_EDGE('',*,*,#2602,.F.);
#2602 = EDGE_CURVE('',#2603,#2595,#2605,.T.);
#2603 = VERTEX_POINT('',#2604);
#2604 = CARTESIAN_POINT('',(-197.282791951,177.48380207782,18.));
#2605 = LINE('',#2606,#2607);
#2606 = CARTESIAN_POINT('',(-197.282791951,177.48380207782,18.));
#2607 = VECTOR('',#2608,1.);
#2608 = DIRECTION('',(0.,0.,1.));
#2609 = ORIENTED_EDGE('',*,*,#2610,.T.);
#2610 = EDGE_CURVE('',#2603,#2611,#2613,.T.);
#2611 = VERTEX_POINT('',#2612);
#2612 = CARTESIAN_POINT('',(-229.8097038856,144.95689014324,18.));
#2613 = LINE('',#2614,#2615);
#2614 = CARTESIAN_POINT('',(-144.9568901432,229.80970388562,18.));
#2615 = VECTOR('',#2616,1.);
#2616 = DIRECTION('',(-0.707106781187,-0.707106781187,0.));
#2617 = ORIENTED_EDGE('',*,*,#2618,.T.);
#2618 = EDGE_CURVE('',#2611,#2619,#2621,.T.);
#2619 = VERTEX_POINT('',#2620);
#2620 = CARTESIAN_POINT('',(-229.8097038856,144.95689014324,
    353.90524980688));
#2621 = LINE('',#2622,#2623);
#2622 = CARTESIAN_POINT('',(-229.8097038856,144.95689014324,18.));
#2623 = VECTOR('',#2624,1.);
#2624 = DIRECTION('',(0.,0.,1.));
#2625 = ORIENTED_EDGE('',*,*,#2626,.F.);
#2626 = EDGE_CURVE('',#2571,#2619,#2627,.T.);
#2627 = LINE('',#2628,#2629);
#2628 = CARTESIAN_POINT('',(-144.9568901432,229.80970388562,
    353.90524980688));
#2629 = VECTOR('',#2630,1.);
#2630 = DIRECTION('',(-0.707106781187,-0.707106781187,0.));
#2631 = PLANE('',#2632);
#2632 = AXIS2_PLACEMENT_3D('',#2633,#2634,#2635);
#2633 = CARTESIAN_POINT('',(-144.9568901432,229.80970388562,18.));
#2634 = DIRECTION('',(-0.707106781187,0.707106781187,0.));
#2635 = DIRECTION('',(0.,0.,1.));
#2636 = ADVANCED_FACE('',(#2637),#2662,.F.);
#2637 = FACE_BOUND('',#2638,.F.);
#2638 = EDGE_LOOP('',(#2639,#2647,#2648,#2656));
#2639 = ORIENTED_EDGE('',*,*,#2640,.F.);
#2640 = EDGE_CURVE('',#2569,#2641,#2643,.T.);
#2641 = VERTEX_POINT('',#2642);
#2642 = CARTESIAN_POINT('',(-159.0990257669,243.95183950935,18.));
#2643 = LINE('',#2644,#2645);
#2644 = CARTESIAN_POINT('',(-144.9568901432,229.80970388562,18.));
#2645 = VECTOR('',#2646,1.);
#2646 = DIRECTION('',(-0.707106781187,0.707106781187,0.));
#2647 = ORIENTED_EDGE('',*,*,#2568,.T.);
#2648 = ORIENTED_EDGE('',*,*,#2649,.T.);
#2649 = EDGE_CURVE('',#2571,#2650,#2652,.T.);
#2650 = VERTEX_POINT('',#2651);
#2651 = CARTESIAN_POINT('',(-159.0990257669,243.95183950935,
    353.90524980688));
#2652 = LINE('',#2653,#2654);
#2653 = CARTESIAN_POINT('',(-144.9568901432,229.80970388562,
    353.90524980688));
#2654 = VECTOR('',#2655,1.);
#2655 = DIRECTION('',(-0.707106781187,0.707106781187,0.));
#2656 = ORIENTED_EDGE('',*,*,#2657,.F.);
#2657 = EDGE_CURVE('',#2641,#2650,#2658,.T.);
#2658 = LINE('',#2659,#2660);
#2659 = CARTESIAN_POINT('',(-159.0990257669,243.95183950935,18.));
#2660 = VECTOR('',#2661,1.);
#2661 = DIRECTION('',(0.,0.,1.));
#2662 = PLANE('',#2663);
#2663 = AXIS2_PLACEMENT_3D('',#2664,#2665,#2666);
#2664 = CARTESIAN_POINT('',(-144.9568901432,229.80970388562,18.));
#2665 = DIRECTION('',(-0.707106781187,-0.707106781187,0.));
#2666 = DIRECTION('',(0.,0.,1.));
#2667 = ADVANCED_FACE('',(#2668),#2686,.T.);
#2668 = FACE_BOUND('',#2669,.T.);
#2669 = EDGE_LOOP('',(#2670,#2671,#2672,#2680));
#2670 = ORIENTED_EDGE('',*,*,#2626,.F.);
#2671 = ORIENTED_EDGE('',*,*,#2649,.T.);
#2672 = ORIENTED_EDGE('',*,*,#2673,.T.);
#2673 = EDGE_CURVE('',#2650,#2674,#2676,.T.);
#2674 = VERTEX_POINT('',#2675);
#2675 = CARTESIAN_POINT('',(-243.9518395093,159.09902576697,
    353.90524980688));
#2676 = LINE('',#2677,#2678);
#2677 = CARTESIAN_POINT('',(-159.0990257669,243.95183950935,
    353.90524980688));
#2678 = VECTOR('',#2679,1.);
#2679 = DIRECTION('',(-0.707106781187,-0.707106781187,0.));
#2680 = ORIENTED_EDGE('',*,*,#2681,.F.);
#2681 = EDGE_CURVE('',#2619,#2674,#2682,.T.);
#2682 = LINE('',#2683,#2684);
#2683 = CARTESIAN_POINT('',(-229.8097038856,144.95689014324,
    353.90524980688));
#2684 = VECTOR('',#2685,1.);
#2685 = DIRECTION('',(-0.707106781187,0.707106781187,0.));
#2686 = PLANE('',#2687);
#2687 = AXIS2_PLACEMENT_3D('',#2688,#2689,#2690);
#2688 = CARTESIAN_POINT('',(-144.9568901432,229.80970388562,
    353.90524980688));
#2689 = DIRECTION('',(0.,0.,1.));
#2690 = DIRECTION('',(-0.707106781187,0.707106781187,0.));
#2691 = ADVANCED_FACE('',(#2692),#2710,.T.);
#2692 = FACE_BOUND('',#2693,.T.);
#2693 = EDGE_LOOP('',(#2694,#2702,#2703,#2704));
#2694 = ORIENTED_EDGE('',*,*,#2695,.F.);
#2695 = EDGE_CURVE('',#2611,#2696,#2698,.T.);
#2696 = VERTEX_POINT('',#2697);
#2697 = CARTESIAN_POINT('',(-243.9518395093,159.09902576697,18.));
#2698 = LINE('',#2699,#2700);
#2699 = CARTESIAN_POINT('',(-229.8097038856,144.95689014324,18.));
#2700 = VECTOR('',#2701,1.);
#2701 = DIRECTION('',(-0.707106781187,0.707106781187,0.));
#2702 = ORIENTED_EDGE('',*,*,#2618,.T.);
#2703 = ORIENTED_EDGE('',*,*,#2681,.T.);
#2704 = ORIENTED_EDGE('',*,*,#2705,.F.);
#2705 = EDGE_CURVE('',#2696,#2674,#2706,.T.);
#2706 = LINE('',#2707,#2708);
#2707 = CARTESIAN_POINT('',(-243.9518395093,159.09902576697,18.));
#2708 = VECTOR('',#2709,1.);
#2709 = DIRECTION('',(0.,0.,1.));
#2710 = PLANE('',#2711);
#2711 = AXIS2_PLACEMENT_3D('',#2712,#2713,#2714);
#2712 = CARTESIAN_POINT('',(-229.8097038856,144.95689014324,18.));
#2713 = DIRECTION('',(-0.707106781187,-0.707106781187,0.));
#2714 = DIRECTION('',(0.,0.,1.));
#2715 = ADVANCED_FACE('',(#2716),#2734,.F.);
#2716 = FACE_BOUND('',#2717,.F.);
#2717 = EDGE_LOOP('',(#2718,#2719,#2727,#2733));
#2718 = ORIENTED_EDGE('',*,*,#2610,.F.);
#2719 = ORIENTED_EDGE('',*,*,#2720,.T.);
#2720 = EDGE_CURVE('',#2603,#2721,#2723,.T.);
#2721 = VERTEX_POINT('',#2722);
#2722 = CARTESIAN_POINT('',(-211.4249275747,191.62593770155,18.));
#2723 = LINE('',#2724,#2725);
#2724 = CARTESIAN_POINT('',(-196.5756851698,176.77669529663,18.));
#2725 = VECTOR('',#2726,1.);
#2726 = DIRECTION('',(-0.707106781187,0.707106781187,0.));
#2727 = ORIENTED_EDGE('',*,*,#2728,.T.);
#2728 = EDGE_CURVE('',#2721,#2696,#2729,.T.);
#2729 = LINE('',#2730,#2731);
#2730 = CARTESIAN_POINT('',(-159.0990257669,243.95183950935,18.));
#2731 = VECTOR('',#2732,1.);
#2732 = DIRECTION('',(-0.707106781187,-0.707106781187,0.));
#2733 = ORIENTED_EDGE('',*,*,#2695,.F.);
#2734 = PLANE('',#2735);
#2735 = AXIS2_PLACEMENT_3D('',#2736,#2737,#2738);
#2736 = CARTESIAN_POINT('',(-144.9568901432,229.80970388562,18.));
#2737 = DIRECTION('',(0.,0.,1.));
#2738 = DIRECTION('',(-0.707106781187,0.707106781187,0.));
#2739 = ADVANCED_FACE('',(#2740),#2758,.F.);
#2740 = FACE_BOUND('',#2741,.F.);
#2741 = EDGE_LOOP('',(#2742,#2743,#2744,#2752));
#2742 = ORIENTED_EDGE('',*,*,#2720,.F.);
#2743 = ORIENTED_EDGE('',*,*,#2602,.T.);
#2744 = ORIENTED_EDGE('',*,*,#2745,.T.);
#2745 = EDGE_CURVE('',#2595,#2746,#2748,.T.);
#2746 = VERTEX_POINT('',#2747);
#2747 = CARTESIAN_POINT('',(-211.4249275747,191.62593770155,284.));
#2748 = LINE('',#2749,#2750);
#2749 = CARTESIAN_POINT('',(-196.5756851698,176.77669529663,284.));
#2750 = VECTOR('',#2751,1.);
#2751 = DIRECTION('',(-0.707106781187,0.707106781187,0.));
#2752 = ORIENTED_EDGE('',*,*,#2753,.F.);
#2753 = EDGE_CURVE('',#2721,#2746,#2754,.T.);
#2754 = LINE('',#2755,#2756);
#2755 = CARTESIAN_POINT('',(-211.4249275747,191.62593770155,18.));
#2756 = VECTOR('',#2757,1.);
#2757 = DIRECTION('',(0.,0.,1.));
#2758 = PLANE('',#2759);
#2759 = AXIS2_PLACEMENT_3D('',#2760,#2761,#2762);
#2760 = CARTESIAN_POINT('',(-196.5756851698,176.77669529663,18.));
#2761 = DIRECTION('',(-0.707106781187,-0.707106781187,0.));
#2762 = DIRECTION('',(0.,0.,1.));
#2763 = ADVANCED_FACE('',(#2764),#2782,.F.);
#2764 = FACE_BOUND('',#2765,.F.);
#2765 = EDGE_LOOP('',(#2766,#2767,#2768,#2776));
#2766 = ORIENTED_EDGE('',*,*,#2745,.F.);
#2767 = ORIENTED_EDGE('',*,*,#2594,.T.);
#2768 = ORIENTED_EDGE('',*,*,#2769,.T.);
#2769 = EDGE_CURVE('',#2587,#2770,#2772,.T.);
#2770 = VERTEX_POINT('',#2771);
#2771 = CARTESIAN_POINT('',(-191.6259377015,211.42492757477,284.));
#2772 = LINE('',#2773,#2774);
#2773 = CARTESIAN_POINT('',(-176.7766952966,196.57568516986,284.));
#2774 = VECTOR('',#2775,1.);
#2775 = DIRECTION('',(-0.707106781187,0.707106781187,0.));
#2776 = ORIENTED_EDGE('',*,*,#2777,.F.);
#2777 = EDGE_CURVE('',#2746,#2770,#2778,.T.);
#2778 = LINE('',#2779,#2780);
#2779 = CARTESIAN_POINT('',(-175.3624817342,227.68838354206,284.));
#2780 = VECTOR('',#2781,1.);
#2781 = DIRECTION('',(0.707106781187,0.707106781187,0.));
#2782 = PLANE('',#2783);
#2783 = AXIS2_PLACEMENT_3D('',#2784,#2785,#2786);
#2784 = CARTESIAN_POINT('',(-176.7766952966,196.57568516986,284.));
#2785 = DIRECTION('',(0.,0.,1.));
#2786 = DIRECTION('',(-0.707106781187,0.707106781187,0.));
#2787 = ADVANCED_FACE('',(#2788),#2806,.T.);
#2788 = FACE_BOUND('',#2789,.T.);
#2789 = EDGE_LOOP('',(#2790,#2798,#2799,#2800));
#2790 = ORIENTED_EDGE('',*,*,#2791,.F.);
#2791 = EDGE_CURVE('',#2579,#2792,#2794,.T.);
#2792 = VERTEX_POINT('',#2793);
#2793 = CARTESIAN_POINT('',(-191.6259377015,211.42492757477,18.));
#2794 = LINE('',#2795,#2796);
#2795 = CARTESIAN_POINT('',(-176.7766952966,196.57568516986,18.));
#2796 = VECTOR('',#2797,1.);
#2797 = DIRECTION('',(-0.707106781187,0.707106781187,0.));
#2798 = ORIENTED_EDGE('',*,*,#2586,.T.);
#2799 = ORIENTED_EDGE('',*,*,#2769,.T.);
#2800 = ORIENTED_EDGE('',*,*,#2801,.F.);
#2801 = EDGE_CURVE('',#2792,#2770,#2802,.T.);
#2802 = LINE('',#2803,#2804);
#2803 = CARTESIAN_POINT('',(-191.6259377015,211.42492757477,18.));
#2804 = VECTOR('',#2805,1.);
#2805 = DIRECTION('',(0.,0.,1.));
#2806 = PLANE('',#2807);
#2807 = AXIS2_PLACEMENT_3D('',#2808,#2809,#2810);
#2808 = CARTESIAN_POINT('',(-176.7766952966,196.57568516986,18.));
#2809 = DIRECTION('',(-0.707106781187,-0.707106781187,0.));
#2810 = DIRECTION('',(0.,0.,1.));
#2811 = ADVANCED_FACE('',(#2812),#2823,.F.);
#2812 = FACE_BOUND('',#2813,.F.);
#2813 = EDGE_LOOP('',(#2814,#2815,#2816,#2822));
#2814 = ORIENTED_EDGE('',*,*,#2578,.F.);
#2815 = ORIENTED_EDGE('',*,*,#2640,.T.);
#2816 = ORIENTED_EDGE('',*,*,#2817,.T.);
#2817 = EDGE_CURVE('',#2641,#2792,#2818,.T.);
#2818 = LINE('',#2819,#2820);
#2819 = CARTESIAN_POINT('',(-159.0990257669,243.95183950935,18.));
#2820 = VECTOR('',#2821,1.);
#2821 = DIRECTION('',(-0.707106781187,-0.707106781187,0.));
#2822 = ORIENTED_EDGE('',*,*,#2791,.F.);
#2823 = PLANE('',#2824);
#2824 = AXIS2_PLACEMENT_3D('',#2825,#2826,#2827);
#2825 = CARTESIAN_POINT('',(-144.9568901432,229.80970388562,18.));
#2826 = DIRECTION('',(0.,0.,1.));
#2827 = DIRECTION('',(-0.707106781187,0.707106781187,0.));
#2828 = ADVANCED_FACE('',(#2829),#2839,.T.);
#2829 = FACE_BOUND('',#2830,.T.);
#2830 = EDGE_LOOP('',(#2831,#2832,#2833,#2834,#2835,#2836,#2837,#2838));
#2831 = ORIENTED_EDGE('',*,*,#2657,.F.);
#2832 = ORIENTED_EDGE('',*,*,#2817,.T.);
#2833 = ORIENTED_EDGE('',*,*,#2801,.T.);
#2834 = ORIENTED_EDGE('',*,*,#2777,.F.);
#2835 = ORIENTED_EDGE('',*,*,#2753,.F.);
#2836 = ORIENTED_EDGE('',*,*,#2728,.T.);
#2837 = ORIENTED_EDGE('',*,*,#2705,.T.);
#2838 = ORIENTED_EDGE('',*,*,#2673,.F.);
#2839 = PLANE('',#2840);
#2840 = AXIS2_PLACEMENT_3D('',#2841,#2842,#2843);
#2841 = CARTESIAN_POINT('',(-159.0990257669,243.95183950935,18.));
#2842 = DIRECTION('',(-0.707106781187,0.707106781187,0.));
#2843 = DIRECTION('',(0.,0.,1.));
#2844 = ( GEOMETRIC_REPRESENTATION_CONTEXT(3) 
GLOBAL_UNCERTAINTY_ASSIGNED_CONTEXT((#2848)) 
GLOBAL_UNIT_ASSIGNED_CONTEXT((#2845,#2846,#2847)) REPRESENTATION_CONTEXT
('Context #1','3D Context with UNIT and UNCERTAINTY') );
#2845 = ( LENGTH_UNIT() NAMED_UNIT(*) SI_UNIT(.MILLI.,.METRE.) );
#2846 = ( NAMED_UNIT(*) PLANE_ANGLE_UNIT() SI_UNIT($,.RADIAN.) );
#2847 = ( NAMED_UNIT(*) SI_UNIT($,.STERADIAN.) SOLID_ANGLE_UNIT() );
#2848 = UNCERTAINTY_MEASURE_WITH_UNIT(LENGTH_MEASURE(1.E-07),#2845,
  'distance_accuracy_value','confusion accuracy');
#2849 = CONTEXT_DEPENDENT_SHAPE_REPRESENTATION(#2850,#2852);
#2850 = ( REPRESENTATION_RELATIONSHIP('','',#2561,#10) 
REPRESENTATION_RELATIONSHIP_WITH_TRANSFORMATION(#2851) 
SHAPE_REPRESENTATION_RELATIONSHIP() );
#2851 = ITEM_DEFINED_TRANSFORMATION('','',#11,#67);
#2852 = PRODUCT_DEFINITION_SHAPE('Placement','Placement of an item',
  #2853);
#2853 = NEXT_ASSEMBLY_USAGE_OCCURRENCE('14',
  'P14 Arched blade 135 / maple segment 1','',#5,#2556,$);
#2854 = PRODUCT_RELATED_PRODUCT_CATEGORY('part',$,(#2558));
#2855 = SHAPE_DEFINITION_REPRESENTATION(#2856,#2862);
#2856 = PRODUCT_DEFINITION_SHAPE('','',#2857);
#2857 = PRODUCT_DEFINITION('design','',#2858,#2861);
#2858 = PRODUCT_DEFINITION_FORMATION('','',#2859);
#2859 = PRODUCT('P15 Arched blade 135 / maple segment 2',
  'P15 Arched blade 135 / maple segment 2','',(#2860));
#2860 = PRODUCT_CONTEXT('',#2,'mechanical');
#2861 = PRODUCT_DEFINITION_CONTEXT('part definition',#2,'design');
#2862 = ADVANCED_BREP_SHAPE_REPRESENTATION('',(#11,#2863),#3013);
#2863 = MANIFOLD_SOLID_BREP('',#2864);
#2864 = CLOSED_SHELL('',(#2865,#2905,#2936,#2960,#2984,#3001));
#2865 = ADVANCED_FACE('',(#2866),#2900,.F.);
#2866 = FACE_BOUND('',#2867,.F.);
#2867 = EDGE_LOOP('',(#2868,#2878,#2886,#2894));
#2868 = ORIENTED_EDGE('',*,*,#2869,.F.);
#2869 = EDGE_CURVE('',#2870,#2872,#2874,.T.);
#2870 = VERTEX_POINT('',#2871);
#2871 = CARTESIAN_POINT('',(-144.9568901432,229.80970388562,
    367.90524980688));
#2872 = VERTEX_POINT('',#2873);
#2873 = CARTESIAN_POINT('',(-144.9568901432,229.80970388562,
    381.90524980688));
#2874 = LINE('',#2875,#2876);
#2875 = CARTESIAN_POINT('',(-144.9568901432,229.80970388562,18.));
#2876 = VECTOR('',#2877,1.);
#2877 = DIRECTION('',(0.,0.,1.));
#2878 = ORIENTED_EDGE('',*,*,#2879,.T.);
#2879 = EDGE_CURVE('',#2870,#2880,#2882,.T.);
#2880 = VERTEX_POINT('',#2881);
#2881 = CARTESIAN_POINT('',(-229.8097038856,144.95689014324,
    367.90524980688));
#2882 = LINE('',#2883,#2884);
#2883 = CARTESIAN_POINT('',(-144.9568901432,229.80970388562,
    367.90524980688));
#2884 = VECTOR('',#2885,1.);
#2885 = DIRECTION('',(-0.707106781187,-0.707106781187,0.));
#2886 = ORIENTED_EDGE('',*,*,#2887,.T.);
#2887 = EDGE_CURVE('',#2880,#2888,#2890,.T.);
#2888 = VERTEX_POINT('',#2889);
#2889 = CARTESIAN_POINT('',(-229.8097038856,144.95689014324,
    381.90524980688));
#2890 = LINE('',#2891,#2892);
#2891 = CARTESIAN_POINT('',(-229.8097038856,144.95689014324,18.));
#2892 = VECTOR('',#2893,1.);
#2893 = DIRECTION('',(0.,0.,1.));
#2894 = ORIENTED_EDGE('',*,*,#2895,.F.);
#2895 = EDGE_CURVE('',#2872,#2888,#2896,.T.);
#2896 = LINE('',#2897,#2898);
#2897 = CARTESIAN_POINT('',(-144.9568901432,229.80970388562,
    381.90524980688));
#2898 = VECTOR('',#2899,1.);
#2899 = DIRECTION('',(-0.707106781187,-0.707106781187,0.));
#2900 = PLANE('',#2901);
#2901 = AXIS2_PLACEMENT_3D('',#2902,#2903,#2904);
#2902 = CARTESIAN_POINT('',(-144.9568901432,229.80970388562,18.));
#2903 = DIRECTION('',(-0.707106781187,0.707106781187,0.));
#2904 = DIRECTION('',(0.,0.,1.));
#2905 = ADVANCED_FACE('',(#2906),#2931,.F.);
#2906 = FACE_BOUND('',#2907,.F.);
#2907 = EDGE_LOOP('',(#2908,#2916,#2917,#2925));
#2908 = ORIENTED_EDGE('',*,*,#2909,.F.);
#2909 = EDGE_CURVE('',#2870,#2910,#2912,.T.);
#2910 = VERTEX_POINT('',#2911);
#2911 = CARTESIAN_POINT('',(-159.0990257669,243.95183950935,
    367.90524980688));
#2912 = LINE('',#2913,#2914);
#2913 = CARTESIAN_POINT('',(-144.9568901432,229.80970388562,
    367.90524980688));
#2914 = VECTOR('',#2915,1.);
#2915 = DIRECTION('',(-0.707106781187,0.707106781187,0.));
#2916 = ORIENTED_EDGE('',*,*,#2869,.T.);
#2917 = ORIENTED_EDGE('',*,*,#2918,.T.);
#2918 = EDGE_CURVE('',#2872,#2919,#2921,.T.);
#2919 = VERTEX_POINT('',#2920);
#2920 = CARTESIAN_POINT('',(-159.0990257669,243.95183950935,
    381.90524980688));
#2921 = LINE('',#2922,#2923);
#2922 = CARTESIAN_POINT('',(-144.9568901432,229.80970388562,
    381.90524980688));
#2923 = VECTOR('',#2924,1.);
#2924 = DIRECTION('',(-0.707106781187,0.707106781187,0.));
#2925 = ORIENTED_EDGE('',*,*,#2926,.F.);
#2926 = EDGE_CURVE('',#2910,#2919,#2927,.T.);
#2927 = LINE('',#2928,#2929);
#2928 = CARTESIAN_POINT('',(-159.0990257669,243.95183950935,18.));
#2929 = VECTOR('',#2930,1.);
#2930 = DIRECTION('',(0.,0.,1.));
#2931 = PLANE('',#2932);
#2932 = AXIS2_PLACEMENT_3D('',#2933,#2934,#2935);
#2933 = CARTESIAN_POINT('',(-144.9568901432,229.80970388562,18.));
#2934 = DIRECTION('',(-0.707106781187,-0.707106781187,0.));
#2935 = DIRECTION('',(0.,0.,1.));
#2936 = ADVANCED_FACE('',(#2937),#2955,.T.);
#2937 = FACE_BOUND('',#2938,.T.);
#2938 = EDGE_LOOP('',(#2939,#2940,#2941,#2949));
#2939 = ORIENTED_EDGE('',*,*,#2895,.F.);
#2940 = ORIENTED_EDGE('',*,*,#2918,.T.);
#2941 = ORIENTED_EDGE('',*,*,#2942,.T.);
#2942 = EDGE_CURVE('',#2919,#2943,#2945,.T.);
#2943 = VERTEX_POINT('',#2944);
#2944 = CARTESIAN_POINT('',(-243.9518395093,159.09902576697,
    381.90524980688));
#2945 = LINE('',#2946,#2947);
#2946 = CARTESIAN_POINT('',(-159.0990257669,243.95183950935,
    381.90524980688));
#2947 = VECTOR('',#2948,1.);
#2948 = DIRECTION('',(-0.707106781187,-0.707106781187,0.));
#2949 = ORIENTED_EDGE('',*,*,#2950,.F.);
#2950 = EDGE_CURVE('',#2888,#2943,#2951,.T.);
#2951 = LINE('',#2952,#2953);
#2952 = CARTESIAN_POINT('',(-229.8097038856,144.95689014324,
    381.90524980688));
#2953 = VECTOR('',#2954,1.);
#2954 = DIRECTION('',(-0.707106781187,0.707106781187,0.));
#2955 = PLANE('',#2956);
#2956 = AXIS2_PLACEMENT_3D('',#2957,#2958,#2959);
#2957 = CARTESIAN_POINT('',(-144.9568901432,229.80970388562,
    381.90524980688));
#2958 = DIRECTION('',(0.,0.,1.));
#2959 = DIRECTION('',(-0.707106781187,0.707106781187,0.));
#2960 = ADVANCED_FACE('',(#2961),#2979,.T.);
#2961 = FACE_BOUND('',#2962,.T.);
#2962 = EDGE_LOOP('',(#2963,#2971,#2972,#2973));
#2963 = ORIENTED_EDGE('',*,*,#2964,.F.);
#2964 = EDGE_CURVE('',#2880,#2965,#2967,.T.);
#2965 = VERTEX_POINT('',#2966);
#2966 = CARTESIAN_POINT('',(-243.9518395093,159.09902576697,
    367.90524980688));
#2967 = LINE('',#2968,#2969);
#2968 = CARTESIAN_POINT('',(-229.8097038856,144.95689014324,
    367.90524980688));
#2969 = VECTOR('',#2970,1.);
#2970 = DIRECTION('',(-0.707106781187,0.707106781187,0.));
#2971 = ORIENTED_EDGE('',*,*,#2887,.T.);
#2972 = ORIENTED_EDGE('',*,*,#2950,.T.);
#2973 = ORIENTED_EDGE('',*,*,#2974,.F.);
#2974 = EDGE_CURVE('',#2965,#2943,#2975,.T.);
#2975 = LINE('',#2976,#2977);
#2976 = CARTESIAN_POINT('',(-243.9518395093,159.09902576697,18.));
#2977 = VECTOR('',#2978,1.);
#2978 = DIRECTION('',(0.,0.,1.));
#2979 = PLANE('',#2980);
#2980 = AXIS2_PLACEMENT_3D('',#2981,#2982,#2983);
#2981 = CARTESIAN_POINT('',(-229.8097038856,144.95689014324,18.));
#2982 = DIRECTION('',(-0.707106781187,-0.707106781187,0.));
#2983 = DIRECTION('',(0.,0.,1.));
#2984 = ADVANCED_FACE('',(#2985),#2996,.F.);
#2985 = FACE_BOUND('',#2986,.F.);
#2986 = EDGE_LOOP('',(#2987,#2988,#2989,#2995));
#2987 = ORIENTED_EDGE('',*,*,#2879,.F.);
#2988 = ORIENTED_EDGE('',*,*,#2909,.T.);
#2989 = ORIENTED_EDGE('',*,*,#2990,.T.);
#2990 = EDGE_CURVE('',#2910,#2965,#2991,.T.);
#2991 = LINE('',#2992,#2993);
#2992 = CARTESIAN_POINT('',(-159.0990257669,243.95183950935,
    367.90524980688));
#2993 = VECTOR('',#2994,1.);
#2994 = DIRECTION('',(-0.707106781187,-0.707106781187,0.));
#2995 = ORIENTED_EDGE('',*,*,#2964,.F.);
#2996 = PLANE('',#2997);
#2997 = AXIS2_PLACEMENT_3D('',#2998,#2999,#3000);
#2998 = CARTESIAN_POINT('',(-144.9568901432,229.80970388562,
    367.90524980688));
#2999 = DIRECTION('',(0.,0.,1.));
#3000 = DIRECTION('',(-0.707106781187,0.707106781187,0.));
#3001 = ADVANCED_FACE('',(#3002),#3008,.T.);
#3002 = FACE_BOUND('',#3003,.T.);
#3003 = EDGE_LOOP('',(#3004,#3005,#3006,#3007));
#3004 = ORIENTED_EDGE('',*,*,#2926,.F.);
#3005 = ORIENTED_EDGE('',*,*,#2990,.T.);
#3006 = ORIENTED_EDGE('',*,*,#2974,.T.);
#3007 = ORIENTED_EDGE('',*,*,#2942,.F.);
#3008 = PLANE('',#3009);
#3009 = AXIS2_PLACEMENT_3D('',#3010,#3011,#3012);
#3010 = CARTESIAN_POINT('',(-159.0990257669,243.95183950935,18.));
#3011 = DIRECTION('',(-0.707106781187,0.707106781187,0.));
#3012 = DIRECTION('',(0.,0.,1.));
#3013 = ( GEOMETRIC_REPRESENTATION_CONTEXT(3) 
GLOBAL_UNCERTAINTY_ASSIGNED_CONTEXT((#3017)) 
GLOBAL_UNIT_ASSIGNED_CONTEXT((#3014,#3015,#3016)) REPRESENTATION_CONTEXT
('Context #1','3D Context with UNIT and UNCERTAINTY') );
#3014 = ( LENGTH_UNIT() NAMED_UNIT(*) SI_UNIT(.MILLI.,.METRE.) );
#3015 = ( NAMED_UNIT(*) PLANE_ANGLE_UNIT() SI_UNIT($,.RADIAN.) );
#3016 = ( NAMED_UNIT(*) SI_UNIT($,.STERADIAN.) SOLID_ANGLE_UNIT() );
#3017 = UNCERTAINTY_MEASURE_WITH_UNIT(LENGTH_MEASURE(1.E-07),#3014,
  'distance_accuracy_value','confusion accuracy');
#3018 = CONTEXT_DEPENDENT_SHAPE_REPRESENTATION(#3019,#3021);
#3019 = ( REPRESENTATION_RELATIONSHIP('','',#2862,#10) 
REPRESENTATION_RELATIONSHIP_WITH_TRANSFORMATION(#3020) 
SHAPE_REPRESENTATION_RELATIONSHIP() );
#3020 = ITEM_DEFINED_TRANSFORMATION('','',#11,#71);
#3021 = PRODUCT_DEFINITION_SHAPE('Placement','Placement of an item',
  #3022);
#3022 = NEXT_ASSEMBLY_USAGE_OCCURRENCE('15',
  'P15 Arched blade 135 / maple segment 2','',#5,#2857,$);
#3023 = PRODUCT_RELATED_PRODUCT_CATEGORY('part',$,(#2859));
#3024 = SHAPE_DEFINITION_REPRESENTATION(#3025,#3031);
#3025 = PRODUCT_DEFINITION_SHAPE('','',#3026);
#3026 = PRODUCT_DEFINITION('design','',#3027,#3030);
#3027 = PRODUCT_DEFINITION_FORMATION('','',#3028);
#3028 = PRODUCT('P16 Arched blade 135 / maple segment 3',
  'P16 Arched blade 135 / maple segment 3','',(#3029));
#3029 = PRODUCT_CONTEXT('',#2,'mechanical');
#3030 = PRODUCT_DEFINITION_CONTEXT('part definition',#2,'design');
#3031 = ADVANCED_BREP_SHAPE_REPRESENTATION('',(#11,#3032),#3252);
#3032 = MANIFOLD_SOLID_BREP('',#3033);
#3033 = CLOSED_SHELL('',(#3034,#3074,#3105,#3136,#3169,#3202,#3224,#3238
    ));
#3034 = ADVANCED_FACE('',(#3035),#3069,.T.);
#3035 = FACE_BOUND('',#3036,.T.);
#3036 = EDGE_LOOP('',(#3037,#3047,#3055,#3063));
#3037 = ORIENTED_EDGE('',*,*,#3038,.F.);
#3038 = EDGE_CURVE('',#3039,#3041,#3043,.T.);
#3039 = VERTEX_POINT('',#3040);
#3040 = CARTESIAN_POINT('',(-229.8097038856,144.95689014324,
    395.90524980688));
#3041 = VERTEX_POINT('',#3042);
#3042 = CARTESIAN_POINT('',(-243.9518395093,159.09902576697,
    395.90524980688));
#3043 = LINE('',#3044,#3045);
#3044 = CARTESIAN_POINT('',(-229.8097038856,144.95689014324,
    395.90524980688));
#3045 = VECTOR('',#3046,1.);
#3046 = DIRECTION('',(-0.707106781187,0.707106781187,0.));
#3047 = ORIENTED_EDGE('',*,*,#3048,.T.);
#3048 = EDGE_CURVE('',#3039,#3049,#3051,.T.);
#3049 = VERTEX_POINT('',#3050);
#3050 = CARTESIAN_POINT('',(-229.8097038856,144.95689014324,
    471.90524980688));
#3051 = LINE('',#3052,#3053);
#3052 = CARTESIAN_POINT('',(-229.8097038856,144.95689014324,18.));
#3053 = VECTOR('',#3054,1.);
#3054 = DIRECTION('',(0.,0.,1.));
#3055 = ORIENTED_EDGE('',*,*,#3056,.T.);
#3056 = EDGE_CURVE('',#3049,#3057,#3059,.T.);
#3057 = VERTEX_POINT('',#3058);
#3058 = CARTESIAN_POINT('',(-243.9518395093,159.09902576697,
    471.90524980688));
#3059 = LINE('',#3060,#3061);
#3060 = CARTESIAN_POINT('',(-229.8097038856,144.95689014324,
    471.90524980688));
#3061 = VECTOR('',#3062,1.);
#3062 = DIRECTION('',(-0.707106781187,0.707106781187,0.));
#3063 = ORIENTED_EDGE('',*,*,#3064,.F.);
#3064 = EDGE_CURVE('',#3041,#3057,#3065,.T.);
#3065 = LINE('',#3066,#3067);
#3066 = CARTESIAN_POINT('',(-243.9518395093,159.09902576697,18.));
#3067 = VECTOR('',#3068,1.);
#3068 = DIRECTION('',(0.,0.,1.));
#3069 = PLANE('',#3070);
#3070 = AXIS2_PLACEMENT_3D('',#3071,#3072,#3073);
#3071 = CARTESIAN_POINT('',(-229.8097038856,144.95689014324,18.));
#3072 = DIRECTION('',(-0.707106781187,-0.707106781187,0.));
#3073 = DIRECTION('',(0.,0.,1.));
#3074 = ADVANCED_FACE('',(#3075),#3100,.F.);
#3075 = FACE_BOUND('',#3076,.F.);
#3076 = EDGE_LOOP('',(#3077,#3085,#3093,#3099));
#3077 = ORIENTED_EDGE('',*,*,#3078,.F.);
#3078 = EDGE_CURVE('',#3079,#3039,#3081,.T.);
#3079 = VERTEX_POINT('',#3080);
#3080 = CARTESIAN_POINT('',(-144.9568901432,229.80970388562,
    395.90524980688));
#3081 = LINE('',#3082,#3083);
#3082 = CARTESIAN_POINT('',(-144.9568901432,229.80970388562,
    395.90524980688));
#3083 = VECTOR('',#3084,1.);
#3084 = DIRECTION('',(-0.707106781187,-0.707106781187,0.));
#3085 = ORIENTED_EDGE('',*,*,#3086,.T.);
#3086 = EDGE_CURVE('',#3079,#3087,#3089,.T.);
#3087 = VERTEX_POINT('',#3088);
#3088 = CARTESIAN_POINT('',(-159.0990257669,243.95183950935,
    395.90524980688));
#3089 = LINE('',#3090,#3091);
#3090 = CARTESIAN_POINT('',(-144.9568901432,229.80970388562,
    395.90524980688));
#3091 = VECTOR('',#3092,1.);
#3092 = DIRECTION('',(-0.707106781187,0.707106781187,0.));
#3093 = ORIENTED_EDGE('',*,*,#3094,.T.);
#3094 = EDGE_CURVE('',#3087,#3041,#3095,.T.);
#3095 = LINE('',#3096,#3097);
#3096 = CARTESIAN_POINT('',(-159.0990257669,243.95183950935,
    395.90524980688));
#3097 = VECTOR('',#3098,1.);
#3098 = DIRECTION('',(-0.707106781187,-0.707106781187,0.));
#3099 = ORIENTED_EDGE('',*,*,#3038,.F.);
#3100 = PLANE('',#3101);
#3101 = AXIS2_PLACEMENT_3D('',#3102,#3103,#3104);
#3102 = CARTESIAN_POINT('',(-144.9568901432,229.80970388562,
    395.90524980688));
#3103 = DIRECTION('',(0.,0.,1.));
#3104 = DIRECTION('',(-0.707106781187,0.707106781187,0.));
#3105 = ADVANCED_FACE('',(#3106),#3131,.F.);
#3106 = FACE_BOUND('',#3107,.F.);
#3107 = EDGE_LOOP('',(#3108,#3109,#3117,#3125));
#3108 = ORIENTED_EDGE('',*,*,#3086,.F.);
#3109 = ORIENTED_EDGE('',*,*,#3110,.T.);
#3110 = EDGE_CURVE('',#3079,#3111,#3113,.T.);
#3111 = VERTEX_POINT('',#3112);
#3112 = CARTESIAN_POINT('',(-144.9568901432,229.80970388562,
    471.90524980688));
#3113 = LINE('',#3114,#3115);
#3114 = CARTESIAN_POINT('',(-144.9568901432,229.80970388562,18.));
#3115 = VECTOR('',#3116,1.);
#3116 = DIRECTION('',(0.,0.,1.));
#3117 = ORIENTED_EDGE('',*,*,#3118,.T.);
#3118 = EDGE_CURVE('',#3111,#3119,#3121,.T.);
#3119 = VERTEX_POINT('',#3120);
#3120 = CARTESIAN_POINT('',(-159.0990257669,243.95183950935,
    471.90524980688));
#3121 = LINE('',#3122,#3123);
#3122 = CARTESIAN_POINT('',(-144.9568901432,229.80970388562,
    471.90524980688));
#3123 = VECTOR('',#3124,1.);
#3124 = DIRECTION('',(-0.707106781187,0.707106781187,0.));
#3125 = ORIENTED_EDGE('',*,*,#3126,.F.);
#3126 = EDGE_CURVE('',#3087,#3119,#3127,.T.);
#3127 = LINE('',#3128,#3129);
#3128 = CARTESIAN_POINT('',(-159.0990257669,243.95183950935,18.));
#3129 = VECTOR('',#3130,1.);
#3130 = DIRECTION('',(0.,0.,1.));
#3131 = PLANE('',#3132);
#3132 = AXIS2_PLACEMENT_3D('',#3133,#3134,#3135);
#3133 = CARTESIAN_POINT('',(-144.9568901432,229.80970388562,18.));
#3134 = DIRECTION('',(-0.707106781187,-0.707106781187,0.));
#3135 = DIRECTION('',(0.,0.,1.));
#3136 = ADVANCED_FACE('',(#3137),#3164,.T.);
#3137 = FACE_BOUND('',#3138,.T.);
#3138 = EDGE_LOOP('',(#3139,#3148,#3156,#3163));
#3139 = ORIENTED_EDGE('',*,*,#3140,.F.);
#3140 = EDGE_CURVE('',#3141,#3119,#3143,.T.);
#3141 = VERTEX_POINT('',#3142);
#3142 = CARTESIAN_POINT('',(-190.9188309203,212.13203435596,530.));
#3143 = CIRCLE('',#3144,60.);
#3144 = AXIS2_PLACEMENT_3D('',#3145,#3146,#3147);
#3145 = CARTESIAN_POINT('',(-201.5254326381,201.52543263816,
    471.90524980688));
#3146 = DIRECTION('',(-0.707106781187,0.707106781187,0.));
#3147 = DIRECTION('',(0.,0.,1.));
#3148 = ORIENTED_EDGE('',*,*,#3149,.F.);
#3149 = EDGE_CURVE('',#3150,#3141,#3152,.T.);
#3150 = VERTEX_POINT('',#3151);
#3151 = CARTESIAN_POINT('',(-176.7766952966,197.98989873223,530.));
#3152 = LINE('',#3153,#3154);
#3153 = CARTESIAN_POINT('',(-176.7766952966,197.98989873223,530.));
#3154 = VECTOR('',#3155,1.);
#3155 = DIRECTION('',(-0.707106781187,0.707106781187,0.));
#3156 = ORIENTED_EDGE('',*,*,#3157,.T.);
#3157 = EDGE_CURVE('',#3150,#3111,#3158,.T.);
#3158 = CIRCLE('',#3159,60.);
#3159 = AXIS2_PLACEMENT_3D('',#3160,#3161,#3162);
#3160 = CARTESIAN_POINT('',(-187.3832970144,187.38329701443,
    471.90524980688));
#3161 = DIRECTION('',(-0.707106781187,0.707106781187,0.));
#3162 = DIRECTION('',(0.,0.,1.));
#3163 = ORIENTED_EDGE('',*,*,#3118,.T.);
#3164 = CYLINDRICAL_SURFACE('',#3165,60.);
#3165 = AXIS2_PLACEMENT_3D('',#3166,#3167,#3168);
#3166 = CARTESIAN_POINT('',(-187.3832970144,187.38329701443,
    471.90524980688));
#3167 = DIRECTION('',(-0.707106781187,0.707106781187,0.));
#3168 = DIRECTION('',(0.,0.,1.));
#3169 = ADVANCED_FACE('',(#3170),#3197,.T.);
#3170 = FACE_BOUND('',#3171,.T.);
#3171 = EDGE_LOOP('',(#3172,#3182,#3189,#3190));
#3172 = ORIENTED_EDGE('',*,*,#3173,.T.);
#3173 = EDGE_CURVE('',#3174,#3176,#3178,.T.);
#3174 = VERTEX_POINT('',#3175);
#3175 = CARTESIAN_POINT('',(-197.9898987322,176.77669529663,530.));
#3176 = VERTEX_POINT('',#3177);
#3177 = CARTESIAN_POINT('',(-212.1320343559,190.91883092036,530.));
#3178 = LINE('',#3179,#3180);
#3179 = CARTESIAN_POINT('',(-197.9898987322,176.77669529663,530.));
#3180 = VECTOR('',#3181,1.);
#3181 = DIRECTION('',(-0.707106781187,0.707106781187,0.));
#3182 = ORIENTED_EDGE('',*,*,#3183,.F.);
#3183 = EDGE_CURVE('',#3057,#3176,#3184,.T.);
#3184 = CIRCLE('',#3185,60.);
#3185 = AXIS2_PLACEMENT_3D('',#3186,#3187,#3188);
#3186 = CARTESIAN_POINT('',(-201.5254326381,201.52543263816,
    471.90524980688));
#3187 = DIRECTION('',(-0.707106781187,0.707106781187,0.));
#3188 = DIRECTION('',(0.,0.,1.));
#3189 = ORIENTED_EDGE('',*,*,#3056,.F.);
#3190 = ORIENTED_EDGE('',*,*,#3191,.T.);
#3191 = EDGE_CURVE('',#3049,#3174,#3192,.T.);
#3192 = CIRCLE('',#3193,60.);
#3193 = AXIS2_PLACEMENT_3D('',#3194,#3195,#3196);
#3194 = CARTESIAN_POINT('',(-187.3832970144,187.38329701443,
    471.90524980688));
#3195 = DIRECTION('',(-0.707106781187,0.707106781187,0.));
#3196 = DIRECTION('',(0.,0.,1.));
#3197 = CYLINDRICAL_SURFACE('',#3198,60.);
#3198 = AXIS2_PLACEMENT_3D('',#3199,#3200,#3201);
#3199 = CARTESIAN_POINT('',(-187.3832970144,187.38329701443,
    471.90524980688));
#3200 = DIRECTION('',(-0.707106781187,0.707106781187,0.));
#3201 = DIRECTION('',(0.,0.,1.));
#3202 = ADVANCED_FACE('',(#3203),#3219,.T.);
#3203 = FACE_BOUND('',#3204,.T.);
#3204 = EDGE_LOOP('',(#3205,#3211,#3212,#3218));
#3205 = ORIENTED_EDGE('',*,*,#3206,.F.);
#3206 = EDGE_CURVE('',#3150,#3174,#3207,.T.);
#3207 = LINE('',#3208,#3209);
#3208 = CARTESIAN_POINT('',(-144.9568901432,229.80970388562,530.));
#3209 = VECTOR('',#3210,1.);
#3210 = DIRECTION('',(-0.707106781187,-0.707106781187,0.));
#3211 = ORIENTED_EDGE('',*,*,#3149,.T.);
#3212 = ORIENTED_EDGE('',*,*,#3213,.T.);
#3213 = EDGE_CURVE('',#3141,#3176,#3214,.T.);
#3214 = LINE('',#3215,#3216);
#3215 = CARTESIAN_POINT('',(-159.0990257669,243.95183950935,530.));
#3216 = VECTOR('',#3217,1.);
#3217 = DIRECTION('',(-0.707106781187,-0.707106781187,0.));
#3218 = ORIENTED_EDGE('',*,*,#3173,.F.);
#3219 = PLANE('',#3220);
#3220 = AXIS2_PLACEMENT_3D('',#3221,#3222,#3223);
#3221 = CARTESIAN_POINT('',(-144.9568901432,229.80970388562,530.));
#3222 = DIRECTION('',(0.,0.,1.));
#3223 = DIRECTION('',(-0.707106781187,0.707106781187,0.));
#3224 = ADVANCED_FACE('',(#3225),#3233,.T.);
#3225 = FACE_BOUND('',#3226,.T.);
#3226 = EDGE_LOOP('',(#3227,#3228,#3229,#3230,#3231,#3232));
#3227 = ORIENTED_EDGE('',*,*,#3110,.T.);
#3228 = ORIENTED_EDGE('',*,*,#3157,.F.);
#3229 = ORIENTED_EDGE('',*,*,#3206,.T.);
#3230 = ORIENTED_EDGE('',*,*,#3191,.F.);
#3231 = ORIENTED_EDGE('',*,*,#3048,.F.);
#3232 = ORIENTED_EDGE('',*,*,#3078,.F.);
#3233 = PLANE('',#3234);
#3234 = AXIS2_PLACEMENT_3D('',#3235,#3236,#3237);
#3235 = CARTESIAN_POINT('',(-187.3832970144,187.38329701443,
    454.72751870174));
#3236 = DIRECTION('',(0.707106781187,-0.707106781187,-0.));
#3237 = DIRECTION('',(-0.707106781187,-0.707106781187,0.));
#3238 = ADVANCED_FACE('',(#3239),#3247,.T.);
#3239 = FACE_BOUND('',#3240,.T.);
#3240 = EDGE_LOOP('',(#3241,#3242,#3243,#3244,#3245,#3246));
#3241 = ORIENTED_EDGE('',*,*,#3126,.F.);
#3242 = ORIENTED_EDGE('',*,*,#3094,.T.);
#3243 = ORIENTED_EDGE('',*,*,#3064,.T.);
#3244 = ORIENTED_EDGE('',*,*,#3183,.T.);
#3245 = ORIENTED_EDGE('',*,*,#3213,.F.);
#3246 = ORIENTED_EDGE('',*,*,#3140,.T.);
#3247 = PLANE('',#3248);
#3248 = AXIS2_PLACEMENT_3D('',#3249,#3250,#3251);
#3249 = CARTESIAN_POINT('',(-201.5254326381,201.52543263816,
    454.72751870174));
#3250 = DIRECTION('',(-0.707106781187,0.707106781187,0.));
#3251 = DIRECTION('',(0.707106781187,0.707106781187,0.));
#3252 = ( GEOMETRIC_REPRESENTATION_CONTEXT(3) 
GLOBAL_UNCERTAINTY_ASSIGNED_CONTEXT((#3256)) 
GLOBAL_UNIT_ASSIGNED_CONTEXT((#3253,#3254,#3255)) REPRESENTATION_CONTEXT
('Context #1','3D Context with UNIT and UNCERTAINTY') );
#3253 = ( LENGTH_UNIT() NAMED_UNIT(*) SI_UNIT(.MILLI.,.METRE.) );
#3254 = ( NAMED_UNIT(*) PLANE_ANGLE_UNIT() SI_UNIT($,.RADIAN.) );
#3255 = ( NAMED_UNIT(*) SI_UNIT($,.STERADIAN.) SOLID_ANGLE_UNIT() );
#3256 = UNCERTAINTY_MEASURE_WITH_UNIT(LENGTH_MEASURE(1.E-07),#3253,
  'distance_accuracy_value','confusion accuracy');
#3257 = CONTEXT_DEPENDENT_SHAPE_REPRESENTATION(#3258,#3260);
#3258 = ( REPRESENTATION_RELATIONSHIP('','',#3031,#10) 
REPRESENTATION_RELATIONSHIP_WITH_TRANSFORMATION(#3259) 
SHAPE_REPRESENTATION_RELATIONSHIP() );
#3259 = ITEM_DEFINED_TRANSFORMATION('','',#11,#75);
#3260 = PRODUCT_DEFINITION_SHAPE('Placement','Placement of an item',
  #3261);
#3261 = NEXT_ASSEMBLY_USAGE_OCCURRENCE('16',
  'P16 Arched blade 135 / maple segment 3','',#5,#3026,$);
#3262 = PRODUCT_RELATED_PRODUCT_CATEGORY('part',$,(#3028));
#3263 = SHAPE_DEFINITION_REPRESENTATION(#3264,#3270);
#3264 = PRODUCT_DEFINITION_SHAPE('','',#3265);
#3265 = PRODUCT_DEFINITION('design','',#3266,#3269);
#3266 = PRODUCT_DEFINITION_FORMATION('','',#3267);
#3267 = PRODUCT('P17 Slot jamb 135 / -1','P17 Slot jamb 135 / -1','',(
    #3268));
#3268 = PRODUCT_CONTEXT('',#2,'mechanical');
#3269 = PRODUCT_DEFINITION_CONTEXT('part definition',#2,'design');
#3270 = ADVANCED_BREP_SHAPE_REPRESENTATION('',(#11,#3271),#3421);
#3271 = MANIFOLD_SOLID_BREP('',#3272);
#3272 = CLOSED_SHELL('',(#3273,#3313,#3353,#3375,#3397,#3409));
#3273 = ADVANCED_FACE('',(#3274),#3308,.F.);
#3274 = FACE_BOUND('',#3275,.F.);
#3275 = EDGE_LOOP('',(#3276,#3286,#3294,#3302));
#3276 = ORIENTED_EDGE('',*,*,#3277,.F.);
#3277 = EDGE_CURVE('',#3278,#3280,#3282,.T.);
#3278 = VERTEX_POINT('',#3279);
#3279 = CARTESIAN_POINT('',(-177.4838020778,197.28279195104,18.));
#3280 = VERTEX_POINT('',#3281);
#3281 = CARTESIAN_POINT('',(-177.4838020778,197.28279195104,280.));
#3282 = LINE('',#3283,#3284);
#3283 = CARTESIAN_POINT('',(-177.4838020778,197.28279195104,18.));
#3284 = VECTOR('',#3285,1.);
#3285 = DIRECTION('',(0.,0.,1.));
#3286 = ORIENTED_EDGE('',*,*,#3287,.T.);
#3287 = EDGE_CURVE('',#3278,#3288,#3290,.T.);
#3288 = VERTEX_POINT('',#3289);
#3289 = CARTESIAN_POINT('',(-180.3122292025,194.4543648263,18.));
#3290 = LINE('',#3291,#3292);
#3291 = CARTESIAN_POINT('',(-177.4838020778,197.28279195104,18.));
#3292 = VECTOR('',#3293,1.);
#3293 = DIRECTION('',(-0.707106781187,-0.707106781187,0.));
#3294 = ORIENTED_EDGE('',*,*,#3295,.T.);
#3295 = EDGE_CURVE('',#3288,#3296,#3298,.T.);
#3296 = VERTEX_POINT('',#3297);
#3297 = CARTESIAN_POINT('',(-180.3122292025,194.4543648263,280.));
#3298 = LINE('',#3299,#3300);
#3299 = CARTESIAN_POINT('',(-180.3122292025,194.4543648263,18.));
#3300 = VECTOR('',#3301,1.);
#3301 = DIRECTION('',(0.,0.,1.));
#3302 = ORIENTED_EDGE('',*,*,#3303,.F.);
#3303 = EDGE_CURVE('',#3280,#3296,#3304,.T.);
#3304 = LINE('',#3305,#3306);
#3305 = CARTESIAN_POINT('',(-177.4838020778,197.28279195104,280.));
#3306 = VECTOR('',#3307,1.);
#3307 = DIRECTION('',(-0.707106781187,-0.707106781187,0.));
#3308 = PLANE('',#3309);
#3309 = AXIS2_PLACEMENT_3D('',#3310,#3311,#3312);
#3310 = CARTESIAN_POINT('',(-177.4838020778,197.28279195104,18.));
#3311 = DIRECTION('',(-0.707106781187,0.707106781187,0.));
#3312 = DIRECTION('',(0.,0.,1.));
#3313 = ADVANCED_FACE('',(#3314),#3348,.T.);
#3314 = FACE_BOUND('',#3315,.T.);
#3315 = EDGE_LOOP('',(#3316,#3326,#3334,#3342));
#3316 = ORIENTED_EDGE('',*,*,#3317,.F.);
#3317 = EDGE_CURVE('',#3318,#3320,#3322,.T.);
#3318 = VERTEX_POINT('',#3319);
#3319 = CARTESIAN_POINT('',(-191.6259377015,211.42492757477,18.));
#3320 = VERTEX_POINT('',#3321);
#3321 = CARTESIAN_POINT('',(-191.6259377015,211.42492757477,280.));
#3322 = LINE('',#3323,#3324);
#3323 = CARTESIAN_POINT('',(-191.6259377015,211.42492757477,18.));
#3324 = VECTOR('',#3325,1.);
#3325 = DIRECTION('',(0.,0.,1.));
#3326 = ORIENTED_EDGE('',*,*,#3327,.T.);
#3327 = EDGE_CURVE('',#3318,#3328,#3330,.T.);
#3328 = VERTEX_POINT('',#3329);
#3329 = CARTESIAN_POINT('',(-194.4543648263,208.59650045003,18.));
#3330 = LINE('',#3331,#3332);
#3331 = CARTESIAN_POINT('',(-191.6259377015,211.42492757477,18.));
#3332 = VECTOR('',#3333,1.);
#3333 = DIRECTION('',(-0.707106781187,-0.707106781187,0.));
#3334 = ORIENTED_EDGE('',*,*,#3335,.T.);
#3335 = EDGE_CURVE('',#3328,#3336,#3338,.T.);
#3336 = VERTEX_POINT('',#3337);
#3337 = CARTESIAN_POINT('',(-194.4543648263,208.59650045003,280.));
#3338 = LINE('',#3339,#3340);
#3339 = CARTESIAN_POINT('',(-194.4543648263,208.59650045003,18.));
#3340 = VECTOR('',#3341,1.);
#3341 = DIRECTION('',(0.,0.,1.));
#3342 = ORIENTED_EDGE('',*,*,#3343,.F.);
#3343 = EDGE_CURVE('',#3320,#3336,#3344,.T.);
#3344 = LINE('',#3345,#3346);
#3345 = CARTESIAN_POINT('',(-191.6259377015,211.42492757477,280.));
#3346 = VECTOR('',#3347,1.);
#3347 = DIRECTION('',(-0.707106781187,-0.707106781187,0.));
#3348 = PLANE('',#3349);
#3349 = AXIS2_PLACEMENT_3D('',#3350,#3351,#3352);
#3350 = CARTESIAN_POINT('',(-191.6259377015,211.42492757477,18.));
#3351 = DIRECTION('',(-0.707106781187,0.707106781187,0.));
#3352 = DIRECTION('',(0.,0.,1.));
#3353 = ADVANCED_FACE('',(#3354),#3370,.F.);
#3354 = FACE_BOUND('',#3355,.F.);
#3355 = EDGE_LOOP('',(#3356,#3362,#3363,#3369));
#3356 = ORIENTED_EDGE('',*,*,#3357,.F.);
#3357 = EDGE_CURVE('',#3278,#3318,#3358,.T.);
#3358 = LINE('',#3359,#3360);
#3359 = CARTESIAN_POINT('',(-177.4838020778,197.28279195104,18.));
#3360 = VECTOR('',#3361,1.);
#3361 = DIRECTION('',(-0.707106781187,0.707106781187,0.));
#3362 = ORIENTED_EDGE('',*,*,#3277,.T.);
#3363 = ORIENTED_EDGE('',*,*,#3364,.T.);
#3364 = EDGE_CURVE('',#3280,#3320,#3365,.T.);
#3365 = LINE('',#3366,#3367);
#3366 = CARTESIAN_POINT('',(-177.4838020778,197.28279195104,280.));
#3367 = VECTOR('',#3368,1.);
#3368 = DIRECTION('',(-0.707106781187,0.707106781187,0.));
#3369 = ORIENTED_EDGE('',*,*,#3317,.F.);
#3370 = PLANE('',#3371);
#3371 = AXIS2_PLACEMENT_3D('',#3372,#3373,#3374);
#3372 = CARTESIAN_POINT('',(-177.4838020778,197.28279195104,18.));
#3373 = DIRECTION('',(-0.707106781187,-0.707106781187,0.));
#3374 = DIRECTION('',(0.,0.,1.));
#3375 = ADVANCED_FACE('',(#3376),#3392,.T.);
#3376 = FACE_BOUND('',#3377,.T.);
#3377 = EDGE_LOOP('',(#3378,#3384,#3385,#3391));
#3378 = ORIENTED_EDGE('',*,*,#3379,.F.);
#3379 = EDGE_CURVE('',#3288,#3328,#3380,.T.);
#3380 = LINE('',#3381,#3382);
#3381 = CARTESIAN_POINT('',(-180.3122292025,194.4543648263,18.));
#3382 = VECTOR('',#3383,1.);
#3383 = DIRECTION('',(-0.707106781187,0.707106781187,0.));
#3384 = ORIENTED_EDGE('',*,*,#3295,.T.);
#3385 = ORIENTED_EDGE('',*,*,#3386,.T.);
#3386 = EDGE_CURVE('',#3296,#3336,#3387,.T.);
#3387 = LINE('',#3388,#3389);
#3388 = CARTESIAN_POINT('',(-180.3122292025,194.4543648263,280.));
#3389 = VECTOR('',#3390,1.);
#3390 = DIRECTION('',(-0.707106781187,0.707106781187,0.));
#3391 = ORIENTED_EDGE('',*,*,#3335,.F.);
#3392 = PLANE('',#3393);
#3393 = AXIS2_PLACEMENT_3D('',#3394,#3395,#3396);
#3394 = CARTESIAN_POINT('',(-180.3122292025,194.4543648263,18.));
#3395 = DIRECTION('',(-0.707106781187,-0.707106781187,0.));
#3396 = DIRECTION('',(0.,0.,1.));
#3397 = ADVANCED_FACE('',(#3398),#3404,.F.);
#3398 = FACE_BOUND('',#3399,.F.);
#3399 = EDGE_LOOP('',(#3400,#3401,#3402,#3403));
#3400 = ORIENTED_EDGE('',*,*,#3287,.F.);
#3401 = ORIENTED_EDGE('',*,*,#3357,.T.);
#3402 = ORIENTED_EDGE('',*,*,#3327,.T.);
#3403 = ORIENTED_EDGE('',*,*,#3379,.F.);
#3404 = PLANE('',#3405);
#3405 = AXIS2_PLACEMENT_3D('',#3406,#3407,#3408);
#3406 = CARTESIAN_POINT('',(-177.4838020778,197.28279195104,18.));
#3407 = DIRECTION('',(0.,0.,1.));
#3408 = DIRECTION('',(-0.707106781187,0.707106781187,0.));
#3409 = ADVANCED_FACE('',(#3410),#3416,.T.);
#3410 = FACE_BOUND('',#3411,.T.);
#3411 = EDGE_LOOP('',(#3412,#3413,#3414,#3415));
#3412 = ORIENTED_EDGE('',*,*,#3303,.F.);
#3413 = ORIENTED_EDGE('',*,*,#3364,.T.);
#3414 = ORIENTED_EDGE('',*,*,#3343,.T.);
#3415 = ORIENTED_EDGE('',*,*,#3386,.F.);
#3416 = PLANE('',#3417);
#3417 = AXIS2_PLACEMENT_3D('',#3418,#3419,#3420);
#3418 = CARTESIAN_POINT('',(-177.4838020778,197.28279195104,280.));
#3419 = DIRECTION('',(0.,0.,1.));
#3420 = DIRECTION('',(-0.707106781187,0.707106781187,0.));
#3421 = ( GEOMETRIC_REPRESENTATION_CONTEXT(3) 
GLOBAL_UNCERTAINTY_ASSIGNED_CONTEXT((#3425)) 
GLOBAL_UNIT_ASSIGNED_CONTEXT((#3422,#3423,#3424)) REPRESENTATION_CONTEXT
('Context #1','3D Context with UNIT and UNCERTAINTY') );
#3422 = ( LENGTH_UNIT() NAMED_UNIT(*) SI_UNIT(.MILLI.,.METRE.) );
#3423 = ( NAMED_UNIT(*) PLANE_ANGLE_UNIT() SI_UNIT($,.RADIAN.) );
#3424 = ( NAMED_UNIT(*) SI_UNIT($,.STERADIAN.) SOLID_ANGLE_UNIT() );
#3425 = UNCERTAINTY_MEASURE_WITH_UNIT(LENGTH_MEASURE(1.E-07),#3422,
  'distance_accuracy_value','confusion accuracy');
#3426 = CONTEXT_DEPENDENT_SHAPE_REPRESENTATION(#3427,#3429);
#3427 = ( REPRESENTATION_RELATIONSHIP('','',#3270,#10) 
REPRESENTATION_RELATIONSHIP_WITH_TRANSFORMATION(#3428) 
SHAPE_REPRESENTATION_RELATIONSHIP() );
#3428 = ITEM_DEFINED_TRANSFORMATION('','',#11,#79);
#3429 = PRODUCT_DEFINITION_SHAPE('Placement','Placement of an item',
  #3430);
#3430 = NEXT_ASSEMBLY_USAGE_OCCURRENCE('17','P17 Slot jamb 135 / -1','',
  #5,#3265,$);
#3431 = PRODUCT_RELATED_PRODUCT_CATEGORY('part',$,(#3267));
#3432 = SHAPE_DEFINITION_REPRESENTATION(#3433,#3439);
#3433 = PRODUCT_DEFINITION_SHAPE('','',#3434);
#3434 = PRODUCT_DEFINITION('design','',#3435,#3438);
#3435 = PRODUCT_DEFINITION_FORMATION('','',#3436);
#3436 = PRODUCT('P18 Slot jamb 135 / 1','P18 Slot jamb 135 / 1','',(
    #3437));
#3437 = PRODUCT_CONTEXT('',#2,'mechanical');
#3438 = PRODUCT_DEFINITION_CONTEXT('part definition',#2,'design');
#3439 = ADVANCED_BREP_SHAPE_REPRESENTATION('',(#11,#3440),#3590);
#3440 = MANIFOLD_SOLID_BREP('',#3441);
#3441 = CLOSED_SHELL('',(#3442,#3482,#3522,#3544,#3566,#3578));
#3442 = ADVANCED_FACE('',(#3443),#3477,.F.);
#3443 = FACE_BOUND('',#3444,.F.);
#3444 = EDGE_LOOP('',(#3445,#3455,#3463,#3471));
#3445 = ORIENTED_EDGE('',*,*,#3446,.F.);
#3446 = EDGE_CURVE('',#3447,#3449,#3451,.T.);
#3447 = VERTEX_POINT('',#3448);
#3448 = CARTESIAN_POINT('',(-194.4543648263,180.31222920257,18.));
#3449 = VERTEX_POINT('',#3450);
#3450 = CARTESIAN_POINT('',(-194.4543648263,180.31222920257,280.));
#3451 = LINE('',#3452,#3453);
#3452 = CARTESIAN_POINT('',(-194.4543648263,180.31222920257,18.));
#3453 = VECTOR('',#3454,1.);
#3454 = DIRECTION('',(0.,0.,1.));
#3455 = ORIENTED_EDGE('',*,*,#3456,.T.);
#3456 = EDGE_CURVE('',#3447,#3457,#3459,.T.);
#3457 = VERTEX_POINT('',#3458);
#3458 = CARTESIAN_POINT('',(-197.282791951,177.48380207782,18.));
#3459 = LINE('',#3460,#3461);
#3460 = CARTESIAN_POINT('',(-194.4543648263,180.31222920257,18.));
#3461 = VECTOR('',#3462,1.);
#3462 = DIRECTION('',(-0.707106781187,-0.707106781187,0.));
#3463 = ORIENTED_EDGE('',*,*,#3464,.T.);
#3464 = EDGE_CURVE('',#3457,#3465,#3467,.T.);
#3465 = VERTEX_POINT('',#3466);
#3466 = CARTESIAN_POINT('',(-197.282791951,177.48380207782,280.));
#3467 = LINE('',#3468,#3469);
#3468 = CARTESIAN_POINT('',(-197.282791951,177.48380207782,18.));
#3469 = VECTOR('',#3470,1.);
#3470 = DIRECTION('',(0.,0.,1.));
#3471 = ORIENTED_EDGE('',*,*,#3472,.F.);
#3472 = EDGE_CURVE('',#3449,#3465,#3473,.T.);
#3473 = LINE('',#3474,#3475);
#3474 = CARTESIAN_POINT('',(-194.4543648263,180.31222920257,280.));
#3475 = VECTOR('',#3476,1.);
#3476 = DIRECTION('',(-0.707106781187,-0.707106781187,0.));
#3477 = PLANE('',#3478);
#3478 = AXIS2_PLACEMENT_3D('',#3479,#3480,#3481);
#3479 = CARTESIAN_POINT('',(-194.4543648263,180.31222920257,18.));
#3480 = DIRECTION('',(-0.707106781187,0.707106781187,0.));
#3481 = DIRECTION('',(0.,0.,1.));
#3482 = ADVANCED_FACE('',(#3483),#3517,.T.);
#3483 = FACE_BOUND('',#3484,.T.);
#3484 = EDGE_LOOP('',(#3485,#3495,#3503,#3511));
#3485 = ORIENTED_EDGE('',*,*,#3486,.F.);
#3486 = EDGE_CURVE('',#3487,#3489,#3491,.T.);
#3487 = VERTEX_POINT('',#3488);
#3488 = CARTESIAN_POINT('',(-208.59650045,194.4543648263,18.));
#3489 = VERTEX_POINT('',#3490);
#3490 = CARTESIAN_POINT('',(-208.59650045,194.4543648263,280.));
#3491 = LINE('',#3492,#3493);
#3492 = CARTESIAN_POINT('',(-208.59650045,194.4543648263,18.));
#3493 = VECTOR('',#3494,1.);
#3494 = DIRECTION('',(0.,0.,1.));
#3495 = ORIENTED_EDGE('',*,*,#3496,.T.);
#3496 = EDGE_CURVE('',#3487,#3497,#3499,.T.);
#3497 = VERTEX_POINT('',#3498);
#3498 = CARTESIAN_POINT('',(-211.4249275747,191.62593770155,18.));
#3499 = LINE('',#3500,#3501);
#3500 = CARTESIAN_POINT('',(-208.59650045,194.4543648263,18.));
#3501 = VECTOR('',#3502,1.);
#3502 = DIRECTION('',(-0.707106781187,-0.707106781187,0.));
#3503 = ORIENTED_EDGE('',*,*,#3504,.T.);
#3504 = EDGE_CURVE('',#3497,#3505,#3507,.T.);
#3505 = VERTEX_POINT('',#3506);
#3506 = CARTESIAN_POINT('',(-211.4249275747,191.62593770155,280.));
#3507 = LINE('',#3508,#3509);
#3508 = CARTESIAN_POINT('',(-211.4249275747,191.62593770155,18.));
#3509 = VECTOR('',#3510,1.);
#3510 = DIRECTION('',(0.,0.,1.));
#3511 = ORIENTED_EDGE('',*,*,#3512,.F.);
#3512 = EDGE_CURVE('',#3489,#3505,#3513,.T.);
#3513 = LINE('',#3514,#3515);
#3514 = CARTESIAN_POINT('',(-208.59650045,194.4543648263,280.));
#3515 = VECTOR('',#3516,1.);
#3516 = DIRECTION('',(-0.707106781187,-0.707106781187,0.));
#3517 = PLANE('',#3518);
#3518 = AXIS2_PLACEMENT_3D('',#3519,#3520,#3521);
#3519 = CARTESIAN_POINT('',(-208.59650045,194.4543648263,18.));
#3520 = DIRECTION('',(-0.707106781187,0.707106781187,0.));
#3521 = DIRECTION('',(0.,0.,1.));
#3522 = ADVANCED_FACE('',(#3523),#3539,.F.);
#3523 = FACE_BOUND('',#3524,.F.);
#3524 = EDGE_LOOP('',(#3525,#3531,#3532,#3538));
#3525 = ORIENTED_EDGE('',*,*,#3526,.F.);
#3526 = EDGE_CURVE('',#3447,#3487,#3527,.T.);
#3527 = LINE('',#3528,#3529);
#3528 = CARTESIAN_POINT('',(-194.4543648263,180.31222920257,18.));
#3529 = VECTOR('',#3530,1.);
#3530 = DIRECTION('',(-0.707106781187,0.707106781187,0.));
#3531 = ORIENTED_EDGE('',*,*,#3446,.T.);
#3532 = ORIENTED_EDGE('',*,*,#3533,.T.);
#3533 = EDGE_CURVE('',#3449,#3489,#3534,.T.);
#3534 = LINE('',#3535,#3536);
#3535 = CARTESIAN_POINT('',(-194.4543648263,180.31222920257,280.));
#3536 = VECTOR('',#3537,1.);
#3537 = DIRECTION('',(-0.707106781187,0.707106781187,0.));
#3538 = ORIENTED_EDGE('',*,*,#3486,.F.);
#3539 = PLANE('',#3540);
#3540 = AXIS2_PLACEMENT_3D('',#3541,#3542,#3543);
#3541 = CARTESIAN_POINT('',(-194.4543648263,180.31222920257,18.));
#3542 = DIRECTION('',(-0.707106781187,-0.707106781187,0.));
#3543 = DIRECTION('',(0.,0.,1.));
#3544 = ADVANCED_FACE('',(#3545),#3561,.T.);
#3545 = FACE_BOUND('',#3546,.T.);
#3546 = EDGE_LOOP('',(#3547,#3553,#3554,#3560));
#3547 = ORIENTED_EDGE('',*,*,#3548,.F.);
#3548 = EDGE_CURVE('',#3457,#3497,#3549,.T.);
#3549 = LINE('',#3550,#3551);
#3550 = CARTESIAN_POINT('',(-197.282791951,177.48380207782,18.));
#3551 = VECTOR('',#3552,1.);
#3552 = DIRECTION('',(-0.707106781187,0.707106781187,0.));
#3553 = ORIENTED_EDGE('',*,*,#3464,.T.);
#3554 = ORIENTED_EDGE('',*,*,#3555,.T.);
#3555 = EDGE_CURVE('',#3465,#3505,#3556,.T.);
#3556 = LINE('',#3557,#3558);
#3557 = CARTESIAN_POINT('',(-197.282791951,177.48380207782,280.));
#3558 = VECTOR('',#3559,1.);
#3559 = DIRECTION('',(-0.707106781187,0.707106781187,0.));
#3560 = ORIENTED_EDGE('',*,*,#3504,.F.);
#3561 = PLANE('',#3562);
#3562 = AXIS2_PLACEMENT_3D('',#3563,#3564,#3565);
#3563 = CARTESIAN_POINT('',(-197.282791951,177.48380207782,18.));
#3564 = DIRECTION('',(-0.707106781187,-0.707106781187,0.));
#3565 = DIRECTION('',(0.,0.,1.));
#3566 = ADVANCED_FACE('',(#3567),#3573,.F.);
#3567 = FACE_BOUND('',#3568,.F.);
#3568 = EDGE_LOOP('',(#3569,#3570,#3571,#3572));
#3569 = ORIENTED_EDGE('',*,*,#3456,.F.);
#3570 = ORIENTED_EDGE('',*,*,#3526,.T.);
#3571 = ORIENTED_EDGE('',*,*,#3496,.T.);
#3572 = ORIENTED_EDGE('',*,*,#3548,.F.);
#3573 = PLANE('',#3574);
#3574 = AXIS2_PLACEMENT_3D('',#3575,#3576,#3577);
#3575 = CARTESIAN_POINT('',(-194.4543648263,180.31222920257,18.));
#3576 = DIRECTION('',(0.,0.,1.));
#3577 = DIRECTION('',(-0.707106781187,0.707106781187,0.));
#3578 = ADVANCED_FACE('',(#3579),#3585,.T.);
#3579 = FACE_BOUND('',#3580,.T.);
#3580 = EDGE_LOOP('',(#3581,#3582,#3583,#3584));
#3581 = ORIENTED_EDGE('',*,*,#3472,.F.);
#3582 = ORIENTED_EDGE('',*,*,#3533,.T.);
#3583 = ORIENTED_EDGE('',*,*,#3512,.T.);
#3584 = ORIENTED_EDGE('',*,*,#3555,.F.);
#3585 = PLANE('',#3586);
#3586 = AXIS2_PLACEMENT_3D('',#3587,#3588,#3589);
#3587 = CARTESIAN_POINT('',(-194.4543648263,180.31222920257,280.));
#3588 = DIRECTION('',(0.,0.,1.));
#3589 = DIRECTION('',(-0.707106781187,0.707106781187,0.));
#3590 = ( GEOMETRIC_REPRESENTATION_CONTEXT(3) 
GLOBAL_UNCERTAINTY_ASSIGNED_CONTEXT((#3594)) 
GLOBAL_UNIT_ASSIGNED_CONTEXT((#3591,#3592,#3593)) REPRESENTATION_CONTEXT
('Context #1','3D Context with UNIT and UNCERTAINTY') );
#3591 = ( LENGTH_UNIT() NAMED_UNIT(*) SI_UNIT(.MILLI.,.METRE.) );
#3592 = ( NAMED_UNIT(*) PLANE_ANGLE_UNIT() SI_UNIT($,.RADIAN.) );
#3593 = ( NAMED_UNIT(*) SI_UNIT($,.STERADIAN.) SOLID_ANGLE_UNIT() );
#3594 = UNCERTAINTY_MEASURE_WITH_UNIT(LENGTH_MEASURE(1.E-07),#3591,
  'distance_accuracy_value','confusion accuracy');
#3595 = CONTEXT_DEPENDENT_SHAPE_REPRESENTATION(#3596,#3598);
#3596 = ( REPRESENTATION_RELATIONSHIP('','',#3439,#10) 
REPRESENTATION_RELATIONSHIP_WITH_TRANSFORMATION(#3597) 
SHAPE_REPRESENTATION_RELATIONSHIP() );
#3597 = ITEM_DEFINED_TRANSFORMATION('','',#11,#83);
#3598 = PRODUCT_DEFINITION_SHAPE('Placement','Placement of an item',
  #3599);
#3599 = NEXT_ASSEMBLY_USAGE_OCCURRENCE('18','P18 Slot jamb 135 / 1','',
  #5,#3434,$);
#3600 = PRODUCT_RELATED_PRODUCT_CATEGORY('part',$,(#3436));
#3601 = SHAPE_DEFINITION_REPRESENTATION(#3602,#3608);
#3602 = PRODUCT_DEFINITION_SHAPE('','',#3603);
#3603 = PRODUCT_DEFINITION('design','',#3604,#3607);
#3604 = PRODUCT_DEFINITION_FORMATION('','',#3605);
#3605 = PRODUCT('P19 Slot lintel 135','P19 Slot lintel 135','',(#3606));
#3606 = PRODUCT_CONTEXT('',#2,'mechanical');
#3607 = PRODUCT_DEFINITION_CONTEXT('part definition',#2,'design');
#3608 = ADVANCED_BREP_SHAPE_REPRESENTATION('',(#11,#3609),#3759);
#3609 = MANIFOLD_SOLID_BREP('',#3610);
#3610 = CLOSED_SHELL('',(#3611,#3651,#3691,#3713,#3735,#3747));
#3611 = ADVANCED_FACE('',(#3612),#3646,.F.);
#3612 = FACE_BOUND('',#3613,.F.);
#3613 = EDGE_LOOP('',(#3614,#3624,#3632,#3640));
#3614 = ORIENTED_EDGE('',*,*,#3615,.F.);
#3615 = EDGE_CURVE('',#3616,#3618,#3620,.T.);
#3616 = VERTEX_POINT('',#3617);
#3617 = CARTESIAN_POINT('',(-177.4838020778,197.28279195104,280.));
#3618 = VERTEX_POINT('',#3619);
#3619 = CARTESIAN_POINT('',(-177.4838020778,197.28279195104,284.));
#3620 = LINE('',#3621,#3622);
#3621 = CARTESIAN_POINT('',(-177.4838020778,197.28279195104,280.));
#3622 = VECTOR('',#3623,1.);
#3623 = DIRECTION('',(0.,0.,1.));
#3624 = ORIENTED_EDGE('',*,*,#3625,.T.);
#3625 = EDGE_CURVE('',#3616,#3626,#3628,.T.);
#3626 = VERTEX_POINT('',#3627);
#3627 = CARTESIAN_POINT('',(-197.282791951,177.48380207782,280.));
#3628 = LINE('',#3629,#3630);
#3629 = CARTESIAN_POINT('',(-177.4838020778,197.28279195104,280.));
#3630 = VECTOR('',#3631,1.);
#3631 = DIRECTION('',(-0.707106781187,-0.707106781187,0.));
#3632 = ORIENTED_EDGE('',*,*,#3633,.T.);
#3633 = EDGE_CURVE('',#3626,#3634,#3636,.T.);
#3634 = VERTEX_POINT('',#3635);
#3635 = CARTESIAN_POINT('',(-197.282791951,177.48380207782,284.));
#3636 = LINE('',#3637,#3638);
#3637 = CARTESIAN_POINT('',(-197.282791951,177.48380207782,280.));
#3638 = VECTOR('',#3639,1.);
#3639 = DIRECTION('',(0.,0.,1.));
#3640 = ORIENTED_EDGE('',*,*,#3641,.F.);
#3641 = EDGE_CURVE('',#3618,#3634,#3642,.T.);
#3642 = LINE('',#3643,#3644);
#3643 = CARTESIAN_POINT('',(-177.4838020778,197.28279195104,284.));
#3644 = VECTOR('',#3645,1.);
#3645 = DIRECTION('',(-0.707106781187,-0.707106781187,0.));
#3646 = PLANE('',#3647);
#3647 = AXIS2_PLACEMENT_3D('',#3648,#3649,#3650);
#3648 = CARTESIAN_POINT('',(-177.4838020778,197.28279195104,280.));
#3649 = DIRECTION('',(-0.707106781187,0.707106781187,0.));
#3650 = DIRECTION('',(0.,0.,1.));
#3651 = ADVANCED_FACE('',(#3652),#3686,.T.);
#3652 = FACE_BOUND('',#3653,.T.);
#3653 = EDGE_LOOP('',(#3654,#3664,#3672,#3680));
#3654 = ORIENTED_EDGE('',*,*,#3655,.F.);
#3655 = EDGE_CURVE('',#3656,#3658,#3660,.T.);
#3656 = VERTEX_POINT('',#3657);
#3657 = CARTESIAN_POINT('',(-191.6259377015,211.42492757477,280.));
#3658 = VERTEX_POINT('',#3659);
#3659 = CARTESIAN_POINT('',(-191.6259377015,211.42492757477,284.));
#3660 = LINE('',#3661,#3662);
#3661 = CARTESIAN_POINT('',(-191.6259377015,211.42492757477,280.));
#3662 = VECTOR('',#3663,1.);
#3663 = DIRECTION('',(0.,0.,1.));
#3664 = ORIENTED_EDGE('',*,*,#3665,.T.);
#3665 = EDGE_CURVE('',#3656,#3666,#3668,.T.);
#3666 = VERTEX_POINT('',#3667);
#3667 = CARTESIAN_POINT('',(-211.4249275747,191.62593770155,280.));
#3668 = LINE('',#3669,#3670);
#3669 = CARTESIAN_POINT('',(-191.6259377015,211.42492757477,280.));
#3670 = VECTOR('',#3671,1.);
#3671 = DIRECTION('',(-0.707106781187,-0.707106781187,0.));
#3672 = ORIENTED_EDGE('',*,*,#3673,.T.);
#3673 = EDGE_CURVE('',#3666,#3674,#3676,.T.);
#3674 = VERTEX_POINT('',#3675);
#3675 = CARTESIAN_POINT('',(-211.4249275747,191.62593770155,284.));
#3676 = LINE('',#3677,#3678);
#3677 = CARTESIAN_POINT('',(-211.4249275747,191.62593770155,280.));
#3678 = VECTOR('',#3679,1.);
#3679 = DIRECTION('',(0.,0.,1.));
#3680 = ORIENTED_EDGE('',*,*,#3681,.F.);
#3681 = EDGE_CURVE('',#3658,#3674,#3682,.T.);
#3682 = LINE('',#3683,#3684);
#3683 = CARTESIAN_POINT('',(-191.6259377015,211.42492757477,284.));
#3684 = VECTOR('',#3685,1.);
#3685 = DIRECTION('',(-0.707106781187,-0.707106781187,0.));
#3686 = PLANE('',#3687);
#3687 = AXIS2_PLACEMENT_3D('',#3688,#3689,#3690);
#3688 = CARTESIAN_POINT('',(-191.6259377015,211.42492757477,280.));
#3689 = DIRECTION('',(-0.707106781187,0.707106781187,0.));
#3690 = DIRECTION('',(0.,0.,1.));
#3691 = ADVANCED_FACE('',(#3692),#3708,.F.);
#3692 = FACE_BOUND('',#3693,.F.);
#3693 = EDGE_LOOP('',(#3694,#3700,#3701,#3707));
#3694 = ORIENTED_EDGE('',*,*,#3695,.F.);
#3695 = EDGE_CURVE('',#3616,#3656,#3696,.T.);
#3696 = LINE('',#3697,#3698);
#3697 = CARTESIAN_POINT('',(-177.4838020778,197.28279195104,280.));
#3698 = VECTOR('',#3699,1.);
#3699 = DIRECTION('',(-0.707106781187,0.707106781187,0.));
#3700 = ORIENTED_EDGE('',*,*,#3615,.T.);
#3701 = ORIENTED_EDGE('',*,*,#3702,.T.);
#3702 = EDGE_CURVE('',#3618,#3658,#3703,.T.);
#3703 = LINE('',#3704,#3705);
#3704 = CARTESIAN_POINT('',(-177.4838020778,197.28279195104,284.));
#3705 = VECTOR('',#3706,1.);
#3706 = DIRECTION('',(-0.707106781187,0.707106781187,0.));
#3707 = ORIENTED_EDGE('',*,*,#3655,.F.);
#3708 = PLANE('',#3709);
#3709 = AXIS2_PLACEMENT_3D('',#3710,#3711,#3712);
#3710 = CARTESIAN_POINT('',(-177.4838020778,197.28279195104,280.));
#3711 = DIRECTION('',(-0.707106781187,-0.707106781187,0.));
#3712 = DIRECTION('',(0.,0.,1.));
#3713 = ADVANCED_FACE('',(#3714),#3730,.T.);
#3714 = FACE_BOUND('',#3715,.T.);
#3715 = EDGE_LOOP('',(#3716,#3722,#3723,#3729));
#3716 = ORIENTED_EDGE('',*,*,#3717,.F.);
#3717 = EDGE_CURVE('',#3626,#3666,#3718,.T.);
#3718 = LINE('',#3719,#3720);
#3719 = CARTESIAN_POINT('',(-197.282791951,177.48380207782,280.));
#3720 = VECTOR('',#3721,1.);
#3721 = DIRECTION('',(-0.707106781187,0.707106781187,0.));
#3722 = ORIENTED_EDGE('',*,*,#3633,.T.);
#3723 = ORIENTED_EDGE('',*,*,#3724,.T.);
#3724 = EDGE_CURVE('',#3634,#3674,#3725,.T.);
#3725 = LINE('',#3726,#3727);
#3726 = CARTESIAN_POINT('',(-197.282791951,177.48380207782,284.));
#3727 = VECTOR('',#3728,1.);
#3728 = DIRECTION('',(-0.707106781187,0.707106781187,0.));
#3729 = ORIENTED_EDGE('',*,*,#3673,.F.);
#3730 = PLANE('',#3731);
#3731 = AXIS2_PLACEMENT_3D('',#3732,#3733,#3734);
#3732 = CARTESIAN_POINT('',(-197.282791951,177.48380207782,280.));
#3733 = DIRECTION('',(-0.707106781187,-0.707106781187,0.));
#3734 = DIRECTION('',(0.,0.,1.));
#3735 = ADVANCED_FACE('',(#3736),#3742,.F.);
#3736 = FACE_BOUND('',#3737,.F.);
#3737 = EDGE_LOOP('',(#3738,#3739,#3740,#3741));
#3738 = ORIENTED_EDGE('',*,*,#3625,.F.);
#3739 = ORIENTED_EDGE('',*,*,#3695,.T.);
#3740 = ORIENTED_EDGE('',*,*,#3665,.T.);
#3741 = ORIENTED_EDGE('',*,*,#3717,.F.);
#3742 = PLANE('',#3743);
#3743 = AXIS2_PLACEMENT_3D('',#3744,#3745,#3746);
#3744 = CARTESIAN_POINT('',(-177.4838020778,197.28279195104,280.));
#3745 = DIRECTION('',(0.,0.,1.));
#3746 = DIRECTION('',(-0.707106781187,0.707106781187,0.));
#3747 = ADVANCED_FACE('',(#3748),#3754,.T.);
#3748 = FACE_BOUND('',#3749,.T.);
#3749 = EDGE_LOOP('',(#3750,#3751,#3752,#3753));
#3750 = ORIENTED_EDGE('',*,*,#3641,.F.);
#3751 = ORIENTED_EDGE('',*,*,#3702,.T.);
#3752 = ORIENTED_EDGE('',*,*,#3681,.T.);
#3753 = ORIENTED_EDGE('',*,*,#3724,.F.);
#3754 = PLANE('',#3755);
#3755 = AXIS2_PLACEMENT_3D('',#3756,#3757,#3758);
#3756 = CARTESIAN_POINT('',(-177.4838020778,197.28279195104,284.));
#3757 = DIRECTION('',(0.,0.,1.));
#3758 = DIRECTION('',(-0.707106781187,0.707106781187,0.));
#3759 = ( GEOMETRIC_REPRESENTATION_CONTEXT(3) 
GLOBAL_UNCERTAINTY_ASSIGNED_CONTEXT((#3763)) 
GLOBAL_UNIT_ASSIGNED_CONTEXT((#3760,#3761,#3762)) REPRESENTATION_CONTEXT
('Context #1','3D Context with UNIT and UNCERTAINTY') );
#3760 = ( LENGTH_UNIT() NAMED_UNIT(*) SI_UNIT(.MILLI.,.METRE.) );
#3761 = ( NAMED_UNIT(*) PLANE_ANGLE_UNIT() SI_UNIT($,.RADIAN.) );
#3762 = ( NAMED_UNIT(*) SI_UNIT($,.STERADIAN.) SOLID_ANGLE_UNIT() );
#3763 = UNCERTAINTY_MEASURE_WITH_UNIT(LENGTH_MEASURE(1.E-07),#3760,
  'distance_accuracy_value','confusion accuracy');
#3764 = CONTEXT_DEPENDENT_SHAPE_REPRESENTATION(#3765,#3767);
#3765 = ( REPRESENTATION_RELATIONSHIP('','',#3608,#10) 
REPRESENTATION_RELATIONSHIP_WITH_TRANSFORMATION(#3766) 
SHAPE_REPRESENTATION_RELATIONSHIP() );
#3766 = ITEM_DEFINED_TRANSFORMATION('','',#11,#87);
#3767 = PRODUCT_DEFINITION_SHAPE('Placement','Placement of an item',
  #3768);
#3768 = NEXT_ASSEMBLY_USAGE_OCCURRENCE('19','P19 Slot lintel 135','',#5,
  #3603,$);
#3769 = PRODUCT_RELATED_PRODUCT_CATEGORY('part',$,(#3605));
#3770 = SHAPE_DEFINITION_REPRESENTATION(#3771,#3777);
#3771 = PRODUCT_DEFINITION_SHAPE('','',#3772);
#3772 = PRODUCT_DEFINITION('design','',#3773,#3776);
#3773 = PRODUCT_DEFINITION_FORMATION('','',#3774);
#3774 = PRODUCT('P20 Foot shoe 135','P20 Foot shoe 135','',(#3775));
#3775 = PRODUCT_CONTEXT('',#2,'mechanical');
#3776 = PRODUCT_DEFINITION_CONTEXT('part definition',#2,'design');
#3777 = ADVANCED_BREP_SHAPE_REPRESENTATION('',(#11,#3778),#3928);
#3778 = MANIFOLD_SOLID_BREP('',#3779);
#3779 = CLOSED_SHELL('',(#3780,#3820,#3860,#3882,#3904,#3916));
#3780 = ADVANCED_FACE('',(#3781),#3815,.F.);
#3781 = FACE_BOUND('',#3782,.F.);
#3782 = EDGE_LOOP('',(#3783,#3793,#3801,#3809));
#3783 = ORIENTED_EDGE('',*,*,#3784,.F.);
#3784 = EDGE_CURVE('',#3785,#3787,#3789,.T.);
#3785 = VERTEX_POINT('',#3786);
#3786 = CARTESIAN_POINT('',(-143.5426765808,228.39549032325,0.));
#3787 = VERTEX_POINT('',#3788);
#3788 = CARTESIAN_POINT('',(-143.5426765808,228.39549032325,18.));
#3789 = LINE('',#3790,#3791);
#3790 = CARTESIAN_POINT('',(-143.5426765808,228.39549032325,0.));
#3791 = VECTOR('',#3792,1.);
#3792 = DIRECTION('',(0.,0.,1.));
#3793 = ORIENTED_EDGE('',*,*,#3794,.T.);
#3794 = EDGE_CURVE('',#3785,#3795,#3797,.T.);
#3795 = VERTEX_POINT('',#3796);
#3796 = CARTESIAN_POINT('',(-228.3954903232,143.54267658086,0.));
#3797 = LINE('',#3798,#3799);
#3798 = CARTESIAN_POINT('',(-143.5426765808,228.39549032325,0.));
#3799 = VECTOR('',#3800,1.);
#3800 = DIRECTION('',(-0.707106781187,-0.707106781187,0.));
#3801 = ORIENTED_EDGE('',*,*,#3802,.T.);
#3802 = EDGE_CURVE('',#3795,#3803,#3805,.T.);
#3803 = VERTEX_POINT('',#3804);
#3804 = CARTESIAN_POINT('',(-228.3954903232,143.54267658086,18.));
#3805 = LINE('',#3806,#3807);
#3806 = CARTESIAN_POINT('',(-228.3954903232,143.54267658086,0.));
#3807 = VECTOR('',#3808,1.);
#3808 = DIRECTION('',(0.,0.,1.));
#3809 = ORIENTED_EDGE('',*,*,#3810,.F.);
#3810 = EDGE_CURVE('',#3787,#3803,#3811,.T.);
#3811 = LINE('',#3812,#3813);
#3812 = CARTESIAN_POINT('',(-143.5426765808,228.39549032325,18.));
#3813 = VECTOR('',#3814,1.);
#3814 = DIRECTION('',(-0.707106781187,-0.707106781187,0.));
#3815 = PLANE('',#3816);
#3816 = AXIS2_PLACEMENT_3D('',#3817,#3818,#3819);
#3817 = CARTESIAN_POINT('',(-143.5426765808,228.39549032325,0.));
#3818 = DIRECTION('',(-0.707106781187,0.707106781187,0.));
#3819 = DIRECTION('',(0.,0.,1.));
#3820 = ADVANCED_FACE('',(#3821),#3855,.T.);
#3821 = FACE_BOUND('',#3822,.T.);
#3822 = EDGE_LOOP('',(#3823,#3833,#3841,#3849));
#3823 = ORIENTED_EDGE('',*,*,#3824,.F.);
#3824 = EDGE_CURVE('',#3825,#3827,#3829,.T.);
#3825 = VERTEX_POINT('',#3826);
#3826 = CARTESIAN_POINT('',(-160.5132393293,245.36605307173,0.));
#3827 = VERTEX_POINT('',#3828);
#3828 = CARTESIAN_POINT('',(-160.5132393293,245.36605307173,18.));
#3829 = LINE('',#3830,#3831);
#3830 = CARTESIAN_POINT('',(-160.5132393293,245.36605307173,0.));
#3831 = VECTOR('',#3832,1.);
#3832 = DIRECTION('',(0.,0.,1.));
#3833 = ORIENTED_EDGE('',*,*,#3834,.T.);
#3834 = EDGE_CURVE('',#3825,#3835,#3837,.T.);
#3835 = VERTEX_POINT('',#3836);
#3836 = CARTESIAN_POINT('',(-245.3660530717,160.51323932934,0.));
#3837 = LINE('',#3838,#3839);
#3838 = CARTESIAN_POINT('',(-160.5132393293,245.36605307173,0.));
#3839 = VECTOR('',#3840,1.);
#3840 = DIRECTION('',(-0.707106781187,-0.707106781187,0.));
#3841 = ORIENTED_EDGE('',*,*,#3842,.T.);
#3842 = EDGE_CURVE('',#3835,#3843,#3845,.T.);
#3843 = VERTEX_POINT('',#3844);
#3844 = CARTESIAN_POINT('',(-245.3660530717,160.51323932934,18.));
#3845 = LINE('',#3846,#3847);
#3846 = CARTESIAN_POINT('',(-245.3660530717,160.51323932934,0.));
#3847 = VECTOR('',#3848,1.);
#3848 = DIRECTION('',(0.,0.,1.));
#3849 = ORIENTED_EDGE('',*,*,#3850,.F.);
#3850 = EDGE_CURVE('',#3827,#3843,#3851,.T.);
#3851 = LINE('',#3852,#3853);
#3852 = CARTESIAN_POINT('',(-160.5132393293,245.36605307173,18.));
#3853 = VECTOR('',#3854,1.);
#3854 = DIRECTION('',(-0.707106781187,-0.707106781187,0.));
#3855 = PLANE('',#3856);
#3856 = AXIS2_PLACEMENT_3D('',#3857,#3858,#3859);
#3857 = CARTESIAN_POINT('',(-160.5132393293,245.36605307173,0.));
#3858 = DIRECTION('',(-0.707106781187,0.707106781187,0.));
#3859 = DIRECTION('',(0.,0.,1.));
#3860 = ADVANCED_FACE('',(#3861),#3877,.F.);
#3861 = FACE_BOUND('',#3862,.F.);
#3862 = EDGE_LOOP('',(#3863,#3869,#3870,#3876));
#3863 = ORIENTED_EDGE('',*,*,#3864,.F.);
#3864 = EDGE_CURVE('',#3785,#3825,#3865,.T.);
#3865 = LINE('',#3866,#3867);
#3866 = CARTESIAN_POINT('',(-143.5426765808,228.39549032325,0.));
#3867 = VECTOR('',#3868,1.);
#3868 = DIRECTION('',(-0.707106781187,0.707106781187,0.));
#3869 = ORIENTED_EDGE('',*,*,#3784,.T.);
#3870 = ORIENTED_EDGE('',*,*,#3871,.T.);
#3871 = EDGE_CURVE('',#3787,#3827,#3872,.T.);
#3872 = LINE('',#3873,#3874);
#3873 = CARTESIAN_POINT('',(-143.5426765808,228.39549032325,18.));
#3874 = VECTOR('',#3875,1.);
#3875 = DIRECTION('',(-0.707106781187,0.707106781187,0.));
#3876 = ORIENTED_EDGE('',*,*,#3824,.F.);
#3877 = PLANE('',#3878);
#3878 = AXIS2_PLACEMENT_3D('',#3879,#3880,#3881);
#3879 = CARTESIAN_POINT('',(-143.5426765808,228.39549032325,0.));
#3880 = DIRECTION('',(-0.707106781187,-0.707106781187,0.));
#3881 = DIRECTION('',(0.,0.,1.));
#3882 = ADVANCED_FACE('',(#3883),#3899,.T.);
#3883 = FACE_BOUND('',#3884,.T.);
#3884 = EDGE_LOOP('',(#3885,#3891,#3892,#3898));
#3885 = ORIENTED_EDGE('',*,*,#3886,.F.);
#3886 = EDGE_CURVE('',#3795,#3835,#3887,.T.);
#3887 = LINE('',#3888,#3889);
#3888 = CARTESIAN_POINT('',(-228.3954903232,143.54267658086,0.));
#3889 = VECTOR('',#3890,1.);
#3890 = DIRECTION('',(-0.707106781187,0.707106781187,0.));
#3891 = ORIENTED_EDGE('',*,*,#3802,.T.);
#3892 = ORIENTED_EDGE('',*,*,#3893,.T.);
#3893 = EDGE_CURVE('',#3803,#3843,#3894,.T.);
#3894 = LINE('',#3895,#3896);
#3895 = CARTESIAN_POINT('',(-228.3954903232,143.54267658086,18.));
#3896 = VECTOR('',#3897,1.);
#3897 = DIRECTION('',(-0.707106781187,0.707106781187,0.));
#3898 = ORIENTED_EDGE('',*,*,#3842,.F.);
#3899 = PLANE('',#3900);
#3900 = AXIS2_PLACEMENT_3D('',#3901,#3902,#3903);
#3901 = CARTESIAN_POINT('',(-228.3954903232,143.54267658086,0.));
#3902 = DIRECTION('',(-0.707106781187,-0.707106781187,0.));
#3903 = DIRECTION('',(0.,0.,1.));
#3904 = ADVANCED_FACE('',(#3905),#3911,.F.);
#3905 = FACE_BOUND('',#3906,.F.);
#3906 = EDGE_LOOP('',(#3907,#3908,#3909,#3910));
#3907 = ORIENTED_EDGE('',*,*,#3794,.F.);
#3908 = ORIENTED_EDGE('',*,*,#3864,.T.);
#3909 = ORIENTED_EDGE('',*,*,#3834,.T.);
#3910 = ORIENTED_EDGE('',*,*,#3886,.F.);
#3911 = PLANE('',#3912);
#3912 = AXIS2_PLACEMENT_3D('',#3913,#3914,#3915);
#3913 = CARTESIAN_POINT('',(-143.5426765808,228.39549032325,0.));
#3914 = DIRECTION('',(0.,0.,1.));
#3915 = DIRECTION('',(-0.707106781187,0.707106781187,0.));
#3916 = ADVANCED_FACE('',(#3917),#3923,.T.);
#3917 = FACE_BOUND('',#3918,.T.);
#3918 = EDGE_LOOP('',(#3919,#3920,#3921,#3922));
#3919 = ORIENTED_EDGE('',*,*,#3810,.F.);
#3920 = ORIENTED_EDGE('',*,*,#3871,.T.);
#3921 = ORIENTED_EDGE('',*,*,#3850,.T.);
#3922 = ORIENTED_EDGE('',*,*,#3893,.F.);
#3923 = PLANE('',#3924);
#3924 = AXIS2_PLACEMENT_3D('',#3925,#3926,#3927);
#3925 = CARTESIAN_POINT('',(-143.5426765808,228.39549032325,18.));
#3926 = DIRECTION('',(0.,0.,1.));
#3927 = DIRECTION('',(-0.707106781187,0.707106781187,0.));
#3928 = ( GEOMETRIC_REPRESENTATION_CONTEXT(3) 
GLOBAL_UNCERTAINTY_ASSIGNED_CONTEXT((#3932)) 
GLOBAL_UNIT_ASSIGNED_CONTEXT((#3929,#3930,#3931)) REPRESENTATION_CONTEXT
('Context #1','3D Context with UNIT and UNCERTAINTY') );
#3929 = ( LENGTH_UNIT() NAMED_UNIT(*) SI_UNIT(.MILLI.,.METRE.) );
#3930 = ( NAMED_UNIT(*) PLANE_ANGLE_UNIT() SI_UNIT($,.RADIAN.) );
#3931 = ( NAMED_UNIT(*) SI_UNIT($,.STERADIAN.) SOLID_ANGLE_UNIT() );
#3932 = UNCERTAINTY_MEASURE_WITH_UNIT(LENGTH_MEASURE(1.E-07),#3929,
  'distance_accuracy_value','confusion accuracy');
#3933 = CONTEXT_DEPENDENT_SHAPE_REPRESENTATION(#3934,#3936);
#3934 = ( REPRESENTATION_RELATIONSHIP('','',#3777,#10) 
REPRESENTATION_RELATIONSHIP_WITH_TRANSFORMATION(#3935) 
SHAPE_REPRESENTATION_RELATIONSHIP() );
#3935 = ITEM_DEFINED_TRANSFORMATION('','',#11,#91);
#3936 = PRODUCT_DEFINITION_SHAPE('Placement','Placement of an item',
  #3937);
#3937 = NEXT_ASSEMBLY_USAGE_OCCURRENCE('20','P20 Foot shoe 135','',#5,
  #3772,$);
#3938 = PRODUCT_RELATED_PRODUCT_CATEGORY('part',$,(#3774));
#3939 = SHAPE_DEFINITION_REPRESENTATION(#3940,#3946);
#3940 = PRODUCT_DEFINITION_SHAPE('','',#3941);
#3941 = PRODUCT_DEFINITION('design','',#3942,#3945);
#3942 = PRODUCT_DEFINITION_FORMATION('','',#3943);
#3943 = PRODUCT('P21 Arched blade 225 / maple segment 1',
  'P21 Arched blade 225 / maple segment 1','',(#3944));
#3944 = PRODUCT_CONTEXT('',#2,'mechanical');
#3945 = PRODUCT_DEFINITION_CONTEXT('part definition',#2,'design');
#3946 = ADVANCED_BREP_SHAPE_REPRESENTATION('',(#11,#3947),#4229);
#3947 = MANIFOLD_SOLID_BREP('',#3948);
#3948 = CLOSED_SHELL('',(#3949,#4021,#4052,#4076,#4100,#4124,#4148,#4172
    ,#4196,#4213));
#3949 = ADVANCED_FACE('',(#3950),#4016,.F.);
#3950 = FACE_BOUND('',#3951,.F.);
#3951 = EDGE_LOOP('',(#3952,#3962,#3970,#3978,#3986,#3994,#4002,#4010));
#3952 = ORIENTED_EDGE('',*,*,#3953,.F.);
#3953 = EDGE_CURVE('',#3954,#3956,#3958,.T.);
#3954 = VERTEX_POINT('',#3955);
#3955 = CARTESIAN_POINT('',(-229.8097038856,-144.9568901432,18.));
#3956 = VERTEX_POINT('',#3957);
#3957 = CARTESIAN_POINT('',(-229.8097038856,-144.9568901432,
    353.90524980688));
#3958 = LINE('',#3959,#3960);
#3959 = CARTESIAN_POINT('',(-229.8097038856,-144.9568901432,18.));
#3960 = VECTOR('',#3961,1.);
#3961 = DIRECTION('',(0.,0.,1.));
#3962 = ORIENTED_EDGE('',*,*,#3963,.T.);
#3963 = EDGE_CURVE('',#3954,#3964,#3966,.T.);
#3964 = VERTEX_POINT('',#3965);
#3965 = CARTESIAN_POINT('',(-197.282791951,-177.4838020778,18.));
#3966 = LINE('',#3967,#3968);
#3967 = CARTESIAN_POINT('',(-229.8097038856,-144.9568901432,18.));
#3968 = VECTOR('',#3969,1.);
#3969 = DIRECTION('',(0.707106781187,-0.707106781187,0.));
#3970 = ORIENTED_EDGE('',*,*,#3971,.T.);
#3971 = EDGE_CURVE('',#3964,#3972,#3974,.T.);
#3972 = VERTEX_POINT('',#3973);
#3973 = CARTESIAN_POINT('',(-197.282791951,-177.4838020778,284.));
#3974 = LINE('',#3975,#3976);
#3975 = CARTESIAN_POINT('',(-197.282791951,-177.4838020778,18.));
#3976 = VECTOR('',#3977,1.);
#3977 = DIRECTION('',(0.,0.,1.));
#3978 = ORIENTED_EDGE('',*,*,#3979,.F.);
#3979 = EDGE_CURVE('',#3980,#3972,#3982,.T.);
#3980 = VERTEX_POINT('',#3981);
#3981 = CARTESIAN_POINT('',(-177.4838020778,-197.282791951,284.));
#3982 = LINE('',#3983,#3984);
#3983 = CARTESIAN_POINT('',(-213.5462479183,-161.2203461105,284.));
#3984 = VECTOR('',#3985,1.);
#3985 = DIRECTION('',(-0.707106781187,0.707106781187,0.));
#3986 = ORIENTED_EDGE('',*,*,#3987,.F.);
#3987 = EDGE_CURVE('',#3988,#3980,#3990,.T.);
#3988 = VERTEX_POINT('',#3989);
#3989 = CARTESIAN_POINT('',(-177.4838020778,-197.282791951,18.));
#3990 = LINE('',#3991,#3992);
#3991 = CARTESIAN_POINT('',(-177.4838020778,-197.282791951,18.));
#3992 = VECTOR('',#3993,1.);
#3993 = DIRECTION('',(0.,0.,1.));
#3994 = ORIENTED_EDGE('',*,*,#3995,.T.);
#3995 = EDGE_CURVE('',#3988,#3996,#3998,.T.);
#3996 = VERTEX_POINT('',#3997);
#3997 = CARTESIAN_POINT('',(-144.9568901432,-229.8097038856,18.));
#3998 = LINE('',#3999,#4000);
#3999 = CARTESIAN_POINT('',(-229.8097038856,-144.9568901432,18.));
#4000 = VECTOR('',#4001,1.);
#4001 = DIRECTION('',(0.707106781187,-0.707106781187,0.));
#4002 = ORIENTED_EDGE('',*,*,#4003,.T.);
#4003 = EDGE_CURVE('',#3996,#4004,#4006,.T.);
#4004 = VERTEX_POINT('',#4005);
#4005 = CARTESIAN_POINT('',(-144.9568901432,-229.8097038856,
    353.90524980688));
#4006 = LINE('',#4007,#4008);
#4007 = CARTESIAN_POINT('',(-144.9568901432,-229.8097038856,18.));
#4008 = VECTOR('',#4009,1.);
#4009 = DIRECTION('',(0.,0.,1.));
#4010 = ORIENTED_EDGE('',*,*,#4011,.F.);
#4011 = EDGE_CURVE('',#3956,#4004,#4012,.T.);
#4012 = LINE('',#4013,#4014);
#4013 = CARTESIAN_POINT('',(-229.8097038856,-144.9568901432,
    353.90524980688));
#4014 = VECTOR('',#4015,1.);
#4015 = DIRECTION('',(0.707106781187,-0.707106781187,0.));
#4016 = PLANE('',#4017);
#4017 = AXIS2_PLACEMENT_3D('',#4018,#4019,#4020);
#4018 = CARTESIAN_POINT('',(-229.8097038856,-144.9568901432,18.));
#4019 = DIRECTION('',(-0.707106781187,-0.707106781187,0.));
#4020 = DIRECTION('',(0.,0.,1.));
#4021 = ADVANCED_FACE('',(#4022),#4047,.F.);
#4022 = FACE_BOUND('',#4023,.F.);
#4023 = EDGE_LOOP('',(#4024,#4032,#4033,#4041));
#4024 = ORIENTED_EDGE('',*,*,#4025,.F.);
#4025 = EDGE_CURVE('',#3954,#4026,#4028,.T.);
#4026 = VERTEX_POINT('',#4027);
#4027 = CARTESIAN_POINT('',(-243.9518395093,-159.0990257669,18.));
#4028 = LINE('',#4029,#4030);
#4029 = CARTESIAN_POINT('',(-229.8097038856,-144.9568901432,18.));
#4030 = VECTOR('',#4031,1.);
#4031 = DIRECTION('',(-0.707106781187,-0.707106781187,0.));
#4032 = ORIENTED_EDGE('',*,*,#3953,.T.);
#4033 = ORIENTED_EDGE('',*,*,#4034,.T.);
#4034 = EDGE_CURVE('',#3956,#4035,#4037,.T.);
#4035 = VERTEX_POINT('',#4036);
#4036 = CARTESIAN_POINT('',(-243.9518395093,-159.0990257669,
    353.90524980688));
#4037 = LINE('',#4038,#4039);
#4038 = CARTESIAN_POINT('',(-229.8097038856,-144.9568901432,
    353.90524980688));
#4039 = VECTOR('',#4040,1.);
#4040 = DIRECTION('',(-0.707106781187,-0.707106781187,0.));
#4041 = ORIENTED_EDGE('',*,*,#4042,.F.);
#4042 = EDGE_CURVE('',#4026,#4035,#4043,.T.);
#4043 = LINE('',#4044,#4045);
#4044 = CARTESIAN_POINT('',(-243.9518395093,-159.0990257669,18.));
#4045 = VECTOR('',#4046,1.);
#4046 = DIRECTION('',(0.,0.,1.));
#4047 = PLANE('',#4048);
#4048 = AXIS2_PLACEMENT_3D('',#4049,#4050,#4051);
#4049 = CARTESIAN_POINT('',(-229.8097038856,-144.9568901432,18.));
#4050 = DIRECTION('',(0.707106781187,-0.707106781187,0.));
#4051 = DIRECTION('',(0.,0.,1.));
#4052 = ADVANCED_FACE('',(#4053),#4071,.T.);
#4053 = FACE_BOUND('',#4054,.T.);
#4054 = EDGE_LOOP('',(#4055,#4056,#4057,#4065));
#4055 = ORIENTED_EDGE('',*,*,#4011,.F.);
#4056 = ORIENTED_EDGE('',*,*,#4034,.T.);
#4057 = ORIENTED_EDGE('',*,*,#4058,.T.);
#4058 = EDGE_CURVE('',#4035,#4059,#4061,.T.);
#4059 = VERTEX_POINT('',#4060);
#4060 = CARTESIAN_POINT('',(-159.0990257669,-243.9518395093,
    353.90524980688));
#4061 = LINE('',#4062,#4063);
#4062 = CARTESIAN_POINT('',(-243.9518395093,-159.0990257669,
    353.90524980688));
#4063 = VECTOR('',#4064,1.);
#4064 = DIRECTION('',(0.707106781187,-0.707106781187,0.));
#4065 = ORIENTED_EDGE('',*,*,#4066,.F.);
#4066 = EDGE_CURVE('',#4004,#4059,#4067,.T.);
#4067 = LINE('',#4068,#4069);
#4068 = CARTESIAN_POINT('',(-144.9568901432,-229.8097038856,
    353.90524980688));
#4069 = VECTOR('',#4070,1.);
#4070 = DIRECTION('',(-0.707106781187,-0.707106781187,0.));
#4071 = PLANE('',#4072);
#4072 = AXIS2_PLACEMENT_3D('',#4073,#4074,#4075);
#4073 = CARTESIAN_POINT('',(-229.8097038856,-144.9568901432,
    353.90524980688));
#4074 = DIRECTION('',(0.,0.,1.));
#4075 = DIRECTION('',(-0.707106781187,-0.707106781187,0.));
#4076 = ADVANCED_FACE('',(#4077),#4095,.T.);
#4077 = FACE_BOUND('',#4078,.T.);
#4078 = EDGE_LOOP('',(#4079,#4087,#4088,#4089));
#4079 = ORIENTED_EDGE('',*,*,#4080,.F.);
#4080 = EDGE_CURVE('',#3996,#4081,#4083,.T.);
#4081 = VERTEX_POINT('',#4082);
#4082 = CARTESIAN_POINT('',(-159.0990257669,-243.9518395093,18.));
#4083 = LINE('',#4084,#4085);
#4084 = CARTESIAN_POINT('',(-144.9568901432,-229.8097038856,18.));
#4085 = VECTOR('',#4086,1.);
#4086 = DIRECTION('',(-0.707106781187,-0.707106781187,0.));
#4087 = ORIENTED_EDGE('',*,*,#4003,.T.);
#4088 = ORIENTED_EDGE('',*,*,#4066,.T.);
#4089 = ORIENTED_EDGE('',*,*,#4090,.F.);
#4090 = EDGE_CURVE('',#4081,#4059,#4091,.T.);
#4091 = LINE('',#4092,#4093);
#4092 = CARTESIAN_POINT('',(-159.0990257669,-243.9518395093,18.));
#4093 = VECTOR('',#4094,1.);
#4094 = DIRECTION('',(0.,0.,1.));
#4095 = PLANE('',#4096);
#4096 = AXIS2_PLACEMENT_3D('',#4097,#4098,#4099);
#4097 = CARTESIAN_POINT('',(-144.9568901432,-229.8097038856,18.));
#4098 = DIRECTION('',(0.707106781187,-0.707106781187,0.));
#4099 = DIRECTION('',(0.,0.,1.));
#4100 = ADVANCED_FACE('',(#4101),#4119,.F.);
#4101 = FACE_BOUND('',#4102,.F.);
#4102 = EDGE_LOOP('',(#4103,#4104,#4112,#4118));
#4103 = ORIENTED_EDGE('',*,*,#3995,.F.);
#4104 = ORIENTED_EDGE('',*,*,#4105,.T.);
#4105 = EDGE_CURVE('',#3988,#4106,#4108,.T.);
#4106 = VERTEX_POINT('',#4107);
#4107 = CARTESIAN_POINT('',(-191.6259377015,-211.4249275747,18.));
#4108 = LINE('',#4109,#4110);
#4109 = CARTESIAN_POINT('',(-176.7766952966,-196.5756851698,18.));
#4110 = VECTOR('',#4111,1.);
#4111 = DIRECTION('',(-0.707106781187,-0.707106781187,0.));
#4112 = ORIENTED_EDGE('',*,*,#4113,.T.);
#4113 = EDGE_CURVE('',#4106,#4081,#4114,.T.);
#4114 = LINE('',#4115,#4116);
#4115 = CARTESIAN_POINT('',(-243.9518395093,-159.0990257669,18.));
#4116 = VECTOR('',#4117,1.);
#4117 = DIRECTION('',(0.707106781187,-0.707106781187,0.));
#4118 = ORIENTED_EDGE('',*,*,#4080,.F.);
#4119 = PLANE('',#4120);
#4120 = AXIS2_PLACEMENT_3D('',#4121,#4122,#4123);
#4121 = CARTESIAN_POINT('',(-229.8097038856,-144.9568901432,18.));
#4122 = DIRECTION('',(0.,0.,1.));
#4123 = DIRECTION('',(-0.707106781187,-0.707106781187,0.));
#4124 = ADVANCED_FACE('',(#4125),#4143,.F.);
#4125 = FACE_BOUND('',#4126,.F.);
#4126 = EDGE_LOOP('',(#4127,#4128,#4129,#4137));
#4127 = ORIENTED_EDGE('',*,*,#4105,.F.);
#4128 = ORIENTED_EDGE('',*,*,#3987,.T.);
#4129 = ORIENTED_EDGE('',*,*,#4130,.T.);
#4130 = EDGE_CURVE('',#3980,#4131,#4133,.T.);
#4131 = VERTEX_POINT('',#4132);
#4132 = CARTESIAN_POINT('',(-191.6259377015,-211.4249275747,284.));
#4133 = LINE('',#4134,#4135);
#4134 = CARTESIAN_POINT('',(-176.7766952966,-196.5756851698,284.));
#4135 = VECTOR('',#4136,1.);
#4136 = DIRECTION('',(-0.707106781187,-0.707106781187,0.));
#4137 = ORIENTED_EDGE('',*,*,#4138,.F.);
#4138 = EDGE_CURVE('',#4106,#4131,#4139,.T.);
#4139 = LINE('',#4140,#4141);
#4140 = CARTESIAN_POINT('',(-191.6259377015,-211.4249275747,18.));
#4141 = VECTOR('',#4142,1.);
#4142 = DIRECTION('',(0.,0.,1.));
#4143 = PLANE('',#4144);
#4144 = AXIS2_PLACEMENT_3D('',#4145,#4146,#4147);
#4145 = CARTESIAN_POINT('',(-176.7766952966,-196.5756851698,18.));
#4146 = DIRECTION('',(0.707106781187,-0.707106781187,0.));
#4147 = DIRECTION('',(0.,0.,1.));
#4148 = ADVANCED_FACE('',(#4149),#4167,.F.);
#4149 = FACE_BOUND('',#4150,.F.);
#4150 = EDGE_LOOP('',(#4151,#4152,#4153,#4161));
#4151 = ORIENTED_EDGE('',*,*,#4130,.F.);
#4152 = ORIENTED_EDGE('',*,*,#3979,.T.);
#4153 = ORIENTED_EDGE('',*,*,#4154,.T.);
#4154 = EDGE_CURVE('',#3972,#4155,#4157,.T.);
#4155 = VERTEX_POINT('',#4156);
#4156 = CARTESIAN_POINT('',(-211.4249275747,-191.6259377015,284.));
#4157 = LINE('',#4158,#4159);
#4158 = CARTESIAN_POINT('',(-196.5756851698,-176.7766952966,284.));
#4159 = VECTOR('',#4160,1.);
#4160 = DIRECTION('',(-0.707106781187,-0.707106781187,0.));
#4161 = ORIENTED_EDGE('',*,*,#4162,.F.);
#4162 = EDGE_CURVE('',#4131,#4155,#4163,.T.);
#4163 = LINE('',#4164,#4165);
#4164 = CARTESIAN_POINT('',(-227.688383542,-175.3624817342,284.));
#4165 = VECTOR('',#4166,1.);
#4166 = DIRECTION('',(-0.707106781187,0.707106781187,0.));
#4167 = PLANE('',#4168);
#4168 = AXIS2_PLACEMENT_3D('',#4169,#4170,#4171);
#4169 = CARTESIAN_POINT('',(-196.5756851698,-176.7766952966,284.));
#4170 = DIRECTION('',(0.,0.,1.));
#4171 = DIRECTION('',(-0.707106781187,-0.707106781187,0.));
#4172 = ADVANCED_FACE('',(#4173),#4191,.T.);
#4173 = FACE_BOUND('',#4174,.T.);
#4174 = EDGE_LOOP('',(#4175,#4183,#4184,#4185));
#4175 = ORIENTED_EDGE('',*,*,#4176,.F.);
#4176 = EDGE_CURVE('',#3964,#4177,#4179,.T.);
#4177 = VERTEX_POINT('',#4178);
#4178 = CARTESIAN_POINT('',(-211.4249275747,-191.6259377015,18.));
#4179 = LINE('',#4180,#4181);
#4180 = CARTESIAN_POINT('',(-196.5756851698,-176.7766952966,18.));
#4181 = VECTOR('',#4182,1.);
#4182 = DIRECTION('',(-0.707106781187,-0.707106781187,0.));
#4183 = ORIENTED_EDGE('',*,*,#3971,.T.);
#4184 = ORIENTED_EDGE('',*,*,#4154,.T.);
#4185 = ORIENTED_EDGE('',*,*,#4186,.F.);
#4186 = EDGE_CURVE('',#4177,#4155,#4187,.T.);
#4187 = LINE('',#4188,#4189);
#4188 = CARTESIAN_POINT('',(-211.4249275747,-191.6259377015,18.));
#4189 = VECTOR('',#4190,1.);
#4190 = DIRECTION('',(0.,0.,1.));
#4191 = PLANE('',#4192);
#4192 = AXIS2_PLACEMENT_3D('',#4193,#4194,#4195);
#4193 = CARTESIAN_POINT('',(-196.5756851698,-176.7766952966,18.));
#4194 = DIRECTION('',(0.707106781187,-0.707106781187,0.));
#4195 = DIRECTION('',(0.,0.,1.));
#4196 = ADVANCED_FACE('',(#4197),#4208,.F.);
#4197 = FACE_BOUND('',#4198,.F.);
#4198 = EDGE_LOOP('',(#4199,#4200,#4201,#4207));
#4199 = ORIENTED_EDGE('',*,*,#3963,.F.);
#4200 = ORIENTED_EDGE('',*,*,#4025,.T.);
#4201 = ORIENTED_EDGE('',*,*,#4202,.T.);
#4202 = EDGE_CURVE('',#4026,#4177,#4203,.T.);
#4203 = LINE('',#4204,#4205);
#4204 = CARTESIAN_POINT('',(-243.9518395093,-159.0990257669,18.));
#4205 = VECTOR('',#4206,1.);
#4206 = DIRECTION('',(0.707106781187,-0.707106781187,0.));
#4207 = ORIENTED_EDGE('',*,*,#4176,.F.);
#4208 = PLANE('',#4209);
#4209 = AXIS2_PLACEMENT_3D('',#4210,#4211,#4212);
#4210 = CARTESIAN_POINT('',(-229.8097038856,-144.9568901432,18.));
#4211 = DIRECTION('',(0.,0.,1.));
#4212 = DIRECTION('',(-0.707106781187,-0.707106781187,0.));
#4213 = ADVANCED_FACE('',(#4214),#4224,.T.);
#4214 = FACE_BOUND('',#4215,.T.);
#4215 = EDGE_LOOP('',(#4216,#4217,#4218,#4219,#4220,#4221,#4222,#4223));
#4216 = ORIENTED_EDGE('',*,*,#4042,.F.);
#4217 = ORIENTED_EDGE('',*,*,#4202,.T.);
#4218 = ORIENTED_EDGE('',*,*,#4186,.T.);
#4219 = ORIENTED_EDGE('',*,*,#4162,.F.);
#4220 = ORIENTED_EDGE('',*,*,#4138,.F.);
#4221 = ORIENTED_EDGE('',*,*,#4113,.T.);
#4222 = ORIENTED_EDGE('',*,*,#4090,.T.);
#4223 = ORIENTED_EDGE('',*,*,#4058,.F.);
#4224 = PLANE('',#4225);
#4225 = AXIS2_PLACEMENT_3D('',#4226,#4227,#4228);
#4226 = CARTESIAN_POINT('',(-243.9518395093,-159.0990257669,18.));
#4227 = DIRECTION('',(-0.707106781187,-0.707106781187,0.));
#4228 = DIRECTION('',(0.,0.,1.));
#4229 = ( GEOMETRIC_REPRESENTATION_CONTEXT(3) 
GLOBAL_UNCERTAINTY_ASSIGNED_CONTEXT((#4233)) 
GLOBAL_UNIT_ASSIGNED_CONTEXT((#4230,#4231,#4232)) REPRESENTATION_CONTEXT
('Context #1','3D Context with UNIT and UNCERTAINTY') );
#4230 = ( LENGTH_UNIT() NAMED_UNIT(*) SI_UNIT(.MILLI.,.METRE.) );
#4231 = ( NAMED_UNIT(*) PLANE_ANGLE_UNIT() SI_UNIT($,.RADIAN.) );
#4232 = ( NAMED_UNIT(*) SI_UNIT($,.STERADIAN.) SOLID_ANGLE_UNIT() );
#4233 = UNCERTAINTY_MEASURE_WITH_UNIT(LENGTH_MEASURE(1.E-07),#4230,
  'distance_accuracy_value','confusion accuracy');
#4234 = CONTEXT_DEPENDENT_SHAPE_REPRESENTATION(#4235,#4237);
#4235 = ( REPRESENTATION_RELATIONSHIP('','',#3946,#10) 
REPRESENTATION_RELATIONSHIP_WITH_TRANSFORMATION(#4236) 
SHAPE_REPRESENTATION_RELATIONSHIP() );
#4236 = ITEM_DEFINED_TRANSFORMATION('','',#11,#95);
#4237 = PRODUCT_DEFINITION_SHAPE('Placement','Placement of an item',
  #4238);
#4238 = NEXT_ASSEMBLY_USAGE_OCCURRENCE('21',
  'P21 Arched blade 225 / maple segment 1','',#5,#3941,$);
#4239 = PRODUCT_RELATED_PRODUCT_CATEGORY('part',$,(#3943));
#4240 = SHAPE_DEFINITION_REPRESENTATION(#4241,#4247);
#4241 = PRODUCT_DEFINITION_SHAPE('','',#4242);
#4242 = PRODUCT_DEFINITION('design','',#4243,#4246);
#4243 = PRODUCT_DEFINITION_FORMATION('','',#4244);
#4244 = PRODUCT('P22 Arched blade 225 / maple segment 2',
  'P22 Arched blade 225 / maple segment 2','',(#4245));
#4245 = PRODUCT_CONTEXT('',#2,'mechanical');
#4246 = PRODUCT_DEFINITION_CONTEXT('part definition',#2,'design');
#4247 = ADVANCED_BREP_SHAPE_REPRESENTATION('',(#11,#4248),#4398);
#4248 = MANIFOLD_SOLID_BREP('',#4249);
#4249 = CLOSED_SHELL('',(#4250,#4290,#4321,#4345,#4369,#4386));
#4250 = ADVANCED_FACE('',(#4251),#4285,.F.);
#4251 = FACE_BOUND('',#4252,.F.);
#4252 = EDGE_LOOP('',(#4253,#4263,#4271,#4279));
#4253 = ORIENTED_EDGE('',*,*,#4254,.F.);
#4254 = EDGE_CURVE('',#4255,#4257,#4259,.T.);
#4255 = VERTEX_POINT('',#4256);
#4256 = CARTESIAN_POINT('',(-229.8097038856,-144.9568901432,
    367.90524980688));
#4257 = VERTEX_POINT('',#4258);
#4258 = CARTESIAN_POINT('',(-229.8097038856,-144.9568901432,
    381.90524980688));
#4259 = LINE('',#4260,#4261);
#4260 = CARTESIAN_POINT('',(-229.8097038856,-144.9568901432,18.));
#4261 = VECTOR('',#4262,1.);
#4262 = DIRECTION('',(0.,0.,1.));
#4263 = ORIENTED_EDGE('',*,*,#4264,.T.);
#4264 = EDGE_CURVE('',#4255,#4265,#4267,.T.);
#4265 = VERTEX_POINT('',#4266);
#4266 = CARTESIAN_POINT('',(-144.9568901432,-229.8097038856,
    367.90524980688));
#4267 = LINE('',#4268,#4269);
#4268 = CARTESIAN_POINT('',(-229.8097038856,-144.9568901432,
    367.90524980688));
#4269 = VECTOR('',#4270,1.);
#4270 = DIRECTION('',(0.707106781187,-0.707106781187,0.));
#4271 = ORIENTED_EDGE('',*,*,#4272,.T.);
#4272 = EDGE_CURVE('',#4265,#4273,#4275,.T.);
#4273 = VERTEX_POINT('',#4274);
#4274 = CARTESIAN_POINT('',(-144.9568901432,-229.8097038856,
    381.90524980688));
#4275 = LINE('',#4276,#4277);
#4276 = CARTESIAN_POINT('',(-144.9568901432,-229.8097038856,18.));
#4277 = VECTOR('',#4278,1.);
#4278 = DIRECTION('',(0.,0.,1.));
#4279 = ORIENTED_EDGE('',*,*,#4280,.F.);
#4280 = EDGE_CURVE('',#4257,#4273,#4281,.T.);
#4281 = LINE('',#4282,#4283);
#4282 = CARTESIAN_POINT('',(-229.8097038856,-144.9568901432,
    381.90524980688));
#4283 = VECTOR('',#4284,1.);
#4284 = DIRECTION('',(0.707106781187,-0.707106781187,0.));
#4285 = PLANE('',#4286);
#4286 = AXIS2_PLACEMENT_3D('',#4287,#4288,#4289);
#4287 = CARTESIAN_POINT('',(-229.8097038856,-144.9568901432,18.));
#4288 = DIRECTION('',(-0.707106781187,-0.707106781187,0.));
#4289 = DIRECTION('',(0.,0.,1.));
#4290 = ADVANCED_FACE('',(#4291),#4316,.F.);
#4291 = FACE_BOUND('',#4292,.F.);
#4292 = EDGE_LOOP('',(#4293,#4301,#4302,#4310));
#4293 = ORIENTED_EDGE('',*,*,#4294,.F.);
#4294 = EDGE_CURVE('',#4255,#4295,#4297,.T.);
#4295 = VERTEX_POINT('',#4296);
#4296 = CARTESIAN_POINT('',(-243.9518395093,-159.0990257669,
    367.90524980688));
#4297 = LINE('',#4298,#4299);
#4298 = CARTESIAN_POINT('',(-229.8097038856,-144.9568901432,
    367.90524980688));
#4299 = VECTOR('',#4300,1.);
#4300 = DIRECTION('',(-0.707106781187,-0.707106781187,0.));
#4301 = ORIENTED_EDGE('',*,*,#4254,.T.);
#4302 = ORIENTED_EDGE('',*,*,#4303,.T.);
#4303 = EDGE_CURVE('',#4257,#4304,#4306,.T.);
#4304 = VERTEX_POINT('',#4305);
#4305 = CARTESIAN_POINT('',(-243.9518395093,-159.0990257669,
    381.90524980688));
#4306 = LINE('',#4307,#4308);
#4307 = CARTESIAN_POINT('',(-229.8097038856,-144.9568901432,
    381.90524980688));
#4308 = VECTOR('',#4309,1.);
#4309 = DIRECTION('',(-0.707106781187,-0.707106781187,0.));
#4310 = ORIENTED_EDGE('',*,*,#4311,.F.);
#4311 = EDGE_CURVE('',#4295,#4304,#4312,.T.);
#4312 = LINE('',#4313,#4314);
#4313 = CARTESIAN_POINT('',(-243.9518395093,-159.0990257669,18.));
#4314 = VECTOR('',#4315,1.);
#4315 = DIRECTION('',(0.,0.,1.));
#4316 = PLANE('',#4317);
#4317 = AXIS2_PLACEMENT_3D('',#4318,#4319,#4320);
#4318 = CARTESIAN_POINT('',(-229.8097038856,-144.9568901432,18.));
#4319 = DIRECTION('',(0.707106781187,-0.707106781187,0.));
#4320 = DIRECTION('',(0.,0.,1.));
#4321 = ADVANCED_FACE('',(#4322),#4340,.T.);
#4322 = FACE_BOUND('',#4323,.T.);
#4323 = EDGE_LOOP('',(#4324,#4325,#4326,#4334));
#4324 = ORIENTED_EDGE('',*,*,#4280,.F.);
#4325 = ORIENTED_EDGE('',*,*,#4303,.T.);
#4326 = ORIENTED_EDGE('',*,*,#4327,.T.);
#4327 = EDGE_CURVE('',#4304,#4328,#4330,.T.);
#4328 = VERTEX_POINT('',#4329);
#4329 = CARTESIAN_POINT('',(-159.0990257669,-243.9518395093,
    381.90524980688));
#4330 = LINE('',#4331,#4332);
#4331 = CARTESIAN_POINT('',(-243.9518395093,-159.0990257669,
    381.90524980688));
#4332 = VECTOR('',#4333,1.);
#4333 = DIRECTION('',(0.707106781187,-0.707106781187,0.));
#4334 = ORIENTED_EDGE('',*,*,#4335,.F.);
#4335 = EDGE_CURVE('',#4273,#4328,#4336,.T.);
#4336 = LINE('',#4337,#4338);
#4337 = CARTESIAN_POINT('',(-144.9568901432,-229.8097038856,
    381.90524980688));
#4338 = VECTOR('',#4339,1.);
#4339 = DIRECTION('',(-0.707106781187,-0.707106781187,0.));
#4340 = PLANE('',#4341);
#4341 = AXIS2_PLACEMENT_3D('',#4342,#4343,#4344);
#4342 = CARTESIAN_POINT('',(-229.8097038856,-144.9568901432,
    381.90524980688));
#4343 = DIRECTION('',(0.,0.,1.));
#4344 = DIRECTION('',(-0.707106781187,-0.707106781187,0.));
#4345 = ADVANCED_FACE('',(#4346),#4364,.T.);
#4346 = FACE_BOUND('',#4347,.T.);
#4347 = EDGE_LOOP('',(#4348,#4356,#4357,#4358));
#4348 = ORIENTED_EDGE('',*,*,#4349,.F.);
#4349 = EDGE_CURVE('',#4265,#4350,#4352,.T.);
#4350 = VERTEX_POINT('',#4351);
#4351 = CARTESIAN_POINT('',(-159.0990257669,-243.9518395093,
    367.90524980688));
#4352 = LINE('',#4353,#4354);
#4353 = CARTESIAN_POINT('',(-144.9568901432,-229.8097038856,
    367.90524980688));
#4354 = VECTOR('',#4355,1.);
#4355 = DIRECTION('',(-0.707106781187,-0.707106781187,0.));
#4356 = ORIENTED_EDGE('',*,*,#4272,.T.);
#4357 = ORIENTED_EDGE('',*,*,#4335,.T.);
#4358 = ORIENTED_EDGE('',*,*,#4359,.F.);
#4359 = EDGE_CURVE('',#4350,#4328,#4360,.T.);
#4360 = LINE('',#4361,#4362);
#4361 = CARTESIAN_POINT('',(-159.0990257669,-243.9518395093,18.));
#4362 = VECTOR('',#4363,1.);
#4363 = DIRECTION('',(0.,0.,1.));
#4364 = PLANE('',#4365);
#4365 = AXIS2_PLACEMENT_3D('',#4366,#4367,#4368);
#4366 = CARTESIAN_POINT('',(-144.9568901432,-229.8097038856,18.));
#4367 = DIRECTION('',(0.707106781187,-0.707106781187,0.));
#4368 = DIRECTION('',(0.,0.,1.));
#4369 = ADVANCED_FACE('',(#4370),#4381,.F.);
#4370 = FACE_BOUND('',#4371,.F.);
#4371 = EDGE_LOOP('',(#4372,#4373,#4374,#4380));
#4372 = ORIENTED_EDGE('',*,*,#4264,.F.);
#4373 = ORIENTED_EDGE('',*,*,#4294,.T.);
#4374 = ORIENTED_EDGE('',*,*,#4375,.T.);
#4375 = EDGE_CURVE('',#4295,#4350,#4376,.T.);
#4376 = LINE('',#4377,#4378);
#4377 = CARTESIAN_POINT('',(-243.9518395093,-159.0990257669,
    367.90524980688));
#4378 = VECTOR('',#4379,1.);
#4379 = DIRECTION('',(0.707106781187,-0.707106781187,0.));
#4380 = ORIENTED_EDGE('',*,*,#4349,.F.);
#4381 = PLANE('',#4382);
#4382 = AXIS2_PLACEMENT_3D('',#4383,#4384,#4385);
#4383 = CARTESIAN_POINT('',(-229.8097038856,-144.9568901432,
    367.90524980688));
#4384 = DIRECTION('',(0.,0.,1.));
#4385 = DIRECTION('',(-0.707106781187,-0.707106781187,0.));
#4386 = ADVANCED_FACE('',(#4387),#4393,.T.);
#4387 = FACE_BOUND('',#4388,.T.);
#4388 = EDGE_LOOP('',(#4389,#4390,#4391,#4392));
#4389 = ORIENTED_EDGE('',*,*,#4311,.F.);
#4390 = ORIENTED_EDGE('',*,*,#4375,.T.);
#4391 = ORIENTED_EDGE('',*,*,#4359,.T.);
#4392 = ORIENTED_EDGE('',*,*,#4327,.F.);
#4393 = PLANE('',#4394);
#4394 = AXIS2_PLACEMENT_3D('',#4395,#4396,#4397);
#4395 = CARTESIAN_POINT('',(-243.9518395093,-159.0990257669,18.));
#4396 = DIRECTION('',(-0.707106781187,-0.707106781187,0.));
#4397 = DIRECTION('',(0.,0.,1.));
#4398 = ( GEOMETRIC_REPRESENTATION_CONTEXT(3) 
GLOBAL_UNCERTAINTY_ASSIGNED_CONTEXT((#4402)) 
GLOBAL_UNIT_ASSIGNED_CONTEXT((#4399,#4400,#4401)) REPRESENTATION_CONTEXT
('Context #1','3D Context with UNIT and UNCERTAINTY') );
#4399 = ( LENGTH_UNIT() NAMED_UNIT(*) SI_UNIT(.MILLI.,.METRE.) );
#4400 = ( NAMED_UNIT(*) PLANE_ANGLE_UNIT() SI_UNIT($,.RADIAN.) );
#4401 = ( NAMED_UNIT(*) SI_UNIT($,.STERADIAN.) SOLID_ANGLE_UNIT() );
#4402 = UNCERTAINTY_MEASURE_WITH_UNIT(LENGTH_MEASURE(1.E-07),#4399,
  'distance_accuracy_value','confusion accuracy');
#4403 = CONTEXT_DEPENDENT_SHAPE_REPRESENTATION(#4404,#4406);
#4404 = ( REPRESENTATION_RELATIONSHIP('','',#4247,#10) 
REPRESENTATION_RELATIONSHIP_WITH_TRANSFORMATION(#4405) 
SHAPE_REPRESENTATION_RELATIONSHIP() );
#4405 = ITEM_DEFINED_TRANSFORMATION('','',#11,#99);
#4406 = PRODUCT_DEFINITION_SHAPE('Placement','Placement of an item',
  #4407);
#4407 = NEXT_ASSEMBLY_USAGE_OCCURRENCE('22',
  'P22 Arched blade 225 / maple segment 2','',#5,#4242,$);
#4408 = PRODUCT_RELATED_PRODUCT_CATEGORY('part',$,(#4244));
#4409 = SHAPE_DEFINITION_REPRESENTATION(#4410,#4416);
#4410 = PRODUCT_DEFINITION_SHAPE('','',#4411);
#4411 = PRODUCT_DEFINITION('design','',#4412,#4415);
#4412 = PRODUCT_DEFINITION_FORMATION('','',#4413);
#4413 = PRODUCT('P23 Arched blade 225 / maple segment 3',
  'P23 Arched blade 225 / maple segment 3','',(#4414));
#4414 = PRODUCT_CONTEXT('',#2,'mechanical');
#4415 = PRODUCT_DEFINITION_CONTEXT('part definition',#2,'design');
#4416 = ADVANCED_BREP_SHAPE_REPRESENTATION('',(#11,#4417),#4637);
#4417 = MANIFOLD_SOLID_BREP('',#4418);
#4418 = CLOSED_SHELL('',(#4419,#4459,#4490,#4521,#4554,#4587,#4609,#4623
    ));
#4419 = ADVANCED_FACE('',(#4420),#4454,.T.);
#4420 = FACE_BOUND('',#4421,.T.);
#4421 = EDGE_LOOP('',(#4422,#4432,#4440,#4448));
#4422 = ORIENTED_EDGE('',*,*,#4423,.F.);
#4423 = EDGE_CURVE('',#4424,#4426,#4428,.T.);
#4424 = VERTEX_POINT('',#4425);
#4425 = CARTESIAN_POINT('',(-144.9568901432,-229.8097038856,
    395.90524980688));
#4426 = VERTEX_POINT('',#4427);
#4427 = CARTESIAN_POINT('',(-159.0990257669,-243.9518395093,
    395.90524980688));
#4428 = LINE('',#4429,#4430);
#4429 = CARTESIAN_POINT('',(-144.9568901432,-229.8097038856,
    395.90524980688));
#4430 = VECTOR('',#4431,1.);
#4431 = DIRECTION('',(-0.707106781187,-0.707106781187,0.));
#4432 = ORIENTED_EDGE('',*,*,#4433,.T.);
#4433 = EDGE_CURVE('',#4424,#4434,#4436,.T.);
#4434 = VERTEX_POINT('',#4435);
#4435 = CARTESIAN_POINT('',(-144.9568901432,-229.8097038856,
    471.90524980688));
#4436 = LINE('',#4437,#4438);
#4437 = CARTESIAN_POINT('',(-144.9568901432,-229.8097038856,18.));
#4438 = VECTOR('',#4439,1.);
#4439 = DIRECTION('',(0.,0.,1.));
#4440 = ORIENTED_EDGE('',*,*,#4441,.T.);
#4441 = EDGE_CURVE('',#4434,#4442,#4444,.T.);
#4442 = VERTEX_POINT('',#4443);
#4443 = CARTESIAN_POINT('',(-159.0990257669,-243.9518395093,
    471.90524980688));
#4444 = LINE('',#4445,#4446);
#4445 = CARTESIAN_POINT('',(-144.9568901432,-229.8097038856,
    471.90524980688));
#4446 = VECTOR('',#4447,1.);
#4447 = DIRECTION('',(-0.707106781187,-0.707106781187,0.));
#4448 = ORIENTED_EDGE('',*,*,#4449,.F.);
#4449 = EDGE_CURVE('',#4426,#4442,#4450,.T.);
#4450 = LINE('',#4451,#4452);
#4451 = CARTESIAN_POINT('',(-159.0990257669,-243.9518395093,18.));
#4452 = VECTOR('',#4453,1.);
#4453 = DIRECTION('',(0.,0.,1.));
#4454 = PLANE('',#4455);
#4455 = AXIS2_PLACEMENT_3D('',#4456,#4457,#4458);
#4456 = CARTESIAN_POINT('',(-144.9568901432,-229.8097038856,18.));
#4457 = DIRECTION('',(0.707106781187,-0.707106781187,0.));
#4458 = DIRECTION('',(0.,0.,1.));
#4459 = ADVANCED_FACE('',(#4460),#4485,.F.);
#4460 = FACE_BOUND('',#4461,.F.);
#4461 = EDGE_LOOP('',(#4462,#4470,#4478,#4484));
#4462 = ORIENTED_EDGE('',*,*,#4463,.F.);
#4463 = EDGE_CURVE('',#4464,#4424,#4466,.T.);
#4464 = VERTEX_POINT('',#4465);
#4465 = CARTESIAN_POINT('',(-229.8097038856,-144.9568901432,
    395.90524980688));
#4466 = LINE('',#4467,#4468);
#4467 = CARTESIAN_POINT('',(-229.8097038856,-144.9568901432,
    395.90524980688));
#4468 = VECTOR('',#4469,1.);
#4469 = DIRECTION('',(0.707106781187,-0.707106781187,0.));
#4470 = ORIENTED_EDGE('',*,*,#4471,.T.);
#4471 = EDGE_CURVE('',#4464,#4472,#4474,.T.);
#4472 = VERTEX_POINT('',#4473);
#4473 = CARTESIAN_POINT('',(-243.9518395093,-159.0990257669,
    395.90524980688));
#4474 = LINE('',#4475,#4476);
#4475 = CARTESIAN_POINT('',(-229.8097038856,-144.9568901432,
    395.90524980688));
#4476 = VECTOR('',#4477,1.);
#4477 = DIRECTION('',(-0.707106781187,-0.707106781187,0.));
#4478 = ORIENTED_EDGE('',*,*,#4479,.T.);
#4479 = EDGE_CURVE('',#4472,#4426,#4480,.T.);
#4480 = LINE('',#4481,#4482);
#4481 = CARTESIAN_POINT('',(-243.9518395093,-159.0990257669,
    395.90524980688));
#4482 = VECTOR('',#4483,1.);
#4483 = DIRECTION('',(0.707106781187,-0.707106781187,0.));
#4484 = ORIENTED_EDGE('',*,*,#4423,.F.);
#4485 = PLANE('',#4486);
#4486 = AXIS2_PLACEMENT_3D('',#4487,#4488,#4489);
#4487 = CARTESIAN_POINT('',(-229.8097038856,-144.9568901432,
    395.90524980688));
#4488 = DIRECTION('',(0.,0.,1.));
#4489 = DIRECTION('',(-0.707106781187,-0.707106781187,0.));
#4490 = ADVANCED_FACE('',(#4491),#4516,.F.);
#4491 = FACE_BOUND('',#4492,.F.);
#4492 = EDGE_LOOP('',(#4493,#4494,#4502,#4510));
#4493 = ORIENTED_EDGE('',*,*,#4471,.F.);
#4494 = ORIENTED_EDGE('',*,*,#4495,.T.);
#4495 = EDGE_CURVE('',#4464,#4496,#4498,.T.);
#4496 = VERTEX_POINT('',#4497);
#4497 = CARTESIAN_POINT('',(-229.8097038856,-144.9568901432,
    471.90524980688));
#4498 = LINE('',#4499,#4500);
#4499 = CARTESIAN_POINT('',(-229.8097038856,-144.9568901432,18.));
#4500 = VECTOR('',#4501,1.);
#4501 = DIRECTION('',(0.,0.,1.));
#4502 = ORIENTED_EDGE('',*,*,#4503,.T.);
#4503 = EDGE_CURVE('',#4496,#4504,#4506,.T.);
#4504 = VERTEX_POINT('',#4505);
#4505 = CARTESIAN_POINT('',(-243.9518395093,-159.0990257669,
    471.90524980688));
#4506 = LINE('',#4507,#4508);
#4507 = CARTESIAN_POINT('',(-229.8097038856,-144.9568901432,
    471.90524980688));
#4508 = VECTOR('',#4509,1.);
#4509 = DIRECTION('',(-0.707106781187,-0.707106781187,0.));
#4510 = ORIENTED_EDGE('',*,*,#4511,.F.);
#4511 = EDGE_CURVE('',#4472,#4504,#4512,.T.);
#4512 = LINE('',#4513,#4514);
#4513 = CARTESIAN_POINT('',(-243.9518395093,-159.0990257669,18.));
#4514 = VECTOR('',#4515,1.);
#4515 = DIRECTION('',(0.,0.,1.));
#4516 = PLANE('',#4517);
#4517 = AXIS2_PLACEMENT_3D('',#4518,#4519,#4520);
#4518 = CARTESIAN_POINT('',(-229.8097038856,-144.9568901432,18.));
#4519 = DIRECTION('',(0.707106781187,-0.707106781187,0.));
#4520 = DIRECTION('',(0.,0.,1.));
#4521 = ADVANCED_FACE('',(#4522),#4549,.T.);
#4522 = FACE_BOUND('',#4523,.T.);
#4523 = EDGE_LOOP('',(#4524,#4533,#4541,#4548));
#4524 = ORIENTED_EDGE('',*,*,#4525,.F.);
#4525 = EDGE_CURVE('',#4526,#4504,#4528,.T.);
#4526 = VERTEX_POINT('',#4527);
#4527 = CARTESIAN_POINT('',(-212.1320343559,-190.9188309203,530.));
#4528 = CIRCLE('',#4529,60.);
#4529 = AXIS2_PLACEMENT_3D('',#4530,#4531,#4532);
#4530 = CARTESIAN_POINT('',(-201.5254326381,-201.5254326381,
    471.90524980688));
#4531 = DIRECTION('',(-0.707106781187,-0.707106781187,0.));
#4532 = DIRECTION('',(0.,0.,1.));
#4533 = ORIENTED_EDGE('',*,*,#4534,.F.);
#4534 = EDGE_CURVE('',#4535,#4526,#4537,.T.);
#4535 = VERTEX_POINT('',#4536);
#4536 = CARTESIAN_POINT('',(-197.9898987322,-176.7766952966,530.));
#4537 = LINE('',#4538,#4539);
#4538 = CARTESIAN_POINT('',(-197.9898987322,-176.7766952966,530.));
#4539 = VECTOR('',#4540,1.);
#4540 = DIRECTION('',(-0.707106781187,-0.707106781187,0.));
#4541 = ORIENTED_EDGE('',*,*,#4542,.T.);
#4542 = EDGE_CURVE('',#4535,#4496,#4543,.T.);
#4543 = CIRCLE('',#4544,60.);
#4544 = AXIS2_PLACEMENT_3D('',#4545,#4546,#4547);
#4545 = CARTESIAN_POINT('',(-187.3832970144,-187.3832970144,
    471.90524980688));
#4546 = DIRECTION('',(-0.707106781187,-0.707106781187,0.));
#4547 = DIRECTION('',(0.,0.,1.));
#4548 = ORIENTED_EDGE('',*,*,#4503,.T.);
#4549 = CYLINDRICAL_SURFACE('',#4550,60.);
#4550 = AXIS2_PLACEMENT_3D('',#4551,#4552,#4553);
#4551 = CARTESIAN_POINT('',(-187.3832970144,-187.3832970144,
    471.90524980688));
#4552 = DIRECTION('',(-0.707106781187,-0.707106781187,0.));
#4553 = DIRECTION('',(0.,0.,1.));
#4554 = ADVANCED_FACE('',(#4555),#4582,.T.);
#4555 = FACE_BOUND('',#4556,.T.);
#4556 = EDGE_LOOP('',(#4557,#4567,#4574,#4575));
#4557 = ORIENTED_EDGE('',*,*,#4558,.T.);
#4558 = EDGE_CURVE('',#4559,#4561,#4563,.T.);
#4559 = VERTEX_POINT('',#4560);
#4560 = CARTESIAN_POINT('',(-176.7766952966,-197.9898987322,530.));
#4561 = VERTEX_POINT('',#4562);
#4562 = CARTESIAN_POINT('',(-190.9188309203,-212.1320343559,530.));
#4563 = LINE('',#4564,#4565);
#4564 = CARTESIAN_POINT('',(-176.7766952966,-197.9898987322,530.));
#4565 = VECTOR('',#4566,1.);
#4566 = DIRECTION('',(-0.707106781187,-0.707106781187,0.));
#4567 = ORIENTED_EDGE('',*,*,#4568,.F.);
#4568 = EDGE_CURVE('',#4442,#4561,#4569,.T.);
#4569 = CIRCLE('',#4570,60.);
#4570 = AXIS2_PLACEMENT_3D('',#4571,#4572,#4573);
#4571 = CARTESIAN_POINT('',(-201.5254326381,-201.5254326381,
    471.90524980688));
#4572 = DIRECTION('',(-0.707106781187,-0.707106781187,0.));
#4573 = DIRECTION('',(0.,0.,1.));
#4574 = ORIENTED_EDGE('',*,*,#4441,.F.);
#4575 = ORIENTED_EDGE('',*,*,#4576,.T.);
#4576 = EDGE_CURVE('',#4434,#4559,#4577,.T.);
#4577 = CIRCLE('',#4578,60.);
#4578 = AXIS2_PLACEMENT_3D('',#4579,#4580,#4581);
#4579 = CARTESIAN_POINT('',(-187.3832970144,-187.3832970144,
    471.90524980688));
#4580 = DIRECTION('',(-0.707106781187,-0.707106781187,0.));
#4581 = DIRECTION('',(0.,0.,1.));
#4582 = CYLINDRICAL_SURFACE('',#4583,60.);
#4583 = AXIS2_PLACEMENT_3D('',#4584,#4585,#4586);
#4584 = CARTESIAN_POINT('',(-187.3832970144,-187.3832970144,
    471.90524980688));
#4585 = DIRECTION('',(-0.707106781187,-0.707106781187,0.));
#4586 = DIRECTION('',(0.,0.,1.));
#4587 = ADVANCED_FACE('',(#4588),#4604,.T.);
#4588 = FACE_BOUND('',#4589,.T.);
#4589 = EDGE_LOOP('',(#4590,#4596,#4597,#4603));
#4590 = ORIENTED_EDGE('',*,*,#4591,.F.);
#4591 = EDGE_CURVE('',#4535,#4559,#4592,.T.);
#4592 = LINE('',#4593,#4594);
#4593 = CARTESIAN_POINT('',(-229.8097038856,-144.9568901432,530.));
#4594 = VECTOR('',#4595,1.);
#4595 = DIRECTION('',(0.707106781187,-0.707106781187,0.));
#4596 = ORIENTED_EDGE('',*,*,#4534,.T.);
#4597 = ORIENTED_EDGE('',*,*,#4598,.T.);
#4598 = EDGE_CURVE('',#4526,#4561,#4599,.T.);
#4599 = LINE('',#4600,#4601);
#4600 = CARTESIAN_POINT('',(-243.9518395093,-159.0990257669,530.));
#4601 = VECTOR('',#4602,1.);
#4602 = DIRECTION('',(0.707106781187,-0.707106781187,0.));
#4603 = ORIENTED_EDGE('',*,*,#4558,.F.);
#4604 = PLANE('',#4605);
#4605 = AXIS2_PLACEMENT_3D('',#4606,#4607,#4608);
#4606 = CARTESIAN_POINT('',(-229.8097038856,-144.9568901432,530.));
#4607 = DIRECTION('',(0.,0.,1.));
#4608 = DIRECTION('',(-0.707106781187,-0.707106781187,0.));
#4609 = ADVANCED_FACE('',(#4610),#4618,.T.);
#4610 = FACE_BOUND('',#4611,.T.);
#4611 = EDGE_LOOP('',(#4612,#4613,#4614,#4615,#4616,#4617));
#4612 = ORIENTED_EDGE('',*,*,#4495,.T.);
#4613 = ORIENTED_EDGE('',*,*,#4542,.F.);
#4614 = ORIENTED_EDGE('',*,*,#4591,.T.);
#4615 = ORIENTED_EDGE('',*,*,#4576,.F.);
#4616 = ORIENTED_EDGE('',*,*,#4433,.F.);
#4617 = ORIENTED_EDGE('',*,*,#4463,.F.);
#4618 = PLANE('',#4619);
#4619 = AXIS2_PLACEMENT_3D('',#4620,#4621,#4622);
#4620 = CARTESIAN_POINT('',(-187.3832970144,-187.3832970144,
    454.72751870174));
#4621 = DIRECTION('',(0.707106781187,0.707106781187,0.));
#4622 = DIRECTION('',(-0.707106781187,0.707106781187,0.));
#4623 = ADVANCED_FACE('',(#4624),#4632,.T.);
#4624 = FACE_BOUND('',#4625,.T.);
#4625 = EDGE_LOOP('',(#4626,#4627,#4628,#4629,#4630,#4631));
#4626 = ORIENTED_EDGE('',*,*,#4511,.F.);
#4627 = ORIENTED_EDGE('',*,*,#4479,.T.);
#4628 = ORIENTED_EDGE('',*,*,#4449,.T.);
#4629 = ORIENTED_EDGE('',*,*,#4568,.T.);
#4630 = ORIENTED_EDGE('',*,*,#4598,.F.);
#4631 = ORIENTED_EDGE('',*,*,#4525,.T.);
#4632 = PLANE('',#4633);
#4633 = AXIS2_PLACEMENT_3D('',#4634,#4635,#4636);
#4634 = CARTESIAN_POINT('',(-201.5254326381,-201.5254326381,
    454.72751870174));
#4635 = DIRECTION('',(-0.707106781187,-0.707106781187,-0.));
#4636 = DIRECTION('',(0.707106781187,-0.707106781187,0.));
#4637 = ( GEOMETRIC_REPRESENTATION_CONTEXT(3) 
GLOBAL_UNCERTAINTY_ASSIGNED_CONTEXT((#4641)) 
GLOBAL_UNIT_ASSIGNED_CONTEXT((#4638,#4639,#4640)) REPRESENTATION_CONTEXT
('Context #1','3D Context with UNIT and UNCERTAINTY') );
#4638 = ( LENGTH_UNIT() NAMED_UNIT(*) SI_UNIT(.MILLI.,.METRE.) );
#4639 = ( NAMED_UNIT(*) PLANE_ANGLE_UNIT() SI_UNIT($,.RADIAN.) );
#4640 = ( NAMED_UNIT(*) SI_UNIT($,.STERADIAN.) SOLID_ANGLE_UNIT() );
#4641 = UNCERTAINTY_MEASURE_WITH_UNIT(LENGTH_MEASURE(1.E-07),#4638,
  'distance_accuracy_value','confusion accuracy');
#4642 = CONTEXT_DEPENDENT_SHAPE_REPRESENTATION(#4643,#4645);
#4643 = ( REPRESENTATION_RELATIONSHIP('','',#4416,#10) 
REPRESENTATION_RELATIONSHIP_WITH_TRANSFORMATION(#4644) 
SHAPE_REPRESENTATION_RELATIONSHIP() );
#4644 = ITEM_DEFINED_TRANSFORMATION('','',#11,#103);
#4645 = PRODUCT_DEFINITION_SHAPE('Placement','Placement of an item',
  #4646);
#4646 = NEXT_ASSEMBLY_USAGE_OCCURRENCE('23',
  'P23 Arched blade 225 / maple segment 3','',#5,#4411,$);
#4647 = PRODUCT_RELATED_PRODUCT_CATEGORY('part',$,(#4413));
#4648 = SHAPE_DEFINITION_REPRESENTATION(#4649,#4655);
#4649 = PRODUCT_DEFINITION_SHAPE('','',#4650);
#4650 = PRODUCT_DEFINITION('design','',#4651,#4654);
#4651 = PRODUCT_DEFINITION_FORMATION('','',#4652);
#4652 = PRODUCT('P24 Slot jamb 225 / -1','P24 Slot jamb 225 / -1','',(
    #4653));
#4653 = PRODUCT_CONTEXT('',#2,'mechanical');
#4654 = PRODUCT_DEFINITION_CONTEXT('part definition',#2,'design');
#4655 = ADVANCED_BREP_SHAPE_REPRESENTATION('',(#11,#4656),#4806);
#4656 = MANIFOLD_SOLID_BREP('',#4657);
#4657 = CLOSED_SHELL('',(#4658,#4698,#4738,#4760,#4782,#4794));
#4658 = ADVANCED_FACE('',(#4659),#4693,.F.);
#4659 = FACE_BOUND('',#4660,.F.);
#4660 = EDGE_LOOP('',(#4661,#4671,#4679,#4687));
#4661 = ORIENTED_EDGE('',*,*,#4662,.F.);
#4662 = EDGE_CURVE('',#4663,#4665,#4667,.T.);
#4663 = VERTEX_POINT('',#4664);
#4664 = CARTESIAN_POINT('',(-197.282791951,-177.4838020778,18.));
#4665 = VERTEX_POINT('',#4666);
#4666 = CARTESIAN_POINT('',(-197.282791951,-177.4838020778,280.));
#4667 = LINE('',#4668,#4669);
#4668 = CARTESIAN_POINT('',(-197.282791951,-177.4838020778,18.));
#4669 = VECTOR('',#4670,1.);
#4670 = DIRECTION('',(0.,0.,1.));
#4671 = ORIENTED_EDGE('',*,*,#4672,.T.);
#4672 = EDGE_CURVE('',#4663,#4673,#4675,.T.);
#4673 = VERTEX_POINT('',#4674);
#4674 = CARTESIAN_POINT('',(-194.4543648263,-180.3122292025,18.));
#4675 = LINE('',#4676,#4677);
#4676 = CARTESIAN_POINT('',(-197.282791951,-177.4838020778,18.));
#4677 = VECTOR('',#4678,1.);
#4678 = DIRECTION('',(0.707106781187,-0.707106781187,0.));
#4679 = ORIENTED_EDGE('',*,*,#4680,.T.);
#4680 = EDGE_CURVE('',#4673,#4681,#4683,.T.);
#4681 = VERTEX_POINT('',#4682);
#4682 = CARTESIAN_POINT('',(-194.4543648263,-180.3122292025,280.));
#4683 = LINE('',#4684,#4685);
#4684 = CARTESIAN_POINT('',(-194.4543648263,-180.3122292025,18.));
#4685 = VECTOR('',#4686,1.);
#4686 = DIRECTION('',(0.,0.,1.));
#4687 = ORIENTED_EDGE('',*,*,#4688,.F.);
#4688 = EDGE_CURVE('',#4665,#4681,#4689,.T.);
#4689 = LINE('',#4690,#4691);
#4690 = CARTESIAN_POINT('',(-197.282791951,-177.4838020778,280.));
#4691 = VECTOR('',#4692,1.);
#4692 = DIRECTION('',(0.707106781187,-0.707106781187,0.));
#4693 = PLANE('',#4694);
#4694 = AXIS2_PLACEMENT_3D('',#4695,#4696,#4697);
#4695 = CARTESIAN_POINT('',(-197.282791951,-177.4838020778,18.));
#4696 = DIRECTION('',(-0.707106781187,-0.707106781187,0.));
#4697 = DIRECTION('',(0.,0.,1.));
#4698 = ADVANCED_FACE('',(#4699),#4733,.T.);
#4699 = FACE_BOUND('',#4700,.T.);
#4700 = EDGE_LOOP('',(#4701,#4711,#4719,#4727));
#4701 = ORIENTED_EDGE('',*,*,#4702,.F.);
#4702 = EDGE_CURVE('',#4703,#4705,#4707,.T.);
#4703 = VERTEX_POINT('',#4704);
#4704 = CARTESIAN_POINT('',(-211.4249275747,-191.6259377015,18.));
#4705 = VERTEX_POINT('',#4706);
#4706 = CARTESIAN_POINT('',(-211.4249275747,-191.6259377015,280.));
#4707 = LINE('',#4708,#4709);
#4708 = CARTESIAN_POINT('',(-211.4249275747,-191.6259377015,18.));
#4709 = VECTOR('',#4710,1.);
#4710 = DIRECTION('',(0.,0.,1.));
#4711 = ORIENTED_EDGE('',*,*,#4712,.T.);
#4712 = EDGE_CURVE('',#4703,#4713,#4715,.T.);
#4713 = VERTEX_POINT('',#4714);
#4714 = CARTESIAN_POINT('',(-208.59650045,-194.4543648263,18.));
#4715 = LINE('',#4716,#4717);
#4716 = CARTESIAN_POINT('',(-211.4249275747,-191.6259377015,18.));
#4717 = VECTOR('',#4718,1.);
#4718 = DIRECTION('',(0.707106781187,-0.707106781187,0.));
#4719 = ORIENTED_EDGE('',*,*,#4720,.T.);
#4720 = EDGE_CURVE('',#4713,#4721,#4723,.T.);
#4721 = VERTEX_POINT('',#4722);
#4722 = CARTESIAN_POINT('',(-208.59650045,-194.4543648263,280.));
#4723 = LINE('',#4724,#4725);
#4724 = CARTESIAN_POINT('',(-208.59650045,-194.4543648263,18.));
#4725 = VECTOR('',#4726,1.);
#4726 = DIRECTION('',(0.,0.,1.));
#4727 = ORIENTED_EDGE('',*,*,#4728,.F.);
#4728 = EDGE_CURVE('',#4705,#4721,#4729,.T.);
#4729 = LINE('',#4730,#4731);
#4730 = CARTESIAN_POINT('',(-211.4249275747,-191.6259377015,280.));
#4731 = VECTOR('',#4732,1.);
#4732 = DIRECTION('',(0.707106781187,-0.707106781187,0.));
#4733 = PLANE('',#4734);
#4734 = AXIS2_PLACEMENT_3D('',#4735,#4736,#4737);
#4735 = CARTESIAN_POINT('',(-211.4249275747,-191.6259377015,18.));
#4736 = DIRECTION('',(-0.707106781187,-0.707106781187,0.));
#4737 = DIRECTION('',(0.,0.,1.));
#4738 = ADVANCED_FACE('',(#4739),#4755,.F.);
#4739 = FACE_BOUND('',#4740,.F.);
#4740 = EDGE_LOOP('',(#4741,#4747,#4748,#4754));
#4741 = ORIENTED_EDGE('',*,*,#4742,.F.);
#4742 = EDGE_CURVE('',#4663,#4703,#4743,.T.);
#4743 = LINE('',#4744,#4745);
#4744 = CARTESIAN_POINT('',(-197.282791951,-177.4838020778,18.));
#4745 = VECTOR('',#4746,1.);
#4746 = DIRECTION('',(-0.707106781187,-0.707106781187,0.));
#4747 = ORIENTED_EDGE('',*,*,#4662,.T.);
#4748 = ORIENTED_EDGE('',*,*,#4749,.T.);
#4749 = EDGE_CURVE('',#4665,#4705,#4750,.T.);
#4750 = LINE('',#4751,#4752);
#4751 = CARTESIAN_POINT('',(-197.282791951,-177.4838020778,280.));
#4752 = VECTOR('',#4753,1.);
#4753 = DIRECTION('',(-0.707106781187,-0.707106781187,0.));
#4754 = ORIENTED_EDGE('',*,*,#4702,.F.);
#4755 = PLANE('',#4756);
#4756 = AXIS2_PLACEMENT_3D('',#4757,#4758,#4759);
#4757 = CARTESIAN_POINT('',(-197.282791951,-177.4838020778,18.));
#4758 = DIRECTION('',(0.707106781187,-0.707106781187,0.));
#4759 = DIRECTION('',(0.,0.,1.));
#4760 = ADVANCED_FACE('',(#4761),#4777,.T.);
#4761 = FACE_BOUND('',#4762,.T.);
#4762 = EDGE_LOOP('',(#4763,#4769,#4770,#4776));
#4763 = ORIENTED_EDGE('',*,*,#4764,.F.);
#4764 = EDGE_CURVE('',#4673,#4713,#4765,.T.);
#4765 = LINE('',#4766,#4767);
#4766 = CARTESIAN_POINT('',(-194.4543648263,-180.3122292025,18.));
#4767 = VECTOR('',#4768,1.);
#4768 = DIRECTION('',(-0.707106781187,-0.707106781187,0.));
#4769 = ORIENTED_EDGE('',*,*,#4680,.T.);
#4770 = ORIENTED_EDGE('',*,*,#4771,.T.);
#4771 = EDGE_CURVE('',#4681,#4721,#4772,.T.);
#4772 = LINE('',#4773,#4774);
#4773 = CARTESIAN_POINT('',(-194.4543648263,-180.3122292025,280.));
#4774 = VECTOR('',#4775,1.);
#4775 = DIRECTION('',(-0.707106781187,-0.707106781187,0.));
#4776 = ORIENTED_EDGE('',*,*,#4720,.F.);
#4777 = PLANE('',#4778);
#4778 = AXIS2_PLACEMENT_3D('',#4779,#4780,#4781);
#4779 = CARTESIAN_POINT('',(-194.4543648263,-180.3122292025,18.));
#4780 = DIRECTION('',(0.707106781187,-0.707106781187,0.));
#4781 = DIRECTION('',(0.,0.,1.));
#4782 = ADVANCED_FACE('',(#4783),#4789,.F.);
#4783 = FACE_BOUND('',#4784,.F.);
#4784 = EDGE_LOOP('',(#4785,#4786,#4787,#4788));
#4785 = ORIENTED_EDGE('',*,*,#4672,.F.);
#4786 = ORIENTED_EDGE('',*,*,#4742,.T.);
#4787 = ORIENTED_EDGE('',*,*,#4712,.T.);
#4788 = ORIENTED_EDGE('',*,*,#4764,.F.);
#4789 = PLANE('',#4790);
#4790 = AXIS2_PLACEMENT_3D('',#4791,#4792,#4793);
#4791 = CARTESIAN_POINT('',(-197.282791951,-177.4838020778,18.));
#4792 = DIRECTION('',(0.,0.,1.));
#4793 = DIRECTION('',(-0.707106781187,-0.707106781187,0.));
#4794 = ADVANCED_FACE('',(#4795),#4801,.T.);
#4795 = FACE_BOUND('',#4796,.T.);
#4796 = EDGE_LOOP('',(#4797,#4798,#4799,#4800));
#4797 = ORIENTED_EDGE('',*,*,#4688,.F.);
#4798 = ORIENTED_EDGE('',*,*,#4749,.T.);
#4799 = ORIENTED_EDGE('',*,*,#4728,.T.);
#4800 = ORIENTED_EDGE('',*,*,#4771,.F.);
#4801 = PLANE('',#4802);
#4802 = AXIS2_PLACEMENT_3D('',#4803,#4804,#4805);
#4803 = CARTESIAN_POINT('',(-197.282791951,-177.4838020778,280.));
#4804 = DIRECTION('',(0.,0.,1.));
#4805 = DIRECTION('',(-0.707106781187,-0.707106781187,0.));
#4806 = ( GEOMETRIC_REPRESENTATION_CONTEXT(3) 
GLOBAL_UNCERTAINTY_ASSIGNED_CONTEXT((#4810)) 
GLOBAL_UNIT_ASSIGNED_CONTEXT((#4807,#4808,#4809)) REPRESENTATION_CONTEXT
('Context #1','3D Context with UNIT and UNCERTAINTY') );
#4807 = ( LENGTH_UNIT() NAMED_UNIT(*) SI_UNIT(.MILLI.,.METRE.) );
#4808 = ( NAMED_UNIT(*) PLANE_ANGLE_UNIT() SI_UNIT($,.RADIAN.) );
#4809 = ( NAMED_UNIT(*) SI_UNIT($,.STERADIAN.) SOLID_ANGLE_UNIT() );
#4810 = UNCERTAINTY_MEASURE_WITH_UNIT(LENGTH_MEASURE(1.E-07),#4807,
  'distance_accuracy_value','confusion accuracy');
#4811 = CONTEXT_DEPENDENT_SHAPE_REPRESENTATION(#4812,#4814);
#4812 = ( REPRESENTATION_RELATIONSHIP('','',#4655,#10) 
REPRESENTATION_RELATIONSHIP_WITH_TRANSFORMATION(#4813) 
SHAPE_REPRESENTATION_RELATIONSHIP() );
#4813 = ITEM_DEFINED_TRANSFORMATION('','',#11,#107);
#4814 = PRODUCT_DEFINITION_SHAPE('Placement','Placement of an item',
  #4815);
#4815 = NEXT_ASSEMBLY_USAGE_OCCURRENCE('24','P24 Slot jamb 225 / -1','',
  #5,#4650,$);
#4816 = PRODUCT_RELATED_PRODUCT_CATEGORY('part',$,(#4652));
#4817 = SHAPE_DEFINITION_REPRESENTATION(#4818,#4824);
#4818 = PRODUCT_DEFINITION_SHAPE('','',#4819);
#4819 = PRODUCT_DEFINITION('design','',#4820,#4823);
#4820 = PRODUCT_DEFINITION_FORMATION('','',#4821);
#4821 = PRODUCT('P25 Slot jamb 225 / 1','P25 Slot jamb 225 / 1','',(
    #4822));
#4822 = PRODUCT_CONTEXT('',#2,'mechanical');
#4823 = PRODUCT_DEFINITION_CONTEXT('part definition',#2,'design');
#4824 = ADVANCED_BREP_SHAPE_REPRESENTATION('',(#11,#4825),#4975);
#4825 = MANIFOLD_SOLID_BREP('',#4826);
#4826 = CLOSED_SHELL('',(#4827,#4867,#4907,#4929,#4951,#4963));
#4827 = ADVANCED_FACE('',(#4828),#4862,.F.);
#4828 = FACE_BOUND('',#4829,.F.);
#4829 = EDGE_LOOP('',(#4830,#4840,#4848,#4856));
#4830 = ORIENTED_EDGE('',*,*,#4831,.F.);
#4831 = EDGE_CURVE('',#4832,#4834,#4836,.T.);
#4832 = VERTEX_POINT('',#4833);
#4833 = CARTESIAN_POINT('',(-180.3122292025,-194.4543648263,18.));
#4834 = VERTEX_POINT('',#4835);
#4835 = CARTESIAN_POINT('',(-180.3122292025,-194.4543648263,280.));
#4836 = LINE('',#4837,#4838);
#4837 = CARTESIAN_POINT('',(-180.3122292025,-194.4543648263,18.));
#4838 = VECTOR('',#4839,1.);
#4839 = DIRECTION('',(0.,0.,1.));
#4840 = ORIENTED_EDGE('',*,*,#4841,.T.);
#4841 = EDGE_CURVE('',#4832,#4842,#4844,.T.);
#4842 = VERTEX_POINT('',#4843);
#4843 = CARTESIAN_POINT('',(-177.4838020778,-197.282791951,18.));
#4844 = LINE('',#4845,#4846);
#4845 = CARTESIAN_POINT('',(-180.3122292025,-194.4543648263,18.));
#4846 = VECTOR('',#4847,1.);
#4847 = DIRECTION('',(0.707106781187,-0.707106781187,0.));
#4848 = ORIENTED_EDGE('',*,*,#4849,.T.);
#4849 = EDGE_CURVE('',#4842,#4850,#4852,.T.);
#4850 = VERTEX_POINT('',#4851);
#4851 = CARTESIAN_POINT('',(-177.4838020778,-197.282791951,280.));
#4852 = LINE('',#4853,#4854);
#4853 = CARTESIAN_POINT('',(-177.4838020778,-197.282791951,18.));
#4854 = VECTOR('',#4855,1.);
#4855 = DIRECTION('',(0.,0.,1.));
#4856 = ORIENTED_EDGE('',*,*,#4857,.F.);
#4857 = EDGE_CURVE('',#4834,#4850,#4858,.T.);
#4858 = LINE('',#4859,#4860);
#4859 = CARTESIAN_POINT('',(-180.3122292025,-194.4543648263,280.));
#4860 = VECTOR('',#4861,1.);
#4861 = DIRECTION('',(0.707106781187,-0.707106781187,0.));
#4862 = PLANE('',#4863);
#4863 = AXIS2_PLACEMENT_3D('',#4864,#4865,#4866);
#4864 = CARTESIAN_POINT('',(-180.3122292025,-194.4543648263,18.));
#4865 = DIRECTION('',(-0.707106781187,-0.707106781187,0.));
#4866 = DIRECTION('',(0.,0.,1.));
#4867 = ADVANCED_FACE('',(#4868),#4902,.T.);
#4868 = FACE_BOUND('',#4869,.T.);
#4869 = EDGE_LOOP('',(#4870,#4880,#4888,#4896));
#4870 = ORIENTED_EDGE('',*,*,#4871,.F.);
#4871 = EDGE_CURVE('',#4872,#4874,#4876,.T.);
#4872 = VERTEX_POINT('',#4873);
#4873 = CARTESIAN_POINT('',(-194.4543648263,-208.59650045,18.));
#4874 = VERTEX_POINT('',#4875);
#4875 = CARTESIAN_POINT('',(-194.4543648263,-208.59650045,280.));
#4876 = LINE('',#4877,#4878);
#4877 = CARTESIAN_POINT('',(-194.4543648263,-208.59650045,18.));
#4878 = VECTOR('',#4879,1.);
#4879 = DIRECTION('',(0.,0.,1.));
#4880 = ORIENTED_EDGE('',*,*,#4881,.T.);
#4881 = EDGE_CURVE('',#4872,#4882,#4884,.T.);
#4882 = VERTEX_POINT('',#4883);
#4883 = CARTESIAN_POINT('',(-191.6259377015,-211.4249275747,18.));
#4884 = LINE('',#4885,#4886);
#4885 = CARTESIAN_POINT('',(-194.4543648263,-208.59650045,18.));
#4886 = VECTOR('',#4887,1.);
#4887 = DIRECTION('',(0.707106781187,-0.707106781187,0.));
#4888 = ORIENTED_EDGE('',*,*,#4889,.T.);
#4889 = EDGE_CURVE('',#4882,#4890,#4892,.T.);
#4890 = VERTEX_POINT('',#4891);
#4891 = CARTESIAN_POINT('',(-191.6259377015,-211.4249275747,280.));
#4892 = LINE('',#4893,#4894);
#4893 = CARTESIAN_POINT('',(-191.6259377015,-211.4249275747,18.));
#4894 = VECTOR('',#4895,1.);
#4895 = DIRECTION('',(0.,0.,1.));
#4896 = ORIENTED_EDGE('',*,*,#4897,.F.);
#4897 = EDGE_CURVE('',#4874,#4890,#4898,.T.);
#4898 = LINE('',#4899,#4900);
#4899 = CARTESIAN_POINT('',(-194.4543648263,-208.59650045,280.));
#4900 = VECTOR('',#4901,1.);
#4901 = DIRECTION('',(0.707106781187,-0.707106781187,0.));
#4902 = PLANE('',#4903);
#4903 = AXIS2_PLACEMENT_3D('',#4904,#4905,#4906);
#4904 = CARTESIAN_POINT('',(-194.4543648263,-208.59650045,18.));
#4905 = DIRECTION('',(-0.707106781187,-0.707106781187,0.));
#4906 = DIRECTION('',(0.,0.,1.));
#4907 = ADVANCED_FACE('',(#4908),#4924,.F.);
#4908 = FACE_BOUND('',#4909,.F.);
#4909 = EDGE_LOOP('',(#4910,#4916,#4917,#4923));
#4910 = ORIENTED_EDGE('',*,*,#4911,.F.);
#4911 = EDGE_CURVE('',#4832,#4872,#4912,.T.);
#4912 = LINE('',#4913,#4914);
#4913 = CARTESIAN_POINT('',(-180.3122292025,-194.4543648263,18.));
#4914 = VECTOR('',#4915,1.);
#4915 = DIRECTION('',(-0.707106781187,-0.707106781187,0.));
#4916 = ORIENTED_EDGE('',*,*,#4831,.T.);
#4917 = ORIENTED_EDGE('',*,*,#4918,.T.);
#4918 = EDGE_CURVE('',#4834,#4874,#4919,.T.);
#4919 = LINE('',#4920,#4921);
#4920 = CARTESIAN_POINT('',(-180.3122292025,-194.4543648263,280.));
#4921 = VECTOR('',#4922,1.);
#4922 = DIRECTION('',(-0.707106781187,-0.707106781187,0.));
#4923 = ORIENTED_EDGE('',*,*,#4871,.F.);
#4924 = PLANE('',#4925);
#4925 = AXIS2_PLACEMENT_3D('',#4926,#4927,#4928);
#4926 = CARTESIAN_POINT('',(-180.3122292025,-194.4543648263,18.));
#4927 = DIRECTION('',(0.707106781187,-0.707106781187,0.));
#4928 = DIRECTION('',(0.,0.,1.));
#4929 = ADVANCED_FACE('',(#4930),#4946,.T.);
#4930 = FACE_BOUND('',#4931,.T.);
#4931 = EDGE_LOOP('',(#4932,#4938,#4939,#4945));
#4932 = ORIENTED_EDGE('',*,*,#4933,.F.);
#4933 = EDGE_CURVE('',#4842,#4882,#4934,.T.);
#4934 = LINE('',#4935,#4936);
#4935 = CARTESIAN_POINT('',(-177.4838020778,-197.282791951,18.));
#4936 = VECTOR('',#4937,1.);
#4937 = DIRECTION('',(-0.707106781187,-0.707106781187,0.));
#4938 = ORIENTED_EDGE('',*,*,#4849,.T.);
#4939 = ORIENTED_EDGE('',*,*,#4940,.T.);
#4940 = EDGE_CURVE('',#4850,#4890,#4941,.T.);
#4941 = LINE('',#4942,#4943);
#4942 = CARTESIAN_POINT('',(-177.4838020778,-197.282791951,280.));
#4943 = VECTOR('',#4944,1.);
#4944 = DIRECTION('',(-0.707106781187,-0.707106781187,0.));
#4945 = ORIENTED_EDGE('',*,*,#4889,.F.);
#4946 = PLANE('',#4947);
#4947 = AXIS2_PLACEMENT_3D('',#4948,#4949,#4950);
#4948 = CARTESIAN_POINT('',(-177.4838020778,-197.282791951,18.));
#4949 = DIRECTION('',(0.707106781187,-0.707106781187,0.));
#4950 = DIRECTION('',(0.,0.,1.));
#4951 = ADVANCED_FACE('',(#4952),#4958,.F.);
#4952 = FACE_BOUND('',#4953,.F.);
#4953 = EDGE_LOOP('',(#4954,#4955,#4956,#4957));
#4954 = ORIENTED_EDGE('',*,*,#4841,.F.);
#4955 = ORIENTED_EDGE('',*,*,#4911,.T.);
#4956 = ORIENTED_EDGE('',*,*,#4881,.T.);
#4957 = ORIENTED_EDGE('',*,*,#4933,.F.);
#4958 = PLANE('',#4959);
#4959 = AXIS2_PLACEMENT_3D('',#4960,#4961,#4962);
#4960 = CARTESIAN_POINT('',(-180.3122292025,-194.4543648263,18.));
#4961 = DIRECTION('',(0.,0.,1.));
#4962 = DIRECTION('',(-0.707106781187,-0.707106781187,0.));
#4963 = ADVANCED_FACE('',(#4964),#4970,.T.);
#4964 = FACE_BOUND('',#4965,.T.);
#4965 = EDGE_LOOP('',(#4966,#4967,#4968,#4969));
#4966 = ORIENTED_EDGE('',*,*,#4857,.F.);
#4967 = ORIENTED_EDGE('',*,*,#4918,.T.);
#4968 = ORIENTED_EDGE('',*,*,#4897,.T.);
#4969 = ORIENTED_EDGE('',*,*,#4940,.F.);
#4970 = PLANE('',#4971);
#4971 = AXIS2_PLACEMENT_3D('',#4972,#4973,#4974);
#4972 = CARTESIAN_POINT('',(-180.3122292025,-194.4543648263,280.));
#4973 = DIRECTION('',(0.,0.,1.));
#4974 = DIRECTION('',(-0.707106781187,-0.707106781187,0.));
#4975 = ( GEOMETRIC_REPRESENTATION_CONTEXT(3) 
GLOBAL_UNCERTAINTY_ASSIGNED_CONTEXT((#4979)) 
GLOBAL_UNIT_ASSIGNED_CONTEXT((#4976,#4977,#4978)) REPRESENTATION_CONTEXT
('Context #1','3D Context with UNIT and UNCERTAINTY') );
#4976 = ( LENGTH_UNIT() NAMED_UNIT(*) SI_UNIT(.MILLI.,.METRE.) );
#4977 = ( NAMED_UNIT(*) PLANE_ANGLE_UNIT() SI_UNIT($,.RADIAN.) );
#4978 = ( NAMED_UNIT(*) SI_UNIT($,.STERADIAN.) SOLID_ANGLE_UNIT() );
#4979 = UNCERTAINTY_MEASURE_WITH_UNIT(LENGTH_MEASURE(1.E-07),#4976,
  'distance_accuracy_value','confusion accuracy');
#4980 = CONTEXT_DEPENDENT_SHAPE_REPRESENTATION(#4981,#4983);
#4981 = ( REPRESENTATION_RELATIONSHIP('','',#4824,#10) 
REPRESENTATION_RELATIONSHIP_WITH_TRANSFORMATION(#4982) 
SHAPE_REPRESENTATION_RELATIONSHIP() );
#4982 = ITEM_DEFINED_TRANSFORMATION('','',#11,#111);
#4983 = PRODUCT_DEFINITION_SHAPE('Placement','Placement of an item',
  #4984);
#4984 = NEXT_ASSEMBLY_USAGE_OCCURRENCE('25','P25 Slot jamb 225 / 1','',
  #5,#4819,$);
#4985 = PRODUCT_RELATED_PRODUCT_CATEGORY('part',$,(#4821));
#4986 = SHAPE_DEFINITION_REPRESENTATION(#4987,#4993);
#4987 = PRODUCT_DEFINITION_SHAPE('','',#4988);
#4988 = PRODUCT_DEFINITION('design','',#4989,#4992);
#4989 = PRODUCT_DEFINITION_FORMATION('','',#4990);
#4990 = PRODUCT('P26 Slot lintel 225','P26 Slot lintel 225','',(#4991));
#4991 = PRODUCT_CONTEXT('',#2,'mechanical');
#4992 = PRODUCT_DEFINITION_CONTEXT('part definition',#2,'design');
#4993 = ADVANCED_BREP_SHAPE_REPRESENTATION('',(#11,#4994),#5144);
#4994 = MANIFOLD_SOLID_BREP('',#4995);
#4995 = CLOSED_SHELL('',(#4996,#5036,#5076,#5098,#5120,#5132));
#4996 = ADVANCED_FACE('',(#4997),#5031,.F.);
#4997 = FACE_BOUND('',#4998,.F.);
#4998 = EDGE_LOOP('',(#4999,#5009,#5017,#5025));
#4999 = ORIENTED_EDGE('',*,*,#5000,.F.);
#5000 = EDGE_CURVE('',#5001,#5003,#5005,.T.);
#5001 = VERTEX_POINT('',#5002);
#5002 = CARTESIAN_POINT('',(-197.282791951,-177.4838020778,280.));
#5003 = VERTEX_POINT('',#5004);
#5004 = CARTESIAN_POINT('',(-197.282791951,-177.4838020778,284.));
#5005 = LINE('',#5006,#5007);
#5006 = CARTESIAN_POINT('',(-197.282791951,-177.4838020778,280.));
#5007 = VECTOR('',#5008,1.);
#5008 = DIRECTION('',(0.,0.,1.));
#5009 = ORIENTED_EDGE('',*,*,#5010,.T.);
#5010 = EDGE_CURVE('',#5001,#5011,#5013,.T.);
#5011 = VERTEX_POINT('',#5012);
#5012 = CARTESIAN_POINT('',(-177.4838020778,-197.282791951,280.));
#5013 = LINE('',#5014,#5015);
#5014 = CARTESIAN_POINT('',(-197.282791951,-177.4838020778,280.));
#5015 = VECTOR('',#5016,1.);
#5016 = DIRECTION('',(0.707106781187,-0.707106781187,0.));
#5017 = ORIENTED_EDGE('',*,*,#5018,.T.);
#5018 = EDGE_CURVE('',#5011,#5019,#5021,.T.);
#5019 = VERTEX_POINT('',#5020);
#5020 = CARTESIAN_POINT('',(-177.4838020778,-197.282791951,284.));
#5021 = LINE('',#5022,#5023);
#5022 = CARTESIAN_POINT('',(-177.4838020778,-197.282791951,280.));
#5023 = VECTOR('',#5024,1.);
#5024 = DIRECTION('',(0.,0.,1.));
#5025 = ORIENTED_EDGE('',*,*,#5026,.F.);
#5026 = EDGE_CURVE('',#5003,#5019,#5027,.T.);
#5027 = LINE('',#5028,#5029);
#5028 = CARTESIAN_POINT('',(-197.282791951,-177.4838020778,284.));
#5029 = VECTOR('',#5030,1.);
#5030 = DIRECTION('',(0.707106781187,-0.707106781187,0.));
#5031 = PLANE('',#5032);
#5032 = AXIS2_PLACEMENT_3D('',#5033,#5034,#5035);
#5033 = CARTESIAN_POINT('',(-197.282791951,-177.4838020778,280.));
#5034 = DIRECTION('',(-0.707106781187,-0.707106781187,0.));
#5035 = DIRECTION('',(0.,0.,1.));
#5036 = ADVANCED_FACE('',(#5037),#5071,.T.);
#5037 = FACE_BOUND('',#5038,.T.);
#5038 = EDGE_LOOP('',(#5039,#5049,#5057,#5065));
#5039 = ORIENTED_EDGE('',*,*,#5040,.F.);
#5040 = EDGE_CURVE('',#5041,#5043,#5045,.T.);
#5041 = VERTEX_POINT('',#5042);
#5042 = CARTESIAN_POINT('',(-211.4249275747,-191.6259377015,280.));
#5043 = VERTEX_POINT('',#5044);
#5044 = CARTESIAN_POINT('',(-211.4249275747,-191.6259377015,284.));
#5045 = LINE('',#5046,#5047);
#5046 = CARTESIAN_POINT('',(-211.4249275747,-191.6259377015,280.));
#5047 = VECTOR('',#5048,1.);
#5048 = DIRECTION('',(0.,0.,1.));
#5049 = ORIENTED_EDGE('',*,*,#5050,.T.);
#5050 = EDGE_CURVE('',#5041,#5051,#5053,.T.);
#5051 = VERTEX_POINT('',#5052);
#5052 = CARTESIAN_POINT('',(-191.6259377015,-211.4249275747,280.));
#5053 = LINE('',#5054,#5055);
#5054 = CARTESIAN_POINT('',(-211.4249275747,-191.6259377015,280.));
#5055 = VECTOR('',#5056,1.);
#5056 = DIRECTION('',(0.707106781187,-0.707106781187,0.));
#5057 = ORIENTED_EDGE('',*,*,#5058,.T.);
#5058 = EDGE_CURVE('',#5051,#5059,#5061,.T.);
#5059 = VERTEX_POINT('',#5060);
#5060 = CARTESIAN_POINT('',(-191.6259377015,-211.4249275747,284.));
#5061 = LINE('',#5062,#5063);
#5062 = CARTESIAN_POINT('',(-191.6259377015,-211.4249275747,280.));
#5063 = VECTOR('',#5064,1.);
#5064 = DIRECTION('',(0.,0.,1.));
#5065 = ORIENTED_EDGE('',*,*,#5066,.F.);
#5066 = EDGE_CURVE('',#5043,#5059,#5067,.T.);
#5067 = LINE('',#5068,#5069);
#5068 = CARTESIAN_POINT('',(-211.4249275747,-191.6259377015,284.));
#5069 = VECTOR('',#5070,1.);
#5070 = DIRECTION('',(0.707106781187,-0.707106781187,0.));
#5071 = PLANE('',#5072);
#5072 = AXIS2_PLACEMENT_3D('',#5073,#5074,#5075);
#5073 = CARTESIAN_POINT('',(-211.4249275747,-191.6259377015,280.));
#5074 = DIRECTION('',(-0.707106781187,-0.707106781187,0.));
#5075 = DIRECTION('',(0.,0.,1.));
#5076 = ADVANCED_FACE('',(#5077),#5093,.F.);
#5077 = FACE_BOUND('',#5078,.F.);
#5078 = EDGE_LOOP('',(#5079,#5085,#5086,#5092));
#5079 = ORIENTED_EDGE('',*,*,#5080,.F.);
#5080 = EDGE_CURVE('',#5001,#5041,#5081,.T.);
#5081 = LINE('',#5082,#5083);
#5082 = CARTESIAN_POINT('',(-197.282791951,-177.4838020778,280.));
#5083 = VECTOR('',#5084,1.);
#5084 = DIRECTION('',(-0.707106781187,-0.707106781187,0.));
#5085 = ORIENTED_EDGE('',*,*,#5000,.T.);
#5086 = ORIENTED_EDGE('',*,*,#5087,.T.);
#5087 = EDGE_CURVE('',#5003,#5043,#5088,.T.);
#5088 = LINE('',#5089,#5090);
#5089 = CARTESIAN_POINT('',(-197.282791951,-177.4838020778,284.));
#5090 = VECTOR('',#5091,1.);
#5091 = DIRECTION('',(-0.707106781187,-0.707106781187,0.));
#5092 = ORIENTED_EDGE('',*,*,#5040,.F.);
#5093 = PLANE('',#5094);
#5094 = AXIS2_PLACEMENT_3D('',#5095,#5096,#5097);
#5095 = CARTESIAN_POINT('',(-197.282791951,-177.4838020778,280.));
#5096 = DIRECTION('',(0.707106781187,-0.707106781187,0.));
#5097 = DIRECTION('',(0.,0.,1.));
#5098 = ADVANCED_FACE('',(#5099),#5115,.T.);
#5099 = FACE_BOUND('',#5100,.T.);
#5100 = EDGE_LOOP('',(#5101,#5107,#5108,#5114));
#5101 = ORIENTED_EDGE('',*,*,#5102,.F.);
#5102 = EDGE_CURVE('',#5011,#5051,#5103,.T.);
#5103 = LINE('',#5104,#5105);
#5104 = CARTESIAN_POINT('',(-177.4838020778,-197.282791951,280.));
#5105 = VECTOR('',#5106,1.);
#5106 = DIRECTION('',(-0.707106781187,-0.707106781187,0.));
#5107 = ORIENTED_EDGE('',*,*,#5018,.T.);
#5108 = ORIENTED_EDGE('',*,*,#5109,.T.);
#5109 = EDGE_CURVE('',#5019,#5059,#5110,.T.);
#5110 = LINE('',#5111,#5112);
#5111 = CARTESIAN_POINT('',(-177.4838020778,-197.282791951,284.));
#5112 = VECTOR('',#5113,1.);
#5113 = DIRECTION('',(-0.707106781187,-0.707106781187,0.));
#5114 = ORIENTED_EDGE('',*,*,#5058,.F.);
#5115 = PLANE('',#5116);
#5116 = AXIS2_PLACEMENT_3D('',#5117,#5118,#5119);
#5117 = CARTESIAN_POINT('',(-177.4838020778,-197.282791951,280.));
#5118 = DIRECTION('',(0.707106781187,-0.707106781187,0.));
#5119 = DIRECTION('',(0.,0.,1.));
#5120 = ADVANCED_FACE('',(#5121),#5127,.F.);
#5121 = FACE_BOUND('',#5122,.F.);
#5122 = EDGE_LOOP('',(#5123,#5124,#5125,#5126));
#5123 = ORIENTED_EDGE('',*,*,#5010,.F.);
#5124 = ORIENTED_EDGE('',*,*,#5080,.T.);
#5125 = ORIENTED_EDGE('',*,*,#5050,.T.);
#5126 = ORIENTED_EDGE('',*,*,#5102,.F.);
#5127 = PLANE('',#5128);
#5128 = AXIS2_PLACEMENT_3D('',#5129,#5130,#5131);
#5129 = CARTESIAN_POINT('',(-197.282791951,-177.4838020778,280.));
#5130 = DIRECTION('',(0.,0.,1.));
#5131 = DIRECTION('',(-0.707106781187,-0.707106781187,0.));
#5132 = ADVANCED_FACE('',(#5133),#5139,.T.);
#5133 = FACE_BOUND('',#5134,.T.);
#5134 = EDGE_LOOP('',(#5135,#5136,#5137,#5138));
#5135 = ORIENTED_EDGE('',*,*,#5026,.F.);
#5136 = ORIENTED_EDGE('',*,*,#5087,.T.);
#5137 = ORIENTED_EDGE('',*,*,#5066,.T.);
#5138 = ORIENTED_EDGE('',*,*,#5109,.F.);
#5139 = PLANE('',#5140);
#5140 = AXIS2_PLACEMENT_3D('',#5141,#5142,#5143);
#5141 = CARTESIAN_POINT('',(-197.282791951,-177.4838020778,284.));
#5142 = DIRECTION('',(0.,0.,1.));
#5143 = DIRECTION('',(-0.707106781187,-0.707106781187,0.));
#5144 = ( GEOMETRIC_REPRESENTATION_CONTEXT(3) 
GLOBAL_UNCERTAINTY_ASSIGNED_CONTEXT((#5148)) 
GLOBAL_UNIT_ASSIGNED_CONTEXT((#5145,#5146,#5147)) REPRESENTATION_CONTEXT
('Context #1','3D Context with UNIT and UNCERTAINTY') );
#5145 = ( LENGTH_UNIT() NAMED_UNIT(*) SI_UNIT(.MILLI.,.METRE.) );
#5146 = ( NAMED_UNIT(*) PLANE_ANGLE_UNIT() SI_UNIT($,.RADIAN.) );
#5147 = ( NAMED_UNIT(*) SI_UNIT($,.STERADIAN.) SOLID_ANGLE_UNIT() );
#5148 = UNCERTAINTY_MEASURE_WITH_UNIT(LENGTH_MEASURE(1.E-07),#5145,
  'distance_accuracy_value','confusion accuracy');
#5149 = CONTEXT_DEPENDENT_SHAPE_REPRESENTATION(#5150,#5152);
#5150 = ( REPRESENTATION_RELATIONSHIP('','',#4993,#10) 
REPRESENTATION_RELATIONSHIP_WITH_TRANSFORMATION(#5151) 
SHAPE_REPRESENTATION_RELATIONSHIP() );
#5151 = ITEM_DEFINED_TRANSFORMATION('','',#11,#115);
#5152 = PRODUCT_DEFINITION_SHAPE('Placement','Placement of an item',
  #5153);
#5153 = NEXT_ASSEMBLY_USAGE_OCCURRENCE('26','P26 Slot lintel 225','',#5,
  #4988,$);
#5154 = PRODUCT_RELATED_PRODUCT_CATEGORY('part',$,(#4990));
#5155 = SHAPE_DEFINITION_REPRESENTATION(#5156,#5162);
#5156 = PRODUCT_DEFINITION_SHAPE('','',#5157);
#5157 = PRODUCT_DEFINITION('design','',#5158,#5161);
#5158 = PRODUCT_DEFINITION_FORMATION('','',#5159);
#5159 = PRODUCT('P27 Foot shoe 225','P27 Foot shoe 225','',(#5160));
#5160 = PRODUCT_CONTEXT('',#2,'mechanical');
#5161 = PRODUCT_DEFINITION_CONTEXT('part definition',#2,'design');
#5162 = ADVANCED_BREP_SHAPE_REPRESENTATION('',(#11,#5163),#5313);
#5163 = MANIFOLD_SOLID_BREP('',#5164);
#5164 = CLOSED_SHELL('',(#5165,#5205,#5245,#5267,#5289,#5301));
#5165 = ADVANCED_FACE('',(#5166),#5200,.F.);
#5166 = FACE_BOUND('',#5167,.F.);
#5167 = EDGE_LOOP('',(#5168,#5178,#5186,#5194));
#5168 = ORIENTED_EDGE('',*,*,#5169,.F.);
#5169 = EDGE_CURVE('',#5170,#5172,#5174,.T.);
#5170 = VERTEX_POINT('',#5171);
#5171 = CARTESIAN_POINT('',(-228.3954903232,-143.5426765808,0.));
#5172 = VERTEX_POINT('',#5173);
#5173 = CARTESIAN_POINT('',(-228.3954903232,-143.5426765808,18.));
#5174 = LINE('',#5175,#5176);
#5175 = CARTESIAN_POINT('',(-228.3954903232,-143.5426765808,0.));
#5176 = VECTOR('',#5177,1.);
#5177 = DIRECTION('',(0.,0.,1.));
#5178 = ORIENTED_EDGE('',*,*,#5179,.T.);
#5179 = EDGE_CURVE('',#5170,#5180,#5182,.T.);
#5180 = VERTEX_POINT('',#5181);
#5181 = CARTESIAN_POINT('',(-143.5426765808,-228.3954903232,0.));
#5182 = LINE('',#5183,#5184);
#5183 = CARTESIAN_POINT('',(-228.3954903232,-143.5426765808,0.));
#5184 = VECTOR('',#5185,1.);
#5185 = DIRECTION('',(0.707106781187,-0.707106781187,0.));
#5186 = ORIENTED_EDGE('',*,*,#5187,.T.);
#5187 = EDGE_CURVE('',#5180,#5188,#5190,.T.);
#5188 = VERTEX_POINT('',#5189);
#5189 = CARTESIAN_POINT('',(-143.5426765808,-228.3954903232,18.));
#5190 = LINE('',#5191,#5192);
#5191 = CARTESIAN_POINT('',(-143.5426765808,-228.3954903232,0.));
#5192 = VECTOR('',#5193,1.);
#5193 = DIRECTION('',(0.,0.,1.));
#5194 = ORIENTED_EDGE('',*,*,#5195,.F.);
#5195 = EDGE_CURVE('',#5172,#5188,#5196,.T.);
#5196 = LINE('',#5197,#5198);
#5197 = CARTESIAN_POINT('',(-228.3954903232,-143.5426765808,18.));
#5198 = VECTOR('',#5199,1.);
#5199 = DIRECTION('',(0.707106781187,-0.707106781187,0.));
#5200 = PLANE('',#5201);
#5201 = AXIS2_PLACEMENT_3D('',#5202,#5203,#5204);
#5202 = CARTESIAN_POINT('',(-228.3954903232,-143.5426765808,0.));
#5203 = DIRECTION('',(-0.707106781187,-0.707106781187,0.));
#5204 = DIRECTION('',(0.,0.,1.));
#5205 = ADVANCED_FACE('',(#5206),#5240,.T.);
#5206 = FACE_BOUND('',#5207,.T.);
#5207 = EDGE_LOOP('',(#5208,#5218,#5226,#5234));
#5208 = ORIENTED_EDGE('',*,*,#5209,.F.);
#5209 = EDGE_CURVE('',#5210,#5212,#5214,.T.);
#5210 = VERTEX_POINT('',#5211);
#5211 = CARTESIAN_POINT('',(-245.3660530717,-160.5132393293,0.));
#5212 = VERTEX_POINT('',#5213);
#5213 = CARTESIAN_POINT('',(-245.3660530717,-160.5132393293,18.));
#5214 = LINE('',#5215,#5216);
#5215 = CARTESIAN_POINT('',(-245.3660530717,-160.5132393293,0.));
#5216 = VECTOR('',#5217,1.);
#5217 = DIRECTION('',(0.,0.,1.));
#5218 = ORIENTED_EDGE('',*,*,#5219,.T.);
#5219 = EDGE_CURVE('',#5210,#5220,#5222,.T.);
#5220 = VERTEX_POINT('',#5221);
#5221 = CARTESIAN_POINT('',(-160.5132393293,-245.3660530717,0.));
#5222 = LINE('',#5223,#5224);
#5223 = CARTESIAN_POINT('',(-245.3660530717,-160.5132393293,0.));
#5224 = VECTOR('',#5225,1.);
#5225 = DIRECTION('',(0.707106781187,-0.707106781187,0.));
#5226 = ORIENTED_EDGE('',*,*,#5227,.T.);
#5227 = EDGE_CURVE('',#5220,#5228,#5230,.T.);
#5228 = VERTEX_POINT('',#5229);
#5229 = CARTESIAN_POINT('',(-160.5132393293,-245.3660530717,18.));
#5230 = LINE('',#5231,#5232);
#5231 = CARTESIAN_POINT('',(-160.5132393293,-245.3660530717,0.));
#5232 = VECTOR('',#5233,1.);
#5233 = DIRECTION('',(0.,0.,1.));
#5234 = ORIENTED_EDGE('',*,*,#5235,.F.);
#5235 = EDGE_CURVE('',#5212,#5228,#5236,.T.);
#5236 = LINE('',#5237,#5238);
#5237 = CARTESIAN_POINT('',(-245.3660530717,-160.5132393293,18.));
#5238 = VECTOR('',#5239,1.);
#5239 = DIRECTION('',(0.707106781187,-0.707106781187,0.));
#5240 = PLANE('',#5241);
#5241 = AXIS2_PLACEMENT_3D('',#5242,#5243,#5244);
#5242 = CARTESIAN_POINT('',(-245.3660530717,-160.5132393293,0.));
#5243 = DIRECTION('',(-0.707106781187,-0.707106781187,0.));
#5244 = DIRECTION('',(0.,0.,1.));
#5245 = ADVANCED_FACE('',(#5246),#5262,.F.);
#5246 = FACE_BOUND('',#5247,.F.);
#5247 = EDGE_LOOP('',(#5248,#5254,#5255,#5261));
#5248 = ORIENTED_EDGE('',*,*,#5249,.F.);
#5249 = EDGE_CURVE('',#5170,#5210,#5250,.T.);
#5250 = LINE('',#5251,#5252);
#5251 = CARTESIAN_POINT('',(-228.3954903232,-143.5426765808,0.));
#5252 = VECTOR('',#5253,1.);
#5253 = DIRECTION('',(-0.707106781187,-0.707106781187,0.));
#5254 = ORIENTED_EDGE('',*,*,#5169,.T.);
#5255 = ORIENTED_EDGE('',*,*,#5256,.T.);
#5256 = EDGE_CURVE('',#5172,#5212,#5257,.T.);
#5257 = LINE('',#5258,#5259);
#5258 = CARTESIAN_POINT('',(-228.3954903232,-143.5426765808,18.));
#5259 = VECTOR('',#5260,1.);
#5260 = DIRECTION('',(-0.707106781187,-0.707106781187,0.));
#5261 = ORIENTED_EDGE('',*,*,#5209,.F.);
#5262 = PLANE('',#5263);
#5263 = AXIS2_PLACEMENT_3D('',#5264,#5265,#5266);
#5264 = CARTESIAN_POINT('',(-228.3954903232,-143.5426765808,0.));
#5265 = DIRECTION('',(0.707106781187,-0.707106781187,0.));
#5266 = DIRECTION('',(0.,0.,1.));
#5267 = ADVANCED_FACE('',(#5268),#5284,.T.);
#5268 = FACE_BOUND('',#5269,.T.);
#5269 = EDGE_LOOP('',(#5270,#5276,#5277,#5283));
#5270 = ORIENTED_EDGE('',*,*,#5271,.F.);
#5271 = EDGE_CURVE('',#5180,#5220,#5272,.T.);
#5272 = LINE('',#5273,#5274);
#5273 = CARTESIAN_POINT('',(-143.5426765808,-228.3954903232,0.));
#5274 = VECTOR('',#5275,1.);
#5275 = DIRECTION('',(-0.707106781187,-0.707106781187,0.));
#5276 = ORIENTED_EDGE('',*,*,#5187,.T.);
#5277 = ORIENTED_EDGE('',*,*,#5278,.T.);
#5278 = EDGE_CURVE('',#5188,#5228,#5279,.T.);
#5279 = LINE('',#5280,#5281);
#5280 = CARTESIAN_POINT('',(-143.5426765808,-228.3954903232,18.));
#5281 = VECTOR('',#5282,1.);
#5282 = DIRECTION('',(-0.707106781187,-0.707106781187,0.));
#5283 = ORIENTED_EDGE('',*,*,#5227,.F.);
#5284 = PLANE('',#5285);
#5285 = AXIS2_PLACEMENT_3D('',#5286,#5287,#5288);
#5286 = CARTESIAN_POINT('',(-143.5426765808,-228.3954903232,0.));
#5287 = DIRECTION('',(0.707106781187,-0.707106781187,0.));
#5288 = DIRECTION('',(0.,0.,1.));
#5289 = ADVANCED_FACE('',(#5290),#5296,.F.);
#5290 = FACE_BOUND('',#5291,.F.);
#5291 = EDGE_LOOP('',(#5292,#5293,#5294,#5295));
#5292 = ORIENTED_EDGE('',*,*,#5179,.F.);
#5293 = ORIENTED_EDGE('',*,*,#5249,.T.);
#5294 = ORIENTED_EDGE('',*,*,#5219,.T.);
#5295 = ORIENTED_EDGE('',*,*,#5271,.F.);
#5296 = PLANE('',#5297);
#5297 = AXIS2_PLACEMENT_3D('',#5298,#5299,#5300);
#5298 = CARTESIAN_POINT('',(-228.3954903232,-143.5426765808,0.));
#5299 = DIRECTION('',(0.,0.,1.));
#5300 = DIRECTION('',(-0.707106781187,-0.707106781187,0.));
#5301 = ADVANCED_FACE('',(#5302),#5308,.T.);
#5302 = FACE_BOUND('',#5303,.T.);
#5303 = EDGE_LOOP('',(#5304,#5305,#5306,#5307));
#5304 = ORIENTED_EDGE('',*,*,#5195,.F.);
#5305 = ORIENTED_EDGE('',*,*,#5256,.T.);
#5306 = ORIENTED_EDGE('',*,*,#5235,.T.);
#5307 = ORIENTED_EDGE('',*,*,#5278,.F.);
#5308 = PLANE('',#5309);
#5309 = AXIS2_PLACEMENT_3D('',#5310,#5311,#5312);
#5310 = CARTESIAN_POINT('',(-228.3954903232,-143.5426765808,18.));
#5311 = DIRECTION('',(0.,0.,1.));
#5312 = DIRECTION('',(-0.707106781187,-0.707106781187,0.));
#5313 = ( GEOMETRIC_REPRESENTATION_CONTEXT(3) 
GLOBAL_UNCERTAINTY_ASSIGNED_CONTEXT((#5317)) 
GLOBAL_UNIT_ASSIGNED_CONTEXT((#5314,#5315,#5316)) REPRESENTATION_CONTEXT
('Context #1','3D Context with UNIT and UNCERTAINTY') );
#5314 = ( LENGTH_UNIT() NAMED_UNIT(*) SI_UNIT(.MILLI.,.METRE.) );
#5315 = ( NAMED_UNIT(*) PLANE_ANGLE_UNIT() SI_UNIT($,.RADIAN.) );
#5316 = ( NAMED_UNIT(*) SI_UNIT($,.STERADIAN.) SOLID_ANGLE_UNIT() );
#5317 = UNCERTAINTY_MEASURE_WITH_UNIT(LENGTH_MEASURE(1.E-07),#5314,
  'distance_accuracy_value','confusion accuracy');
#5318 = CONTEXT_DEPENDENT_SHAPE_REPRESENTATION(#5319,#5321);
#5319 = ( REPRESENTATION_RELATIONSHIP('','',#5162,#10) 
REPRESENTATION_RELATIONSHIP_WITH_TRANSFORMATION(#5320) 
SHAPE_REPRESENTATION_RELATIONSHIP() );
#5320 = ITEM_DEFINED_TRANSFORMATION('','',#11,#119);
#5321 = PRODUCT_DEFINITION_SHAPE('Placement','Placement of an item',
  #5322);
#5322 = NEXT_ASSEMBLY_USAGE_OCCURRENCE('27','P27 Foot shoe 225','',#5,
  #5157,$);
#5323 = PRODUCT_RELATED_PRODUCT_CATEGORY('part',$,(#5159));
#5324 = SHAPE_DEFINITION_REPRESENTATION(#5325,#5331);
#5325 = PRODUCT_DEFINITION_SHAPE('','',#5326);
#5326 = PRODUCT_DEFINITION('design','',#5327,#5330);
#5327 = PRODUCT_DEFINITION_FORMATION('','',#5328);
#5328 = PRODUCT('P28 Arched blade 315 / maple segment 1',
  'P28 Arched blade 315 / maple segment 1','',(#5329));
#5329 = PRODUCT_CONTEXT('',#2,'mechanical');
#5330 = PRODUCT_DEFINITION_CONTEXT('part definition',#2,'design');
#5331 = ADVANCED_BREP_SHAPE_REPRESENTATION('',(#11,#5332),#5614);
#5332 = MANIFOLD_SOLID_BREP('',#5333);
#5333 = CLOSED_SHELL('',(#5334,#5406,#5437,#5461,#5485,#5509,#5533,#5557
    ,#5581,#5598));
#5334 = ADVANCED_FACE('',(#5335),#5401,.F.);
#5335 = FACE_BOUND('',#5336,.F.);
#5336 = EDGE_LOOP('',(#5337,#5347,#5355,#5363,#5371,#5379,#5387,#5395));
#5337 = ORIENTED_EDGE('',*,*,#5338,.F.);
#5338 = EDGE_CURVE('',#5339,#5341,#5343,.T.);
#5339 = VERTEX_POINT('',#5340);
#5340 = CARTESIAN_POINT('',(144.95689014324,-229.8097038856,18.));
#5341 = VERTEX_POINT('',#5342);
#5342 = CARTESIAN_POINT('',(144.95689014324,-229.8097038856,
    353.90524980688));
#5343 = LINE('',#5344,#5345);
#5344 = CARTESIAN_POINT('',(144.95689014324,-229.8097038856,18.));
#5345 = VECTOR('',#5346,1.);
#5346 = DIRECTION('',(0.,0.,1.));
#5347 = ORIENTED_EDGE('',*,*,#5348,.T.);
#5348 = EDGE_CURVE('',#5339,#5349,#5351,.T.);
#5349 = VERTEX_POINT('',#5350);
#5350 = CARTESIAN_POINT('',(177.48380207782,-197.282791951,18.));
#5351 = LINE('',#5352,#5353);
#5352 = CARTESIAN_POINT('',(144.95689014324,-229.8097038856,18.));
#5353 = VECTOR('',#5354,1.);
#5354 = DIRECTION('',(0.707106781187,0.707106781187,0.));
#5355 = ORIENTED_EDGE('',*,*,#5356,.T.);
#5356 = EDGE_CURVE('',#5349,#5357,#5359,.T.);
#5357 = VERTEX_POINT('',#5358);
#5358 = CARTESIAN_POINT('',(177.48380207782,-197.282791951,284.));
#5359 = LINE('',#5360,#5361);
#5360 = CARTESIAN_POINT('',(177.48380207782,-197.282791951,18.));
#5361 = VECTOR('',#5362,1.);
#5362 = DIRECTION('',(0.,0.,1.));
#5363 = ORIENTED_EDGE('',*,*,#5364,.F.);
#5364 = EDGE_CURVE('',#5365,#5357,#5367,.T.);
#5365 = VERTEX_POINT('',#5366);
#5366 = CARTESIAN_POINT('',(197.28279195104,-177.4838020778,284.));
#5367 = LINE('',#5368,#5369);
#5368 = CARTESIAN_POINT('',(161.22034611053,-213.5462479183,284.));
#5369 = VECTOR('',#5370,1.);
#5370 = DIRECTION('',(-0.707106781187,-0.707106781187,0.));
#5371 = ORIENTED_EDGE('',*,*,#5372,.F.);
#5372 = EDGE_CURVE('',#5373,#5365,#5375,.T.);
#5373 = VERTEX_POINT('',#5374);
#5374 = CARTESIAN_POINT('',(197.28279195104,-177.4838020778,18.));
#5375 = LINE('',#5376,#5377);
#5376 = CARTESIAN_POINT('',(197.28279195104,-177.4838020778,18.));
#5377 = VECTOR('',#5378,1.);
#5378 = DIRECTION('',(0.,0.,1.));
#5379 = ORIENTED_EDGE('',*,*,#5380,.T.);
#5380 = EDGE_CURVE('',#5373,#5381,#5383,.T.);
#5381 = VERTEX_POINT('',#5382);
#5382 = CARTESIAN_POINT('',(229.80970388562,-144.9568901432,18.));
#5383 = LINE('',#5384,#5385);
#5384 = CARTESIAN_POINT('',(144.95689014324,-229.8097038856,18.));
#5385 = VECTOR('',#5386,1.);
#5386 = DIRECTION('',(0.707106781187,0.707106781187,0.));
#5387 = ORIENTED_EDGE('',*,*,#5388,.T.);
#5388 = EDGE_CURVE('',#5381,#5389,#5391,.T.);
#5389 = VERTEX_POINT('',#5390);
#5390 = CARTESIAN_POINT('',(229.80970388562,-144.9568901432,
    353.90524980688));
#5391 = LINE('',#5392,#5393);
#5392 = CARTESIAN_POINT('',(229.80970388562,-144.9568901432,18.));
#5393 = VECTOR('',#5394,1.);
#5394 = DIRECTION('',(0.,0.,1.));
#5395 = ORIENTED_EDGE('',*,*,#5396,.F.);
#5396 = EDGE_CURVE('',#5341,#5389,#5397,.T.);
#5397 = LINE('',#5398,#5399);
#5398 = CARTESIAN_POINT('',(144.95689014324,-229.8097038856,
    353.90524980688));
#5399 = VECTOR('',#5400,1.);
#5400 = DIRECTION('',(0.707106781187,0.707106781187,0.));
#5401 = PLANE('',#5402);
#5402 = AXIS2_PLACEMENT_3D('',#5403,#5404,#5405);
#5403 = CARTESIAN_POINT('',(144.95689014324,-229.8097038856,18.));
#5404 = DIRECTION('',(0.707106781187,-0.707106781187,0.));
#5405 = DIRECTION('',(0.,0.,1.));
#5406 = ADVANCED_FACE('',(#5407),#5432,.F.);
#5407 = FACE_BOUND('',#5408,.F.);
#5408 = EDGE_LOOP('',(#5409,#5417,#5418,#5426));
#5409 = ORIENTED_EDGE('',*,*,#5410,.F.);
#5410 = EDGE_CURVE('',#5339,#5411,#5413,.T.);
#5411 = VERTEX_POINT('',#5412);
#5412 = CARTESIAN_POINT('',(159.09902576697,-243.9518395093,18.));
#5413 = LINE('',#5414,#5415);
#5414 = CARTESIAN_POINT('',(144.95689014324,-229.8097038856,18.));
#5415 = VECTOR('',#5416,1.);
#5416 = DIRECTION('',(0.707106781187,-0.707106781187,0.));
#5417 = ORIENTED_EDGE('',*,*,#5338,.T.);
#5418 = ORIENTED_EDGE('',*,*,#5419,.T.);
#5419 = EDGE_CURVE('',#5341,#5420,#5422,.T.);
#5420 = VERTEX_POINT('',#5421);
#5421 = CARTESIAN_POINT('',(159.09902576697,-243.9518395093,
    353.90524980688));
#5422 = LINE('',#5423,#5424);
#5423 = CARTESIAN_POINT('',(144.95689014324,-229.8097038856,
    353.90524980688));
#5424 = VECTOR('',#5425,1.);
#5425 = DIRECTION('',(0.707106781187,-0.707106781187,0.));
#5426 = ORIENTED_EDGE('',*,*,#5427,.F.);
#5427 = EDGE_CURVE('',#5411,#5420,#5428,.T.);
#5428 = LINE('',#5429,#5430);
#5429 = CARTESIAN_POINT('',(159.09902576697,-243.9518395093,18.));
#5430 = VECTOR('',#5431,1.);
#5431 = DIRECTION('',(0.,0.,1.));
#5432 = PLANE('',#5433);
#5433 = AXIS2_PLACEMENT_3D('',#5434,#5435,#5436);
#5434 = CARTESIAN_POINT('',(144.95689014324,-229.8097038856,18.));
#5435 = DIRECTION('',(0.707106781187,0.707106781187,0.));
#5436 = DIRECTION('',(0.,0.,1.));
#5437 = ADVANCED_FACE('',(#5438),#5456,.T.);
#5438 = FACE_BOUND('',#5439,.T.);
#5439 = EDGE_LOOP('',(#5440,#5441,#5442,#5450));
#5440 = ORIENTED_EDGE('',*,*,#5396,.F.);
#5441 = ORIENTED_EDGE('',*,*,#5419,.T.);
#5442 = ORIENTED_EDGE('',*,*,#5443,.T.);
#5443 = EDGE_CURVE('',#5420,#5444,#5446,.T.);
#5444 = VERTEX_POINT('',#5445);
#5445 = CARTESIAN_POINT('',(243.95183950935,-159.0990257669,
    353.90524980688));
#5446 = LINE('',#5447,#5448);
#5447 = CARTESIAN_POINT('',(159.09902576697,-243.9518395093,
    353.90524980688));
#5448 = VECTOR('',#5449,1.);
#5449 = DIRECTION('',(0.707106781187,0.707106781187,0.));
#5450 = ORIENTED_EDGE('',*,*,#5451,.F.);
#5451 = EDGE_CURVE('',#5389,#5444,#5452,.T.);
#5452 = LINE('',#5453,#5454);
#5453 = CARTESIAN_POINT('',(229.80970388562,-144.9568901432,
    353.90524980688));
#5454 = VECTOR('',#5455,1.);
#5455 = DIRECTION('',(0.707106781187,-0.707106781187,0.));
#5456 = PLANE('',#5457);
#5457 = AXIS2_PLACEMENT_3D('',#5458,#5459,#5460);
#5458 = CARTESIAN_POINT('',(144.95689014324,-229.8097038856,
    353.90524980688));
#5459 = DIRECTION('',(0.,0.,1.));
#5460 = DIRECTION('',(0.707106781187,-0.707106781187,0.));
#5461 = ADVANCED_FACE('',(#5462),#5480,.T.);
#5462 = FACE_BOUND('',#5463,.T.);
#5463 = EDGE_LOOP('',(#5464,#5472,#5473,#5474));
#5464 = ORIENTED_EDGE('',*,*,#5465,.F.);
#5465 = EDGE_CURVE('',#5381,#5466,#5468,.T.);
#5466 = VERTEX_POINT('',#5467);
#5467 = CARTESIAN_POINT('',(243.95183950935,-159.0990257669,18.));
#5468 = LINE('',#5469,#5470);
#5469 = CARTESIAN_POINT('',(229.80970388562,-144.9568901432,18.));
#5470 = VECTOR('',#5471,1.);
#5471 = DIRECTION('',(0.707106781187,-0.707106781187,0.));
#5472 = ORIENTED_EDGE('',*,*,#5388,.T.);
#5473 = ORIENTED_EDGE('',*,*,#5451,.T.);
#5474 = ORIENTED_EDGE('',*,*,#5475,.F.);
#5475 = EDGE_CURVE('',#5466,#5444,#5476,.T.);
#5476 = LINE('',#5477,#5478);
#5477 = CARTESIAN_POINT('',(243.95183950935,-159.0990257669,18.));
#5478 = VECTOR('',#5479,1.);
#5479 = DIRECTION('',(0.,0.,1.));
#5480 = PLANE('',#5481);
#5481 = AXIS2_PLACEMENT_3D('',#5482,#5483,#5484);
#5482 = CARTESIAN_POINT('',(229.80970388562,-144.9568901432,18.));
#5483 = DIRECTION('',(0.707106781187,0.707106781187,0.));
#5484 = DIRECTION('',(0.,0.,1.));
#5485 = ADVANCED_FACE('',(#5486),#5504,.F.);
#5486 = FACE_BOUND('',#5487,.F.);
#5487 = EDGE_LOOP('',(#5488,#5489,#5497,#5503));
#5488 = ORIENTED_EDGE('',*,*,#5380,.F.);
#5489 = ORIENTED_EDGE('',*,*,#5490,.T.);
#5490 = EDGE_CURVE('',#5373,#5491,#5493,.T.);
#5491 = VERTEX_POINT('',#5492);
#5492 = CARTESIAN_POINT('',(211.42492757477,-191.6259377015,18.));
#5493 = LINE('',#5494,#5495);
#5494 = CARTESIAN_POINT('',(196.57568516986,-176.7766952966,18.));
#5495 = VECTOR('',#5496,1.);
#5496 = DIRECTION('',(0.707106781187,-0.707106781187,0.));
#5497 = ORIENTED_EDGE('',*,*,#5498,.T.);
#5498 = EDGE_CURVE('',#5491,#5466,#5499,.T.);
#5499 = LINE('',#5500,#5501);
#5500 = CARTESIAN_POINT('',(159.09902576697,-243.9518395093,18.));
#5501 = VECTOR('',#5502,1.);
#5502 = DIRECTION('',(0.707106781187,0.707106781187,0.));
#5503 = ORIENTED_EDGE('',*,*,#5465,.F.);
#5504 = PLANE('',#5505);
#5505 = AXIS2_PLACEMENT_3D('',#5506,#5507,#5508);
#5506 = CARTESIAN_POINT('',(144.95689014324,-229.8097038856,18.));
#5507 = DIRECTION('',(0.,0.,1.));
#5508 = DIRECTION('',(0.707106781187,-0.707106781187,0.));
#5509 = ADVANCED_FACE('',(#5510),#5528,.F.);
#5510 = FACE_BOUND('',#5511,.F.);
#5511 = EDGE_LOOP('',(#5512,#5513,#5514,#5522));
#5512 = ORIENTED_EDGE('',*,*,#5490,.F.);
#5513 = ORIENTED_EDGE('',*,*,#5372,.T.);
#5514 = ORIENTED_EDGE('',*,*,#5515,.T.);
#5515 = EDGE_CURVE('',#5365,#5516,#5518,.T.);
#5516 = VERTEX_POINT('',#5517);
#5517 = CARTESIAN_POINT('',(211.42492757477,-191.6259377015,284.));
#5518 = LINE('',#5519,#5520);
#5519 = CARTESIAN_POINT('',(196.57568516986,-176.7766952966,284.));
#5520 = VECTOR('',#5521,1.);
#5521 = DIRECTION('',(0.707106781187,-0.707106781187,0.));
#5522 = ORIENTED_EDGE('',*,*,#5523,.F.);
#5523 = EDGE_CURVE('',#5491,#5516,#5524,.T.);
#5524 = LINE('',#5525,#5526);
#5525 = CARTESIAN_POINT('',(211.42492757477,-191.6259377015,18.));
#5526 = VECTOR('',#5527,1.);
#5527 = DIRECTION('',(0.,0.,1.));
#5528 = PLANE('',#5529);
#5529 = AXIS2_PLACEMENT_3D('',#5530,#5531,#5532);
#5530 = CARTESIAN_POINT('',(196.57568516986,-176.7766952966,18.));
#5531 = DIRECTION('',(0.707106781187,0.707106781187,0.));
#5532 = DIRECTION('',(0.,0.,1.));
#5533 = ADVANCED_FACE('',(#5534),#5552,.F.);
#5534 = FACE_BOUND('',#5535,.F.);
#5535 = EDGE_LOOP('',(#5536,#5537,#5538,#5546));
#5536 = ORIENTED_EDGE('',*,*,#5515,.F.);
#5537 = ORIENTED_EDGE('',*,*,#5364,.T.);
#5538 = ORIENTED_EDGE('',*,*,#5539,.T.);
#5539 = EDGE_CURVE('',#5357,#5540,#5542,.T.);
#5540 = VERTEX_POINT('',#5541);
#5541 = CARTESIAN_POINT('',(191.62593770155,-211.4249275747,284.));
#5542 = LINE('',#5543,#5544);
#5543 = CARTESIAN_POINT('',(176.77669529663,-196.5756851698,284.));
#5544 = VECTOR('',#5545,1.);
#5545 = DIRECTION('',(0.707106781187,-0.707106781187,0.));
#5546 = ORIENTED_EDGE('',*,*,#5547,.F.);
#5547 = EDGE_CURVE('',#5516,#5540,#5548,.T.);
#5548 = LINE('',#5549,#5550);
#5549 = CARTESIAN_POINT('',(175.36248173426,-227.688383542,284.));
#5550 = VECTOR('',#5551,1.);
#5551 = DIRECTION('',(-0.707106781187,-0.707106781187,0.));
#5552 = PLANE('',#5553);
#5553 = AXIS2_PLACEMENT_3D('',#5554,#5555,#5556);
#5554 = CARTESIAN_POINT('',(176.77669529663,-196.5756851698,284.));
#5555 = DIRECTION('',(0.,0.,1.));
#5556 = DIRECTION('',(0.707106781187,-0.707106781187,0.));
#5557 = ADVANCED_FACE('',(#5558),#5576,.T.);
#5558 = FACE_BOUND('',#5559,.T.);
#5559 = EDGE_LOOP('',(#5560,#5568,#5569,#5570));
#5560 = ORIENTED_EDGE('',*,*,#5561,.F.);
#5561 = EDGE_CURVE('',#5349,#5562,#5564,.T.);
#5562 = VERTEX_POINT('',#5563);
#5563 = CARTESIAN_POINT('',(191.62593770155,-211.4249275747,18.));
#5564 = LINE('',#5565,#5566);
#5565 = CARTESIAN_POINT('',(176.77669529663,-196.5756851698,18.));
#5566 = VECTOR('',#5567,1.);
#5567 = DIRECTION('',(0.707106781187,-0.707106781187,0.));
#5568 = ORIENTED_EDGE('',*,*,#5356,.T.);
#5569 = ORIENTED_EDGE('',*,*,#5539,.T.);
#5570 = ORIENTED_EDGE('',*,*,#5571,.F.);
#5571 = EDGE_CURVE('',#5562,#5540,#5572,.T.);
#5572 = LINE('',#5573,#5574);
#5573 = CARTESIAN_POINT('',(191.62593770155,-211.4249275747,18.));
#5574 = VECTOR('',#5575,1.);
#5575 = DIRECTION('',(0.,0.,1.));
#5576 = PLANE('',#5577);
#5577 = AXIS2_PLACEMENT_3D('',#5578,#5579,#5580);
#5578 = CARTESIAN_POINT('',(176.77669529663,-196.5756851698,18.));
#5579 = DIRECTION('',(0.707106781187,0.707106781187,0.));
#5580 = DIRECTION('',(0.,0.,1.));
#5581 = ADVANCED_FACE('',(#5582),#5593,.F.);
#5582 = FACE_BOUND('',#5583,.F.);
#5583 = EDGE_LOOP('',(#5584,#5585,#5586,#5592));
#5584 = ORIENTED_EDGE('',*,*,#5348,.F.);
#5585 = ORIENTED_EDGE('',*,*,#5410,.T.);
#5586 = ORIENTED_EDGE('',*,*,#5587,.T.);
#5587 = EDGE_CURVE('',#5411,#5562,#5588,.T.);
#5588 = LINE('',#5589,#5590);
#5589 = CARTESIAN_POINT('',(159.09902576697,-243.9518395093,18.));
#5590 = VECTOR('',#5591,1.);
#5591 = DIRECTION('',(0.707106781187,0.707106781187,0.));
#5592 = ORIENTED_EDGE('',*,*,#5561,.F.);
#5593 = PLANE('',#5594);
#5594 = AXIS2_PLACEMENT_3D('',#5595,#5596,#5597);
#5595 = CARTESIAN_POINT('',(144.95689014324,-229.8097038856,18.));
#5596 = DIRECTION('',(0.,0.,1.));
#5597 = DIRECTION('',(0.707106781187,-0.707106781187,0.));
#5598 = ADVANCED_FACE('',(#5599),#5609,.T.);
#5599 = FACE_BOUND('',#5600,.T.);
#5600 = EDGE_LOOP('',(#5601,#5602,#5603,#5604,#5605,#5606,#5607,#5608));
#5601 = ORIENTED_EDGE('',*,*,#5427,.F.);
#5602 = ORIENTED_EDGE('',*,*,#5587,.T.);
#5603 = ORIENTED_EDGE('',*,*,#5571,.T.);
#5604 = ORIENTED_EDGE('',*,*,#5547,.F.);
#5605 = ORIENTED_EDGE('',*,*,#5523,.F.);
#5606 = ORIENTED_EDGE('',*,*,#5498,.T.);
#5607 = ORIENTED_EDGE('',*,*,#5475,.T.);
#5608 = ORIENTED_EDGE('',*,*,#5443,.F.);
#5609 = PLANE('',#5610);
#5610 = AXIS2_PLACEMENT_3D('',#5611,#5612,#5613);
#5611 = CARTESIAN_POINT('',(159.09902576697,-243.9518395093,18.));
#5612 = DIRECTION('',(0.707106781187,-0.707106781187,0.));
#5613 = DIRECTION('',(0.,0.,1.));
#5614 = ( GEOMETRIC_REPRESENTATION_CONTEXT(3) 
GLOBAL_UNCERTAINTY_ASSIGNED_CONTEXT((#5618)) 
GLOBAL_UNIT_ASSIGNED_CONTEXT((#5615,#5616,#5617)) REPRESENTATION_CONTEXT
('Context #1','3D Context with UNIT and UNCERTAINTY') );
#5615 = ( LENGTH_UNIT() NAMED_UNIT(*) SI_UNIT(.MILLI.,.METRE.) );
#5616 = ( NAMED_UNIT(*) PLANE_ANGLE_UNIT() SI_UNIT($,.RADIAN.) );
#5617 = ( NAMED_UNIT(*) SI_UNIT($,.STERADIAN.) SOLID_ANGLE_UNIT() );
#5618 = UNCERTAINTY_MEASURE_WITH_UNIT(LENGTH_MEASURE(1.E-07),#5615,
  'distance_accuracy_value','confusion accuracy');
#5619 = CONTEXT_DEPENDENT_SHAPE_REPRESENTATION(#5620,#5622);
#5620 = ( REPRESENTATION_RELATIONSHIP('','',#5331,#10) 
REPRESENTATION_RELATIONSHIP_WITH_TRANSFORMATION(#5621) 
SHAPE_REPRESENTATION_RELATIONSHIP() );
#5621 = ITEM_DEFINED_TRANSFORMATION('','',#11,#123);
#5622 = PRODUCT_DEFINITION_SHAPE('Placement','Placement of an item',
  #5623);
#5623 = NEXT_ASSEMBLY_USAGE_OCCURRENCE('28',
  'P28 Arched blade 315 / maple segment 1','',#5,#5326,$);
#5624 = PRODUCT_RELATED_PRODUCT_CATEGORY('part',$,(#5328));
#5625 = SHAPE_DEFINITION_REPRESENTATION(#5626,#5632);
#5626 = PRODUCT_DEFINITION_SHAPE('','',#5627);
#5627 = PRODUCT_DEFINITION('design','',#5628,#5631);
#5628 = PRODUCT_DEFINITION_FORMATION('','',#5629);
#5629 = PRODUCT('P29 Arched blade 315 / maple segment 2',
  'P29 Arched blade 315 / maple segment 2','',(#5630));
#5630 = PRODUCT_CONTEXT('',#2,'mechanical');
#5631 = PRODUCT_DEFINITION_CONTEXT('part definition',#2,'design');
#5632 = ADVANCED_BREP_SHAPE_REPRESENTATION('',(#11,#5633),#5783);
#5633 = MANIFOLD_SOLID_BREP('',#5634);
#5634 = CLOSED_SHELL('',(#5635,#5675,#5706,#5730,#5754,#5771));
#5635 = ADVANCED_FACE('',(#5636),#5670,.F.);
#5636 = FACE_BOUND('',#5637,.F.);
#5637 = EDGE_LOOP('',(#5638,#5648,#5656,#5664));
#5638 = ORIENTED_EDGE('',*,*,#5639,.F.);
#5639 = EDGE_CURVE('',#5640,#5642,#5644,.T.);
#5640 = VERTEX_POINT('',#5641);
#5641 = CARTESIAN_POINT('',(144.95689014324,-229.8097038856,
    367.90524980688));
#5642 = VERTEX_POINT('',#5643);
#5643 = CARTESIAN_POINT('',(144.95689014324,-229.8097038856,
    381.90524980688));
#5644 = LINE('',#5645,#5646);
#5645 = CARTESIAN_POINT('',(144.95689014324,-229.8097038856,18.));
#5646 = VECTOR('',#5647,1.);
#5647 = DIRECTION('',(0.,0.,1.));
#5648 = ORIENTED_EDGE('',*,*,#5649,.T.);
#5649 = EDGE_CURVE('',#5640,#5650,#5652,.T.);
#5650 = VERTEX_POINT('',#5651);
#5651 = CARTESIAN_POINT('',(229.80970388562,-144.9568901432,
    367.90524980688));
#5652 = LINE('',#5653,#5654);
#5653 = CARTESIAN_POINT('',(144.95689014324,-229.8097038856,
    367.90524980688));
#5654 = VECTOR('',#5655,1.);
#5655 = DIRECTION('',(0.707106781187,0.707106781187,0.));
#5656 = ORIENTED_EDGE('',*,*,#5657,.T.);
#5657 = EDGE_CURVE('',#5650,#5658,#5660,.T.);
#5658 = VERTEX_POINT('',#5659);
#5659 = CARTESIAN_POINT('',(229.80970388562,-144.9568901432,
    381.90524980688));
#5660 = LINE('',#5661,#5662);
#5661 = CARTESIAN_POINT('',(229.80970388562,-144.9568901432,18.));
#5662 = VECTOR('',#5663,1.);
#5663 = DIRECTION('',(0.,0.,1.));
#5664 = ORIENTED_EDGE('',*,*,#5665,.F.);
#5665 = EDGE_CURVE('',#5642,#5658,#5666,.T.);
#5666 = LINE('',#5667,#5668);
#5667 = CARTESIAN_POINT('',(144.95689014324,-229.8097038856,
    381.90524980688));
#5668 = VECTOR('',#5669,1.);
#5669 = DIRECTION('',(0.707106781187,0.707106781187,0.));
#5670 = PLANE('',#5671);
#5671 = AXIS2_PLACEMENT_3D('',#5672,#5673,#5674);
#5672 = CARTESIAN_POINT('',(144.95689014324,-229.8097038856,18.));
#5673 = DIRECTION('',(0.707106781187,-0.707106781187,0.));
#5674 = DIRECTION('',(0.,0.,1.));
#5675 = ADVANCED_FACE('',(#5676),#5701,.F.);
#5676 = FACE_BOUND('',#5677,.F.);
#5677 = EDGE_LOOP('',(#5678,#5686,#5687,#5695));
#5678 = ORIENTED_EDGE('',*,*,#5679,.F.);
#5679 = EDGE_CURVE('',#5640,#5680,#5682,.T.);
#5680 = VERTEX_POINT('',#5681);
#5681 = CARTESIAN_POINT('',(159.09902576697,-243.9518395093,
    367.90524980688));
#5682 = LINE('',#5683,#5684);
#5683 = CARTESIAN_POINT('',(144.95689014324,-229.8097038856,
    367.90524980688));
#5684 = VECTOR('',#5685,1.);
#5685 = DIRECTION('',(0.707106781187,-0.707106781187,0.));
#5686 = ORIENTED_EDGE('',*,*,#5639,.T.);
#5687 = ORIENTED_EDGE('',*,*,#5688,.T.);
#5688 = EDGE_CURVE('',#5642,#5689,#5691,.T.);
#5689 = VERTEX_POINT('',#5690);
#5690 = CARTESIAN_POINT('',(159.09902576697,-243.9518395093,
    381.90524980688));
#5691 = LINE('',#5692,#5693);
#5692 = CARTESIAN_POINT('',(144.95689014324,-229.8097038856,
    381.90524980688));
#5693 = VECTOR('',#5694,1.);
#5694 = DIRECTION('',(0.707106781187,-0.707106781187,0.));
#5695 = ORIENTED_EDGE('',*,*,#5696,.F.);
#5696 = EDGE_CURVE('',#5680,#5689,#5697,.T.);
#5697 = LINE('',#5698,#5699);
#5698 = CARTESIAN_POINT('',(159.09902576697,-243.9518395093,18.));
#5699 = VECTOR('',#5700,1.);
#5700 = DIRECTION('',(0.,0.,1.));
#5701 = PLANE('',#5702);
#5702 = AXIS2_PLACEMENT_3D('',#5703,#5704,#5705);
#5703 = CARTESIAN_POINT('',(144.95689014324,-229.8097038856,18.));
#5704 = DIRECTION('',(0.707106781187,0.707106781187,0.));
#5705 = DIRECTION('',(0.,0.,1.));
#5706 = ADVANCED_FACE('',(#5707),#5725,.T.);
#5707 = FACE_BOUND('',#5708,.T.);
#5708 = EDGE_LOOP('',(#5709,#5710,#5711,#5719));
#5709 = ORIENTED_EDGE('',*,*,#5665,.F.);
#5710 = ORIENTED_EDGE('',*,*,#5688,.T.);
#5711 = ORIENTED_EDGE('',*,*,#5712,.T.);
#5712 = EDGE_CURVE('',#5689,#5713,#5715,.T.);
#5713 = VERTEX_POINT('',#5714);
#5714 = CARTESIAN_POINT('',(243.95183950935,-159.0990257669,
    381.90524980688));
#5715 = LINE('',#5716,#5717);
#5716 = CARTESIAN_POINT('',(159.09902576697,-243.9518395093,
    381.90524980688));
#5717 = VECTOR('',#5718,1.);
#5718 = DIRECTION('',(0.707106781187,0.707106781187,0.));
#5719 = ORIENTED_EDGE('',*,*,#5720,.F.);
#5720 = EDGE_CURVE('',#5658,#5713,#5721,.T.);
#5721 = LINE('',#5722,#5723);
#5722 = CARTESIAN_POINT('',(229.80970388562,-144.9568901432,
    381.90524980688));
#5723 = VECTOR('',#5724,1.);
#5724 = DIRECTION('',(0.707106781187,-0.707106781187,0.));
#5725 = PLANE('',#5726);
#5726 = AXIS2_PLACEMENT_3D('',#5727,#5728,#5729);
#5727 = CARTESIAN_POINT('',(144.95689014324,-229.8097038856,
    381.90524980688));
#5728 = DIRECTION('',(0.,0.,1.));
#5729 = DIRECTION('',(0.707106781187,-0.707106781187,0.));
#5730 = ADVANCED_FACE('',(#5731),#5749,.T.);
#5731 = FACE_BOUND('',#5732,.T.);
#5732 = EDGE_LOOP('',(#5733,#5741,#5742,#5743));
#5733 = ORIENTED_EDGE('',*,*,#5734,.F.);
#5734 = EDGE_CURVE('',#5650,#5735,#5737,.T.);
#5735 = VERTEX_POINT('',#5736);
#5736 = CARTESIAN_POINT('',(243.95183950935,-159.0990257669,
    367.90524980688));
#5737 = LINE('',#5738,#5739);
#5738 = CARTESIAN_POINT('',(229.80970388562,-144.9568901432,
    367.90524980688));
#5739 = VECTOR('',#5740,1.);
#5740 = DIRECTION('',(0.707106781187,-0.707106781187,0.));
#5741 = ORIENTED_EDGE('',*,*,#5657,.T.);
#5742 = ORIENTED_EDGE('',*,*,#5720,.T.);
#5743 = ORIENTED_EDGE('',*,*,#5744,.F.);
#5744 = EDGE_CURVE('',#5735,#5713,#5745,.T.);
#5745 = LINE('',#5746,#5747);
#5746 = CARTESIAN_POINT('',(243.95183950935,-159.0990257669,18.));
#5747 = VECTOR('',#5748,1.);
#5748 = DIRECTION('',(0.,0.,1.));
#5749 = PLANE('',#5750);
#5750 = AXIS2_PLACEMENT_3D('',#5751,#5752,#5753);
#5751 = CARTESIAN_POINT('',(229.80970388562,-144.9568901432,18.));
#5752 = DIRECTION('',(0.707106781187,0.707106781187,0.));
#5753 = DIRECTION('',(0.,0.,1.));
#5754 = ADVANCED_FACE('',(#5755),#5766,.F.);
#5755 = FACE_BOUND('',#5756,.F.);
#5756 = EDGE_LOOP('',(#5757,#5758,#5759,#5765));
#5757 = ORIENTED_EDGE('',*,*,#5649,.F.);
#5758 = ORIENTED_EDGE('',*,*,#5679,.T.);
#5759 = ORIENTED_EDGE('',*,*,#5760,.T.);
#5760 = EDGE_CURVE('',#5680,#5735,#5761,.T.);
#5761 = LINE('',#5762,#5763);
#5762 = CARTESIAN_POINT('',(159.09902576697,-243.9518395093,
    367.90524980688));
#5763 = VECTOR('',#5764,1.);
#5764 = DIRECTION('',(0.707106781187,0.707106781187,0.));
#5765 = ORIENTED_EDGE('',*,*,#5734,.F.);
#5766 = PLANE('',#5767);
#5767 = AXIS2_PLACEMENT_3D('',#5768,#5769,#5770);
#5768 = CARTESIAN_POINT('',(144.95689014324,-229.8097038856,
    367.90524980688));
#5769 = DIRECTION('',(0.,0.,1.));
#5770 = DIRECTION('',(0.707106781187,-0.707106781187,0.));
#5771 = ADVANCED_FACE('',(#5772),#5778,.T.);
#5772 = FACE_BOUND('',#5773,.T.);
#5773 = EDGE_LOOP('',(#5774,#5775,#5776,#5777));
#5774 = ORIENTED_EDGE('',*,*,#5696,.F.);
#5775 = ORIENTED_EDGE('',*,*,#5760,.T.);
#5776 = ORIENTED_EDGE('',*,*,#5744,.T.);
#5777 = ORIENTED_EDGE('',*,*,#5712,.F.);
#5778 = PLANE('',#5779);
#5779 = AXIS2_PLACEMENT_3D('',#5780,#5781,#5782);
#5780 = CARTESIAN_POINT('',(159.09902576697,-243.9518395093,18.));
#5781 = DIRECTION('',(0.707106781187,-0.707106781187,0.));
#5782 = DIRECTION('',(0.,0.,1.));
#5783 = ( GEOMETRIC_REPRESENTATION_CONTEXT(3) 
GLOBAL_UNCERTAINTY_ASSIGNED_CONTEXT((#5787)) 
GLOBAL_UNIT_ASSIGNED_CONTEXT((#5784,#5785,#5786)) REPRESENTATION_CONTEXT
('Context #1','3D Context with UNIT and UNCERTAINTY') );
#5784 = ( LENGTH_UNIT() NAMED_UNIT(*) SI_UNIT(.MILLI.,.METRE.) );
#5785 = ( NAMED_UNIT(*) PLANE_ANGLE_UNIT() SI_UNIT($,.RADIAN.) );
#5786 = ( NAMED_UNIT(*) SI_UNIT($,.STERADIAN.) SOLID_ANGLE_UNIT() );
#5787 = UNCERTAINTY_MEASURE_WITH_UNIT(LENGTH_MEASURE(1.E-07),#5784,
  'distance_accuracy_value','confusion accuracy');
#5788 = CONTEXT_DEPENDENT_SHAPE_REPRESENTATION(#5789,#5791);
#5789 = ( REPRESENTATION_RELATIONSHIP('','',#5632,#10) 
REPRESENTATION_RELATIONSHIP_WITH_TRANSFORMATION(#5790) 
SHAPE_REPRESENTATION_RELATIONSHIP() );
#5790 = ITEM_DEFINED_TRANSFORMATION('','',#11,#127);
#5791 = PRODUCT_DEFINITION_SHAPE('Placement','Placement of an item',
  #5792);
#5792 = NEXT_ASSEMBLY_USAGE_OCCURRENCE('29',
  'P29 Arched blade 315 / maple segment 2','',#5,#5627,$);
#5793 = PRODUCT_RELATED_PRODUCT_CATEGORY('part',$,(#5629));
#5794 = SHAPE_DEFINITION_REPRESENTATION(#5795,#5801);
#5795 = PRODUCT_DEFINITION_SHAPE('','',#5796);
#5796 = PRODUCT_DEFINITION('design','',#5797,#5800);
#5797 = PRODUCT_DEFINITION_FORMATION('','',#5798);
#5798 = PRODUCT('P30 Arched blade 315 / maple segment 3',
  'P30 Arched blade 315 / maple segment 3','',(#5799));
#5799 = PRODUCT_CONTEXT('',#2,'mechanical');
#5800 = PRODUCT_DEFINITION_CONTEXT('part definition',#2,'design');
#5801 = ADVANCED_BREP_SHAPE_REPRESENTATION('',(#11,#5802),#6022);
#5802 = MANIFOLD_SOLID_BREP('',#5803);
#5803 = CLOSED_SHELL('',(#5804,#5844,#5875,#5906,#5939,#5972,#5994,#6008
    ));
#5804 = ADVANCED_FACE('',(#5805),#5839,.T.);
#5805 = FACE_BOUND('',#5806,.T.);
#5806 = EDGE_LOOP('',(#5807,#5817,#5825,#5833));
#5807 = ORIENTED_EDGE('',*,*,#5808,.F.);
#5808 = EDGE_CURVE('',#5809,#5811,#5813,.T.);
#5809 = VERTEX_POINT('',#5810);
#5810 = CARTESIAN_POINT('',(229.80970388562,-144.9568901432,
    395.90524980688));
#5811 = VERTEX_POINT('',#5812);
#5812 = CARTESIAN_POINT('',(243.95183950935,-159.0990257669,
    395.90524980688));
#5813 = LINE('',#5814,#5815);
#5814 = CARTESIAN_POINT('',(229.80970388562,-144.9568901432,
    395.90524980688));
#5815 = VECTOR('',#5816,1.);
#5816 = DIRECTION('',(0.707106781187,-0.707106781187,0.));
#5817 = ORIENTED_EDGE('',*,*,#5818,.T.);
#5818 = EDGE_CURVE('',#5809,#5819,#5821,.T.);
#5819 = VERTEX_POINT('',#5820);
#5820 = CARTESIAN_POINT('',(229.80970388562,-144.9568901432,
    471.90524980688));
#5821 = LINE('',#5822,#5823);
#5822 = CARTESIAN_POINT('',(229.80970388562,-144.9568901432,18.));
#5823 = VECTOR('',#5824,1.);
#5824 = DIRECTION('',(0.,0.,1.));
#5825 = ORIENTED_EDGE('',*,*,#5826,.T.);
#5826 = EDGE_CURVE('',#5819,#5827,#5829,.T.);
#5827 = VERTEX_POINT('',#5828);
#5828 = CARTESIAN_POINT('',(243.95183950935,-159.0990257669,
    471.90524980688));
#5829 = LINE('',#5830,#5831);
#5830 = CARTESIAN_POINT('',(229.80970388562,-144.9568901432,
    471.90524980688));
#5831 = VECTOR('',#5832,1.);
#5832 = DIRECTION('',(0.707106781187,-0.707106781187,0.));
#5833 = ORIENTED_EDGE('',*,*,#5834,.F.);
#5834 = EDGE_CURVE('',#5811,#5827,#5835,.T.);
#5835 = LINE('',#5836,#5837);
#5836 = CARTESIAN_POINT('',(243.95183950935,-159.0990257669,18.));
#5837 = VECTOR('',#5838,1.);
#5838 = DIRECTION('',(0.,0.,1.));
#5839 = PLANE('',#5840);
#5840 = AXIS2_PLACEMENT_3D('',#5841,#5842,#5843);
#5841 = CARTESIAN_POINT('',(229.80970388562,-144.9568901432,18.));
#5842 = DIRECTION('',(0.707106781187,0.707106781187,0.));
#5843 = DIRECTION('',(0.,0.,1.));
#5844 = ADVANCED_FACE('',(#5845),#5870,.F.);
#5845 = FACE_BOUND('',#5846,.F.);
#5846 = EDGE_LOOP('',(#5847,#5855,#5863,#5869));
#5847 = ORIENTED_EDGE('',*,*,#5848,.F.);
#5848 = EDGE_CURVE('',#5849,#5809,#5851,.T.);
#5849 = VERTEX_POINT('',#5850);
#5850 = CARTESIAN_POINT('',(144.95689014324,-229.8097038856,
    395.90524980688));
#5851 = LINE('',#5852,#5853);
#5852 = CARTESIAN_POINT('',(144.95689014324,-229.8097038856,
    395.90524980688));
#5853 = VECTOR('',#5854,1.);
#5854 = DIRECTION('',(0.707106781187,0.707106781187,0.));
#5855 = ORIENTED_EDGE('',*,*,#5856,.T.);
#5856 = EDGE_CURVE('',#5849,#5857,#5859,.T.);
#5857 = VERTEX_POINT('',#5858);
#5858 = CARTESIAN_POINT('',(159.09902576697,-243.9518395093,
    395.90524980688));
#5859 = LINE('',#5860,#5861);
#5860 = CARTESIAN_POINT('',(144.95689014324,-229.8097038856,
    395.90524980688));
#5861 = VECTOR('',#5862,1.);
#5862 = DIRECTION('',(0.707106781187,-0.707106781187,0.));
#5863 = ORIENTED_EDGE('',*,*,#5864,.T.);
#5864 = EDGE_CURVE('',#5857,#5811,#5865,.T.);
#5865 = LINE('',#5866,#5867);
#5866 = CARTESIAN_POINT('',(159.09902576697,-243.9518395093,
    395.90524980688));
#5867 = VECTOR('',#5868,1.);
#5868 = DIRECTION('',(0.707106781187,0.707106781187,0.));
#5869 = ORIENTED_EDGE('',*,*,#5808,.F.);
#5870 = PLANE('',#5871);
#5871 = AXIS2_PLACEMENT_3D('',#5872,#5873,#5874);
#5872 = CARTESIAN_POINT('',(144.95689014324,-229.8097038856,
    395.90524980688));
#5873 = DIRECTION('',(0.,0.,1.));
#5874 = DIRECTION('',(0.707106781187,-0.707106781187,0.));
#5875 = ADVANCED_FACE('',(#5876),#5901,.F.);
#5876 = FACE_BOUND('',#5877,.F.);
#5877 = EDGE_LOOP('',(#5878,#5879,#5887,#5895));
#5878 = ORIENTED_EDGE('',*,*,#5856,.F.);
#5879 = ORIENTED_EDGE('',*,*,#5880,.T.);
#5880 = EDGE_CURVE('',#5849,#5881,#5883,.T.);
#5881 = VERTEX_POINT('',#5882);
#5882 = CARTESIAN_POINT('',(144.95689014324,-229.8097038856,
    471.90524980688));
#5883 = LINE('',#5884,#5885);
#5884 = CARTESIAN_POINT('',(144.95689014324,-229.8097038856,18.));
#5885 = VECTOR('',#5886,1.);
#5886 = DIRECTION('',(0.,0.,1.));
#5887 = ORIENTED_EDGE('',*,*,#5888,.T.);
#5888 = EDGE_CURVE('',#5881,#5889,#5891,.T.);
#5889 = VERTEX_POINT('',#5890);
#5890 = CARTESIAN_POINT('',(159.09902576697,-243.9518395093,
    471.90524980688));
#5891 = LINE('',#5892,#5893);
#5892 = CARTESIAN_POINT('',(144.95689014324,-229.8097038856,
    471.90524980688));
#5893 = VECTOR('',#5894,1.);
#5894 = DIRECTION('',(0.707106781187,-0.707106781187,0.));
#5895 = ORIENTED_EDGE('',*,*,#5896,.F.);
#5896 = EDGE_CURVE('',#5857,#5889,#5897,.T.);
#5897 = LINE('',#5898,#5899);
#5898 = CARTESIAN_POINT('',(159.09902576697,-243.9518395093,18.));
#5899 = VECTOR('',#5900,1.);
#5900 = DIRECTION('',(0.,0.,1.));
#5901 = PLANE('',#5902);
#5902 = AXIS2_PLACEMENT_3D('',#5903,#5904,#5905);
#5903 = CARTESIAN_POINT('',(144.95689014324,-229.8097038856,18.));
#5904 = DIRECTION('',(0.707106781187,0.707106781187,0.));
#5905 = DIRECTION('',(0.,0.,1.));
#5906 = ADVANCED_FACE('',(#5907),#5934,.T.);
#5907 = FACE_BOUND('',#5908,.T.);
#5908 = EDGE_LOOP('',(#5909,#5918,#5926,#5933));
#5909 = ORIENTED_EDGE('',*,*,#5910,.F.);
#5910 = EDGE_CURVE('',#5911,#5889,#5913,.T.);
#5911 = VERTEX_POINT('',#5912);
#5912 = CARTESIAN_POINT('',(190.91883092036,-212.1320343559,530.));
#5913 = CIRCLE('',#5914,60.);
#5914 = AXIS2_PLACEMENT_3D('',#5915,#5916,#5917);
#5915 = CARTESIAN_POINT('',(201.52543263816,-201.5254326381,
    471.90524980688));
#5916 = DIRECTION('',(0.707106781187,-0.707106781187,0.));
#5917 = DIRECTION('',(0.,0.,1.));
#5918 = ORIENTED_EDGE('',*,*,#5919,.F.);
#5919 = EDGE_CURVE('',#5920,#5911,#5922,.T.);
#5920 = VERTEX_POINT('',#5921);
#5921 = CARTESIAN_POINT('',(176.77669529663,-197.9898987322,530.));
#5922 = LINE('',#5923,#5924);
#5923 = CARTESIAN_POINT('',(176.77669529663,-197.9898987322,530.));
#5924 = VECTOR('',#5925,1.);
#5925 = DIRECTION('',(0.707106781187,-0.707106781187,0.));
#5926 = ORIENTED_EDGE('',*,*,#5927,.T.);
#5927 = EDGE_CURVE('',#5920,#5881,#5928,.T.);
#5928 = CIRCLE('',#5929,60.);
#5929 = AXIS2_PLACEMENT_3D('',#5930,#5931,#5932);
#5930 = CARTESIAN_POINT('',(187.38329701443,-187.3832970144,
    471.90524980688));
#5931 = DIRECTION('',(0.707106781187,-0.707106781187,0.));
#5932 = DIRECTION('',(0.,0.,1.));
#5933 = ORIENTED_EDGE('',*,*,#5888,.T.);
#5934 = CYLINDRICAL_SURFACE('',#5935,60.);
#5935 = AXIS2_PLACEMENT_3D('',#5936,#5937,#5938);
#5936 = CARTESIAN_POINT('',(187.38329701443,-187.3832970144,
    471.90524980688));
#5937 = DIRECTION('',(0.707106781187,-0.707106781187,0.));
#5938 = DIRECTION('',(0.,0.,1.));
#5939 = ADVANCED_FACE('',(#5940),#5967,.T.);
#5940 = FACE_BOUND('',#5941,.T.);
#5941 = EDGE_LOOP('',(#5942,#5952,#5959,#5960));
#5942 = ORIENTED_EDGE('',*,*,#5943,.T.);
#5943 = EDGE_CURVE('',#5944,#5946,#5948,.T.);
#5944 = VERTEX_POINT('',#5945);
#5945 = CARTESIAN_POINT('',(197.98989873223,-176.7766952966,530.));
#5946 = VERTEX_POINT('',#5947);
#5947 = CARTESIAN_POINT('',(212.13203435596,-190.9188309203,530.));
#5948 = LINE('',#5949,#5950);
#5949 = CARTESIAN_POINT('',(197.98989873223,-176.7766952966,530.));
#5950 = VECTOR('',#5951,1.);
#5951 = DIRECTION('',(0.707106781187,-0.707106781187,0.));
#5952 = ORIENTED_EDGE('',*,*,#5953,.F.);
#5953 = EDGE_CURVE('',#5827,#5946,#5954,.T.);
#5954 = CIRCLE('',#5955,60.);
#5955 = AXIS2_PLACEMENT_3D('',#5956,#5957,#5958);
#5956 = CARTESIAN_POINT('',(201.52543263816,-201.5254326381,
    471.90524980688));
#5957 = DIRECTION('',(0.707106781187,-0.707106781187,0.));
#5958 = DIRECTION('',(0.,0.,1.));
#5959 = ORIENTED_EDGE('',*,*,#5826,.F.);
#5960 = ORIENTED_EDGE('',*,*,#5961,.T.);
#5961 = EDGE_CURVE('',#5819,#5944,#5962,.T.);
#5962 = CIRCLE('',#5963,60.);
#5963 = AXIS2_PLACEMENT_3D('',#5964,#5965,#5966);
#5964 = CARTESIAN_POINT('',(187.38329701443,-187.3832970144,
    471.90524980688));
#5965 = DIRECTION('',(0.707106781187,-0.707106781187,0.));
#5966 = DIRECTION('',(0.,0.,1.));
#5967 = CYLINDRICAL_SURFACE('',#5968,60.);
#5968 = AXIS2_PLACEMENT_3D('',#5969,#5970,#5971);
#5969 = CARTESIAN_POINT('',(187.38329701443,-187.3832970144,
    471.90524980688));
#5970 = DIRECTION('',(0.707106781187,-0.707106781187,0.));
#5971 = DIRECTION('',(0.,0.,1.));
#5972 = ADVANCED_FACE('',(#5973),#5989,.T.);
#5973 = FACE_BOUND('',#5974,.T.);
#5974 = EDGE_LOOP('',(#5975,#5981,#5982,#5988));
#5975 = ORIENTED_EDGE('',*,*,#5976,.F.);
#5976 = EDGE_CURVE('',#5920,#5944,#5977,.T.);
#5977 = LINE('',#5978,#5979);
#5978 = CARTESIAN_POINT('',(144.95689014324,-229.8097038856,530.));
#5979 = VECTOR('',#5980,1.);
#5980 = DIRECTION('',(0.707106781187,0.707106781187,0.));
#5981 = ORIENTED_EDGE('',*,*,#5919,.T.);
#5982 = ORIENTED_EDGE('',*,*,#5983,.T.);
#5983 = EDGE_CURVE('',#5911,#5946,#5984,.T.);
#5984 = LINE('',#5985,#5986);
#5985 = CARTESIAN_POINT('',(159.09902576697,-243.9518395093,530.));
#5986 = VECTOR('',#5987,1.);
#5987 = DIRECTION('',(0.707106781187,0.707106781187,0.));
#5988 = ORIENTED_EDGE('',*,*,#5943,.F.);
#5989 = PLANE('',#5990);
#5990 = AXIS2_PLACEMENT_3D('',#5991,#5992,#5993);
#5991 = CARTESIAN_POINT('',(144.95689014324,-229.8097038856,530.));
#5992 = DIRECTION('',(0.,0.,1.));
#5993 = DIRECTION('',(0.707106781187,-0.707106781187,0.));
#5994 = ADVANCED_FACE('',(#5995),#6003,.T.);
#5995 = FACE_BOUND('',#5996,.T.);
#5996 = EDGE_LOOP('',(#5997,#5998,#5999,#6000,#6001,#6002));
#5997 = ORIENTED_EDGE('',*,*,#5880,.T.);
#5998 = ORIENTED_EDGE('',*,*,#5927,.F.);
#5999 = ORIENTED_EDGE('',*,*,#5976,.T.);
#6000 = ORIENTED_EDGE('',*,*,#5961,.F.);
#6001 = ORIENTED_EDGE('',*,*,#5818,.F.);
#6002 = ORIENTED_EDGE('',*,*,#5848,.F.);
#6003 = PLANE('',#6004);
#6004 = AXIS2_PLACEMENT_3D('',#6005,#6006,#6007);
#6005 = CARTESIAN_POINT('',(187.38329701443,-187.3832970144,
    454.72751870174));
#6006 = DIRECTION('',(-0.707106781187,0.707106781187,0.));
#6007 = DIRECTION('',(0.707106781187,0.707106781187,0.));
#6008 = ADVANCED_FACE('',(#6009),#6017,.T.);
#6009 = FACE_BOUND('',#6010,.T.);
#6010 = EDGE_LOOP('',(#6011,#6012,#6013,#6014,#6015,#6016));
#6011 = ORIENTED_EDGE('',*,*,#5896,.F.);
#6012 = ORIENTED_EDGE('',*,*,#5864,.T.);
#6013 = ORIENTED_EDGE('',*,*,#5834,.T.);
#6014 = ORIENTED_EDGE('',*,*,#5953,.T.);
#6015 = ORIENTED_EDGE('',*,*,#5983,.F.);
#6016 = ORIENTED_EDGE('',*,*,#5910,.T.);
#6017 = PLANE('',#6018);
#6018 = AXIS2_PLACEMENT_3D('',#6019,#6020,#6021);
#6019 = CARTESIAN_POINT('',(201.52543263816,-201.5254326381,
    454.72751870174));
#6020 = DIRECTION('',(0.707106781187,-0.707106781187,-0.));
#6021 = DIRECTION('',(-0.707106781187,-0.707106781187,0.));
#6022 = ( GEOMETRIC_REPRESENTATION_CONTEXT(3) 
GLOBAL_UNCERTAINTY_ASSIGNED_CONTEXT((#6026)) 
GLOBAL_UNIT_ASSIGNED_CONTEXT((#6023,#6024,#6025)) REPRESENTATION_CONTEXT
('Context #1','3D Context with UNIT and UNCERTAINTY') );
#6023 = ( LENGTH_UNIT() NAMED_UNIT(*) SI_UNIT(.MILLI.,.METRE.) );
#6024 = ( NAMED_UNIT(*) PLANE_ANGLE_UNIT() SI_UNIT($,.RADIAN.) );
#6025 = ( NAMED_UNIT(*) SI_UNIT($,.STERADIAN.) SOLID_ANGLE_UNIT() );
#6026 = UNCERTAINTY_MEASURE_WITH_UNIT(LENGTH_MEASURE(1.E-07),#6023,
  'distance_accuracy_value','confusion accuracy');
#6027 = CONTEXT_DEPENDENT_SHAPE_REPRESENTATION(#6028,#6030);
#6028 = ( REPRESENTATION_RELATIONSHIP('','',#5801,#10) 
REPRESENTATION_RELATIONSHIP_WITH_TRANSFORMATION(#6029) 
SHAPE_REPRESENTATION_RELATIONSHIP() );
#6029 = ITEM_DEFINED_TRANSFORMATION('','',#11,#131);
#6030 = PRODUCT_DEFINITION_SHAPE('Placement','Placement of an item',
  #6031);
#6031 = NEXT_ASSEMBLY_USAGE_OCCURRENCE('30',
  'P30 Arched blade 315 / maple segment 3','',#5,#5796,$);
#6032 = PRODUCT_RELATED_PRODUCT_CATEGORY('part',$,(#5798));
#6033 = SHAPE_DEFINITION_REPRESENTATION(#6034,#6040);
#6034 = PRODUCT_DEFINITION_SHAPE('','',#6035);
#6035 = PRODUCT_DEFINITION('design','',#6036,#6039);
#6036 = PRODUCT_DEFINITION_FORMATION('','',#6037);
#6037 = PRODUCT('P31 Slot jamb 315 / -1','P31 Slot jamb 315 / -1','',(
    #6038));
#6038 = PRODUCT_CONTEXT('',#2,'mechanical');
#6039 = PRODUCT_DEFINITION_CONTEXT('part definition',#2,'design');
#6040 = ADVANCED_BREP_SHAPE_REPRESENTATION('',(#11,#6041),#6191);
#6041 = MANIFOLD_SOLID_BREP('',#6042);
#6042 = CLOSED_SHELL('',(#6043,#6083,#6123,#6145,#6167,#6179));
#6043 = ADVANCED_FACE('',(#6044),#6078,.F.);
#6044 = FACE_BOUND('',#6045,.F.);
#6045 = EDGE_LOOP('',(#6046,#6056,#6064,#6072));
#6046 = ORIENTED_EDGE('',*,*,#6047,.F.);
#6047 = EDGE_CURVE('',#6048,#6050,#6052,.T.);
#6048 = VERTEX_POINT('',#6049);
#6049 = CARTESIAN_POINT('',(177.48380207782,-197.282791951,18.));
#6050 = VERTEX_POINT('',#6051);
#6051 = CARTESIAN_POINT('',(177.48380207782,-197.282791951,280.));
#6052 = LINE('',#6053,#6054);
#6053 = CARTESIAN_POINT('',(177.48380207782,-197.282791951,18.));
#6054 = VECTOR('',#6055,1.);
#6055 = DIRECTION('',(0.,0.,1.));
#6056 = ORIENTED_EDGE('',*,*,#6057,.T.);
#6057 = EDGE_CURVE('',#6048,#6058,#6060,.T.);
#6058 = VERTEX_POINT('',#6059);
#6059 = CARTESIAN_POINT('',(180.31222920257,-194.4543648263,18.));
#6060 = LINE('',#6061,#6062);
#6061 = CARTESIAN_POINT('',(177.48380207782,-197.282791951,18.));
#6062 = VECTOR('',#6063,1.);
#6063 = DIRECTION('',(0.707106781187,0.707106781187,0.));
#6064 = ORIENTED_EDGE('',*,*,#6065,.T.);
#6065 = EDGE_CURVE('',#6058,#6066,#6068,.T.);
#6066 = VERTEX_POINT('',#6067);
#6067 = CARTESIAN_POINT('',(180.31222920257,-194.4543648263,280.));
#6068 = LINE('',#6069,#6070);
#6069 = CARTESIAN_POINT('',(180.31222920257,-194.4543648263,18.));
#6070 = VECTOR('',#6071,1.);
#6071 = DIRECTION('',(0.,0.,1.));
#6072 = ORIENTED_EDGE('',*,*,#6073,.F.);
#6073 = EDGE_CURVE('',#6050,#6066,#6074,.T.);
#6074 = LINE('',#6075,#6076);
#6075 = CARTESIAN_POINT('',(177.48380207782,-197.282791951,280.));
#6076 = VECTOR('',#6077,1.);
#6077 = DIRECTION('',(0.707106781187,0.707106781187,0.));
#6078 = PLANE('',#6079);
#6079 = AXIS2_PLACEMENT_3D('',#6080,#6081,#6082);
#6080 = CARTESIAN_POINT('',(177.48380207782,-197.282791951,18.));
#6081 = DIRECTION('',(0.707106781187,-0.707106781187,0.));
#6082 = DIRECTION('',(0.,0.,1.));
#6083 = ADVANCED_FACE('',(#6084),#6118,.T.);
#6084 = FACE_BOUND('',#6085,.T.);
#6085 = EDGE_LOOP('',(#6086,#6096,#6104,#6112));
#6086 = ORIENTED_EDGE('',*,*,#6087,.F.);
#6087 = EDGE_CURVE('',#6088,#6090,#6092,.T.);
#6088 = VERTEX_POINT('',#6089);
#6089 = CARTESIAN_POINT('',(191.62593770155,-211.4249275747,18.));
#6090 = VERTEX_POINT('',#6091);
#6091 = CARTESIAN_POINT('',(191.62593770155,-211.4249275747,280.));
#6092 = LINE('',#6093,#6094);
#6093 = CARTESIAN_POINT('',(191.62593770155,-211.4249275747,18.));
#6094 = VECTOR('',#6095,1.);
#6095 = DIRECTION('',(0.,0.,1.));
#6096 = ORIENTED_EDGE('',*,*,#6097,.T.);
#6097 = EDGE_CURVE('',#6088,#6098,#6100,.T.);
#6098 = VERTEX_POINT('',#6099);
#6099 = CARTESIAN_POINT('',(194.4543648263,-208.59650045,18.));
#6100 = LINE('',#6101,#6102);
#6101 = CARTESIAN_POINT('',(191.62593770155,-211.4249275747,18.));
#6102 = VECTOR('',#6103,1.);
#6103 = DIRECTION('',(0.707106781187,0.707106781187,0.));
#6104 = ORIENTED_EDGE('',*,*,#6105,.T.);
#6105 = EDGE_CURVE('',#6098,#6106,#6108,.T.);
#6106 = VERTEX_POINT('',#6107);
#6107 = CARTESIAN_POINT('',(194.4543648263,-208.59650045,280.));
#6108 = LINE('',#6109,#6110);
#6109 = CARTESIAN_POINT('',(194.4543648263,-208.59650045,18.));
#6110 = VECTOR('',#6111,1.);
#6111 = DIRECTION('',(0.,0.,1.));
#6112 = ORIENTED_EDGE('',*,*,#6113,.F.);
#6113 = EDGE_CURVE('',#6090,#6106,#6114,.T.);
#6114 = LINE('',#6115,#6116);
#6115 = CARTESIAN_POINT('',(191.62593770155,-211.4249275747,280.));
#6116 = VECTOR('',#6117,1.);
#6117 = DIRECTION('',(0.707106781187,0.707106781187,0.));
#6118 = PLANE('',#6119);
#6119 = AXIS2_PLACEMENT_3D('',#6120,#6121,#6122);
#6120 = CARTESIAN_POINT('',(191.62593770155,-211.4249275747,18.));
#6121 = DIRECTION('',(0.707106781187,-0.707106781187,0.));
#6122 = DIRECTION('',(0.,0.,1.));
#6123 = ADVANCED_FACE('',(#6124),#6140,.F.);
#6124 = FACE_BOUND('',#6125,.F.);
#6125 = EDGE_LOOP('',(#6126,#6132,#6133,#6139));
#6126 = ORIENTED_EDGE('',*,*,#6127,.F.);
#6127 = EDGE_CURVE('',#6048,#6088,#6128,.T.);
#6128 = LINE('',#6129,#6130);
#6129 = CARTESIAN_POINT('',(177.48380207782,-197.282791951,18.));
#6130 = VECTOR('',#6131,1.);
#6131 = DIRECTION('',(0.707106781187,-0.707106781187,0.));
#6132 = ORIENTED_EDGE('',*,*,#6047,.T.);
#6133 = ORIENTED_EDGE('',*,*,#6134,.T.);
#6134 = EDGE_CURVE('',#6050,#6090,#6135,.T.);
#6135 = LINE('',#6136,#6137);
#6136 = CARTESIAN_POINT('',(177.48380207782,-197.282791951,280.));
#6137 = VECTOR('',#6138,1.);
#6138 = DIRECTION('',(0.707106781187,-0.707106781187,0.));
#6139 = ORIENTED_EDGE('',*,*,#6087,.F.);
#6140 = PLANE('',#6141);
#6141 = AXIS2_PLACEMENT_3D('',#6142,#6143,#6144);
#6142 = CARTESIAN_POINT('',(177.48380207782,-197.282791951,18.));
#6143 = DIRECTION('',(0.707106781187,0.707106781187,0.));
#6144 = DIRECTION('',(0.,0.,1.));
#6145 = ADVANCED_FACE('',(#6146),#6162,.T.);
#6146 = FACE_BOUND('',#6147,.T.);
#6147 = EDGE_LOOP('',(#6148,#6154,#6155,#6161));
#6148 = ORIENTED_EDGE('',*,*,#6149,.F.);
#6149 = EDGE_CURVE('',#6058,#6098,#6150,.T.);
#6150 = LINE('',#6151,#6152);
#6151 = CARTESIAN_POINT('',(180.31222920257,-194.4543648263,18.));
#6152 = VECTOR('',#6153,1.);
#6153 = DIRECTION('',(0.707106781187,-0.707106781187,0.));
#6154 = ORIENTED_EDGE('',*,*,#6065,.T.);
#6155 = ORIENTED_EDGE('',*,*,#6156,.T.);
#6156 = EDGE_CURVE('',#6066,#6106,#6157,.T.);
#6157 = LINE('',#6158,#6159);
#6158 = CARTESIAN_POINT('',(180.31222920257,-194.4543648263,280.));
#6159 = VECTOR('',#6160,1.);
#6160 = DIRECTION('',(0.707106781187,-0.707106781187,0.));
#6161 = ORIENTED_EDGE('',*,*,#6105,.F.);
#6162 = PLANE('',#6163);
#6163 = AXIS2_PLACEMENT_3D('',#6164,#6165,#6166);
#6164 = CARTESIAN_POINT('',(180.31222920257,-194.4543648263,18.));
#6165 = DIRECTION('',(0.707106781187,0.707106781187,0.));
#6166 = DIRECTION('',(0.,0.,1.));
#6167 = ADVANCED_FACE('',(#6168),#6174,.F.);
#6168 = FACE_BOUND('',#6169,.F.);
#6169 = EDGE_LOOP('',(#6170,#6171,#6172,#6173));
#6170 = ORIENTED_EDGE('',*,*,#6057,.F.);
#6171 = ORIENTED_EDGE('',*,*,#6127,.T.);
#6172 = ORIENTED_EDGE('',*,*,#6097,.T.);
#6173 = ORIENTED_EDGE('',*,*,#6149,.F.);
#6174 = PLANE('',#6175);
#6175 = AXIS2_PLACEMENT_3D('',#6176,#6177,#6178);
#6176 = CARTESIAN_POINT('',(177.48380207782,-197.282791951,18.));
#6177 = DIRECTION('',(0.,0.,1.));
#6178 = DIRECTION('',(0.707106781187,-0.707106781187,0.));
#6179 = ADVANCED_FACE('',(#6180),#6186,.T.);
#6180 = FACE_BOUND('',#6181,.T.);
#6181 = EDGE_LOOP('',(#6182,#6183,#6184,#6185));
#6182 = ORIENTED_EDGE('',*,*,#6073,.F.);
#6183 = ORIENTED_EDGE('',*,*,#6134,.T.);
#6184 = ORIENTED_EDGE('',*,*,#6113,.T.);
#6185 = ORIENTED_EDGE('',*,*,#6156,.F.);
#6186 = PLANE('',#6187);
#6187 = AXIS2_PLACEMENT_3D('',#6188,#6189,#6190);
#6188 = CARTESIAN_POINT('',(177.48380207782,-197.282791951,280.));
#6189 = DIRECTION('',(0.,0.,1.));
#6190 = DIRECTION('',(0.707106781187,-0.707106781187,0.));
#6191 = ( GEOMETRIC_REPRESENTATION_CONTEXT(3) 
GLOBAL_UNCERTAINTY_ASSIGNED_CONTEXT((#6195)) 
GLOBAL_UNIT_ASSIGNED_CONTEXT((#6192,#6193,#6194)) REPRESENTATION_CONTEXT
('Context #1','3D Context with UNIT and UNCERTAINTY') );
#6192 = ( LENGTH_UNIT() NAMED_UNIT(*) SI_UNIT(.MILLI.,.METRE.) );
#6193 = ( NAMED_UNIT(*) PLANE_ANGLE_UNIT() SI_UNIT($,.RADIAN.) );
#6194 = ( NAMED_UNIT(*) SI_UNIT($,.STERADIAN.) SOLID_ANGLE_UNIT() );
#6195 = UNCERTAINTY_MEASURE_WITH_UNIT(LENGTH_MEASURE(1.E-07),#6192,
  'distance_accuracy_value','confusion accuracy');
#6196 = CONTEXT_DEPENDENT_SHAPE_REPRESENTATION(#6197,#6199);
#6197 = ( REPRESENTATION_RELATIONSHIP('','',#6040,#10) 
REPRESENTATION_RELATIONSHIP_WITH_TRANSFORMATION(#6198) 
SHAPE_REPRESENTATION_RELATIONSHIP() );
#6198 = ITEM_DEFINED_TRANSFORMATION('','',#11,#135);
#6199 = PRODUCT_DEFINITION_SHAPE('Placement','Placement of an item',
  #6200);
#6200 = NEXT_ASSEMBLY_USAGE_OCCURRENCE('31','P31 Slot jamb 315 / -1','',
  #5,#6035,$);
#6201 = PRODUCT_RELATED_PRODUCT_CATEGORY('part',$,(#6037));
#6202 = SHAPE_DEFINITION_REPRESENTATION(#6203,#6209);
#6203 = PRODUCT_DEFINITION_SHAPE('','',#6204);
#6204 = PRODUCT_DEFINITION('design','',#6205,#6208);
#6205 = PRODUCT_DEFINITION_FORMATION('','',#6206);
#6206 = PRODUCT('P32 Slot jamb 315 / 1','P32 Slot jamb 315 / 1','',(
    #6207));
#6207 = PRODUCT_CONTEXT('',#2,'mechanical');
#6208 = PRODUCT_DEFINITION_CONTEXT('part definition',#2,'design');
#6209 = ADVANCED_BREP_SHAPE_REPRESENTATION('',(#11,#6210),#6360);
#6210 = MANIFOLD_SOLID_BREP('',#6211);
#6211 = CLOSED_SHELL('',(#6212,#6252,#6292,#6314,#6336,#6348));
#6212 = ADVANCED_FACE('',(#6213),#6247,.F.);
#6213 = FACE_BOUND('',#6214,.F.);
#6214 = EDGE_LOOP('',(#6215,#6225,#6233,#6241));
#6215 = ORIENTED_EDGE('',*,*,#6216,.F.);
#6216 = EDGE_CURVE('',#6217,#6219,#6221,.T.);
#6217 = VERTEX_POINT('',#6218);
#6218 = CARTESIAN_POINT('',(194.4543648263,-180.3122292025,18.));
#6219 = VERTEX_POINT('',#6220);
#6220 = CARTESIAN_POINT('',(194.4543648263,-180.3122292025,280.));
#6221 = LINE('',#6222,#6223);
#6222 = CARTESIAN_POINT('',(194.4543648263,-180.3122292025,18.));
#6223 = VECTOR('',#6224,1.);
#6224 = DIRECTION('',(0.,0.,1.));
#6225 = ORIENTED_EDGE('',*,*,#6226,.T.);
#6226 = EDGE_CURVE('',#6217,#6227,#6229,.T.);
#6227 = VERTEX_POINT('',#6228);
#6228 = CARTESIAN_POINT('',(197.28279195104,-177.4838020778,18.));
#6229 = LINE('',#6230,#6231);
#6230 = CARTESIAN_POINT('',(194.4543648263,-180.3122292025,18.));
#6231 = VECTOR('',#6232,1.);
#6232 = DIRECTION('',(0.707106781187,0.707106781187,0.));
#6233 = ORIENTED_EDGE('',*,*,#6234,.T.);
#6234 = EDGE_CURVE('',#6227,#6235,#6237,.T.);
#6235 = VERTEX_POINT('',#6236);
#6236 = CARTESIAN_POINT('',(197.28279195104,-177.4838020778,280.));
#6237 = LINE('',#6238,#6239);
#6238 = CARTESIAN_POINT('',(197.28279195104,-177.4838020778,18.));
#6239 = VECTOR('',#6240,1.);
#6240 = DIRECTION('',(0.,0.,1.));
#6241 = ORIENTED_EDGE('',*,*,#6242,.F.);
#6242 = EDGE_CURVE('',#6219,#6235,#6243,.T.);
#6243 = LINE('',#6244,#6245);
#6244 = CARTESIAN_POINT('',(194.4543648263,-180.3122292025,280.));
#6245 = VECTOR('',#6246,1.);
#6246 = DIRECTION('',(0.707106781187,0.707106781187,0.));
#6247 = PLANE('',#6248);
#6248 = AXIS2_PLACEMENT_3D('',#6249,#6250,#6251);
#6249 = CARTESIAN_POINT('',(194.4543648263,-180.3122292025,18.));
#6250 = DIRECTION('',(0.707106781187,-0.707106781187,0.));
#6251 = DIRECTION('',(0.,0.,1.));
#6252 = ADVANCED_FACE('',(#6253),#6287,.T.);
#6253 = FACE_BOUND('',#6254,.T.);
#6254 = EDGE_LOOP('',(#6255,#6265,#6273,#6281));
#6255 = ORIENTED_EDGE('',*,*,#6256,.F.);
#6256 = EDGE_CURVE('',#6257,#6259,#6261,.T.);
#6257 = VERTEX_POINT('',#6258);
#6258 = CARTESIAN_POINT('',(208.59650045003,-194.4543648263,18.));
#6259 = VERTEX_POINT('',#6260);
#6260 = CARTESIAN_POINT('',(208.59650045003,-194.4543648263,280.));
#6261 = LINE('',#6262,#6263);
#6262 = CARTESIAN_POINT('',(208.59650045003,-194.4543648263,18.));
#6263 = VECTOR('',#6264,1.);
#6264 = DIRECTION('',(0.,0.,1.));
#6265 = ORIENTED_EDGE('',*,*,#6266,.T.);
#6266 = EDGE_CURVE('',#6257,#6267,#6269,.T.);
#6267 = VERTEX_POINT('',#6268);
#6268 = CARTESIAN_POINT('',(211.42492757477,-191.6259377015,18.));
#6269 = LINE('',#6270,#6271);
#6270 = CARTESIAN_POINT('',(208.59650045003,-194.4543648263,18.));
#6271 = VECTOR('',#6272,1.);
#6272 = DIRECTION('',(0.707106781187,0.707106781187,0.));
#6273 = ORIENTED_EDGE('',*,*,#6274,.T.);
#6274 = EDGE_CURVE('',#6267,#6275,#6277,.T.);
#6275 = VERTEX_POINT('',#6276);
#6276 = CARTESIAN_POINT('',(211.42492757477,-191.6259377015,280.));
#6277 = LINE('',#6278,#6279);
#6278 = CARTESIAN_POINT('',(211.42492757477,-191.6259377015,18.));
#6279 = VECTOR('',#6280,1.);
#6280 = DIRECTION('',(0.,0.,1.));
#6281 = ORIENTED_EDGE('',*,*,#6282,.F.);
#6282 = EDGE_CURVE('',#6259,#6275,#6283,.T.);
#6283 = LINE('',#6284,#6285);
#6284 = CARTESIAN_POINT('',(208.59650045003,-194.4543648263,280.));
#6285 = VECTOR('',#6286,1.);
#6286 = DIRECTION('',(0.707106781187,0.707106781187,0.));
#6287 = PLANE('',#6288);
#6288 = AXIS2_PLACEMENT_3D('',#6289,#6290,#6291);
#6289 = CARTESIAN_POINT('',(208.59650045003,-194.4543648263,18.));
#6290 = DIRECTION('',(0.707106781187,-0.707106781187,0.));
#6291 = DIRECTION('',(0.,0.,1.));
#6292 = ADVANCED_FACE('',(#6293),#6309,.F.);
#6293 = FACE_BOUND('',#6294,.F.);
#6294 = EDGE_LOOP('',(#6295,#6301,#6302,#6308));
#6295 = ORIENTED_EDGE('',*,*,#6296,.F.);
#6296 = EDGE_CURVE('',#6217,#6257,#6297,.T.);
#6297 = LINE('',#6298,#6299);
#6298 = CARTESIAN_POINT('',(194.4543648263,-180.3122292025,18.));
#6299 = VECTOR('',#6300,1.);
#6300 = DIRECTION('',(0.707106781187,-0.707106781187,0.));
#6301 = ORIENTED_EDGE('',*,*,#6216,.T.);
#6302 = ORIENTED_EDGE('',*,*,#6303,.T.);
#6303 = EDGE_CURVE('',#6219,#6259,#6304,.T.);
#6304 = LINE('',#6305,#6306);
#6305 = CARTESIAN_POINT('',(194.4543648263,-180.3122292025,280.));
#6306 = VECTOR('',#6307,1.);
#6307 = DIRECTION('',(0.707106781187,-0.707106781187,0.));
#6308 = ORIENTED_EDGE('',*,*,#6256,.F.);
#6309 = PLANE('',#6310);
#6310 = AXIS2_PLACEMENT_3D('',#6311,#6312,#6313);
#6311 = CARTESIAN_POINT('',(194.4543648263,-180.3122292025,18.));
#6312 = DIRECTION('',(0.707106781187,0.707106781187,0.));
#6313 = DIRECTION('',(0.,0.,1.));
#6314 = ADVANCED_FACE('',(#6315),#6331,.T.);
#6315 = FACE_BOUND('',#6316,.T.);
#6316 = EDGE_LOOP('',(#6317,#6323,#6324,#6330));
#6317 = ORIENTED_EDGE('',*,*,#6318,.F.);
#6318 = EDGE_CURVE('',#6227,#6267,#6319,.T.);
#6319 = LINE('',#6320,#6321);
#6320 = CARTESIAN_POINT('',(197.28279195104,-177.4838020778,18.));
#6321 = VECTOR('',#6322,1.);
#6322 = DIRECTION('',(0.707106781187,-0.707106781187,0.));
#6323 = ORIENTED_EDGE('',*,*,#6234,.T.);
#6324 = ORIENTED_EDGE('',*,*,#6325,.T.);
#6325 = EDGE_CURVE('',#6235,#6275,#6326,.T.);
#6326 = LINE('',#6327,#6328);
#6327 = CARTESIAN_POINT('',(197.28279195104,-177.4838020778,280.));
#6328 = VECTOR('',#6329,1.);
#6329 = DIRECTION('',(0.707106781187,-0.707106781187,0.));
#6330 = ORIENTED_EDGE('',*,*,#6274,.F.);
#6331 = PLANE('',#6332);
#6332 = AXIS2_PLACEMENT_3D('',#6333,#6334,#6335);
#6333 = CARTESIAN_POINT('',(197.28279195104,-177.4838020778,18.));
#6334 = DIRECTION('',(0.707106781187,0.707106781187,0.));
#6335 = DIRECTION('',(0.,0.,1.));
#6336 = ADVANCED_FACE('',(#6337),#6343,.F.);
#6337 = FACE_BOUND('',#6338,.F.);
#6338 = EDGE_LOOP('',(#6339,#6340,#6341,#6342));
#6339 = ORIENTED_EDGE('',*,*,#6226,.F.);
#6340 = ORIENTED_EDGE('',*,*,#6296,.T.);
#6341 = ORIENTED_EDGE('',*,*,#6266,.T.);
#6342 = ORIENTED_EDGE('',*,*,#6318,.F.);
#6343 = PLANE('',#6344);
#6344 = AXIS2_PLACEMENT_3D('',#6345,#6346,#6347);
#6345 = CARTESIAN_POINT('',(194.4543648263,-180.3122292025,18.));
#6346 = DIRECTION('',(0.,0.,1.));
#6347 = DIRECTION('',(0.707106781187,-0.707106781187,0.));
#6348 = ADVANCED_FACE('',(#6349),#6355,.T.);
#6349 = FACE_BOUND('',#6350,.T.);
#6350 = EDGE_LOOP('',(#6351,#6352,#6353,#6354));
#6351 = ORIENTED_EDGE('',*,*,#6242,.F.);
#6352 = ORIENTED_EDGE('',*,*,#6303,.T.);
#6353 = ORIENTED_EDGE('',*,*,#6282,.T.);
#6354 = ORIENTED_EDGE('',*,*,#6325,.F.);
#6355 = PLANE('',#6356);
#6356 = AXIS2_PLACEMENT_3D('',#6357,#6358,#6359);
#6357 = CARTESIAN_POINT('',(194.4543648263,-180.3122292025,280.));
#6358 = DIRECTION('',(0.,0.,1.));
#6359 = DIRECTION('',(0.707106781187,-0.707106781187,0.));
#6360 = ( GEOMETRIC_REPRESENTATION_CONTEXT(3) 
GLOBAL_UNCERTAINTY_ASSIGNED_CONTEXT((#6364)) 
GLOBAL_UNIT_ASSIGNED_CONTEXT((#6361,#6362,#6363)) REPRESENTATION_CONTEXT
('Context #1','3D Context with UNIT and UNCERTAINTY') );
#6361 = ( LENGTH_UNIT() NAMED_UNIT(*) SI_UNIT(.MILLI.,.METRE.) );
#6362 = ( NAMED_UNIT(*) PLANE_ANGLE_UNIT() SI_UNIT($,.RADIAN.) );
#6363 = ( NAMED_UNIT(*) SI_UNIT($,.STERADIAN.) SOLID_ANGLE_UNIT() );
#6364 = UNCERTAINTY_MEASURE_WITH_UNIT(LENGTH_MEASURE(1.E-07),#6361,
  'distance_accuracy_value','confusion accuracy');
#6365 = CONTEXT_DEPENDENT_SHAPE_REPRESENTATION(#6366,#6368);
#6366 = ( REPRESENTATION_RELATIONSHIP('','',#6209,#10) 
REPRESENTATION_RELATIONSHIP_WITH_TRANSFORMATION(#6367) 
SHAPE_REPRESENTATION_RELATIONSHIP() );
#6367 = ITEM_DEFINED_TRANSFORMATION('','',#11,#139);
#6368 = PRODUCT_DEFINITION_SHAPE('Placement','Placement of an item',
  #6369);
#6369 = NEXT_ASSEMBLY_USAGE_OCCURRENCE('32','P32 Slot jamb 315 / 1','',
  #5,#6204,$);
#6370 = PRODUCT_RELATED_PRODUCT_CATEGORY('part',$,(#6206));
#6371 = SHAPE_DEFINITION_REPRESENTATION(#6372,#6378);
#6372 = PRODUCT_DEFINITION_SHAPE('','',#6373);
#6373 = PRODUCT_DEFINITION('design','',#6374,#6377);
#6374 = PRODUCT_DEFINITION_FORMATION('','',#6375);
#6375 = PRODUCT('P33 Slot lintel 315','P33 Slot lintel 315','',(#6376));
#6376 = PRODUCT_CONTEXT('',#2,'mechanical');
#6377 = PRODUCT_DEFINITION_CONTEXT('part definition',#2,'design');
#6378 = ADVANCED_BREP_SHAPE_REPRESENTATION('',(#11,#6379),#6529);
#6379 = MANIFOLD_SOLID_BREP('',#6380);
#6380 = CLOSED_SHELL('',(#6381,#6421,#6461,#6483,#6505,#6517));
#6381 = ADVANCED_FACE('',(#6382),#6416,.F.);
#6382 = FACE_BOUND('',#6383,.F.);
#6383 = EDGE_LOOP('',(#6384,#6394,#6402,#6410));
#6384 = ORIENTED_EDGE('',*,*,#6385,.F.);
#6385 = EDGE_CURVE('',#6386,#6388,#6390,.T.);
#6386 = VERTEX_POINT('',#6387);
#6387 = CARTESIAN_POINT('',(177.48380207782,-197.282791951,280.));
#6388 = VERTEX_POINT('',#6389);
#6389 = CARTESIAN_POINT('',(177.48380207782,-197.282791951,284.));
#6390 = LINE('',#6391,#6392);
#6391 = CARTESIAN_POINT('',(177.48380207782,-197.282791951,280.));
#6392 = VECTOR('',#6393,1.);
#6393 = DIRECTION('',(0.,0.,1.));
#6394 = ORIENTED_EDGE('',*,*,#6395,.T.);
#6395 = EDGE_CURVE('',#6386,#6396,#6398,.T.);
#6396 = VERTEX_POINT('',#6397);
#6397 = CARTESIAN_POINT('',(197.28279195104,-177.4838020778,280.));
#6398 = LINE('',#6399,#6400);
#6399 = CARTESIAN_POINT('',(177.48380207782,-197.282791951,280.));
#6400 = VECTOR('',#6401,1.);
#6401 = DIRECTION('',(0.707106781187,0.707106781187,0.));
#6402 = ORIENTED_EDGE('',*,*,#6403,.T.);
#6403 = EDGE_CURVE('',#6396,#6404,#6406,.T.);
#6404 = VERTEX_POINT('',#6405);
#6405 = CARTESIAN_POINT('',(197.28279195104,-177.4838020778,284.));
#6406 = LINE('',#6407,#6408);
#6407 = CARTESIAN_POINT('',(197.28279195104,-177.4838020778,280.));
#6408 = VECTOR('',#6409,1.);
#6409 = DIRECTION('',(0.,0.,1.));
#6410 = ORIENTED_EDGE('',*,*,#6411,.F.);
#6411 = EDGE_CURVE('',#6388,#6404,#6412,.T.);
#6412 = LINE('',#6413,#6414);
#6413 = CARTESIAN_POINT('',(177.48380207782,-197.282791951,284.));
#6414 = VECTOR('',#6415,1.);
#6415 = DIRECTION('',(0.707106781187,0.707106781187,0.));
#6416 = PLANE('',#6417);
#6417 = AXIS2_PLACEMENT_3D('',#6418,#6419,#6420);
#6418 = CARTESIAN_POINT('',(177.48380207782,-197.282791951,280.));
#6419 = DIRECTION('',(0.707106781187,-0.707106781187,0.));
#6420 = DIRECTION('',(0.,0.,1.));
#6421 = ADVANCED_FACE('',(#6422),#6456,.T.);
#6422 = FACE_BOUND('',#6423,.T.);
#6423 = EDGE_LOOP('',(#6424,#6434,#6442,#6450));
#6424 = ORIENTED_EDGE('',*,*,#6425,.F.);
#6425 = EDGE_CURVE('',#6426,#6428,#6430,.T.);
#6426 = VERTEX_POINT('',#6427);
#6427 = CARTESIAN_POINT('',(191.62593770155,-211.4249275747,280.));
#6428 = VERTEX_POINT('',#6429);
#6429 = CARTESIAN_POINT('',(191.62593770155,-211.4249275747,284.));
#6430 = LINE('',#6431,#6432);
#6431 = CARTESIAN_POINT('',(191.62593770155,-211.4249275747,280.));
#6432 = VECTOR('',#6433,1.);
#6433 = DIRECTION('',(0.,0.,1.));
#6434 = ORIENTED_EDGE('',*,*,#6435,.T.);
#6435 = EDGE_CURVE('',#6426,#6436,#6438,.T.);
#6436 = VERTEX_POINT('',#6437);
#6437 = CARTESIAN_POINT('',(211.42492757477,-191.6259377015,280.));
#6438 = LINE('',#6439,#6440);
#6439 = CARTESIAN_POINT('',(191.62593770155,-211.4249275747,280.));
#6440 = VECTOR('',#6441,1.);
#6441 = DIRECTION('',(0.707106781187,0.707106781187,0.));
#6442 = ORIENTED_EDGE('',*,*,#6443,.T.);
#6443 = EDGE_CURVE('',#6436,#6444,#6446,.T.);
#6444 = VERTEX_POINT('',#6445);
#6445 = CARTESIAN_POINT('',(211.42492757477,-191.6259377015,284.));
#6446 = LINE('',#6447,#6448);
#6447 = CARTESIAN_POINT('',(211.42492757477,-191.6259377015,280.));
#6448 = VECTOR('',#6449,1.);
#6449 = DIRECTION('',(0.,0.,1.));
#6450 = ORIENTED_EDGE('',*,*,#6451,.F.);
#6451 = EDGE_CURVE('',#6428,#6444,#6452,.T.);
#6452 = LINE('',#6453,#6454);
#6453 = CARTESIAN_POINT('',(191.62593770155,-211.4249275747,284.));
#6454 = VECTOR('',#6455,1.);
#6455 = DIRECTION('',(0.707106781187,0.707106781187,0.));
#6456 = PLANE('',#6457);
#6457 = AXIS2_PLACEMENT_3D('',#6458,#6459,#6460);
#6458 = CARTESIAN_POINT('',(191.62593770155,-211.4249275747,280.));
#6459 = DIRECTION('',(0.707106781187,-0.707106781187,0.));
#6460 = DIRECTION('',(0.,0.,1.));
#6461 = ADVANCED_FACE('',(#6462),#6478,.F.);
#6462 = FACE_BOUND('',#6463,.F.);
#6463 = EDGE_LOOP('',(#6464,#6470,#6471,#6477));
#6464 = ORIENTED_EDGE('',*,*,#6465,.F.);
#6465 = EDGE_CURVE('',#6386,#6426,#6466,.T.);
#6466 = LINE('',#6467,#6468);
#6467 = CARTESIAN_POINT('',(177.48380207782,-197.282791951,280.));
#6468 = VECTOR('',#6469,1.);
#6469 = DIRECTION('',(0.707106781187,-0.707106781187,0.));
#6470 = ORIENTED_EDGE('',*,*,#6385,.T.);
#6471 = ORIENTED_EDGE('',*,*,#6472,.T.);
#6472 = EDGE_CURVE('',#6388,#6428,#6473,.T.);
#6473 = LINE('',#6474,#6475);
#6474 = CARTESIAN_POINT('',(177.48380207782,-197.282791951,284.));
#6475 = VECTOR('',#6476,1.);
#6476 = DIRECTION('',(0.707106781187,-0.707106781187,0.));
#6477 = ORIENTED_EDGE('',*,*,#6425,.F.);
#6478 = PLANE('',#6479);
#6479 = AXIS2_PLACEMENT_3D('',#6480,#6481,#6482);
#6480 = CARTESIAN_POINT('',(177.48380207782,-197.282791951,280.));
#6481 = DIRECTION('',(0.707106781187,0.707106781187,0.));
#6482 = DIRECTION('',(0.,0.,1.));
#6483 = ADVANCED_FACE('',(#6484),#6500,.T.);
#6484 = FACE_BOUND('',#6485,.T.);
#6485 = EDGE_LOOP('',(#6486,#6492,#6493,#6499));
#6486 = ORIENTED_EDGE('',*,*,#6487,.F.);
#6487 = EDGE_CURVE('',#6396,#6436,#6488,.T.);
#6488 = LINE('',#6489,#6490);
#6489 = CARTESIAN_POINT('',(197.28279195104,-177.4838020778,280.));
#6490 = VECTOR('',#6491,1.);
#6491 = DIRECTION('',(0.707106781187,-0.707106781187,0.));
#6492 = ORIENTED_EDGE('',*,*,#6403,.T.);
#6493 = ORIENTED_EDGE('',*,*,#6494,.T.);
#6494 = EDGE_CURVE('',#6404,#6444,#6495,.T.);
#6495 = LINE('',#6496,#6497);
#6496 = CARTESIAN_POINT('',(197.28279195104,-177.4838020778,284.));
#6497 = VECTOR('',#6498,1.);
#6498 = DIRECTION('',(0.707106781187,-0.707106781187,0.));
#6499 = ORIENTED_EDGE('',*,*,#6443,.F.);
#6500 = PLANE('',#6501);
#6501 = AXIS2_PLACEMENT_3D('',#6502,#6503,#6504);
#6502 = CARTESIAN_POINT('',(197.28279195104,-177.4838020778,280.));
#6503 = DIRECTION('',(0.707106781187,0.707106781187,0.));
#6504 = DIRECTION('',(0.,0.,1.));
#6505 = ADVANCED_FACE('',(#6506),#6512,.F.);
#6506 = FACE_BOUND('',#6507,.F.);
#6507 = EDGE_LOOP('',(#6508,#6509,#6510,#6511));
#6508 = ORIENTED_EDGE('',*,*,#6395,.F.);
#6509 = ORIENTED_EDGE('',*,*,#6465,.T.);
#6510 = ORIENTED_EDGE('',*,*,#6435,.T.);
#6511 = ORIENTED_EDGE('',*,*,#6487,.F.);
#6512 = PLANE('',#6513);
#6513 = AXIS2_PLACEMENT_3D('',#6514,#6515,#6516);
#6514 = CARTESIAN_POINT('',(177.48380207782,-197.282791951,280.));
#6515 = DIRECTION('',(0.,0.,1.));
#6516 = DIRECTION('',(0.707106781187,-0.707106781187,0.));
#6517 = ADVANCED_FACE('',(#6518),#6524,.T.);
#6518 = FACE_BOUND('',#6519,.T.);
#6519 = EDGE_LOOP('',(#6520,#6521,#6522,#6523));
#6520 = ORIENTED_EDGE('',*,*,#6411,.F.);
#6521 = ORIENTED_EDGE('',*,*,#6472,.T.);
#6522 = ORIENTED_EDGE('',*,*,#6451,.T.);
#6523 = ORIENTED_EDGE('',*,*,#6494,.F.);
#6524 = PLANE('',#6525);
#6525 = AXIS2_PLACEMENT_3D('',#6526,#6527,#6528);
#6526 = CARTESIAN_POINT('',(177.48380207782,-197.282791951,284.));
#6527 = DIRECTION('',(0.,0.,1.));
#6528 = DIRECTION('',(0.707106781187,-0.707106781187,0.));
#6529 = ( GEOMETRIC_REPRESENTATION_CONTEXT(3) 
GLOBAL_UNCERTAINTY_ASSIGNED_CONTEXT((#6533)) 
GLOBAL_UNIT_ASSIGNED_CONTEXT((#6530,#6531,#6532)) REPRESENTATION_CONTEXT
('Context #1','3D Context with UNIT and UNCERTAINTY') );
#6530 = ( LENGTH_UNIT() NAMED_UNIT(*) SI_UNIT(.MILLI.,.METRE.) );
#6531 = ( NAMED_UNIT(*) PLANE_ANGLE_UNIT() SI_UNIT($,.RADIAN.) );
#6532 = ( NAMED_UNIT(*) SI_UNIT($,.STERADIAN.) SOLID_ANGLE_UNIT() );
#6533 = UNCERTAINTY_MEASURE_WITH_UNIT(LENGTH_MEASURE(1.E-07),#6530,
  'distance_accuracy_value','confusion accuracy');
#6534 = CONTEXT_DEPENDENT_SHAPE_REPRESENTATION(#6535,#6537);
#6535 = ( REPRESENTATION_RELATIONSHIP('','',#6378,#10) 
REPRESENTATION_RELATIONSHIP_WITH_TRANSFORMATION(#6536) 
SHAPE_REPRESENTATION_RELATIONSHIP() );
#6536 = ITEM_DEFINED_TRANSFORMATION('','',#11,#143);
#6537 = PRODUCT_DEFINITION_SHAPE('Placement','Placement of an item',
  #6538);
#6538 = NEXT_ASSEMBLY_USAGE_OCCURRENCE('33','P33 Slot lintel 315','',#5,
  #6373,$);
#6539 = PRODUCT_RELATED_PRODUCT_CATEGORY('part',$,(#6375));
#6540 = SHAPE_DEFINITION_REPRESENTATION(#6541,#6547);
#6541 = PRODUCT_DEFINITION_SHAPE('','',#6542);
#6542 = PRODUCT_DEFINITION('design','',#6543,#6546);
#6543 = PRODUCT_DEFINITION_FORMATION('','',#6544);
#6544 = PRODUCT('P34 Foot shoe 315','P34 Foot shoe 315','',(#6545));
#6545 = PRODUCT_CONTEXT('',#2,'mechanical');
#6546 = PRODUCT_DEFINITION_CONTEXT('part definition',#2,'design');
#6547 = ADVANCED_BREP_SHAPE_REPRESENTATION('',(#11,#6548),#6698);
#6548 = MANIFOLD_SOLID_BREP('',#6549);
#6549 = CLOSED_SHELL('',(#6550,#6590,#6630,#6652,#6674,#6686));
#6550 = ADVANCED_FACE('',(#6551),#6585,.F.);
#6551 = FACE_BOUND('',#6552,.F.);
#6552 = EDGE_LOOP('',(#6553,#6563,#6571,#6579));
#6553 = ORIENTED_EDGE('',*,*,#6554,.F.);
#6554 = EDGE_CURVE('',#6555,#6557,#6559,.T.);
#6555 = VERTEX_POINT('',#6556);
#6556 = CARTESIAN_POINT('',(143.54267658086,-228.3954903232,0.));
#6557 = VERTEX_POINT('',#6558);
#6558 = CARTESIAN_POINT('',(143.54267658086,-228.3954903232,18.));
#6559 = LINE('',#6560,#6561);
#6560 = CARTESIAN_POINT('',(143.54267658086,-228.3954903232,0.));
#6561 = VECTOR('',#6562,1.);
#6562 = DIRECTION('',(0.,0.,1.));
#6563 = ORIENTED_EDGE('',*,*,#6564,.T.);
#6564 = EDGE_CURVE('',#6555,#6565,#6567,.T.);
#6565 = VERTEX_POINT('',#6566);
#6566 = CARTESIAN_POINT('',(228.39549032325,-143.5426765808,0.));
#6567 = LINE('',#6568,#6569);
#6568 = CARTESIAN_POINT('',(143.54267658086,-228.3954903232,0.));
#6569 = VECTOR('',#6570,1.);
#6570 = DIRECTION('',(0.707106781187,0.707106781187,0.));
#6571 = ORIENTED_EDGE('',*,*,#6572,.T.);
#6572 = EDGE_CURVE('',#6565,#6573,#6575,.T.);
#6573 = VERTEX_POINT('',#6574);
#6574 = CARTESIAN_POINT('',(228.39549032325,-143.5426765808,18.));
#6575 = LINE('',#6576,#6577);
#6576 = CARTESIAN_POINT('',(228.39549032325,-143.5426765808,0.));
#6577 = VECTOR('',#6578,1.);
#6578 = DIRECTION('',(0.,0.,1.));
#6579 = ORIENTED_EDGE('',*,*,#6580,.F.);
#6580 = EDGE_CURVE('',#6557,#6573,#6581,.T.);
#6581 = LINE('',#6582,#6583);
#6582 = CARTESIAN_POINT('',(143.54267658086,-228.3954903232,18.));
#6583 = VECTOR('',#6584,1.);
#6584 = DIRECTION('',(0.707106781187,0.707106781187,0.));
#6585 = PLANE('',#6586);
#6586 = AXIS2_PLACEMENT_3D('',#6587,#6588,#6589);
#6587 = CARTESIAN_POINT('',(143.54267658086,-228.3954903232,0.));
#6588 = DIRECTION('',(0.707106781187,-0.707106781187,0.));
#6589 = DIRECTION('',(0.,0.,1.));
#6590 = ADVANCED_FACE('',(#6591),#6625,.T.);
#6591 = FACE_BOUND('',#6592,.T.);
#6592 = EDGE_LOOP('',(#6593,#6603,#6611,#6619));
#6593 = ORIENTED_EDGE('',*,*,#6594,.F.);
#6594 = EDGE_CURVE('',#6595,#6597,#6599,.T.);
#6595 = VERTEX_POINT('',#6596);
#6596 = CARTESIAN_POINT('',(160.51323932934,-245.3660530717,0.));
#6597 = VERTEX_POINT('',#6598);
#6598 = CARTESIAN_POINT('',(160.51323932934,-245.3660530717,18.));
#6599 = LINE('',#6600,#6601);
#6600 = CARTESIAN_POINT('',(160.51323932934,-245.3660530717,0.));
#6601 = VECTOR('',#6602,1.);
#6602 = DIRECTION('',(0.,0.,1.));
#6603 = ORIENTED_EDGE('',*,*,#6604,.T.);
#6604 = EDGE_CURVE('',#6595,#6605,#6607,.T.);
#6605 = VERTEX_POINT('',#6606);
#6606 = CARTESIAN_POINT('',(245.36605307173,-160.5132393293,0.));
#6607 = LINE('',#6608,#6609);
#6608 = CARTESIAN_POINT('',(160.51323932934,-245.3660530717,0.));
#6609 = VECTOR('',#6610,1.);
#6610 = DIRECTION('',(0.707106781187,0.707106781187,0.));
#6611 = ORIENTED_EDGE('',*,*,#6612,.T.);
#6612 = EDGE_CURVE('',#6605,#6613,#6615,.T.);
#6613 = VERTEX_POINT('',#6614);
#6614 = CARTESIAN_POINT('',(245.36605307173,-160.5132393293,18.));
#6615 = LINE('',#6616,#6617);
#6616 = CARTESIAN_POINT('',(245.36605307173,-160.5132393293,0.));
#6617 = VECTOR('',#6618,1.);
#6618 = DIRECTION('',(0.,0.,1.));
#6619 = ORIENTED_EDGE('',*,*,#6620,.F.);
#6620 = EDGE_CURVE('',#6597,#6613,#6621,.T.);
#6621 = LINE('',#6622,#6623);
#6622 = CARTESIAN_POINT('',(160.51323932934,-245.3660530717,18.));
#6623 = VECTOR('',#6624,1.);
#6624 = DIRECTION('',(0.707106781187,0.707106781187,0.));
#6625 = PLANE('',#6626);
#6626 = AXIS2_PLACEMENT_3D('',#6627,#6628,#6629);
#6627 = CARTESIAN_POINT('',(160.51323932934,-245.3660530717,0.));
#6628 = DIRECTION('',(0.707106781187,-0.707106781187,0.));
#6629 = DIRECTION('',(0.,0.,1.));
#6630 = ADVANCED_FACE('',(#6631),#6647,.F.);
#6631 = FACE_BOUND('',#6632,.F.);
#6632 = EDGE_LOOP('',(#6633,#6639,#6640,#6646));
#6633 = ORIENTED_EDGE('',*,*,#6634,.F.);
#6634 = EDGE_CURVE('',#6555,#6595,#6635,.T.);
#6635 = LINE('',#6636,#6637);
#6636 = CARTESIAN_POINT('',(143.54267658086,-228.3954903232,0.));
#6637 = VECTOR('',#6638,1.);
#6638 = DIRECTION('',(0.707106781187,-0.707106781187,0.));
#6639 = ORIENTED_EDGE('',*,*,#6554,.T.);
#6640 = ORIENTED_EDGE('',*,*,#6641,.T.);
#6641 = EDGE_CURVE('',#6557,#6597,#6642,.T.);
#6642 = LINE('',#6643,#6644);
#6643 = CARTESIAN_POINT('',(143.54267658086,-228.3954903232,18.));
#6644 = VECTOR('',#6645,1.);
#6645 = DIRECTION('',(0.707106781187,-0.707106781187,0.));
#6646 = ORIENTED_EDGE('',*,*,#6594,.F.);
#6647 = PLANE('',#6648);
#6648 = AXIS2_PLACEMENT_3D('',#6649,#6650,#6651);
#6649 = CARTESIAN_POINT('',(143.54267658086,-228.3954903232,0.));
#6650 = DIRECTION('',(0.707106781187,0.707106781187,0.));
#6651 = DIRECTION('',(0.,0.,1.));
#6652 = ADVANCED_FACE('',(#6653),#6669,.T.);
#6653 = FACE_BOUND('',#6654,.T.);
#6654 = EDGE_LOOP('',(#6655,#6661,#6662,#6668));
#6655 = ORIENTED_EDGE('',*,*,#6656,.F.);
#6656 = EDGE_CURVE('',#6565,#6605,#6657,.T.);
#6657 = LINE('',#6658,#6659);
#6658 = CARTESIAN_POINT('',(228.39549032325,-143.5426765808,0.));
#6659 = VECTOR('',#6660,1.);
#6660 = DIRECTION('',(0.707106781187,-0.707106781187,0.));
#6661 = ORIENTED_EDGE('',*,*,#6572,.T.);
#6662 = ORIENTED_EDGE('',*,*,#6663,.T.);
#6663 = EDGE_CURVE('',#6573,#6613,#6664,.T.);
#6664 = LINE('',#6665,#6666);
#6665 = CARTESIAN_POINT('',(228.39549032325,-143.5426765808,18.));
#6666 = VECTOR('',#6667,1.);
#6667 = DIRECTION('',(0.707106781187,-0.707106781187,0.));
#6668 = ORIENTED_EDGE('',*,*,#6612,.F.);
#6669 = PLANE('',#6670);
#6670 = AXIS2_PLACEMENT_3D('',#6671,#6672,#6673);
#6671 = CARTESIAN_POINT('',(228.39549032325,-143.5426765808,0.));
#6672 = DIRECTION('',(0.707106781187,0.707106781187,0.));
#6673 = DIRECTION('',(0.,0.,1.));
#6674 = ADVANCED_FACE('',(#6675),#6681,.F.);
#6675 = FACE_BOUND('',#6676,.F.);
#6676 = EDGE_LOOP('',(#6677,#6678,#6679,#6680));
#6677 = ORIENTED_EDGE('',*,*,#6564,.F.);
#6678 = ORIENTED_EDGE('',*,*,#6634,.T.);
#6679 = ORIENTED_EDGE('',*,*,#6604,.T.);
#6680 = ORIENTED_EDGE('',*,*,#6656,.F.);
#6681 = PLANE('',#6682);
#6682 = AXIS2_PLACEMENT_3D('',#6683,#6684,#6685);
#6683 = CARTESIAN_POINT('',(143.54267658086,-228.3954903232,0.));
#6684 = DIRECTION('',(0.,0.,1.));
#6685 = DIRECTION('',(0.707106781187,-0.707106781187,0.));
#6686 = ADVANCED_FACE('',(#6687),#6693,.T.);
#6687 = FACE_BOUND('',#6688,.T.);
#6688 = EDGE_LOOP('',(#6689,#6690,#6691,#6692));
#6689 = ORIENTED_EDGE('',*,*,#6580,.F.);
#6690 = ORIENTED_EDGE('',*,*,#6641,.T.);
#6691 = ORIENTED_EDGE('',*,*,#6620,.T.);
#6692 = ORIENTED_EDGE('',*,*,#6663,.F.);
#6693 = PLANE('',#6694);
#6694 = AXIS2_PLACEMENT_3D('',#6695,#6696,#6697);
#6695 = CARTESIAN_POINT('',(143.54267658086,-228.3954903232,18.));
#6696 = DIRECTION('',(0.,0.,1.));
#6697 = DIRECTION('',(0.707106781187,-0.707106781187,0.));
#6698 = ( GEOMETRIC_REPRESENTATION_CONTEXT(3) 
GLOBAL_UNCERTAINTY_ASSIGNED_CONTEXT((#6702)) 
GLOBAL_UNIT_ASSIGNED_CONTEXT((#6699,#6700,#6701)) REPRESENTATION_CONTEXT
('Context #1','3D Context with UNIT and UNCERTAINTY') );
#6699 = ( LENGTH_UNIT() NAMED_UNIT(*) SI_UNIT(.MILLI.,.METRE.) );
#6700 = ( NAMED_UNIT(*) PLANE_ANGLE_UNIT() SI_UNIT($,.RADIAN.) );
#6701 = ( NAMED_UNIT(*) SI_UNIT($,.STERADIAN.) SOLID_ANGLE_UNIT() );
#6702 = UNCERTAINTY_MEASURE_WITH_UNIT(LENGTH_MEASURE(1.E-07),#6699,
  'distance_accuracy_value','confusion accuracy');
#6703 = CONTEXT_DEPENDENT_SHAPE_REPRESENTATION(#6704,#6706);
#6704 = ( REPRESENTATION_RELATIONSHIP('','',#6547,#10) 
REPRESENTATION_RELATIONSHIP_WITH_TRANSFORMATION(#6705) 
SHAPE_REPRESENTATION_RELATIONSHIP() );
#6705 = ITEM_DEFINED_TRANSFORMATION('','',#11,#147);
#6706 = PRODUCT_DEFINITION_SHAPE('Placement','Placement of an item',
  #6707);
#6707 = NEXT_ASSEMBLY_USAGE_OCCURRENCE('34','P34 Foot shoe 315','',#5,
  #6542,$);
#6708 = PRODUCT_RELATED_PRODUCT_CATEGORY('part',$,(#6544));
#6709 = SHAPE_DEFINITION_REPRESENTATION(#6710,#6716);
#6710 = PRODUCT_DEFINITION_SHAPE('','',#6711);
#6711 = PRODUCT_DEFINITION('design','',#6712,#6715);
#6712 = PRODUCT_DEFINITION_FORMATION('','',#6713);
#6713 = PRODUCT('P35 X level 1 beam 1','P35 X level 1 beam 1','',(#6714)
  );
#6714 = PRODUCT_CONTEXT('',#2,'mechanical');
#6715 = PRODUCT_DEFINITION_CONTEXT('part definition',#2,'design');
#6716 = ADVANCED_BREP_SHAPE_REPRESENTATION('',(#11,#6717),#6999);
#6717 = MANIFOLD_SOLID_BREP('',#6718);
#6718 = CLOSED_SHELL('',(#6719,#6759,#6822,#6846,#6902,#6919,#6936,#6953
    ,#6970,#6987));
#6719 = ADVANCED_FACE('',(#6720),#6754,.F.);
#6720 = FACE_BOUND('',#6721,.F.);
#6721 = EDGE_LOOP('',(#6722,#6732,#6740,#6748));
#6722 = ORIENTED_EDGE('',*,*,#6723,.F.);
#6723 = EDGE_CURVE('',#6724,#6726,#6728,.T.);
#6724 = VERTEX_POINT('',#6725);
#6725 = CARTESIAN_POINT('',(-200.1112190757,-214.2533546995,260.));
#6726 = VERTEX_POINT('',#6727);
#6727 = CARTESIAN_POINT('',(-200.1112190757,-214.2533546995,280.));
#6728 = LINE('',#6729,#6730);
#6729 = CARTESIAN_POINT('',(-200.1112190757,-214.2533546995,260.));
#6730 = VECTOR('',#6731,1.);
#6731 = DIRECTION('',(0.,0.,1.));
#6732 = ORIENTED_EDGE('',*,*,#6733,.T.);
#6733 = EDGE_CURVE('',#6724,#6734,#6736,.T.);
#6734 = VERTEX_POINT('',#6735);
#6735 = CARTESIAN_POINT('',(-214.2533546995,-200.1112190757,260.));
#6736 = LINE('',#6737,#6738);
#6737 = CARTESIAN_POINT('',(-200.1112190757,-214.2533546995,260.));
#6738 = VECTOR('',#6739,1.);
#6739 = DIRECTION('',(-0.707106781187,0.707106781187,0.));
#6740 = ORIENTED_EDGE('',*,*,#6741,.T.);
#6741 = EDGE_CURVE('',#6734,#6742,#6744,.T.);
#6742 = VERTEX_POINT('',#6743);
#6743 = CARTESIAN_POINT('',(-214.2533546995,-200.1112190757,280.));
#6744 = LINE('',#6745,#6746);
#6745 = CARTESIAN_POINT('',(-214.2533546995,-200.1112190757,260.));
#6746 = VECTOR('',#6747,1.);
#6747 = DIRECTION('',(0.,0.,1.));
#6748 = ORIENTED_EDGE('',*,*,#6749,.F.);
#6749 = EDGE_CURVE('',#6726,#6742,#6750,.T.);
#6750 = LINE('',#6751,#6752);
#6751 = CARTESIAN_POINT('',(-200.1112190757,-214.2533546995,280.));
#6752 = VECTOR('',#6753,1.);
#6753 = DIRECTION('',(-0.707106781187,0.707106781187,0.));
#6754 = PLANE('',#6755);
#6755 = AXIS2_PLACEMENT_3D('',#6756,#6757,#6758);
#6756 = CARTESIAN_POINT('',(-200.1112190757,-214.2533546995,260.));
#6757 = DIRECTION('',(0.707106781187,0.707106781187,0.));
#6758 = DIRECTION('',(0.,0.,1.));
#6759 = ADVANCED_FACE('',(#6760),#6817,.F.);
#6760 = FACE_BOUND('',#6761,.F.);
#6761 = EDGE_LOOP('',(#6762,#6772,#6778,#6779,#6787,#6795,#6803,#6811));
#6762 = ORIENTED_EDGE('',*,*,#6763,.F.);
#6763 = EDGE_CURVE('',#6764,#6766,#6768,.T.);
#6764 = VERTEX_POINT('',#6765);
#6765 = CARTESIAN_POINT('',(214.25335469952,200.11121907579,260.));
#6766 = VERTEX_POINT('',#6767);
#6767 = CARTESIAN_POINT('',(214.25335469952,200.11121907579,280.));
#6768 = LINE('',#6769,#6770);
#6769 = CARTESIAN_POINT('',(214.25335469952,200.11121907579,260.));
#6770 = VECTOR('',#6771,1.);
#6771 = DIRECTION('',(0.,0.,1.));
#6772 = ORIENTED_EDGE('',*,*,#6773,.F.);
#6773 = EDGE_CURVE('',#6724,#6764,#6774,.T.);
#6774 = LINE('',#6775,#6776);
#6775 = CARTESIAN_POINT('',(-200.1112190757,-214.2533546995,260.));
#6776 = VECTOR('',#6777,1.);
#6777 = DIRECTION('',(0.707106781187,0.707106781187,0.));
#6778 = ORIENTED_EDGE('',*,*,#6723,.T.);
#6779 = ORIENTED_EDGE('',*,*,#6780,.T.);
#6780 = EDGE_CURVE('',#6726,#6781,#6783,.T.);
#6781 = VERTEX_POINT('',#6782);
#6782 = CARTESIAN_POINT('',(-1.110223024625E-15,-14.14213562373,280.));
#6783 = LINE('',#6784,#6785);
#6784 = CARTESIAN_POINT('',(-200.1112190757,-214.2533546995,280.));
#6785 = VECTOR('',#6786,1.);
#6786 = DIRECTION('',(0.707106781187,0.707106781187,0.));
#6787 = ORIENTED_EDGE('',*,*,#6788,.T.);
#6788 = EDGE_CURVE('',#6781,#6789,#6791,.T.);
#6789 = VERTEX_POINT('',#6790);
#6790 = CARTESIAN_POINT('',(-1.110223024625E-15,-14.14213562373,270.));
#6791 = LINE('',#6792,#6793);
#6792 = CARTESIAN_POINT('',(-1.110223024625E-15,-14.14213562373,265.));
#6793 = VECTOR('',#6794,1.);
#6794 = DIRECTION('',(-0.,0.,-1.));
#6795 = ORIENTED_EDGE('',*,*,#6796,.T.);
#6796 = EDGE_CURVE('',#6789,#6797,#6799,.T.);
#6797 = VERTEX_POINT('',#6798);
#6798 = CARTESIAN_POINT('',(14.142135623731,-8.881784197001E-16,270.));
#6799 = LINE('',#6800,#6801);
#6800 = CARTESIAN_POINT('',(-100.0556095378,-114.1977451616,270.));
#6801 = VECTOR('',#6802,1.);
#6802 = DIRECTION('',(0.707106781187,0.707106781187,0.));
#6803 = ORIENTED_EDGE('',*,*,#6804,.F.);
#6804 = EDGE_CURVE('',#6805,#6797,#6807,.T.);
#6805 = VERTEX_POINT('',#6806);
#6806 = CARTESIAN_POINT('',(14.142135623731,-8.881784197001E-16,280.));
#6807 = LINE('',#6808,#6809);
#6808 = CARTESIAN_POINT('',(14.142135623731,-8.881784197001E-16,265.));
#6809 = VECTOR('',#6810,1.);
#6810 = DIRECTION('',(-0.,0.,-1.));
#6811 = ORIENTED_EDGE('',*,*,#6812,.T.);
#6812 = EDGE_CURVE('',#6805,#6766,#6813,.T.);
#6813 = LINE('',#6814,#6815);
#6814 = CARTESIAN_POINT('',(-200.1112190757,-214.2533546995,280.));
#6815 = VECTOR('',#6816,1.);
#6816 = DIRECTION('',(0.707106781187,0.707106781187,0.));
#6817 = PLANE('',#6818);
#6818 = AXIS2_PLACEMENT_3D('',#6819,#6820,#6821);
#6819 = CARTESIAN_POINT('',(-200.1112190757,-214.2533546995,260.));
#6820 = DIRECTION('',(-0.707106781187,0.707106781187,0.));
#6821 = DIRECTION('',(0.,0.,1.));
#6822 = ADVANCED_FACE('',(#6823),#6841,.T.);
#6823 = FACE_BOUND('',#6824,.T.);
#6824 = EDGE_LOOP('',(#6825,#6833,#6834,#6835));
#6825 = ORIENTED_EDGE('',*,*,#6826,.F.);
#6826 = EDGE_CURVE('',#6742,#6827,#6829,.T.);
#6827 = VERTEX_POINT('',#6828);
#6828 = CARTESIAN_POINT('',(-14.14213562373,8.881784197001E-16,280.));
#6829 = LINE('',#6830,#6831);
#6830 = CARTESIAN_POINT('',(-214.2533546995,-200.1112190757,280.));
#6831 = VECTOR('',#6832,1.);
#6832 = DIRECTION('',(0.707106781187,0.707106781187,0.));
#6833 = ORIENTED_EDGE('',*,*,#6749,.F.);
#6834 = ORIENTED_EDGE('',*,*,#6780,.T.);
#6835 = ORIENTED_EDGE('',*,*,#6836,.T.);
#6836 = EDGE_CURVE('',#6781,#6827,#6837,.T.);
#6837 = LINE('',#6838,#6839);
#6838 = CARTESIAN_POINT('',(0.707106781187,-14.84924240491,280.));
#6839 = VECTOR('',#6840,1.);
#6840 = DIRECTION('',(-0.707106781187,0.707106781187,0.));
#6841 = PLANE('',#6842);
#6842 = AXIS2_PLACEMENT_3D('',#6843,#6844,#6845);
#6843 = CARTESIAN_POINT('',(-200.1112190757,-214.2533546995,280.));
#6844 = DIRECTION('',(0.,0.,1.));
#6845 = DIRECTION('',(0.707106781187,0.707106781187,0.));
#6846 = ADVANCED_FACE('',(#6847),#6897,.T.);
#6847 = FACE_BOUND('',#6848,.T.);
#6848 = EDGE_LOOP('',(#6849,#6859,#6865,#6866,#6867,#6875,#6883,#6891));
#6849 = ORIENTED_EDGE('',*,*,#6850,.F.);
#6850 = EDGE_CURVE('',#6851,#6853,#6855,.T.);
#6851 = VERTEX_POINT('',#6852);
#6852 = CARTESIAN_POINT('',(200.11121907579,214.25335469952,260.));
#6853 = VERTEX_POINT('',#6854);
#6854 = CARTESIAN_POINT('',(200.11121907579,214.25335469952,280.));
#6855 = LINE('',#6856,#6857);
#6856 = CARTESIAN_POINT('',(200.11121907579,214.25335469952,260.));
#6857 = VECTOR('',#6858,1.);
#6858 = DIRECTION('',(0.,0.,1.));
#6859 = ORIENTED_EDGE('',*,*,#6860,.F.);
#6860 = EDGE_CURVE('',#6734,#6851,#6861,.T.);
#6861 = LINE('',#6862,#6863);
#6862 = CARTESIAN_POINT('',(-214.2533546995,-200.1112190757,260.));
#6863 = VECTOR('',#6864,1.);
#6864 = DIRECTION('',(0.707106781187,0.707106781187,0.));
#6865 = ORIENTED_EDGE('',*,*,#6741,.T.);
#6866 = ORIENTED_EDGE('',*,*,#6826,.T.);
#6867 = ORIENTED_EDGE('',*,*,#6868,.T.);
#6868 = EDGE_CURVE('',#6827,#6869,#6871,.T.);
#6869 = VERTEX_POINT('',#6870);
#6870 = CARTESIAN_POINT('',(-14.14213562373,8.881784197001E-16,270.));
#6871 = LINE('',#6872,#6873);
#6872 = CARTESIAN_POINT('',(-14.14213562373,8.881784197001E-16,265.));
#6873 = VECTOR('',#6874,1.);
#6874 = DIRECTION('',(-0.,0.,-1.));
#6875 = ORIENTED_EDGE('',*,*,#6876,.T.);
#6876 = EDGE_CURVE('',#6869,#6877,#6879,.T.);
#6877 = VERTEX_POINT('',#6878);
#6878 = CARTESIAN_POINT('',(1.110223024625E-15,14.142135623731,270.));
#6879 = LINE('',#6880,#6881);
#6880 = CARTESIAN_POINT('',(-114.1977451616,-100.0556095378,270.));
#6881 = VECTOR('',#6882,1.);
#6882 = DIRECTION('',(0.707106781187,0.707106781187,0.));
#6883 = ORIENTED_EDGE('',*,*,#6884,.F.);
#6884 = EDGE_CURVE('',#6885,#6877,#6887,.T.);
#6885 = VERTEX_POINT('',#6886);
#6886 = CARTESIAN_POINT('',(1.110223024625E-15,14.142135623731,280.));
#6887 = LINE('',#6888,#6889);
#6888 = CARTESIAN_POINT('',(1.110223024625E-15,14.142135623731,265.));
#6889 = VECTOR('',#6890,1.);
#6890 = DIRECTION('',(-0.,0.,-1.));
#6891 = ORIENTED_EDGE('',*,*,#6892,.T.);
#6892 = EDGE_CURVE('',#6885,#6853,#6893,.T.);
#6893 = LINE('',#6894,#6895);
#6894 = CARTESIAN_POINT('',(-214.2533546995,-200.1112190757,280.));
#6895 = VECTOR('',#6896,1.);
#6896 = DIRECTION('',(0.707106781187,0.707106781187,0.));
#6897 = PLANE('',#6898);
#6898 = AXIS2_PLACEMENT_3D('',#6899,#6900,#6901);
#6899 = CARTESIAN_POINT('',(-214.2533546995,-200.1112190757,260.));
#6900 = DIRECTION('',(-0.707106781187,0.707106781187,0.));
#6901 = DIRECTION('',(0.,0.,1.));
#6902 = ADVANCED_FACE('',(#6903),#6914,.F.);
#6903 = FACE_BOUND('',#6904,.F.);
#6904 = EDGE_LOOP('',(#6905,#6906,#6907,#6913));
#6905 = ORIENTED_EDGE('',*,*,#6733,.F.);
#6906 = ORIENTED_EDGE('',*,*,#6773,.T.);
#6907 = ORIENTED_EDGE('',*,*,#6908,.T.);
#6908 = EDGE_CURVE('',#6764,#6851,#6909,.T.);
#6909 = LINE('',#6910,#6911);
#6910 = CARTESIAN_POINT('',(214.25335469952,200.11121907579,260.));
#6911 = VECTOR('',#6912,1.);
#6912 = DIRECTION('',(-0.707106781187,0.707106781187,0.));
#6913 = ORIENTED_EDGE('',*,*,#6860,.F.);
#6914 = PLANE('',#6915);
#6915 = AXIS2_PLACEMENT_3D('',#6916,#6917,#6918);
#6916 = CARTESIAN_POINT('',(-200.1112190757,-214.2533546995,260.));
#6917 = DIRECTION('',(0.,0.,1.));
#6918 = DIRECTION('',(0.707106781187,0.707106781187,0.));
#6919 = ADVANCED_FACE('',(#6920),#6931,.T.);
#6920 = FACE_BOUND('',#6921,.T.);
#6921 = EDGE_LOOP('',(#6922,#6923,#6924,#6925));
#6922 = ORIENTED_EDGE('',*,*,#6763,.F.);
#6923 = ORIENTED_EDGE('',*,*,#6908,.T.);
#6924 = ORIENTED_EDGE('',*,*,#6850,.T.);
#6925 = ORIENTED_EDGE('',*,*,#6926,.F.);
#6926 = EDGE_CURVE('',#6766,#6853,#6927,.T.);
#6927 = LINE('',#6928,#6929);
#6928 = CARTESIAN_POINT('',(214.25335469952,200.11121907579,280.));
#6929 = VECTOR('',#6930,1.);
#6930 = DIRECTION('',(-0.707106781187,0.707106781187,0.));
#6931 = PLANE('',#6932);
#6932 = AXIS2_PLACEMENT_3D('',#6933,#6934,#6935);
#6933 = CARTESIAN_POINT('',(214.25335469952,200.11121907579,260.));
#6934 = DIRECTION('',(0.707106781187,0.707106781187,0.));
#6935 = DIRECTION('',(0.,0.,1.));
#6936 = ADVANCED_FACE('',(#6937),#6948,.T.);
#6937 = FACE_BOUND('',#6938,.T.);
#6938 = EDGE_LOOP('',(#6939,#6940,#6946,#6947));
#6939 = ORIENTED_EDGE('',*,*,#6892,.F.);
#6940 = ORIENTED_EDGE('',*,*,#6941,.F.);
#6941 = EDGE_CURVE('',#6805,#6885,#6942,.T.);
#6942 = LINE('',#6943,#6944);
#6943 = CARTESIAN_POINT('',(14.849242404917,-0.707106781187,280.));
#6944 = VECTOR('',#6945,1.);
#6945 = DIRECTION('',(-0.707106781187,0.707106781187,0.));
#6946 = ORIENTED_EDGE('',*,*,#6812,.T.);
#6947 = ORIENTED_EDGE('',*,*,#6926,.T.);
#6948 = PLANE('',#6949);
#6949 = AXIS2_PLACEMENT_3D('',#6950,#6951,#6952);
#6950 = CARTESIAN_POINT('',(-200.1112190757,-214.2533546995,280.));
#6951 = DIRECTION('',(0.,0.,1.));
#6952 = DIRECTION('',(0.707106781187,0.707106781187,0.));
#6953 = ADVANCED_FACE('',(#6954),#6965,.F.);
#6954 = FACE_BOUND('',#6955,.F.);
#6955 = EDGE_LOOP('',(#6956,#6957,#6958,#6964));
#6956 = ORIENTED_EDGE('',*,*,#6941,.F.);
#6957 = ORIENTED_EDGE('',*,*,#6804,.T.);
#6958 = ORIENTED_EDGE('',*,*,#6959,.T.);
#6959 = EDGE_CURVE('',#6797,#6877,#6960,.T.);
#6960 = LINE('',#6961,#6962);
#6961 = CARTESIAN_POINT('',(14.849242404917,-0.707106781187,270.));
#6962 = VECTOR('',#6963,1.);
#6963 = DIRECTION('',(-0.707106781187,0.707106781187,0.));
#6964 = ORIENTED_EDGE('',*,*,#6884,.F.);
#6965 = PLANE('',#6966);
#6966 = AXIS2_PLACEMENT_3D('',#6967,#6968,#6969);
#6967 = CARTESIAN_POINT('',(14.849242404917,-0.707106781187,270.));
#6968 = DIRECTION('',(0.707106781187,0.707106781187,0.));
#6969 = DIRECTION('',(0.,0.,1.));
#6970 = ADVANCED_FACE('',(#6971),#6982,.T.);
#6971 = FACE_BOUND('',#6972,.T.);
#6972 = EDGE_LOOP('',(#6973,#6979,#6980,#6981));
#6973 = ORIENTED_EDGE('',*,*,#6974,.F.);
#6974 = EDGE_CURVE('',#6789,#6869,#6975,.T.);
#6975 = LINE('',#6976,#6977);
#6976 = CARTESIAN_POINT('',(0.707106781187,-14.84924240491,270.));
#6977 = VECTOR('',#6978,1.);
#6978 = DIRECTION('',(-0.707106781187,0.707106781187,0.));
#6979 = ORIENTED_EDGE('',*,*,#6796,.T.);
#6980 = ORIENTED_EDGE('',*,*,#6959,.T.);
#6981 = ORIENTED_EDGE('',*,*,#6876,.F.);
#6982 = PLANE('',#6983);
#6983 = AXIS2_PLACEMENT_3D('',#6984,#6985,#6986);
#6984 = CARTESIAN_POINT('',(0.707106781187,-14.84924240491,270.));
#6985 = DIRECTION('',(0.,0.,1.));
#6986 = DIRECTION('',(0.707106781187,0.707106781187,0.));
#6987 = ADVANCED_FACE('',(#6988),#6994,.T.);
#6988 = FACE_BOUND('',#6989,.T.);
#6989 = EDGE_LOOP('',(#6990,#6991,#6992,#6993));
#6990 = ORIENTED_EDGE('',*,*,#6836,.F.);
#6991 = ORIENTED_EDGE('',*,*,#6788,.T.);
#6992 = ORIENTED_EDGE('',*,*,#6974,.T.);
#6993 = ORIENTED_EDGE('',*,*,#6868,.F.);
#6994 = PLANE('',#6995);
#6995 = AXIS2_PLACEMENT_3D('',#6996,#6997,#6998);
#6996 = CARTESIAN_POINT('',(0.707106781187,-14.84924240491,270.));
#6997 = DIRECTION('',(0.707106781187,0.707106781187,0.));
#6998 = DIRECTION('',(0.,0.,1.));
#6999 = ( GEOMETRIC_REPRESENTATION_CONTEXT(3) 
GLOBAL_UNCERTAINTY_ASSIGNED_CONTEXT((#7003)) 
GLOBAL_UNIT_ASSIGNED_CONTEXT((#7000,#7001,#7002)) REPRESENTATION_CONTEXT
('Context #1','3D Context with UNIT and UNCERTAINTY') );
#7000 = ( LENGTH_UNIT() NAMED_UNIT(*) SI_UNIT(.MILLI.,.METRE.) );
#7001 = ( NAMED_UNIT(*) PLANE_ANGLE_UNIT() SI_UNIT($,.RADIAN.) );
#7002 = ( NAMED_UNIT(*) SI_UNIT($,.STERADIAN.) SOLID_ANGLE_UNIT() );
#7003 = UNCERTAINTY_MEASURE_WITH_UNIT(LENGTH_MEASURE(1.E-07),#7000,
  'distance_accuracy_value','confusion accuracy');
#7004 = CONTEXT_DEPENDENT_SHAPE_REPRESENTATION(#7005,#7007);
#7005 = ( REPRESENTATION_RELATIONSHIP('','',#6716,#10) 
REPRESENTATION_RELATIONSHIP_WITH_TRANSFORMATION(#7006) 
SHAPE_REPRESENTATION_RELATIONSHIP() );
#7006 = ITEM_DEFINED_TRANSFORMATION('','',#11,#151);
#7007 = PRODUCT_DEFINITION_SHAPE('Placement','Placement of an item',
  #7008);
#7008 = NEXT_ASSEMBLY_USAGE_OCCURRENCE('35','P35 X level 1 beam 1','',#5
  ,#6711,$);
#7009 = PRODUCT_RELATED_PRODUCT_CATEGORY('part',$,(#6713));
#7010 = SHAPE_DEFINITION_REPRESENTATION(#7011,#7017);
#7011 = PRODUCT_DEFINITION_SHAPE('','',#7012);
#7012 = PRODUCT_DEFINITION('design','',#7013,#7016);
#7013 = PRODUCT_DEFINITION_FORMATION('','',#7014);
#7014 = PRODUCT('P36 X level 1 beam 2','P36 X level 1 beam 2','',(#7015)
  );
#7015 = PRODUCT_CONTEXT('',#2,'mechanical');
#7016 = PRODUCT_DEFINITION_CONTEXT('part definition',#2,'design');
#7017 = ADVANCED_BREP_SHAPE_REPRESENTATION('',(#11,#7018),#7300);
#7018 = MANIFOLD_SOLID_BREP('',#7019);
#7019 = CLOSED_SHELL('',(#7020,#7060,#7123,#7147,#7203,#7220,#7237,#7254
    ,#7271,#7288));
#7020 = ADVANCED_FACE('',(#7021),#7055,.F.);
#7021 = FACE_BOUND('',#7022,.F.);
#7022 = EDGE_LOOP('',(#7023,#7033,#7041,#7049));
#7023 = ORIENTED_EDGE('',*,*,#7024,.F.);
#7024 = EDGE_CURVE('',#7025,#7027,#7029,.T.);
#7025 = VERTEX_POINT('',#7026);
#7026 = CARTESIAN_POINT('',(214.25335469952,-200.1112190757,260.));
#7027 = VERTEX_POINT('',#7028);
#7028 = CARTESIAN_POINT('',(214.25335469952,-200.1112190757,280.));
#7029 = LINE('',#7030,#7031);
#7030 = CARTESIAN_POINT('',(214.25335469952,-200.1112190757,260.));
#7031 = VECTOR('',#7032,1.);
#7032 = DIRECTION('',(0.,0.,1.));
#7033 = ORIENTED_EDGE('',*,*,#7034,.T.);
#7034 = EDGE_CURVE('',#7025,#7035,#7037,.T.);
#7035 = VERTEX_POINT('',#7036);
#7036 = CARTESIAN_POINT('',(200.11121907579,-214.2533546995,260.));
#7037 = LINE('',#7038,#7039);
#7038 = CARTESIAN_POINT('',(214.25335469952,-200.1112190757,260.));
#7039 = VECTOR('',#7040,1.);
#7040 = DIRECTION('',(-0.707106781187,-0.707106781187,0.));
#7041 = ORIENTED_EDGE('',*,*,#7042,.T.);
#7042 = EDGE_CURVE('',#7035,#7043,#7045,.T.);
#7043 = VERTEX_POINT('',#7044);
#7044 = CARTESIAN_POINT('',(200.11121907579,-214.2533546995,280.));
#7045 = LINE('',#7046,#7047);
#7046 = CARTESIAN_POINT('',(200.11121907579,-214.2533546995,260.));
#7047 = VECTOR('',#7048,1.);
#7048 = DIRECTION('',(0.,0.,1.));
#7049 = ORIENTED_EDGE('',*,*,#7050,.F.);
#7050 = EDGE_CURVE('',#7027,#7043,#7051,.T.);
#7051 = LINE('',#7052,#7053);
#7052 = CARTESIAN_POINT('',(214.25335469952,-200.1112190757,280.));
#7053 = VECTOR('',#7054,1.);
#7054 = DIRECTION('',(-0.707106781187,-0.707106781187,0.));
#7055 = PLANE('',#7056);
#7056 = AXIS2_PLACEMENT_3D('',#7057,#7058,#7059);
#7057 = CARTESIAN_POINT('',(214.25335469952,-200.1112190757,260.));
#7058 = DIRECTION('',(-0.707106781187,0.707106781187,0.));
#7059 = DIRECTION('',(0.,0.,1.));
#7060 = ADVANCED_FACE('',(#7061),#7118,.F.);
#7061 = FACE_BOUND('',#7062,.F.);
#7062 = EDGE_LOOP('',(#7063,#7071,#7072,#7080,#7088,#7096,#7104,#7112));
#7063 = ORIENTED_EDGE('',*,*,#7064,.F.);
#7064 = EDGE_CURVE('',#7025,#7065,#7067,.T.);
#7065 = VERTEX_POINT('',#7066);
#7066 = CARTESIAN_POINT('',(14.142135623731,-1.110223024625E-15,260.));
#7067 = LINE('',#7068,#7069);
#7068 = CARTESIAN_POINT('',(214.25335469952,-200.1112190757,260.));
#7069 = VECTOR('',#7070,1.);
#7070 = DIRECTION('',(-0.707106781187,0.707106781187,0.));
#7071 = ORIENTED_EDGE('',*,*,#7024,.T.);
#7072 = ORIENTED_EDGE('',*,*,#7073,.T.);
#7073 = EDGE_CURVE('',#7027,#7074,#7076,.T.);
#7074 = VERTEX_POINT('',#7075);
#7075 = CARTESIAN_POINT('',(-200.1112190757,214.25335469952,280.));
#7076 = LINE('',#7077,#7078);
#7077 = CARTESIAN_POINT('',(214.25335469952,-200.1112190757,280.));
#7078 = VECTOR('',#7079,1.);
#7079 = DIRECTION('',(-0.707106781187,0.707106781187,0.));
#7080 = ORIENTED_EDGE('',*,*,#7081,.F.);
#7081 = EDGE_CURVE('',#7082,#7074,#7084,.T.);
#7082 = VERTEX_POINT('',#7083);
#7083 = CARTESIAN_POINT('',(-200.1112190757,214.25335469952,260.));
#7084 = LINE('',#7085,#7086);
#7085 = CARTESIAN_POINT('',(-200.1112190757,214.25335469952,260.));
#7086 = VECTOR('',#7087,1.);
#7087 = DIRECTION('',(0.,0.,1.));
#7088 = ORIENTED_EDGE('',*,*,#7089,.F.);
#7089 = EDGE_CURVE('',#7090,#7082,#7092,.T.);
#7090 = VERTEX_POINT('',#7091);
#7091 = CARTESIAN_POINT('',(8.881784197001E-16,14.142135623731,260.));
#7092 = LINE('',#7093,#7094);
#7093 = CARTESIAN_POINT('',(214.25335469952,-200.1112190757,260.));
#7094 = VECTOR('',#7095,1.);
#7095 = DIRECTION('',(-0.707106781187,0.707106781187,0.));
#7096 = ORIENTED_EDGE('',*,*,#7097,.F.);
#7097 = EDGE_CURVE('',#7098,#7090,#7100,.T.);
#7098 = VERTEX_POINT('',#7099);
#7099 = CARTESIAN_POINT('',(8.881784197001E-16,14.142135623731,270.));
#7100 = LINE('',#7101,#7102);
#7101 = CARTESIAN_POINT('',(8.881784197001E-16,14.142135623731,260.));
#7102 = VECTOR('',#7103,1.);
#7103 = DIRECTION('',(0.,-0.,-1.));
#7104 = ORIENTED_EDGE('',*,*,#7105,.F.);
#7105 = EDGE_CURVE('',#7106,#7098,#7108,.T.);
#7106 = VERTEX_POINT('',#7107);
#7107 = CARTESIAN_POINT('',(14.142135623731,-1.110223024625E-15,270.));
#7108 = LINE('',#7109,#7110);
#7109 = CARTESIAN_POINT('',(114.19774516162,-100.0556095378,270.));
#7110 = VECTOR('',#7111,1.);
#7111 = DIRECTION('',(-0.707106781187,0.707106781187,0.));
#7112 = ORIENTED_EDGE('',*,*,#7113,.T.);
#7113 = EDGE_CURVE('',#7106,#7065,#7114,.T.);
#7114 = LINE('',#7115,#7116);
#7115 = CARTESIAN_POINT('',(14.142135623731,-1.110223024625E-15,260.));
#7116 = VECTOR('',#7117,1.);
#7117 = DIRECTION('',(0.,-0.,-1.));
#7118 = PLANE('',#7119);
#7119 = AXIS2_PLACEMENT_3D('',#7120,#7121,#7122);
#7120 = CARTESIAN_POINT('',(214.25335469952,-200.1112190757,260.));
#7121 = DIRECTION('',(-0.707106781187,-0.707106781187,0.));
#7122 = DIRECTION('',(0.,0.,1.));
#7123 = ADVANCED_FACE('',(#7124),#7142,.T.);
#7124 = FACE_BOUND('',#7125,.T.);
#7125 = EDGE_LOOP('',(#7126,#7127,#7128,#7136));
#7126 = ORIENTED_EDGE('',*,*,#7050,.F.);
#7127 = ORIENTED_EDGE('',*,*,#7073,.T.);
#7128 = ORIENTED_EDGE('',*,*,#7129,.T.);
#7129 = EDGE_CURVE('',#7074,#7130,#7132,.T.);
#7130 = VERTEX_POINT('',#7131);
#7131 = CARTESIAN_POINT('',(-214.2533546995,200.11121907579,280.));
#7132 = LINE('',#7133,#7134);
#7133 = CARTESIAN_POINT('',(-200.1112190757,214.25335469952,280.));
#7134 = VECTOR('',#7135,1.);
#7135 = DIRECTION('',(-0.707106781187,-0.707106781187,0.));
#7136 = ORIENTED_EDGE('',*,*,#7137,.F.);
#7137 = EDGE_CURVE('',#7043,#7130,#7138,.T.);
#7138 = LINE('',#7139,#7140);
#7139 = CARTESIAN_POINT('',(200.11121907579,-214.2533546995,280.));
#7140 = VECTOR('',#7141,1.);
#7141 = DIRECTION('',(-0.707106781187,0.707106781187,0.));
#7142 = PLANE('',#7143);
#7143 = AXIS2_PLACEMENT_3D('',#7144,#7145,#7146);
#7144 = CARTESIAN_POINT('',(214.25335469952,-200.1112190757,280.));
#7145 = DIRECTION('',(0.,0.,1.));
#7146 = DIRECTION('',(-0.707106781187,0.707106781187,0.));
#7147 = ADVANCED_FACE('',(#7148),#7198,.T.);
#7148 = FACE_BOUND('',#7149,.T.);
#7149 = EDGE_LOOP('',(#7150,#7158,#7159,#7160,#7168,#7176,#7184,#7192));
#7150 = ORIENTED_EDGE('',*,*,#7151,.F.);
#7151 = EDGE_CURVE('',#7035,#7152,#7154,.T.);
#7152 = VERTEX_POINT('',#7153);
#7153 = CARTESIAN_POINT('',(-8.881784197001E-16,-14.14213562373,260.));
#7154 = LINE('',#7155,#7156);
#7155 = CARTESIAN_POINT('',(200.11121907579,-214.2533546995,260.));
#7156 = VECTOR('',#7157,1.);
#7157 = DIRECTION('',(-0.707106781187,0.707106781187,0.));
#7158 = ORIENTED_EDGE('',*,*,#7042,.T.);
#7159 = ORIENTED_EDGE('',*,*,#7137,.T.);
#7160 = ORIENTED_EDGE('',*,*,#7161,.F.);
#7161 = EDGE_CURVE('',#7162,#7130,#7164,.T.);
#7162 = VERTEX_POINT('',#7163);
#7163 = CARTESIAN_POINT('',(-214.2533546995,200.11121907579,260.));
#7164 = LINE('',#7165,#7166);
#7165 = CARTESIAN_POINT('',(-214.2533546995,200.11121907579,260.));
#7166 = VECTOR('',#7167,1.);
#7167 = DIRECTION('',(0.,0.,1.));
#7168 = ORIENTED_EDGE('',*,*,#7169,.F.);
#7169 = EDGE_CURVE('',#7170,#7162,#7172,.T.);
#7170 = VERTEX_POINT('',#7171);
#7171 = CARTESIAN_POINT('',(-14.14213562373,1.110223024625E-15,260.));
#7172 = LINE('',#7173,#7174);
#7173 = CARTESIAN_POINT('',(200.11121907579,-214.2533546995,260.));
#7174 = VECTOR('',#7175,1.);
#7175 = DIRECTION('',(-0.707106781187,0.707106781187,0.));
#7176 = ORIENTED_EDGE('',*,*,#7177,.F.);
#7177 = EDGE_CURVE('',#7178,#7170,#7180,.T.);
#7178 = VERTEX_POINT('',#7179);
#7179 = CARTESIAN_POINT('',(-14.14213562373,1.110223024625E-15,270.));
#7180 = LINE('',#7181,#7182);
#7181 = CARTESIAN_POINT('',(-14.14213562373,1.110223024625E-15,260.));
#7182 = VECTOR('',#7183,1.);
#7183 = DIRECTION('',(0.,-0.,-1.));
#7184 = ORIENTED_EDGE('',*,*,#7185,.F.);
#7185 = EDGE_CURVE('',#7186,#7178,#7188,.T.);
#7186 = VERTEX_POINT('',#7187);
#7187 = CARTESIAN_POINT('',(-8.881784197001E-16,-14.14213562373,270.));
#7188 = LINE('',#7189,#7190);
#7189 = CARTESIAN_POINT('',(100.05560953789,-114.1977451616,270.));
#7190 = VECTOR('',#7191,1.);
#7191 = DIRECTION('',(-0.707106781187,0.707106781187,0.));
#7192 = ORIENTED_EDGE('',*,*,#7193,.T.);
#7193 = EDGE_CURVE('',#7186,#7152,#7194,.T.);
#7194 = LINE('',#7195,#7196);
#7195 = CARTESIAN_POINT('',(-8.881784197001E-16,-14.14213562373,260.));
#7196 = VECTOR('',#7197,1.);
#7197 = DIRECTION('',(0.,-0.,-1.));
#7198 = PLANE('',#7199);
#7199 = AXIS2_PLACEMENT_3D('',#7200,#7201,#7202);
#7200 = CARTESIAN_POINT('',(200.11121907579,-214.2533546995,260.));
#7201 = DIRECTION('',(-0.707106781187,-0.707106781187,0.));
#7202 = DIRECTION('',(0.,0.,1.));
#7203 = ADVANCED_FACE('',(#7204),#7215,.F.);
#7204 = FACE_BOUND('',#7205,.F.);
#7205 = EDGE_LOOP('',(#7206,#7207,#7208,#7209));
#7206 = ORIENTED_EDGE('',*,*,#7151,.F.);
#7207 = ORIENTED_EDGE('',*,*,#7034,.F.);
#7208 = ORIENTED_EDGE('',*,*,#7064,.T.);
#7209 = ORIENTED_EDGE('',*,*,#7210,.T.);
#7210 = EDGE_CURVE('',#7065,#7152,#7211,.T.);
#7211 = LINE('',#7212,#7213);
#7212 = CARTESIAN_POINT('',(14.849242404917,0.707106781187,260.));
#7213 = VECTOR('',#7214,1.);
#7214 = DIRECTION('',(-0.707106781187,-0.707106781187,0.));
#7215 = PLANE('',#7216);
#7216 = AXIS2_PLACEMENT_3D('',#7217,#7218,#7219);
#7217 = CARTESIAN_POINT('',(214.25335469952,-200.1112190757,260.));
#7218 = DIRECTION('',(0.,0.,1.));
#7219 = DIRECTION('',(-0.707106781187,0.707106781187,0.));
#7220 = ADVANCED_FACE('',(#7221),#7232,.T.);
#7221 = FACE_BOUND('',#7222,.T.);
#7222 = EDGE_LOOP('',(#7223,#7229,#7230,#7231));
#7223 = ORIENTED_EDGE('',*,*,#7224,.F.);
#7224 = EDGE_CURVE('',#7106,#7186,#7225,.T.);
#7225 = LINE('',#7226,#7227);
#7226 = CARTESIAN_POINT('',(14.849242404917,0.707106781187,270.));
#7227 = VECTOR('',#7228,1.);
#7228 = DIRECTION('',(-0.707106781187,-0.707106781187,0.));
#7229 = ORIENTED_EDGE('',*,*,#7113,.T.);
#7230 = ORIENTED_EDGE('',*,*,#7210,.T.);
#7231 = ORIENTED_EDGE('',*,*,#7193,.F.);
#7232 = PLANE('',#7233);
#7233 = AXIS2_PLACEMENT_3D('',#7234,#7235,#7236);
#7234 = CARTESIAN_POINT('',(14.849242404917,0.707106781187,260.));
#7235 = DIRECTION('',(-0.707106781187,0.707106781187,0.));
#7236 = DIRECTION('',(0.,0.,1.));
#7237 = ADVANCED_FACE('',(#7238),#7249,.F.);
#7238 = FACE_BOUND('',#7239,.F.);
#7239 = EDGE_LOOP('',(#7240,#7241,#7242,#7248));
#7240 = ORIENTED_EDGE('',*,*,#7224,.F.);
#7241 = ORIENTED_EDGE('',*,*,#7105,.T.);
#7242 = ORIENTED_EDGE('',*,*,#7243,.T.);
#7243 = EDGE_CURVE('',#7098,#7178,#7244,.T.);
#7244 = LINE('',#7245,#7246);
#7245 = CARTESIAN_POINT('',(0.707106781187,14.849242404917,270.));
#7246 = VECTOR('',#7247,1.);
#7247 = DIRECTION('',(-0.707106781187,-0.707106781187,0.));
#7248 = ORIENTED_EDGE('',*,*,#7185,.F.);
#7249 = PLANE('',#7250);
#7250 = AXIS2_PLACEMENT_3D('',#7251,#7252,#7253);
#7251 = CARTESIAN_POINT('',(14.849242404917,0.707106781187,270.));
#7252 = DIRECTION('',(0.,0.,1.));
#7253 = DIRECTION('',(-0.707106781187,0.707106781187,0.));
#7254 = ADVANCED_FACE('',(#7255),#7266,.F.);
#7255 = FACE_BOUND('',#7256,.F.);
#7256 = EDGE_LOOP('',(#7257,#7258,#7259,#7265));
#7257 = ORIENTED_EDGE('',*,*,#7243,.F.);
#7258 = ORIENTED_EDGE('',*,*,#7097,.T.);
#7259 = ORIENTED_EDGE('',*,*,#7260,.T.);
#7260 = EDGE_CURVE('',#7090,#7170,#7261,.T.);
#7261 = LINE('',#7262,#7263);
#7262 = CARTESIAN_POINT('',(0.707106781187,14.849242404917,260.));
#7263 = VECTOR('',#7264,1.);
#7264 = DIRECTION('',(-0.707106781187,-0.707106781187,0.));
#7265 = ORIENTED_EDGE('',*,*,#7177,.F.);
#7266 = PLANE('',#7267);
#7267 = AXIS2_PLACEMENT_3D('',#7268,#7269,#7270);
#7268 = CARTESIAN_POINT('',(0.707106781187,14.849242404917,260.));
#7269 = DIRECTION('',(-0.707106781187,0.707106781187,0.));
#7270 = DIRECTION('',(0.,0.,1.));
#7271 = ADVANCED_FACE('',(#7272),#7283,.F.);
#7272 = FACE_BOUND('',#7273,.F.);
#7273 = EDGE_LOOP('',(#7274,#7275,#7276,#7277));
#7274 = ORIENTED_EDGE('',*,*,#7169,.F.);
#7275 = ORIENTED_EDGE('',*,*,#7260,.F.);
#7276 = ORIENTED_EDGE('',*,*,#7089,.T.);
#7277 = ORIENTED_EDGE('',*,*,#7278,.T.);
#7278 = EDGE_CURVE('',#7082,#7162,#7279,.T.);
#7279 = LINE('',#7280,#7281);
#7280 = CARTESIAN_POINT('',(-200.1112190757,214.25335469952,260.));
#7281 = VECTOR('',#7282,1.);
#7282 = DIRECTION('',(-0.707106781187,-0.707106781187,0.));
#7283 = PLANE('',#7284);
#7284 = AXIS2_PLACEMENT_3D('',#7285,#7286,#7287);
#7285 = CARTESIAN_POINT('',(214.25335469952,-200.1112190757,260.));
#7286 = DIRECTION('',(0.,0.,1.));
#7287 = DIRECTION('',(-0.707106781187,0.707106781187,0.));
#7288 = ADVANCED_FACE('',(#7289),#7295,.T.);
#7289 = FACE_BOUND('',#7290,.T.);
#7290 = EDGE_LOOP('',(#7291,#7292,#7293,#7294));
#7291 = ORIENTED_EDGE('',*,*,#7081,.F.);
#7292 = ORIENTED_EDGE('',*,*,#7278,.T.);
#7293 = ORIENTED_EDGE('',*,*,#7161,.T.);
#7294 = ORIENTED_EDGE('',*,*,#7129,.F.);
#7295 = PLANE('',#7296);
#7296 = AXIS2_PLACEMENT_3D('',#7297,#7298,#7299);
#7297 = CARTESIAN_POINT('',(-200.1112190757,214.25335469952,260.));
#7298 = DIRECTION('',(-0.707106781187,0.707106781187,0.));
#7299 = DIRECTION('',(0.,0.,1.));
#7300 = ( GEOMETRIC_REPRESENTATION_CONTEXT(3) 
GLOBAL_UNCERTAINTY_ASSIGNED_CONTEXT((#7304)) 
GLOBAL_UNIT_ASSIGNED_CONTEXT((#7301,#7302,#7303)) REPRESENTATION_CONTEXT
('Context #1','3D Context with UNIT and UNCERTAINTY') );
#7301 = ( LENGTH_UNIT() NAMED_UNIT(*) SI_UNIT(.MILLI.,.METRE.) );
#7302 = ( NAMED_UNIT(*) PLANE_ANGLE_UNIT() SI_UNIT($,.RADIAN.) );
#7303 = ( NAMED_UNIT(*) SI_UNIT($,.STERADIAN.) SOLID_ANGLE_UNIT() );
#7304 = UNCERTAINTY_MEASURE_WITH_UNIT(LENGTH_MEASURE(1.E-07),#7301,
  'distance_accuracy_value','confusion accuracy');
#7305 = CONTEXT_DEPENDENT_SHAPE_REPRESENTATION(#7306,#7308);
#7306 = ( REPRESENTATION_RELATIONSHIP('','',#7017,#10) 
REPRESENTATION_RELATIONSHIP_WITH_TRANSFORMATION(#7307) 
SHAPE_REPRESENTATION_RELATIONSHIP() );
#7307 = ITEM_DEFINED_TRANSFORMATION('','',#11,#155);
#7308 = PRODUCT_DEFINITION_SHAPE('Placement','Placement of an item',
  #7309);
#7309 = NEXT_ASSEMBLY_USAGE_OCCURRENCE('36','P36 X level 1 beam 2','',#5
  ,#7012,$);
#7310 = PRODUCT_RELATED_PRODUCT_CATEGORY('part',$,(#7014));
#7311 = SHAPE_DEFINITION_REPRESENTATION(#7312,#7318);
#7312 = PRODUCT_DEFINITION_SHAPE('','',#7313);
#7313 = PRODUCT_DEFINITION('design','',#7314,#7317);
#7314 = PRODUCT_DEFINITION_FORMATION('','',#7315);
#7315 = PRODUCT('P37 X level 2 beam 1','P37 X level 2 beam 1','',(#7316)
  );
#7316 = PRODUCT_CONTEXT('',#2,'mechanical');
#7317 = PRODUCT_DEFINITION_CONTEXT('part definition',#2,'design');
#7318 = ADVANCED_BREP_SHAPE_REPRESENTATION('',(#11,#7319),#7601);
#7319 = MANIFOLD_SOLID_BREP('',#7320);
#7320 = CLOSED_SHELL('',(#7321,#7361,#7424,#7448,#7504,#7521,#7538,#7555
    ,#7572,#7589));
#7321 = ADVANCED_FACE('',(#7322),#7356,.F.);
#7322 = FACE_BOUND('',#7323,.F.);
#7323 = EDGE_LOOP('',(#7324,#7334,#7342,#7350));
#7324 = ORIENTED_EDGE('',*,*,#7325,.F.);
#7325 = EDGE_CURVE('',#7326,#7328,#7330,.T.);
#7326 = VERTEX_POINT('',#7327);
#7327 = CARTESIAN_POINT('',(-200.1112190757,-214.2533546995,220.));
#7328 = VERTEX_POINT('',#7329);
#7329 = CARTESIAN_POINT('',(-200.1112190757,-214.2533546995,240.));
#7330 = LINE('',#7331,#7332);
#7331 = CARTESIAN_POINT('',(-200.1112190757,-214.2533546995,220.));
#7332 = VECTOR('',#7333,1.);
#7333 = DIRECTION('',(0.,0.,1.));
#7334 = ORIENTED_EDGE('',*,*,#7335,.T.);
#7335 = EDGE_CURVE('',#7326,#7336,#7338,.T.);
#7336 = VERTEX_POINT('',#7337);
#7337 = CARTESIAN_POINT('',(-214.2533546995,-200.1112190757,220.));
#7338 = LINE('',#7339,#7340);
#7339 = CARTESIAN_POINT('',(-200.1112190757,-214.2533546995,220.));
#7340 = VECTOR('',#7341,1.);
#7341 = DIRECTION('',(-0.707106781187,0.707106781187,0.));
#7342 = ORIENTED_EDGE('',*,*,#7343,.T.);
#7343 = EDGE_CURVE('',#7336,#7344,#7346,.T.);
#7344 = VERTEX_POINT('',#7345);
#7345 = CARTESIAN_POINT('',(-214.2533546995,-200.1112190757,240.));
#7346 = LINE('',#7347,#7348);
#7347 = CARTESIAN_POINT('',(-214.2533546995,-200.1112190757,220.));
#7348 = VECTOR('',#7349,1.);
#7349 = DIRECTION('',(0.,0.,1.));
#7350 = ORIENTED_EDGE('',*,*,#7351,.F.);
#7351 = EDGE_CURVE('',#7328,#7344,#7352,.T.);
#7352 = LINE('',#7353,#7354);
#7353 = CARTESIAN_POINT('',(-200.1112190757,-214.2533546995,240.));
#7354 = VECTOR('',#7355,1.);
#7355 = DIRECTION('',(-0.707106781187,0.707106781187,0.));
#7356 = PLANE('',#7357);
#7357 = AXIS2_PLACEMENT_3D('',#7358,#7359,#7360);
#7358 = CARTESIAN_POINT('',(-200.1112190757,-214.2533546995,220.));
#7359 = DIRECTION('',(0.707106781187,0.707106781187,0.));
#7360 = DIRECTION('',(0.,0.,1.));
#7361 = ADVANCED_FACE('',(#7362),#7419,.F.);
#7362 = FACE_BOUND('',#7363,.F.);
#7363 = EDGE_LOOP('',(#7364,#7374,#7380,#7381,#7389,#7397,#7405,#7413));
#7364 = ORIENTED_EDGE('',*,*,#7365,.F.);
#7365 = EDGE_CURVE('',#7366,#7368,#7370,.T.);
#7366 = VERTEX_POINT('',#7367);
#7367 = CARTESIAN_POINT('',(214.25335469952,200.11121907579,220.));
#7368 = VERTEX_POINT('',#7369);
#7369 = CARTESIAN_POINT('',(214.25335469952,200.11121907579,240.));
#7370 = LINE('',#7371,#7372);
#7371 = CARTESIAN_POINT('',(214.25335469952,200.11121907579,220.));
#7372 = VECTOR('',#7373,1.);
#7373 = DIRECTION('',(0.,0.,1.));
#7374 = ORIENTED_EDGE('',*,*,#7375,.F.);
#7375 = EDGE_CURVE('',#7326,#7366,#7376,.T.);
#7376 = LINE('',#7377,#7378);
#7377 = CARTESIAN_POINT('',(-200.1112190757,-214.2533546995,220.));
#7378 = VECTOR('',#7379,1.);
#7379 = DIRECTION('',(0.707106781187,0.707106781187,0.));
#7380 = ORIENTED_EDGE('',*,*,#7325,.T.);
#7381 = ORIENTED_EDGE('',*,*,#7382,.T.);
#7382 = EDGE_CURVE('',#7328,#7383,#7385,.T.);
#7383 = VERTEX_POINT('',#7384);
#7384 = CARTESIAN_POINT('',(-1.110223024625E-15,-14.14213562373,240.));
#7385 = LINE('',#7386,#7387);
#7386 = CARTESIAN_POINT('',(-200.1112190757,-214.2533546995,240.));
#7387 = VECTOR('',#7388,1.);
#7388 = DIRECTION('',(0.707106781187,0.707106781187,0.));
#7389 = ORIENTED_EDGE('',*,*,#7390,.T.);
#7390 = EDGE_CURVE('',#7383,#7391,#7393,.T.);
#7391 = VERTEX_POINT('',#7392);
#7392 = CARTESIAN_POINT('',(-1.110223024625E-15,-14.14213562373,230.));
#7393 = LINE('',#7394,#7395);
#7394 = CARTESIAN_POINT('',(-1.110223024625E-15,-14.14213562373,225.));
#7395 = VECTOR('',#7396,1.);
#7396 = DIRECTION('',(-0.,0.,-1.));
#7397 = ORIENTED_EDGE('',*,*,#7398,.T.);
#7398 = EDGE_CURVE('',#7391,#7399,#7401,.T.);
#7399 = VERTEX_POINT('',#7400);
#7400 = CARTESIAN_POINT('',(14.142135623731,-8.881784197001E-16,230.));
#7401 = LINE('',#7402,#7403);
#7402 = CARTESIAN_POINT('',(-100.0556095378,-114.1977451616,230.));
#7403 = VECTOR('',#7404,1.);
#7404 = DIRECTION('',(0.707106781187,0.707106781187,0.));
#7405 = ORIENTED_EDGE('',*,*,#7406,.F.);
#7406 = EDGE_CURVE('',#7407,#7399,#7409,.T.);
#7407 = VERTEX_POINT('',#7408);
#7408 = CARTESIAN_POINT('',(14.142135623731,-8.881784197001E-16,240.));
#7409 = LINE('',#7410,#7411);
#7410 = CARTESIAN_POINT('',(14.142135623731,-8.881784197001E-16,225.));
#7411 = VECTOR('',#7412,1.);
#7412 = DIRECTION('',(-0.,0.,-1.));
#7413 = ORIENTED_EDGE('',*,*,#7414,.T.);
#7414 = EDGE_CURVE('',#7407,#7368,#7415,.T.);
#7415 = LINE('',#7416,#7417);
#7416 = CARTESIAN_POINT('',(-200.1112190757,-214.2533546995,240.));
#7417 = VECTOR('',#7418,1.);
#7418 = DIRECTION('',(0.707106781187,0.707106781187,0.));
#7419 = PLANE('',#7420);
#7420 = AXIS2_PLACEMENT_3D('',#7421,#7422,#7423);
#7421 = CARTESIAN_POINT('',(-200.1112190757,-214.2533546995,220.));
#7422 = DIRECTION('',(-0.707106781187,0.707106781187,0.));
#7423 = DIRECTION('',(0.,0.,1.));
#7424 = ADVANCED_FACE('',(#7425),#7443,.T.);
#7425 = FACE_BOUND('',#7426,.T.);
#7426 = EDGE_LOOP('',(#7427,#7435,#7436,#7437));
#7427 = ORIENTED_EDGE('',*,*,#7428,.F.);
#7428 = EDGE_CURVE('',#7344,#7429,#7431,.T.);
#7429 = VERTEX_POINT('',#7430);
#7430 = CARTESIAN_POINT('',(-14.14213562373,8.881784197001E-16,240.));
#7431 = LINE('',#7432,#7433);
#7432 = CARTESIAN_POINT('',(-214.2533546995,-200.1112190757,240.));
#7433 = VECTOR('',#7434,1.);
#7434 = DIRECTION('',(0.707106781187,0.707106781187,0.));
#7435 = ORIENTED_EDGE('',*,*,#7351,.F.);
#7436 = ORIENTED_EDGE('',*,*,#7382,.T.);
#7437 = ORIENTED_EDGE('',*,*,#7438,.T.);
#7438 = EDGE_CURVE('',#7383,#7429,#7439,.T.);
#7439 = LINE('',#7440,#7441);
#7440 = CARTESIAN_POINT('',(0.707106781187,-14.84924240491,240.));
#7441 = VECTOR('',#7442,1.);
#7442 = DIRECTION('',(-0.707106781187,0.707106781187,0.));
#7443 = PLANE('',#7444);
#7444 = AXIS2_PLACEMENT_3D('',#7445,#7446,#7447);
#7445 = CARTESIAN_POINT('',(-200.1112190757,-214.2533546995,240.));
#7446 = DIRECTION('',(0.,0.,1.));
#7447 = DIRECTION('',(0.707106781187,0.707106781187,0.));
#7448 = ADVANCED_FACE('',(#7449),#7499,.T.);
#7449 = FACE_BOUND('',#7450,.T.);
#7450 = EDGE_LOOP('',(#7451,#7461,#7467,#7468,#7469,#7477,#7485,#7493));
#7451 = ORIENTED_EDGE('',*,*,#7452,.F.);
#7452 = EDGE_CURVE('',#7453,#7455,#7457,.T.);
#7453 = VERTEX_POINT('',#7454);
#7454 = CARTESIAN_POINT('',(200.11121907579,214.25335469952,220.));
#7455 = VERTEX_POINT('',#7456);
#7456 = CARTESIAN_POINT('',(200.11121907579,214.25335469952,240.));
#7457 = LINE('',#7458,#7459);
#7458 = CARTESIAN_POINT('',(200.11121907579,214.25335469952,220.));
#7459 = VECTOR('',#7460,1.);
#7460 = DIRECTION('',(0.,0.,1.));
#7461 = ORIENTED_EDGE('',*,*,#7462,.F.);
#7462 = EDGE_CURVE('',#7336,#7453,#7463,.T.);
#7463 = LINE('',#7464,#7465);
#7464 = CARTESIAN_POINT('',(-214.2533546995,-200.1112190757,220.));
#7465 = VECTOR('',#7466,1.);
#7466 = DIRECTION('',(0.707106781187,0.707106781187,0.));
#7467 = ORIENTED_EDGE('',*,*,#7343,.T.);
#7468 = ORIENTED_EDGE('',*,*,#7428,.T.);
#7469 = ORIENTED_EDGE('',*,*,#7470,.T.);
#7470 = EDGE_CURVE('',#7429,#7471,#7473,.T.);
#7471 = VERTEX_POINT('',#7472);
#7472 = CARTESIAN_POINT('',(-14.14213562373,8.881784197001E-16,230.));
#7473 = LINE('',#7474,#7475);
#7474 = CARTESIAN_POINT('',(-14.14213562373,8.881784197001E-16,225.));
#7475 = VECTOR('',#7476,1.);
#7476 = DIRECTION('',(-0.,0.,-1.));
#7477 = ORIENTED_EDGE('',*,*,#7478,.T.);
#7478 = EDGE_CURVE('',#7471,#7479,#7481,.T.);
#7479 = VERTEX_POINT('',#7480);
#7480 = CARTESIAN_POINT('',(1.110223024625E-15,14.142135623731,230.));
#7481 = LINE('',#7482,#7483);
#7482 = CARTESIAN_POINT('',(-114.1977451616,-100.0556095378,230.));
#7483 = VECTOR('',#7484,1.);
#7484 = DIRECTION('',(0.707106781187,0.707106781187,0.));
#7485 = ORIENTED_EDGE('',*,*,#7486,.F.);
#7486 = EDGE_CURVE('',#7487,#7479,#7489,.T.);
#7487 = VERTEX_POINT('',#7488);
#7488 = CARTESIAN_POINT('',(1.110223024625E-15,14.142135623731,240.));
#7489 = LINE('',#7490,#7491);
#7490 = CARTESIAN_POINT('',(1.110223024625E-15,14.142135623731,225.));
#7491 = VECTOR('',#7492,1.);
#7492 = DIRECTION('',(-0.,0.,-1.));
#7493 = ORIENTED_EDGE('',*,*,#7494,.T.);
#7494 = EDGE_CURVE('',#7487,#7455,#7495,.T.);
#7495 = LINE('',#7496,#7497);
#7496 = CARTESIAN_POINT('',(-214.2533546995,-200.1112190757,240.));
#7497 = VECTOR('',#7498,1.);
#7498 = DIRECTION('',(0.707106781187,0.707106781187,0.));
#7499 = PLANE('',#7500);
#7500 = AXIS2_PLACEMENT_3D('',#7501,#7502,#7503);
#7501 = CARTESIAN_POINT('',(-214.2533546995,-200.1112190757,220.));
#7502 = DIRECTION('',(-0.707106781187,0.707106781187,0.));
#7503 = DIRECTION('',(0.,0.,1.));
#7504 = ADVANCED_FACE('',(#7505),#7516,.F.);
#7505 = FACE_BOUND('',#7506,.F.);
#7506 = EDGE_LOOP('',(#7507,#7508,#7509,#7515));
#7507 = ORIENTED_EDGE('',*,*,#7335,.F.);
#7508 = ORIENTED_EDGE('',*,*,#7375,.T.);
#7509 = ORIENTED_EDGE('',*,*,#7510,.T.);
#7510 = EDGE_CURVE('',#7366,#7453,#7511,.T.);
#7511 = LINE('',#7512,#7513);
#7512 = CARTESIAN_POINT('',(214.25335469952,200.11121907579,220.));
#7513 = VECTOR('',#7514,1.);
#7514 = DIRECTION('',(-0.707106781187,0.707106781187,0.));
#7515 = ORIENTED_EDGE('',*,*,#7462,.F.);
#7516 = PLANE('',#7517);
#7517 = AXIS2_PLACEMENT_3D('',#7518,#7519,#7520);
#7518 = CARTESIAN_POINT('',(-200.1112190757,-214.2533546995,220.));
#7519 = DIRECTION('',(0.,0.,1.));
#7520 = DIRECTION('',(0.707106781187,0.707106781187,0.));
#7521 = ADVANCED_FACE('',(#7522),#7533,.T.);
#7522 = FACE_BOUND('',#7523,.T.);
#7523 = EDGE_LOOP('',(#7524,#7525,#7526,#7527));
#7524 = ORIENTED_EDGE('',*,*,#7365,.F.);
#7525 = ORIENTED_EDGE('',*,*,#7510,.T.);
#7526 = ORIENTED_EDGE('',*,*,#7452,.T.);
#7527 = ORIENTED_EDGE('',*,*,#7528,.F.);
#7528 = EDGE_CURVE('',#7368,#7455,#7529,.T.);
#7529 = LINE('',#7530,#7531);
#7530 = CARTESIAN_POINT('',(214.25335469952,200.11121907579,240.));
#7531 = VECTOR('',#7532,1.);
#7532 = DIRECTION('',(-0.707106781187,0.707106781187,0.));
#7533 = PLANE('',#7534);
#7534 = AXIS2_PLACEMENT_3D('',#7535,#7536,#7537);
#7535 = CARTESIAN_POINT('',(214.25335469952,200.11121907579,220.));
#7536 = DIRECTION('',(0.707106781187,0.707106781187,0.));
#7537 = DIRECTION('',(0.,0.,1.));
#7538 = ADVANCED_FACE('',(#7539),#7550,.T.);
#7539 = FACE_BOUND('',#7540,.T.);
#7540 = EDGE_LOOP('',(#7541,#7542,#7548,#7549));
#7541 = ORIENTED_EDGE('',*,*,#7494,.F.);
#7542 = ORIENTED_EDGE('',*,*,#7543,.F.);
#7543 = EDGE_CURVE('',#7407,#7487,#7544,.T.);
#7544 = LINE('',#7545,#7546);
#7545 = CARTESIAN_POINT('',(14.849242404917,-0.707106781187,240.));
#7546 = VECTOR('',#7547,1.);
#7547 = DIRECTION('',(-0.707106781187,0.707106781187,0.));
#7548 = ORIENTED_EDGE('',*,*,#7414,.T.);
#7549 = ORIENTED_EDGE('',*,*,#7528,.T.);
#7550 = PLANE('',#7551);
#7551 = AXIS2_PLACEMENT_3D('',#7552,#7553,#7554);
#7552 = CARTESIAN_POINT('',(-200.1112190757,-214.2533546995,240.));
#7553 = DIRECTION('',(0.,0.,1.));
#7554 = DIRECTION('',(0.707106781187,0.707106781187,0.));
#7555 = ADVANCED_FACE('',(#7556),#7567,.F.);
#7556 = FACE_BOUND('',#7557,.F.);
#7557 = EDGE_LOOP('',(#7558,#7559,#7560,#7566));
#7558 = ORIENTED_EDGE('',*,*,#7543,.F.);
#7559 = ORIENTED_EDGE('',*,*,#7406,.T.);
#7560 = ORIENTED_EDGE('',*,*,#7561,.T.);
#7561 = EDGE_CURVE('',#7399,#7479,#7562,.T.);
#7562 = LINE('',#7563,#7564);
#7563 = CARTESIAN_POINT('',(14.849242404917,-0.707106781187,230.));
#7564 = VECTOR('',#7565,1.);
#7565 = DIRECTION('',(-0.707106781187,0.707106781187,0.));
#7566 = ORIENTED_EDGE('',*,*,#7486,.F.);
#7567 = PLANE('',#7568);
#7568 = AXIS2_PLACEMENT_3D('',#7569,#7570,#7571);
#7569 = CARTESIAN_POINT('',(14.849242404917,-0.707106781187,230.));
#7570 = DIRECTION('',(0.707106781187,0.707106781187,0.));
#7571 = DIRECTION('',(0.,0.,1.));
#7572 = ADVANCED_FACE('',(#7573),#7584,.T.);
#7573 = FACE_BOUND('',#7574,.T.);
#7574 = EDGE_LOOP('',(#7575,#7581,#7582,#7583));
#7575 = ORIENTED_EDGE('',*,*,#7576,.F.);
#7576 = EDGE_CURVE('',#7391,#7471,#7577,.T.);
#7577 = LINE('',#7578,#7579);
#7578 = CARTESIAN_POINT('',(0.707106781187,-14.84924240491,230.));
#7579 = VECTOR('',#7580,1.);
#7580 = DIRECTION('',(-0.707106781187,0.707106781187,0.));
#7581 = ORIENTED_EDGE('',*,*,#7398,.T.);
#7582 = ORIENTED_EDGE('',*,*,#7561,.T.);
#7583 = ORIENTED_EDGE('',*,*,#7478,.F.);
#7584 = PLANE('',#7585);
#7585 = AXIS2_PLACEMENT_3D('',#7586,#7587,#7588);
#7586 = CARTESIAN_POINT('',(0.707106781187,-14.84924240491,230.));
#7587 = DIRECTION('',(0.,0.,1.));
#7588 = DIRECTION('',(0.707106781187,0.707106781187,0.));
#7589 = ADVANCED_FACE('',(#7590),#7596,.T.);
#7590 = FACE_BOUND('',#7591,.T.);
#7591 = EDGE_LOOP('',(#7592,#7593,#7594,#7595));
#7592 = ORIENTED_EDGE('',*,*,#7438,.F.);
#7593 = ORIENTED_EDGE('',*,*,#7390,.T.);
#7594 = ORIENTED_EDGE('',*,*,#7576,.T.);
#7595 = ORIENTED_EDGE('',*,*,#7470,.F.);
#7596 = PLANE('',#7597);
#7597 = AXIS2_PLACEMENT_3D('',#7598,#7599,#7600);
#7598 = CARTESIAN_POINT('',(0.707106781187,-14.84924240491,230.));
#7599 = DIRECTION('',(0.707106781187,0.707106781187,0.));
#7600 = DIRECTION('',(0.,0.,1.));
#7601 = ( GEOMETRIC_REPRESENTATION_CONTEXT(3) 
GLOBAL_UNCERTAINTY_ASSIGNED_CONTEXT((#7605)) 
GLOBAL_UNIT_ASSIGNED_CONTEXT((#7602,#7603,#7604)) REPRESENTATION_CONTEXT
('Context #1','3D Context with UNIT and UNCERTAINTY') );
#7602 = ( LENGTH_UNIT() NAMED_UNIT(*) SI_UNIT(.MILLI.,.METRE.) );
#7603 = ( NAMED_UNIT(*) PLANE_ANGLE_UNIT() SI_UNIT($,.RADIAN.) );
#7604 = ( NAMED_UNIT(*) SI_UNIT($,.STERADIAN.) SOLID_ANGLE_UNIT() );
#7605 = UNCERTAINTY_MEASURE_WITH_UNIT(LENGTH_MEASURE(1.E-07),#7602,
  'distance_accuracy_value','confusion accuracy');
#7606 = CONTEXT_DEPENDENT_SHAPE_REPRESENTATION(#7607,#7609);
#7607 = ( REPRESENTATION_RELATIONSHIP('','',#7318,#10) 
REPRESENTATION_RELATIONSHIP_WITH_TRANSFORMATION(#7608) 
SHAPE_REPRESENTATION_RELATIONSHIP() );
#7608 = ITEM_DEFINED_TRANSFORMATION('','',#11,#159);
#7609 = PRODUCT_DEFINITION_SHAPE('Placement','Placement of an item',
  #7610);
#7610 = NEXT_ASSEMBLY_USAGE_OCCURRENCE('37','P37 X level 2 beam 1','',#5
  ,#7313,$);
#7611 = PRODUCT_RELATED_PRODUCT_CATEGORY('part',$,(#7315));
#7612 = SHAPE_DEFINITION_REPRESENTATION(#7613,#7619);
#7613 = PRODUCT_DEFINITION_SHAPE('','',#7614);
#7614 = PRODUCT_DEFINITION('design','',#7615,#7618);
#7615 = PRODUCT_DEFINITION_FORMATION('','',#7616);
#7616 = PRODUCT('P38 X level 2 beam 2','P38 X level 2 beam 2','',(#7617)
  );
#7617 = PRODUCT_CONTEXT('',#2,'mechanical');
#7618 = PRODUCT_DEFINITION_CONTEXT('part definition',#2,'design');
#7619 = ADVANCED_BREP_SHAPE_REPRESENTATION('',(#11,#7620),#7902);
#7620 = MANIFOLD_SOLID_BREP('',#7621);
#7621 = CLOSED_SHELL('',(#7622,#7662,#7725,#7749,#7805,#7822,#7839,#7856
    ,#7873,#7890));
#7622 = ADVANCED_FACE('',(#7623),#7657,.F.);
#7623 = FACE_BOUND('',#7624,.F.);
#7624 = EDGE_LOOP('',(#7625,#7635,#7643,#7651));
#7625 = ORIENTED_EDGE('',*,*,#7626,.F.);
#7626 = EDGE_CURVE('',#7627,#7629,#7631,.T.);
#7627 = VERTEX_POINT('',#7628);
#7628 = CARTESIAN_POINT('',(214.25335469952,-200.1112190757,220.));
#7629 = VERTEX_POINT('',#7630);
#7630 = CARTESIAN_POINT('',(214.25335469952,-200.1112190757,240.));
#7631 = LINE('',#7632,#7633);
#7632 = CARTESIAN_POINT('',(214.25335469952,-200.1112190757,220.));
#7633 = VECTOR('',#7634,1.);
#7634 = DIRECTION('',(0.,0.,1.));
#7635 = ORIENTED_EDGE('',*,*,#7636,.T.);
#7636 = EDGE_CURVE('',#7627,#7637,#7639,.T.);
#7637 = VERTEX_POINT('',#7638);
#7638 = CARTESIAN_POINT('',(200.11121907579,-214.2533546995,220.));
#7639 = LINE('',#7640,#7641);
#7640 = CARTESIAN_POINT('',(214.25335469952,-200.1112190757,220.));
#7641 = VECTOR('',#7642,1.);
#7642 = DIRECTION('',(-0.707106781187,-0.707106781187,0.));
#7643 = ORIENTED_EDGE('',*,*,#7644,.T.);
#7644 = EDGE_CURVE('',#7637,#7645,#7647,.T.);
#7645 = VERTEX_POINT('',#7646);
#7646 = CARTESIAN_POINT('',(200.11121907579,-214.2533546995,240.));
#7647 = LINE('',#7648,#7649);
#7648 = CARTESIAN_POINT('',(200.11121907579,-214.2533546995,220.));
#7649 = VECTOR('',#7650,1.);
#7650 = DIRECTION('',(0.,0.,1.));
#7651 = ORIENTED_EDGE('',*,*,#7652,.F.);
#7652 = EDGE_CURVE('',#7629,#7645,#7653,.T.);
#7653 = LINE('',#7654,#7655);
#7654 = CARTESIAN_POINT('',(214.25335469952,-200.1112190757,240.));
#7655 = VECTOR('',#7656,1.);
#7656 = DIRECTION('',(-0.707106781187,-0.707106781187,0.));
#7657 = PLANE('',#7658);
#7658 = AXIS2_PLACEMENT_3D('',#7659,#7660,#7661);
#7659 = CARTESIAN_POINT('',(214.25335469952,-200.1112190757,220.));
#7660 = DIRECTION('',(-0.707106781187,0.707106781187,0.));
#7661 = DIRECTION('',(0.,0.,1.));
#7662 = ADVANCED_FACE('',(#7663),#7720,.F.);
#7663 = FACE_BOUND('',#7664,.F.);
#7664 = EDGE_LOOP('',(#7665,#7673,#7674,#7682,#7690,#7698,#7706,#7714));
#7665 = ORIENTED_EDGE('',*,*,#7666,.F.);
#7666 = EDGE_CURVE('',#7627,#7667,#7669,.T.);
#7667 = VERTEX_POINT('',#7668);
#7668 = CARTESIAN_POINT('',(14.142135623731,-1.110223024625E-15,220.));
#7669 = LINE('',#7670,#7671);
#7670 = CARTESIAN_POINT('',(214.25335469952,-200.1112190757,220.));
#7671 = VECTOR('',#7672,1.);
#7672 = DIRECTION('',(-0.707106781187,0.707106781187,0.));
#7673 = ORIENTED_EDGE('',*,*,#7626,.T.);
#7674 = ORIENTED_EDGE('',*,*,#7675,.T.);
#7675 = EDGE_CURVE('',#7629,#7676,#7678,.T.);
#7676 = VERTEX_POINT('',#7677);
#7677 = CARTESIAN_POINT('',(-200.1112190757,214.25335469952,240.));
#7678 = LINE('',#7679,#7680);
#7679 = CARTESIAN_POINT('',(214.25335469952,-200.1112190757,240.));
#7680 = VECTOR('',#7681,1.);
#7681 = DIRECTION('',(-0.707106781187,0.707106781187,0.));
#7682 = ORIENTED_EDGE('',*,*,#7683,.F.);
#7683 = EDGE_CURVE('',#7684,#7676,#7686,.T.);
#7684 = VERTEX_POINT('',#7685);
#7685 = CARTESIAN_POINT('',(-200.1112190757,214.25335469952,220.));
#7686 = LINE('',#7687,#7688);
#7687 = CARTESIAN_POINT('',(-200.1112190757,214.25335469952,220.));
#7688 = VECTOR('',#7689,1.);
#7689 = DIRECTION('',(0.,0.,1.));
#7690 = ORIENTED_EDGE('',*,*,#7691,.F.);
#7691 = EDGE_CURVE('',#7692,#7684,#7694,.T.);
#7692 = VERTEX_POINT('',#7693);
#7693 = CARTESIAN_POINT('',(8.881784197001E-16,14.142135623731,220.));
#7694 = LINE('',#7695,#7696);
#7695 = CARTESIAN_POINT('',(214.25335469952,-200.1112190757,220.));
#7696 = VECTOR('',#7697,1.);
#7697 = DIRECTION('',(-0.707106781187,0.707106781187,0.));
#7698 = ORIENTED_EDGE('',*,*,#7699,.F.);
#7699 = EDGE_CURVE('',#7700,#7692,#7702,.T.);
#7700 = VERTEX_POINT('',#7701);
#7701 = CARTESIAN_POINT('',(8.881784197001E-16,14.142135623731,230.));
#7702 = LINE('',#7703,#7704);
#7703 = CARTESIAN_POINT('',(8.881784197001E-16,14.142135623731,220.));
#7704 = VECTOR('',#7705,1.);
#7705 = DIRECTION('',(0.,-0.,-1.));
#7706 = ORIENTED_EDGE('',*,*,#7707,.F.);
#7707 = EDGE_CURVE('',#7708,#7700,#7710,.T.);
#7708 = VERTEX_POINT('',#7709);
#7709 = CARTESIAN_POINT('',(14.142135623731,-1.110223024625E-15,230.));
#7710 = LINE('',#7711,#7712);
#7711 = CARTESIAN_POINT('',(114.19774516162,-100.0556095378,230.));
#7712 = VECTOR('',#7713,1.);
#7713 = DIRECTION('',(-0.707106781187,0.707106781187,0.));
#7714 = ORIENTED_EDGE('',*,*,#7715,.T.);
#7715 = EDGE_CURVE('',#7708,#7667,#7716,.T.);
#7716 = LINE('',#7717,#7718);
#7717 = CARTESIAN_POINT('',(14.142135623731,-1.110223024625E-15,220.));
#7718 = VECTOR('',#7719,1.);
#7719 = DIRECTION('',(0.,-0.,-1.));
#7720 = PLANE('',#7721);
#7721 = AXIS2_PLACEMENT_3D('',#7722,#7723,#7724);
#7722 = CARTESIAN_POINT('',(214.25335469952,-200.1112190757,220.));
#7723 = DIRECTION('',(-0.707106781187,-0.707106781187,0.));
#7724 = DIRECTION('',(0.,0.,1.));
#7725 = ADVANCED_FACE('',(#7726),#7744,.T.);
#7726 = FACE_BOUND('',#7727,.T.);
#7727 = EDGE_LOOP('',(#7728,#7729,#7730,#7738));
#7728 = ORIENTED_EDGE('',*,*,#7652,.F.);
#7729 = ORIENTED_EDGE('',*,*,#7675,.T.);
#7730 = ORIENTED_EDGE('',*,*,#7731,.T.);
#7731 = EDGE_CURVE('',#7676,#7732,#7734,.T.);
#7732 = VERTEX_POINT('',#7733);
#7733 = CARTESIAN_POINT('',(-214.2533546995,200.11121907579,240.));
#7734 = LINE('',#7735,#7736);
#7735 = CARTESIAN_POINT('',(-200.1112190757,214.25335469952,240.));
#7736 = VECTOR('',#7737,1.);
#7737 = DIRECTION('',(-0.707106781187,-0.707106781187,0.));
#7738 = ORIENTED_EDGE('',*,*,#7739,.F.);
#7739 = EDGE_CURVE('',#7645,#7732,#7740,.T.);
#7740 = LINE('',#7741,#7742);
#7741 = CARTESIAN_POINT('',(200.11121907579,-214.2533546995,240.));
#7742 = VECTOR('',#7743,1.);
#7743 = DIRECTION('',(-0.707106781187,0.707106781187,0.));
#7744 = PLANE('',#7745);
#7745 = AXIS2_PLACEMENT_3D('',#7746,#7747,#7748);
#7746 = CARTESIAN_POINT('',(214.25335469952,-200.1112190757,240.));
#7747 = DIRECTION('',(0.,0.,1.));
#7748 = DIRECTION('',(-0.707106781187,0.707106781187,0.));
#7749 = ADVANCED_FACE('',(#7750),#7800,.T.);
#7750 = FACE_BOUND('',#7751,.T.);
#7751 = EDGE_LOOP('',(#7752,#7760,#7761,#7762,#7770,#7778,#7786,#7794));
#7752 = ORIENTED_EDGE('',*,*,#7753,.F.);
#7753 = EDGE_CURVE('',#7637,#7754,#7756,.T.);
#7754 = VERTEX_POINT('',#7755);
#7755 = CARTESIAN_POINT('',(-8.881784197001E-16,-14.14213562373,220.));
#7756 = LINE('',#7757,#7758);
#7757 = CARTESIAN_POINT('',(200.11121907579,-214.2533546995,220.));
#7758 = VECTOR('',#7759,1.);
#7759 = DIRECTION('',(-0.707106781187,0.707106781187,0.));
#7760 = ORIENTED_EDGE('',*,*,#7644,.T.);
#7761 = ORIENTED_EDGE('',*,*,#7739,.T.);
#7762 = ORIENTED_EDGE('',*,*,#7763,.F.);
#7763 = EDGE_CURVE('',#7764,#7732,#7766,.T.);
#7764 = VERTEX_POINT('',#7765);
#7765 = CARTESIAN_POINT('',(-214.2533546995,200.11121907579,220.));
#7766 = LINE('',#7767,#7768);
#7767 = CARTESIAN_POINT('',(-214.2533546995,200.11121907579,220.));
#7768 = VECTOR('',#7769,1.);
#7769 = DIRECTION('',(0.,0.,1.));
#7770 = ORIENTED_EDGE('',*,*,#7771,.F.);
#7771 = EDGE_CURVE('',#7772,#7764,#7774,.T.);
#7772 = VERTEX_POINT('',#7773);
#7773 = CARTESIAN_POINT('',(-14.14213562373,1.110223024625E-15,220.));
#7774 = LINE('',#7775,#7776);
#7775 = CARTESIAN_POINT('',(200.11121907579,-214.2533546995,220.));
#7776 = VECTOR('',#7777,1.);
#7777 = DIRECTION('',(-0.707106781187,0.707106781187,0.));
#7778 = ORIENTED_EDGE('',*,*,#7779,.F.);
#7779 = EDGE_CURVE('',#7780,#7772,#7782,.T.);
#7780 = VERTEX_POINT('',#7781);
#7781 = CARTESIAN_POINT('',(-14.14213562373,1.110223024625E-15,230.));
#7782 = LINE('',#7783,#7784);
#7783 = CARTESIAN_POINT('',(-14.14213562373,1.110223024625E-15,220.));
#7784 = VECTOR('',#7785,1.);
#7785 = DIRECTION('',(0.,-0.,-1.));
#7786 = ORIENTED_EDGE('',*,*,#7787,.F.);
#7787 = EDGE_CURVE('',#7788,#7780,#7790,.T.);
#7788 = VERTEX_POINT('',#7789);
#7789 = CARTESIAN_POINT('',(-8.881784197001E-16,-14.14213562373,230.));
#7790 = LINE('',#7791,#7792);
#7791 = CARTESIAN_POINT('',(100.05560953789,-114.1977451616,230.));
#7792 = VECTOR('',#7793,1.);
#7793 = DIRECTION('',(-0.707106781187,0.707106781187,0.));
#7794 = ORIENTED_EDGE('',*,*,#7795,.T.);
#7795 = EDGE_CURVE('',#7788,#7754,#7796,.T.);
#7796 = LINE('',#7797,#7798);
#7797 = CARTESIAN_POINT('',(-8.881784197001E-16,-14.14213562373,220.));
#7798 = VECTOR('',#7799,1.);
#7799 = DIRECTION('',(0.,-0.,-1.));
#7800 = PLANE('',#7801);
#7801 = AXIS2_PLACEMENT_3D('',#7802,#7803,#7804);
#7802 = CARTESIAN_POINT('',(200.11121907579,-214.2533546995,220.));
#7803 = DIRECTION('',(-0.707106781187,-0.707106781187,0.));
#7804 = DIRECTION('',(0.,0.,1.));
#7805 = ADVANCED_FACE('',(#7806),#7817,.F.);
#7806 = FACE_BOUND('',#7807,.F.);
#7807 = EDGE_LOOP('',(#7808,#7809,#7810,#7811));
#7808 = ORIENTED_EDGE('',*,*,#7753,.F.);
#7809 = ORIENTED_EDGE('',*,*,#7636,.F.);
#7810 = ORIENTED_EDGE('',*,*,#7666,.T.);
#7811 = ORIENTED_EDGE('',*,*,#7812,.T.);
#7812 = EDGE_CURVE('',#7667,#7754,#7813,.T.);
#7813 = LINE('',#7814,#7815);
#7814 = CARTESIAN_POINT('',(14.849242404917,0.707106781187,220.));
#7815 = VECTOR('',#7816,1.);
#7816 = DIRECTION('',(-0.707106781187,-0.707106781187,0.));
#7817 = PLANE('',#7818);
#7818 = AXIS2_PLACEMENT_3D('',#7819,#7820,#7821);
#7819 = CARTESIAN_POINT('',(214.25335469952,-200.1112190757,220.));
#7820 = DIRECTION('',(0.,0.,1.));
#7821 = DIRECTION('',(-0.707106781187,0.707106781187,0.));
#7822 = ADVANCED_FACE('',(#7823),#7834,.T.);
#7823 = FACE_BOUND('',#7824,.T.);
#7824 = EDGE_LOOP('',(#7825,#7831,#7832,#7833));
#7825 = ORIENTED_EDGE('',*,*,#7826,.F.);
#7826 = EDGE_CURVE('',#7708,#7788,#7827,.T.);
#7827 = LINE('',#7828,#7829);
#7828 = CARTESIAN_POINT('',(14.849242404917,0.707106781187,230.));
#7829 = VECTOR('',#7830,1.);
#7830 = DIRECTION('',(-0.707106781187,-0.707106781187,0.));
#7831 = ORIENTED_EDGE('',*,*,#7715,.T.);
#7832 = ORIENTED_EDGE('',*,*,#7812,.T.);
#7833 = ORIENTED_EDGE('',*,*,#7795,.F.);
#7834 = PLANE('',#7835);
#7835 = AXIS2_PLACEMENT_3D('',#7836,#7837,#7838);
#7836 = CARTESIAN_POINT('',(14.849242404917,0.707106781187,220.));
#7837 = DIRECTION('',(-0.707106781187,0.707106781187,0.));
#7838 = DIRECTION('',(0.,0.,1.));
#7839 = ADVANCED_FACE('',(#7840),#7851,.F.);
#7840 = FACE_BOUND('',#7841,.F.);
#7841 = EDGE_LOOP('',(#7842,#7843,#7844,#7850));
#7842 = ORIENTED_EDGE('',*,*,#7826,.F.);
#7843 = ORIENTED_EDGE('',*,*,#7707,.T.);
#7844 = ORIENTED_EDGE('',*,*,#7845,.T.);
#7845 = EDGE_CURVE('',#7700,#7780,#7846,.T.);
#7846 = LINE('',#7847,#7848);
#7847 = CARTESIAN_POINT('',(0.707106781187,14.849242404917,230.));
#7848 = VECTOR('',#7849,1.);
#7849 = DIRECTION('',(-0.707106781187,-0.707106781187,0.));
#7850 = ORIENTED_EDGE('',*,*,#7787,.F.);
#7851 = PLANE('',#7852);
#7852 = AXIS2_PLACEMENT_3D('',#7853,#7854,#7855);
#7853 = CARTESIAN_POINT('',(14.849242404917,0.707106781187,230.));
#7854 = DIRECTION('',(0.,0.,1.));
#7855 = DIRECTION('',(-0.707106781187,0.707106781187,0.));
#7856 = ADVANCED_FACE('',(#7857),#7868,.F.);
#7857 = FACE_BOUND('',#7858,.F.);
#7858 = EDGE_LOOP('',(#7859,#7860,#7861,#7867));
#7859 = ORIENTED_EDGE('',*,*,#7845,.F.);
#7860 = ORIENTED_EDGE('',*,*,#7699,.T.);
#7861 = ORIENTED_EDGE('',*,*,#7862,.T.);
#7862 = EDGE_CURVE('',#7692,#7772,#7863,.T.);
#7863 = LINE('',#7864,#7865);
#7864 = CARTESIAN_POINT('',(0.707106781187,14.849242404917,220.));
#7865 = VECTOR('',#7866,1.);
#7866 = DIRECTION('',(-0.707106781187,-0.707106781187,0.));
#7867 = ORIENTED_EDGE('',*,*,#7779,.F.);
#7868 = PLANE('',#7869);
#7869 = AXIS2_PLACEMENT_3D('',#7870,#7871,#7872);
#7870 = CARTESIAN_POINT('',(0.707106781187,14.849242404917,220.));
#7871 = DIRECTION('',(-0.707106781187,0.707106781187,0.));
#7872 = DIRECTION('',(0.,0.,1.));
#7873 = ADVANCED_FACE('',(#7874),#7885,.F.);
#7874 = FACE_BOUND('',#7875,.F.);
#7875 = EDGE_LOOP('',(#7876,#7877,#7878,#7879));
#7876 = ORIENTED_EDGE('',*,*,#7771,.F.);
#7877 = ORIENTED_EDGE('',*,*,#7862,.F.);
#7878 = ORIENTED_EDGE('',*,*,#7691,.T.);
#7879 = ORIENTED_EDGE('',*,*,#7880,.T.);
#7880 = EDGE_CURVE('',#7684,#7764,#7881,.T.);
#7881 = LINE('',#7882,#7883);
#7882 = CARTESIAN_POINT('',(-200.1112190757,214.25335469952,220.));
#7883 = VECTOR('',#7884,1.);
#7884 = DIRECTION('',(-0.707106781187,-0.707106781187,0.));
#7885 = PLANE('',#7886);
#7886 = AXIS2_PLACEMENT_3D('',#7887,#7888,#7889);
#7887 = CARTESIAN_POINT('',(214.25335469952,-200.1112190757,220.));
#7888 = DIRECTION('',(0.,0.,1.));
#7889 = DIRECTION('',(-0.707106781187,0.707106781187,0.));
#7890 = ADVANCED_FACE('',(#7891),#7897,.T.);
#7891 = FACE_BOUND('',#7892,.T.);
#7892 = EDGE_LOOP('',(#7893,#7894,#7895,#7896));
#7893 = ORIENTED_EDGE('',*,*,#7683,.F.);
#7894 = ORIENTED_EDGE('',*,*,#7880,.T.);
#7895 = ORIENTED_EDGE('',*,*,#7763,.T.);
#7896 = ORIENTED_EDGE('',*,*,#7731,.F.);
#7897 = PLANE('',#7898);
#7898 = AXIS2_PLACEMENT_3D('',#7899,#7900,#7901);
#7899 = CARTESIAN_POINT('',(-200.1112190757,214.25335469952,220.));
#7900 = DIRECTION('',(-0.707106781187,0.707106781187,0.));
#7901 = DIRECTION('',(0.,0.,1.));
#7902 = ( GEOMETRIC_REPRESENTATION_CONTEXT(3) 
GLOBAL_UNCERTAINTY_ASSIGNED_CONTEXT((#7906)) 
GLOBAL_UNIT_ASSIGNED_CONTEXT((#7903,#7904,#7905)) REPRESENTATION_CONTEXT
('Context #1','3D Context with UNIT and UNCERTAINTY') );
#7903 = ( LENGTH_UNIT() NAMED_UNIT(*) SI_UNIT(.MILLI.,.METRE.) );
#7904 = ( NAMED_UNIT(*) PLANE_ANGLE_UNIT() SI_UNIT($,.RADIAN.) );
#7905 = ( NAMED_UNIT(*) SI_UNIT($,.STERADIAN.) SOLID_ANGLE_UNIT() );
#7906 = UNCERTAINTY_MEASURE_WITH_UNIT(LENGTH_MEASURE(1.E-07),#7903,
  'distance_accuracy_value','confusion accuracy');
#7907 = CONTEXT_DEPENDENT_SHAPE_REPRESENTATION(#7908,#7910);
#7908 = ( REPRESENTATION_RELATIONSHIP('','',#7619,#10) 
REPRESENTATION_RELATIONSHIP_WITH_TRANSFORMATION(#7909) 
SHAPE_REPRESENTATION_RELATIONSHIP() );
#7909 = ITEM_DEFINED_TRANSFORMATION('','',#11,#163);
#7910 = PRODUCT_DEFINITION_SHAPE('Placement','Placement of an item',
  #7911);
#7911 = NEXT_ASSEMBLY_USAGE_OCCURRENCE('38','P38 X level 2 beam 2','',#5
  ,#7614,$);
#7912 = PRODUCT_RELATED_PRODUCT_CATEGORY('part',$,(#7616));
#7913 = SHAPE_DEFINITION_REPRESENTATION(#7914,#7920);
#7914 = PRODUCT_DEFINITION_SHAPE('','',#7915);
#7915 = PRODUCT_DEFINITION('design','',#7916,#7919);
#7916 = PRODUCT_DEFINITION_FORMATION('','',#7917);
#7917 = PRODUCT('P39 X level 3 beam 1','P39 X level 3 beam 1','',(#7918)
  );
#7918 = PRODUCT_CONTEXT('',#2,'mechanical');
#7919 = PRODUCT_DEFINITION_CONTEXT('part definition',#2,'design');
#7920 = ADVANCED_BREP_SHAPE_REPRESENTATION('',(#11,#7921),#8203);
#7921 = MANIFOLD_SOLID_BREP('',#7922);
#7922 = CLOSED_SHELL('',(#7923,#7963,#8026,#8050,#8106,#8123,#8140,#8157
    ,#8174,#8191));
#7923 = ADVANCED_FACE('',(#7924),#7958,.F.);
#7924 = FACE_BOUND('',#7925,.F.);
#7925 = EDGE_LOOP('',(#7926,#7936,#7944,#7952));
#7926 = ORIENTED_EDGE('',*,*,#7927,.F.);
#7927 = EDGE_CURVE('',#7928,#7930,#7932,.T.);
#7928 = VERTEX_POINT('',#7929);
#7929 = CARTESIAN_POINT('',(-200.1112190757,-214.2533546995,180.));
#7930 = VERTEX_POINT('',#7931);
#7931 = CARTESIAN_POINT('',(-200.1112190757,-214.2533546995,200.));
#7932 = LINE('',#7933,#7934);
#7933 = CARTESIAN_POINT('',(-200.1112190757,-214.2533546995,180.));
#7934 = VECTOR('',#7935,1.);
#7935 = DIRECTION('',(0.,0.,1.));
#7936 = ORIENTED_EDGE('',*,*,#7937,.T.);
#7937 = EDGE_CURVE('',#7928,#7938,#7940,.T.);
#7938 = VERTEX_POINT('',#7939);
#7939 = CARTESIAN_POINT('',(-214.2533546995,-200.1112190757,180.));
#7940 = LINE('',#7941,#7942);
#7941 = CARTESIAN_POINT('',(-200.1112190757,-214.2533546995,180.));
#7942 = VECTOR('',#7943,1.);
#7943 = DIRECTION('',(-0.707106781187,0.707106781187,0.));
#7944 = ORIENTED_EDGE('',*,*,#7945,.T.);
#7945 = EDGE_CURVE('',#7938,#7946,#7948,.T.);
#7946 = VERTEX_POINT('',#7947);
#7947 = CARTESIAN_POINT('',(-214.2533546995,-200.1112190757,200.));
#7948 = LINE('',#7949,#7950);
#7949 = CARTESIAN_POINT('',(-214.2533546995,-200.1112190757,180.));
#7950 = VECTOR('',#7951,1.);
#7951 = DIRECTION('',(0.,0.,1.));
#7952 = ORIENTED_EDGE('',*,*,#7953,.F.);
#7953 = EDGE_CURVE('',#7930,#7946,#7954,.T.);
#7954 = LINE('',#7955,#7956);
#7955 = CARTESIAN_POINT('',(-200.1112190757,-214.2533546995,200.));
#7956 = VECTOR('',#7957,1.);
#7957 = DIRECTION('',(-0.707106781187,0.707106781187,0.));
#7958 = PLANE('',#7959);
#7959 = AXIS2_PLACEMENT_3D('',#7960,#7961,#7962);
#7960 = CARTESIAN_POINT('',(-200.1112190757,-214.2533546995,180.));
#7961 = DIRECTION('',(0.707106781187,0.707106781187,0.));
#7962 = DIRECTION('',(0.,0.,1.));
#7963 = ADVANCED_FACE('',(#7964),#8021,.F.);
#7964 = FACE_BOUND('',#7965,.F.);
#7965 = EDGE_LOOP('',(#7966,#7976,#7982,#7983,#7991,#7999,#8007,#8015));
#7966 = ORIENTED_EDGE('',*,*,#7967,.F.);
#7967 = EDGE_CURVE('',#7968,#7970,#7972,.T.);
#7968 = VERTEX_POINT('',#7969);
#7969 = CARTESIAN_POINT('',(214.25335469952,200.11121907579,180.));
#7970 = VERTEX_POINT('',#7971);
#7971 = CARTESIAN_POINT('',(214.25335469952,200.11121907579,200.));
#7972 = LINE('',#7973,#7974);
#7973 = CARTESIAN_POINT('',(214.25335469952,200.11121907579,180.));
#7974 = VECTOR('',#7975,1.);
#7975 = DIRECTION('',(0.,0.,1.));
#7976 = ORIENTED_EDGE('',*,*,#7977,.F.);
#7977 = EDGE_CURVE('',#7928,#7968,#7978,.T.);
#7978 = LINE('',#7979,#7980);
#7979 = CARTESIAN_POINT('',(-200.1112190757,-214.2533546995,180.));
#7980 = VECTOR('',#7981,1.);
#7981 = DIRECTION('',(0.707106781187,0.707106781187,0.));
#7982 = ORIENTED_EDGE('',*,*,#7927,.T.);
#7983 = ORIENTED_EDGE('',*,*,#7984,.T.);
#7984 = EDGE_CURVE('',#7930,#7985,#7987,.T.);
#7985 = VERTEX_POINT('',#7986);
#7986 = CARTESIAN_POINT('',(-1.110223024625E-15,-14.14213562373,200.));
#7987 = LINE('',#7988,#7989);
#7988 = CARTESIAN_POINT('',(-200.1112190757,-214.2533546995,200.));
#7989 = VECTOR('',#7990,1.);
#7990 = DIRECTION('',(0.707106781187,0.707106781187,0.));
#7991 = ORIENTED_EDGE('',*,*,#7992,.T.);
#7992 = EDGE_CURVE('',#7985,#7993,#7995,.T.);
#7993 = VERTEX_POINT('',#7994);
#7994 = CARTESIAN_POINT('',(-1.110223024625E-15,-14.14213562373,190.));
#7995 = LINE('',#7996,#7997);
#7996 = CARTESIAN_POINT('',(-1.110223024625E-15,-14.14213562373,185.));
#7997 = VECTOR('',#7998,1.);
#7998 = DIRECTION('',(-0.,0.,-1.));
#7999 = ORIENTED_EDGE('',*,*,#8000,.T.);
#8000 = EDGE_CURVE('',#7993,#8001,#8003,.T.);
#8001 = VERTEX_POINT('',#8002);
#8002 = CARTESIAN_POINT('',(14.142135623731,-8.881784197001E-16,190.));
#8003 = LINE('',#8004,#8005);
#8004 = CARTESIAN_POINT('',(-100.0556095378,-114.1977451616,190.));
#8005 = VECTOR('',#8006,1.);
#8006 = DIRECTION('',(0.707106781187,0.707106781187,0.));
#8007 = ORIENTED_EDGE('',*,*,#8008,.F.);
#8008 = EDGE_CURVE('',#8009,#8001,#8011,.T.);
#8009 = VERTEX_POINT('',#8010);
#8010 = CARTESIAN_POINT('',(14.142135623731,-8.881784197001E-16,200.));
#8011 = LINE('',#8012,#8013);
#8012 = CARTESIAN_POINT('',(14.142135623731,-8.881784197001E-16,185.));
#8013 = VECTOR('',#8014,1.);
#8014 = DIRECTION('',(-0.,0.,-1.));
#8015 = ORIENTED_EDGE('',*,*,#8016,.T.);
#8016 = EDGE_CURVE('',#8009,#7970,#8017,.T.);
#8017 = LINE('',#8018,#8019);
#8018 = CARTESIAN_POINT('',(-200.1112190757,-214.2533546995,200.));
#8019 = VECTOR('',#8020,1.);
#8020 = DIRECTION('',(0.707106781187,0.707106781187,0.));
#8021 = PLANE('',#8022);
#8022 = AXIS2_PLACEMENT_3D('',#8023,#8024,#8025);
#8023 = CARTESIAN_POINT('',(-200.1112190757,-214.2533546995,180.));
#8024 = DIRECTION('',(-0.707106781187,0.707106781187,0.));
#8025 = DIRECTION('',(0.,0.,1.));
#8026 = ADVANCED_FACE('',(#8027),#8045,.T.);
#8027 = FACE_BOUND('',#8028,.T.);
#8028 = EDGE_LOOP('',(#8029,#8037,#8038,#8039));
#8029 = ORIENTED_EDGE('',*,*,#8030,.F.);
#8030 = EDGE_CURVE('',#7946,#8031,#8033,.T.);
#8031 = VERTEX_POINT('',#8032);
#8032 = CARTESIAN_POINT('',(-14.14213562373,8.881784197001E-16,200.));
#8033 = LINE('',#8034,#8035);
#8034 = CARTESIAN_POINT('',(-214.2533546995,-200.1112190757,200.));
#8035 = VECTOR('',#8036,1.);
#8036 = DIRECTION('',(0.707106781187,0.707106781187,0.));
#8037 = ORIENTED_EDGE('',*,*,#7953,.F.);
#8038 = ORIENTED_EDGE('',*,*,#7984,.T.);
#8039 = ORIENTED_EDGE('',*,*,#8040,.T.);
#8040 = EDGE_CURVE('',#7985,#8031,#8041,.T.);
#8041 = LINE('',#8042,#8043);
#8042 = CARTESIAN_POINT('',(0.707106781187,-14.84924240491,200.));
#8043 = VECTOR('',#8044,1.);
#8044 = DIRECTION('',(-0.707106781187,0.707106781187,0.));
#8045 = PLANE('',#8046);
#8046 = AXIS2_PLACEMENT_3D('',#8047,#8048,#8049);
#8047 = CARTESIAN_POINT('',(-200.1112190757,-214.2533546995,200.));
#8048 = DIRECTION('',(0.,0.,1.));
#8049 = DIRECTION('',(0.707106781187,0.707106781187,0.));
#8050 = ADVANCED_FACE('',(#8051),#8101,.T.);
#8051 = FACE_BOUND('',#8052,.T.);
#8052 = EDGE_LOOP('',(#8053,#8063,#8069,#8070,#8071,#8079,#8087,#8095));
#8053 = ORIENTED_EDGE('',*,*,#8054,.F.);
#8054 = EDGE_CURVE('',#8055,#8057,#8059,.T.);
#8055 = VERTEX_POINT('',#8056);
#8056 = CARTESIAN_POINT('',(200.11121907579,214.25335469952,180.));
#8057 = VERTEX_POINT('',#8058);
#8058 = CARTESIAN_POINT('',(200.11121907579,214.25335469952,200.));
#8059 = LINE('',#8060,#8061);
#8060 = CARTESIAN_POINT('',(200.11121907579,214.25335469952,180.));
#8061 = VECTOR('',#8062,1.);
#8062 = DIRECTION('',(0.,0.,1.));
#8063 = ORIENTED_EDGE('',*,*,#8064,.F.);
#8064 = EDGE_CURVE('',#7938,#8055,#8065,.T.);
#8065 = LINE('',#8066,#8067);
#8066 = CARTESIAN_POINT('',(-214.2533546995,-200.1112190757,180.));
#8067 = VECTOR('',#8068,1.);
#8068 = DIRECTION('',(0.707106781187,0.707106781187,0.));
#8069 = ORIENTED_EDGE('',*,*,#7945,.T.);
#8070 = ORIENTED_EDGE('',*,*,#8030,.T.);
#8071 = ORIENTED_EDGE('',*,*,#8072,.T.);
#8072 = EDGE_CURVE('',#8031,#8073,#8075,.T.);
#8073 = VERTEX_POINT('',#8074);
#8074 = CARTESIAN_POINT('',(-14.14213562373,8.881784197001E-16,190.));
#8075 = LINE('',#8076,#8077);
#8076 = CARTESIAN_POINT('',(-14.14213562373,8.881784197001E-16,185.));
#8077 = VECTOR('',#8078,1.);
#8078 = DIRECTION('',(-0.,0.,-1.));
#8079 = ORIENTED_EDGE('',*,*,#8080,.T.);
#8080 = EDGE_CURVE('',#8073,#8081,#8083,.T.);
#8081 = VERTEX_POINT('',#8082);
#8082 = CARTESIAN_POINT('',(1.110223024625E-15,14.142135623731,190.));
#8083 = LINE('',#8084,#8085);
#8084 = CARTESIAN_POINT('',(-114.1977451616,-100.0556095378,190.));
#8085 = VECTOR('',#8086,1.);
#8086 = DIRECTION('',(0.707106781187,0.707106781187,0.));
#8087 = ORIENTED_EDGE('',*,*,#8088,.F.);
#8088 = EDGE_CURVE('',#8089,#8081,#8091,.T.);
#8089 = VERTEX_POINT('',#8090);
#8090 = CARTESIAN_POINT('',(1.110223024625E-15,14.142135623731,200.));
#8091 = LINE('',#8092,#8093);
#8092 = CARTESIAN_POINT('',(1.110223024625E-15,14.142135623731,185.));
#8093 = VECTOR('',#8094,1.);
#8094 = DIRECTION('',(-0.,0.,-1.));
#8095 = ORIENTED_EDGE('',*,*,#8096,.T.);
#8096 = EDGE_CURVE('',#8089,#8057,#8097,.T.);
#8097 = LINE('',#8098,#8099);
#8098 = CARTESIAN_POINT('',(-214.2533546995,-200.1112190757,200.));
#8099 = VECTOR('',#8100,1.);
#8100 = DIRECTION('',(0.707106781187,0.707106781187,0.));
#8101 = PLANE('',#8102);
#8102 = AXIS2_PLACEMENT_3D('',#8103,#8104,#8105);
#8103 = CARTESIAN_POINT('',(-214.2533546995,-200.1112190757,180.));
#8104 = DIRECTION('',(-0.707106781187,0.707106781187,0.));
#8105 = DIRECTION('',(0.,0.,1.));
#8106 = ADVANCED_FACE('',(#8107),#8118,.F.);
#8107 = FACE_BOUND('',#8108,.F.);
#8108 = EDGE_LOOP('',(#8109,#8110,#8111,#8117));
#8109 = ORIENTED_EDGE('',*,*,#7937,.F.);
#8110 = ORIENTED_EDGE('',*,*,#7977,.T.);
#8111 = ORIENTED_EDGE('',*,*,#8112,.T.);
#8112 = EDGE_CURVE('',#7968,#8055,#8113,.T.);
#8113 = LINE('',#8114,#8115);
#8114 = CARTESIAN_POINT('',(214.25335469952,200.11121907579,180.));
#8115 = VECTOR('',#8116,1.);
#8116 = DIRECTION('',(-0.707106781187,0.707106781187,0.));
#8117 = ORIENTED_EDGE('',*,*,#8064,.F.);
#8118 = PLANE('',#8119);
#8119 = AXIS2_PLACEMENT_3D('',#8120,#8121,#8122);
#8120 = CARTESIAN_POINT('',(-200.1112190757,-214.2533546995,180.));
#8121 = DIRECTION('',(0.,0.,1.));
#8122 = DIRECTION('',(0.707106781187,0.707106781187,0.));
#8123 = ADVANCED_FACE('',(#8124),#8135,.T.);
#8124 = FACE_BOUND('',#8125,.T.);
#8125 = EDGE_LOOP('',(#8126,#8127,#8128,#8129));
#8126 = ORIENTED_EDGE('',*,*,#7967,.F.);
#8127 = ORIENTED_EDGE('',*,*,#8112,.T.);
#8128 = ORIENTED_EDGE('',*,*,#8054,.T.);
#8129 = ORIENTED_EDGE('',*,*,#8130,.F.);
#8130 = EDGE_CURVE('',#7970,#8057,#8131,.T.);
#8131 = LINE('',#8132,#8133);
#8132 = CARTESIAN_POINT('',(214.25335469952,200.11121907579,200.));
#8133 = VECTOR('',#8134,1.);
#8134 = DIRECTION('',(-0.707106781187,0.707106781187,0.));
#8135 = PLANE('',#8136);
#8136 = AXIS2_PLACEMENT_3D('',#8137,#8138,#8139);
#8137 = CARTESIAN_POINT('',(214.25335469952,200.11121907579,180.));
#8138 = DIRECTION('',(0.707106781187,0.707106781187,0.));
#8139 = DIRECTION('',(0.,0.,1.));
#8140 = ADVANCED_FACE('',(#8141),#8152,.T.);
#8141 = FACE_BOUND('',#8142,.T.);
#8142 = EDGE_LOOP('',(#8143,#8144,#8150,#8151));
#8143 = ORIENTED_EDGE('',*,*,#8096,.F.);
#8144 = ORIENTED_EDGE('',*,*,#8145,.F.);
#8145 = EDGE_CURVE('',#8009,#8089,#8146,.T.);
#8146 = LINE('',#8147,#8148);
#8147 = CARTESIAN_POINT('',(14.849242404917,-0.707106781187,200.));
#8148 = VECTOR('',#8149,1.);
#8149 = DIRECTION('',(-0.707106781187,0.707106781187,0.));
#8150 = ORIENTED_EDGE('',*,*,#8016,.T.);
#8151 = ORIENTED_EDGE('',*,*,#8130,.T.);
#8152 = PLANE('',#8153);
#8153 = AXIS2_PLACEMENT_3D('',#8154,#8155,#8156);
#8154 = CARTESIAN_POINT('',(-200.1112190757,-214.2533546995,200.));
#8155 = DIRECTION('',(0.,0.,1.));
#8156 = DIRECTION('',(0.707106781187,0.707106781187,0.));
#8157 = ADVANCED_FACE('',(#8158),#8169,.F.);
#8158 = FACE_BOUND('',#8159,.F.);
#8159 = EDGE_LOOP('',(#8160,#8161,#8162,#8168));
#8160 = ORIENTED_EDGE('',*,*,#8145,.F.);
#8161 = ORIENTED_EDGE('',*,*,#8008,.T.);
#8162 = ORIENTED_EDGE('',*,*,#8163,.T.);
#8163 = EDGE_CURVE('',#8001,#8081,#8164,.T.);
#8164 = LINE('',#8165,#8166);
#8165 = CARTESIAN_POINT('',(14.849242404917,-0.707106781187,190.));
#8166 = VECTOR('',#8167,1.);
#8167 = DIRECTION('',(-0.707106781187,0.707106781187,0.));
#8168 = ORIENTED_EDGE('',*,*,#8088,.F.);
#8169 = PLANE('',#8170);
#8170 = AXIS2_PLACEMENT_3D('',#8171,#8172,#8173);
#8171 = CARTESIAN_POINT('',(14.849242404917,-0.707106781187,190.));
#8172 = DIRECTION('',(0.707106781187,0.707106781187,0.));
#8173 = DIRECTION('',(0.,0.,1.));
#8174 = ADVANCED_FACE('',(#8175),#8186,.T.);
#8175 = FACE_BOUND('',#8176,.T.);
#8176 = EDGE_LOOP('',(#8177,#8183,#8184,#8185));
#8177 = ORIENTED_EDGE('',*,*,#8178,.F.);
#8178 = EDGE_CURVE('',#7993,#8073,#8179,.T.);
#8179 = LINE('',#8180,#8181);
#8180 = CARTESIAN_POINT('',(0.707106781187,-14.84924240491,190.));
#8181 = VECTOR('',#8182,1.);
#8182 = DIRECTION('',(-0.707106781187,0.707106781187,0.));
#8183 = ORIENTED_EDGE('',*,*,#8000,.T.);
#8184 = ORIENTED_EDGE('',*,*,#8163,.T.);
#8185 = ORIENTED_EDGE('',*,*,#8080,.F.);
#8186 = PLANE('',#8187);
#8187 = AXIS2_PLACEMENT_3D('',#8188,#8189,#8190);
#8188 = CARTESIAN_POINT('',(0.707106781187,-14.84924240491,190.));
#8189 = DIRECTION('',(0.,0.,1.));
#8190 = DIRECTION('',(0.707106781187,0.707106781187,0.));
#8191 = ADVANCED_FACE('',(#8192),#8198,.T.);
#8192 = FACE_BOUND('',#8193,.T.);
#8193 = EDGE_LOOP('',(#8194,#8195,#8196,#8197));
#8194 = ORIENTED_EDGE('',*,*,#8040,.F.);
#8195 = ORIENTED_EDGE('',*,*,#7992,.T.);
#8196 = ORIENTED_EDGE('',*,*,#8178,.T.);
#8197 = ORIENTED_EDGE('',*,*,#8072,.F.);
#8198 = PLANE('',#8199);
#8199 = AXIS2_PLACEMENT_3D('',#8200,#8201,#8202);
#8200 = CARTESIAN_POINT('',(0.707106781187,-14.84924240491,190.));
#8201 = DIRECTION('',(0.707106781187,0.707106781187,0.));
#8202 = DIRECTION('',(0.,0.,1.));
#8203 = ( GEOMETRIC_REPRESENTATION_CONTEXT(3) 
GLOBAL_UNCERTAINTY_ASSIGNED_CONTEXT((#8207)) 
GLOBAL_UNIT_ASSIGNED_CONTEXT((#8204,#8205,#8206)) REPRESENTATION_CONTEXT
('Context #1','3D Context with UNIT and UNCERTAINTY') );
#8204 = ( LENGTH_UNIT() NAMED_UNIT(*) SI_UNIT(.MILLI.,.METRE.) );
#8205 = ( NAMED_UNIT(*) PLANE_ANGLE_UNIT() SI_UNIT($,.RADIAN.) );
#8206 = ( NAMED_UNIT(*) SI_UNIT($,.STERADIAN.) SOLID_ANGLE_UNIT() );
#8207 = UNCERTAINTY_MEASURE_WITH_UNIT(LENGTH_MEASURE(1.E-07),#8204,
  'distance_accuracy_value','confusion accuracy');
#8208 = CONTEXT_DEPENDENT_SHAPE_REPRESENTATION(#8209,#8211);
#8209 = ( REPRESENTATION_RELATIONSHIP('','',#7920,#10) 
REPRESENTATION_RELATIONSHIP_WITH_TRANSFORMATION(#8210) 
SHAPE_REPRESENTATION_RELATIONSHIP() );
#8210 = ITEM_DEFINED_TRANSFORMATION('','',#11,#167);
#8211 = PRODUCT_DEFINITION_SHAPE('Placement','Placement of an item',
  #8212);
#8212 = NEXT_ASSEMBLY_USAGE_OCCURRENCE('39','P39 X level 3 beam 1','',#5
  ,#7915,$);
#8213 = PRODUCT_RELATED_PRODUCT_CATEGORY('part',$,(#7917));
#8214 = SHAPE_DEFINITION_REPRESENTATION(#8215,#8221);
#8215 = PRODUCT_DEFINITION_SHAPE('','',#8216);
#8216 = PRODUCT_DEFINITION('design','',#8217,#8220);
#8217 = PRODUCT_DEFINITION_FORMATION('','',#8218);
#8218 = PRODUCT('P40 X level 3 beam 2','P40 X level 3 beam 2','',(#8219)
  );
#8219 = PRODUCT_CONTEXT('',#2,'mechanical');
#8220 = PRODUCT_DEFINITION_CONTEXT('part definition',#2,'design');
#8221 = ADVANCED_BREP_SHAPE_REPRESENTATION('',(#11,#8222),#8504);
#8222 = MANIFOLD_SOLID_BREP('',#8223);
#8223 = CLOSED_SHELL('',(#8224,#8264,#8327,#8351,#8407,#8424,#8441,#8458
    ,#8475,#8492));
#8224 = ADVANCED_FACE('',(#8225),#8259,.F.);
#8225 = FACE_BOUND('',#8226,.F.);
#8226 = EDGE_LOOP('',(#8227,#8237,#8245,#8253));
#8227 = ORIENTED_EDGE('',*,*,#8228,.F.);
#8228 = EDGE_CURVE('',#8229,#8231,#8233,.T.);
#8229 = VERTEX_POINT('',#8230);
#8230 = CARTESIAN_POINT('',(214.25335469952,-200.1112190757,180.));
#8231 = VERTEX_POINT('',#8232);
#8232 = CARTESIAN_POINT('',(214.25335469952,-200.1112190757,200.));
#8233 = LINE('',#8234,#8235);
#8234 = CARTESIAN_POINT('',(214.25335469952,-200.1112190757,180.));
#8235 = VECTOR('',#8236,1.);
#8236 = DIRECTION('',(0.,0.,1.));
#8237 = ORIENTED_EDGE('',*,*,#8238,.T.);
#8238 = EDGE_CURVE('',#8229,#8239,#8241,.T.);
#8239 = VERTEX_POINT('',#8240);
#8240 = CARTESIAN_POINT('',(200.11121907579,-214.2533546995,180.));
#8241 = LINE('',#8242,#8243);
#8242 = CARTESIAN_POINT('',(214.25335469952,-200.1112190757,180.));
#8243 = VECTOR('',#8244,1.);
#8244 = DIRECTION('',(-0.707106781187,-0.707106781187,0.));
#8245 = ORIENTED_EDGE('',*,*,#8246,.T.);
#8246 = EDGE_CURVE('',#8239,#8247,#8249,.T.);
#8247 = VERTEX_POINT('',#8248);
#8248 = CARTESIAN_POINT('',(200.11121907579,-214.2533546995,200.));
#8249 = LINE('',#8250,#8251);
#8250 = CARTESIAN_POINT('',(200.11121907579,-214.2533546995,180.));
#8251 = VECTOR('',#8252,1.);
#8252 = DIRECTION('',(0.,0.,1.));
#8253 = ORIENTED_EDGE('',*,*,#8254,.F.);
#8254 = EDGE_CURVE('',#8231,#8247,#8255,.T.);
#8255 = LINE('',#8256,#8257);
#8256 = CARTESIAN_POINT('',(214.25335469952,-200.1112190757,200.));
#8257 = VECTOR('',#8258,1.);
#8258 = DIRECTION('',(-0.707106781187,-0.707106781187,0.));
#8259 = PLANE('',#8260);
#8260 = AXIS2_PLACEMENT_3D('',#8261,#8262,#8263);
#8261 = CARTESIAN_POINT('',(214.25335469952,-200.1112190757,180.));
#8262 = DIRECTION('',(-0.707106781187,0.707106781187,0.));
#8263 = DIRECTION('',(0.,0.,1.));
#8264 = ADVANCED_FACE('',(#8265),#8322,.F.);
#8265 = FACE_BOUND('',#8266,.F.);
#8266 = EDGE_LOOP('',(#8267,#8275,#8276,#8284,#8292,#8300,#8308,#8316));
#8267 = ORIENTED_EDGE('',*,*,#8268,.F.);
#8268 = EDGE_CURVE('',#8229,#8269,#8271,.T.);
#8269 = VERTEX_POINT('',#8270);
#8270 = CARTESIAN_POINT('',(14.142135623731,-1.110223024625E-15,180.));
#8271 = LINE('',#8272,#8273);
#8272 = CARTESIAN_POINT('',(214.25335469952,-200.1112190757,180.));
#8273 = VECTOR('',#8274,1.);
#8274 = DIRECTION('',(-0.707106781187,0.707106781187,0.));
#8275 = ORIENTED_EDGE('',*,*,#8228,.T.);
#8276 = ORIENTED_EDGE('',*,*,#8277,.T.);
#8277 = EDGE_CURVE('',#8231,#8278,#8280,.T.);
#8278 = VERTEX_POINT('',#8279);
#8279 = CARTESIAN_POINT('',(-200.1112190757,214.25335469952,200.));
#8280 = LINE('',#8281,#8282);
#8281 = CARTESIAN_POINT('',(214.25335469952,-200.1112190757,200.));
#8282 = VECTOR('',#8283,1.);
#8283 = DIRECTION('',(-0.707106781187,0.707106781187,0.));
#8284 = ORIENTED_EDGE('',*,*,#8285,.F.);
#8285 = EDGE_CURVE('',#8286,#8278,#8288,.T.);
#8286 = VERTEX_POINT('',#8287);
#8287 = CARTESIAN_POINT('',(-200.1112190757,214.25335469952,180.));
#8288 = LINE('',#8289,#8290);
#8289 = CARTESIAN_POINT('',(-200.1112190757,214.25335469952,180.));
#8290 = VECTOR('',#8291,1.);
#8291 = DIRECTION('',(0.,0.,1.));
#8292 = ORIENTED_EDGE('',*,*,#8293,.F.);
#8293 = EDGE_CURVE('',#8294,#8286,#8296,.T.);
#8294 = VERTEX_POINT('',#8295);
#8295 = CARTESIAN_POINT('',(8.881784197001E-16,14.142135623731,180.));
#8296 = LINE('',#8297,#8298);
#8297 = CARTESIAN_POINT('',(214.25335469952,-200.1112190757,180.));
#8298 = VECTOR('',#8299,1.);
#8299 = DIRECTION('',(-0.707106781187,0.707106781187,0.));
#8300 = ORIENTED_EDGE('',*,*,#8301,.F.);
#8301 = EDGE_CURVE('',#8302,#8294,#8304,.T.);
#8302 = VERTEX_POINT('',#8303);
#8303 = CARTESIAN_POINT('',(8.881784197001E-16,14.142135623731,190.));
#8304 = LINE('',#8305,#8306);
#8305 = CARTESIAN_POINT('',(8.881784197001E-16,14.142135623731,180.));
#8306 = VECTOR('',#8307,1.);
#8307 = DIRECTION('',(0.,-0.,-1.));
#8308 = ORIENTED_EDGE('',*,*,#8309,.F.);
#8309 = EDGE_CURVE('',#8310,#8302,#8312,.T.);
#8310 = VERTEX_POINT('',#8311);
#8311 = CARTESIAN_POINT('',(14.142135623731,-1.110223024625E-15,190.));
#8312 = LINE('',#8313,#8314);
#8313 = CARTESIAN_POINT('',(114.19774516162,-100.0556095378,190.));
#8314 = VECTOR('',#8315,1.);
#8315 = DIRECTION('',(-0.707106781187,0.707106781187,0.));
#8316 = ORIENTED_EDGE('',*,*,#8317,.T.);
#8317 = EDGE_CURVE('',#8310,#8269,#8318,.T.);
#8318 = LINE('',#8319,#8320);
#8319 = CARTESIAN_POINT('',(14.142135623731,-1.110223024625E-15,180.));
#8320 = VECTOR('',#8321,1.);
#8321 = DIRECTION('',(0.,-0.,-1.));
#8322 = PLANE('',#8323);
#8323 = AXIS2_PLACEMENT_3D('',#8324,#8325,#8326);
#8324 = CARTESIAN_POINT('',(214.25335469952,-200.1112190757,180.));
#8325 = DIRECTION('',(-0.707106781187,-0.707106781187,0.));
#8326 = DIRECTION('',(0.,0.,1.));
#8327 = ADVANCED_FACE('',(#8328),#8346,.T.);
#8328 = FACE_BOUND('',#8329,.T.);
#8329 = EDGE_LOOP('',(#8330,#8331,#8332,#8340));
#8330 = ORIENTED_EDGE('',*,*,#8254,.F.);
#8331 = ORIENTED_EDGE('',*,*,#8277,.T.);
#8332 = ORIENTED_EDGE('',*,*,#8333,.T.);
#8333 = EDGE_CURVE('',#8278,#8334,#8336,.T.);
#8334 = VERTEX_POINT('',#8335);
#8335 = CARTESIAN_POINT('',(-214.2533546995,200.11121907579,200.));
#8336 = LINE('',#8337,#8338);
#8337 = CARTESIAN_POINT('',(-200.1112190757,214.25335469952,200.));
#8338 = VECTOR('',#8339,1.);
#8339 = DIRECTION('',(-0.707106781187,-0.707106781187,0.));
#8340 = ORIENTED_EDGE('',*,*,#8341,.F.);
#8341 = EDGE_CURVE('',#8247,#8334,#8342,.T.);
#8342 = LINE('',#8343,#8344);
#8343 = CARTESIAN_POINT('',(200.11121907579,-214.2533546995,200.));
#8344 = VECTOR('',#8345,1.);
#8345 = DIRECTION('',(-0.707106781187,0.707106781187,0.));
#8346 = PLANE('',#8347);
#8347 = AXIS2_PLACEMENT_3D('',#8348,#8349,#8350);
#8348 = CARTESIAN_POINT('',(214.25335469952,-200.1112190757,200.));
#8349 = DIRECTION('',(0.,0.,1.));
#8350 = DIRECTION('',(-0.707106781187,0.707106781187,0.));
#8351 = ADVANCED_FACE('',(#8352),#8402,.T.);
#8352 = FACE_BOUND('',#8353,.T.);
#8353 = EDGE_LOOP('',(#8354,#8362,#8363,#8364,#8372,#8380,#8388,#8396));
#8354 = ORIENTED_EDGE('',*,*,#8355,.F.);
#8355 = EDGE_CURVE('',#8239,#8356,#8358,.T.);
#8356 = VERTEX_POINT('',#8357);
#8357 = CARTESIAN_POINT('',(-8.881784197001E-16,-14.14213562373,180.));
#8358 = LINE('',#8359,#8360);
#8359 = CARTESIAN_POINT('',(200.11121907579,-214.2533546995,180.));
#8360 = VECTOR('',#8361,1.);
#8361 = DIRECTION('',(-0.707106781187,0.707106781187,0.));
#8362 = ORIENTED_EDGE('',*,*,#8246,.T.);
#8363 = ORIENTED_EDGE('',*,*,#8341,.T.);
#8364 = ORIENTED_EDGE('',*,*,#8365,.F.);
#8365 = EDGE_CURVE('',#8366,#8334,#8368,.T.);
#8366 = VERTEX_POINT('',#8367);
#8367 = CARTESIAN_POINT('',(-214.2533546995,200.11121907579,180.));
#8368 = LINE('',#8369,#8370);
#8369 = CARTESIAN_POINT('',(-214.2533546995,200.11121907579,180.));
#8370 = VECTOR('',#8371,1.);
#8371 = DIRECTION('',(0.,0.,1.));
#8372 = ORIENTED_EDGE('',*,*,#8373,.F.);
#8373 = EDGE_CURVE('',#8374,#8366,#8376,.T.);
#8374 = VERTEX_POINT('',#8375);
#8375 = CARTESIAN_POINT('',(-14.14213562373,1.110223024625E-15,180.));
#8376 = LINE('',#8377,#8378);
#8377 = CARTESIAN_POINT('',(200.11121907579,-214.2533546995,180.));
#8378 = VECTOR('',#8379,1.);
#8379 = DIRECTION('',(-0.707106781187,0.707106781187,0.));
#8380 = ORIENTED_EDGE('',*,*,#8381,.F.);
#8381 = EDGE_CURVE('',#8382,#8374,#8384,.T.);
#8382 = VERTEX_POINT('',#8383);
#8383 = CARTESIAN_POINT('',(-14.14213562373,1.110223024625E-15,190.));
#8384 = LINE('',#8385,#8386);
#8385 = CARTESIAN_POINT('',(-14.14213562373,1.110223024625E-15,180.));
#8386 = VECTOR('',#8387,1.);
#8387 = DIRECTION('',(0.,-0.,-1.));
#8388 = ORIENTED_EDGE('',*,*,#8389,.F.);
#8389 = EDGE_CURVE('',#8390,#8382,#8392,.T.);
#8390 = VERTEX_POINT('',#8391);
#8391 = CARTESIAN_POINT('',(-8.881784197001E-16,-14.14213562373,190.));
#8392 = LINE('',#8393,#8394);
#8393 = CARTESIAN_POINT('',(100.05560953789,-114.1977451616,190.));
#8394 = VECTOR('',#8395,1.);
#8395 = DIRECTION('',(-0.707106781187,0.707106781187,0.));
#8396 = ORIENTED_EDGE('',*,*,#8397,.T.);
#8397 = EDGE_CURVE('',#8390,#8356,#8398,.T.);
#8398 = LINE('',#8399,#8400);
#8399 = CARTESIAN_POINT('',(-8.881784197001E-16,-14.14213562373,180.));
#8400 = VECTOR('',#8401,1.);
#8401 = DIRECTION('',(0.,-0.,-1.));
#8402 = PLANE('',#8403);
#8403 = AXIS2_PLACEMENT_3D('',#8404,#8405,#8406);
#8404 = CARTESIAN_POINT('',(200.11121907579,-214.2533546995,180.));
#8405 = DIRECTION('',(-0.707106781187,-0.707106781187,0.));
#8406 = DIRECTION('',(0.,0.,1.));
#8407 = ADVANCED_FACE('',(#8408),#8419,.F.);
#8408 = FACE_BOUND('',#8409,.F.);
#8409 = EDGE_LOOP('',(#8410,#8411,#8412,#8413));
#8410 = ORIENTED_EDGE('',*,*,#8355,.F.);
#8411 = ORIENTED_EDGE('',*,*,#8238,.F.);
#8412 = ORIENTED_EDGE('',*,*,#8268,.T.);
#8413 = ORIENTED_EDGE('',*,*,#8414,.T.);
#8414 = EDGE_CURVE('',#8269,#8356,#8415,.T.);
#8415 = LINE('',#8416,#8417);
#8416 = CARTESIAN_POINT('',(14.849242404917,0.707106781187,180.));
#8417 = VECTOR('',#8418,1.);
#8418 = DIRECTION('',(-0.707106781187,-0.707106781187,0.));
#8419 = PLANE('',#8420);
#8420 = AXIS2_PLACEMENT_3D('',#8421,#8422,#8423);
#8421 = CARTESIAN_POINT('',(214.25335469952,-200.1112190757,180.));
#8422 = DIRECTION('',(0.,0.,1.));
#8423 = DIRECTION('',(-0.707106781187,0.707106781187,0.));
#8424 = ADVANCED_FACE('',(#8425),#8436,.T.);
#8425 = FACE_BOUND('',#8426,.T.);
#8426 = EDGE_LOOP('',(#8427,#8433,#8434,#8435));
#8427 = ORIENTED_EDGE('',*,*,#8428,.F.);
#8428 = EDGE_CURVE('',#8310,#8390,#8429,.T.);
#8429 = LINE('',#8430,#8431);
#8430 = CARTESIAN_POINT('',(14.849242404917,0.707106781187,190.));
#8431 = VECTOR('',#8432,1.);
#8432 = DIRECTION('',(-0.707106781187,-0.707106781187,0.));
#8433 = ORIENTED_EDGE('',*,*,#8317,.T.);
#8434 = ORIENTED_EDGE('',*,*,#8414,.T.);
#8435 = ORIENTED_EDGE('',*,*,#8397,.F.);
#8436 = PLANE('',#8437);
#8437 = AXIS2_PLACEMENT_3D('',#8438,#8439,#8440);
#8438 = CARTESIAN_POINT('',(14.849242404917,0.707106781187,180.));
#8439 = DIRECTION('',(-0.707106781187,0.707106781187,0.));
#8440 = DIRECTION('',(0.,0.,1.));
#8441 = ADVANCED_FACE('',(#8442),#8453,.F.);
#8442 = FACE_BOUND('',#8443,.F.);
#8443 = EDGE_LOOP('',(#8444,#8445,#8446,#8452));
#8444 = ORIENTED_EDGE('',*,*,#8428,.F.);
#8445 = ORIENTED_EDGE('',*,*,#8309,.T.);
#8446 = ORIENTED_EDGE('',*,*,#8447,.T.);
#8447 = EDGE_CURVE('',#8302,#8382,#8448,.T.);
#8448 = LINE('',#8449,#8450);
#8449 = CARTESIAN_POINT('',(0.707106781187,14.849242404917,190.));
#8450 = VECTOR('',#8451,1.);
#8451 = DIRECTION('',(-0.707106781187,-0.707106781187,0.));
#8452 = ORIENTED_EDGE('',*,*,#8389,.F.);
#8453 = PLANE('',#8454);
#8454 = AXIS2_PLACEMENT_3D('',#8455,#8456,#8457);
#8455 = CARTESIAN_POINT('',(14.849242404917,0.707106781187,190.));
#8456 = DIRECTION('',(0.,0.,1.));
#8457 = DIRECTION('',(-0.707106781187,0.707106781187,0.));
#8458 = ADVANCED_FACE('',(#8459),#8470,.F.);
#8459 = FACE_BOUND('',#8460,.F.);
#8460 = EDGE_LOOP('',(#8461,#8462,#8463,#8469));
#8461 = ORIENTED_EDGE('',*,*,#8447,.F.);
#8462 = ORIENTED_EDGE('',*,*,#8301,.T.);
#8463 = ORIENTED_EDGE('',*,*,#8464,.T.);
#8464 = EDGE_CURVE('',#8294,#8374,#8465,.T.);
#8465 = LINE('',#8466,#8467);
#8466 = CARTESIAN_POINT('',(0.707106781187,14.849242404917,180.));
#8467 = VECTOR('',#8468,1.);
#8468 = DIRECTION('',(-0.707106781187,-0.707106781187,0.));
#8469 = ORIENTED_EDGE('',*,*,#8381,.F.);
#8470 = PLANE('',#8471);
#8471 = AXIS2_PLACEMENT_3D('',#8472,#8473,#8474);
#8472 = CARTESIAN_POINT('',(0.707106781187,14.849242404917,180.));
#8473 = DIRECTION('',(-0.707106781187,0.707106781187,0.));
#8474 = DIRECTION('',(0.,0.,1.));
#8475 = ADVANCED_FACE('',(#8476),#8487,.F.);
#8476 = FACE_BOUND('',#8477,.F.);
#8477 = EDGE_LOOP('',(#8478,#8479,#8480,#8481));
#8478 = ORIENTED_EDGE('',*,*,#8373,.F.);
#8479 = ORIENTED_EDGE('',*,*,#8464,.F.);
#8480 = ORIENTED_EDGE('',*,*,#8293,.T.);
#8481 = ORIENTED_EDGE('',*,*,#8482,.T.);
#8482 = EDGE_CURVE('',#8286,#8366,#8483,.T.);
#8483 = LINE('',#8484,#8485);
#8484 = CARTESIAN_POINT('',(-200.1112190757,214.25335469952,180.));
#8485 = VECTOR('',#8486,1.);
#8486 = DIRECTION('',(-0.707106781187,-0.707106781187,0.));
#8487 = PLANE('',#8488);
#8488 = AXIS2_PLACEMENT_3D('',#8489,#8490,#8491);
#8489 = CARTESIAN_POINT('',(214.25335469952,-200.1112190757,180.));
#8490 = DIRECTION('',(0.,0.,1.));
#8491 = DIRECTION('',(-0.707106781187,0.707106781187,0.));
#8492 = ADVANCED_FACE('',(#8493),#8499,.T.);
#8493 = FACE_BOUND('',#8494,.T.);
#8494 = EDGE_LOOP('',(#8495,#8496,#8497,#8498));
#8495 = ORIENTED_EDGE('',*,*,#8285,.F.);
#8496 = ORIENTED_EDGE('',*,*,#8482,.T.);
#8497 = ORIENTED_EDGE('',*,*,#8365,.T.);
#8498 = ORIENTED_EDGE('',*,*,#8333,.F.);
#8499 = PLANE('',#8500);
#8500 = AXIS2_PLACEMENT_3D('',#8501,#8502,#8503);
#8501 = CARTESIAN_POINT('',(-200.1112190757,214.25335469952,180.));
#8502 = DIRECTION('',(-0.707106781187,0.707106781187,0.));
#8503 = DIRECTION('',(0.,0.,1.));
#8504 = ( GEOMETRIC_REPRESENTATION_CONTEXT(3) 
GLOBAL_UNCERTAINTY_ASSIGNED_CONTEXT((#8508)) 
GLOBAL_UNIT_ASSIGNED_CONTEXT((#8505,#8506,#8507)) REPRESENTATION_CONTEXT
('Context #1','3D Context with UNIT and UNCERTAINTY') );
#8505 = ( LENGTH_UNIT() NAMED_UNIT(*) SI_UNIT(.MILLI.,.METRE.) );
#8506 = ( NAMED_UNIT(*) PLANE_ANGLE_UNIT() SI_UNIT($,.RADIAN.) );
#8507 = ( NAMED_UNIT(*) SI_UNIT($,.STERADIAN.) SOLID_ANGLE_UNIT() );
#8508 = UNCERTAINTY_MEASURE_WITH_UNIT(LENGTH_MEASURE(1.E-07),#8505,
  'distance_accuracy_value','confusion accuracy');
#8509 = CONTEXT_DEPENDENT_SHAPE_REPRESENTATION(#8510,#8512);
#8510 = ( REPRESENTATION_RELATIONSHIP('','',#8221,#10) 
REPRESENTATION_RELATIONSHIP_WITH_TRANSFORMATION(#8511) 
SHAPE_REPRESENTATION_RELATIONSHIP() );
#8511 = ITEM_DEFINED_TRANSFORMATION('','',#11,#171);
#8512 = PRODUCT_DEFINITION_SHAPE('Placement','Placement of an item',
  #8513);
#8513 = NEXT_ASSEMBLY_USAGE_OCCURRENCE('40','P40 X level 3 beam 2','',#5
  ,#8216,$);
#8514 = PRODUCT_RELATED_PRODUCT_CATEGORY('part',$,(#8218));
#8515 = SHAPE_DEFINITION_REPRESENTATION(#8516,#8522);
#8516 = PRODUCT_DEFINITION_SHAPE('','',#8517);
#8517 = PRODUCT_DEFINITION('design','',#8518,#8521);
#8518 = PRODUCT_DEFINITION_FORMATION('','',#8519);
#8519 = PRODUCT('P41 Upper transition band 45 / 1',
  'P41 Upper transition band 45 / 1','',(#8520));
#8520 = PRODUCT_CONTEXT('',#2,'mechanical');
#8521 = PRODUCT_DEFINITION_CONTEXT('part definition',#2,'design');
#8522 = ADVANCED_BREP_SHAPE_REPRESENTATION('',(#11,#8523),#8673);
#8523 = MANIFOLD_SOLID_BREP('',#8524);
#8524 = CLOSED_SHELL('',(#8525,#8565,#8605,#8627,#8649,#8661));
#8525 = ADVANCED_FACE('',(#8526),#8560,.F.);
#8526 = FACE_BOUND('',#8527,.F.);
#8527 = EDGE_LOOP('',(#8528,#8538,#8546,#8554));
#8528 = ORIENTED_EDGE('',*,*,#8529,.F.);
#8529 = EDGE_CURVE('',#8530,#8532,#8534,.T.);
#8530 = VERTEX_POINT('',#8531);
#8531 = CARTESIAN_POINT('',(229.80970388562,144.95689014324,
    381.90524980688));
#8532 = VERTEX_POINT('',#8533);
#8533 = CARTESIAN_POINT('',(229.80970388562,144.95689014324,
    395.90524980688));
#8534 = LINE('',#8535,#8536);
#8535 = CARTESIAN_POINT('',(229.80970388562,144.95689014324,
    381.90524980688));
#8536 = VECTOR('',#8537,1.);
#8537 = DIRECTION('',(0.,0.,1.));
#8538 = ORIENTED_EDGE('',*,*,#8539,.T.);
#8539 = EDGE_CURVE('',#8530,#8540,#8542,.T.);
#8540 = VERTEX_POINT('',#8541);
#8541 = CARTESIAN_POINT('',(144.95689014324,229.80970388562,
    381.90524980688));
#8542 = LINE('',#8543,#8544);
#8543 = CARTESIAN_POINT('',(229.80970388562,144.95689014324,
    381.90524980688));
#8544 = VECTOR('',#8545,1.);
#8545 = DIRECTION('',(-0.707106781187,0.707106781187,0.));
#8546 = ORIENTED_EDGE('',*,*,#8547,.T.);
#8547 = EDGE_CURVE('',#8540,#8548,#8550,.T.);
#8548 = VERTEX_POINT('',#8549);
#8549 = CARTESIAN_POINT('',(144.95689014324,229.80970388562,
    395.90524980688));
#8550 = LINE('',#8551,#8552);
#8551 = CARTESIAN_POINT('',(144.95689014324,229.80970388562,
    381.90524980688));
#8552 = VECTOR('',#8553,1.);
#8553 = DIRECTION('',(0.,0.,1.));
#8554 = ORIENTED_EDGE('',*,*,#8555,.F.);
#8555 = EDGE_CURVE('',#8532,#8548,#8556,.T.);
#8556 = LINE('',#8557,#8558);
#8557 = CARTESIAN_POINT('',(229.80970388562,144.95689014324,
    395.90524980688));
#8558 = VECTOR('',#8559,1.);
#8559 = DIRECTION('',(-0.707106781187,0.707106781187,0.));
#8560 = PLANE('',#8561);
#8561 = AXIS2_PLACEMENT_3D('',#8562,#8563,#8564);
#8562 = CARTESIAN_POINT('',(229.80970388562,144.95689014324,
    381.90524980688));
#8563 = DIRECTION('',(0.707106781187,0.707106781187,0.));
#8564 = DIRECTION('',(0.,0.,1.));
#8565 = ADVANCED_FACE('',(#8566),#8600,.T.);
#8566 = FACE_BOUND('',#8567,.T.);
#8567 = EDGE_LOOP('',(#8568,#8578,#8586,#8594));
#8568 = ORIENTED_EDGE('',*,*,#8569,.F.);
#8569 = EDGE_CURVE('',#8570,#8572,#8574,.T.);
#8570 = VERTEX_POINT('',#8571);
#8571 = CARTESIAN_POINT('',(243.95183950935,159.09902576697,
    381.90524980688));
#8572 = VERTEX_POINT('',#8573);
#8573 = CARTESIAN_POINT('',(243.95183950935,159.09902576697,
    395.90524980688));
#8574 = LINE('',#8575,#8576);
#8575 = CARTESIAN_POINT('',(243.95183950935,159.09902576697,
    381.90524980688));
#8576 = VECTOR('',#8577,1.);
#8577 = DIRECTION('',(0.,0.,1.));
#8578 = ORIENTED_EDGE('',*,*,#8579,.T.);
#8579 = EDGE_CURVE('',#8570,#8580,#8582,.T.);
#8580 = VERTEX_POINT('',#8581);
#8581 = CARTESIAN_POINT('',(159.09902576697,243.95183950935,
    381.90524980688));
#8582 = LINE('',#8583,#8584);
#8583 = CARTESIAN_POINT('',(243.95183950935,159.09902576697,
    381.90524980688));
#8584 = VECTOR('',#8585,1.);
#8585 = DIRECTION('',(-0.707106781187,0.707106781187,0.));
#8586 = ORIENTED_EDGE('',*,*,#8587,.T.);
#8587 = EDGE_CURVE('',#8580,#8588,#8590,.T.);
#8588 = VERTEX_POINT('',#8589);
#8589 = CARTESIAN_POINT('',(159.09902576697,243.95183950935,
    395.90524980688));
#8590 = LINE('',#8591,#8592);
#8591 = CARTESIAN_POINT('',(159.09902576697,243.95183950935,
    381.90524980688));
#8592 = VECTOR('',#8593,1.);
#8593 = DIRECTION('',(0.,0.,1.));
#8594 = ORIENTED_EDGE('',*,*,#8595,.F.);
#8595 = EDGE_CURVE('',#8572,#8588,#8596,.T.);
#8596 = LINE('',#8597,#8598);
#8597 = CARTESIAN_POINT('',(243.95183950935,159.09902576697,
    395.90524980688));
#8598 = VECTOR('',#8599,1.);
#8599 = DIRECTION('',(-0.707106781187,0.707106781187,0.));
#8600 = PLANE('',#8601);
#8601 = AXIS2_PLACEMENT_3D('',#8602,#8603,#8604);
#8602 = CARTESIAN_POINT('',(243.95183950935,159.09902576697,
    381.90524980688));
#8603 = DIRECTION('',(0.707106781187,0.707106781187,0.));
#8604 = DIRECTION('',(0.,0.,1.));
#8605 = ADVANCED_FACE('',(#8606),#8622,.F.);
#8606 = FACE_BOUND('',#8607,.F.);
#8607 = EDGE_LOOP('',(#8608,#8614,#8615,#8621));
#8608 = ORIENTED_EDGE('',*,*,#8609,.F.);
#8609 = EDGE_CURVE('',#8530,#8570,#8610,.T.);
#8610 = LINE('',#8611,#8612);
#8611 = CARTESIAN_POINT('',(229.80970388562,144.95689014324,
    381.90524980688));
#8612 = VECTOR('',#8613,1.);
#8613 = DIRECTION('',(0.707106781187,0.707106781187,0.));
#8614 = ORIENTED_EDGE('',*,*,#8529,.T.);
#8615 = ORIENTED_EDGE('',*,*,#8616,.T.);
#8616 = EDGE_CURVE('',#8532,#8572,#8617,.T.);
#8617 = LINE('',#8618,#8619);
#8618 = CARTESIAN_POINT('',(229.80970388562,144.95689014324,
    395.90524980688));
#8619 = VECTOR('',#8620,1.);
#8620 = DIRECTION('',(0.707106781187,0.707106781187,0.));
#8621 = ORIENTED_EDGE('',*,*,#8569,.F.);
#8622 = PLANE('',#8623);
#8623 = AXIS2_PLACEMENT_3D('',#8624,#8625,#8626);
#8624 = CARTESIAN_POINT('',(229.80970388562,144.95689014324,
    381.90524980688));
#8625 = DIRECTION('',(-0.707106781187,0.707106781187,0.));
#8626 = DIRECTION('',(0.,0.,1.));
#8627 = ADVANCED_FACE('',(#8628),#8644,.T.);
#8628 = FACE_BOUND('',#8629,.T.);
#8629 = EDGE_LOOP('',(#8630,#8636,#8637,#8643));
#8630 = ORIENTED_EDGE('',*,*,#8631,.F.);
#8631 = EDGE_CURVE('',#8540,#8580,#8632,.T.);
#8632 = LINE('',#8633,#8634);
#8633 = CARTESIAN_POINT('',(144.95689014324,229.80970388562,
    381.90524980688));
#8634 = VECTOR('',#8635,1.);
#8635 = DIRECTION('',(0.707106781187,0.707106781187,0.));
#8636 = ORIENTED_EDGE('',*,*,#8547,.T.);
#8637 = ORIENTED_EDGE('',*,*,#8638,.T.);
#8638 = EDGE_CURVE('',#8548,#8588,#8639,.T.);
#8639 = LINE('',#8640,#8641);
#8640 = CARTESIAN_POINT('',(144.95689014324,229.80970388562,
    395.90524980688));
#8641 = VECTOR('',#8642,1.);
#8642 = DIRECTION('',(0.707106781187,0.707106781187,0.));
#8643 = ORIENTED_EDGE('',*,*,#8587,.F.);
#8644 = PLANE('',#8645);
#8645 = AXIS2_PLACEMENT_3D('',#8646,#8647,#8648);
#8646 = CARTESIAN_POINT('',(144.95689014324,229.80970388562,
    381.90524980688));
#8647 = DIRECTION('',(-0.707106781187,0.707106781187,0.));
#8648 = DIRECTION('',(0.,0.,1.));
#8649 = ADVANCED_FACE('',(#8650),#8656,.F.);
#8650 = FACE_BOUND('',#8651,.F.);
#8651 = EDGE_LOOP('',(#8652,#8653,#8654,#8655));
#8652 = ORIENTED_EDGE('',*,*,#8539,.F.);
#8653 = ORIENTED_EDGE('',*,*,#8609,.T.);
#8654 = ORIENTED_EDGE('',*,*,#8579,.T.);
#8655 = ORIENTED_EDGE('',*,*,#8631,.F.);
#8656 = PLANE('',#8657);
#8657 = AXIS2_PLACEMENT_3D('',#8658,#8659,#8660);
#8658 = CARTESIAN_POINT('',(229.80970388562,144.95689014324,
    381.90524980688));
#8659 = DIRECTION('',(0.,0.,1.));
#8660 = DIRECTION('',(0.707106781187,0.707106781187,0.));
#8661 = ADVANCED_FACE('',(#8662),#8668,.T.);
#8662 = FACE_BOUND('',#8663,.T.);
#8663 = EDGE_LOOP('',(#8664,#8665,#8666,#8667));
#8664 = ORIENTED_EDGE('',*,*,#8555,.F.);
#8665 = ORIENTED_EDGE('',*,*,#8616,.T.);
#8666 = ORIENTED_EDGE('',*,*,#8595,.T.);
#8667 = ORIENTED_EDGE('',*,*,#8638,.F.);
#8668 = PLANE('',#8669);
#8669 = AXIS2_PLACEMENT_3D('',#8670,#8671,#8672);
#8670 = CARTESIAN_POINT('',(229.80970388562,144.95689014324,
    395.90524980688));
#8671 = DIRECTION('',(0.,0.,1.));
#8672 = DIRECTION('',(0.707106781187,0.707106781187,0.));
#8673 = ( GEOMETRIC_REPRESENTATION_CONTEXT(3) 
GLOBAL_UNCERTAINTY_ASSIGNED_CONTEXT((#8677)) 
GLOBAL_UNIT_ASSIGNED_CONTEXT((#8674,#8675,#8676)) REPRESENTATION_CONTEXT
('Context #1','3D Context with UNIT and UNCERTAINTY') );
#8674 = ( LENGTH_UNIT() NAMED_UNIT(*) SI_UNIT(.MILLI.,.METRE.) );
#8675 = ( NAMED_UNIT(*) PLANE_ANGLE_UNIT() SI_UNIT($,.RADIAN.) );
#8676 = ( NAMED_UNIT(*) SI_UNIT($,.STERADIAN.) SOLID_ANGLE_UNIT() );
#8677 = UNCERTAINTY_MEASURE_WITH_UNIT(LENGTH_MEASURE(1.E-07),#8674,
  'distance_accuracy_value','confusion accuracy');
#8678 = CONTEXT_DEPENDENT_SHAPE_REPRESENTATION(#8679,#8681);
#8679 = ( REPRESENTATION_RELATIONSHIP('','',#8522,#10) 
REPRESENTATION_RELATIONSHIP_WITH_TRANSFORMATION(#8680) 
SHAPE_REPRESENTATION_RELATIONSHIP() );
#8680 = ITEM_DEFINED_TRANSFORMATION('','',#11,#175);
#8681 = PRODUCT_DEFINITION_SHAPE('Placement','Placement of an item',
  #8682);
#8682 = NEXT_ASSEMBLY_USAGE_OCCURRENCE('41',
  'P41 Upper transition band 45 / 1','',#5,#8517,$);
#8683 = PRODUCT_RELATED_PRODUCT_CATEGORY('part',$,(#8519));
#8684 = SHAPE_DEFINITION_REPRESENTATION(#8685,#8691);
#8685 = PRODUCT_DEFINITION_SHAPE('','',#8686);
#8686 = PRODUCT_DEFINITION('design','',#8687,#8690);
#8687 = PRODUCT_DEFINITION_FORMATION('','',#8688);
#8688 = PRODUCT('P42 Upper transition band 45 / 2',
  'P42 Upper transition band 45 / 2','',(#8689));
#8689 = PRODUCT_CONTEXT('',#2,'mechanical');
#8690 = PRODUCT_DEFINITION_CONTEXT('part definition',#2,'design');
#8691 = ADVANCED_BREP_SHAPE_REPRESENTATION('',(#11,#8692),#8842);
#8692 = MANIFOLD_SOLID_BREP('',#8693);
#8693 = CLOSED_SHELL('',(#8694,#8734,#8774,#8796,#8818,#8830));
#8694 = ADVANCED_FACE('',(#8695),#8729,.F.);
#8695 = FACE_BOUND('',#8696,.F.);
#8696 = EDGE_LOOP('',(#8697,#8707,#8715,#8723));
#8697 = ORIENTED_EDGE('',*,*,#8698,.F.);
#8698 = EDGE_CURVE('',#8699,#8701,#8703,.T.);
#8699 = VERTEX_POINT('',#8700);
#8700 = CARTESIAN_POINT('',(229.80970388562,144.95689014324,
    353.90524980688));
#8701 = VERTEX_POINT('',#8702);
#8702 = CARTESIAN_POINT('',(229.80970388562,144.95689014324,
    367.90524980688));
#8703 = LINE('',#8704,#8705);
#8704 = CARTESIAN_POINT('',(229.80970388562,144.95689014324,
    353.90524980688));
#8705 = VECTOR('',#8706,1.);
#8706 = DIRECTION('',(0.,0.,1.));
#8707 = ORIENTED_EDGE('',*,*,#8708,.T.);
#8708 = EDGE_CURVE('',#8699,#8709,#8711,.T.);
#8709 = VERTEX_POINT('',#8710);
#8710 = CARTESIAN_POINT('',(144.95689014324,229.80970388562,
    353.90524980688));
#8711 = LINE('',#8712,#8713);
#8712 = CARTESIAN_POINT('',(229.80970388562,144.95689014324,
    353.90524980688));
#8713 = VECTOR('',#8714,1.);
#8714 = DIRECTION('',(-0.707106781187,0.707106781187,0.));
#8715 = ORIENTED_EDGE('',*,*,#8716,.T.);
#8716 = EDGE_CURVE('',#8709,#8717,#8719,.T.);
#8717 = VERTEX_POINT('',#8718);
#8718 = CARTESIAN_POINT('',(144.95689014324,229.80970388562,
    367.90524980688));
#8719 = LINE('',#8720,#8721);
#8720 = CARTESIAN_POINT('',(144.95689014324,229.80970388562,
    353.90524980688));
#8721 = VECTOR('',#8722,1.);
#8722 = DIRECTION('',(0.,0.,1.));
#8723 = ORIENTED_EDGE('',*,*,#8724,.F.);
#8724 = EDGE_CURVE('',#8701,#8717,#8725,.T.);
#8725 = LINE('',#8726,#8727);
#8726 = CARTESIAN_POINT('',(229.80970388562,144.95689014324,
    367.90524980688));
#8727 = VECTOR('',#8728,1.);
#8728 = DIRECTION('',(-0.707106781187,0.707106781187,0.));
#8729 = PLANE('',#8730);
#8730 = AXIS2_PLACEMENT_3D('',#8731,#8732,#8733);
#8731 = CARTESIAN_POINT('',(229.80970388562,144.95689014324,
    353.90524980688));
#8732 = DIRECTION('',(0.707106781187,0.707106781187,0.));
#8733 = DIRECTION('',(0.,0.,1.));
#8734 = ADVANCED_FACE('',(#8735),#8769,.T.);
#8735 = FACE_BOUND('',#8736,.T.);
#8736 = EDGE_LOOP('',(#8737,#8747,#8755,#8763));
#8737 = ORIENTED_EDGE('',*,*,#8738,.F.);
#8738 = EDGE_CURVE('',#8739,#8741,#8743,.T.);
#8739 = VERTEX_POINT('',#8740);
#8740 = CARTESIAN_POINT('',(243.95183950935,159.09902576697,
    353.90524980688));
#8741 = VERTEX_POINT('',#8742);
#8742 = CARTESIAN_POINT('',(243.95183950935,159.09902576697,
    367.90524980688));
#8743 = LINE('',#8744,#8745);
#8744 = CARTESIAN_POINT('',(243.95183950935,159.09902576697,
    353.90524980688));
#8745 = VECTOR('',#8746,1.);
#8746 = DIRECTION('',(0.,0.,1.));
#8747 = ORIENTED_EDGE('',*,*,#8748,.T.);
#8748 = EDGE_CURVE('',#8739,#8749,#8751,.T.);
#8749 = VERTEX_POINT('',#8750);
#8750 = CARTESIAN_POINT('',(159.09902576697,243.95183950935,
    353.90524980688));
#8751 = LINE('',#8752,#8753);
#8752 = CARTESIAN_POINT('',(243.95183950935,159.09902576697,
    353.90524980688));
#8753 = VECTOR('',#8754,1.);
#8754 = DIRECTION('',(-0.707106781187,0.707106781187,0.));
#8755 = ORIENTED_EDGE('',*,*,#8756,.T.);
#8756 = EDGE_CURVE('',#8749,#8757,#8759,.T.);
#8757 = VERTEX_POINT('',#8758);
#8758 = CARTESIAN_POINT('',(159.09902576697,243.95183950935,
    367.90524980688));
#8759 = LINE('',#8760,#8761);
#8760 = CARTESIAN_POINT('',(159.09902576697,243.95183950935,
    353.90524980688));
#8761 = VECTOR('',#8762,1.);
#8762 = DIRECTION('',(0.,0.,1.));
#8763 = ORIENTED_EDGE('',*,*,#8764,.F.);
#8764 = EDGE_CURVE('',#8741,#8757,#8765,.T.);
#8765 = LINE('',#8766,#8767);
#8766 = CARTESIAN_POINT('',(243.95183950935,159.09902576697,
    367.90524980688));
#8767 = VECTOR('',#8768,1.);
#8768 = DIRECTION('',(-0.707106781187,0.707106781187,0.));
#8769 = PLANE('',#8770);
#8770 = AXIS2_PLACEMENT_3D('',#8771,#8772,#8773);
#8771 = CARTESIAN_POINT('',(243.95183950935,159.09902576697,
    353.90524980688));
#8772 = DIRECTION('',(0.707106781187,0.707106781187,0.));
#8773 = DIRECTION('',(0.,0.,1.));
#8774 = ADVANCED_FACE('',(#8775),#8791,.F.);
#8775 = FACE_BOUND('',#8776,.F.);
#8776 = EDGE_LOOP('',(#8777,#8783,#8784,#8790));
#8777 = ORIENTED_EDGE('',*,*,#8778,.F.);
#8778 = EDGE_CURVE('',#8699,#8739,#8779,.T.);
#8779 = LINE('',#8780,#8781);
#8780 = CARTESIAN_POINT('',(229.80970388562,144.95689014324,
    353.90524980688));
#8781 = VECTOR('',#8782,1.);
#8782 = DIRECTION('',(0.707106781187,0.707106781187,0.));
#8783 = ORIENTED_EDGE('',*,*,#8698,.T.);
#8784 = ORIENTED_EDGE('',*,*,#8785,.T.);
#8785 = EDGE_CURVE('',#8701,#8741,#8786,.T.);
#8786 = LINE('',#8787,#8788);
#8787 = CARTESIAN_POINT('',(229.80970388562,144.95689014324,
    367.90524980688));
#8788 = VECTOR('',#8789,1.);
#8789 = DIRECTION('',(0.707106781187,0.707106781187,0.));
#8790 = ORIENTED_EDGE('',*,*,#8738,.F.);
#8791 = PLANE('',#8792);
#8792 = AXIS2_PLACEMENT_3D('',#8793,#8794,#8795);
#8793 = CARTESIAN_POINT('',(229.80970388562,144.95689014324,
    353.90524980688));
#8794 = DIRECTION('',(-0.707106781187,0.707106781187,0.));
#8795 = DIRECTION('',(0.,0.,1.));
#8796 = ADVANCED_FACE('',(#8797),#8813,.T.);
#8797 = FACE_BOUND('',#8798,.T.);
#8798 = EDGE_LOOP('',(#8799,#8805,#8806,#8812));
#8799 = ORIENTED_EDGE('',*,*,#8800,.F.);
#8800 = EDGE_CURVE('',#8709,#8749,#8801,.T.);
#8801 = LINE('',#8802,#8803);
#8802 = CARTESIAN_POINT('',(144.95689014324,229.80970388562,
    353.90524980688));
#8803 = VECTOR('',#8804,1.);
#8804 = DIRECTION('',(0.707106781187,0.707106781187,0.));
#8805 = ORIENTED_EDGE('',*,*,#8716,.T.);
#8806 = ORIENTED_EDGE('',*,*,#8807,.T.);
#8807 = EDGE_CURVE('',#8717,#8757,#8808,.T.);
#8808 = LINE('',#8809,#8810);
#8809 = CARTESIAN_POINT('',(144.95689014324,229.80970388562,
    367.90524980688));
#8810 = VECTOR('',#8811,1.);
#8811 = DIRECTION('',(0.707106781187,0.707106781187,0.));
#8812 = ORIENTED_EDGE('',*,*,#8756,.F.);
#8813 = PLANE('',#8814);
#8814 = AXIS2_PLACEMENT_3D('',#8815,#8816,#8817);
#8815 = CARTESIAN_POINT('',(144.95689014324,229.80970388562,
    353.90524980688));
#8816 = DIRECTION('',(-0.707106781187,0.707106781187,0.));
#8817 = DIRECTION('',(0.,0.,1.));
#8818 = ADVANCED_FACE('',(#8819),#8825,.F.);
#8819 = FACE_BOUND('',#8820,.F.);
#8820 = EDGE_LOOP('',(#8821,#8822,#8823,#8824));
#8821 = ORIENTED_EDGE('',*,*,#8708,.F.);
#8822 = ORIENTED_EDGE('',*,*,#8778,.T.);
#8823 = ORIENTED_EDGE('',*,*,#8748,.T.);
#8824 = ORIENTED_EDGE('',*,*,#8800,.F.);
#8825 = PLANE('',#8826);
#8826 = AXIS2_PLACEMENT_3D('',#8827,#8828,#8829);
#8827 = CARTESIAN_POINT('',(229.80970388562,144.95689014324,
    353.90524980688));
#8828 = DIRECTION('',(0.,0.,1.));
#8829 = DIRECTION('',(0.707106781187,0.707106781187,0.));
#8830 = ADVANCED_FACE('',(#8831),#8837,.T.);
#8831 = FACE_BOUND('',#8832,.T.);
#8832 = EDGE_LOOP('',(#8833,#8834,#8835,#8836));
#8833 = ORIENTED_EDGE('',*,*,#8724,.F.);
#8834 = ORIENTED_EDGE('',*,*,#8785,.T.);
#8835 = ORIENTED_EDGE('',*,*,#8764,.T.);
#8836 = ORIENTED_EDGE('',*,*,#8807,.F.);
#8837 = PLANE('',#8838);
#8838 = AXIS2_PLACEMENT_3D('',#8839,#8840,#8841);
#8839 = CARTESIAN_POINT('',(229.80970388562,144.95689014324,
    367.90524980688));
#8840 = DIRECTION('',(0.,0.,1.));
#8841 = DIRECTION('',(0.707106781187,0.707106781187,0.));
#8842 = ( GEOMETRIC_REPRESENTATION_CONTEXT(3) 
GLOBAL_UNCERTAINTY_ASSIGNED_CONTEXT((#8846)) 
GLOBAL_UNIT_ASSIGNED_CONTEXT((#8843,#8844,#8845)) REPRESENTATION_CONTEXT
('Context #1','3D Context with UNIT and UNCERTAINTY') );
#8843 = ( LENGTH_UNIT() NAMED_UNIT(*) SI_UNIT(.MILLI.,.METRE.) );
#8844 = ( NAMED_UNIT(*) PLANE_ANGLE_UNIT() SI_UNIT($,.RADIAN.) );
#8845 = ( NAMED_UNIT(*) SI_UNIT($,.STERADIAN.) SOLID_ANGLE_UNIT() );
#8846 = UNCERTAINTY_MEASURE_WITH_UNIT(LENGTH_MEASURE(1.E-07),#8843,
  'distance_accuracy_value','confusion accuracy');
#8847 = CONTEXT_DEPENDENT_SHAPE_REPRESENTATION(#8848,#8850);
#8848 = ( REPRESENTATION_RELATIONSHIP('','',#8691,#10) 
REPRESENTATION_RELATIONSHIP_WITH_TRANSFORMATION(#8849) 
SHAPE_REPRESENTATION_RELATIONSHIP() );
#8849 = ITEM_DEFINED_TRANSFORMATION('','',#11,#179);
#8850 = PRODUCT_DEFINITION_SHAPE('Placement','Placement of an item',
  #8851);
#8851 = NEXT_ASSEMBLY_USAGE_OCCURRENCE('42',
  'P42 Upper transition band 45 / 2','',#5,#8686,$);
#8852 = PRODUCT_RELATED_PRODUCT_CATEGORY('part',$,(#8688));
#8853 = SHAPE_DEFINITION_REPRESENTATION(#8854,#8860);
#8854 = PRODUCT_DEFINITION_SHAPE('','',#8855);
#8855 = PRODUCT_DEFINITION('design','',#8856,#8859);
#8856 = PRODUCT_DEFINITION_FORMATION('','',#8857);
#8857 = PRODUCT('P43 Upper transition band 135 / 1',
  'P43 Upper transition band 135 / 1','',(#8858));
#8858 = PRODUCT_CONTEXT('',#2,'mechanical');
#8859 = PRODUCT_DEFINITION_CONTEXT('part definition',#2,'design');
#8860 = ADVANCED_BREP_SHAPE_REPRESENTATION('',(#11,#8861),#9011);
#8861 = MANIFOLD_SOLID_BREP('',#8862);
#8862 = CLOSED_SHELL('',(#8863,#8903,#8943,#8965,#8987,#8999));
#8863 = ADVANCED_FACE('',(#8864),#8898,.F.);
#8864 = FACE_BOUND('',#8865,.F.);
#8865 = EDGE_LOOP('',(#8866,#8876,#8884,#8892));
#8866 = ORIENTED_EDGE('',*,*,#8867,.F.);
#8867 = EDGE_CURVE('',#8868,#8870,#8872,.T.);
#8868 = VERTEX_POINT('',#8869);
#8869 = CARTESIAN_POINT('',(-144.9568901432,229.80970388562,
    381.90524980688));
#8870 = VERTEX_POINT('',#8871);
#8871 = CARTESIAN_POINT('',(-144.9568901432,229.80970388562,
    395.90524980688));
#8872 = LINE('',#8873,#8874);
#8873 = CARTESIAN_POINT('',(-144.9568901432,229.80970388562,
    381.90524980688));
#8874 = VECTOR('',#8875,1.);
#8875 = DIRECTION('',(0.,0.,1.));
#8876 = ORIENTED_EDGE('',*,*,#8877,.T.);
#8877 = EDGE_CURVE('',#8868,#8878,#8880,.T.);
#8878 = VERTEX_POINT('',#8879);
#8879 = CARTESIAN_POINT('',(-229.8097038856,144.95689014324,
    381.90524980688));
#8880 = LINE('',#8881,#8882);
#8881 = CARTESIAN_POINT('',(-144.9568901432,229.80970388562,
    381.90524980688));
#8882 = VECTOR('',#8883,1.);
#8883 = DIRECTION('',(-0.707106781187,-0.707106781187,0.));
#8884 = ORIENTED_EDGE('',*,*,#8885,.T.);
#8885 = EDGE_CURVE('',#8878,#8886,#8888,.T.);
#8886 = VERTEX_POINT('',#8887);
#8887 = CARTESIAN_POINT('',(-229.8097038856,144.95689014324,
    395.90524980688));
#8888 = LINE('',#8889,#8890);
#8889 = CARTESIAN_POINT('',(-229.8097038856,144.95689014324,
    381.90524980688));
#8890 = VECTOR('',#8891,1.);
#8891 = DIRECTION('',(0.,0.,1.));
#8892 = ORIENTED_EDGE('',*,*,#8893,.F.);
#8893 = EDGE_CURVE('',#8870,#8886,#8894,.T.);
#8894 = LINE('',#8895,#8896);
#8895 = CARTESIAN_POINT('',(-144.9568901432,229.80970388562,
    395.90524980688));
#8896 = VECTOR('',#8897,1.);
#8897 = DIRECTION('',(-0.707106781187,-0.707106781187,0.));
#8898 = PLANE('',#8899);
#8899 = AXIS2_PLACEMENT_3D('',#8900,#8901,#8902);
#8900 = CARTESIAN_POINT('',(-144.9568901432,229.80970388562,
    381.90524980688));
#8901 = DIRECTION('',(-0.707106781187,0.707106781187,0.));
#8902 = DIRECTION('',(0.,0.,1.));
#8903 = ADVANCED_FACE('',(#8904),#8938,.T.);
#8904 = FACE_BOUND('',#8905,.T.);
#8905 = EDGE_LOOP('',(#8906,#8916,#8924,#8932));
#8906 = ORIENTED_EDGE('',*,*,#8907,.F.);
#8907 = EDGE_CURVE('',#8908,#8910,#8912,.T.);
#8908 = VERTEX_POINT('',#8909);
#8909 = CARTESIAN_POINT('',(-159.0990257669,243.95183950935,
    381.90524980688));
#8910 = VERTEX_POINT('',#8911);
#8911 = CARTESIAN_POINT('',(-159.0990257669,243.95183950935,
    395.90524980688));
#8912 = LINE('',#8913,#8914);
#8913 = CARTESIAN_POINT('',(-159.0990257669,243.95183950935,
    381.90524980688));
#8914 = VECTOR('',#8915,1.);
#8915 = DIRECTION('',(0.,0.,1.));
#8916 = ORIENTED_EDGE('',*,*,#8917,.T.);
#8917 = EDGE_CURVE('',#8908,#8918,#8920,.T.);
#8918 = VERTEX_POINT('',#8919);
#8919 = CARTESIAN_POINT('',(-243.9518395093,159.09902576697,
    381.90524980688));
#8920 = LINE('',#8921,#8922);
#8921 = CARTESIAN_POINT('',(-159.0990257669,243.95183950935,
    381.90524980688));
#8922 = VECTOR('',#8923,1.);
#8923 = DIRECTION('',(-0.707106781187,-0.707106781187,0.));
#8924 = ORIENTED_EDGE('',*,*,#8925,.T.);
#8925 = EDGE_CURVE('',#8918,#8926,#8928,.T.);
#8926 = VERTEX_POINT('',#8927);
#8927 = CARTESIAN_POINT('',(-243.9518395093,159.09902576697,
    395.90524980688));
#8928 = LINE('',#8929,#8930);
#8929 = CARTESIAN_POINT('',(-243.9518395093,159.09902576697,
    381.90524980688));
#8930 = VECTOR('',#8931,1.);
#8931 = DIRECTION('',(0.,0.,1.));
#8932 = ORIENTED_EDGE('',*,*,#8933,.F.);
#8933 = EDGE_CURVE('',#8910,#8926,#8934,.T.);
#8934 = LINE('',#8935,#8936);
#8935 = CARTESIAN_POINT('',(-159.0990257669,243.95183950935,
    395.90524980688));
#8936 = VECTOR('',#8937,1.);
#8937 = DIRECTION('',(-0.707106781187,-0.707106781187,0.));
#8938 = PLANE('',#8939);
#8939 = AXIS2_PLACEMENT_3D('',#8940,#8941,#8942);
#8940 = CARTESIAN_POINT('',(-159.0990257669,243.95183950935,
    381.90524980688));
#8941 = DIRECTION('',(-0.707106781187,0.707106781187,0.));
#8942 = DIRECTION('',(0.,0.,1.));
#8943 = ADVANCED_FACE('',(#8944),#8960,.F.);
#8944 = FACE_BOUND('',#8945,.F.);
#8945 = EDGE_LOOP('',(#8946,#8952,#8953,#8959));
#8946 = ORIENTED_EDGE('',*,*,#8947,.F.);
#8947 = EDGE_CURVE('',#8868,#8908,#8948,.T.);
#8948 = LINE('',#8949,#8950);
#8949 = CARTESIAN_POINT('',(-144.9568901432,229.80970388562,
    381.90524980688));
#8950 = VECTOR('',#8951,1.);
#8951 = DIRECTION('',(-0.707106781187,0.707106781187,0.));
#8952 = ORIENTED_EDGE('',*,*,#8867,.T.);
#8953 = ORIENTED_EDGE('',*,*,#8954,.T.);
#8954 = EDGE_CURVE('',#8870,#8910,#8955,.T.);
#8955 = LINE('',#8956,#8957);
#8956 = CARTESIAN_POINT('',(-144.9568901432,229.80970388562,
    395.90524980688));
#8957 = VECTOR('',#8958,1.);
#8958 = DIRECTION('',(-0.707106781187,0.707106781187,0.));
#8959 = ORIENTED_EDGE('',*,*,#8907,.F.);
#8960 = PLANE('',#8961);
#8961 = AXIS2_PLACEMENT_3D('',#8962,#8963,#8964);
#8962 = CARTESIAN_POINT('',(-144.9568901432,229.80970388562,
    381.90524980688));
#8963 = DIRECTION('',(-0.707106781187,-0.707106781187,0.));
#8964 = DIRECTION('',(0.,0.,1.));
#8965 = ADVANCED_FACE('',(#8966),#8982,.T.);
#8966 = FACE_BOUND('',#8967,.T.);
#8967 = EDGE_LOOP('',(#8968,#8974,#8975,#8981));
#8968 = ORIENTED_EDGE('',*,*,#8969,.F.);
#8969 = EDGE_CURVE('',#8878,#8918,#8970,.T.);
#8970 = LINE('',#8971,#8972);
#8971 = CARTESIAN_POINT('',(-229.8097038856,144.95689014324,
    381.90524980688));
#8972 = VECTOR('',#8973,1.);
#8973 = DIRECTION('',(-0.707106781187,0.707106781187,0.));
#8974 = ORIENTED_EDGE('',*,*,#8885,.T.);
#8975 = ORIENTED_EDGE('',*,*,#8976,.T.);
#8976 = EDGE_CURVE('',#8886,#8926,#8977,.T.);
#8977 = LINE('',#8978,#8979);
#8978 = CARTESIAN_POINT('',(-229.8097038856,144.95689014324,
    395.90524980688));
#8979 = VECTOR('',#8980,1.);
#8980 = DIRECTION('',(-0.707106781187,0.707106781187,0.));
#8981 = ORIENTED_EDGE('',*,*,#8925,.F.);
#8982 = PLANE('',#8983);
#8983 = AXIS2_PLACEMENT_3D('',#8984,#8985,#8986);
#8984 = CARTESIAN_POINT('',(-229.8097038856,144.95689014324,
    381.90524980688));
#8985 = DIRECTION('',(-0.707106781187,-0.707106781187,0.));
#8986 = DIRECTION('',(0.,0.,1.));
#8987 = ADVANCED_FACE('',(#8988),#8994,.F.);
#8988 = FACE_BOUND('',#8989,.F.);
#8989 = EDGE_LOOP('',(#8990,#8991,#8992,#8993));
#8990 = ORIENTED_EDGE('',*,*,#8877,.F.);
#8991 = ORIENTED_EDGE('',*,*,#8947,.T.);
#8992 = ORIENTED_EDGE('',*,*,#8917,.T.);
#8993 = ORIENTED_EDGE('',*,*,#8969,.F.);
#8994 = PLANE('',#8995);
#8995 = AXIS2_PLACEMENT_3D('',#8996,#8997,#8998);
#8996 = CARTESIAN_POINT('',(-144.9568901432,229.80970388562,
    381.90524980688));
#8997 = DIRECTION('',(0.,0.,1.));
#8998 = DIRECTION('',(-0.707106781187,0.707106781187,0.));
#8999 = ADVANCED_FACE('',(#9000),#9006,.T.);
#9000 = FACE_BOUND('',#9001,.T.);
#9001 = EDGE_LOOP('',(#9002,#9003,#9004,#9005));
#9002 = ORIENTED_EDGE('',*,*,#8893,.F.);
#9003 = ORIENTED_EDGE('',*,*,#8954,.T.);
#9004 = ORIENTED_EDGE('',*,*,#8933,.T.);
#9005 = ORIENTED_EDGE('',*,*,#8976,.F.);
#9006 = PLANE('',#9007);
#9007 = AXIS2_PLACEMENT_3D('',#9008,#9009,#9010);
#9008 = CARTESIAN_POINT('',(-144.9568901432,229.80970388562,
    395.90524980688));
#9009 = DIRECTION('',(0.,0.,1.));
#9010 = DIRECTION('',(-0.707106781187,0.707106781187,0.));
#9011 = ( GEOMETRIC_REPRESENTATION_CONTEXT(3) 
GLOBAL_UNCERTAINTY_ASSIGNED_CONTEXT((#9015)) 
GLOBAL_UNIT_ASSIGNED_CONTEXT((#9012,#9013,#9014)) REPRESENTATION_CONTEXT
('Context #1','3D Context with UNIT and UNCERTAINTY') );
#9012 = ( LENGTH_UNIT() NAMED_UNIT(*) SI_UNIT(.MILLI.,.METRE.) );
#9013 = ( NAMED_UNIT(*) PLANE_ANGLE_UNIT() SI_UNIT($,.RADIAN.) );
#9014 = ( NAMED_UNIT(*) SI_UNIT($,.STERADIAN.) SOLID_ANGLE_UNIT() );
#9015 = UNCERTAINTY_MEASURE_WITH_UNIT(LENGTH_MEASURE(1.E-07),#9012,
  'distance_accuracy_value','confusion accuracy');
#9016 = CONTEXT_DEPENDENT_SHAPE_REPRESENTATION(#9017,#9019);
#9017 = ( REPRESENTATION_RELATIONSHIP('','',#8860,#10) 
REPRESENTATION_RELATIONSHIP_WITH_TRANSFORMATION(#9018) 
SHAPE_REPRESENTATION_RELATIONSHIP() );
#9018 = ITEM_DEFINED_TRANSFORMATION('','',#11,#183);
#9019 = PRODUCT_DEFINITION_SHAPE('Placement','Placement of an item',
  #9020);
#9020 = NEXT_ASSEMBLY_USAGE_OCCURRENCE('43',
  'P43 Upper transition band 135 / 1','',#5,#8855,$);
#9021 = PRODUCT_RELATED_PRODUCT_CATEGORY('part',$,(#8857));
#9022 = SHAPE_DEFINITION_REPRESENTATION(#9023,#9029);
#9023 = PRODUCT_DEFINITION_SHAPE('','',#9024);
#9024 = PRODUCT_DEFINITION('design','',#9025,#9028);
#9025 = PRODUCT_DEFINITION_FORMATION('','',#9026);
#9026 = PRODUCT('P44 Upper transition band 135 / 2',
  'P44 Upper transition band 135 / 2','',(#9027));
#9027 = PRODUCT_CONTEXT('',#2,'mechanical');
#9028 = PRODUCT_DEFINITION_CONTEXT('part definition',#2,'design');
#9029 = ADVANCED_BREP_SHAPE_REPRESENTATION('',(#11,#9030),#9180);
#9030 = MANIFOLD_SOLID_BREP('',#9031);
#9031 = CLOSED_SHELL('',(#9032,#9072,#9112,#9134,#9156,#9168));
#9032 = ADVANCED_FACE('',(#9033),#9067,.F.);
#9033 = FACE_BOUND('',#9034,.F.);
#9034 = EDGE_LOOP('',(#9035,#9045,#9053,#9061));
#9035 = ORIENTED_EDGE('',*,*,#9036,.F.);
#9036 = EDGE_CURVE('',#9037,#9039,#9041,.T.);
#9037 = VERTEX_POINT('',#9038);
#9038 = CARTESIAN_POINT('',(-144.9568901432,229.80970388562,
    353.90524980688));
#9039 = VERTEX_POINT('',#9040);
#9040 = CARTESIAN_POINT('',(-144.9568901432,229.80970388562,
    367.90524980688));
#9041 = LINE('',#9042,#9043);
#9042 = CARTESIAN_POINT('',(-144.9568901432,229.80970388562,
    353.90524980688));
#9043 = VECTOR('',#9044,1.);
#9044 = DIRECTION('',(0.,0.,1.));
#9045 = ORIENTED_EDGE('',*,*,#9046,.T.);
#9046 = EDGE_CURVE('',#9037,#9047,#9049,.T.);
#9047 = VERTEX_POINT('',#9048);
#9048 = CARTESIAN_POINT('',(-229.8097038856,144.95689014324,
    353.90524980688));
#9049 = LINE('',#9050,#9051);
#9050 = CARTESIAN_POINT('',(-144.9568901432,229.80970388562,
    353.90524980688));
#9051 = VECTOR('',#9052,1.);
#9052 = DIRECTION('',(-0.707106781187,-0.707106781187,0.));
#9053 = ORIENTED_EDGE('',*,*,#9054,.T.);
#9054 = EDGE_CURVE('',#9047,#9055,#9057,.T.);
#9055 = VERTEX_POINT('',#9056);
#9056 = CARTESIAN_POINT('',(-229.8097038856,144.95689014324,
    367.90524980688));
#9057 = LINE('',#9058,#9059);
#9058 = CARTESIAN_POINT('',(-229.8097038856,144.95689014324,
    353.90524980688));
#9059 = VECTOR('',#9060,1.);
#9060 = DIRECTION('',(0.,0.,1.));
#9061 = ORIENTED_EDGE('',*,*,#9062,.F.);
#9062 = EDGE_CURVE('',#9039,#9055,#9063,.T.);
#9063 = LINE('',#9064,#9065);
#9064 = CARTESIAN_POINT('',(-144.9568901432,229.80970388562,
    367.90524980688));
#9065 = VECTOR('',#9066,1.);
#9066 = DIRECTION('',(-0.707106781187,-0.707106781187,0.));
#9067 = PLANE('',#9068);
#9068 = AXIS2_PLACEMENT_3D('',#9069,#9070,#9071);
#9069 = CARTESIAN_POINT('',(-144.9568901432,229.80970388562,
    353.90524980688));
#9070 = DIRECTION('',(-0.707106781187,0.707106781187,0.));
#9071 = DIRECTION('',(0.,0.,1.));
#9072 = ADVANCED_FACE('',(#9073),#9107,.T.);
#9073 = FACE_BOUND('',#9074,.T.);
#9074 = EDGE_LOOP('',(#9075,#9085,#9093,#9101));
#9075 = ORIENTED_EDGE('',*,*,#9076,.F.);
#9076 = EDGE_CURVE('',#9077,#9079,#9081,.T.);
#9077 = VERTEX_POINT('',#9078);
#9078 = CARTESIAN_POINT('',(-159.0990257669,243.95183950935,
    353.90524980688));
#9079 = VERTEX_POINT('',#9080);
#9080 = CARTESIAN_POINT('',(-159.0990257669,243.95183950935,
    367.90524980688));
#9081 = LINE('',#9082,#9083);
#9082 = CARTESIAN_POINT('',(-159.0990257669,243.95183950935,
    353.90524980688));
#9083 = VECTOR('',#9084,1.);
#9084 = DIRECTION('',(0.,0.,1.));
#9085 = ORIENTED_EDGE('',*,*,#9086,.T.);
#9086 = EDGE_CURVE('',#9077,#9087,#9089,.T.);
#9087 = VERTEX_POINT('',#9088);
#9088 = CARTESIAN_POINT('',(-243.9518395093,159.09902576697,
    353.90524980688));
#9089 = LINE('',#9090,#9091);
#9090 = CARTESIAN_POINT('',(-159.0990257669,243.95183950935,
    353.90524980688));
#9091 = VECTOR('',#9092,1.);
#9092 = DIRECTION('',(-0.707106781187,-0.707106781187,0.));
#9093 = ORIENTED_EDGE('',*,*,#9094,.T.);
#9094 = EDGE_CURVE('',#9087,#9095,#9097,.T.);
#9095 = VERTEX_POINT('',#9096);
#9096 = CARTESIAN_POINT('',(-243.9518395093,159.09902576697,
    367.90524980688));
#9097 = LINE('',#9098,#9099);
#9098 = CARTESIAN_POINT('',(-243.9518395093,159.09902576697,
    353.90524980688));
#9099 = VECTOR('',#9100,1.);
#9100 = DIRECTION('',(0.,0.,1.));
#9101 = ORIENTED_EDGE('',*,*,#9102,.F.);
#9102 = EDGE_CURVE('',#9079,#9095,#9103,.T.);
#9103 = LINE('',#9104,#9105);
#9104 = CARTESIAN_POINT('',(-159.0990257669,243.95183950935,
    367.90524980688));
#9105 = VECTOR('',#9106,1.);
#9106 = DIRECTION('',(-0.707106781187,-0.707106781187,0.));
#9107 = PLANE('',#9108);
#9108 = AXIS2_PLACEMENT_3D('',#9109,#9110,#9111);
#9109 = CARTESIAN_POINT('',(-159.0990257669,243.95183950935,
    353.90524980688));
#9110 = DIRECTION('',(-0.707106781187,0.707106781187,0.));
#9111 = DIRECTION('',(0.,0.,1.));
#9112 = ADVANCED_FACE('',(#9113),#9129,.F.);
#9113 = FACE_BOUND('',#9114,.F.);
#9114 = EDGE_LOOP('',(#9115,#9121,#9122,#9128));
#9115 = ORIENTED_EDGE('',*,*,#9116,.F.);
#9116 = EDGE_CURVE('',#9037,#9077,#9117,.T.);
#9117 = LINE('',#9118,#9119);
#9118 = CARTESIAN_POINT('',(-144.9568901432,229.80970388562,
    353.90524980688));
#9119 = VECTOR('',#9120,1.);
#9120 = DIRECTION('',(-0.707106781187,0.707106781187,0.));
#9121 = ORIENTED_EDGE('',*,*,#9036,.T.);
#9122 = ORIENTED_EDGE('',*,*,#9123,.T.);
#9123 = EDGE_CURVE('',#9039,#9079,#9124,.T.);
#9124 = LINE('',#9125,#9126);
#9125 = CARTESIAN_POINT('',(-144.9568901432,229.80970388562,
    367.90524980688));
#9126 = VECTOR('',#9127,1.);
#9127 = DIRECTION('',(-0.707106781187,0.707106781187,0.));
#9128 = ORIENTED_EDGE('',*,*,#9076,.F.);
#9129 = PLANE('',#9130);
#9130 = AXIS2_PLACEMENT_3D('',#9131,#9132,#9133);
#9131 = CARTESIAN_POINT('',(-144.9568901432,229.80970388562,
    353.90524980688));
#9132 = DIRECTION('',(-0.707106781187,-0.707106781187,0.));
#9133 = DIRECTION('',(0.,0.,1.));
#9134 = ADVANCED_FACE('',(#9135),#9151,.T.);
#9135 = FACE_BOUND('',#9136,.T.);
#9136 = EDGE_LOOP('',(#9137,#9143,#9144,#9150));
#9137 = ORIENTED_EDGE('',*,*,#9138,.F.);
#9138 = EDGE_CURVE('',#9047,#9087,#9139,.T.);
#9139 = LINE('',#9140,#9141);
#9140 = CARTESIAN_POINT('',(-229.8097038856,144.95689014324,
    353.90524980688));
#9141 = VECTOR('',#9142,1.);
#9142 = DIRECTION('',(-0.707106781187,0.707106781187,0.));
#9143 = ORIENTED_EDGE('',*,*,#9054,.T.);
#9144 = ORIENTED_EDGE('',*,*,#9145,.T.);
#9145 = EDGE_CURVE('',#9055,#9095,#9146,.T.);
#9146 = LINE('',#9147,#9148);
#9147 = CARTESIAN_POINT('',(-229.8097038856,144.95689014324,
    367.90524980688));
#9148 = VECTOR('',#9149,1.);
#9149 = DIRECTION('',(-0.707106781187,0.707106781187,0.));
#9150 = ORIENTED_EDGE('',*,*,#9094,.F.);
#9151 = PLANE('',#9152);
#9152 = AXIS2_PLACEMENT_3D('',#9153,#9154,#9155);
#9153 = CARTESIAN_POINT('',(-229.8097038856,144.95689014324,
    353.90524980688));
#9154 = DIRECTION('',(-0.707106781187,-0.707106781187,0.));
#9155 = DIRECTION('',(0.,0.,1.));
#9156 = ADVANCED_FACE('',(#9157),#9163,.F.);
#9157 = FACE_BOUND('',#9158,.F.);
#9158 = EDGE_LOOP('',(#9159,#9160,#9161,#9162));
#9159 = ORIENTED_EDGE('',*,*,#9046,.F.);
#9160 = ORIENTED_EDGE('',*,*,#9116,.T.);
#9161 = ORIENTED_EDGE('',*,*,#9086,.T.);
#9162 = ORIENTED_EDGE('',*,*,#9138,.F.);
#9163 = PLANE('',#9164);
#9164 = AXIS2_PLACEMENT_3D('',#9165,#9166,#9167);
#9165 = CARTESIAN_POINT('',(-144.9568901432,229.80970388562,
    353.90524980688));
#9166 = DIRECTION('',(0.,0.,1.));
#9167 = DIRECTION('',(-0.707106781187,0.707106781187,0.));
#9168 = ADVANCED_FACE('',(#9169),#9175,.T.);
#9169 = FACE_BOUND('',#9170,.T.);
#9170 = EDGE_LOOP('',(#9171,#9172,#9173,#9174));
#9171 = ORIENTED_EDGE('',*,*,#9062,.F.);
#9172 = ORIENTED_EDGE('',*,*,#9123,.T.);
#9173 = ORIENTED_EDGE('',*,*,#9102,.T.);
#9174 = ORIENTED_EDGE('',*,*,#9145,.F.);
#9175 = PLANE('',#9176);
#9176 = AXIS2_PLACEMENT_3D('',#9177,#9178,#9179);
#9177 = CARTESIAN_POINT('',(-144.9568901432,229.80970388562,
    367.90524980688));
#9178 = DIRECTION('',(0.,0.,1.));
#9179 = DIRECTION('',(-0.707106781187,0.707106781187,0.));
#9180 = ( GEOMETRIC_REPRESENTATION_CONTEXT(3) 
GLOBAL_UNCERTAINTY_ASSIGNED_CONTEXT((#9184)) 
GLOBAL_UNIT_ASSIGNED_CONTEXT((#9181,#9182,#9183)) REPRESENTATION_CONTEXT
('Context #1','3D Context with UNIT and UNCERTAINTY') );
#9181 = ( LENGTH_UNIT() NAMED_UNIT(*) SI_UNIT(.MILLI.,.METRE.) );
#9182 = ( NAMED_UNIT(*) PLANE_ANGLE_UNIT() SI_UNIT($,.RADIAN.) );
#9183 = ( NAMED_UNIT(*) SI_UNIT($,.STERADIAN.) SOLID_ANGLE_UNIT() );
#9184 = UNCERTAINTY_MEASURE_WITH_UNIT(LENGTH_MEASURE(1.E-07),#9181,
  'distance_accuracy_value','confusion accuracy');
#9185 = CONTEXT_DEPENDENT_SHAPE_REPRESENTATION(#9186,#9188);
#9186 = ( REPRESENTATION_RELATIONSHIP('','',#9029,#10) 
REPRESENTATION_RELATIONSHIP_WITH_TRANSFORMATION(#9187) 
SHAPE_REPRESENTATION_RELATIONSHIP() );
#9187 = ITEM_DEFINED_TRANSFORMATION('','',#11,#187);
#9188 = PRODUCT_DEFINITION_SHAPE('Placement','Placement of an item',
  #9189);
#9189 = NEXT_ASSEMBLY_USAGE_OCCURRENCE('44',
  'P44 Upper transition band 135 / 2','',#5,#9024,$);
#9190 = PRODUCT_RELATED_PRODUCT_CATEGORY('part',$,(#9026));
#9191 = SHAPE_DEFINITION_REPRESENTATION(#9192,#9198);
#9192 = PRODUCT_DEFINITION_SHAPE('','',#9193);
#9193 = PRODUCT_DEFINITION('design','',#9194,#9197);
#9194 = PRODUCT_DEFINITION_FORMATION('','',#9195);
#9195 = PRODUCT('P45 Upper transition band 225 / 1',
  'P45 Upper transition band 225 / 1','',(#9196));
#9196 = PRODUCT_CONTEXT('',#2,'mechanical');
#9197 = PRODUCT_DEFINITION_CONTEXT('part definition',#2,'design');
#9198 = ADVANCED_BREP_SHAPE_REPRESENTATION('',(#11,#9199),#9349);
#9199 = MANIFOLD_SOLID_BREP('',#9200);
#9200 = CLOSED_SHELL('',(#9201,#9241,#9281,#9303,#9325,#9337));
#9201 = ADVANCED_FACE('',(#9202),#9236,.F.);
#9202 = FACE_BOUND('',#9203,.F.);
#9203 = EDGE_LOOP('',(#9204,#9214,#9222,#9230));
#9204 = ORIENTED_EDGE('',*,*,#9205,.F.);
#9205 = EDGE_CURVE('',#9206,#9208,#9210,.T.);
#9206 = VERTEX_POINT('',#9207);
#9207 = CARTESIAN_POINT('',(-229.8097038856,-144.9568901432,
    381.90524980688));
#9208 = VERTEX_POINT('',#9209);
#9209 = CARTESIAN_POINT('',(-229.8097038856,-144.9568901432,
    395.90524980688));
#9210 = LINE('',#9211,#9212);
#9211 = CARTESIAN_POINT('',(-229.8097038856,-144.9568901432,
    381.90524980688));
#9212 = VECTOR('',#9213,1.);
#9213 = DIRECTION('',(0.,0.,1.));
#9214 = ORIENTED_EDGE('',*,*,#9215,.T.);
#9215 = EDGE_CURVE('',#9206,#9216,#9218,.T.);
#9216 = VERTEX_POINT('',#9217);
#9217 = CARTESIAN_POINT('',(-144.9568901432,-229.8097038856,
    381.90524980688));
#9218 = LINE('',#9219,#9220);
#9219 = CARTESIAN_POINT('',(-229.8097038856,-144.9568901432,
    381.90524980688));
#9220 = VECTOR('',#9221,1.);
#9221 = DIRECTION('',(0.707106781187,-0.707106781187,0.));
#9222 = ORIENTED_EDGE('',*,*,#9223,.T.);
#9223 = EDGE_CURVE('',#9216,#9224,#9226,.T.);
#9224 = VERTEX_POINT('',#9225);
#9225 = CARTESIAN_POINT('',(-144.9568901432,-229.8097038856,
    395.90524980688));
#9226 = LINE('',#9227,#9228);
#9227 = CARTESIAN_POINT('',(-144.9568901432,-229.8097038856,
    381.90524980688));
#9228 = VECTOR('',#9229,1.);
#9229 = DIRECTION('',(0.,0.,1.));
#9230 = ORIENTED_EDGE('',*,*,#9231,.F.);
#9231 = EDGE_CURVE('',#9208,#9224,#9232,.T.);
#9232 = LINE('',#9233,#9234);
#9233 = CARTESIAN_POINT('',(-229.8097038856,-144.9568901432,
    395.90524980688));
#9234 = VECTOR('',#9235,1.);
#9235 = DIRECTION('',(0.707106781187,-0.707106781187,0.));
#9236 = PLANE('',#9237);
#9237 = AXIS2_PLACEMENT_3D('',#9238,#9239,#9240);
#9238 = CARTESIAN_POINT('',(-229.8097038856,-144.9568901432,
    381.90524980688));
#9239 = DIRECTION('',(-0.707106781187,-0.707106781187,0.));
#9240 = DIRECTION('',(0.,0.,1.));
#9241 = ADVANCED_FACE('',(#9242),#9276,.T.);
#9242 = FACE_BOUND('',#9243,.T.);
#9243 = EDGE_LOOP('',(#9244,#9254,#9262,#9270));
#9244 = ORIENTED_EDGE('',*,*,#9245,.F.);
#9245 = EDGE_CURVE('',#9246,#9248,#9250,.T.);
#9246 = VERTEX_POINT('',#9247);
#9247 = CARTESIAN_POINT('',(-243.9518395093,-159.0990257669,
    381.90524980688));
#9248 = VERTEX_POINT('',#9249);
#9249 = CARTESIAN_POINT('',(-243.9518395093,-159.0990257669,
    395.90524980688));
#9250 = LINE('',#9251,#9252);
#9251 = CARTESIAN_POINT('',(-243.9518395093,-159.0990257669,
    381.90524980688));
#9252 = VECTOR('',#9253,1.);
#9253 = DIRECTION('',(0.,0.,1.));
#9254 = ORIENTED_EDGE('',*,*,#9255,.T.);
#9255 = EDGE_CURVE('',#9246,#9256,#9258,.T.);
#9256 = VERTEX_POINT('',#9257);
#9257 = CARTESIAN_POINT('',(-159.0990257669,-243.9518395093,
    381.90524980688));
#9258 = LINE('',#9259,#9260);
#9259 = CARTESIAN_POINT('',(-243.9518395093,-159.0990257669,
    381.90524980688));
#9260 = VECTOR('',#9261,1.);
#9261 = DIRECTION('',(0.707106781187,-0.707106781187,0.));
#9262 = ORIENTED_EDGE('',*,*,#9263,.T.);
#9263 = EDGE_CURVE('',#9256,#9264,#9266,.T.);
#9264 = VERTEX_POINT('',#9265);
#9265 = CARTESIAN_POINT('',(-159.0990257669,-243.9518395093,
    395.90524980688));
#9266 = LINE('',#9267,#9268);
#9267 = CARTESIAN_POINT('',(-159.0990257669,-243.9518395093,
    381.90524980688));
#9268 = VECTOR('',#9269,1.);
#9269 = DIRECTION('',(0.,0.,1.));
#9270 = ORIENTED_EDGE('',*,*,#9271,.F.);
#9271 = EDGE_CURVE('',#9248,#9264,#9272,.T.);
#9272 = LINE('',#9273,#9274);
#9273 = CARTESIAN_POINT('',(-243.9518395093,-159.0990257669,
    395.90524980688));
#9274 = VECTOR('',#9275,1.);
#9275 = DIRECTION('',(0.707106781187,-0.707106781187,0.));
#9276 = PLANE('',#9277);
#9277 = AXIS2_PLACEMENT_3D('',#9278,#9279,#9280);
#9278 = CARTESIAN_POINT('',(-243.9518395093,-159.0990257669,
    381.90524980688));
#9279 = DIRECTION('',(-0.707106781187,-0.707106781187,0.));
#9280 = DIRECTION('',(0.,0.,1.));
#9281 = ADVANCED_FACE('',(#9282),#9298,.F.);
#9282 = FACE_BOUND('',#9283,.F.);
#9283 = EDGE_LOOP('',(#9284,#9290,#9291,#9297));
#9284 = ORIENTED_EDGE('',*,*,#9285,.F.);
#9285 = EDGE_CURVE('',#9206,#9246,#9286,.T.);
#9286 = LINE('',#9287,#9288);
#9287 = CARTESIAN_POINT('',(-229.8097038856,-144.9568901432,
    381.90524980688));
#9288 = VECTOR('',#9289,1.);
#9289 = DIRECTION('',(-0.707106781187,-0.707106781187,0.));
#9290 = ORIENTED_EDGE('',*,*,#9205,.T.);
#9291 = ORIENTED_EDGE('',*,*,#9292,.T.);
#9292 = EDGE_CURVE('',#9208,#9248,#9293,.T.);
#9293 = LINE('',#9294,#9295);
#9294 = CARTESIAN_POINT('',(-229.8097038856,-144.9568901432,
    395.90524980688));
#9295 = VECTOR('',#9296,1.);
#9296 = DIRECTION('',(-0.707106781187,-0.707106781187,0.));
#9297 = ORIENTED_EDGE('',*,*,#9245,.F.);
#9298 = PLANE('',#9299);
#9299 = AXIS2_PLACEMENT_3D('',#9300,#9301,#9302);
#9300 = CARTESIAN_POINT('',(-229.8097038856,-144.9568901432,
    381.90524980688));
#9301 = DIRECTION('',(0.707106781187,-0.707106781187,0.));
#9302 = DIRECTION('',(0.,0.,1.));
#9303 = ADVANCED_FACE('',(#9304),#9320,.T.);
#9304 = FACE_BOUND('',#9305,.T.);
#9305 = EDGE_LOOP('',(#9306,#9312,#9313,#9319));
#9306 = ORIENTED_EDGE('',*,*,#9307,.F.);
#9307 = EDGE_CURVE('',#9216,#9256,#9308,.T.);
#9308 = LINE('',#9309,#9310);
#9309 = CARTESIAN_POINT('',(-144.9568901432,-229.8097038856,
    381.90524980688));
#9310 = VECTOR('',#9311,1.);
#9311 = DIRECTION('',(-0.707106781187,-0.707106781187,0.));
#9312 = ORIENTED_EDGE('',*,*,#9223,.T.);
#9313 = ORIENTED_EDGE('',*,*,#9314,.T.);
#9314 = EDGE_CURVE('',#9224,#9264,#9315,.T.);
#9315 = LINE('',#9316,#9317);
#9316 = CARTESIAN_POINT('',(-144.9568901432,-229.8097038856,
    395.90524980688));
#9317 = VECTOR('',#9318,1.);
#9318 = DIRECTION('',(-0.707106781187,-0.707106781187,0.));
#9319 = ORIENTED_EDGE('',*,*,#9263,.F.);
#9320 = PLANE('',#9321);
#9321 = AXIS2_PLACEMENT_3D('',#9322,#9323,#9324);
#9322 = CARTESIAN_POINT('',(-144.9568901432,-229.8097038856,
    381.90524980688));
#9323 = DIRECTION('',(0.707106781187,-0.707106781187,0.));
#9324 = DIRECTION('',(0.,0.,1.));
#9325 = ADVANCED_FACE('',(#9326),#9332,.F.);
#9326 = FACE_BOUND('',#9327,.F.);
#9327 = EDGE_LOOP('',(#9328,#9329,#9330,#9331));
#9328 = ORIENTED_EDGE('',*,*,#9215,.F.);
#9329 = ORIENTED_EDGE('',*,*,#9285,.T.);
#9330 = ORIENTED_EDGE('',*,*,#9255,.T.);
#9331 = ORIENTED_EDGE('',*,*,#9307,.F.);
#9332 = PLANE('',#9333);
#9333 = AXIS2_PLACEMENT_3D('',#9334,#9335,#9336);
#9334 = CARTESIAN_POINT('',(-229.8097038856,-144.9568901432,
    381.90524980688));
#9335 = DIRECTION('',(0.,0.,1.));
#9336 = DIRECTION('',(-0.707106781187,-0.707106781187,0.));
#9337 = ADVANCED_FACE('',(#9338),#9344,.T.);
#9338 = FACE_BOUND('',#9339,.T.);
#9339 = EDGE_LOOP('',(#9340,#9341,#9342,#9343));
#9340 = ORIENTED_EDGE('',*,*,#9231,.F.);
#9341 = ORIENTED_EDGE('',*,*,#9292,.T.);
#9342 = ORIENTED_EDGE('',*,*,#9271,.T.);
#9343 = ORIENTED_EDGE('',*,*,#9314,.F.);
#9344 = PLANE('',#9345);
#9345 = AXIS2_PLACEMENT_3D('',#9346,#9347,#9348);
#9346 = CARTESIAN_POINT('',(-229.8097038856,-144.9568901432,
    395.90524980688));
#9347 = DIRECTION('',(0.,0.,1.));
#9348 = DIRECTION('',(-0.707106781187,-0.707106781187,0.));
#9349 = ( GEOMETRIC_REPRESENTATION_CONTEXT(3) 
GLOBAL_UNCERTAINTY_ASSIGNED_CONTEXT((#9353)) 
GLOBAL_UNIT_ASSIGNED_CONTEXT((#9350,#9351,#9352)) REPRESENTATION_CONTEXT
('Context #1','3D Context with UNIT and UNCERTAINTY') );
#9350 = ( LENGTH_UNIT() NAMED_UNIT(*) SI_UNIT(.MILLI.,.METRE.) );
#9351 = ( NAMED_UNIT(*) PLANE_ANGLE_UNIT() SI_UNIT($,.RADIAN.) );
#9352 = ( NAMED_UNIT(*) SI_UNIT($,.STERADIAN.) SOLID_ANGLE_UNIT() );
#9353 = UNCERTAINTY_MEASURE_WITH_UNIT(LENGTH_MEASURE(1.E-07),#9350,
  'distance_accuracy_value','confusion accuracy');
#9354 = CONTEXT_DEPENDENT_SHAPE_REPRESENTATION(#9355,#9357);
#9355 = ( REPRESENTATION_RELATIONSHIP('','',#9198,#10) 
REPRESENTATION_RELATIONSHIP_WITH_TRANSFORMATION(#9356) 
SHAPE_REPRESENTATION_RELATIONSHIP() );
#9356 = ITEM_DEFINED_TRANSFORMATION('','',#11,#191);
#9357 = PRODUCT_DEFINITION_SHAPE('Placement','Placement of an item',
  #9358);
#9358 = NEXT_ASSEMBLY_USAGE_OCCURRENCE('45',
  'P45 Upper transition band 225 / 1','',#5,#9193,$);
#9359 = PRODUCT_RELATED_PRODUCT_CATEGORY('part',$,(#9195));
#9360 = SHAPE_DEFINITION_REPRESENTATION(#9361,#9367);
#9361 = PRODUCT_DEFINITION_SHAPE('','',#9362);
#9362 = PRODUCT_DEFINITION('design','',#9363,#9366);
#9363 = PRODUCT_DEFINITION_FORMATION('','',#9364);
#9364 = PRODUCT('P46 Upper transition band 225 / 2',
  'P46 Upper transition band 225 / 2','',(#9365));
#9365 = PRODUCT_CONTEXT('',#2,'mechanical');
#9366 = PRODUCT_DEFINITION_CONTEXT('part definition',#2,'design');
#9367 = ADVANCED_BREP_SHAPE_REPRESENTATION('',(#11,#9368),#9518);
#9368 = MANIFOLD_SOLID_BREP('',#9369);
#9369 = CLOSED_SHELL('',(#9370,#9410,#9450,#9472,#9494,#9506));
#9370 = ADVANCED_FACE('',(#9371),#9405,.F.);
#9371 = FACE_BOUND('',#9372,.F.);
#9372 = EDGE_LOOP('',(#9373,#9383,#9391,#9399));
#9373 = ORIENTED_EDGE('',*,*,#9374,.F.);
#9374 = EDGE_CURVE('',#9375,#9377,#9379,.T.);
#9375 = VERTEX_POINT('',#9376);
#9376 = CARTESIAN_POINT('',(-229.8097038856,-144.9568901432,
    353.90524980688));
#9377 = VERTEX_POINT('',#9378);
#9378 = CARTESIAN_POINT('',(-229.8097038856,-144.9568901432,
    367.90524980688));
#9379 = LINE('',#9380,#9381);
#9380 = CARTESIAN_POINT('',(-229.8097038856,-144.9568901432,
    353.90524980688));
#9381 = VECTOR('',#9382,1.);
#9382 = DIRECTION('',(0.,0.,1.));
#9383 = ORIENTED_EDGE('',*,*,#9384,.T.);
#9384 = EDGE_CURVE('',#9375,#9385,#9387,.T.);
#9385 = VERTEX_POINT('',#9386);
#9386 = CARTESIAN_POINT('',(-144.9568901432,-229.8097038856,
    353.90524980688));
#9387 = LINE('',#9388,#9389);
#9388 = CARTESIAN_POINT('',(-229.8097038856,-144.9568901432,
    353.90524980688));
#9389 = VECTOR('',#9390,1.);
#9390 = DIRECTION('',(0.707106781187,-0.707106781187,0.));
#9391 = ORIENTED_EDGE('',*,*,#9392,.T.);
#9392 = EDGE_CURVE('',#9385,#9393,#9395,.T.);
#9393 = VERTEX_POINT('',#9394);
#9394 = CARTESIAN_POINT('',(-144.9568901432,-229.8097038856,
    367.90524980688));
#9395 = LINE('',#9396,#9397);
#9396 = CARTESIAN_POINT('',(-144.9568901432,-229.8097038856,
    353.90524980688));
#9397 = VECTOR('',#9398,1.);
#9398 = DIRECTION('',(0.,0.,1.));
#9399 = ORIENTED_EDGE('',*,*,#9400,.F.);
#9400 = EDGE_CURVE('',#9377,#9393,#9401,.T.);
#9401 = LINE('',#9402,#9403);
#9402 = CARTESIAN_POINT('',(-229.8097038856,-144.9568901432,
    367.90524980688));
#9403 = VECTOR('',#9404,1.);
#9404 = DIRECTION('',(0.707106781187,-0.707106781187,0.));
#9405 = PLANE('',#9406);
#9406 = AXIS2_PLACEMENT_3D('',#9407,#9408,#9409);
#9407 = CARTESIAN_POINT('',(-229.8097038856,-144.9568901432,
    353.90524980688));
#9408 = DIRECTION('',(-0.707106781187,-0.707106781187,0.));
#9409 = DIRECTION('',(0.,0.,1.));
#9410 = ADVANCED_FACE('',(#9411),#9445,.T.);
#9411 = FACE_BOUND('',#9412,.T.);
#9412 = EDGE_LOOP('',(#9413,#9423,#9431,#9439));
#9413 = ORIENTED_EDGE('',*,*,#9414,.F.);
#9414 = EDGE_CURVE('',#9415,#9417,#9419,.T.);
#9415 = VERTEX_POINT('',#9416);
#9416 = CARTESIAN_POINT('',(-243.9518395093,-159.0990257669,
    353.90524980688));
#9417 = VERTEX_POINT('',#9418);
#9418 = CARTESIAN_POINT('',(-243.9518395093,-159.0990257669,
    367.90524980688));
#9419 = LINE('',#9420,#9421);
#9420 = CARTESIAN_POINT('',(-243.9518395093,-159.0990257669,
    353.90524980688));
#9421 = VECTOR('',#9422,1.);
#9422 = DIRECTION('',(0.,0.,1.));
#9423 = ORIENTED_EDGE('',*,*,#9424,.T.);
#9424 = EDGE_CURVE('',#9415,#9425,#9427,.T.);
#9425 = VERTEX_POINT('',#9426);
#9426 = CARTESIAN_POINT('',(-159.0990257669,-243.9518395093,
    353.90524980688));
#9427 = LINE('',#9428,#9429);
#9428 = CARTESIAN_POINT('',(-243.9518395093,-159.0990257669,
    353.90524980688));
#9429 = VECTOR('',#9430,1.);
#9430 = DIRECTION('',(0.707106781187,-0.707106781187,0.));
#9431 = ORIENTED_EDGE('',*,*,#9432,.T.);
#9432 = EDGE_CURVE('',#9425,#9433,#9435,.T.);
#9433 = VERTEX_POINT('',#9434);
#9434 = CARTESIAN_POINT('',(-159.0990257669,-243.9518395093,
    367.90524980688));
#9435 = LINE('',#9436,#9437);
#9436 = CARTESIAN_POINT('',(-159.0990257669,-243.9518395093,
    353.90524980688));
#9437 = VECTOR('',#9438,1.);
#9438 = DIRECTION('',(0.,0.,1.));
#9439 = ORIENTED_EDGE('',*,*,#9440,.F.);
#9440 = EDGE_CURVE('',#9417,#9433,#9441,.T.);
#9441 = LINE('',#9442,#9443);
#9442 = CARTESIAN_POINT('',(-243.9518395093,-159.0990257669,
    367.90524980688));
#9443 = VECTOR('',#9444,1.);
#9444 = DIRECTION('',(0.707106781187,-0.707106781187,0.));
#9445 = PLANE('',#9446);
#9446 = AXIS2_PLACEMENT_3D('',#9447,#9448,#9449);
#9447 = CARTESIAN_POINT('',(-243.9518395093,-159.0990257669,
    353.90524980688));
#9448 = DIRECTION('',(-0.707106781187,-0.707106781187,0.));
#9449 = DIRECTION('',(0.,0.,1.));
#9450 = ADVANCED_FACE('',(#9451),#9467,.F.);
#9451 = FACE_BOUND('',#9452,.F.);
#9452 = EDGE_LOOP('',(#9453,#9459,#9460,#9466));
#9453 = ORIENTED_EDGE('',*,*,#9454,.F.);
#9454 = EDGE_CURVE('',#9375,#9415,#9455,.T.);
#9455 = LINE('',#9456,#9457);
#9456 = CARTESIAN_POINT('',(-229.8097038856,-144.9568901432,
    353.90524980688));
#9457 = VECTOR('',#9458,1.);
#9458 = DIRECTION('',(-0.707106781187,-0.707106781187,0.));
#9459 = ORIENTED_EDGE('',*,*,#9374,.T.);
#9460 = ORIENTED_EDGE('',*,*,#9461,.T.);
#9461 = EDGE_CURVE('',#9377,#9417,#9462,.T.);
#9462 = LINE('',#9463,#9464);
#9463 = CARTESIAN_POINT('',(-229.8097038856,-144.9568901432,
    367.90524980688));
#9464 = VECTOR('',#9465,1.);
#9465 = DIRECTION('',(-0.707106781187,-0.707106781187,0.));
#9466 = ORIENTED_EDGE('',*,*,#9414,.F.);
#9467 = PLANE('',#9468);
#9468 = AXIS2_PLACEMENT_3D('',#9469,#9470,#9471);
#9469 = CARTESIAN_POINT('',(-229.8097038856,-144.9568901432,
    353.90524980688));
#9470 = DIRECTION('',(0.707106781187,-0.707106781187,0.));
#9471 = DIRECTION('',(0.,0.,1.));
#9472 = ADVANCED_FACE('',(#9473),#9489,.T.);
#9473 = FACE_BOUND('',#9474,.T.);
#9474 = EDGE_LOOP('',(#9475,#9481,#9482,#9488));
#9475 = ORIENTED_EDGE('',*,*,#9476,.F.);
#9476 = EDGE_CURVE('',#9385,#9425,#9477,.T.);
#9477 = LINE('',#9478,#9479);
#9478 = CARTESIAN_POINT('',(-144.9568901432,-229.8097038856,
    353.90524980688));
#9479 = VECTOR('',#9480,1.);
#9480 = DIRECTION('',(-0.707106781187,-0.707106781187,0.));
#9481 = ORIENTED_EDGE('',*,*,#9392,.T.);
#9482 = ORIENTED_EDGE('',*,*,#9483,.T.);
#9483 = EDGE_CURVE('',#9393,#9433,#9484,.T.);
#9484 = LINE('',#9485,#9486);
#9485 = CARTESIAN_POINT('',(-144.9568901432,-229.8097038856,
    367.90524980688));
#9486 = VECTOR('',#9487,1.);
#9487 = DIRECTION('',(-0.707106781187,-0.707106781187,0.));
#9488 = ORIENTED_EDGE('',*,*,#9432,.F.);
#9489 = PLANE('',#9490);
#9490 = AXIS2_PLACEMENT_3D('',#9491,#9492,#9493);
#9491 = CARTESIAN_POINT('',(-144.9568901432,-229.8097038856,
    353.90524980688));
#9492 = DIRECTION('',(0.707106781187,-0.707106781187,0.));
#9493 = DIRECTION('',(0.,0.,1.));
#9494 = ADVANCED_FACE('',(#9495),#9501,.F.);
#9495 = FACE_BOUND('',#9496,.F.);
#9496 = EDGE_LOOP('',(#9497,#9498,#9499,#9500));
#9497 = ORIENTED_EDGE('',*,*,#9384,.F.);
#9498 = ORIENTED_EDGE('',*,*,#9454,.T.);
#9499 = ORIENTED_EDGE('',*,*,#9424,.T.);
#9500 = ORIENTED_EDGE('',*,*,#9476,.F.);
#9501 = PLANE('',#9502);
#9502 = AXIS2_PLACEMENT_3D('',#9503,#9504,#9505);
#9503 = CARTESIAN_POINT('',(-229.8097038856,-144.9568901432,
    353.90524980688));
#9504 = DIRECTION('',(0.,0.,1.));
#9505 = DIRECTION('',(-0.707106781187,-0.707106781187,0.));
#9506 = ADVANCED_FACE('',(#9507),#9513,.T.);
#9507 = FACE_BOUND('',#9508,.T.);
#9508 = EDGE_LOOP('',(#9509,#9510,#9511,#9512));
#9509 = ORIENTED_EDGE('',*,*,#9400,.F.);
#9510 = ORIENTED_EDGE('',*,*,#9461,.T.);
#9511 = ORIENTED_EDGE('',*,*,#9440,.T.);
#9512 = ORIENTED_EDGE('',*,*,#9483,.F.);
#9513 = PLANE('',#9514);
#9514 = AXIS2_PLACEMENT_3D('',#9515,#9516,#9517);
#9515 = CARTESIAN_POINT('',(-229.8097038856,-144.9568901432,
    367.90524980688));
#9516 = DIRECTION('',(0.,0.,1.));
#9517 = DIRECTION('',(-0.707106781187,-0.707106781187,0.));
#9518 = ( GEOMETRIC_REPRESENTATION_CONTEXT(3) 
GLOBAL_UNCERTAINTY_ASSIGNED_CONTEXT((#9522)) 
GLOBAL_UNIT_ASSIGNED_CONTEXT((#9519,#9520,#9521)) REPRESENTATION_CONTEXT
('Context #1','3D Context with UNIT and UNCERTAINTY') );
#9519 = ( LENGTH_UNIT() NAMED_UNIT(*) SI_UNIT(.MILLI.,.METRE.) );
#9520 = ( NAMED_UNIT(*) PLANE_ANGLE_UNIT() SI_UNIT($,.RADIAN.) );
#9521 = ( NAMED_UNIT(*) SI_UNIT($,.STERADIAN.) SOLID_ANGLE_UNIT() );
#9522 = UNCERTAINTY_MEASURE_WITH_UNIT(LENGTH_MEASURE(1.E-07),#9519,
  'distance_accuracy_value','confusion accuracy');
#9523 = CONTEXT_DEPENDENT_SHAPE_REPRESENTATION(#9524,#9526);
#9524 = ( REPRESENTATION_RELATIONSHIP('','',#9367,#10) 
REPRESENTATION_RELATIONSHIP_WITH_TRANSFORMATION(#9525) 
SHAPE_REPRESENTATION_RELATIONSHIP() );
#9525 = ITEM_DEFINED_TRANSFORMATION('','',#11,#195);
#9526 = PRODUCT_DEFINITION_SHAPE('Placement','Placement of an item',
  #9527);
#9527 = NEXT_ASSEMBLY_USAGE_OCCURRENCE('46',
  'P46 Upper transition band 225 / 2','',#5,#9362,$);
#9528 = PRODUCT_RELATED_PRODUCT_CATEGORY('part',$,(#9364));
#9529 = SHAPE_DEFINITION_REPRESENTATION(#9530,#9536);
#9530 = PRODUCT_DEFINITION_SHAPE('','',#9531);
#9531 = PRODUCT_DEFINITION('design','',#9532,#9535);
#9532 = PRODUCT_DEFINITION_FORMATION('','',#9533);
#9533 = PRODUCT('P47 Upper transition band 315 / 1',
  'P47 Upper transition band 315 / 1','',(#9534));
#9534 = PRODUCT_CONTEXT('',#2,'mechanical');
#9535 = PRODUCT_DEFINITION_CONTEXT('part definition',#2,'design');
#9536 = ADVANCED_BREP_SHAPE_REPRESENTATION('',(#11,#9537),#9687);
#9537 = MANIFOLD_SOLID_BREP('',#9538);
#9538 = CLOSED_SHELL('',(#9539,#9579,#9619,#9641,#9663,#9675));
#9539 = ADVANCED_FACE('',(#9540),#9574,.F.);
#9540 = FACE_BOUND('',#9541,.F.);
#9541 = EDGE_LOOP('',(#9542,#9552,#9560,#9568));
#9542 = ORIENTED_EDGE('',*,*,#9543,.F.);
#9543 = EDGE_CURVE('',#9544,#9546,#9548,.T.);
#9544 = VERTEX_POINT('',#9545);
#9545 = CARTESIAN_POINT('',(144.95689014324,-229.8097038856,
    381.90524980688));
#9546 = VERTEX_POINT('',#9547);
#9547 = CARTESIAN_POINT('',(144.95689014324,-229.8097038856,
    395.90524980688));
#9548 = LINE('',#9549,#9550);
#9549 = CARTESIAN_POINT('',(144.95689014324,-229.8097038856,
    381.90524980688));
#9550 = VECTOR('',#9551,1.);
#9551 = DIRECTION('',(0.,0.,1.));
#9552 = ORIENTED_EDGE('',*,*,#9553,.T.);
#9553 = EDGE_CURVE('',#9544,#9554,#9556,.T.);
#9554 = VERTEX_POINT('',#9555);
#9555 = CARTESIAN_POINT('',(229.80970388562,-144.9568901432,
    381.90524980688));
#9556 = LINE('',#9557,#9558);
#9557 = CARTESIAN_POINT('',(144.95689014324,-229.8097038856,
    381.90524980688));
#9558 = VECTOR('',#9559,1.);
#9559 = DIRECTION('',(0.707106781187,0.707106781187,0.));
#9560 = ORIENTED_EDGE('',*,*,#9561,.T.);
#9561 = EDGE_CURVE('',#9554,#9562,#9564,.T.);
#9562 = VERTEX_POINT('',#9563);
#9563 = CARTESIAN_POINT('',(229.80970388562,-144.9568901432,
    395.90524980688));
#9564 = LINE('',#9565,#9566);
#9565 = CARTESIAN_POINT('',(229.80970388562,-144.9568901432,
    381.90524980688));
#9566 = VECTOR('',#9567,1.);
#9567 = DIRECTION('',(0.,0.,1.));
#9568 = ORIENTED_EDGE('',*,*,#9569,.F.);
#9569 = EDGE_CURVE('',#9546,#9562,#9570,.T.);
#9570 = LINE('',#9571,#9572);
#9571 = CARTESIAN_POINT('',(144.95689014324,-229.8097038856,
    395.90524980688));
#9572 = VECTOR('',#9573,1.);
#9573 = DIRECTION('',(0.707106781187,0.707106781187,0.));
#9574 = PLANE('',#9575);
#9575 = AXIS2_PLACEMENT_3D('',#9576,#9577,#9578);
#9576 = CARTESIAN_POINT('',(144.95689014324,-229.8097038856,
    381.90524980688));
#9577 = DIRECTION('',(0.707106781187,-0.707106781187,0.));
#9578 = DIRECTION('',(0.,0.,1.));
#9579 = ADVANCED_FACE('',(#9580),#9614,.T.);
#9580 = FACE_BOUND('',#9581,.T.);
#9581 = EDGE_LOOP('',(#9582,#9592,#9600,#9608));
#9582 = ORIENTED_EDGE('',*,*,#9583,.F.);
#9583 = EDGE_CURVE('',#9584,#9586,#9588,.T.);
#9584 = VERTEX_POINT('',#9585);
#9585 = CARTESIAN_POINT('',(159.09902576697,-243.9518395093,
    381.90524980688));
#9586 = VERTEX_POINT('',#9587);
#9587 = CARTESIAN_POINT('',(159.09902576697,-243.9518395093,
    395.90524980688));
#9588 = LINE('',#9589,#9590);
#9589 = CARTESIAN_POINT('',(159.09902576697,-243.9518395093,
    381.90524980688));
#9590 = VECTOR('',#9591,1.);
#9591 = DIRECTION('',(0.,0.,1.));
#9592 = ORIENTED_EDGE('',*,*,#9593,.T.);
#9593 = EDGE_CURVE('',#9584,#9594,#9596,.T.);
#9594 = VERTEX_POINT('',#9595);
#9595 = CARTESIAN_POINT('',(243.95183950935,-159.0990257669,
    381.90524980688));
#9596 = LINE('',#9597,#9598);
#9597 = CARTESIAN_POINT('',(159.09902576697,-243.9518395093,
    381.90524980688));
#9598 = VECTOR('',#9599,1.);
#9599 = DIRECTION('',(0.707106781187,0.707106781187,0.));
#9600 = ORIENTED_EDGE('',*,*,#9601,.T.);
#9601 = EDGE_CURVE('',#9594,#9602,#9604,.T.);
#9602 = VERTEX_POINT('',#9603);
#9603 = CARTESIAN_POINT('',(243.95183950935,-159.0990257669,
    395.90524980688));
#9604 = LINE('',#9605,#9606);
#9605 = CARTESIAN_POINT('',(243.95183950935,-159.0990257669,
    381.90524980688));
#9606 = VECTOR('',#9607,1.);
#9607 = DIRECTION('',(0.,0.,1.));
#9608 = ORIENTED_EDGE('',*,*,#9609,.F.);
#9609 = EDGE_CURVE('',#9586,#9602,#9610,.T.);
#9610 = LINE('',#9611,#9612);
#9611 = CARTESIAN_POINT('',(159.09902576697,-243.9518395093,
    395.90524980688));
#9612 = VECTOR('',#9613,1.);
#9613 = DIRECTION('',(0.707106781187,0.707106781187,0.));
#9614 = PLANE('',#9615);
#9615 = AXIS2_PLACEMENT_3D('',#9616,#9617,#9618);
#9616 = CARTESIAN_POINT('',(159.09902576697,-243.9518395093,
    381.90524980688));
#9617 = DIRECTION('',(0.707106781187,-0.707106781187,0.));
#9618 = DIRECTION('',(0.,0.,1.));
#9619 = ADVANCED_FACE('',(#9620),#9636,.F.);
#9620 = FACE_BOUND('',#9621,.F.);
#9621 = EDGE_LOOP('',(#9622,#9628,#9629,#9635));
#9622 = ORIENTED_EDGE('',*,*,#9623,.F.);
#9623 = EDGE_CURVE('',#9544,#9584,#9624,.T.);
#9624 = LINE('',#9625,#9626);
#9625 = CARTESIAN_POINT('',(144.95689014324,-229.8097038856,
    381.90524980688));
#9626 = VECTOR('',#9627,1.);
#9627 = DIRECTION('',(0.707106781187,-0.707106781187,0.));
#9628 = ORIENTED_EDGE('',*,*,#9543,.T.);
#9629 = ORIENTED_EDGE('',*,*,#9630,.T.);
#9630 = EDGE_CURVE('',#9546,#9586,#9631,.T.);
#9631 = LINE('',#9632,#9633);
#9632 = CARTESIAN_POINT('',(144.95689014324,-229.8097038856,
    395.90524980688));
#9633 = VECTOR('',#9634,1.);
#9634 = DIRECTION('',(0.707106781187,-0.707106781187,0.));
#9635 = ORIENTED_EDGE('',*,*,#9583,.F.);
#9636 = PLANE('',#9637);
#9637 = AXIS2_PLACEMENT_3D('',#9638,#9639,#9640);
#9638 = CARTESIAN_POINT('',(144.95689014324,-229.8097038856,
    381.90524980688));
#9639 = DIRECTION('',(0.707106781187,0.707106781187,0.));
#9640 = DIRECTION('',(0.,0.,1.));
#9641 = ADVANCED_FACE('',(#9642),#9658,.T.);
#9642 = FACE_BOUND('',#9643,.T.);
#9643 = EDGE_LOOP('',(#9644,#9650,#9651,#9657));
#9644 = ORIENTED_EDGE('',*,*,#9645,.F.);
#9645 = EDGE_CURVE('',#9554,#9594,#9646,.T.);
#9646 = LINE('',#9647,#9648);
#9647 = CARTESIAN_POINT('',(229.80970388562,-144.9568901432,
    381.90524980688));
#9648 = VECTOR('',#9649,1.);
#9649 = DIRECTION('',(0.707106781187,-0.707106781187,0.));
#9650 = ORIENTED_EDGE('',*,*,#9561,.T.);
#9651 = ORIENTED_EDGE('',*,*,#9652,.T.);
#9652 = EDGE_CURVE('',#9562,#9602,#9653,.T.);
#9653 = LINE('',#9654,#9655);
#9654 = CARTESIAN_POINT('',(229.80970388562,-144.9568901432,
    395.90524980688));
#9655 = VECTOR('',#9656,1.);
#9656 = DIRECTION('',(0.707106781187,-0.707106781187,0.));
#9657 = ORIENTED_EDGE('',*,*,#9601,.F.);
#9658 = PLANE('',#9659);
#9659 = AXIS2_PLACEMENT_3D('',#9660,#9661,#9662);
#9660 = CARTESIAN_POINT('',(229.80970388562,-144.9568901432,
    381.90524980688));
#9661 = DIRECTION('',(0.707106781187,0.707106781187,0.));
#9662 = DIRECTION('',(0.,0.,1.));
#9663 = ADVANCED_FACE('',(#9664),#9670,.F.);
#9664 = FACE_BOUND('',#9665,.F.);
#9665 = EDGE_LOOP('',(#9666,#9667,#9668,#9669));
#9666 = ORIENTED_EDGE('',*,*,#9553,.F.);
#9667 = ORIENTED_EDGE('',*,*,#9623,.T.);
#9668 = ORIENTED_EDGE('',*,*,#9593,.T.);
#9669 = ORIENTED_EDGE('',*,*,#9645,.F.);
#9670 = PLANE('',#9671);
#9671 = AXIS2_PLACEMENT_3D('',#9672,#9673,#9674);
#9672 = CARTESIAN_POINT('',(144.95689014324,-229.8097038856,
    381.90524980688));
#9673 = DIRECTION('',(0.,0.,1.));
#9674 = DIRECTION('',(0.707106781187,-0.707106781187,0.));
#9675 = ADVANCED_FACE('',(#9676),#9682,.T.);
#9676 = FACE_BOUND('',#9677,.T.);
#9677 = EDGE_LOOP('',(#9678,#9679,#9680,#9681));
#9678 = ORIENTED_EDGE('',*,*,#9569,.F.);
#9679 = ORIENTED_EDGE('',*,*,#9630,.T.);
#9680 = ORIENTED_EDGE('',*,*,#9609,.T.);
#9681 = ORIENTED_EDGE('',*,*,#9652,.F.);
#9682 = PLANE('',#9683);
#9683 = AXIS2_PLACEMENT_3D('',#9684,#9685,#9686);
#9684 = CARTESIAN_POINT('',(144.95689014324,-229.8097038856,
    395.90524980688));
#9685 = DIRECTION('',(0.,0.,1.));
#9686 = DIRECTION('',(0.707106781187,-0.707106781187,0.));
#9687 = ( GEOMETRIC_REPRESENTATION_CONTEXT(3) 
GLOBAL_UNCERTAINTY_ASSIGNED_CONTEXT((#9691)) 
GLOBAL_UNIT_ASSIGNED_CONTEXT((#9688,#9689,#9690)) REPRESENTATION_CONTEXT
('Context #1','3D Context with UNIT and UNCERTAINTY') );
#9688 = ( LENGTH_UNIT() NAMED_UNIT(*) SI_UNIT(.MILLI.,.METRE.) );
#9689 = ( NAMED_UNIT(*) PLANE_ANGLE_UNIT() SI_UNIT($,.RADIAN.) );
#9690 = ( NAMED_UNIT(*) SI_UNIT($,.STERADIAN.) SOLID_ANGLE_UNIT() );
#9691 = UNCERTAINTY_MEASURE_WITH_UNIT(LENGTH_MEASURE(1.E-07),#9688,
  'distance_accuracy_value','confusion accuracy');
#9692 = CONTEXT_DEPENDENT_SHAPE_REPRESENTATION(#9693,#9695);
#9693 = ( REPRESENTATION_RELATIONSHIP('','',#9536,#10) 
REPRESENTATION_RELATIONSHIP_WITH_TRANSFORMATION(#9694) 
SHAPE_REPRESENTATION_RELATIONSHIP() );
#9694 = ITEM_DEFINED_TRANSFORMATION('','',#11,#199);
#9695 = PRODUCT_DEFINITION_SHAPE('Placement','Placement of an item',
  #9696);
#9696 = NEXT_ASSEMBLY_USAGE_OCCURRENCE('47',
  'P47 Upper transition band 315 / 1','',#5,#9531,$);
#9697 = PRODUCT_RELATED_PRODUCT_CATEGORY('part',$,(#9533));
#9698 = SHAPE_DEFINITION_REPRESENTATION(#9699,#9705);
#9699 = PRODUCT_DEFINITION_SHAPE('','',#9700);
#9700 = PRODUCT_DEFINITION('design','',#9701,#9704);
#9701 = PRODUCT_DEFINITION_FORMATION('','',#9702);
#9702 = PRODUCT('P48 Upper transition band 315 / 2',
  'P48 Upper transition band 315 / 2','',(#9703));
#9703 = PRODUCT_CONTEXT('',#2,'mechanical');
#9704 = PRODUCT_DEFINITION_CONTEXT('part definition',#2,'design');
#9705 = ADVANCED_BREP_SHAPE_REPRESENTATION('',(#11,#9706),#9856);
#9706 = MANIFOLD_SOLID_BREP('',#9707);
#9707 = CLOSED_SHELL('',(#9708,#9748,#9788,#9810,#9832,#9844));
#9708 = ADVANCED_FACE('',(#9709),#9743,.F.);
#9709 = FACE_BOUND('',#9710,.F.);
#9710 = EDGE_LOOP('',(#9711,#9721,#9729,#9737));
#9711 = ORIENTED_EDGE('',*,*,#9712,.F.);
#9712 = EDGE_CURVE('',#9713,#9715,#9717,.T.);
#9713 = VERTEX_POINT('',#9714);
#9714 = CARTESIAN_POINT('',(144.95689014324,-229.8097038856,
    353.90524980688));
#9715 = VERTEX_POINT('',#9716);
#9716 = CARTESIAN_POINT('',(144.95689014324,-229.8097038856,
    367.90524980688));
#9717 = LINE('',#9718,#9719);
#9718 = CARTESIAN_POINT('',(144.95689014324,-229.8097038856,
    353.90524980688));
#9719 = VECTOR('',#9720,1.);
#9720 = DIRECTION('',(0.,0.,1.));
#9721 = ORIENTED_EDGE('',*,*,#9722,.T.);
#9722 = EDGE_CURVE('',#9713,#9723,#9725,.T.);
#9723 = VERTEX_POINT('',#9724);
#9724 = CARTESIAN_POINT('',(229.80970388562,-144.9568901432,
    353.90524980688));
#9725 = LINE('',#9726,#9727);
#9726 = CARTESIAN_POINT('',(144.95689014324,-229.8097038856,
    353.90524980688));
#9727 = VECTOR('',#9728,1.);
#9728 = DIRECTION('',(0.707106781187,0.707106781187,0.));
#9729 = ORIENTED_EDGE('',*,*,#9730,.T.);
#9730 = EDGE_CURVE('',#9723,#9731,#9733,.T.);
#9731 = VERTEX_POINT('',#9732);
#9732 = CARTESIAN_POINT('',(229.80970388562,-144.9568901432,
    367.90524980688));
#9733 = LINE('',#9734,#9735);
#9734 = CARTESIAN_POINT('',(229.80970388562,-144.9568901432,
    353.90524980688));
#9735 = VECTOR('',#9736,1.);
#9736 = DIRECTION('',(0.,0.,1.));
#9737 = ORIENTED_EDGE('',*,*,#9738,.F.);
#9738 = EDGE_CURVE('',#9715,#9731,#9739,.T.);
#9739 = LINE('',#9740,#9741);
#9740 = CARTESIAN_POINT('',(144.95689014324,-229.8097038856,
    367.90524980688));
#9741 = VECTOR('',#9742,1.);
#9742 = DIRECTION('',(0.707106781187,0.707106781187,0.));
#9743 = PLANE('',#9744);
#9744 = AXIS2_PLACEMENT_3D('',#9745,#9746,#9747);
#9745 = CARTESIAN_POINT('',(144.95689014324,-229.8097038856,
    353.90524980688));
#9746 = DIRECTION('',(0.707106781187,-0.707106781187,0.));
#9747 = DIRECTION('',(0.,0.,1.));
#9748 = ADVANCED_FACE('',(#9749),#9783,.T.);
#9749 = FACE_BOUND('',#9750,.T.);
#9750 = EDGE_LOOP('',(#9751,#9761,#9769,#9777));
#9751 = ORIENTED_EDGE('',*,*,#9752,.F.);
#9752 = EDGE_CURVE('',#9753,#9755,#9757,.T.);
#9753 = VERTEX_POINT('',#9754);
#9754 = CARTESIAN_POINT('',(159.09902576697,-243.9518395093,
    353.90524980688));
#9755 = VERTEX_POINT('',#9756);
#9756 = CARTESIAN_POINT('',(159.09902576697,-243.9518395093,
    367.90524980688));
#9757 = LINE('',#9758,#9759);
#9758 = CARTESIAN_POINT('',(159.09902576697,-243.9518395093,
    353.90524980688));
#9759 = VECTOR('',#9760,1.);
#9760 = DIRECTION('',(0.,0.,1.));
#9761 = ORIENTED_EDGE('',*,*,#9762,.T.);
#9762 = EDGE_CURVE('',#9753,#9763,#9765,.T.);
#9763 = VERTEX_POINT('',#9764);
#9764 = CARTESIAN_POINT('',(243.95183950935,-159.0990257669,
    353.90524980688));
#9765 = LINE('',#9766,#9767);
#9766 = CARTESIAN_POINT('',(159.09902576697,-243.9518395093,
    353.90524980688));
#9767 = VECTOR('',#9768,1.);
#9768 = DIRECTION('',(0.707106781187,0.707106781187,0.));
#9769 = ORIENTED_EDGE('',*,*,#9770,.T.);
#9770 = EDGE_CURVE('',#9763,#9771,#9773,.T.);
#9771 = VERTEX_POINT('',#9772);
#9772 = CARTESIAN_POINT('',(243.95183950935,-159.0990257669,
    367.90524980688));
#9773 = LINE('',#9774,#9775);
#9774 = CARTESIAN_POINT('',(243.95183950935,-159.0990257669,
    353.90524980688));
#9775 = VECTOR('',#9776,1.);
#9776 = DIRECTION('',(0.,0.,1.));
#9777 = ORIENTED_EDGE('',*,*,#9778,.F.);
#9778 = EDGE_CURVE('',#9755,#9771,#9779,.T.);
#9779 = LINE('',#9780,#9781);
#9780 = CARTESIAN_POINT('',(159.09902576697,-243.9518395093,
    367.90524980688));
#9781 = VECTOR('',#9782,1.);
#9782 = DIRECTION('',(0.707106781187,0.707106781187,0.));
#9783 = PLANE('',#9784);
#9784 = AXIS2_PLACEMENT_3D('',#9785,#9786,#9787);
#9785 = CARTESIAN_POINT('',(159.09902576697,-243.9518395093,
    353.90524980688));
#9786 = DIRECTION('',(0.707106781187,-0.707106781187,0.));
#9787 = DIRECTION('',(0.,0.,1.));
#9788 = ADVANCED_FACE('',(#9789),#9805,.F.);
#9789 = FACE_BOUND('',#9790,.F.);
#9790 = EDGE_LOOP('',(#9791,#9797,#9798,#9804));
#9791 = ORIENTED_EDGE('',*,*,#9792,.F.);
#9792 = EDGE_CURVE('',#9713,#9753,#9793,.T.);
#9793 = LINE('',#9794,#9795);
#9794 = CARTESIAN_POINT('',(144.95689014324,-229.8097038856,
    353.90524980688));
#9795 = VECTOR('',#9796,1.);
#9796 = DIRECTION('',(0.707106781187,-0.707106781187,0.));
#9797 = ORIENTED_EDGE('',*,*,#9712,.T.);
#9798 = ORIENTED_EDGE('',*,*,#9799,.T.);
#9799 = EDGE_CURVE('',#9715,#9755,#9800,.T.);
#9800 = LINE('',#9801,#9802);
#9801 = CARTESIAN_POINT('',(144.95689014324,-229.8097038856,
    367.90524980688));
#9802 = VECTOR('',#9803,1.);
#9803 = DIRECTION('',(0.707106781187,-0.707106781187,0.));
#9804 = ORIENTED_EDGE('',*,*,#9752,.F.);
#9805 = PLANE('',#9806);
#9806 = AXIS2_PLACEMENT_3D('',#9807,#9808,#9809);
#9807 = CARTESIAN_POINT('',(144.95689014324,-229.8097038856,
    353.90524980688));
#9808 = DIRECTION('',(0.707106781187,0.707106781187,0.));
#9809 = DIRECTION('',(0.,0.,1.));
#9810 = ADVANCED_FACE('',(#9811),#9827,.T.);
#9811 = FACE_BOUND('',#9812,.T.);
#9812 = EDGE_LOOP('',(#9813,#9819,#9820,#9826));
#9813 = ORIENTED_EDGE('',*,*,#9814,.F.);
#9814 = EDGE_CURVE('',#9723,#9763,#9815,.T.);
#9815 = LINE('',#9816,#9817);
#9816 = CARTESIAN_POINT('',(229.80970388562,-144.9568901432,
    353.90524980688));
#9817 = VECTOR('',#9818,1.);
#9818 = DIRECTION('',(0.707106781187,-0.707106781187,0.));
#9819 = ORIENTED_EDGE('',*,*,#9730,.T.);
#9820 = ORIENTED_EDGE('',*,*,#9821,.T.);
#9821 = EDGE_CURVE('',#9731,#9771,#9822,.T.);
#9822 = LINE('',#9823,#9824);
#9823 = CARTESIAN_POINT('',(229.80970388562,-144.9568901432,
    367.90524980688));
#9824 = VECTOR('',#9825,1.);
#9825 = DIRECTION('',(0.707106781187,-0.707106781187,0.));
#9826 = ORIENTED_EDGE('',*,*,#9770,.F.);
#9827 = PLANE('',#9828);
#9828 = AXIS2_PLACEMENT_3D('',#9829,#9830,#9831);
#9829 = CARTESIAN_POINT('',(229.80970388562,-144.9568901432,
    353.90524980688));
#9830 = DIRECTION('',(0.707106781187,0.707106781187,0.));
#9831 = DIRECTION('',(0.,0.,1.));
#9832 = ADVANCED_FACE('',(#9833),#9839,.F.);
#9833 = FACE_BOUND('',#9834,.F.);
#9834 = EDGE_LOOP('',(#9835,#9836,#9837,#9838));
#9835 = ORIENTED_EDGE('',*,*,#9722,.F.);
#9836 = ORIENTED_EDGE('',*,*,#9792,.T.);
#9837 = ORIENTED_EDGE('',*,*,#9762,.T.);
#9838 = ORIENTED_EDGE('',*,*,#9814,.F.);
#9839 = PLANE('',#9840);
#9840 = AXIS2_PLACEMENT_3D('',#9841,#9842,#9843);
#9841 = CARTESIAN_POINT('',(144.95689014324,-229.8097038856,
    353.90524980688));
#9842 = DIRECTION('',(0.,0.,1.));
#9843 = DIRECTION('',(0.707106781187,-0.707106781187,0.));
#9844 = ADVANCED_FACE('',(#9845),#9851,.T.);
#9845 = FACE_BOUND('',#9846,.T.);
#9846 = EDGE_LOOP('',(#9847,#9848,#9849,#9850));
#9847 = ORIENTED_EDGE('',*,*,#9738,.F.);
#9848 = ORIENTED_EDGE('',*,*,#9799,.T.);
#9849 = ORIENTED_EDGE('',*,*,#9778,.T.);
#9850 = ORIENTED_EDGE('',*,*,#9821,.F.);
#9851 = PLANE('',#9852);
#9852 = AXIS2_PLACEMENT_3D('',#9853,#9854,#9855);
#9853 = CARTESIAN_POINT('',(144.95689014324,-229.8097038856,
    367.90524980688));
#9854 = DIRECTION('',(0.,0.,1.));
#9855 = DIRECTION('',(0.707106781187,-0.707106781187,0.));
#9856 = ( GEOMETRIC_REPRESENTATION_CONTEXT(3) 
GLOBAL_UNCERTAINTY_ASSIGNED_CONTEXT((#9860)) 
GLOBAL_UNIT_ASSIGNED_CONTEXT((#9857,#9858,#9859)) REPRESENTATION_CONTEXT
('Context #1','3D Context with UNIT and UNCERTAINTY') );
#9857 = ( LENGTH_UNIT() NAMED_UNIT(*) SI_UNIT(.MILLI.,.METRE.) );
#9858 = ( NAMED_UNIT(*) PLANE_ANGLE_UNIT() SI_UNIT($,.RADIAN.) );
#9859 = ( NAMED_UNIT(*) SI_UNIT($,.STERADIAN.) SOLID_ANGLE_UNIT() );
#9860 = UNCERTAINTY_MEASURE_WITH_UNIT(LENGTH_MEASURE(1.E-07),#9857,
  'distance_accuracy_value','confusion accuracy');
#9861 = CONTEXT_DEPENDENT_SHAPE_REPRESENTATION(#9862,#9864);
#9862 = ( REPRESENTATION_RELATIONSHIP('','',#9705,#10) 
REPRESENTATION_RELATIONSHIP_WITH_TRANSFORMATION(#9863) 
SHAPE_REPRESENTATION_RELATIONSHIP() );
#9863 = ITEM_DEFINED_TRANSFORMATION('','',#11,#203);
#9864 = PRODUCT_DEFINITION_SHAPE('Placement','Placement of an item',
  #9865);
#9865 = NEXT_ASSEMBLY_USAGE_OCCURRENCE('48',
  'P48 Upper transition band 315 / 2','',#5,#9700,$);
#9866 = PRODUCT_RELATED_PRODUCT_CATEGORY('part',$,(#9702));
ENDSEC;
END-ISO-10303-21;
