ISO-10303-21;
HEADER;
FILE_DESCRIPTION(('FreeCAD Model'),'2;1');
FILE_NAME('Open CASCADE Shape Model','2026-09-11T12:15:04',('Author'),(
    ''),'Open CASCADE STEP processor 7.8','FreeCAD','Unknown');
FILE_SCHEMA(('AUTOMOTIVE_DESIGN { 1 0 10303 214 1 1 1 1 }'));
ENDSEC;
DATA;
#1 = APPLICATION_PROTOCOL_DEFINITION('international standard',
  'automotive_design',2000,#2);
#2 = APPLICATION_CONTEXT(
  'core data for automotive mechanical design processes');
#3 = SHAPE_DEFINITION_REPRESENTATION(#4,#10);
#4 = PRODUCT_DEFINITION_SHAPE('','',#5);
#5 = PRODUCT_DEFINITION('design','',#6,#9);
#6 = PRODUCT_DEFINITION_FORMATION('','',#7);
#7 = PRODUCT('TB001_D07','TB001_D07','',(#8));
#8 = PRODUCT_CONTEXT('',#2,'mechanical');
#9 = PRODUCT_DEFINITION_CONTEXT('part definition',#2,'design');
#10 = SHAPE_REPRESENTATION('',(#11,#15,#19,#23,#27,#31,#35,#39,#43,#47,
    #51,#55,#59,#63,#67,#71,#75,#79,#83,#87,#91,#95,#99,#103,#107,#111,
    #115,#119,#123,#127,#131,#135,#139,#143,#147,#151,#155,#159,#163,
    #167),#171);
#11 = AXIS2_PLACEMENT_3D('',#12,#13,#14);
#12 = CARTESIAN_POINT('',(0.,0.,0.));
#13 = DIRECTION('',(0.,0.,1.));
#14 = DIRECTION('',(1.,0.,-0.));
#15 = AXIS2_PLACEMENT_3D('',#16,#17,#18);
#16 = CARTESIAN_POINT('',(0.,0.,0.));
#17 = DIRECTION('',(0.,0.,1.));
#18 = DIRECTION('',(1.,0.,0.));
#19 = AXIS2_PLACEMENT_3D('',#20,#21,#22);
#20 = CARTESIAN_POINT('',(0.,0.,0.));
#21 = DIRECTION('',(0.,0.,1.));
#22 = DIRECTION('',(1.,0.,0.));
#23 = AXIS2_PLACEMENT_3D('',#24,#25,#26);
#24 = CARTESIAN_POINT('',(0.,0.,0.));
#25 = DIRECTION('',(0.,0.,1.));
#26 = DIRECTION('',(1.,0.,0.));
#27 = AXIS2_PLACEMENT_3D('',#28,#29,#30);
#28 = CARTESIAN_POINT('',(0.,0.,0.));
#29 = DIRECTION('',(0.,0.,1.));
#30 = DIRECTION('',(1.,0.,0.));
#31 = AXIS2_PLACEMENT_3D('',#32,#33,#34);
#32 = CARTESIAN_POINT('',(0.,0.,0.));
#33 = DIRECTION('',(0.,0.,1.));
#34 = DIRECTION('',(1.,0.,0.));
#35 = AXIS2_PLACEMENT_3D('',#36,#37,#38);
#36 = CARTESIAN_POINT('',(0.,0.,0.));
#37 = DIRECTION('',(0.,0.,1.));
#38 = DIRECTION('',(1.,0.,0.));
#39 = AXIS2_PLACEMENT_3D('',#40,#41,#42);
#40 = CARTESIAN_POINT('',(0.,0.,0.));
#41 = DIRECTION('',(0.,0.,1.));
#42 = DIRECTION('',(1.,0.,0.));
#43 = AXIS2_PLACEMENT_3D('',#44,#45,#46);
#44 = CARTESIAN_POINT('',(0.,0.,0.));
#45 = DIRECTION('',(0.,0.,1.));
#46 = DIRECTION('',(1.,0.,0.));
#47 = AXIS2_PLACEMENT_3D('',#48,#49,#50);
#48 = CARTESIAN_POINT('',(0.,0.,0.));
#49 = DIRECTION('',(0.,0.,1.));
#50 = DIRECTION('',(1.,0.,0.));
#51 = AXIS2_PLACEMENT_3D('',#52,#53,#54);
#52 = CARTESIAN_POINT('',(0.,0.,0.));
#53 = DIRECTION('',(0.,0.,1.));
#54 = DIRECTION('',(1.,0.,0.));
#55 = AXIS2_PLACEMENT_3D('',#56,#57,#58);
#56 = CARTESIAN_POINT('',(0.,0.,0.));
#57 = DIRECTION('',(0.,0.,1.));
#58 = DIRECTION('',(1.,0.,0.));
#59 = AXIS2_PLACEMENT_3D('',#60,#61,#62);
#60 = CARTESIAN_POINT('',(0.,0.,0.));
#61 = DIRECTION('',(0.,0.,1.));
#62 = DIRECTION('',(1.,0.,0.));
#63 = AXIS2_PLACEMENT_3D('',#64,#65,#66);
#64 = CARTESIAN_POINT('',(0.,0.,0.));
#65 = DIRECTION('',(0.,0.,1.));
#66 = DIRECTION('',(1.,0.,0.));
#67 = AXIS2_PLACEMENT_3D('',#68,#69,#70);
#68 = CARTESIAN_POINT('',(0.,0.,0.));
#69 = DIRECTION('',(0.,0.,1.));
#70 = DIRECTION('',(1.,0.,0.));
#71 = AXIS2_PLACEMENT_3D('',#72,#73,#74);
#72 = CARTESIAN_POINT('',(0.,0.,0.));
#73 = DIRECTION('',(0.,0.,1.));
#74 = DIRECTION('',(1.,0.,0.));
#75 = AXIS2_PLACEMENT_3D('',#76,#77,#78);
#76 = CARTESIAN_POINT('',(0.,0.,0.));
#77 = DIRECTION('',(0.,0.,1.));
#78 = DIRECTION('',(1.,0.,0.));
#79 = AXIS2_PLACEMENT_3D('',#80,#81,#82);
#80 = CARTESIAN_POINT('',(0.,0.,0.));
#81 = DIRECTION('',(0.,0.,1.));
#82 = DIRECTION('',(1.,0.,0.));
#83 = AXIS2_PLACEMENT_3D('',#84,#85,#86);
#84 = CARTESIAN_POINT('',(0.,0.,0.));
#85 = DIRECTION('',(0.,0.,1.));
#86 = DIRECTION('',(1.,0.,0.));
#87 = AXIS2_PLACEMENT_3D('',#88,#89,#90);
#88 = CARTESIAN_POINT('',(0.,0.,0.));
#89 = DIRECTION('',(0.,0.,1.));
#90 = DIRECTION('',(1.,0.,0.));
#91 = AXIS2_PLACEMENT_3D('',#92,#93,#94);
#92 = CARTESIAN_POINT('',(0.,0.,0.));
#93 = DIRECTION('',(0.,0.,1.));
#94 = DIRECTION('',(1.,0.,0.));
#95 = AXIS2_PLACEMENT_3D('',#96,#97,#98);
#96 = CARTESIAN_POINT('',(0.,0.,0.));
#97 = DIRECTION('',(0.,0.,1.));
#98 = DIRECTION('',(1.,0.,0.));
#99 = AXIS2_PLACEMENT_3D('',#100,#101,#102);
#100 = CARTESIAN_POINT('',(0.,0.,0.));
#101 = DIRECTION('',(0.,0.,1.));
#102 = DIRECTION('',(1.,0.,0.));
#103 = AXIS2_PLACEMENT_3D('',#104,#105,#106);
#104 = CARTESIAN_POINT('',(0.,0.,0.));
#105 = DIRECTION('',(0.,0.,1.));
#106 = DIRECTION('',(1.,0.,0.));
#107 = AXIS2_PLACEMENT_3D('',#108,#109,#110);
#108 = CARTESIAN_POINT('',(0.,0.,0.));
#109 = DIRECTION('',(0.,0.,1.));
#110 = DIRECTION('',(1.,0.,0.));
#111 = AXIS2_PLACEMENT_3D('',#112,#113,#114);
#112 = CARTESIAN_POINT('',(0.,0.,0.));
#113 = DIRECTION('',(0.,0.,1.));
#114 = DIRECTION('',(1.,0.,0.));
#115 = AXIS2_PLACEMENT_3D('',#116,#117,#118);
#116 = CARTESIAN_POINT('',(0.,0.,0.));
#117 = DIRECTION('',(0.,0.,1.));
#118 = DIRECTION('',(1.,0.,0.));
#119 = AXIS2_PLACEMENT_3D('',#120,#121,#122);
#120 = CARTESIAN_POINT('',(0.,0.,0.));
#121 = DIRECTION('',(0.,0.,1.));
#122 = DIRECTION('',(1.,0.,0.));
#123 = AXIS2_PLACEMENT_3D('',#124,#125,#126);
#124 = CARTESIAN_POINT('',(0.,0.,0.));
#125 = DIRECTION('',(0.,0.,1.));
#126 = DIRECTION('',(1.,0.,0.));
#127 = AXIS2_PLACEMENT_3D('',#128,#129,#130);
#128 = CARTESIAN_POINT('',(0.,0.,0.));
#129 = DIRECTION('',(0.,0.,1.));
#130 = DIRECTION('',(1.,0.,0.));
#131 = AXIS2_PLACEMENT_3D('',#132,#133,#134);
#132 = CARTESIAN_POINT('',(0.,0.,0.));
#133 = DIRECTION('',(0.,0.,1.));
#134 = DIRECTION('',(1.,0.,0.));
#135 = AXIS2_PLACEMENT_3D('',#136,#137,#138);
#136 = CARTESIAN_POINT('',(0.,0.,0.));
#137 = DIRECTION('',(0.,0.,1.));
#138 = DIRECTION('',(1.,0.,0.));
#139 = AXIS2_PLACEMENT_3D('',#140,#141,#142);
#140 = CARTESIAN_POINT('',(0.,0.,0.));
#141 = DIRECTION('',(0.,0.,1.));
#142 = DIRECTION('',(1.,0.,0.));
#143 = AXIS2_PLACEMENT_3D('',#144,#145,#146);
#144 = CARTESIAN_POINT('',(0.,0.,0.));
#145 = DIRECTION('',(0.,0.,1.));
#146 = DIRECTION('',(1.,0.,0.));
#147 = AXIS2_PLACEMENT_3D('',#148,#149,#150);
#148 = CARTESIAN_POINT('',(0.,0.,0.));
#149 = DIRECTION('',(0.,0.,1.));
#150 = DIRECTION('',(1.,0.,0.));
#151 = AXIS2_PLACEMENT_3D('',#152,#153,#154);
#152 = CARTESIAN_POINT('',(0.,0.,0.));
#153 = DIRECTION('',(0.,0.,1.));
#154 = DIRECTION('',(1.,0.,0.));
#155 = AXIS2_PLACEMENT_3D('',#156,#157,#158);
#156 = CARTESIAN_POINT('',(0.,0.,0.));
#157 = DIRECTION('',(0.,0.,1.));
#158 = DIRECTION('',(1.,0.,0.));
#159 = AXIS2_PLACEMENT_3D('',#160,#161,#162);
#160 = CARTESIAN_POINT('',(0.,0.,0.));
#161 = DIRECTION('',(0.,0.,1.));
#162 = DIRECTION('',(1.,0.,0.));
#163 = AXIS2_PLACEMENT_3D('',#164,#165,#166);
#164 = CARTESIAN_POINT('',(0.,0.,0.));
#165 = DIRECTION('',(0.,0.,1.));
#166 = DIRECTION('',(1.,0.,0.));
#167 = AXIS2_PLACEMENT_3D('',#168,#169,#170);
#168 = CARTESIAN_POINT('',(0.,0.,0.));
#169 = DIRECTION('',(0.,0.,1.));
#170 = DIRECTION('',(1.,0.,0.));
#171 = ( GEOMETRIC_REPRESENTATION_CONTEXT(3) 
GLOBAL_UNCERTAINTY_ASSIGNED_CONTEXT((#175)) GLOBAL_UNIT_ASSIGNED_CONTEXT
((#172,#173,#174)) REPRESENTATION_CONTEXT('Context #1',
  '3D Context with UNIT and UNCERTAINTY') );
#172 = ( LENGTH_UNIT() NAMED_UNIT(*) SI_UNIT(.MILLI.,.METRE.) );
#173 = ( NAMED_UNIT(*) PLANE_ANGLE_UNIT() SI_UNIT($,.RADIAN.) );
#174 = ( NAMED_UNIT(*) SI_UNIT($,.STERADIAN.) SOLID_ANGLE_UNIT() );
#175 = UNCERTAINTY_MEASURE_WITH_UNIT(LENGTH_MEASURE(1.E-07),#172,
  'distance_accuracy_value','confusion accuracy');
#176 = PRODUCT_RELATED_PRODUCT_CATEGORY('part',$,(#7));
#177 = SHAPE_DEFINITION_REPRESENTATION(#178,#184);
#178 = PRODUCT_DEFINITION_SHAPE('','',#179);
#179 = PRODUCT_DEFINITION('design','',#180,#183);
#180 = PRODUCT_DEFINITION_FORMATION('','',#181);
#181 = PRODUCT('P01 Upper circular maple top with grip recess',
  'P01 Upper circular maple top with grip recess','',(#182));
#182 = PRODUCT_CONTEXT('',#2,'mechanical');
#183 = PRODUCT_DEFINITION_CONTEXT('part definition',#2,'design');
#184 = ADVANCED_BREP_SHAPE_REPRESENTATION('',(#11,#185),#374);
#185 = MANIFOLD_SOLID_BREP('',#186);
#186 = CLOSED_SHELL('',(#187,#220,#263,#306,#328,#345,#362));
#187 = ADVANCED_FACE('',(#188),#215,.T.);
#188 = FACE_BOUND('',#189,.T.);
#189 = EDGE_LOOP('',(#190,#199,#207,#214));
#190 = ORIENTED_EDGE('',*,*,#191,.F.);
#191 = EDGE_CURVE('',#192,#192,#194,.T.);
#192 = VERTEX_POINT('',#193);
#193 = CARTESIAN_POINT('',(325.,-7.960204194458E-14,550.));
#194 = CIRCLE('',#195,325.);
#195 = AXIS2_PLACEMENT_3D('',#196,#197,#198);
#196 = CARTESIAN_POINT('',(0.,0.,550.));
#197 = DIRECTION('',(0.,0.,1.));
#198 = DIRECTION('',(1.,0.,-0.));
#199 = ORIENTED_EDGE('',*,*,#200,.F.);
#200 = EDGE_CURVE('',#201,#192,#203,.T.);
#201 = VERTEX_POINT('',#202);
#202 = CARTESIAN_POINT('',(325.,-7.960204194458E-14,530.));
#203 = LINE('',#204,#205);
#204 = CARTESIAN_POINT('',(325.,-7.960204194458E-14,530.));
#205 = VECTOR('',#206,1.);
#206 = DIRECTION('',(0.,0.,1.));
#207 = ORIENTED_EDGE('',*,*,#208,.T.);
#208 = EDGE_CURVE('',#201,#201,#209,.T.);
#209 = CIRCLE('',#210,325.);
#210 = AXIS2_PLACEMENT_3D('',#211,#212,#213);
#211 = CARTESIAN_POINT('',(0.,0.,530.));
#212 = DIRECTION('',(0.,0.,1.));
#213 = DIRECTION('',(1.,0.,-0.));
#214 = ORIENTED_EDGE('',*,*,#200,.T.);
#215 = CYLINDRICAL_SURFACE('',#216,325.);
#216 = AXIS2_PLACEMENT_3D('',#217,#218,#219);
#217 = CARTESIAN_POINT('',(0.,0.,530.));
#218 = DIRECTION('',(0.,0.,1.));
#219 = DIRECTION('',(1.,0.,-0.));
#220 = ADVANCED_FACE('',(#221,#224),#258,.T.);
#221 = FACE_BOUND('',#222,.T.);
#222 = EDGE_LOOP('',(#223));
#223 = ORIENTED_EDGE('',*,*,#191,.T.);
#224 = FACE_BOUND('',#225,.T.);
#225 = EDGE_LOOP('',(#226,#236,#244,#252));
#226 = ORIENTED_EDGE('',*,*,#227,.F.);
#227 = EDGE_CURVE('',#228,#230,#232,.T.);
#228 = VERTEX_POINT('',#229);
#229 = CARTESIAN_POINT('',(-67.5,-35.,550.));
#230 = VERTEX_POINT('',#231);
#231 = CARTESIAN_POINT('',(67.5,-35.,550.));
#232 = LINE('',#233,#234);
#233 = CARTESIAN_POINT('',(-67.5,-35.,550.));
#234 = VECTOR('',#235,1.);
#235 = DIRECTION('',(1.,0.,-0.));
#236 = ORIENTED_EDGE('',*,*,#237,.T.);
#237 = EDGE_CURVE('',#228,#238,#240,.T.);
#238 = VERTEX_POINT('',#239);
#239 = CARTESIAN_POINT('',(-67.5,35.,550.));
#240 = LINE('',#241,#242);
#241 = CARTESIAN_POINT('',(-67.5,-35.,550.));
#242 = VECTOR('',#243,1.);
#243 = DIRECTION('',(-0.,1.,0.));
#244 = ORIENTED_EDGE('',*,*,#245,.T.);
#245 = EDGE_CURVE('',#238,#246,#248,.T.);
#246 = VERTEX_POINT('',#247);
#247 = CARTESIAN_POINT('',(67.5,35.,550.));
#248 = LINE('',#249,#250);
#249 = CARTESIAN_POINT('',(-67.5,35.,550.));
#250 = VECTOR('',#251,1.);
#251 = DIRECTION('',(1.,0.,-0.));
#252 = ORIENTED_EDGE('',*,*,#253,.F.);
#253 = EDGE_CURVE('',#230,#246,#254,.T.);
#254 = LINE('',#255,#256);
#255 = CARTESIAN_POINT('',(67.5,-35.,550.));
#256 = VECTOR('',#257,1.);
#257 = DIRECTION('',(-0.,1.,0.));
#258 = PLANE('',#259);
#259 = AXIS2_PLACEMENT_3D('',#260,#261,#262);
#260 = CARTESIAN_POINT('',(0.,0.,550.));
#261 = DIRECTION('',(0.,0.,1.));
#262 = DIRECTION('',(1.,0.,-0.));
#263 = ADVANCED_FACE('',(#264,#267),#301,.F.);
#264 = FACE_BOUND('',#265,.F.);
#265 = EDGE_LOOP('',(#266));
#266 = ORIENTED_EDGE('',*,*,#208,.T.);
#267 = FACE_BOUND('',#268,.F.);
#268 = EDGE_LOOP('',(#269,#279,#287,#295));
#269 = ORIENTED_EDGE('',*,*,#270,.F.);
#270 = EDGE_CURVE('',#271,#273,#275,.T.);
#271 = VERTEX_POINT('',#272);
#272 = CARTESIAN_POINT('',(-67.5,-35.,530.));
#273 = VERTEX_POINT('',#274);
#274 = CARTESIAN_POINT('',(67.5,-35.,530.));
#275 = LINE('',#276,#277);
#276 = CARTESIAN_POINT('',(-67.5,-35.,530.));
#277 = VECTOR('',#278,1.);
#278 = DIRECTION('',(1.,0.,-0.));
#279 = ORIENTED_EDGE('',*,*,#280,.T.);
#280 = EDGE_CURVE('',#271,#281,#283,.T.);
#281 = VERTEX_POINT('',#282);
#282 = CARTESIAN_POINT('',(-67.5,35.,530.));
#283 = LINE('',#284,#285);
#284 = CARTESIAN_POINT('',(-67.5,-35.,530.));
#285 = VECTOR('',#286,1.);
#286 = DIRECTION('',(-0.,1.,0.));
#287 = ORIENTED_EDGE('',*,*,#288,.T.);
#288 = EDGE_CURVE('',#281,#289,#291,.T.);
#289 = VERTEX_POINT('',#290);
#290 = CARTESIAN_POINT('',(67.5,35.,530.));
#291 = LINE('',#292,#293);
#292 = CARTESIAN_POINT('',(-67.5,35.,530.));
#293 = VECTOR('',#294,1.);
#294 = DIRECTION('',(1.,0.,-0.));
#295 = ORIENTED_EDGE('',*,*,#296,.F.);
#296 = EDGE_CURVE('',#273,#289,#297,.T.);
#297 = LINE('',#298,#299);
#298 = CARTESIAN_POINT('',(67.5,-35.,530.));
#299 = VECTOR('',#300,1.);
#300 = DIRECTION('',(-0.,1.,0.));
#301 = PLANE('',#302);
#302 = AXIS2_PLACEMENT_3D('',#303,#304,#305);
#303 = CARTESIAN_POINT('',(0.,0.,530.));
#304 = DIRECTION('',(0.,0.,1.));
#305 = DIRECTION('',(1.,0.,-0.));
#306 = ADVANCED_FACE('',(#307),#323,.T.);
#307 = FACE_BOUND('',#308,.T.);
#308 = EDGE_LOOP('',(#309,#310,#316,#317));
#309 = ORIENTED_EDGE('',*,*,#270,.F.);
#310 = ORIENTED_EDGE('',*,*,#311,.T.);
#311 = EDGE_CURVE('',#271,#228,#312,.T.);
#312 = LINE('',#313,#314);
#313 = CARTESIAN_POINT('',(-67.5,-35.,530.));
#314 = VECTOR('',#315,1.);
#315 = DIRECTION('',(0.,0.,1.));
#316 = ORIENTED_EDGE('',*,*,#227,.T.);
#317 = ORIENTED_EDGE('',*,*,#318,.F.);
#318 = EDGE_CURVE('',#273,#230,#319,.T.);
#319 = LINE('',#320,#321);
#320 = CARTESIAN_POINT('',(67.5,-35.,530.));
#321 = VECTOR('',#322,1.);
#322 = DIRECTION('',(0.,0.,1.));
#323 = PLANE('',#324);
#324 = AXIS2_PLACEMENT_3D('',#325,#326,#327);
#325 = CARTESIAN_POINT('',(-67.5,-35.,530.));
#326 = DIRECTION('',(-0.,1.,0.));
#327 = DIRECTION('',(0.,0.,1.));
#328 = ADVANCED_FACE('',(#329),#340,.F.);
#329 = FACE_BOUND('',#330,.F.);
#330 = EDGE_LOOP('',(#331,#332,#333,#339));
#331 = ORIENTED_EDGE('',*,*,#318,.F.);
#332 = ORIENTED_EDGE('',*,*,#296,.T.);
#333 = ORIENTED_EDGE('',*,*,#334,.T.);
#334 = EDGE_CURVE('',#289,#246,#335,.T.);
#335 = LINE('',#336,#337);
#336 = CARTESIAN_POINT('',(67.5,35.,530.));
#337 = VECTOR('',#338,1.);
#338 = DIRECTION('',(0.,0.,1.));
#339 = ORIENTED_EDGE('',*,*,#253,.F.);
#340 = PLANE('',#341);
#341 = AXIS2_PLACEMENT_3D('',#342,#343,#344);
#342 = CARTESIAN_POINT('',(67.5,-35.,530.));
#343 = DIRECTION('',(1.,0.,-0.));
#344 = DIRECTION('',(0.,0.,1.));
#345 = ADVANCED_FACE('',(#346),#357,.F.);
#346 = FACE_BOUND('',#347,.F.);
#347 = EDGE_LOOP('',(#348,#349,#355,#356));
#348 = ORIENTED_EDGE('',*,*,#288,.F.);
#349 = ORIENTED_EDGE('',*,*,#350,.T.);
#350 = EDGE_CURVE('',#281,#238,#351,.T.);
#351 = LINE('',#352,#353);
#352 = CARTESIAN_POINT('',(-67.5,35.,530.));
#353 = VECTOR('',#354,1.);
#354 = DIRECTION('',(0.,0.,1.));
#355 = ORIENTED_EDGE('',*,*,#245,.T.);
#356 = ORIENTED_EDGE('',*,*,#334,.F.);
#357 = PLANE('',#358);
#358 = AXIS2_PLACEMENT_3D('',#359,#360,#361);
#359 = CARTESIAN_POINT('',(-67.5,35.,530.));
#360 = DIRECTION('',(-0.,1.,0.));
#361 = DIRECTION('',(0.,0.,1.));
#362 = ADVANCED_FACE('',(#363),#369,.T.);
#363 = FACE_BOUND('',#364,.T.);
#364 = EDGE_LOOP('',(#365,#366,#367,#368));
#365 = ORIENTED_EDGE('',*,*,#311,.F.);
#366 = ORIENTED_EDGE('',*,*,#280,.T.);
#367 = ORIENTED_EDGE('',*,*,#350,.T.);
#368 = ORIENTED_EDGE('',*,*,#237,.F.);
#369 = PLANE('',#370);
#370 = AXIS2_PLACEMENT_3D('',#371,#372,#373);
#371 = CARTESIAN_POINT('',(-67.5,-35.,530.));
#372 = DIRECTION('',(1.,0.,-0.));
#373 = DIRECTION('',(0.,0.,1.));
#374 = ( GEOMETRIC_REPRESENTATION_CONTEXT(3) 
GLOBAL_UNCERTAINTY_ASSIGNED_CONTEXT((#378)) GLOBAL_UNIT_ASSIGNED_CONTEXT
((#375,#376,#377)) REPRESENTATION_CONTEXT('Context #1',
  '3D Context with UNIT and UNCERTAINTY') );
#375 = ( LENGTH_UNIT() NAMED_UNIT(*) SI_UNIT(.MILLI.,.METRE.) );
#376 = ( NAMED_UNIT(*) PLANE_ANGLE_UNIT() SI_UNIT($,.RADIAN.) );
#377 = ( NAMED_UNIT(*) SI_UNIT($,.STERADIAN.) SOLID_ANGLE_UNIT() );
#378 = UNCERTAINTY_MEASURE_WITH_UNIT(LENGTH_MEASURE(1.E-07),#375,
  'distance_accuracy_value','confusion accuracy');
#379 = CONTEXT_DEPENDENT_SHAPE_REPRESENTATION(#380,#382);
#380 = ( REPRESENTATION_RELATIONSHIP('','',#184,#10) 
REPRESENTATION_RELATIONSHIP_WITH_TRANSFORMATION(#381) 
SHAPE_REPRESENTATION_RELATIONSHIP() );
#381 = ITEM_DEFINED_TRANSFORMATION('','',#11,#15);
#382 = PRODUCT_DEFINITION_SHAPE('Placement','Placement of an item',#383
  );
#383 = NEXT_ASSEMBLY_USAGE_OCCURRENCE('1',
  'P01 Upper circular maple top with grip recess','',#5,#179,$);
#384 = PRODUCT_RELATED_PRODUCT_CATEGORY('part',$,(#181));
#385 = SHAPE_DEFINITION_REPRESENTATION(#386,#392);
#386 = PRODUCT_DEFINITION_SHAPE('','',#387);
#387 = PRODUCT_DEFINITION('design','',#388,#391);
#388 = PRODUCT_DEFINITION_FORMATION('','',#389);
#389 = PRODUCT('P02 Grip mitred strip north',
  'P02 Grip mitred strip north','',(#390));
#390 = PRODUCT_CONTEXT('',#2,'mechanical');
#391 = PRODUCT_DEFINITION_CONTEXT('part definition',#2,'design');
#392 = ADVANCED_BREP_SHAPE_REPRESENTATION('',(#11,#393),#543);
#393 = MANIFOLD_SOLID_BREP('',#394);
#394 = CLOSED_SHELL('',(#395,#435,#466,#490,#514,#531));
#395 = ADVANCED_FACE('',(#396),#430,.T.);
#396 = FACE_BOUND('',#397,.T.);
#397 = EDGE_LOOP('',(#398,#408,#416,#424));
#398 = ORIENTED_EDGE('',*,*,#399,.F.);
#399 = EDGE_CURVE('',#400,#402,#404,.T.);
#400 = VERTEX_POINT('',#401);
#401 = CARTESIAN_POINT('',(-67.5,35.,530.));
#402 = VERTEX_POINT('',#403);
#403 = CARTESIAN_POINT('',(67.5,35.,530.));
#404 = LINE('',#405,#406);
#405 = CARTESIAN_POINT('',(-67.5,35.,530.));
#406 = VECTOR('',#407,1.);
#407 = DIRECTION('',(1.,0.,-0.));
#408 = ORIENTED_EDGE('',*,*,#409,.T.);
#409 = EDGE_CURVE('',#400,#410,#412,.T.);
#410 = VERTEX_POINT('',#411);
#411 = CARTESIAN_POINT('',(-67.5,35.,550.));
#412 = LINE('',#413,#414);
#413 = CARTESIAN_POINT('',(-67.5,35.,530.));
#414 = VECTOR('',#415,1.);
#415 = DIRECTION('',(0.,0.,1.));
#416 = ORIENTED_EDGE('',*,*,#417,.T.);
#417 = EDGE_CURVE('',#410,#418,#420,.T.);
#418 = VERTEX_POINT('',#419);
#419 = CARTESIAN_POINT('',(67.5,35.,550.));
#420 = LINE('',#421,#422);
#421 = CARTESIAN_POINT('',(-67.5,35.,550.));
#422 = VECTOR('',#423,1.);
#423 = DIRECTION('',(1.,0.,-0.));
#424 = ORIENTED_EDGE('',*,*,#425,.F.);
#425 = EDGE_CURVE('',#402,#418,#426,.T.);
#426 = LINE('',#427,#428);
#427 = CARTESIAN_POINT('',(67.5,35.,530.));
#428 = VECTOR('',#429,1.);
#429 = DIRECTION('',(0.,0.,1.));
#430 = PLANE('',#431);
#431 = AXIS2_PLACEMENT_3D('',#432,#433,#434);
#432 = CARTESIAN_POINT('',(-67.5,35.,530.));
#433 = DIRECTION('',(-0.,1.,0.));
#434 = DIRECTION('',(0.,0.,1.));
#435 = ADVANCED_FACE('',(#436),#461,.F.);
#436 = FACE_BOUND('',#437,.F.);
#437 = EDGE_LOOP('',(#438,#439,#447,#455));
#438 = ORIENTED_EDGE('',*,*,#399,.F.);
#439 = ORIENTED_EDGE('',*,*,#440,.F.);
#440 = EDGE_CURVE('',#441,#400,#443,.T.);
#441 = VERTEX_POINT('',#442);
#442 = CARTESIAN_POINT('',(-47.5,15.,530.));
#443 = LINE('',#444,#445);
#444 = CARTESIAN_POINT('',(-32.5,0.,530.));
#445 = VECTOR('',#446,1.);
#446 = DIRECTION('',(-0.707106781187,0.707106781187,0.));
#447 = ORIENTED_EDGE('',*,*,#448,.T.);
#448 = EDGE_CURVE('',#441,#449,#451,.T.);
#449 = VERTEX_POINT('',#450);
#450 = CARTESIAN_POINT('',(47.5,15.,530.));
#451 = LINE('',#452,#453);
#452 = CARTESIAN_POINT('',(-47.5,15.,530.));
#453 = VECTOR('',#454,1.);
#454 = DIRECTION('',(1.,0.,-0.));
#455 = ORIENTED_EDGE('',*,*,#456,.F.);
#456 = EDGE_CURVE('',#402,#449,#457,.T.);
#457 = LINE('',#458,#459);
#458 = CARTESIAN_POINT('',(67.5,35.,530.));
#459 = VECTOR('',#460,1.);
#460 = DIRECTION('',(-0.707106781187,-0.707106781187,0.));
#461 = PLANE('',#462);
#462 = AXIS2_PLACEMENT_3D('',#463,#464,#465);
#463 = CARTESIAN_POINT('',(-67.5,-35.,530.));
#464 = DIRECTION('',(0.,0.,1.));
#465 = DIRECTION('',(1.,0.,-0.));
#466 = ADVANCED_FACE('',(#467),#485,.T.);
#467 = FACE_BOUND('',#468,.T.);
#468 = EDGE_LOOP('',(#469,#470,#471,#479));
#469 = ORIENTED_EDGE('',*,*,#456,.F.);
#470 = ORIENTED_EDGE('',*,*,#425,.T.);
#471 = ORIENTED_EDGE('',*,*,#472,.T.);
#472 = EDGE_CURVE('',#418,#473,#475,.T.);
#473 = VERTEX_POINT('',#474);
#474 = CARTESIAN_POINT('',(47.5,15.,550.));
#475 = LINE('',#476,#477);
#476 = CARTESIAN_POINT('',(67.5,35.,550.));
#477 = VECTOR('',#478,1.);
#478 = DIRECTION('',(-0.707106781187,-0.707106781187,0.));
#479 = ORIENTED_EDGE('',*,*,#480,.F.);
#480 = EDGE_CURVE('',#449,#473,#481,.T.);
#481 = LINE('',#482,#483);
#482 = CARTESIAN_POINT('',(47.5,15.,530.));
#483 = VECTOR('',#484,1.);
#484 = DIRECTION('',(0.,0.,1.));
#485 = PLANE('',#486);
#486 = AXIS2_PLACEMENT_3D('',#487,#488,#489);
#487 = CARTESIAN_POINT('',(67.5,35.,530.));
#488 = DIRECTION('',(0.707106781187,-0.707106781187,0.));
#489 = DIRECTION('',(-0.707106781187,-0.707106781187,0.));
#490 = ADVANCED_FACE('',(#491),#509,.T.);
#491 = FACE_BOUND('',#492,.T.);
#492 = EDGE_LOOP('',(#493,#494,#502,#508));
#493 = ORIENTED_EDGE('',*,*,#417,.F.);
#494 = ORIENTED_EDGE('',*,*,#495,.F.);
#495 = EDGE_CURVE('',#496,#410,#498,.T.);
#496 = VERTEX_POINT('',#497);
#497 = CARTESIAN_POINT('',(-47.5,15.,550.));
#498 = LINE('',#499,#500);
#499 = CARTESIAN_POINT('',(-32.5,0.,550.));
#500 = VECTOR('',#501,1.);
#501 = DIRECTION('',(-0.707106781187,0.707106781187,0.));
#502 = ORIENTED_EDGE('',*,*,#503,.T.);
#503 = EDGE_CURVE('',#496,#473,#504,.T.);
#504 = LINE('',#505,#506);
#505 = CARTESIAN_POINT('',(-47.5,15.,550.));
#506 = VECTOR('',#507,1.);
#507 = DIRECTION('',(1.,0.,-0.));
#508 = ORIENTED_EDGE('',*,*,#472,.F.);
#509 = PLANE('',#510);
#510 = AXIS2_PLACEMENT_3D('',#511,#512,#513);
#511 = CARTESIAN_POINT('',(-67.5,-35.,550.));
#512 = DIRECTION('',(0.,0.,1.));
#513 = DIRECTION('',(1.,0.,-0.));
#514 = ADVANCED_FACE('',(#515),#526,.T.);
#515 = FACE_BOUND('',#516,.T.);
#516 = EDGE_LOOP('',(#517,#518,#524,#525));
#517 = ORIENTED_EDGE('',*,*,#440,.F.);
#518 = ORIENTED_EDGE('',*,*,#519,.T.);
#519 = EDGE_CURVE('',#441,#496,#520,.T.);
#520 = LINE('',#521,#522);
#521 = CARTESIAN_POINT('',(-47.5,15.,530.));
#522 = VECTOR('',#523,1.);
#523 = DIRECTION('',(0.,0.,1.));
#524 = ORIENTED_EDGE('',*,*,#495,.T.);
#525 = ORIENTED_EDGE('',*,*,#409,.F.);
#526 = PLANE('',#527);
#527 = AXIS2_PLACEMENT_3D('',#528,#529,#530);
#528 = CARTESIAN_POINT('',(-32.5,0.,530.));
#529 = DIRECTION('',(-0.707106781187,-0.707106781187,0.));
#530 = DIRECTION('',(-0.707106781187,0.707106781187,0.));
#531 = ADVANCED_FACE('',(#532),#538,.F.);
#532 = FACE_BOUND('',#533,.F.);
#533 = EDGE_LOOP('',(#534,#535,#536,#537));
#534 = ORIENTED_EDGE('',*,*,#448,.F.);
#535 = ORIENTED_EDGE('',*,*,#519,.T.);
#536 = ORIENTED_EDGE('',*,*,#503,.T.);
#537 = ORIENTED_EDGE('',*,*,#480,.F.);
#538 = PLANE('',#539);
#539 = AXIS2_PLACEMENT_3D('',#540,#541,#542);
#540 = CARTESIAN_POINT('',(-47.5,15.,530.));
#541 = DIRECTION('',(-0.,1.,0.));
#542 = DIRECTION('',(0.,0.,1.));
#543 = ( GEOMETRIC_REPRESENTATION_CONTEXT(3) 
GLOBAL_UNCERTAINTY_ASSIGNED_CONTEXT((#547)) GLOBAL_UNIT_ASSIGNED_CONTEXT
((#544,#545,#546)) REPRESENTATION_CONTEXT('Context #1',
  '3D Context with UNIT and UNCERTAINTY') );
#544 = ( LENGTH_UNIT() NAMED_UNIT(*) SI_UNIT(.MILLI.,.METRE.) );
#545 = ( NAMED_UNIT(*) PLANE_ANGLE_UNIT() SI_UNIT($,.RADIAN.) );
#546 = ( NAMED_UNIT(*) SI_UNIT($,.STERADIAN.) SOLID_ANGLE_UNIT() );
#547 = UNCERTAINTY_MEASURE_WITH_UNIT(LENGTH_MEASURE(1.E-07),#544,
  'distance_accuracy_value','confusion accuracy');
#548 = CONTEXT_DEPENDENT_SHAPE_REPRESENTATION(#549,#551);
#549 = ( REPRESENTATION_RELATIONSHIP('','',#392,#10) 
REPRESENTATION_RELATIONSHIP_WITH_TRANSFORMATION(#550) 
SHAPE_REPRESENTATION_RELATIONSHIP() );
#550 = ITEM_DEFINED_TRANSFORMATION('','',#11,#19);
#551 = PRODUCT_DEFINITION_SHAPE('Placement','Placement of an item',#552
  );
#552 = NEXT_ASSEMBLY_USAGE_OCCURRENCE('2','P02 Grip mitred strip north',
  '',#5,#387,$);
#553 = PRODUCT_RELATED_PRODUCT_CATEGORY('part',$,(#389));
#554 = SHAPE_DEFINITION_REPRESENTATION(#555,#561);
#555 = PRODUCT_DEFINITION_SHAPE('','',#556);
#556 = PRODUCT_DEFINITION('design','',#557,#560);
#557 = PRODUCT_DEFINITION_FORMATION('','',#558);
#558 = PRODUCT('P03 Grip mitred strip south',
  'P03 Grip mitred strip south','',(#559));
#559 = PRODUCT_CONTEXT('',#2,'mechanical');
#560 = PRODUCT_DEFINITION_CONTEXT('part definition',#2,'design');
#561 = ADVANCED_BREP_SHAPE_REPRESENTATION('',(#11,#562),#712);
#562 = MANIFOLD_SOLID_BREP('',#563);
#563 = CLOSED_SHELL('',(#564,#604,#635,#659,#683,#700));
#564 = ADVANCED_FACE('',(#565),#599,.F.);
#565 = FACE_BOUND('',#566,.F.);
#566 = EDGE_LOOP('',(#567,#577,#585,#593));
#567 = ORIENTED_EDGE('',*,*,#568,.F.);
#568 = EDGE_CURVE('',#569,#571,#573,.T.);
#569 = VERTEX_POINT('',#570);
#570 = CARTESIAN_POINT('',(-67.5,-35.,530.));
#571 = VERTEX_POINT('',#572);
#572 = CARTESIAN_POINT('',(67.5,-35.,530.));
#573 = LINE('',#574,#575);
#574 = CARTESIAN_POINT('',(-67.5,-35.,530.));
#575 = VECTOR('',#576,1.);
#576 = DIRECTION('',(1.,0.,-0.));
#577 = ORIENTED_EDGE('',*,*,#578,.T.);
#578 = EDGE_CURVE('',#569,#579,#581,.T.);
#579 = VERTEX_POINT('',#580);
#580 = CARTESIAN_POINT('',(-67.5,-35.,550.));
#581 = LINE('',#582,#583);
#582 = CARTESIAN_POINT('',(-67.5,-35.,530.));
#583 = VECTOR('',#584,1.);
#584 = DIRECTION('',(0.,0.,1.));
#585 = ORIENTED_EDGE('',*,*,#586,.T.);
#586 = EDGE_CURVE('',#579,#587,#589,.T.);
#587 = VERTEX_POINT('',#588);
#588 = CARTESIAN_POINT('',(67.5,-35.,550.));
#589 = LINE('',#590,#591);
#590 = CARTESIAN_POINT('',(-67.5,-35.,550.));
#591 = VECTOR('',#592,1.);
#592 = DIRECTION('',(1.,0.,-0.));
#593 = ORIENTED_EDGE('',*,*,#594,.F.);
#594 = EDGE_CURVE('',#571,#587,#595,.T.);
#595 = LINE('',#596,#597);
#596 = CARTESIAN_POINT('',(67.5,-35.,530.));
#597 = VECTOR('',#598,1.);
#598 = DIRECTION('',(0.,0.,1.));
#599 = PLANE('',#600);
#600 = AXIS2_PLACEMENT_3D('',#601,#602,#603);
#601 = CARTESIAN_POINT('',(-67.5,-35.,530.));
#602 = DIRECTION('',(-0.,1.,0.));
#603 = DIRECTION('',(0.,0.,1.));
#604 = ADVANCED_FACE('',(#605),#630,.F.);
#605 = FACE_BOUND('',#606,.F.);
#606 = EDGE_LOOP('',(#607,#615,#616,#624));
#607 = ORIENTED_EDGE('',*,*,#608,.F.);
#608 = EDGE_CURVE('',#569,#609,#611,.T.);
#609 = VERTEX_POINT('',#610);
#610 = CARTESIAN_POINT('',(-47.5,-15.,530.));
#611 = LINE('',#612,#613);
#612 = CARTESIAN_POINT('',(-67.5,-35.,530.));
#613 = VECTOR('',#614,1.);
#614 = DIRECTION('',(0.707106781187,0.707106781187,0.));
#615 = ORIENTED_EDGE('',*,*,#568,.T.);
#616 = ORIENTED_EDGE('',*,*,#617,.F.);
#617 = EDGE_CURVE('',#618,#571,#620,.T.);
#618 = VERTEX_POINT('',#619);
#619 = CARTESIAN_POINT('',(47.5,-15.,530.));
#620 = LINE('',#621,#622);
#621 = CARTESIAN_POINT('',(32.5,0.,530.));
#622 = VECTOR('',#623,1.);
#623 = DIRECTION('',(0.707106781187,-0.707106781187,0.));
#624 = ORIENTED_EDGE('',*,*,#625,.F.);
#625 = EDGE_CURVE('',#609,#618,#626,.T.);
#626 = LINE('',#627,#628);
#627 = CARTESIAN_POINT('',(-47.5,-15.,530.));
#628 = VECTOR('',#629,1.);
#629 = DIRECTION('',(1.,0.,-0.));
#630 = PLANE('',#631);
#631 = AXIS2_PLACEMENT_3D('',#632,#633,#634);
#632 = CARTESIAN_POINT('',(-67.5,-35.,530.));
#633 = DIRECTION('',(0.,0.,1.));
#634 = DIRECTION('',(1.,0.,-0.));
#635 = ADVANCED_FACE('',(#636),#654,.T.);
#636 = FACE_BOUND('',#637,.T.);
#637 = EDGE_LOOP('',(#638,#639,#647,#653));
#638 = ORIENTED_EDGE('',*,*,#617,.F.);
#639 = ORIENTED_EDGE('',*,*,#640,.T.);
#640 = EDGE_CURVE('',#618,#641,#643,.T.);
#641 = VERTEX_POINT('',#642);
#642 = CARTESIAN_POINT('',(47.5,-15.,550.));
#643 = LINE('',#644,#645);
#644 = CARTESIAN_POINT('',(47.5,-15.,530.));
#645 = VECTOR('',#646,1.);
#646 = DIRECTION('',(0.,0.,1.));
#647 = ORIENTED_EDGE('',*,*,#648,.T.);
#648 = EDGE_CURVE('',#641,#587,#649,.T.);
#649 = LINE('',#650,#651);
#650 = CARTESIAN_POINT('',(32.5,0.,550.));
#651 = VECTOR('',#652,1.);
#652 = DIRECTION('',(0.707106781187,-0.707106781187,0.));
#653 = ORIENTED_EDGE('',*,*,#594,.F.);
#654 = PLANE('',#655);
#655 = AXIS2_PLACEMENT_3D('',#656,#657,#658);
#656 = CARTESIAN_POINT('',(32.5,0.,530.));
#657 = DIRECTION('',(0.707106781187,0.707106781187,-0.));
#658 = DIRECTION('',(0.707106781187,-0.707106781187,0.));
#659 = ADVANCED_FACE('',(#660),#678,.T.);
#660 = FACE_BOUND('',#661,.T.);
#661 = EDGE_LOOP('',(#662,#670,#671,#672));
#662 = ORIENTED_EDGE('',*,*,#663,.F.);
#663 = EDGE_CURVE('',#579,#664,#666,.T.);
#664 = VERTEX_POINT('',#665);
#665 = CARTESIAN_POINT('',(-47.5,-15.,550.));
#666 = LINE('',#667,#668);
#667 = CARTESIAN_POINT('',(-67.5,-35.,550.));
#668 = VECTOR('',#669,1.);
#669 = DIRECTION('',(0.707106781187,0.707106781187,0.));
#670 = ORIENTED_EDGE('',*,*,#586,.T.);
#671 = ORIENTED_EDGE('',*,*,#648,.F.);
#672 = ORIENTED_EDGE('',*,*,#673,.F.);
#673 = EDGE_CURVE('',#664,#641,#674,.T.);
#674 = LINE('',#675,#676);
#675 = CARTESIAN_POINT('',(-47.5,-15.,550.));
#676 = VECTOR('',#677,1.);
#677 = DIRECTION('',(1.,0.,-0.));
#678 = PLANE('',#679);
#679 = AXIS2_PLACEMENT_3D('',#680,#681,#682);
#680 = CARTESIAN_POINT('',(-67.5,-35.,550.));
#681 = DIRECTION('',(0.,0.,1.));
#682 = DIRECTION('',(1.,0.,-0.));
#683 = ADVANCED_FACE('',(#684),#695,.T.);
#684 = FACE_BOUND('',#685,.T.);
#685 = EDGE_LOOP('',(#686,#687,#688,#689));
#686 = ORIENTED_EDGE('',*,*,#608,.F.);
#687 = ORIENTED_EDGE('',*,*,#578,.T.);
#688 = ORIENTED_EDGE('',*,*,#663,.T.);
#689 = ORIENTED_EDGE('',*,*,#690,.F.);
#690 = EDGE_CURVE('',#609,#664,#691,.T.);
#691 = LINE('',#692,#693);
#692 = CARTESIAN_POINT('',(-47.5,-15.,530.));
#693 = VECTOR('',#694,1.);
#694 = DIRECTION('',(0.,0.,1.));
#695 = PLANE('',#696);
#696 = AXIS2_PLACEMENT_3D('',#697,#698,#699);
#697 = CARTESIAN_POINT('',(-67.5,-35.,530.));
#698 = DIRECTION('',(-0.707106781187,0.707106781187,0.));
#699 = DIRECTION('',(0.707106781187,0.707106781187,0.));
#700 = ADVANCED_FACE('',(#701),#707,.T.);
#701 = FACE_BOUND('',#702,.T.);
#702 = EDGE_LOOP('',(#703,#704,#705,#706));
#703 = ORIENTED_EDGE('',*,*,#625,.F.);
#704 = ORIENTED_EDGE('',*,*,#690,.T.);
#705 = ORIENTED_EDGE('',*,*,#673,.T.);
#706 = ORIENTED_EDGE('',*,*,#640,.F.);
#707 = PLANE('',#708);
#708 = AXIS2_PLACEMENT_3D('',#709,#710,#711);
#709 = CARTESIAN_POINT('',(-47.5,-15.,530.));
#710 = DIRECTION('',(-0.,1.,0.));
#711 = DIRECTION('',(0.,0.,1.));
#712 = ( GEOMETRIC_REPRESENTATION_CONTEXT(3) 
GLOBAL_UNCERTAINTY_ASSIGNED_CONTEXT((#716)) GLOBAL_UNIT_ASSIGNED_CONTEXT
((#713,#714,#715)) REPRESENTATION_CONTEXT('Context #1',
  '3D Context with UNIT and UNCERTAINTY') );
#713 = ( LENGTH_UNIT() NAMED_UNIT(*) SI_UNIT(.MILLI.,.METRE.) );
#714 = ( NAMED_UNIT(*) PLANE_ANGLE_UNIT() SI_UNIT($,.RADIAN.) );
#715 = ( NAMED_UNIT(*) SI_UNIT($,.STERADIAN.) SOLID_ANGLE_UNIT() );
#716 = UNCERTAINTY_MEASURE_WITH_UNIT(LENGTH_MEASURE(1.E-07),#713,
  'distance_accuracy_value','confusion accuracy');
#717 = CONTEXT_DEPENDENT_SHAPE_REPRESENTATION(#718,#720);
#718 = ( REPRESENTATION_RELATIONSHIP('','',#561,#10) 
REPRESENTATION_RELATIONSHIP_WITH_TRANSFORMATION(#719) 
SHAPE_REPRESENTATION_RELATIONSHIP() );
#719 = ITEM_DEFINED_TRANSFORMATION('','',#11,#23);
#720 = PRODUCT_DEFINITION_SHAPE('Placement','Placement of an item',#721
  );
#721 = NEXT_ASSEMBLY_USAGE_OCCURRENCE('3','P03 Grip mitred strip south',
  '',#5,#556,$);
#722 = PRODUCT_RELATED_PRODUCT_CATEGORY('part',$,(#558));
#723 = SHAPE_DEFINITION_REPRESENTATION(#724,#730);
#724 = PRODUCT_DEFINITION_SHAPE('','',#725);
#725 = PRODUCT_DEFINITION('design','',#726,#729);
#726 = PRODUCT_DEFINITION_FORMATION('','',#727);
#727 = PRODUCT('P04 Grip mitred strip east','P04 Grip mitred strip east'
  ,'',(#728));
#728 = PRODUCT_CONTEXT('',#2,'mechanical');
#729 = PRODUCT_DEFINITION_CONTEXT('part definition',#2,'design');
#730 = ADVANCED_BREP_SHAPE_REPRESENTATION('',(#11,#731),#881);
#731 = MANIFOLD_SOLID_BREP('',#732);
#732 = CLOSED_SHELL('',(#733,#773,#804,#828,#852,#869));
#733 = ADVANCED_FACE('',(#734),#768,.T.);
#734 = FACE_BOUND('',#735,.T.);
#735 = EDGE_LOOP('',(#736,#746,#754,#762));
#736 = ORIENTED_EDGE('',*,*,#737,.F.);
#737 = EDGE_CURVE('',#738,#740,#742,.T.);
#738 = VERTEX_POINT('',#739);
#739 = CARTESIAN_POINT('',(67.5,-35.,530.));
#740 = VERTEX_POINT('',#741);
#741 = CARTESIAN_POINT('',(67.5,-35.,550.));
#742 = LINE('',#743,#744);
#743 = CARTESIAN_POINT('',(67.5,-35.,530.));
#744 = VECTOR('',#745,1.);
#745 = DIRECTION('',(0.,0.,1.));
#746 = ORIENTED_EDGE('',*,*,#747,.T.);
#747 = EDGE_CURVE('',#738,#748,#750,.T.);
#748 = VERTEX_POINT('',#749);
#749 = CARTESIAN_POINT('',(67.5,35.,530.));
#750 = LINE('',#751,#752);
#751 = CARTESIAN_POINT('',(67.5,-35.,530.));
#752 = VECTOR('',#753,1.);
#753 = DIRECTION('',(-0.,1.,0.));
#754 = ORIENTED_EDGE('',*,*,#755,.T.);
#755 = EDGE_CURVE('',#748,#756,#758,.T.);
#756 = VERTEX_POINT('',#757);
#757 = CARTESIAN_POINT('',(67.5,35.,550.));
#758 = LINE('',#759,#760);
#759 = CARTESIAN_POINT('',(67.5,35.,530.));
#760 = VECTOR('',#761,1.);
#761 = DIRECTION('',(0.,0.,1.));
#762 = ORIENTED_EDGE('',*,*,#763,.F.);
#763 = EDGE_CURVE('',#740,#756,#764,.T.);
#764 = LINE('',#765,#766);
#765 = CARTESIAN_POINT('',(67.5,-35.,550.));
#766 = VECTOR('',#767,1.);
#767 = DIRECTION('',(-0.,1.,0.));
#768 = PLANE('',#769);
#769 = AXIS2_PLACEMENT_3D('',#770,#771,#772);
#770 = CARTESIAN_POINT('',(67.5,-35.,530.));
#771 = DIRECTION('',(1.,0.,-0.));
#772 = DIRECTION('',(0.,0.,1.));
#773 = ADVANCED_FACE('',(#774),#799,.T.);
#774 = FACE_BOUND('',#775,.T.);
#775 = EDGE_LOOP('',(#776,#784,#785,#793));
#776 = ORIENTED_EDGE('',*,*,#777,.F.);
#777 = EDGE_CURVE('',#738,#778,#780,.T.);
#778 = VERTEX_POINT('',#779);
#779 = CARTESIAN_POINT('',(47.5,-15.,530.));
#780 = LINE('',#781,#782);
#781 = CARTESIAN_POINT('',(67.5,-35.,530.));
#782 = VECTOR('',#783,1.);
#783 = DIRECTION('',(-0.707106781187,0.707106781187,0.));
#784 = ORIENTED_EDGE('',*,*,#737,.T.);
#785 = ORIENTED_EDGE('',*,*,#786,.T.);
#786 = EDGE_CURVE('',#740,#787,#789,.T.);
#787 = VERTEX_POINT('',#788);
#788 = CARTESIAN_POINT('',(47.5,-15.,550.));
#789 = LINE('',#790,#791);
#790 = CARTESIAN_POINT('',(67.5,-35.,550.));
#791 = VECTOR('',#792,1.);
#792 = DIRECTION('',(-0.707106781187,0.707106781187,0.));
#793 = ORIENTED_EDGE('',*,*,#794,.F.);
#794 = EDGE_CURVE('',#778,#787,#795,.T.);
#795 = LINE('',#796,#797);
#796 = CARTESIAN_POINT('',(47.5,-15.,530.));
#797 = VECTOR('',#798,1.);
#798 = DIRECTION('',(0.,0.,1.));
#799 = PLANE('',#800);
#800 = AXIS2_PLACEMENT_3D('',#801,#802,#803);
#801 = CARTESIAN_POINT('',(67.5,-35.,530.));
#802 = DIRECTION('',(-0.707106781187,-0.707106781187,0.));
#803 = DIRECTION('',(-0.707106781187,0.707106781187,0.));
#804 = ADVANCED_FACE('',(#805),#823,.T.);
#805 = FACE_BOUND('',#806,.T.);
#806 = EDGE_LOOP('',(#807,#808,#816,#822));
#807 = ORIENTED_EDGE('',*,*,#763,.T.);
#808 = ORIENTED_EDGE('',*,*,#809,.F.);
#809 = EDGE_CURVE('',#810,#756,#812,.T.);
#810 = VERTEX_POINT('',#811);
#811 = CARTESIAN_POINT('',(47.5,15.,550.));
#812 = LINE('',#813,#814);
#813 = CARTESIAN_POINT('',(32.5,0.,550.));
#814 = VECTOR('',#815,1.);
#815 = DIRECTION('',(0.707106781187,0.707106781187,0.));
#816 = ORIENTED_EDGE('',*,*,#817,.F.);
#817 = EDGE_CURVE('',#787,#810,#818,.T.);
#818 = LINE('',#819,#820);
#819 = CARTESIAN_POINT('',(47.5,-15.,550.));
#820 = VECTOR('',#821,1.);
#821 = DIRECTION('',(-0.,1.,0.));
#822 = ORIENTED_EDGE('',*,*,#786,.F.);
#823 = PLANE('',#824);
#824 = AXIS2_PLACEMENT_3D('',#825,#826,#827);
#825 = CARTESIAN_POINT('',(-67.5,-35.,550.));
#826 = DIRECTION('',(0.,0.,1.));
#827 = DIRECTION('',(1.,0.,-0.));
#828 = ADVANCED_FACE('',(#829),#847,.T.);
#829 = FACE_BOUND('',#830,.T.);
#830 = EDGE_LOOP('',(#831,#839,#845,#846));
#831 = ORIENTED_EDGE('',*,*,#832,.F.);
#832 = EDGE_CURVE('',#833,#748,#835,.T.);
#833 = VERTEX_POINT('',#834);
#834 = CARTESIAN_POINT('',(47.5,15.,530.));
#835 = LINE('',#836,#837);
#836 = CARTESIAN_POINT('',(32.5,0.,530.));
#837 = VECTOR('',#838,1.);
#838 = DIRECTION('',(0.707106781187,0.707106781187,0.));
#839 = ORIENTED_EDGE('',*,*,#840,.T.);
#840 = EDGE_CURVE('',#833,#810,#841,.T.);
#841 = LINE('',#842,#843);
#842 = CARTESIAN_POINT('',(47.5,15.,530.));
#843 = VECTOR('',#844,1.);
#844 = DIRECTION('',(0.,0.,1.));
#845 = ORIENTED_EDGE('',*,*,#809,.T.);
#846 = ORIENTED_EDGE('',*,*,#755,.F.);
#847 = PLANE('',#848);
#848 = AXIS2_PLACEMENT_3D('',#849,#850,#851);
#849 = CARTESIAN_POINT('',(32.5,0.,530.));
#850 = DIRECTION('',(-0.707106781187,0.707106781187,0.));
#851 = DIRECTION('',(0.707106781187,0.707106781187,0.));
#852 = ADVANCED_FACE('',(#853),#864,.F.);
#853 = FACE_BOUND('',#854,.F.);
#854 = EDGE_LOOP('',(#855,#856,#857,#863));
#855 = ORIENTED_EDGE('',*,*,#747,.T.);
#856 = ORIENTED_EDGE('',*,*,#832,.F.);
#857 = ORIENTED_EDGE('',*,*,#858,.F.);
#858 = EDGE_CURVE('',#778,#833,#859,.T.);
#859 = LINE('',#860,#861);
#860 = CARTESIAN_POINT('',(47.5,-15.,530.));
#861 = VECTOR('',#862,1.);
#862 = DIRECTION('',(-0.,1.,0.));
#863 = ORIENTED_EDGE('',*,*,#777,.F.);
#864 = PLANE('',#865);
#865 = AXIS2_PLACEMENT_3D('',#866,#867,#868);
#866 = CARTESIAN_POINT('',(-67.5,-35.,530.));
#867 = DIRECTION('',(0.,0.,1.));
#868 = DIRECTION('',(1.,0.,-0.));
#869 = ADVANCED_FACE('',(#870),#876,.F.);
#870 = FACE_BOUND('',#871,.F.);
#871 = EDGE_LOOP('',(#872,#873,#874,#875));
#872 = ORIENTED_EDGE('',*,*,#794,.F.);
#873 = ORIENTED_EDGE('',*,*,#858,.T.);
#874 = ORIENTED_EDGE('',*,*,#840,.T.);
#875 = ORIENTED_EDGE('',*,*,#817,.F.);
#876 = PLANE('',#877);
#877 = AXIS2_PLACEMENT_3D('',#878,#879,#880);
#878 = CARTESIAN_POINT('',(47.5,-15.,530.));
#879 = DIRECTION('',(1.,0.,-0.));
#880 = DIRECTION('',(0.,0.,1.));
#881 = ( GEOMETRIC_REPRESENTATION_CONTEXT(3) 
GLOBAL_UNCERTAINTY_ASSIGNED_CONTEXT((#885)) GLOBAL_UNIT_ASSIGNED_CONTEXT
((#882,#883,#884)) REPRESENTATION_CONTEXT('Context #1',
  '3D Context with UNIT and UNCERTAINTY') );
#882 = ( LENGTH_UNIT() NAMED_UNIT(*) SI_UNIT(.MILLI.,.METRE.) );
#883 = ( NAMED_UNIT(*) PLANE_ANGLE_UNIT() SI_UNIT($,.RADIAN.) );
#884 = ( NAMED_UNIT(*) SI_UNIT($,.STERADIAN.) SOLID_ANGLE_UNIT() );
#885 = UNCERTAINTY_MEASURE_WITH_UNIT(LENGTH_MEASURE(1.E-07),#882,
  'distance_accuracy_value','confusion accuracy');
#886 = CONTEXT_DEPENDENT_SHAPE_REPRESENTATION(#887,#889);
#887 = ( REPRESENTATION_RELATIONSHIP('','',#730,#10) 
REPRESENTATION_RELATIONSHIP_WITH_TRANSFORMATION(#888) 
SHAPE_REPRESENTATION_RELATIONSHIP() );
#888 = ITEM_DEFINED_TRANSFORMATION('','',#11,#27);
#889 = PRODUCT_DEFINITION_SHAPE('Placement','Placement of an item',#890
  );
#890 = NEXT_ASSEMBLY_USAGE_OCCURRENCE('4','P04 Grip mitred strip east',
  '',#5,#725,$);
#891 = PRODUCT_RELATED_PRODUCT_CATEGORY('part',$,(#727));
#892 = SHAPE_DEFINITION_REPRESENTATION(#893,#899);
#893 = PRODUCT_DEFINITION_SHAPE('','',#894);
#894 = PRODUCT_DEFINITION('design','',#895,#898);
#895 = PRODUCT_DEFINITION_FORMATION('','',#896);
#896 = PRODUCT('P05 Grip mitred strip west','P05 Grip mitred strip west'
  ,'',(#897));
#897 = PRODUCT_CONTEXT('',#2,'mechanical');
#898 = PRODUCT_DEFINITION_CONTEXT('part definition',#2,'design');
#899 = ADVANCED_BREP_SHAPE_REPRESENTATION('',(#11,#900),#1050);
#900 = MANIFOLD_SOLID_BREP('',#901);
#901 = CLOSED_SHELL('',(#902,#942,#973,#997,#1021,#1038));
#902 = ADVANCED_FACE('',(#903),#937,.F.);
#903 = FACE_BOUND('',#904,.F.);
#904 = EDGE_LOOP('',(#905,#915,#923,#931));
#905 = ORIENTED_EDGE('',*,*,#906,.F.);
#906 = EDGE_CURVE('',#907,#909,#911,.T.);
#907 = VERTEX_POINT('',#908);
#908 = CARTESIAN_POINT('',(-67.5,-35.,530.));
#909 = VERTEX_POINT('',#910);
#910 = CARTESIAN_POINT('',(-67.5,-35.,550.));
#911 = LINE('',#912,#913);
#912 = CARTESIAN_POINT('',(-67.5,-35.,530.));
#913 = VECTOR('',#914,1.);
#914 = DIRECTION('',(0.,0.,1.));
#915 = ORIENTED_EDGE('',*,*,#916,.T.);
#916 = EDGE_CURVE('',#907,#917,#919,.T.);
#917 = VERTEX_POINT('',#918);
#918 = CARTESIAN_POINT('',(-67.5,35.,530.));
#919 = LINE('',#920,#921);
#920 = CARTESIAN_POINT('',(-67.5,-35.,530.));
#921 = VECTOR('',#922,1.);
#922 = DIRECTION('',(-0.,1.,0.));
#923 = ORIENTED_EDGE('',*,*,#924,.T.);
#924 = EDGE_CURVE('',#917,#925,#927,.T.);
#925 = VERTEX_POINT('',#926);
#926 = CARTESIAN_POINT('',(-67.5,35.,550.));
#927 = LINE('',#928,#929);
#928 = CARTESIAN_POINT('',(-67.5,35.,530.));
#929 = VECTOR('',#930,1.);
#930 = DIRECTION('',(0.,0.,1.));
#931 = ORIENTED_EDGE('',*,*,#932,.F.);
#932 = EDGE_CURVE('',#909,#925,#933,.T.);
#933 = LINE('',#934,#935);
#934 = CARTESIAN_POINT('',(-67.5,-35.,550.));
#935 = VECTOR('',#936,1.);
#936 = DIRECTION('',(-0.,1.,0.));
#937 = PLANE('',#938);
#938 = AXIS2_PLACEMENT_3D('',#939,#940,#941);
#939 = CARTESIAN_POINT('',(-67.5,-35.,530.));
#940 = DIRECTION('',(1.,0.,-0.));
#941 = DIRECTION('',(0.,0.,1.));
#942 = ADVANCED_FACE('',(#943),#968,.T.);
#943 = FACE_BOUND('',#944,.T.);
#944 = EDGE_LOOP('',(#945,#953,#961,#967));
#945 = ORIENTED_EDGE('',*,*,#946,.F.);
#946 = EDGE_CURVE('',#947,#907,#949,.T.);
#947 = VERTEX_POINT('',#948);
#948 = CARTESIAN_POINT('',(-47.5,-15.,530.));
#949 = LINE('',#950,#951);
#950 = CARTESIAN_POINT('',(-32.5,0.,530.));
#951 = VECTOR('',#952,1.);
#952 = DIRECTION('',(-0.707106781187,-0.707106781187,0.));
#953 = ORIENTED_EDGE('',*,*,#954,.T.);
#954 = EDGE_CURVE('',#947,#955,#957,.T.);
#955 = VERTEX_POINT('',#956);
#956 = CARTESIAN_POINT('',(-47.5,-15.,550.));
#957 = LINE('',#958,#959);
#958 = CARTESIAN_POINT('',(-47.5,-15.,530.));
#959 = VECTOR('',#960,1.);
#960 = DIRECTION('',(0.,0.,1.));
#961 = ORIENTED_EDGE('',*,*,#962,.T.);
#962 = EDGE_CURVE('',#955,#909,#963,.T.);
#963 = LINE('',#964,#965);
#964 = CARTESIAN_POINT('',(-32.5,0.,550.));
#965 = VECTOR('',#966,1.);
#966 = DIRECTION('',(-0.707106781187,-0.707106781187,0.));
#967 = ORIENTED_EDGE('',*,*,#906,.F.);
#968 = PLANE('',#969);
#969 = AXIS2_PLACEMENT_3D('',#970,#971,#972);
#970 = CARTESIAN_POINT('',(-32.5,0.,530.));
#971 = DIRECTION('',(0.707106781187,-0.707106781187,0.));
#972 = DIRECTION('',(-0.707106781187,-0.707106781187,0.));
#973 = ADVANCED_FACE('',(#974),#992,.T.);
#974 = FACE_BOUND('',#975,.T.);
#975 = EDGE_LOOP('',(#976,#977,#978,#986));
#976 = ORIENTED_EDGE('',*,*,#932,.F.);
#977 = ORIENTED_EDGE('',*,*,#962,.F.);
#978 = ORIENTED_EDGE('',*,*,#979,.T.);
#979 = EDGE_CURVE('',#955,#980,#982,.T.);
#980 = VERTEX_POINT('',#981);
#981 = CARTESIAN_POINT('',(-47.5,15.,550.));
#982 = LINE('',#983,#984);
#983 = CARTESIAN_POINT('',(-47.5,-15.,550.));
#984 = VECTOR('',#985,1.);
#985 = DIRECTION('',(-0.,1.,0.));
#986 = ORIENTED_EDGE('',*,*,#987,.F.);
#987 = EDGE_CURVE('',#925,#980,#988,.T.);
#988 = LINE('',#989,#990);
#989 = CARTESIAN_POINT('',(-67.5,35.,550.));
#990 = VECTOR('',#991,1.);
#991 = DIRECTION('',(0.707106781187,-0.707106781187,0.));
#992 = PLANE('',#993);
#993 = AXIS2_PLACEMENT_3D('',#994,#995,#996);
#994 = CARTESIAN_POINT('',(-67.5,-35.,550.));
#995 = DIRECTION('',(0.,0.,1.));
#996 = DIRECTION('',(1.,0.,-0.));
#997 = ADVANCED_FACE('',(#998),#1016,.T.);
#998 = FACE_BOUND('',#999,.T.);
#999 = EDGE_LOOP('',(#1000,#1008,#1009,#1010));
#1000 = ORIENTED_EDGE('',*,*,#1001,.F.);
#1001 = EDGE_CURVE('',#917,#1002,#1004,.T.);
#1002 = VERTEX_POINT('',#1003);
#1003 = CARTESIAN_POINT('',(-47.5,15.,530.));
#1004 = LINE('',#1005,#1006);
#1005 = CARTESIAN_POINT('',(-67.5,35.,530.));
#1006 = VECTOR('',#1007,1.);
#1007 = DIRECTION('',(0.707106781187,-0.707106781187,0.));
#1008 = ORIENTED_EDGE('',*,*,#924,.T.);
#1009 = ORIENTED_EDGE('',*,*,#987,.T.);
#1010 = ORIENTED_EDGE('',*,*,#1011,.F.);
#1011 = EDGE_CURVE('',#1002,#980,#1012,.T.);
#1012 = LINE('',#1013,#1014);
#1013 = CARTESIAN_POINT('',(-47.5,15.,530.));
#1014 = VECTOR('',#1015,1.);
#1015 = DIRECTION('',(0.,0.,1.));
#1016 = PLANE('',#1017);
#1017 = AXIS2_PLACEMENT_3D('',#1018,#1019,#1020);
#1018 = CARTESIAN_POINT('',(-67.5,35.,530.));
#1019 = DIRECTION('',(0.707106781187,0.707106781187,-0.));
#1020 = DIRECTION('',(0.707106781187,-0.707106781187,0.));
#1021 = ADVANCED_FACE('',(#1022),#1033,.F.);
#1022 = FACE_BOUND('',#1023,.F.);
#1023 = EDGE_LOOP('',(#1024,#1025,#1026,#1032));
#1024 = ORIENTED_EDGE('',*,*,#916,.F.);
#1025 = ORIENTED_EDGE('',*,*,#946,.F.);
#1026 = ORIENTED_EDGE('',*,*,#1027,.T.);
#1027 = EDGE_CURVE('',#947,#1002,#1028,.T.);
#1028 = LINE('',#1029,#1030);
#1029 = CARTESIAN_POINT('',(-47.5,-15.,530.));
#1030 = VECTOR('',#1031,1.);
#1031 = DIRECTION('',(-0.,1.,0.));
#1032 = ORIENTED_EDGE('',*,*,#1001,.F.);
#1033 = PLANE('',#1034);
#1034 = AXIS2_PLACEMENT_3D('',#1035,#1036,#1037);
#1035 = CARTESIAN_POINT('',(-67.5,-35.,530.));
#1036 = DIRECTION('',(0.,0.,1.));
#1037 = DIRECTION('',(1.,0.,-0.));
#1038 = ADVANCED_FACE('',(#1039),#1045,.T.);
#1039 = FACE_BOUND('',#1040,.T.);
#1040 = EDGE_LOOP('',(#1041,#1042,#1043,#1044));
#1041 = ORIENTED_EDGE('',*,*,#954,.F.);
#1042 = ORIENTED_EDGE('',*,*,#1027,.T.);
#1043 = ORIENTED_EDGE('',*,*,#1011,.T.);
#1044 = ORIENTED_EDGE('',*,*,#979,.F.);
#1045 = PLANE('',#1046);
#1046 = AXIS2_PLACEMENT_3D('',#1047,#1048,#1049);
#1047 = CARTESIAN_POINT('',(-47.5,-15.,530.));
#1048 = DIRECTION('',(1.,0.,-0.));
#1049 = DIRECTION('',(0.,0.,1.));
#1050 = ( GEOMETRIC_REPRESENTATION_CONTEXT(3) 
GLOBAL_UNCERTAINTY_ASSIGNED_CONTEXT((#1054)) 
GLOBAL_UNIT_ASSIGNED_CONTEXT((#1051,#1052,#1053)) REPRESENTATION_CONTEXT
('Context #1','3D Context with UNIT and UNCERTAINTY') );
#1051 = ( LENGTH_UNIT() NAMED_UNIT(*) SI_UNIT(.MILLI.,.METRE.) );
#1052 = ( NAMED_UNIT(*) PLANE_ANGLE_UNIT() SI_UNIT($,.RADIAN.) );
#1053 = ( NAMED_UNIT(*) SI_UNIT($,.STERADIAN.) SOLID_ANGLE_UNIT() );
#1054 = UNCERTAINTY_MEASURE_WITH_UNIT(LENGTH_MEASURE(1.E-07),#1051,
  'distance_accuracy_value','confusion accuracy');
#1055 = CONTEXT_DEPENDENT_SHAPE_REPRESENTATION(#1056,#1058);
#1056 = ( REPRESENTATION_RELATIONSHIP('','',#899,#10) 
REPRESENTATION_RELATIONSHIP_WITH_TRANSFORMATION(#1057) 
SHAPE_REPRESENTATION_RELATIONSHIP() );
#1057 = ITEM_DEFINED_TRANSFORMATION('','',#11,#31);
#1058 = PRODUCT_DEFINITION_SHAPE('Placement','Placement of an item',
  #1059);
#1059 = NEXT_ASSEMBLY_USAGE_OCCURRENCE('5','P05 Grip mitred strip west',
  '',#5,#894,$);
#1060 = PRODUCT_RELATED_PRODUCT_CATEGORY('part',$,(#896));
#1061 = SHAPE_DEFINITION_REPRESENTATION(#1062,#1068);
#1062 = PRODUCT_DEFINITION_SHAPE('','',#1063);
#1063 = PRODUCT_DEFINITION('design','',#1064,#1067);
#1064 = PRODUCT_DEFINITION_FORMATION('','',#1065);
#1065 = PRODUCT('P06 Lower circular maple shelf — no opening',
  'P06 Lower circular maple shelf — no opening','',(#1066));
#1066 = PRODUCT_CONTEXT('',#2,'mechanical');
#1067 = PRODUCT_DEFINITION_CONTEXT('part definition',#2,'design');
#1068 = ADVANCED_BREP_SHAPE_REPRESENTATION('',(#11,#1069),#1122);
#1069 = MANIFOLD_SOLID_BREP('',#1070);
#1070 = CLOSED_SHELL('',(#1071,#1104,#1113));
#1071 = ADVANCED_FACE('',(#1072),#1099,.T.);
#1072 = FACE_BOUND('',#1073,.T.);
#1073 = EDGE_LOOP('',(#1074,#1083,#1091,#1098));
#1074 = ORIENTED_EDGE('',*,*,#1075,.F.);
#1075 = EDGE_CURVE('',#1076,#1076,#1078,.T.);
#1076 = VERTEX_POINT('',#1077);
#1077 = CARTESIAN_POINT('',(260.,-6.368163355566E-14,300.));
#1078 = CIRCLE('',#1079,260.);
#1079 = AXIS2_PLACEMENT_3D('',#1080,#1081,#1082);
#1080 = CARTESIAN_POINT('',(0.,0.,300.));
#1081 = DIRECTION('',(0.,0.,1.));
#1082 = DIRECTION('',(1.,0.,-0.));
#1083 = ORIENTED_EDGE('',*,*,#1084,.F.);
#1084 = EDGE_CURVE('',#1085,#1076,#1087,.T.);
#1085 = VERTEX_POINT('',#1086);
#1086 = CARTESIAN_POINT('',(260.,-6.368163355566E-14,280.));
#1087 = LINE('',#1088,#1089);
#1088 = CARTESIAN_POINT('',(260.,-6.368163355566E-14,280.));
#1089 = VECTOR('',#1090,1.);
#1090 = DIRECTION('',(0.,0.,1.));
#1091 = ORIENTED_EDGE('',*,*,#1092,.T.);
#1092 = EDGE_CURVE('',#1085,#1085,#1093,.T.);
#1093 = CIRCLE('',#1094,260.);
#1094 = AXIS2_PLACEMENT_3D('',#1095,#1096,#1097);
#1095 = CARTESIAN_POINT('',(0.,0.,280.));
#1096 = DIRECTION('',(0.,0.,1.));
#1097 = DIRECTION('',(1.,0.,-0.));
#1098 = ORIENTED_EDGE('',*,*,#1084,.T.);
#1099 = CYLINDRICAL_SURFACE('',#1100,260.);
#1100 = AXIS2_PLACEMENT_3D('',#1101,#1102,#1103);
#1101 = CARTESIAN_POINT('',(0.,0.,280.));
#1102 = DIRECTION('',(0.,0.,1.));
#1103 = DIRECTION('',(1.,0.,-0.));
#1104 = ADVANCED_FACE('',(#1105),#1108,.T.);
#1105 = FACE_BOUND('',#1106,.T.);
#1106 = EDGE_LOOP('',(#1107));
#1107 = ORIENTED_EDGE('',*,*,#1075,.T.);
#1108 = PLANE('',#1109);
#1109 = AXIS2_PLACEMENT_3D('',#1110,#1111,#1112);
#1110 = CARTESIAN_POINT('',(0.,0.,300.));
#1111 = DIRECTION('',(0.,0.,1.));
#1112 = DIRECTION('',(1.,0.,-0.));
#1113 = ADVANCED_FACE('',(#1114),#1117,.F.);
#1114 = FACE_BOUND('',#1115,.T.);
#1115 = EDGE_LOOP('',(#1116));
#1116 = ORIENTED_EDGE('',*,*,#1092,.F.);
#1117 = PLANE('',#1118);
#1118 = AXIS2_PLACEMENT_3D('',#1119,#1120,#1121);
#1119 = CARTESIAN_POINT('',(0.,0.,280.));
#1120 = DIRECTION('',(0.,0.,1.));
#1121 = DIRECTION('',(1.,0.,-0.));
#1122 = ( GEOMETRIC_REPRESENTATION_CONTEXT(3) 
GLOBAL_UNCERTAINTY_ASSIGNED_CONTEXT((#1126)) 
GLOBAL_UNIT_ASSIGNED_CONTEXT((#1123,#1124,#1125)) REPRESENTATION_CONTEXT
('Context #1','3D Context with UNIT and UNCERTAINTY') );
#1123 = ( LENGTH_UNIT() NAMED_UNIT(*) SI_UNIT(.MILLI.,.METRE.) );
#1124 = ( NAMED_UNIT(*) PLANE_ANGLE_UNIT() SI_UNIT($,.RADIAN.) );
#1125 = ( NAMED_UNIT(*) SI_UNIT($,.STERADIAN.) SOLID_ANGLE_UNIT() );
#1126 = UNCERTAINTY_MEASURE_WITH_UNIT(LENGTH_MEASURE(1.E-07),#1123,
  'distance_accuracy_value','confusion accuracy');
#1127 = CONTEXT_DEPENDENT_SHAPE_REPRESENTATION(#1128,#1130);
#1128 = ( REPRESENTATION_RELATIONSHIP('','',#1068,#10) 
REPRESENTATION_RELATIONSHIP_WITH_TRANSFORMATION(#1129) 
SHAPE_REPRESENTATION_RELATIONSHIP() );
#1129 = ITEM_DEFINED_TRANSFORMATION('','',#11,#35);
#1130 = PRODUCT_DEFINITION_SHAPE('Placement','Placement of an item',
  #1131);
#1131 = NEXT_ASSEMBLY_USAGE_OCCURRENCE('6',
  'P06 Lower circular maple shelf — no opening','',#5,#1063,$);
#1132 = PRODUCT_RELATED_PRODUCT_CATEGORY('part',$,(#1065));
#1133 = SHAPE_DEFINITION_REPRESENTATION(#1134,#1140);
#1134 = PRODUCT_DEFINITION_SHAPE('','',#1135);
#1135 = PRODUCT_DEFINITION('design','',#1136,#1139);
#1136 = PRODUCT_DEFINITION_FORMATION('','',#1137);
#1137 = PRODUCT('P07 Arched blade 30 / maple segment 1',
  'P07 Arched blade 30 / maple segment 1','',(#1138));
#1138 = PRODUCT_CONTEXT('',#2,'mechanical');
#1139 = PRODUCT_DEFINITION_CONTEXT('part definition',#2,'design');
#1140 = ADVANCED_BREP_SHAPE_REPRESENTATION('',(#11,#1141),#1423);
#1141 = MANIFOLD_SOLID_BREP('',#1142);
#1142 = CLOSED_SHELL('',(#1143,#1215,#1246,#1270,#1294,#1318,#1342,#1366
    ,#1390,#1407));
#1143 = ADVANCED_FACE('',(#1144),#1210,.F.);
#1144 = FACE_BOUND('',#1145,.F.);
#1145 = EDGE_LOOP('',(#1146,#1156,#1164,#1172,#1180,#1188,#1196,#1204));
#1146 = ORIENTED_EDGE('',*,*,#1147,.F.);
#1147 = EDGE_CURVE('',#1148,#1150,#1152,.T.);
#1148 = VERTEX_POINT('',#1149);
#1149 = CARTESIAN_POINT('',(259.49673200287,80.538475772934,18.));
#1150 = VERTEX_POINT('',#1151);
#1151 = CARTESIAN_POINT('',(259.49673200287,80.538475772934,
    353.90524980688));
#1152 = LINE('',#1153,#1154);
#1153 = CARTESIAN_POINT('',(259.49673200287,80.538475772934,18.));
#1154 = VECTOR('',#1155,1.);
#1155 = DIRECTION('',(0.,0.,1.));
#1156 = ORIENTED_EDGE('',*,*,#1157,.T.);
#1157 = EDGE_CURVE('',#1148,#1158,#1160,.T.);
#1158 = VERTEX_POINT('',#1159);
#1159 = CARTESIAN_POINT('',(236.49673200287,120.37564434701,18.));
#1160 = LINE('',#1161,#1162);
#1161 = CARTESIAN_POINT('',(259.49673200287,80.538475772934,18.));
#1162 = VECTOR('',#1163,1.);
#1163 = DIRECTION('',(-0.5,0.866025403784,0.));
#1164 = ORIENTED_EDGE('',*,*,#1165,.T.);
#1165 = EDGE_CURVE('',#1158,#1166,#1168,.T.);
#1166 = VERTEX_POINT('',#1167);
#1167 = CARTESIAN_POINT('',(236.49673200287,120.37564434701,284.));
#1168 = LINE('',#1169,#1170);
#1169 = CARTESIAN_POINT('',(236.49673200287,120.37564434701,18.));
#1170 = VECTOR('',#1171,1.);
#1171 = DIRECTION('',(0.,0.,1.));
#1172 = ORIENTED_EDGE('',*,*,#1173,.F.);
#1173 = EDGE_CURVE('',#1174,#1166,#1176,.T.);
#1174 = VERTEX_POINT('',#1175);
#1175 = CARTESIAN_POINT('',(222.49673200287,144.62435565298,284.));
#1176 = LINE('',#1177,#1178);
#1177 = CARTESIAN_POINT('',(247.99673200287,100.45706005997,284.));
#1178 = VECTOR('',#1179,1.);
#1179 = DIRECTION('',(0.5,-0.866025403784,0.));
#1180 = ORIENTED_EDGE('',*,*,#1181,.F.);
#1181 = EDGE_CURVE('',#1182,#1174,#1184,.T.);
#1182 = VERTEX_POINT('',#1183);
#1183 = CARTESIAN_POINT('',(222.49673200287,144.62435565298,18.));
#1184 = LINE('',#1185,#1186);
#1185 = CARTESIAN_POINT('',(222.49673200287,144.62435565298,18.));
#1186 = VECTOR('',#1187,1.);
#1187 = DIRECTION('',(0.,0.,1.));
#1188 = ORIENTED_EDGE('',*,*,#1189,.T.);
#1189 = EDGE_CURVE('',#1182,#1190,#1192,.T.);
#1190 = VERTEX_POINT('',#1191);
#1191 = CARTESIAN_POINT('',(199.49673200287,184.46152422706,18.));
#1192 = LINE('',#1193,#1194);
#1193 = CARTESIAN_POINT('',(259.49673200287,80.538475772934,18.));
#1194 = VECTOR('',#1195,1.);
#1195 = DIRECTION('',(-0.5,0.866025403784,0.));
#1196 = ORIENTED_EDGE('',*,*,#1197,.T.);
#1197 = EDGE_CURVE('',#1190,#1198,#1200,.T.);
#1198 = VERTEX_POINT('',#1199);
#1199 = CARTESIAN_POINT('',(199.49673200287,184.46152422706,
    353.90524980688));
#1200 = LINE('',#1201,#1202);
#1201 = CARTESIAN_POINT('',(199.49673200287,184.46152422706,18.));
#1202 = VECTOR('',#1203,1.);
#1203 = DIRECTION('',(0.,0.,1.));
#1204 = ORIENTED_EDGE('',*,*,#1205,.F.);
#1205 = EDGE_CURVE('',#1150,#1198,#1206,.T.);
#1206 = LINE('',#1207,#1208);
#1207 = CARTESIAN_POINT('',(259.49673200287,80.538475772934,
    353.90524980688));
#1208 = VECTOR('',#1209,1.);
#1209 = DIRECTION('',(-0.5,0.866025403784,0.));
#1210 = PLANE('',#1211);
#1211 = AXIS2_PLACEMENT_3D('',#1212,#1213,#1214);
#1212 = CARTESIAN_POINT('',(259.49673200287,80.538475772934,18.));
#1213 = DIRECTION('',(0.866025403784,0.5,0.));
#1214 = DIRECTION('',(0.,0.,1.));
#1215 = ADVANCED_FACE('',(#1216),#1241,.F.);
#1216 = FACE_BOUND('',#1217,.F.);
#1217 = EDGE_LOOP('',(#1218,#1226,#1227,#1235));
#1218 = ORIENTED_EDGE('',*,*,#1219,.F.);
#1219 = EDGE_CURVE('',#1148,#1220,#1222,.T.);
#1220 = VERTEX_POINT('',#1221);
#1221 = CARTESIAN_POINT('',(276.81724007856,90.538475772934,18.));
#1222 = LINE('',#1223,#1224);
#1223 = CARTESIAN_POINT('',(259.49673200287,80.538475772934,18.));
#1224 = VECTOR('',#1225,1.);
#1225 = DIRECTION('',(0.866025403784,0.5,0.));
#1226 = ORIENTED_EDGE('',*,*,#1147,.T.);
#1227 = ORIENTED_EDGE('',*,*,#1228,.T.);
#1228 = EDGE_CURVE('',#1150,#1229,#1231,.T.);
#1229 = VERTEX_POINT('',#1230);
#1230 = CARTESIAN_POINT('',(276.81724007856,90.538475772934,
    353.90524980688));
#1231 = LINE('',#1232,#1233);
#1232 = CARTESIAN_POINT('',(259.49673200287,80.538475772934,
    353.90524980688));
#1233 = VECTOR('',#1234,1.);
#1234 = DIRECTION('',(0.866025403784,0.5,0.));
#1235 = ORIENTED_EDGE('',*,*,#1236,.F.);
#1236 = EDGE_CURVE('',#1220,#1229,#1237,.T.);
#1237 = LINE('',#1238,#1239);
#1238 = CARTESIAN_POINT('',(276.81724007856,90.538475772934,18.));
#1239 = VECTOR('',#1240,1.);
#1240 = DIRECTION('',(0.,0.,1.));
#1241 = PLANE('',#1242);
#1242 = AXIS2_PLACEMENT_3D('',#1243,#1244,#1245);
#1243 = CARTESIAN_POINT('',(259.49673200287,80.538475772934,18.));
#1244 = DIRECTION('',(-0.5,0.866025403784,0.));
#1245 = DIRECTION('',(0.,0.,1.));
#1246 = ADVANCED_FACE('',(#1247),#1265,.T.);
#1247 = FACE_BOUND('',#1248,.T.);
#1248 = EDGE_LOOP('',(#1249,#1250,#1251,#1259));
#1249 = ORIENTED_EDGE('',*,*,#1205,.F.);
#1250 = ORIENTED_EDGE('',*,*,#1228,.T.);
#1251 = ORIENTED_EDGE('',*,*,#1252,.T.);
#1252 = EDGE_CURVE('',#1229,#1253,#1255,.T.);
#1253 = VERTEX_POINT('',#1254);
#1254 = CARTESIAN_POINT('',(216.81724007856,194.46152422706,
    353.90524980688));
#1255 = LINE('',#1256,#1257);
#1256 = CARTESIAN_POINT('',(276.81724007856,90.538475772934,
    353.90524980688));
#1257 = VECTOR('',#1258,1.);
#1258 = DIRECTION('',(-0.5,0.866025403784,0.));
#1259 = ORIENTED_EDGE('',*,*,#1260,.F.);
#1260 = EDGE_CURVE('',#1198,#1253,#1261,.T.);
#1261 = LINE('',#1262,#1263);
#1262 = CARTESIAN_POINT('',(199.49673200287,184.46152422706,
    353.90524980688));
#1263 = VECTOR('',#1264,1.);
#1264 = DIRECTION('',(0.866025403784,0.5,0.));
#1265 = PLANE('',#1266);
#1266 = AXIS2_PLACEMENT_3D('',#1267,#1268,#1269);
#1267 = CARTESIAN_POINT('',(259.49673200287,80.538475772934,
    353.90524980688));
#1268 = DIRECTION('',(0.,0.,1.));
#1269 = DIRECTION('',(0.866025403784,0.5,0.));
#1270 = ADVANCED_FACE('',(#1271),#1289,.T.);
#1271 = FACE_BOUND('',#1272,.T.);
#1272 = EDGE_LOOP('',(#1273,#1281,#1282,#1283));
#1273 = ORIENTED_EDGE('',*,*,#1274,.F.);
#1274 = EDGE_CURVE('',#1190,#1275,#1277,.T.);
#1275 = VERTEX_POINT('',#1276);
#1276 = CARTESIAN_POINT('',(216.81724007856,194.46152422706,18.));
#1277 = LINE('',#1278,#1279);
#1278 = CARTESIAN_POINT('',(199.49673200287,184.46152422706,18.));
#1279 = VECTOR('',#1280,1.);
#1280 = DIRECTION('',(0.866025403784,0.5,0.));
#1281 = ORIENTED_EDGE('',*,*,#1197,.T.);
#1282 = ORIENTED_EDGE('',*,*,#1260,.T.);
#1283 = ORIENTED_EDGE('',*,*,#1284,.F.);
#1284 = EDGE_CURVE('',#1275,#1253,#1285,.T.);
#1285 = LINE('',#1286,#1287);
#1286 = CARTESIAN_POINT('',(216.81724007856,194.46152422706,18.));
#1287 = VECTOR('',#1288,1.);
#1288 = DIRECTION('',(0.,0.,1.));
#1289 = PLANE('',#1290);
#1290 = AXIS2_PLACEMENT_3D('',#1291,#1292,#1293);
#1291 = CARTESIAN_POINT('',(199.49673200287,184.46152422706,18.));
#1292 = DIRECTION('',(-0.5,0.866025403784,0.));
#1293 = DIRECTION('',(0.,0.,1.));
#1294 = ADVANCED_FACE('',(#1295),#1313,.F.);
#1295 = FACE_BOUND('',#1296,.F.);
#1296 = EDGE_LOOP('',(#1297,#1298,#1306,#1312));
#1297 = ORIENTED_EDGE('',*,*,#1189,.F.);
#1298 = ORIENTED_EDGE('',*,*,#1299,.T.);
#1299 = EDGE_CURVE('',#1182,#1300,#1302,.T.);
#1300 = VERTEX_POINT('',#1301);
#1301 = CARTESIAN_POINT('',(239.81724007856,154.62435565298,18.));
#1302 = LINE('',#1303,#1304);
#1303 = CARTESIAN_POINT('',(221.63070659909,144.12435565298,18.));
#1304 = VECTOR('',#1305,1.);
#1305 = DIRECTION('',(0.866025403784,0.5,0.));
#1306 = ORIENTED_EDGE('',*,*,#1307,.T.);
#1307 = EDGE_CURVE('',#1300,#1275,#1308,.T.);
#1308 = LINE('',#1309,#1310);
#1309 = CARTESIAN_POINT('',(276.81724007856,90.538475772934,18.));
#1310 = VECTOR('',#1311,1.);
#1311 = DIRECTION('',(-0.5,0.866025403784,0.));
#1312 = ORIENTED_EDGE('',*,*,#1274,.F.);
#1313 = PLANE('',#1314);
#1314 = AXIS2_PLACEMENT_3D('',#1315,#1316,#1317);
#1315 = CARTESIAN_POINT('',(259.49673200287,80.538475772934,18.));
#1316 = DIRECTION('',(0.,0.,1.));
#1317 = DIRECTION('',(0.866025403784,0.5,0.));
#1318 = ADVANCED_FACE('',(#1319),#1337,.F.);
#1319 = FACE_BOUND('',#1320,.F.);
#1320 = EDGE_LOOP('',(#1321,#1322,#1323,#1331));
#1321 = ORIENTED_EDGE('',*,*,#1299,.F.);
#1322 = ORIENTED_EDGE('',*,*,#1181,.T.);
#1323 = ORIENTED_EDGE('',*,*,#1324,.T.);
#1324 = EDGE_CURVE('',#1174,#1325,#1327,.T.);
#1325 = VERTEX_POINT('',#1326);
#1326 = CARTESIAN_POINT('',(239.81724007856,154.62435565298,284.));
#1327 = LINE('',#1328,#1329);
#1328 = CARTESIAN_POINT('',(221.63070659909,144.12435565298,284.));
#1329 = VECTOR('',#1330,1.);
#1330 = DIRECTION('',(0.866025403784,0.5,0.));
#1331 = ORIENTED_EDGE('',*,*,#1332,.F.);
#1332 = EDGE_CURVE('',#1300,#1325,#1333,.T.);
#1333 = LINE('',#1334,#1335);
#1334 = CARTESIAN_POINT('',(239.81724007856,154.62435565298,18.));
#1335 = VECTOR('',#1336,1.);
#1336 = DIRECTION('',(0.,0.,1.));
#1337 = PLANE('',#1338);
#1338 = AXIS2_PLACEMENT_3D('',#1339,#1340,#1341);
#1339 = CARTESIAN_POINT('',(221.63070659909,144.12435565298,18.));
#1340 = DIRECTION('',(-0.5,0.866025403784,0.));
#1341 = DIRECTION('',(0.,0.,1.));
#1342 = ADVANCED_FACE('',(#1343),#1361,.F.);
#1343 = FACE_BOUND('',#1344,.F.);
#1344 = EDGE_LOOP('',(#1345,#1346,#1347,#1355));
#1345 = ORIENTED_EDGE('',*,*,#1324,.F.);
#1346 = ORIENTED_EDGE('',*,*,#1173,.T.);
#1347 = ORIENTED_EDGE('',*,*,#1348,.T.);
#1348 = EDGE_CURVE('',#1166,#1349,#1351,.T.);
#1349 = VERTEX_POINT('',#1350);
#1350 = CARTESIAN_POINT('',(253.81724007856,130.37564434701,284.));
#1351 = LINE('',#1352,#1353);
#1352 = CARTESIAN_POINT('',(235.63070659909,119.87564434701,284.));
#1353 = VECTOR('',#1354,1.);
#1354 = DIRECTION('',(0.866025403784,0.5,0.));
#1355 = ORIENTED_EDGE('',*,*,#1356,.F.);
#1356 = EDGE_CURVE('',#1325,#1349,#1357,.T.);
#1357 = LINE('',#1358,#1359);
#1358 = CARTESIAN_POINT('',(265.31724007856,110.45706005997,284.));
#1359 = VECTOR('',#1360,1.);
#1360 = DIRECTION('',(0.5,-0.866025403784,0.));
#1361 = PLANE('',#1362);
#1362 = AXIS2_PLACEMENT_3D('',#1363,#1364,#1365);
#1363 = CARTESIAN_POINT('',(235.63070659909,119.87564434701,284.));
#1364 = DIRECTION('',(0.,0.,1.));
#1365 = DIRECTION('',(0.866025403784,0.5,0.));
#1366 = ADVANCED_FACE('',(#1367),#1385,.T.);
#1367 = FACE_BOUND('',#1368,.T.);
#1368 = EDGE_LOOP('',(#1369,#1377,#1378,#1379));
#1369 = ORIENTED_EDGE('',*,*,#1370,.F.);
#1370 = EDGE_CURVE('',#1158,#1371,#1373,.T.);
#1371 = VERTEX_POINT('',#1372);
#1372 = CARTESIAN_POINT('',(253.81724007856,130.37564434701,18.));
#1373 = LINE('',#1374,#1375);
#1374 = CARTESIAN_POINT('',(235.63070659909,119.87564434701,18.));
#1375 = VECTOR('',#1376,1.);
#1376 = DIRECTION('',(0.866025403784,0.5,0.));
#1377 = ORIENTED_EDGE('',*,*,#1165,.T.);
#1378 = ORIENTED_EDGE('',*,*,#1348,.T.);
#1379 = ORIENTED_EDGE('',*,*,#1380,.F.);
#1380 = EDGE_CURVE('',#1371,#1349,#1381,.T.);
#1381 = LINE('',#1382,#1383);
#1382 = CARTESIAN_POINT('',(253.81724007856,130.37564434701,18.));
#1383 = VECTOR('',#1384,1.);
#1384 = DIRECTION('',(0.,0.,1.));
#1385 = PLANE('',#1386);
#1386 = AXIS2_PLACEMENT_3D('',#1387,#1388,#1389);
#1387 = CARTESIAN_POINT('',(235.63070659909,119.87564434701,18.));
#1388 = DIRECTION('',(-0.5,0.866025403784,0.));
#1389 = DIRECTION('',(0.,0.,1.));
#1390 = ADVANCED_FACE('',(#1391),#1402,.F.);
#1391 = FACE_BOUND('',#1392,.F.);
#1392 = EDGE_LOOP('',(#1393,#1394,#1395,#1401));
#1393 = ORIENTED_EDGE('',*,*,#1157,.F.);
#1394 = ORIENTED_EDGE('',*,*,#1219,.T.);
#1395 = ORIENTED_EDGE('',*,*,#1396,.T.);
#1396 = EDGE_CURVE('',#1220,#1371,#1397,.T.);
#1397 = LINE('',#1398,#1399);
#1398 = CARTESIAN_POINT('',(276.81724007856,90.538475772934,18.));
#1399 = VECTOR('',#1400,1.);
#1400 = DIRECTION('',(-0.5,0.866025403784,0.));
#1401 = ORIENTED_EDGE('',*,*,#1370,.F.);
#1402 = PLANE('',#1403);
#1403 = AXIS2_PLACEMENT_3D('',#1404,#1405,#1406);
#1404 = CARTESIAN_POINT('',(259.49673200287,80.538475772934,18.));
#1405 = DIRECTION('',(0.,0.,1.));
#1406 = DIRECTION('',(0.866025403784,0.5,0.));
#1407 = ADVANCED_FACE('',(#1408),#1418,.T.);
#1408 = FACE_BOUND('',#1409,.T.);
#1409 = EDGE_LOOP('',(#1410,#1411,#1412,#1413,#1414,#1415,#1416,#1417));
#1410 = ORIENTED_EDGE('',*,*,#1236,.F.);
#1411 = ORIENTED_EDGE('',*,*,#1396,.T.);
#1412 = ORIENTED_EDGE('',*,*,#1380,.T.);
#1413 = ORIENTED_EDGE('',*,*,#1356,.F.);
#1414 = ORIENTED_EDGE('',*,*,#1332,.F.);
#1415 = ORIENTED_EDGE('',*,*,#1307,.T.);
#1416 = ORIENTED_EDGE('',*,*,#1284,.T.);
#1417 = ORIENTED_EDGE('',*,*,#1252,.F.);
#1418 = PLANE('',#1419);
#1419 = AXIS2_PLACEMENT_3D('',#1420,#1421,#1422);
#1420 = CARTESIAN_POINT('',(276.81724007856,90.538475772934,18.));
#1421 = DIRECTION('',(0.866025403784,0.5,0.));
#1422 = DIRECTION('',(0.,0.,1.));
#1423 = ( GEOMETRIC_REPRESENTATION_CONTEXT(3) 
GLOBAL_UNCERTAINTY_ASSIGNED_CONTEXT((#1427)) 
GLOBAL_UNIT_ASSIGNED_CONTEXT((#1424,#1425,#1426)) REPRESENTATION_CONTEXT
('Context #1','3D Context with UNIT and UNCERTAINTY') );
#1424 = ( LENGTH_UNIT() NAMED_UNIT(*) SI_UNIT(.MILLI.,.METRE.) );
#1425 = ( NAMED_UNIT(*) PLANE_ANGLE_UNIT() SI_UNIT($,.RADIAN.) );
#1426 = ( NAMED_UNIT(*) SI_UNIT($,.STERADIAN.) SOLID_ANGLE_UNIT() );
#1427 = UNCERTAINTY_MEASURE_WITH_UNIT(LENGTH_MEASURE(1.E-07),#1424,
  'distance_accuracy_value','confusion accuracy');
#1428 = CONTEXT_DEPENDENT_SHAPE_REPRESENTATION(#1429,#1431);
#1429 = ( REPRESENTATION_RELATIONSHIP('','',#1140,#10) 
REPRESENTATION_RELATIONSHIP_WITH_TRANSFORMATION(#1430) 
SHAPE_REPRESENTATION_RELATIONSHIP() );
#1430 = ITEM_DEFINED_TRANSFORMATION('','',#11,#39);
#1431 = PRODUCT_DEFINITION_SHAPE('Placement','Placement of an item',
  #1432);
#1432 = NEXT_ASSEMBLY_USAGE_OCCURRENCE('7',
  'P07 Arched blade 30 / maple segment 1','',#5,#1135,$);
#1433 = PRODUCT_RELATED_PRODUCT_CATEGORY('part',$,(#1137));
#1434 = SHAPE_DEFINITION_REPRESENTATION(#1435,#1441);
#1435 = PRODUCT_DEFINITION_SHAPE('','',#1436);
#1436 = PRODUCT_DEFINITION('design','',#1437,#1440);
#1437 = PRODUCT_DEFINITION_FORMATION('','',#1438);
#1438 = PRODUCT('P08 Arched blade 30 / maple segment 2',
  'P08 Arched blade 30 / maple segment 2','',(#1439));
#1439 = PRODUCT_CONTEXT('',#2,'mechanical');
#1440 = PRODUCT_DEFINITION_CONTEXT('part definition',#2,'design');
#1441 = ADVANCED_BREP_SHAPE_REPRESENTATION('',(#11,#1442),#1592);
#1442 = MANIFOLD_SOLID_BREP('',#1443);
#1443 = CLOSED_SHELL('',(#1444,#1484,#1515,#1539,#1563,#1580));
#1444 = ADVANCED_FACE('',(#1445),#1479,.F.);
#1445 = FACE_BOUND('',#1446,.F.);
#1446 = EDGE_LOOP('',(#1447,#1457,#1465,#1473));
#1447 = ORIENTED_EDGE('',*,*,#1448,.F.);
#1448 = EDGE_CURVE('',#1449,#1451,#1453,.T.);
#1449 = VERTEX_POINT('',#1450);
#1450 = CARTESIAN_POINT('',(259.49673200287,80.538475772934,
    367.90524980688));
#1451 = VERTEX_POINT('',#1452);
#1452 = CARTESIAN_POINT('',(259.49673200287,80.538475772934,
    381.90524980688));
#1453 = LINE('',#1454,#1455);
#1454 = CARTESIAN_POINT('',(259.49673200287,80.538475772934,18.));
#1455 = VECTOR('',#1456,1.);
#1456 = DIRECTION('',(0.,0.,1.));
#1457 = ORIENTED_EDGE('',*,*,#1458,.T.);
#1458 = EDGE_CURVE('',#1449,#1459,#1461,.T.);
#1459 = VERTEX_POINT('',#1460);
#1460 = CARTESIAN_POINT('',(199.49673200287,184.46152422706,
    367.90524980688));
#1461 = LINE('',#1462,#1463);
#1462 = CARTESIAN_POINT('',(259.49673200287,80.538475772934,
    367.90524980688));
#1463 = VECTOR('',#1464,1.);
#1464 = DIRECTION('',(-0.5,0.866025403784,0.));
#1465 = ORIENTED_EDGE('',*,*,#1466,.T.);
#1466 = EDGE_CURVE('',#1459,#1467,#1469,.T.);
#1467 = VERTEX_POINT('',#1468);
#1468 = CARTESIAN_POINT('',(199.49673200287,184.46152422706,
    381.90524980688));
#1469 = LINE('',#1470,#1471);
#1470 = CARTESIAN_POINT('',(199.49673200287,184.46152422706,18.));
#1471 = VECTOR('',#1472,1.);
#1472 = DIRECTION('',(0.,0.,1.));
#1473 = ORIENTED_EDGE('',*,*,#1474,.F.);
#1474 = EDGE_CURVE('',#1451,#1467,#1475,.T.);
#1475 = LINE('',#1476,#1477);
#1476 = CARTESIAN_POINT('',(259.49673200287,80.538475772934,
    381.90524980688));
#1477 = VECTOR('',#1478,1.);
#1478 = DIRECTION('',(-0.5,0.866025403784,0.));
#1479 = PLANE('',#1480);
#1480 = AXIS2_PLACEMENT_3D('',#1481,#1482,#1483);
#1481 = CARTESIAN_POINT('',(259.49673200287,80.538475772934,18.));
#1482 = DIRECTION('',(0.866025403784,0.5,0.));
#1483 = DIRECTION('',(0.,0.,1.));
#1484 = ADVANCED_FACE('',(#1485),#1510,.F.);
#1485 = FACE_BOUND('',#1486,.F.);
#1486 = EDGE_LOOP('',(#1487,#1495,#1496,#1504));
#1487 = ORIENTED_EDGE('',*,*,#1488,.F.);
#1488 = EDGE_CURVE('',#1449,#1489,#1491,.T.);
#1489 = VERTEX_POINT('',#1490);
#1490 = CARTESIAN_POINT('',(276.81724007856,90.538475772934,
    367.90524980688));
#1491 = LINE('',#1492,#1493);
#1492 = CARTESIAN_POINT('',(259.49673200287,80.538475772934,
    367.90524980688));
#1493 = VECTOR('',#1494,1.);
#1494 = DIRECTION('',(0.866025403784,0.5,0.));
#1495 = ORIENTED_EDGE('',*,*,#1448,.T.);
#1496 = ORIENTED_EDGE('',*,*,#1497,.T.);
#1497 = EDGE_CURVE('',#1451,#1498,#1500,.T.);
#1498 = VERTEX_POINT('',#1499);
#1499 = CARTESIAN_POINT('',(276.81724007856,90.538475772934,
    381.90524980688));
#1500 = LINE('',#1501,#1502);
#1501 = CARTESIAN_POINT('',(259.49673200287,80.538475772934,
    381.90524980688));
#1502 = VECTOR('',#1503,1.);
#1503 = DIRECTION('',(0.866025403784,0.5,0.));
#1504 = ORIENTED_EDGE('',*,*,#1505,.F.);
#1505 = EDGE_CURVE('',#1489,#1498,#1506,.T.);
#1506 = LINE('',#1507,#1508);
#1507 = CARTESIAN_POINT('',(276.81724007856,90.538475772934,18.));
#1508 = VECTOR('',#1509,1.);
#1509 = DIRECTION('',(0.,0.,1.));
#1510 = PLANE('',#1511);
#1511 = AXIS2_PLACEMENT_3D('',#1512,#1513,#1514);
#1512 = CARTESIAN_POINT('',(259.49673200287,80.538475772934,18.));
#1513 = DIRECTION('',(-0.5,0.866025403784,0.));
#1514 = DIRECTION('',(0.,0.,1.));
#1515 = ADVANCED_FACE('',(#1516),#1534,.T.);
#1516 = FACE_BOUND('',#1517,.T.);
#1517 = EDGE_LOOP('',(#1518,#1519,#1520,#1528));
#1518 = ORIENTED_EDGE('',*,*,#1474,.F.);
#1519 = ORIENTED_EDGE('',*,*,#1497,.T.);
#1520 = ORIENTED_EDGE('',*,*,#1521,.T.);
#1521 = EDGE_CURVE('',#1498,#1522,#1524,.T.);
#1522 = VERTEX_POINT('',#1523);
#1523 = CARTESIAN_POINT('',(216.81724007856,194.46152422706,
    381.90524980688));
#1524 = LINE('',#1525,#1526);
#1525 = CARTESIAN_POINT('',(276.81724007856,90.538475772934,
    381.90524980688));
#1526 = VECTOR('',#1527,1.);
#1527 = DIRECTION('',(-0.5,0.866025403784,0.));
#1528 = ORIENTED_EDGE('',*,*,#1529,.F.);
#1529 = EDGE_CURVE('',#1467,#1522,#1530,.T.);
#1530 = LINE('',#1531,#1532);
#1531 = CARTESIAN_POINT('',(199.49673200287,184.46152422706,
    381.90524980688));
#1532 = VECTOR('',#1533,1.);
#1533 = DIRECTION('',(0.866025403784,0.5,0.));
#1534 = PLANE('',#1535);
#1535 = AXIS2_PLACEMENT_3D('',#1536,#1537,#1538);
#1536 = CARTESIAN_POINT('',(259.49673200287,80.538475772934,
    381.90524980688));
#1537 = DIRECTION('',(0.,0.,1.));
#1538 = DIRECTION('',(0.866025403784,0.5,0.));
#1539 = ADVANCED_FACE('',(#1540),#1558,.T.);
#1540 = FACE_BOUND('',#1541,.T.);
#1541 = EDGE_LOOP('',(#1542,#1550,#1551,#1552));
#1542 = ORIENTED_EDGE('',*,*,#1543,.F.);
#1543 = EDGE_CURVE('',#1459,#1544,#1546,.T.);
#1544 = VERTEX_POINT('',#1545);
#1545 = CARTESIAN_POINT('',(216.81724007856,194.46152422706,
    367.90524980688));
#1546 = LINE('',#1547,#1548);
#1547 = CARTESIAN_POINT('',(199.49673200287,184.46152422706,
    367.90524980688));
#1548 = VECTOR('',#1549,1.);
#1549 = DIRECTION('',(0.866025403784,0.5,0.));
#1550 = ORIENTED_EDGE('',*,*,#1466,.T.);
#1551 = ORIENTED_EDGE('',*,*,#1529,.T.);
#1552 = ORIENTED_EDGE('',*,*,#1553,.F.);
#1553 = EDGE_CURVE('',#1544,#1522,#1554,.T.);
#1554 = LINE('',#1555,#1556);
#1555 = CARTESIAN_POINT('',(216.81724007856,194.46152422706,18.));
#1556 = VECTOR('',#1557,1.);
#1557 = DIRECTION('',(0.,0.,1.));
#1558 = PLANE('',#1559);
#1559 = AXIS2_PLACEMENT_3D('',#1560,#1561,#1562);
#1560 = CARTESIAN_POINT('',(199.49673200287,184.46152422706,18.));
#1561 = DIRECTION('',(-0.5,0.866025403784,0.));
#1562 = DIRECTION('',(0.,0.,1.));
#1563 = ADVANCED_FACE('',(#1564),#1575,.F.);
#1564 = FACE_BOUND('',#1565,.F.);
#1565 = EDGE_LOOP('',(#1566,#1567,#1568,#1574));
#1566 = ORIENTED_EDGE('',*,*,#1458,.F.);
#1567 = ORIENTED_EDGE('',*,*,#1488,.T.);
#1568 = ORIENTED_EDGE('',*,*,#1569,.T.);
#1569 = EDGE_CURVE('',#1489,#1544,#1570,.T.);
#1570 = LINE('',#1571,#1572);
#1571 = CARTESIAN_POINT('',(276.81724007856,90.538475772934,
    367.90524980688));
#1572 = VECTOR('',#1573,1.);
#1573 = DIRECTION('',(-0.5,0.866025403784,0.));
#1574 = ORIENTED_EDGE('',*,*,#1543,.F.);
#1575 = PLANE('',#1576);
#1576 = AXIS2_PLACEMENT_3D('',#1577,#1578,#1579);
#1577 = CARTESIAN_POINT('',(259.49673200287,80.538475772934,
    367.90524980688));
#1578 = DIRECTION('',(0.,0.,1.));
#1579 = DIRECTION('',(0.866025403784,0.5,0.));
#1580 = ADVANCED_FACE('',(#1581),#1587,.T.);
#1581 = FACE_BOUND('',#1582,.T.);
#1582 = EDGE_LOOP('',(#1583,#1584,#1585,#1586));
#1583 = ORIENTED_EDGE('',*,*,#1505,.F.);
#1584 = ORIENTED_EDGE('',*,*,#1569,.T.);
#1585 = ORIENTED_EDGE('',*,*,#1553,.T.);
#1586 = ORIENTED_EDGE('',*,*,#1521,.F.);
#1587 = PLANE('',#1588);
#1588 = AXIS2_PLACEMENT_3D('',#1589,#1590,#1591);
#1589 = CARTESIAN_POINT('',(276.81724007856,90.538475772934,18.));
#1590 = DIRECTION('',(0.866025403784,0.5,0.));
#1591 = DIRECTION('',(0.,0.,1.));
#1592 = ( GEOMETRIC_REPRESENTATION_CONTEXT(3) 
GLOBAL_UNCERTAINTY_ASSIGNED_CONTEXT((#1596)) 
GLOBAL_UNIT_ASSIGNED_CONTEXT((#1593,#1594,#1595)) REPRESENTATION_CONTEXT
('Context #1','3D Context with UNIT and UNCERTAINTY') );
#1593 = ( LENGTH_UNIT() NAMED_UNIT(*) SI_UNIT(.MILLI.,.METRE.) );
#1594 = ( NAMED_UNIT(*) PLANE_ANGLE_UNIT() SI_UNIT($,.RADIAN.) );
#1595 = ( NAMED_UNIT(*) SI_UNIT($,.STERADIAN.) SOLID_ANGLE_UNIT() );
#1596 = UNCERTAINTY_MEASURE_WITH_UNIT(LENGTH_MEASURE(1.E-07),#1593,
  'distance_accuracy_value','confusion accuracy');
#1597 = CONTEXT_DEPENDENT_SHAPE_REPRESENTATION(#1598,#1600);
#1598 = ( REPRESENTATION_RELATIONSHIP('','',#1441,#10) 
REPRESENTATION_RELATIONSHIP_WITH_TRANSFORMATION(#1599) 
SHAPE_REPRESENTATION_RELATIONSHIP() );
#1599 = ITEM_DEFINED_TRANSFORMATION('','',#11,#43);
#1600 = PRODUCT_DEFINITION_SHAPE('Placement','Placement of an item',
  #1601);
#1601 = NEXT_ASSEMBLY_USAGE_OCCURRENCE('8',
  'P08 Arched blade 30 / maple segment 2','',#5,#1436,$);
#1602 = PRODUCT_RELATED_PRODUCT_CATEGORY('part',$,(#1438));
#1603 = SHAPE_DEFINITION_REPRESENTATION(#1604,#1610);
#1604 = PRODUCT_DEFINITION_SHAPE('','',#1605);
#1605 = PRODUCT_DEFINITION('design','',#1606,#1609);
#1606 = PRODUCT_DEFINITION_FORMATION('','',#1607);
#1607 = PRODUCT('P09 Arched blade 30 / maple segment 3',
  'P09 Arched blade 30 / maple segment 3','',(#1608));
#1608 = PRODUCT_CONTEXT('',#2,'mechanical');
#1609 = PRODUCT_DEFINITION_CONTEXT('part definition',#2,'design');
#1610 = ADVANCED_BREP_SHAPE_REPRESENTATION('',(#11,#1611),#1831);
#1611 = MANIFOLD_SOLID_BREP('',#1612);
#1612 = CLOSED_SHELL('',(#1613,#1653,#1684,#1715,#1748,#1781,#1803,#1817
    ));
#1613 = ADVANCED_FACE('',(#1614),#1648,.T.);
#1614 = FACE_BOUND('',#1615,.T.);
#1615 = EDGE_LOOP('',(#1616,#1626,#1634,#1642));
#1616 = ORIENTED_EDGE('',*,*,#1617,.F.);
#1617 = EDGE_CURVE('',#1618,#1620,#1622,.T.);
#1618 = VERTEX_POINT('',#1619);
#1619 = CARTESIAN_POINT('',(199.49673200287,184.46152422706,
    395.90524980688));
#1620 = VERTEX_POINT('',#1621);
#1621 = CARTESIAN_POINT('',(216.81724007856,194.46152422706,
    395.90524980688));
#1622 = LINE('',#1623,#1624);
#1623 = CARTESIAN_POINT('',(199.49673200287,184.46152422706,
    395.90524980688));
#1624 = VECTOR('',#1625,1.);
#1625 = DIRECTION('',(0.866025403784,0.5,0.));
#1626 = ORIENTED_EDGE('',*,*,#1627,.T.);
#1627 = EDGE_CURVE('',#1618,#1628,#1630,.T.);
#1628 = VERTEX_POINT('',#1629);
#1629 = CARTESIAN_POINT('',(199.49673200287,184.46152422706,
    471.90524980688));
#1630 = LINE('',#1631,#1632);
#1631 = CARTESIAN_POINT('',(199.49673200287,184.46152422706,18.));
#1632 = VECTOR('',#1633,1.);
#1633 = DIRECTION('',(0.,0.,1.));
#1634 = ORIENTED_EDGE('',*,*,#1635,.T.);
#1635 = EDGE_CURVE('',#1628,#1636,#1638,.T.);
#1636 = VERTEX_POINT('',#1637);
#1637 = CARTESIAN_POINT('',(216.81724007856,194.46152422706,
    471.90524980688));
#1638 = LINE('',#1639,#1640);
#1639 = CARTESIAN_POINT('',(199.49673200287,184.46152422706,
    471.90524980688));
#1640 = VECTOR('',#1641,1.);
#1641 = DIRECTION('',(0.866025403784,0.5,0.));
#1642 = ORIENTED_EDGE('',*,*,#1643,.F.);
#1643 = EDGE_CURVE('',#1620,#1636,#1644,.T.);
#1644 = LINE('',#1645,#1646);
#1645 = CARTESIAN_POINT('',(216.81724007856,194.46152422706,18.));
#1646 = VECTOR('',#1647,1.);
#1647 = DIRECTION('',(0.,0.,1.));
#1648 = PLANE('',#1649);
#1649 = AXIS2_PLACEMENT_3D('',#1650,#1651,#1652);
#1650 = CARTESIAN_POINT('',(199.49673200287,184.46152422706,18.));
#1651 = DIRECTION('',(-0.5,0.866025403784,0.));
#1652 = DIRECTION('',(0.,0.,1.));
#1653 = ADVANCED_FACE('',(#1654),#1679,.F.);
#1654 = FACE_BOUND('',#1655,.F.);
#1655 = EDGE_LOOP('',(#1656,#1664,#1672,#1678));
#1656 = ORIENTED_EDGE('',*,*,#1657,.F.);
#1657 = EDGE_CURVE('',#1658,#1618,#1660,.T.);
#1658 = VERTEX_POINT('',#1659);
#1659 = CARTESIAN_POINT('',(259.49673200287,80.538475772934,
    395.90524980688));
#1660 = LINE('',#1661,#1662);
#1661 = CARTESIAN_POINT('',(259.49673200287,80.538475772934,
    395.90524980688));
#1662 = VECTOR('',#1663,1.);
#1663 = DIRECTION('',(-0.5,0.866025403784,0.));
#1664 = ORIENTED_EDGE('',*,*,#1665,.T.);
#1665 = EDGE_CURVE('',#1658,#1666,#1668,.T.);
#1666 = VERTEX_POINT('',#1667);
#1667 = CARTESIAN_POINT('',(276.81724007856,90.538475772934,
    395.90524980688));
#1668 = LINE('',#1669,#1670);
#1669 = CARTESIAN_POINT('',(259.49673200287,80.538475772934,
    395.90524980688));
#1670 = VECTOR('',#1671,1.);
#1671 = DIRECTION('',(0.866025403784,0.5,0.));
#1672 = ORIENTED_EDGE('',*,*,#1673,.T.);
#1673 = EDGE_CURVE('',#1666,#1620,#1674,.T.);
#1674 = LINE('',#1675,#1676);
#1675 = CARTESIAN_POINT('',(276.81724007856,90.538475772934,
    395.90524980688));
#1676 = VECTOR('',#1677,1.);
#1677 = DIRECTION('',(-0.5,0.866025403784,0.));
#1678 = ORIENTED_EDGE('',*,*,#1617,.F.);
#1679 = PLANE('',#1680);
#1680 = AXIS2_PLACEMENT_3D('',#1681,#1682,#1683);
#1681 = CARTESIAN_POINT('',(259.49673200287,80.538475772934,
    395.90524980688));
#1682 = DIRECTION('',(0.,0.,1.));
#1683 = DIRECTION('',(0.866025403784,0.5,0.));
#1684 = ADVANCED_FACE('',(#1685),#1710,.F.);
#1685 = FACE_BOUND('',#1686,.F.);
#1686 = EDGE_LOOP('',(#1687,#1688,#1696,#1704));
#1687 = ORIENTED_EDGE('',*,*,#1665,.F.);
#1688 = ORIENTED_EDGE('',*,*,#1689,.T.);
#1689 = EDGE_CURVE('',#1658,#1690,#1692,.T.);
#1690 = VERTEX_POINT('',#1691);
#1691 = CARTESIAN_POINT('',(259.49673200287,80.538475772934,
    471.90524980688));
#1692 = LINE('',#1693,#1694);
#1693 = CARTESIAN_POINT('',(259.49673200287,80.538475772934,18.));
#1694 = VECTOR('',#1695,1.);
#1695 = DIRECTION('',(0.,0.,1.));
#1696 = ORIENTED_EDGE('',*,*,#1697,.T.);
#1697 = EDGE_CURVE('',#1690,#1698,#1700,.T.);
#1698 = VERTEX_POINT('',#1699);
#1699 = CARTESIAN_POINT('',(276.81724007856,90.538475772934,
    471.90524980688));
#1700 = LINE('',#1701,#1702);
#1701 = CARTESIAN_POINT('',(259.49673200287,80.538475772934,
    471.90524980688));
#1702 = VECTOR('',#1703,1.);
#1703 = DIRECTION('',(0.866025403784,0.5,0.));
#1704 = ORIENTED_EDGE('',*,*,#1705,.F.);
#1705 = EDGE_CURVE('',#1666,#1698,#1706,.T.);
#1706 = LINE('',#1707,#1708);
#1707 = CARTESIAN_POINT('',(276.81724007856,90.538475772934,18.));
#1708 = VECTOR('',#1709,1.);
#1709 = DIRECTION('',(0.,0.,1.));
#1710 = PLANE('',#1711);
#1711 = AXIS2_PLACEMENT_3D('',#1712,#1713,#1714);
#1712 = CARTESIAN_POINT('',(259.49673200287,80.538475772934,18.));
#1713 = DIRECTION('',(-0.5,0.866025403784,0.));
#1714 = DIRECTION('',(0.,0.,1.));
#1715 = ADVANCED_FACE('',(#1716),#1743,.T.);
#1716 = FACE_BOUND('',#1717,.T.);
#1717 = EDGE_LOOP('',(#1718,#1727,#1735,#1742));
#1718 = ORIENTED_EDGE('',*,*,#1719,.F.);
#1719 = EDGE_CURVE('',#1720,#1698,#1722,.T.);
#1720 = VERTEX_POINT('',#1721);
#1721 = CARTESIAN_POINT('',(254.31724007856,129.50961894323,530.));
#1722 = CIRCLE('',#1723,60.);
#1723 = AXIS2_PLACEMENT_3D('',#1724,#1725,#1726);
#1724 = CARTESIAN_POINT('',(246.81724007856,142.5,471.90524980688));
#1725 = DIRECTION('',(0.866025403784,0.5,-0.));
#1726 = DIRECTION('',(0.,0.,1.));
#1727 = ORIENTED_EDGE('',*,*,#1728,.F.);
#1728 = EDGE_CURVE('',#1729,#1720,#1731,.T.);
#1729 = VERTEX_POINT('',#1730);
#1730 = CARTESIAN_POINT('',(236.99673200287,119.50961894323,530.));
#1731 = LINE('',#1732,#1733);
#1732 = CARTESIAN_POINT('',(236.99673200287,119.50961894323,530.));
#1733 = VECTOR('',#1734,1.);
#1734 = DIRECTION('',(0.866025403784,0.5,0.));
#1735 = ORIENTED_EDGE('',*,*,#1736,.T.);
#1736 = EDGE_CURVE('',#1729,#1690,#1737,.T.);
#1737 = CIRCLE('',#1738,60.);
#1738 = AXIS2_PLACEMENT_3D('',#1739,#1740,#1741);
#1739 = CARTESIAN_POINT('',(229.49673200287,132.5,471.90524980688));
#1740 = DIRECTION('',(0.866025403784,0.5,-0.));
#1741 = DIRECTION('',(0.,0.,1.));
#1742 = ORIENTED_EDGE('',*,*,#1697,.T.);
#1743 = CYLINDRICAL_SURFACE('',#1744,60.);
#1744 = AXIS2_PLACEMENT_3D('',#1745,#1746,#1747);
#1745 = CARTESIAN_POINT('',(229.49673200287,132.5,471.90524980688));
#1746 = DIRECTION('',(0.866025403784,0.5,0.));
#1747 = DIRECTION('',(0.,0.,1.));
#1748 = ADVANCED_FACE('',(#1749),#1776,.T.);
#1749 = FACE_BOUND('',#1750,.T.);
#1750 = EDGE_LOOP('',(#1751,#1761,#1768,#1769));
#1751 = ORIENTED_EDGE('',*,*,#1752,.T.);
#1752 = EDGE_CURVE('',#1753,#1755,#1757,.T.);
#1753 = VERTEX_POINT('',#1754);
#1754 = CARTESIAN_POINT('',(221.99673200287,145.49038105676,530.));
#1755 = VERTEX_POINT('',#1756);
#1756 = CARTESIAN_POINT('',(239.31724007856,155.49038105676,530.));
#1757 = LINE('',#1758,#1759);
#1758 = CARTESIAN_POINT('',(221.99673200287,145.49038105676,530.));
#1759 = VECTOR('',#1760,1.);
#1760 = DIRECTION('',(0.866025403784,0.5,0.));
#1761 = ORIENTED_EDGE('',*,*,#1762,.F.);
#1762 = EDGE_CURVE('',#1636,#1755,#1763,.T.);
#1763 = CIRCLE('',#1764,60.);
#1764 = AXIS2_PLACEMENT_3D('',#1765,#1766,#1767);
#1765 = CARTESIAN_POINT('',(246.81724007856,142.5,471.90524980688));
#1766 = DIRECTION('',(0.866025403784,0.5,-0.));
#1767 = DIRECTION('',(0.,0.,1.));
#1768 = ORIENTED_EDGE('',*,*,#1635,.F.);
#1769 = ORIENTED_EDGE('',*,*,#1770,.T.);
#1770 = EDGE_CURVE('',#1628,#1753,#1771,.T.);
#1771 = CIRCLE('',#1772,60.);
#1772 = AXIS2_PLACEMENT_3D('',#1773,#1774,#1775);
#1773 = CARTESIAN_POINT('',(229.49673200287,132.5,471.90524980688));
#1774 = DIRECTION('',(0.866025403784,0.5,-0.));
#1775 = DIRECTION('',(0.,0.,1.));
#1776 = CYLINDRICAL_SURFACE('',#1777,60.);
#1777 = AXIS2_PLACEMENT_3D('',#1778,#1779,#1780);
#1778 = CARTESIAN_POINT('',(229.49673200287,132.5,471.90524980688));
#1779 = DIRECTION('',(0.866025403784,0.5,0.));
#1780 = DIRECTION('',(0.,0.,1.));
#1781 = ADVANCED_FACE('',(#1782),#1798,.T.);
#1782 = FACE_BOUND('',#1783,.T.);
#1783 = EDGE_LOOP('',(#1784,#1790,#1791,#1797));
#1784 = ORIENTED_EDGE('',*,*,#1785,.F.);
#1785 = EDGE_CURVE('',#1729,#1753,#1786,.T.);
#1786 = LINE('',#1787,#1788);
#1787 = CARTESIAN_POINT('',(259.49673200287,80.538475772934,530.));
#1788 = VECTOR('',#1789,1.);
#1789 = DIRECTION('',(-0.5,0.866025403784,0.));
#1790 = ORIENTED_EDGE('',*,*,#1728,.T.);
#1791 = ORIENTED_EDGE('',*,*,#1792,.T.);
#1792 = EDGE_CURVE('',#1720,#1755,#1793,.T.);
#1793 = LINE('',#1794,#1795);
#1794 = CARTESIAN_POINT('',(276.81724007856,90.538475772934,530.));
#1795 = VECTOR('',#1796,1.);
#1796 = DIRECTION('',(-0.5,0.866025403784,0.));
#1797 = ORIENTED_EDGE('',*,*,#1752,.F.);
#1798 = PLANE('',#1799);
#1799 = AXIS2_PLACEMENT_3D('',#1800,#1801,#1802);
#1800 = CARTESIAN_POINT('',(259.49673200287,80.538475772934,530.));
#1801 = DIRECTION('',(0.,0.,1.));
#1802 = DIRECTION('',(0.866025403784,0.5,0.));
#1803 = ADVANCED_FACE('',(#1804),#1812,.T.);
#1804 = FACE_BOUND('',#1805,.T.);
#1805 = EDGE_LOOP('',(#1806,#1807,#1808,#1809,#1810,#1811));
#1806 = ORIENTED_EDGE('',*,*,#1689,.T.);
#1807 = ORIENTED_EDGE('',*,*,#1736,.F.);
#1808 = ORIENTED_EDGE('',*,*,#1785,.T.);
#1809 = ORIENTED_EDGE('',*,*,#1770,.F.);
#1810 = ORIENTED_EDGE('',*,*,#1627,.F.);
#1811 = ORIENTED_EDGE('',*,*,#1657,.F.);
#1812 = PLANE('',#1813);
#1813 = AXIS2_PLACEMENT_3D('',#1814,#1815,#1816);
#1814 = CARTESIAN_POINT('',(229.49673200287,132.5,454.72751870174));
#1815 = DIRECTION('',(-0.866025403784,-0.5,-0.));
#1816 = DIRECTION('',(0.5,-0.866025403784,0.));
#1817 = ADVANCED_FACE('',(#1818),#1826,.T.);
#1818 = FACE_BOUND('',#1819,.T.);
#1819 = EDGE_LOOP('',(#1820,#1821,#1822,#1823,#1824,#1825));
#1820 = ORIENTED_EDGE('',*,*,#1705,.F.);
#1821 = ORIENTED_EDGE('',*,*,#1673,.T.);
#1822 = ORIENTED_EDGE('',*,*,#1643,.T.);
#1823 = ORIENTED_EDGE('',*,*,#1762,.T.);
#1824 = ORIENTED_EDGE('',*,*,#1792,.F.);
#1825 = ORIENTED_EDGE('',*,*,#1719,.T.);
#1826 = PLANE('',#1827);
#1827 = AXIS2_PLACEMENT_3D('',#1828,#1829,#1830);
#1828 = CARTESIAN_POINT('',(246.81724007856,142.5,454.72751870174));
#1829 = DIRECTION('',(0.866025403784,0.5,0.));
#1830 = DIRECTION('',(-0.5,0.866025403784,0.));
#1831 = ( GEOMETRIC_REPRESENTATION_CONTEXT(3) 
GLOBAL_UNCERTAINTY_ASSIGNED_CONTEXT((#1835)) 
GLOBAL_UNIT_ASSIGNED_CONTEXT((#1832,#1833,#1834)) REPRESENTATION_CONTEXT
('Context #1','3D Context with UNIT and UNCERTAINTY') );
#1832 = ( LENGTH_UNIT() NAMED_UNIT(*) SI_UNIT(.MILLI.,.METRE.) );
#1833 = ( NAMED_UNIT(*) PLANE_ANGLE_UNIT() SI_UNIT($,.RADIAN.) );
#1834 = ( NAMED_UNIT(*) SI_UNIT($,.STERADIAN.) SOLID_ANGLE_UNIT() );
#1835 = UNCERTAINTY_MEASURE_WITH_UNIT(LENGTH_MEASURE(1.E-07),#1832,
  'distance_accuracy_value','confusion accuracy');
#1836 = CONTEXT_DEPENDENT_SHAPE_REPRESENTATION(#1837,#1839);
#1837 = ( REPRESENTATION_RELATIONSHIP('','',#1610,#10) 
REPRESENTATION_RELATIONSHIP_WITH_TRANSFORMATION(#1838) 
SHAPE_REPRESENTATION_RELATIONSHIP() );
#1838 = ITEM_DEFINED_TRANSFORMATION('','',#11,#47);
#1839 = PRODUCT_DEFINITION_SHAPE('Placement','Placement of an item',
  #1840);
#1840 = NEXT_ASSEMBLY_USAGE_OCCURRENCE('9',
  'P09 Arched blade 30 / maple segment 3','',#5,#1605,$);
#1841 = PRODUCT_RELATED_PRODUCT_CATEGORY('part',$,(#1607));
#1842 = SHAPE_DEFINITION_REPRESENTATION(#1843,#1849);
#1843 = PRODUCT_DEFINITION_SHAPE('','',#1844);
#1844 = PRODUCT_DEFINITION('design','',#1845,#1848);
#1845 = PRODUCT_DEFINITION_FORMATION('','',#1846);
#1846 = PRODUCT('P10 Slot jamb 30 / -1','P10 Slot jamb 30 / -1','',(
    #1847));
#1847 = PRODUCT_CONTEXT('',#2,'mechanical');
#1848 = PRODUCT_DEFINITION_CONTEXT('part definition',#2,'design');
#1849 = ADVANCED_BREP_SHAPE_REPRESENTATION('',(#11,#1850),#2000);
#1850 = MANIFOLD_SOLID_BREP('',#1851);
#1851 = CLOSED_SHELL('',(#1852,#1892,#1932,#1954,#1976,#1988));
#1852 = ADVANCED_FACE('',(#1853),#1887,.F.);
#1853 = FACE_BOUND('',#1854,.F.);
#1854 = EDGE_LOOP('',(#1855,#1865,#1873,#1881));
#1855 = ORIENTED_EDGE('',*,*,#1856,.F.);
#1856 = EDGE_CURVE('',#1857,#1859,#1861,.T.);
#1857 = VERTEX_POINT('',#1858);
#1858 = CARTESIAN_POINT('',(236.49673200287,120.37564434701,18.));
#1859 = VERTEX_POINT('',#1860);
#1860 = CARTESIAN_POINT('',(236.49673200287,120.37564434701,280.));
#1861 = LINE('',#1862,#1863);
#1862 = CARTESIAN_POINT('',(236.49673200287,120.37564434701,18.));
#1863 = VECTOR('',#1864,1.);
#1864 = DIRECTION('',(0.,0.,1.));
#1865 = ORIENTED_EDGE('',*,*,#1866,.T.);
#1866 = EDGE_CURVE('',#1857,#1867,#1869,.T.);
#1867 = VERTEX_POINT('',#1868);
#1868 = CARTESIAN_POINT('',(234.49673200287,123.83974596215,18.));
#1869 = LINE('',#1870,#1871);
#1870 = CARTESIAN_POINT('',(236.49673200287,120.37564434701,18.));
#1871 = VECTOR('',#1872,1.);
#1872 = DIRECTION('',(-0.5,0.866025403784,0.));
#1873 = ORIENTED_EDGE('',*,*,#1874,.T.);
#1874 = EDGE_CURVE('',#1867,#1875,#1877,.T.);
#1875 = VERTEX_POINT('',#1876);
#1876 = CARTESIAN_POINT('',(234.49673200287,123.83974596215,280.));
#1877 = LINE('',#1878,#1879);
#1878 = CARTESIAN_POINT('',(234.49673200287,123.83974596215,18.));
#1879 = VECTOR('',#1880,1.);
#1880 = DIRECTION('',(0.,0.,1.));
#1881 = ORIENTED_EDGE('',*,*,#1882,.F.);
#1882 = EDGE_CURVE('',#1859,#1875,#1883,.T.);
#1883 = LINE('',#1884,#1885);
#1884 = CARTESIAN_POINT('',(236.49673200287,120.37564434701,280.));
#1885 = VECTOR('',#1886,1.);
#1886 = DIRECTION('',(-0.5,0.866025403784,0.));
#1887 = PLANE('',#1888);
#1888 = AXIS2_PLACEMENT_3D('',#1889,#1890,#1891);
#1889 = CARTESIAN_POINT('',(236.49673200287,120.37564434701,18.));
#1890 = DIRECTION('',(0.866025403784,0.5,0.));
#1891 = DIRECTION('',(0.,0.,1.));
#1892 = ADVANCED_FACE('',(#1893),#1927,.T.);
#1893 = FACE_BOUND('',#1894,.T.);
#1894 = EDGE_LOOP('',(#1895,#1905,#1913,#1921));
#1895 = ORIENTED_EDGE('',*,*,#1896,.F.);
#1896 = EDGE_CURVE('',#1897,#1899,#1901,.T.);
#1897 = VERTEX_POINT('',#1898);
#1898 = CARTESIAN_POINT('',(253.81724007856,130.37564434701,18.));
#1899 = VERTEX_POINT('',#1900);
#1900 = CARTESIAN_POINT('',(253.81724007856,130.37564434701,280.));
#1901 = LINE('',#1902,#1903);
#1902 = CARTESIAN_POINT('',(253.81724007856,130.37564434701,18.));
#1903 = VECTOR('',#1904,1.);
#1904 = DIRECTION('',(0.,0.,1.));
#1905 = ORIENTED_EDGE('',*,*,#1906,.T.);
#1906 = EDGE_CURVE('',#1897,#1907,#1909,.T.);
#1907 = VERTEX_POINT('',#1908);
#1908 = CARTESIAN_POINT('',(251.81724007856,133.83974596215,18.));
#1909 = LINE('',#1910,#1911);
#1910 = CARTESIAN_POINT('',(253.81724007856,130.37564434701,18.));
#1911 = VECTOR('',#1912,1.);
#1912 = DIRECTION('',(-0.5,0.866025403784,0.));
#1913 = ORIENTED_EDGE('',*,*,#1914,.T.);
#1914 = EDGE_CURVE('',#1907,#1915,#1917,.T.);
#1915 = VERTEX_POINT('',#1916);
#1916 = CARTESIAN_POINT('',(251.81724007856,133.83974596215,280.));
#1917 = LINE('',#1918,#1919);
#1918 = CARTESIAN_POINT('',(251.81724007856,133.83974596215,18.));
#1919 = VECTOR('',#1920,1.);
#1920 = DIRECTION('',(0.,0.,1.));
#1921 = ORIENTED_EDGE('',*,*,#1922,.F.);
#1922 = EDGE_CURVE('',#1899,#1915,#1923,.T.);
#1923 = LINE('',#1924,#1925);
#1924 = CARTESIAN_POINT('',(253.81724007856,130.37564434701,280.));
#1925 = VECTOR('',#1926,1.);
#1926 = DIRECTION('',(-0.5,0.866025403784,0.));
#1927 = PLANE('',#1928);
#1928 = AXIS2_PLACEMENT_3D('',#1929,#1930,#1931);
#1929 = CARTESIAN_POINT('',(253.81724007856,130.37564434701,18.));
#1930 = DIRECTION('',(0.866025403784,0.5,0.));
#1931 = DIRECTION('',(0.,0.,1.));
#1932 = ADVANCED_FACE('',(#1933),#1949,.F.);
#1933 = FACE_BOUND('',#1934,.F.);
#1934 = EDGE_LOOP('',(#1935,#1941,#1942,#1948));
#1935 = ORIENTED_EDGE('',*,*,#1936,.F.);
#1936 = EDGE_CURVE('',#1857,#1897,#1937,.T.);
#1937 = LINE('',#1938,#1939);
#1938 = CARTESIAN_POINT('',(236.49673200287,120.37564434701,18.));
#1939 = VECTOR('',#1940,1.);
#1940 = DIRECTION('',(0.866025403784,0.5,0.));
#1941 = ORIENTED_EDGE('',*,*,#1856,.T.);
#1942 = ORIENTED_EDGE('',*,*,#1943,.T.);
#1943 = EDGE_CURVE('',#1859,#1899,#1944,.T.);
#1944 = LINE('',#1945,#1946);
#1945 = CARTESIAN_POINT('',(236.49673200287,120.37564434701,280.));
#1946 = VECTOR('',#1947,1.);
#1947 = DIRECTION('',(0.866025403784,0.5,0.));
#1948 = ORIENTED_EDGE('',*,*,#1896,.F.);
#1949 = PLANE('',#1950);
#1950 = AXIS2_PLACEMENT_3D('',#1951,#1952,#1953);
#1951 = CARTESIAN_POINT('',(236.49673200287,120.37564434701,18.));
#1952 = DIRECTION('',(-0.5,0.866025403784,0.));
#1953 = DIRECTION('',(0.,0.,1.));
#1954 = ADVANCED_FACE('',(#1955),#1971,.T.);
#1955 = FACE_BOUND('',#1956,.T.);
#1956 = EDGE_LOOP('',(#1957,#1963,#1964,#1970));
#1957 = ORIENTED_EDGE('',*,*,#1958,.F.);
#1958 = EDGE_CURVE('',#1867,#1907,#1959,.T.);
#1959 = LINE('',#1960,#1961);
#1960 = CARTESIAN_POINT('',(234.49673200287,123.83974596215,18.));
#1961 = VECTOR('',#1962,1.);
#1962 = DIRECTION('',(0.866025403784,0.5,0.));
#1963 = ORIENTED_EDGE('',*,*,#1874,.T.);
#1964 = ORIENTED_EDGE('',*,*,#1965,.T.);
#1965 = EDGE_CURVE('',#1875,#1915,#1966,.T.);
#1966 = LINE('',#1967,#1968);
#1967 = CARTESIAN_POINT('',(234.49673200287,123.83974596215,280.));
#1968 = VECTOR('',#1969,1.);
#1969 = DIRECTION('',(0.866025403784,0.5,0.));
#1970 = ORIENTED_EDGE('',*,*,#1914,.F.);
#1971 = PLANE('',#1972);
#1972 = AXIS2_PLACEMENT_3D('',#1973,#1974,#1975);
#1973 = CARTESIAN_POINT('',(234.49673200287,123.83974596215,18.));
#1974 = DIRECTION('',(-0.5,0.866025403784,0.));
#1975 = DIRECTION('',(0.,0.,1.));
#1976 = ADVANCED_FACE('',(#1977),#1983,.F.);
#1977 = FACE_BOUND('',#1978,.F.);
#1978 = EDGE_LOOP('',(#1979,#1980,#1981,#1982));
#1979 = ORIENTED_EDGE('',*,*,#1866,.F.);
#1980 = ORIENTED_EDGE('',*,*,#1936,.T.);
#1981 = ORIENTED_EDGE('',*,*,#1906,.T.);
#1982 = ORIENTED_EDGE('',*,*,#1958,.F.);
#1983 = PLANE('',#1984);
#1984 = AXIS2_PLACEMENT_3D('',#1985,#1986,#1987);
#1985 = CARTESIAN_POINT('',(236.49673200287,120.37564434701,18.));
#1986 = DIRECTION('',(0.,0.,1.));
#1987 = DIRECTION('',(0.866025403784,0.5,0.));
#1988 = ADVANCED_FACE('',(#1989),#1995,.T.);
#1989 = FACE_BOUND('',#1990,.T.);
#1990 = EDGE_LOOP('',(#1991,#1992,#1993,#1994));
#1991 = ORIENTED_EDGE('',*,*,#1882,.F.);
#1992 = ORIENTED_EDGE('',*,*,#1943,.T.);
#1993 = ORIENTED_EDGE('',*,*,#1922,.T.);
#1994 = ORIENTED_EDGE('',*,*,#1965,.F.);
#1995 = PLANE('',#1996);
#1996 = AXIS2_PLACEMENT_3D('',#1997,#1998,#1999);
#1997 = CARTESIAN_POINT('',(236.49673200287,120.37564434701,280.));
#1998 = DIRECTION('',(0.,0.,1.));
#1999 = DIRECTION('',(0.866025403784,0.5,0.));
#2000 = ( GEOMETRIC_REPRESENTATION_CONTEXT(3) 
GLOBAL_UNCERTAINTY_ASSIGNED_CONTEXT((#2004)) 
GLOBAL_UNIT_ASSIGNED_CONTEXT((#2001,#2002,#2003)) REPRESENTATION_CONTEXT
('Context #1','3D Context with UNIT and UNCERTAINTY') );
#2001 = ( LENGTH_UNIT() NAMED_UNIT(*) SI_UNIT(.MILLI.,.METRE.) );
#2002 = ( NAMED_UNIT(*) PLANE_ANGLE_UNIT() SI_UNIT($,.RADIAN.) );
#2003 = ( NAMED_UNIT(*) SI_UNIT($,.STERADIAN.) SOLID_ANGLE_UNIT() );
#2004 = UNCERTAINTY_MEASURE_WITH_UNIT(LENGTH_MEASURE(1.E-07),#2001,
  'distance_accuracy_value','confusion accuracy');
#2005 = CONTEXT_DEPENDENT_SHAPE_REPRESENTATION(#2006,#2008);
#2006 = ( REPRESENTATION_RELATIONSHIP('','',#1849,#10) 
REPRESENTATION_RELATIONSHIP_WITH_TRANSFORMATION(#2007) 
SHAPE_REPRESENTATION_RELATIONSHIP() );
#2007 = ITEM_DEFINED_TRANSFORMATION('','',#11,#51);
#2008 = PRODUCT_DEFINITION_SHAPE('Placement','Placement of an item',
  #2009);
#2009 = NEXT_ASSEMBLY_USAGE_OCCURRENCE('10','P10 Slot jamb 30 / -1','',
  #5,#1844,$);
#2010 = PRODUCT_RELATED_PRODUCT_CATEGORY('part',$,(#1846));
#2011 = SHAPE_DEFINITION_REPRESENTATION(#2012,#2018);
#2012 = PRODUCT_DEFINITION_SHAPE('','',#2013);
#2013 = PRODUCT_DEFINITION('design','',#2014,#2017);
#2014 = PRODUCT_DEFINITION_FORMATION('','',#2015);
#2015 = PRODUCT('P11 Slot jamb 30 / 1','P11 Slot jamb 30 / 1','',(#2016)
  );
#2016 = PRODUCT_CONTEXT('',#2,'mechanical');
#2017 = PRODUCT_DEFINITION_CONTEXT('part definition',#2,'design');
#2018 = ADVANCED_BREP_SHAPE_REPRESENTATION('',(#11,#2019),#2169);
#2019 = MANIFOLD_SOLID_BREP('',#2020);
#2020 = CLOSED_SHELL('',(#2021,#2061,#2101,#2123,#2145,#2157));
#2021 = ADVANCED_FACE('',(#2022),#2056,.F.);
#2022 = FACE_BOUND('',#2023,.F.);
#2023 = EDGE_LOOP('',(#2024,#2034,#2042,#2050));
#2024 = ORIENTED_EDGE('',*,*,#2025,.F.);
#2025 = EDGE_CURVE('',#2026,#2028,#2030,.T.);
#2026 = VERTEX_POINT('',#2027);
#2027 = CARTESIAN_POINT('',(224.49673200287,141.16025403784,18.));
#2028 = VERTEX_POINT('',#2029);
#2029 = CARTESIAN_POINT('',(224.49673200287,141.16025403784,280.));
#2030 = LINE('',#2031,#2032);
#2031 = CARTESIAN_POINT('',(224.49673200287,141.16025403784,18.));
#2032 = VECTOR('',#2033,1.);
#2033 = DIRECTION('',(0.,0.,1.));
#2034 = ORIENTED_EDGE('',*,*,#2035,.T.);
#2035 = EDGE_CURVE('',#2026,#2036,#2038,.T.);
#2036 = VERTEX_POINT('',#2037);
#2037 = CARTESIAN_POINT('',(222.49673200287,144.62435565298,18.));
#2038 = LINE('',#2039,#2040);
#2039 = CARTESIAN_POINT('',(224.49673200287,141.16025403784,18.));
#2040 = VECTOR('',#2041,1.);
#2041 = DIRECTION('',(-0.5,0.866025403784,0.));
#2042 = ORIENTED_EDGE('',*,*,#2043,.T.);
#2043 = EDGE_CURVE('',#2036,#2044,#2046,.T.);
#2044 = VERTEX_POINT('',#2045);
#2045 = CARTESIAN_POINT('',(222.49673200287,144.62435565298,280.));
#2046 = LINE('',#2047,#2048);
#2047 = CARTESIAN_POINT('',(222.49673200287,144.62435565298,18.));
#2048 = VECTOR('',#2049,1.);
#2049 = DIRECTION('',(0.,0.,1.));
#2050 = ORIENTED_EDGE('',*,*,#2051,.F.);
#2051 = EDGE_CURVE('',#2028,#2044,#2052,.T.);
#2052 = LINE('',#2053,#2054);
#2053 = CARTESIAN_POINT('',(224.49673200287,141.16025403784,280.));
#2054 = VECTOR('',#2055,1.);
#2055 = DIRECTION('',(-0.5,0.866025403784,0.));
#2056 = PLANE('',#2057);
#2057 = AXIS2_PLACEMENT_3D('',#2058,#2059,#2060);
#2058 = CARTESIAN_POINT('',(224.49673200287,141.16025403784,18.));
#2059 = DIRECTION('',(0.866025403784,0.5,0.));
#2060 = DIRECTION('',(0.,0.,1.));
#2061 = ADVANCED_FACE('',(#2062),#2096,.T.);
#2062 = FACE_BOUND('',#2063,.T.);
#2063 = EDGE_LOOP('',(#2064,#2074,#2082,#2090));
#2064 = ORIENTED_EDGE('',*,*,#2065,.F.);
#2065 = EDGE_CURVE('',#2066,#2068,#2070,.T.);
#2066 = VERTEX_POINT('',#2067);
#2067 = CARTESIAN_POINT('',(241.81724007856,151.16025403784,18.));
#2068 = VERTEX_POINT('',#2069);
#2069 = CARTESIAN_POINT('',(241.81724007856,151.16025403784,280.));
#2070 = LINE('',#2071,#2072);
#2071 = CARTESIAN_POINT('',(241.81724007856,151.16025403784,18.));
#2072 = VECTOR('',#2073,1.);
#2073 = DIRECTION('',(0.,0.,1.));
#2074 = ORIENTED_EDGE('',*,*,#2075,.T.);
#2075 = EDGE_CURVE('',#2066,#2076,#2078,.T.);
#2076 = VERTEX_POINT('',#2077);
#2077 = CARTESIAN_POINT('',(239.81724007856,154.62435565298,18.));
#2078 = LINE('',#2079,#2080);
#2079 = CARTESIAN_POINT('',(241.81724007856,151.16025403784,18.));
#2080 = VECTOR('',#2081,1.);
#2081 = DIRECTION('',(-0.5,0.866025403784,0.));
#2082 = ORIENTED_EDGE('',*,*,#2083,.T.);
#2083 = EDGE_CURVE('',#2076,#2084,#2086,.T.);
#2084 = VERTEX_POINT('',#2085);
#2085 = CARTESIAN_POINT('',(239.81724007856,154.62435565298,280.));
#2086 = LINE('',#2087,#2088);
#2087 = CARTESIAN_POINT('',(239.81724007856,154.62435565298,18.));
#2088 = VECTOR('',#2089,1.);
#2089 = DIRECTION('',(0.,0.,1.));
#2090 = ORIENTED_EDGE('',*,*,#2091,.F.);
#2091 = EDGE_CURVE('',#2068,#2084,#2092,.T.);
#2092 = LINE('',#2093,#2094);
#2093 = CARTESIAN_POINT('',(241.81724007856,151.16025403784,280.));
#2094 = VECTOR('',#2095,1.);
#2095 = DIRECTION('',(-0.5,0.866025403784,0.));
#2096 = PLANE('',#2097);
#2097 = AXIS2_PLACEMENT_3D('',#2098,#2099,#2100);
#2098 = CARTESIAN_POINT('',(241.81724007856,151.16025403784,18.));
#2099 = DIRECTION('',(0.866025403784,0.5,0.));
#2100 = DIRECTION('',(0.,0.,1.));
#2101 = ADVANCED_FACE('',(#2102),#2118,.F.);
#2102 = FACE_BOUND('',#2103,.F.);
#2103 = EDGE_LOOP('',(#2104,#2110,#2111,#2117));
#2104 = ORIENTED_EDGE('',*,*,#2105,.F.);
#2105 = EDGE_CURVE('',#2026,#2066,#2106,.T.);
#2106 = LINE('',#2107,#2108);
#2107 = CARTESIAN_POINT('',(224.49673200287,141.16025403784,18.));
#2108 = VECTOR('',#2109,1.);
#2109 = DIRECTION('',(0.866025403784,0.5,0.));
#2110 = ORIENTED_EDGE('',*,*,#2025,.T.);
#2111 = ORIENTED_EDGE('',*,*,#2112,.T.);
#2112 = EDGE_CURVE('',#2028,#2068,#2113,.T.);
#2113 = LINE('',#2114,#2115);
#2114 = CARTESIAN_POINT('',(224.49673200287,141.16025403784,280.));
#2115 = VECTOR('',#2116,1.);
#2116 = DIRECTION('',(0.866025403784,0.5,0.));
#2117 = ORIENTED_EDGE('',*,*,#2065,.F.);
#2118 = PLANE('',#2119);
#2119 = AXIS2_PLACEMENT_3D('',#2120,#2121,#2122);
#2120 = CARTESIAN_POINT('',(224.49673200287,141.16025403784,18.));
#2121 = DIRECTION('',(-0.5,0.866025403784,0.));
#2122 = DIRECTION('',(0.,0.,1.));
#2123 = ADVANCED_FACE('',(#2124),#2140,.T.);
#2124 = FACE_BOUND('',#2125,.T.);
#2125 = EDGE_LOOP('',(#2126,#2132,#2133,#2139));
#2126 = ORIENTED_EDGE('',*,*,#2127,.F.);
#2127 = EDGE_CURVE('',#2036,#2076,#2128,.T.);
#2128 = LINE('',#2129,#2130);
#2129 = CARTESIAN_POINT('',(222.49673200287,144.62435565298,18.));
#2130 = VECTOR('',#2131,1.);
#2131 = DIRECTION('',(0.866025403784,0.5,0.));
#2132 = ORIENTED_EDGE('',*,*,#2043,.T.);
#2133 = ORIENTED_EDGE('',*,*,#2134,.T.);
#2134 = EDGE_CURVE('',#2044,#2084,#2135,.T.);
#2135 = LINE('',#2136,#2137);
#2136 = CARTESIAN_POINT('',(222.49673200287,144.62435565298,280.));
#2137 = VECTOR('',#2138,1.);
#2138 = DIRECTION('',(0.866025403784,0.5,0.));
#2139 = ORIENTED_EDGE('',*,*,#2083,.F.);
#2140 = PLANE('',#2141);
#2141 = AXIS2_PLACEMENT_3D('',#2142,#2143,#2144);
#2142 = CARTESIAN_POINT('',(222.49673200287,144.62435565298,18.));
#2143 = DIRECTION('',(-0.5,0.866025403784,0.));
#2144 = DIRECTION('',(0.,0.,1.));
#2145 = ADVANCED_FACE('',(#2146),#2152,.F.);
#2146 = FACE_BOUND('',#2147,.F.);
#2147 = EDGE_LOOP('',(#2148,#2149,#2150,#2151));
#2148 = ORIENTED_EDGE('',*,*,#2035,.F.);
#2149 = ORIENTED_EDGE('',*,*,#2105,.T.);
#2150 = ORIENTED_EDGE('',*,*,#2075,.T.);
#2151 = ORIENTED_EDGE('',*,*,#2127,.F.);
#2152 = PLANE('',#2153);
#2153 = AXIS2_PLACEMENT_3D('',#2154,#2155,#2156);
#2154 = CARTESIAN_POINT('',(224.49673200287,141.16025403784,18.));
#2155 = DIRECTION('',(0.,0.,1.));
#2156 = DIRECTION('',(0.866025403784,0.5,0.));
#2157 = ADVANCED_FACE('',(#2158),#2164,.T.);
#2158 = FACE_BOUND('',#2159,.T.);
#2159 = EDGE_LOOP('',(#2160,#2161,#2162,#2163));
#2160 = ORIENTED_EDGE('',*,*,#2051,.F.);
#2161 = ORIENTED_EDGE('',*,*,#2112,.T.);
#2162 = ORIENTED_EDGE('',*,*,#2091,.T.);
#2163 = ORIENTED_EDGE('',*,*,#2134,.F.);
#2164 = PLANE('',#2165);
#2165 = AXIS2_PLACEMENT_3D('',#2166,#2167,#2168);
#2166 = CARTESIAN_POINT('',(224.49673200287,141.16025403784,280.));
#2167 = DIRECTION('',(0.,0.,1.));
#2168 = DIRECTION('',(0.866025403784,0.5,0.));
#2169 = ( GEOMETRIC_REPRESENTATION_CONTEXT(3) 
GLOBAL_UNCERTAINTY_ASSIGNED_CONTEXT((#2173)) 
GLOBAL_UNIT_ASSIGNED_CONTEXT((#2170,#2171,#2172)) REPRESENTATION_CONTEXT
('Context #1','3D Context with UNIT and UNCERTAINTY') );
#2170 = ( LENGTH_UNIT() NAMED_UNIT(*) SI_UNIT(.MILLI.,.METRE.) );
#2171 = ( NAMED_UNIT(*) PLANE_ANGLE_UNIT() SI_UNIT($,.RADIAN.) );
#2172 = ( NAMED_UNIT(*) SI_UNIT($,.STERADIAN.) SOLID_ANGLE_UNIT() );
#2173 = UNCERTAINTY_MEASURE_WITH_UNIT(LENGTH_MEASURE(1.E-07),#2170,
  'distance_accuracy_value','confusion accuracy');
#2174 = CONTEXT_DEPENDENT_SHAPE_REPRESENTATION(#2175,#2177);
#2175 = ( REPRESENTATION_RELATIONSHIP('','',#2018,#10) 
REPRESENTATION_RELATIONSHIP_WITH_TRANSFORMATION(#2176) 
SHAPE_REPRESENTATION_RELATIONSHIP() );
#2176 = ITEM_DEFINED_TRANSFORMATION('','',#11,#55);
#2177 = PRODUCT_DEFINITION_SHAPE('Placement','Placement of an item',
  #2178);
#2178 = NEXT_ASSEMBLY_USAGE_OCCURRENCE('11','P11 Slot jamb 30 / 1','',#5
  ,#2013,$);
#2179 = PRODUCT_RELATED_PRODUCT_CATEGORY('part',$,(#2015));
#2180 = SHAPE_DEFINITION_REPRESENTATION(#2181,#2187);
#2181 = PRODUCT_DEFINITION_SHAPE('','',#2182);
#2182 = PRODUCT_DEFINITION('design','',#2183,#2186);
#2183 = PRODUCT_DEFINITION_FORMATION('','',#2184);
#2184 = PRODUCT('P12 Slot lintel 30','P12 Slot lintel 30','',(#2185));
#2185 = PRODUCT_CONTEXT('',#2,'mechanical');
#2186 = PRODUCT_DEFINITION_CONTEXT('part definition',#2,'design');
#2187 = ADVANCED_BREP_SHAPE_REPRESENTATION('',(#11,#2188),#2338);
#2188 = MANIFOLD_SOLID_BREP('',#2189);
#2189 = CLOSED_SHELL('',(#2190,#2230,#2270,#2292,#2314,#2326));
#2190 = ADVANCED_FACE('',(#2191),#2225,.F.);
#2191 = FACE_BOUND('',#2192,.F.);
#2192 = EDGE_LOOP('',(#2193,#2203,#2211,#2219));
#2193 = ORIENTED_EDGE('',*,*,#2194,.F.);
#2194 = EDGE_CURVE('',#2195,#2197,#2199,.T.);
#2195 = VERTEX_POINT('',#2196);
#2196 = CARTESIAN_POINT('',(236.49673200287,120.37564434701,280.));
#2197 = VERTEX_POINT('',#2198);
#2198 = CARTESIAN_POINT('',(236.49673200287,120.37564434701,284.));
#2199 = LINE('',#2200,#2201);
#2200 = CARTESIAN_POINT('',(236.49673200287,120.37564434701,280.));
#2201 = VECTOR('',#2202,1.);
#2202 = DIRECTION('',(0.,0.,1.));
#2203 = ORIENTED_EDGE('',*,*,#2204,.T.);
#2204 = EDGE_CURVE('',#2195,#2205,#2207,.T.);
#2205 = VERTEX_POINT('',#2206);
#2206 = CARTESIAN_POINT('',(222.49673200287,144.62435565298,280.));
#2207 = LINE('',#2208,#2209);
#2208 = CARTESIAN_POINT('',(236.49673200287,120.37564434701,280.));
#2209 = VECTOR('',#2210,1.);
#2210 = DIRECTION('',(-0.5,0.866025403784,0.));
#2211 = ORIENTED_EDGE('',*,*,#2212,.T.);
#2212 = EDGE_CURVE('',#2205,#2213,#2215,.T.);
#2213 = VERTEX_POINT('',#2214);
#2214 = CARTESIAN_POINT('',(222.49673200287,144.62435565298,284.));
#2215 = LINE('',#2216,#2217);
#2216 = CARTESIAN_POINT('',(222.49673200287,144.62435565298,280.));
#2217 = VECTOR('',#2218,1.);
#2218 = DIRECTION('',(0.,0.,1.));
#2219 = ORIENTED_EDGE('',*,*,#2220,.F.);
#2220 = EDGE_CURVE('',#2197,#2213,#2221,.T.);
#2221 = LINE('',#2222,#2223);
#2222 = CARTESIAN_POINT('',(236.49673200287,120.37564434701,284.));
#2223 = VECTOR('',#2224,1.);
#2224 = DIRECTION('',(-0.5,0.866025403784,0.));
#2225 = PLANE('',#2226);
#2226 = AXIS2_PLACEMENT_3D('',#2227,#2228,#2229);
#2227 = CARTESIAN_POINT('',(236.49673200287,120.37564434701,280.));
#2228 = DIRECTION('',(0.866025403784,0.5,0.));
#2229 = DIRECTION('',(0.,0.,1.));
#2230 = ADVANCED_FACE('',(#2231),#2265,.T.);
#2231 = FACE_BOUND('',#2232,.T.);
#2232 = EDGE_LOOP('',(#2233,#2243,#2251,#2259));
#2233 = ORIENTED_EDGE('',*,*,#2234,.F.);
#2234 = EDGE_CURVE('',#2235,#2237,#2239,.T.);
#2235 = VERTEX_POINT('',#2236);
#2236 = CARTESIAN_POINT('',(253.81724007856,130.37564434701,280.));
#2237 = VERTEX_POINT('',#2238);
#2238 = CARTESIAN_POINT('',(253.81724007856,130.37564434701,284.));
#2239 = LINE('',#2240,#2241);
#2240 = CARTESIAN_POINT('',(253.81724007856,130.37564434701,280.));
#2241 = VECTOR('',#2242,1.);
#2242 = DIRECTION('',(0.,0.,1.));
#2243 = ORIENTED_EDGE('',*,*,#2244,.T.);
#2244 = EDGE_CURVE('',#2235,#2245,#2247,.T.);
#2245 = VERTEX_POINT('',#2246);
#2246 = CARTESIAN_POINT('',(239.81724007856,154.62435565298,280.));
#2247 = LINE('',#2248,#2249);
#2248 = CARTESIAN_POINT('',(253.81724007856,130.37564434701,280.));
#2249 = VECTOR('',#2250,1.);
#2250 = DIRECTION('',(-0.5,0.866025403784,0.));
#2251 = ORIENTED_EDGE('',*,*,#2252,.T.);
#2252 = EDGE_CURVE('',#2245,#2253,#2255,.T.);
#2253 = VERTEX_POINT('',#2254);
#2254 = CARTESIAN_POINT('',(239.81724007856,154.62435565298,284.));
#2255 = LINE('',#2256,#2257);
#2256 = CARTESIAN_POINT('',(239.81724007856,154.62435565298,280.));
#2257 = VECTOR('',#2258,1.);
#2258 = DIRECTION('',(0.,0.,1.));
#2259 = ORIENTED_EDGE('',*,*,#2260,.F.);
#2260 = EDGE_CURVE('',#2237,#2253,#2261,.T.);
#2261 = LINE('',#2262,#2263);
#2262 = CARTESIAN_POINT('',(253.81724007856,130.37564434701,284.));
#2263 = VECTOR('',#2264,1.);
#2264 = DIRECTION('',(-0.5,0.866025403784,0.));
#2265 = PLANE('',#2266);
#2266 = AXIS2_PLACEMENT_3D('',#2267,#2268,#2269);
#2267 = CARTESIAN_POINT('',(253.81724007856,130.37564434701,280.));
#2268 = DIRECTION('',(0.866025403784,0.5,0.));
#2269 = DIRECTION('',(0.,0.,1.));
#2270 = ADVANCED_FACE('',(#2271),#2287,.F.);
#2271 = FACE_BOUND('',#2272,.F.);
#2272 = EDGE_LOOP('',(#2273,#2279,#2280,#2286));
#2273 = ORIENTED_EDGE('',*,*,#2274,.F.);
#2274 = EDGE_CURVE('',#2195,#2235,#2275,.T.);
#2275 = LINE('',#2276,#2277);
#2276 = CARTESIAN_POINT('',(236.49673200287,120.37564434701,280.));
#2277 = VECTOR('',#2278,1.);
#2278 = DIRECTION('',(0.866025403784,0.5,0.));
#2279 = ORIENTED_EDGE('',*,*,#2194,.T.);
#2280 = ORIENTED_EDGE('',*,*,#2281,.T.);
#2281 = EDGE_CURVE('',#2197,#2237,#2282,.T.);
#2282 = LINE('',#2283,#2284);
#2283 = CARTESIAN_POINT('',(236.49673200287,120.37564434701,284.));
#2284 = VECTOR('',#2285,1.);
#2285 = DIRECTION('',(0.866025403784,0.5,0.));
#2286 = ORIENTED_EDGE('',*,*,#2234,.F.);
#2287 = PLANE('',#2288);
#2288 = AXIS2_PLACEMENT_3D('',#2289,#2290,#2291);
#2289 = CARTESIAN_POINT('',(236.49673200287,120.37564434701,280.));
#2290 = DIRECTION('',(-0.5,0.866025403784,0.));
#2291 = DIRECTION('',(0.,0.,1.));
#2292 = ADVANCED_FACE('',(#2293),#2309,.T.);
#2293 = FACE_BOUND('',#2294,.T.);
#2294 = EDGE_LOOP('',(#2295,#2301,#2302,#2308));
#2295 = ORIENTED_EDGE('',*,*,#2296,.F.);
#2296 = EDGE_CURVE('',#2205,#2245,#2297,.T.);
#2297 = LINE('',#2298,#2299);
#2298 = CARTESIAN_POINT('',(222.49673200287,144.62435565298,280.));
#2299 = VECTOR('',#2300,1.);
#2300 = DIRECTION('',(0.866025403784,0.5,0.));
#2301 = ORIENTED_EDGE('',*,*,#2212,.T.);
#2302 = ORIENTED_EDGE('',*,*,#2303,.T.);
#2303 = EDGE_CURVE('',#2213,#2253,#2304,.T.);
#2304 = LINE('',#2305,#2306);
#2305 = CARTESIAN_POINT('',(222.49673200287,144.62435565298,284.));
#2306 = VECTOR('',#2307,1.);
#2307 = DIRECTION('',(0.866025403784,0.5,0.));
#2308 = ORIENTED_EDGE('',*,*,#2252,.F.);
#2309 = PLANE('',#2310);
#2310 = AXIS2_PLACEMENT_3D('',#2311,#2312,#2313);
#2311 = CARTESIAN_POINT('',(222.49673200287,144.62435565298,280.));
#2312 = DIRECTION('',(-0.5,0.866025403784,0.));
#2313 = DIRECTION('',(0.,0.,1.));
#2314 = ADVANCED_FACE('',(#2315),#2321,.F.);
#2315 = FACE_BOUND('',#2316,.F.);
#2316 = EDGE_LOOP('',(#2317,#2318,#2319,#2320));
#2317 = ORIENTED_EDGE('',*,*,#2204,.F.);
#2318 = ORIENTED_EDGE('',*,*,#2274,.T.);
#2319 = ORIENTED_EDGE('',*,*,#2244,.T.);
#2320 = ORIENTED_EDGE('',*,*,#2296,.F.);
#2321 = PLANE('',#2322);
#2322 = AXIS2_PLACEMENT_3D('',#2323,#2324,#2325);
#2323 = CARTESIAN_POINT('',(236.49673200287,120.37564434701,280.));
#2324 = DIRECTION('',(0.,0.,1.));
#2325 = DIRECTION('',(0.866025403784,0.5,0.));
#2326 = ADVANCED_FACE('',(#2327),#2333,.T.);
#2327 = FACE_BOUND('',#2328,.T.);
#2328 = EDGE_LOOP('',(#2329,#2330,#2331,#2332));
#2329 = ORIENTED_EDGE('',*,*,#2220,.F.);
#2330 = ORIENTED_EDGE('',*,*,#2281,.T.);
#2331 = ORIENTED_EDGE('',*,*,#2260,.T.);
#2332 = ORIENTED_EDGE('',*,*,#2303,.F.);
#2333 = PLANE('',#2334);
#2334 = AXIS2_PLACEMENT_3D('',#2335,#2336,#2337);
#2335 = CARTESIAN_POINT('',(236.49673200287,120.37564434701,284.));
#2336 = DIRECTION('',(0.,0.,1.));
#2337 = DIRECTION('',(0.866025403784,0.5,0.));
#2338 = ( GEOMETRIC_REPRESENTATION_CONTEXT(3) 
GLOBAL_UNCERTAINTY_ASSIGNED_CONTEXT((#2342)) 
GLOBAL_UNIT_ASSIGNED_CONTEXT((#2339,#2340,#2341)) REPRESENTATION_CONTEXT
('Context #1','3D Context with UNIT and UNCERTAINTY') );
#2339 = ( LENGTH_UNIT() NAMED_UNIT(*) SI_UNIT(.MILLI.,.METRE.) );
#2340 = ( NAMED_UNIT(*) PLANE_ANGLE_UNIT() SI_UNIT($,.RADIAN.) );
#2341 = ( NAMED_UNIT(*) SI_UNIT($,.STERADIAN.) SOLID_ANGLE_UNIT() );
#2342 = UNCERTAINTY_MEASURE_WITH_UNIT(LENGTH_MEASURE(1.E-07),#2339,
  'distance_accuracy_value','confusion accuracy');
#2343 = CONTEXT_DEPENDENT_SHAPE_REPRESENTATION(#2344,#2346);
#2344 = ( REPRESENTATION_RELATIONSHIP('','',#2187,#10) 
REPRESENTATION_RELATIONSHIP_WITH_TRANSFORMATION(#2345) 
SHAPE_REPRESENTATION_RELATIONSHIP() );
#2345 = ITEM_DEFINED_TRANSFORMATION('','',#11,#59);
#2346 = PRODUCT_DEFINITION_SHAPE('Placement','Placement of an item',
  #2347);
#2347 = NEXT_ASSEMBLY_USAGE_OCCURRENCE('12','P12 Slot lintel 30','',#5,
  #2182,$);
#2348 = PRODUCT_RELATED_PRODUCT_CATEGORY('part',$,(#2184));
#2349 = SHAPE_DEFINITION_REPRESENTATION(#2350,#2356);
#2350 = PRODUCT_DEFINITION_SHAPE('','',#2351);
#2351 = PRODUCT_DEFINITION('design','',#2352,#2355);
#2352 = PRODUCT_DEFINITION_FORMATION('','',#2353);
#2353 = PRODUCT('P13 Foot shoe 30','P13 Foot shoe 30','',(#2354));
#2354 = PRODUCT_CONTEXT('',#2,'mechanical');
#2355 = PRODUCT_DEFINITION_CONTEXT('part definition',#2,'design');
#2356 = ADVANCED_BREP_SHAPE_REPRESENTATION('',(#11,#2357),#2507);
#2357 = MANIFOLD_SOLID_BREP('',#2358);
#2358 = CLOSED_SHELL('',(#2359,#2399,#2439,#2461,#2483,#2495));
#2359 = ADVANCED_FACE('',(#2360),#2394,.F.);
#2360 = FACE_BOUND('',#2361,.F.);
#2361 = EDGE_LOOP('',(#2362,#2372,#2380,#2388));
#2362 = ORIENTED_EDGE('',*,*,#2363,.F.);
#2363 = EDGE_CURVE('',#2364,#2366,#2368,.T.);
#2364 = VERTEX_POINT('',#2365);
#2365 = CARTESIAN_POINT('',(257.7646811953,79.538475772934,0.));
#2366 = VERTEX_POINT('',#2367);
#2367 = CARTESIAN_POINT('',(257.7646811953,79.538475772934,18.));
#2368 = LINE('',#2369,#2370);
#2369 = CARTESIAN_POINT('',(257.7646811953,79.538475772934,0.));
#2370 = VECTOR('',#2371,1.);
#2371 = DIRECTION('',(0.,0.,1.));
#2372 = ORIENTED_EDGE('',*,*,#2373,.T.);
#2373 = EDGE_CURVE('',#2364,#2374,#2376,.T.);
#2374 = VERTEX_POINT('',#2375);
#2375 = CARTESIAN_POINT('',(197.7646811953,183.46152422706,0.));
#2376 = LINE('',#2377,#2378);
#2377 = CARTESIAN_POINT('',(257.7646811953,79.538475772934,0.));
#2378 = VECTOR('',#2379,1.);
#2379 = DIRECTION('',(-0.5,0.866025403784,0.));
#2380 = ORIENTED_EDGE('',*,*,#2381,.T.);
#2381 = EDGE_CURVE('',#2374,#2382,#2384,.T.);
#2382 = VERTEX_POINT('',#2383);
#2383 = CARTESIAN_POINT('',(197.7646811953,183.46152422706,18.));
#2384 = LINE('',#2385,#2386);
#2385 = CARTESIAN_POINT('',(197.7646811953,183.46152422706,0.));
#2386 = VECTOR('',#2387,1.);
#2387 = DIRECTION('',(0.,0.,1.));
#2388 = ORIENTED_EDGE('',*,*,#2389,.F.);
#2389 = EDGE_CURVE('',#2366,#2382,#2390,.T.);
#2390 = LINE('',#2391,#2392);
#2391 = CARTESIAN_POINT('',(257.7646811953,79.538475772934,18.));
#2392 = VECTOR('',#2393,1.);
#2393 = DIRECTION('',(-0.5,0.866025403784,0.));
#2394 = PLANE('',#2395);
#2395 = AXIS2_PLACEMENT_3D('',#2396,#2397,#2398);
#2396 = CARTESIAN_POINT('',(257.7646811953,79.538475772934,0.));
#2397 = DIRECTION('',(0.866025403784,0.5,0.));
#2398 = DIRECTION('',(0.,0.,1.));
#2399 = ADVANCED_FACE('',(#2400),#2434,.T.);
#2400 = FACE_BOUND('',#2401,.T.);
#2401 = EDGE_LOOP('',(#2402,#2412,#2420,#2428));
#2402 = ORIENTED_EDGE('',*,*,#2403,.F.);
#2403 = EDGE_CURVE('',#2404,#2406,#2408,.T.);
#2404 = VERTEX_POINT('',#2405);
#2405 = CARTESIAN_POINT('',(278.54929088613,91.538475772934,0.));
#2406 = VERTEX_POINT('',#2407);
#2407 = CARTESIAN_POINT('',(278.54929088613,91.538475772934,18.));
#2408 = LINE('',#2409,#2410);
#2409 = CARTESIAN_POINT('',(278.54929088613,91.538475772934,0.));
#2410 = VECTOR('',#2411,1.);
#2411 = DIRECTION('',(0.,0.,1.));
#2412 = ORIENTED_EDGE('',*,*,#2413,.T.);
#2413 = EDGE_CURVE('',#2404,#2414,#2416,.T.);
#2414 = VERTEX_POINT('',#2415);
#2415 = CARTESIAN_POINT('',(218.54929088613,195.46152422706,0.));
#2416 = LINE('',#2417,#2418);
#2417 = CARTESIAN_POINT('',(278.54929088613,91.538475772934,0.));
#2418 = VECTOR('',#2419,1.);
#2419 = DIRECTION('',(-0.5,0.866025403784,0.));
#2420 = ORIENTED_EDGE('',*,*,#2421,.T.);
#2421 = EDGE_CURVE('',#2414,#2422,#2424,.T.);
#2422 = VERTEX_POINT('',#2423);
#2423 = CARTESIAN_POINT('',(218.54929088613,195.46152422706,18.));
#2424 = LINE('',#2425,#2426);
#2425 = CARTESIAN_POINT('',(218.54929088613,195.46152422706,0.));
#2426 = VECTOR('',#2427,1.);
#2427 = DIRECTION('',(0.,0.,1.));
#2428 = ORIENTED_EDGE('',*,*,#2429,.F.);
#2429 = EDGE_CURVE('',#2406,#2422,#2430,.T.);
#2430 = LINE('',#2431,#2432);
#2431 = CARTESIAN_POINT('',(278.54929088613,91.538475772934,18.));
#2432 = VECTOR('',#2433,1.);
#2433 = DIRECTION('',(-0.5,0.866025403784,0.));
#2434 = PLANE('',#2435);
#2435 = AXIS2_PLACEMENT_3D('',#2436,#2437,#2438);
#2436 = CARTESIAN_POINT('',(278.54929088613,91.538475772934,0.));
#2437 = DIRECTION('',(0.866025403784,0.5,0.));
#2438 = DIRECTION('',(0.,0.,1.));
#2439 = ADVANCED_FACE('',(#2440),#2456,.F.);
#2440 = FACE_BOUND('',#2441,.F.);
#2441 = EDGE_LOOP('',(#2442,#2448,#2449,#2455));
#2442 = ORIENTED_EDGE('',*,*,#2443,.F.);
#2443 = EDGE_CURVE('',#2364,#2404,#2444,.T.);
#2444 = LINE('',#2445,#2446);
#2445 = CARTESIAN_POINT('',(257.7646811953,79.538475772934,0.));
#2446 = VECTOR('',#2447,1.);
#2447 = DIRECTION('',(0.866025403784,0.5,0.));
#2448 = ORIENTED_EDGE('',*,*,#2363,.T.);
#2449 = ORIENTED_EDGE('',*,*,#2450,.T.);
#2450 = EDGE_CURVE('',#2366,#2406,#2451,.T.);
#2451 = LINE('',#2452,#2453);
#2452 = CARTESIAN_POINT('',(257.7646811953,79.538475772934,18.));
#2453 = VECTOR('',#2454,1.);
#2454 = DIRECTION('',(0.866025403784,0.5,0.));
#2455 = ORIENTED_EDGE('',*,*,#2403,.F.);
#2456 = PLANE('',#2457);
#2457 = AXIS2_PLACEMENT_3D('',#2458,#2459,#2460);
#2458 = CARTESIAN_POINT('',(257.7646811953,79.538475772934,0.));
#2459 = DIRECTION('',(-0.5,0.866025403784,0.));
#2460 = DIRECTION('',(0.,0.,1.));
#2461 = ADVANCED_FACE('',(#2462),#2478,.T.);
#2462 = FACE_BOUND('',#2463,.T.);
#2463 = EDGE_LOOP('',(#2464,#2470,#2471,#2477));
#2464 = ORIENTED_EDGE('',*,*,#2465,.F.);
#2465 = EDGE_CURVE('',#2374,#2414,#2466,.T.);
#2466 = LINE('',#2467,#2468);
#2467 = CARTESIAN_POINT('',(197.7646811953,183.46152422706,0.));
#2468 = VECTOR('',#2469,1.);
#2469 = DIRECTION('',(0.866025403784,0.5,0.));
#2470 = ORIENTED_EDGE('',*,*,#2381,.T.);
#2471 = ORIENTED_EDGE('',*,*,#2472,.T.);
#2472 = EDGE_CURVE('',#2382,#2422,#2473,.T.);
#2473 = LINE('',#2474,#2475);
#2474 = CARTESIAN_POINT('',(197.7646811953,183.46152422706,18.));
#2475 = VECTOR('',#2476,1.);
#2476 = DIRECTION('',(0.866025403784,0.5,0.));
#2477 = ORIENTED_EDGE('',*,*,#2421,.F.);
#2478 = PLANE('',#2479);
#2479 = AXIS2_PLACEMENT_3D('',#2480,#2481,#2482);
#2480 = CARTESIAN_POINT('',(197.7646811953,183.46152422706,0.));
#2481 = DIRECTION('',(-0.5,0.866025403784,0.));
#2482 = DIRECTION('',(0.,0.,1.));
#2483 = ADVANCED_FACE('',(#2484),#2490,.F.);
#2484 = FACE_BOUND('',#2485,.F.);
#2485 = EDGE_LOOP('',(#2486,#2487,#2488,#2489));
#2486 = ORIENTED_EDGE('',*,*,#2373,.F.);
#2487 = ORIENTED_EDGE('',*,*,#2443,.T.);
#2488 = ORIENTED_EDGE('',*,*,#2413,.T.);
#2489 = ORIENTED_EDGE('',*,*,#2465,.F.);
#2490 = PLANE('',#2491);
#2491 = AXIS2_PLACEMENT_3D('',#2492,#2493,#2494);
#2492 = CARTESIAN_POINT('',(257.7646811953,79.538475772934,0.));
#2493 = DIRECTION('',(0.,0.,1.));
#2494 = DIRECTION('',(0.866025403784,0.5,0.));
#2495 = ADVANCED_FACE('',(#2496),#2502,.T.);
#2496 = FACE_BOUND('',#2497,.T.);
#2497 = EDGE_LOOP('',(#2498,#2499,#2500,#2501));
#2498 = ORIENTED_EDGE('',*,*,#2389,.F.);
#2499 = ORIENTED_EDGE('',*,*,#2450,.T.);
#2500 = ORIENTED_EDGE('',*,*,#2429,.T.);
#2501 = ORIENTED_EDGE('',*,*,#2472,.F.);
#2502 = PLANE('',#2503);
#2503 = AXIS2_PLACEMENT_3D('',#2504,#2505,#2506);
#2504 = CARTESIAN_POINT('',(257.7646811953,79.538475772934,18.));
#2505 = DIRECTION('',(0.,0.,1.));
#2506 = DIRECTION('',(0.866025403784,0.5,0.));
#2507 = ( GEOMETRIC_REPRESENTATION_CONTEXT(3) 
GLOBAL_UNCERTAINTY_ASSIGNED_CONTEXT((#2511)) 
GLOBAL_UNIT_ASSIGNED_CONTEXT((#2508,#2509,#2510)) REPRESENTATION_CONTEXT
('Context #1','3D Context with UNIT and UNCERTAINTY') );
#2508 = ( LENGTH_UNIT() NAMED_UNIT(*) SI_UNIT(.MILLI.,.METRE.) );
#2509 = ( NAMED_UNIT(*) PLANE_ANGLE_UNIT() SI_UNIT($,.RADIAN.) );
#2510 = ( NAMED_UNIT(*) SI_UNIT($,.STERADIAN.) SOLID_ANGLE_UNIT() );
#2511 = UNCERTAINTY_MEASURE_WITH_UNIT(LENGTH_MEASURE(1.E-07),#2508,
  'distance_accuracy_value','confusion accuracy');
#2512 = CONTEXT_DEPENDENT_SHAPE_REPRESENTATION(#2513,#2515);
#2513 = ( REPRESENTATION_RELATIONSHIP('','',#2356,#10) 
REPRESENTATION_RELATIONSHIP_WITH_TRANSFORMATION(#2514) 
SHAPE_REPRESENTATION_RELATIONSHIP() );
#2514 = ITEM_DEFINED_TRANSFORMATION('','',#11,#63);
#2515 = PRODUCT_DEFINITION_SHAPE('Placement','Placement of an item',
  #2516);
#2516 = NEXT_ASSEMBLY_USAGE_OCCURRENCE('13','P13 Foot shoe 30','',#5,
  #2351,$);
#2517 = PRODUCT_RELATED_PRODUCT_CATEGORY('part',$,(#2353));
#2518 = SHAPE_DEFINITION_REPRESENTATION(#2519,#2525);
#2519 = PRODUCT_DEFINITION_SHAPE('','',#2520);
#2520 = PRODUCT_DEFINITION('design','',#2521,#2524);
#2521 = PRODUCT_DEFINITION_FORMATION('','',#2522);
#2522 = PRODUCT('P14 Arched blade 150 / maple segment 1',
  'P14 Arched blade 150 / maple segment 1','',(#2523));
#2523 = PRODUCT_CONTEXT('',#2,'mechanical');
#2524 = PRODUCT_DEFINITION_CONTEXT('part definition',#2,'design');
#2525 = ADVANCED_BREP_SHAPE_REPRESENTATION('',(#11,#2526),#2808);
#2526 = MANIFOLD_SOLID_BREP('',#2527);
#2527 = CLOSED_SHELL('',(#2528,#2600,#2631,#2655,#2679,#2703,#2727,#2751
    ,#2775,#2792));
#2528 = ADVANCED_FACE('',(#2529),#2595,.F.);
#2529 = FACE_BOUND('',#2530,.F.);
#2530 = EDGE_LOOP('',(#2531,#2541,#2549,#2557,#2565,#2573,#2581,#2589));
#2531 = ORIENTED_EDGE('',*,*,#2532,.F.);
#2532 = EDGE_CURVE('',#2533,#2535,#2537,.T.);
#2533 = VERTEX_POINT('',#2534);
#2534 = CARTESIAN_POINT('',(-199.4967320028,184.46152422706,18.));
#2535 = VERTEX_POINT('',#2536);
#2536 = CARTESIAN_POINT('',(-199.4967320028,184.46152422706,
    353.90524980688));
#2537 = LINE('',#2538,#2539);
#2538 = CARTESIAN_POINT('',(-199.4967320028,184.46152422706,18.));
#2539 = VECTOR('',#2540,1.);
#2540 = DIRECTION('',(0.,0.,1.));
#2541 = ORIENTED_EDGE('',*,*,#2542,.T.);
#2542 = EDGE_CURVE('',#2533,#2543,#2545,.T.);
#2543 = VERTEX_POINT('',#2544);
#2544 = CARTESIAN_POINT('',(-222.4967320028,144.62435565298,18.));
#2545 = LINE('',#2546,#2547);
#2546 = CARTESIAN_POINT('',(-199.4967320028,184.46152422706,18.));
#2547 = VECTOR('',#2548,1.);
#2548 = DIRECTION('',(-0.5,-0.866025403784,0.));
#2549 = ORIENTED_EDGE('',*,*,#2550,.T.);
#2550 = EDGE_CURVE('',#2543,#2551,#2553,.T.);
#2551 = VERTEX_POINT('',#2552);
#2552 = CARTESIAN_POINT('',(-222.4967320028,144.62435565298,284.));
#2553 = LINE('',#2554,#2555);
#2554 = CARTESIAN_POINT('',(-222.4967320028,144.62435565298,18.));
#2555 = VECTOR('',#2556,1.);
#2556 = DIRECTION('',(0.,0.,1.));
#2557 = ORIENTED_EDGE('',*,*,#2558,.F.);
#2558 = EDGE_CURVE('',#2559,#2551,#2561,.T.);
#2559 = VERTEX_POINT('',#2560);
#2560 = CARTESIAN_POINT('',(-236.4967320028,120.37564434701,284.));
#2561 = LINE('',#2562,#2563);
#2562 = CARTESIAN_POINT('',(-210.9967320028,164.54293994002,284.));
#2563 = VECTOR('',#2564,1.);
#2564 = DIRECTION('',(0.5,0.866025403784,0.));
#2565 = ORIENTED_EDGE('',*,*,#2566,.F.);
#2566 = EDGE_CURVE('',#2567,#2559,#2569,.T.);
#2567 = VERTEX_POINT('',#2568);
#2568 = CARTESIAN_POINT('',(-236.4967320028,120.37564434701,18.));
#2569 = LINE('',#2570,#2571);
#2570 = CARTESIAN_POINT('',(-236.4967320028,120.37564434701,18.));
#2571 = VECTOR('',#2572,1.);
#2572 = DIRECTION('',(0.,0.,1.));
#2573 = ORIENTED_EDGE('',*,*,#2574,.T.);
#2574 = EDGE_CURVE('',#2567,#2575,#2577,.T.);
#2575 = VERTEX_POINT('',#2576);
#2576 = CARTESIAN_POINT('',(-259.4967320028,80.538475772934,18.));
#2577 = LINE('',#2578,#2579);
#2578 = CARTESIAN_POINT('',(-199.4967320028,184.46152422706,18.));
#2579 = VECTOR('',#2580,1.);
#2580 = DIRECTION('',(-0.5,-0.866025403784,0.));
#2581 = ORIENTED_EDGE('',*,*,#2582,.T.);
#2582 = EDGE_CURVE('',#2575,#2583,#2585,.T.);
#2583 = VERTEX_POINT('',#2584);
#2584 = CARTESIAN_POINT('',(-259.4967320028,80.538475772934,
    353.90524980688));
#2585 = LINE('',#2586,#2587);
#2586 = CARTESIAN_POINT('',(-259.4967320028,80.538475772934,18.));
#2587 = VECTOR('',#2588,1.);
#2588 = DIRECTION('',(0.,0.,1.));
#2589 = ORIENTED_EDGE('',*,*,#2590,.F.);
#2590 = EDGE_CURVE('',#2535,#2583,#2591,.T.);
#2591 = LINE('',#2592,#2593);
#2592 = CARTESIAN_POINT('',(-199.4967320028,184.46152422706,
    353.90524980688));
#2593 = VECTOR('',#2594,1.);
#2594 = DIRECTION('',(-0.5,-0.866025403784,0.));
#2595 = PLANE('',#2596);
#2596 = AXIS2_PLACEMENT_3D('',#2597,#2598,#2599);
#2597 = CARTESIAN_POINT('',(-199.4967320028,184.46152422706,18.));
#2598 = DIRECTION('',(-0.866025403784,0.5,0.));
#2599 = DIRECTION('',(0.,0.,1.));
#2600 = ADVANCED_FACE('',(#2601),#2626,.F.);
#2601 = FACE_BOUND('',#2602,.F.);
#2602 = EDGE_LOOP('',(#2603,#2611,#2612,#2620));
#2603 = ORIENTED_EDGE('',*,*,#2604,.F.);
#2604 = EDGE_CURVE('',#2533,#2605,#2607,.T.);
#2605 = VERTEX_POINT('',#2606);
#2606 = CARTESIAN_POINT('',(-216.8172400785,194.46152422706,18.));
#2607 = LINE('',#2608,#2609);
#2608 = CARTESIAN_POINT('',(-199.4967320028,184.46152422706,18.));
#2609 = VECTOR('',#2610,1.);
#2610 = DIRECTION('',(-0.866025403784,0.5,0.));
#2611 = ORIENTED_EDGE('',*,*,#2532,.T.);
#2612 = ORIENTED_EDGE('',*,*,#2613,.T.);
#2613 = EDGE_CURVE('',#2535,#2614,#2616,.T.);
#2614 = VERTEX_POINT('',#2615);
#2615 = CARTESIAN_POINT('',(-216.8172400785,194.46152422706,
    353.90524980688));
#2616 = LINE('',#2617,#2618);
#2617 = CARTESIAN_POINT('',(-199.4967320028,184.46152422706,
    353.90524980688));
#2618 = VECTOR('',#2619,1.);
#2619 = DIRECTION('',(-0.866025403784,0.5,0.));
#2620 = ORIENTED_EDGE('',*,*,#2621,.F.);
#2621 = EDGE_CURVE('',#2605,#2614,#2622,.T.);
#2622 = LINE('',#2623,#2624);
#2623 = CARTESIAN_POINT('',(-216.8172400785,194.46152422706,18.));
#2624 = VECTOR('',#2625,1.);
#2625 = DIRECTION('',(0.,0.,1.));
#2626 = PLANE('',#2627);
#2627 = AXIS2_PLACEMENT_3D('',#2628,#2629,#2630);
#2628 = CARTESIAN_POINT('',(-199.4967320028,184.46152422706,18.));
#2629 = DIRECTION('',(-0.5,-0.866025403784,0.));
#2630 = DIRECTION('',(0.,0.,1.));
#2631 = ADVANCED_FACE('',(#2632),#2650,.T.);
#2632 = FACE_BOUND('',#2633,.T.);
#2633 = EDGE_LOOP('',(#2634,#2635,#2636,#2644));
#2634 = ORIENTED_EDGE('',*,*,#2590,.F.);
#2635 = ORIENTED_EDGE('',*,*,#2613,.T.);
#2636 = ORIENTED_EDGE('',*,*,#2637,.T.);
#2637 = EDGE_CURVE('',#2614,#2638,#2640,.T.);
#2638 = VERTEX_POINT('',#2639);
#2639 = CARTESIAN_POINT('',(-276.8172400785,90.538475772934,
    353.90524980688));
#2640 = LINE('',#2641,#2642);
#2641 = CARTESIAN_POINT('',(-216.8172400785,194.46152422706,
    353.90524980688));
#2642 = VECTOR('',#2643,1.);
#2643 = DIRECTION('',(-0.5,-0.866025403784,0.));
#2644 = ORIENTED_EDGE('',*,*,#2645,.F.);
#2645 = EDGE_CURVE('',#2583,#2638,#2646,.T.);
#2646 = LINE('',#2647,#2648);
#2647 = CARTESIAN_POINT('',(-259.4967320028,80.538475772934,
    353.90524980688));
#2648 = VECTOR('',#2649,1.);
#2649 = DIRECTION('',(-0.866025403784,0.5,0.));
#2650 = PLANE('',#2651);
#2651 = AXIS2_PLACEMENT_3D('',#2652,#2653,#2654);
#2652 = CARTESIAN_POINT('',(-199.4967320028,184.46152422706,
    353.90524980688));
#2653 = DIRECTION('',(0.,0.,1.));
#2654 = DIRECTION('',(-0.866025403784,0.5,0.));
#2655 = ADVANCED_FACE('',(#2656),#2674,.T.);
#2656 = FACE_BOUND('',#2657,.T.);
#2657 = EDGE_LOOP('',(#2658,#2666,#2667,#2668));
#2658 = ORIENTED_EDGE('',*,*,#2659,.F.);
#2659 = EDGE_CURVE('',#2575,#2660,#2662,.T.);
#2660 = VERTEX_POINT('',#2661);
#2661 = CARTESIAN_POINT('',(-276.8172400785,90.538475772934,18.));
#2662 = LINE('',#2663,#2664);
#2663 = CARTESIAN_POINT('',(-259.4967320028,80.538475772934,18.));
#2664 = VECTOR('',#2665,1.);
#2665 = DIRECTION('',(-0.866025403784,0.5,0.));
#2666 = ORIENTED_EDGE('',*,*,#2582,.T.);
#2667 = ORIENTED_EDGE('',*,*,#2645,.T.);
#2668 = ORIENTED_EDGE('',*,*,#2669,.F.);
#2669 = EDGE_CURVE('',#2660,#2638,#2670,.T.);
#2670 = LINE('',#2671,#2672);
#2671 = CARTESIAN_POINT('',(-276.8172400785,90.538475772934,18.));
#2672 = VECTOR('',#2673,1.);
#2673 = DIRECTION('',(0.,0.,1.));
#2674 = PLANE('',#2675);
#2675 = AXIS2_PLACEMENT_3D('',#2676,#2677,#2678);
#2676 = CARTESIAN_POINT('',(-259.4967320028,80.538475772934,18.));
#2677 = DIRECTION('',(-0.5,-0.866025403784,0.));
#2678 = DIRECTION('',(0.,0.,1.));
#2679 = ADVANCED_FACE('',(#2680),#2698,.F.);
#2680 = FACE_BOUND('',#2681,.F.);
#2681 = EDGE_LOOP('',(#2682,#2683,#2691,#2697));
#2682 = ORIENTED_EDGE('',*,*,#2574,.F.);
#2683 = ORIENTED_EDGE('',*,*,#2684,.T.);
#2684 = EDGE_CURVE('',#2567,#2685,#2687,.T.);
#2685 = VERTEX_POINT('',#2686);
#2686 = CARTESIAN_POINT('',(-253.8172400785,130.37564434701,18.));
#2687 = LINE('',#2688,#2689);
#2688 = CARTESIAN_POINT('',(-235.630706599,119.87564434701,18.));
#2689 = VECTOR('',#2690,1.);
#2690 = DIRECTION('',(-0.866025403784,0.5,0.));
#2691 = ORIENTED_EDGE('',*,*,#2692,.T.);
#2692 = EDGE_CURVE('',#2685,#2660,#2693,.T.);
#2693 = LINE('',#2694,#2695);
#2694 = CARTESIAN_POINT('',(-216.8172400785,194.46152422706,18.));
#2695 = VECTOR('',#2696,1.);
#2696 = DIRECTION('',(-0.5,-0.866025403784,0.));
#2697 = ORIENTED_EDGE('',*,*,#2659,.F.);
#2698 = PLANE('',#2699);
#2699 = AXIS2_PLACEMENT_3D('',#2700,#2701,#2702);
#2700 = CARTESIAN_POINT('',(-199.4967320028,184.46152422706,18.));
#2701 = DIRECTION('',(0.,0.,1.));
#2702 = DIRECTION('',(-0.866025403784,0.5,0.));
#2703 = ADVANCED_FACE('',(#2704),#2722,.F.);
#2704 = FACE_BOUND('',#2705,.F.);
#2705 = EDGE_LOOP('',(#2706,#2707,#2708,#2716));
#2706 = ORIENTED_EDGE('',*,*,#2684,.F.);
#2707 = ORIENTED_EDGE('',*,*,#2566,.T.);
#2708 = ORIENTED_EDGE('',*,*,#2709,.T.);
#2709 = EDGE_CURVE('',#2559,#2710,#2712,.T.);
#2710 = VERTEX_POINT('',#2711);
#2711 = CARTESIAN_POINT('',(-253.8172400785,130.37564434701,284.));
#2712 = LINE('',#2713,#2714);
#2713 = CARTESIAN_POINT('',(-235.630706599,119.87564434701,284.));
#2714 = VECTOR('',#2715,1.);
#2715 = DIRECTION('',(-0.866025403784,0.5,0.));
#2716 = ORIENTED_EDGE('',*,*,#2717,.F.);
#2717 = EDGE_CURVE('',#2685,#2710,#2718,.T.);
#2718 = LINE('',#2719,#2720);
#2719 = CARTESIAN_POINT('',(-253.8172400785,130.37564434701,18.));
#2720 = VECTOR('',#2721,1.);
#2721 = DIRECTION('',(0.,0.,1.));
#2722 = PLANE('',#2723);
#2723 = AXIS2_PLACEMENT_3D('',#2724,#2725,#2726);
#2724 = CARTESIAN_POINT('',(-235.630706599,119.87564434701,18.));
#2725 = DIRECTION('',(-0.5,-0.866025403784,0.));
#2726 = DIRECTION('',(0.,0.,1.));
#2727 = ADVANCED_FACE('',(#2728),#2746,.F.);
#2728 = FACE_BOUND('',#2729,.F.);
#2729 = EDGE_LOOP('',(#2730,#2731,#2732,#2740));
#2730 = ORIENTED_EDGE('',*,*,#2709,.F.);
#2731 = ORIENTED_EDGE('',*,*,#2558,.T.);
#2732 = ORIENTED_EDGE('',*,*,#2733,.T.);
#2733 = EDGE_CURVE('',#2551,#2734,#2736,.T.);
#2734 = VERTEX_POINT('',#2735);
#2735 = CARTESIAN_POINT('',(-239.8172400785,154.62435565298,284.));
#2736 = LINE('',#2737,#2738);
#2737 = CARTESIAN_POINT('',(-221.630706599,144.12435565298,284.));
#2738 = VECTOR('',#2739,1.);
#2739 = DIRECTION('',(-0.866025403784,0.5,0.));
#2740 = ORIENTED_EDGE('',*,*,#2741,.F.);
#2741 = EDGE_CURVE('',#2710,#2734,#2742,.T.);
#2742 = LINE('',#2743,#2744);
#2743 = CARTESIAN_POINT('',(-228.3172400785,174.54293994002,284.));
#2744 = VECTOR('',#2745,1.);
#2745 = DIRECTION('',(0.5,0.866025403784,0.));
#2746 = PLANE('',#2747);
#2747 = AXIS2_PLACEMENT_3D('',#2748,#2749,#2750);
#2748 = CARTESIAN_POINT('',(-221.630706599,144.12435565298,284.));
#2749 = DIRECTION('',(0.,0.,1.));
#2750 = DIRECTION('',(-0.866025403784,0.5,0.));
#2751 = ADVANCED_FACE('',(#2752),#2770,.T.);
#2752 = FACE_BOUND('',#2753,.T.);
#2753 = EDGE_LOOP('',(#2754,#2762,#2763,#2764));
#2754 = ORIENTED_EDGE('',*,*,#2755,.F.);
#2755 = EDGE_CURVE('',#2543,#2756,#2758,.T.);
#2756 = VERTEX_POINT('',#2757);
#2757 = CARTESIAN_POINT('',(-239.8172400785,154.62435565298,18.));
#2758 = LINE('',#2759,#2760);
#2759 = CARTESIAN_POINT('',(-221.630706599,144.12435565298,18.));
#2760 = VECTOR('',#2761,1.);
#2761 = DIRECTION('',(-0.866025403784,0.5,0.));
#2762 = ORIENTED_EDGE('',*,*,#2550,.T.);
#2763 = ORIENTED_EDGE('',*,*,#2733,.T.);
#2764 = ORIENTED_EDGE('',*,*,#2765,.F.);
#2765 = EDGE_CURVE('',#2756,#2734,#2766,.T.);
#2766 = LINE('',#2767,#2768);
#2767 = CARTESIAN_POINT('',(-239.8172400785,154.62435565298,18.));
#2768 = VECTOR('',#2769,1.);
#2769 = DIRECTION('',(0.,0.,1.));
#2770 = PLANE('',#2771);
#2771 = AXIS2_PLACEMENT_3D('',#2772,#2773,#2774);
#2772 = CARTESIAN_POINT('',(-221.630706599,144.12435565298,18.));
#2773 = DIRECTION('',(-0.5,-0.866025403784,0.));
#2774 = DIRECTION('',(0.,0.,1.));
#2775 = ADVANCED_FACE('',(#2776),#2787,.F.);
#2776 = FACE_BOUND('',#2777,.F.);
#2777 = EDGE_LOOP('',(#2778,#2779,#2780,#2786));
#2778 = ORIENTED_EDGE('',*,*,#2542,.F.);
#2779 = ORIENTED_EDGE('',*,*,#2604,.T.);
#2780 = ORIENTED_EDGE('',*,*,#2781,.T.);
#2781 = EDGE_CURVE('',#2605,#2756,#2782,.T.);
#2782 = LINE('',#2783,#2784);
#2783 = CARTESIAN_POINT('',(-216.8172400785,194.46152422706,18.));
#2784 = VECTOR('',#2785,1.);
#2785 = DIRECTION('',(-0.5,-0.866025403784,0.));
#2786 = ORIENTED_EDGE('',*,*,#2755,.F.);
#2787 = PLANE('',#2788);
#2788 = AXIS2_PLACEMENT_3D('',#2789,#2790,#2791);
#2789 = CARTESIAN_POINT('',(-199.4967320028,184.46152422706,18.));
#2790 = DIRECTION('',(0.,0.,1.));
#2791 = DIRECTION('',(-0.866025403784,0.5,0.));
#2792 = ADVANCED_FACE('',(#2793),#2803,.T.);
#2793 = FACE_BOUND('',#2794,.T.);
#2794 = EDGE_LOOP('',(#2795,#2796,#2797,#2798,#2799,#2800,#2801,#2802));
#2795 = ORIENTED_EDGE('',*,*,#2621,.F.);
#2796 = ORIENTED_EDGE('',*,*,#2781,.T.);
#2797 = ORIENTED_EDGE('',*,*,#2765,.T.);
#2798 = ORIENTED_EDGE('',*,*,#2741,.F.);
#2799 = ORIENTED_EDGE('',*,*,#2717,.F.);
#2800 = ORIENTED_EDGE('',*,*,#2692,.T.);
#2801 = ORIENTED_EDGE('',*,*,#2669,.T.);
#2802 = ORIENTED_EDGE('',*,*,#2637,.F.);
#2803 = PLANE('',#2804);
#2804 = AXIS2_PLACEMENT_3D('',#2805,#2806,#2807);
#2805 = CARTESIAN_POINT('',(-216.8172400785,194.46152422706,18.));
#2806 = DIRECTION('',(-0.866025403784,0.5,0.));
#2807 = DIRECTION('',(0.,0.,1.));
#2808 = ( GEOMETRIC_REPRESENTATION_CONTEXT(3) 
GLOBAL_UNCERTAINTY_ASSIGNED_CONTEXT((#2812)) 
GLOBAL_UNIT_ASSIGNED_CONTEXT((#2809,#2810,#2811)) REPRESENTATION_CONTEXT
('Context #1','3D Context with UNIT and UNCERTAINTY') );
#2809 = ( LENGTH_UNIT() NAMED_UNIT(*) SI_UNIT(.MILLI.,.METRE.) );
#2810 = ( NAMED_UNIT(*) PLANE_ANGLE_UNIT() SI_UNIT($,.RADIAN.) );
#2811 = ( NAMED_UNIT(*) SI_UNIT($,.STERADIAN.) SOLID_ANGLE_UNIT() );
#2812 = UNCERTAINTY_MEASURE_WITH_UNIT(LENGTH_MEASURE(1.E-07),#2809,
  'distance_accuracy_value','confusion accuracy');
#2813 = CONTEXT_DEPENDENT_SHAPE_REPRESENTATION(#2814,#2816);
#2814 = ( REPRESENTATION_RELATIONSHIP('','',#2525,#10) 
REPRESENTATION_RELATIONSHIP_WITH_TRANSFORMATION(#2815) 
SHAPE_REPRESENTATION_RELATIONSHIP() );
#2815 = ITEM_DEFINED_TRANSFORMATION('','',#11,#67);
#2816 = PRODUCT_DEFINITION_SHAPE('Placement','Placement of an item',
  #2817);
#2817 = NEXT_ASSEMBLY_USAGE_OCCURRENCE('14',
  'P14 Arched blade 150 / maple segment 1','',#5,#2520,$);
#2818 = PRODUCT_RELATED_PRODUCT_CATEGORY('part',$,(#2522));
#2819 = SHAPE_DEFINITION_REPRESENTATION(#2820,#2826);
#2820 = PRODUCT_DEFINITION_SHAPE('','',#2821);
#2821 = PRODUCT_DEFINITION('design','',#2822,#2825);
#2822 = PRODUCT_DEFINITION_FORMATION('','',#2823);
#2823 = PRODUCT('P15 Arched blade 150 / maple segment 2',
  'P15 Arched blade 150 / maple segment 2','',(#2824));
#2824 = PRODUCT_CONTEXT('',#2,'mechanical');
#2825 = PRODUCT_DEFINITION_CONTEXT('part definition',#2,'design');
#2826 = ADVANCED_BREP_SHAPE_REPRESENTATION('',(#11,#2827),#2977);
#2827 = MANIFOLD_SOLID_BREP('',#2828);
#2828 = CLOSED_SHELL('',(#2829,#2869,#2900,#2924,#2948,#2965));
#2829 = ADVANCED_FACE('',(#2830),#2864,.F.);
#2830 = FACE_BOUND('',#2831,.F.);
#2831 = EDGE_LOOP('',(#2832,#2842,#2850,#2858));
#2832 = ORIENTED_EDGE('',*,*,#2833,.F.);
#2833 = EDGE_CURVE('',#2834,#2836,#2838,.T.);
#2834 = VERTEX_POINT('',#2835);
#2835 = CARTESIAN_POINT('',(-199.4967320028,184.46152422706,
    367.90524980688));
#2836 = VERTEX_POINT('',#2837);
#2837 = CARTESIAN_POINT('',(-199.4967320028,184.46152422706,
    381.90524980688));
#2838 = LINE('',#2839,#2840);
#2839 = CARTESIAN_POINT('',(-199.4967320028,184.46152422706,18.));
#2840 = VECTOR('',#2841,1.);
#2841 = DIRECTION('',(0.,0.,1.));
#2842 = ORIENTED_EDGE('',*,*,#2843,.T.);
#2843 = EDGE_CURVE('',#2834,#2844,#2846,.T.);
#2844 = VERTEX_POINT('',#2845);
#2845 = CARTESIAN_POINT('',(-259.4967320028,80.538475772934,
    367.90524980688));
#2846 = LINE('',#2847,#2848);
#2847 = CARTESIAN_POINT('',(-199.4967320028,184.46152422706,
    367.90524980688));
#2848 = VECTOR('',#2849,1.);
#2849 = DIRECTION('',(-0.5,-0.866025403784,0.));
#2850 = ORIENTED_EDGE('',*,*,#2851,.T.);
#2851 = EDGE_CURVE('',#2844,#2852,#2854,.T.);
#2852 = VERTEX_POINT('',#2853);
#2853 = CARTESIAN_POINT('',(-259.4967320028,80.538475772934,
    381.90524980688));
#2854 = LINE('',#2855,#2856);
#2855 = CARTESIAN_POINT('',(-259.4967320028,80.538475772934,18.));
#2856 = VECTOR('',#2857,1.);
#2857 = DIRECTION('',(0.,0.,1.));
#2858 = ORIENTED_EDGE('',*,*,#2859,.F.);
#2859 = EDGE_CURVE('',#2836,#2852,#2860,.T.);
#2860 = LINE('',#2861,#2862);
#2861 = CARTESIAN_POINT('',(-199.4967320028,184.46152422706,
    381.90524980688));
#2862 = VECTOR('',#2863,1.);
#2863 = DIRECTION('',(-0.5,-0.866025403784,0.));
#2864 = PLANE('',#2865);
#2865 = AXIS2_PLACEMENT_3D('',#2866,#2867,#2868);
#2866 = CARTESIAN_POINT('',(-199.4967320028,184.46152422706,18.));
#2867 = DIRECTION('',(-0.866025403784,0.5,0.));
#2868 = DIRECTION('',(0.,0.,1.));
#2869 = ADVANCED_FACE('',(#2870),#2895,.F.);
#2870 = FACE_BOUND('',#2871,.F.);
#2871 = EDGE_LOOP('',(#2872,#2880,#2881,#2889));
#2872 = ORIENTED_EDGE('',*,*,#2873,.F.);
#2873 = EDGE_CURVE('',#2834,#2874,#2876,.T.);
#2874 = VERTEX_POINT('',#2875);
#2875 = CARTESIAN_POINT('',(-216.8172400785,194.46152422706,
    367.90524980688));
#2876 = LINE('',#2877,#2878);
#2877 = CARTESIAN_POINT('',(-199.4967320028,184.46152422706,
    367.90524980688));
#2878 = VECTOR('',#2879,1.);
#2879 = DIRECTION('',(-0.866025403784,0.5,0.));
#2880 = ORIENTED_EDGE('',*,*,#2833,.T.);
#2881 = ORIENTED_EDGE('',*,*,#2882,.T.);
#2882 = EDGE_CURVE('',#2836,#2883,#2885,.T.);
#2883 = VERTEX_POINT('',#2884);
#2884 = CARTESIAN_POINT('',(-216.8172400785,194.46152422706,
    381.90524980688));
#2885 = LINE('',#2886,#2887);
#2886 = CARTESIAN_POINT('',(-199.4967320028,184.46152422706,
    381.90524980688));
#2887 = VECTOR('',#2888,1.);
#2888 = DIRECTION('',(-0.866025403784,0.5,0.));
#2889 = ORIENTED_EDGE('',*,*,#2890,.F.);
#2890 = EDGE_CURVE('',#2874,#2883,#2891,.T.);
#2891 = LINE('',#2892,#2893);
#2892 = CARTESIAN_POINT('',(-216.8172400785,194.46152422706,18.));
#2893 = VECTOR('',#2894,1.);
#2894 = DIRECTION('',(0.,0.,1.));
#2895 = PLANE('',#2896);
#2896 = AXIS2_PLACEMENT_3D('',#2897,#2898,#2899);
#2897 = CARTESIAN_POINT('',(-199.4967320028,184.46152422706,18.));
#2898 = DIRECTION('',(-0.5,-0.866025403784,0.));
#2899 = DIRECTION('',(0.,0.,1.));
#2900 = ADVANCED_FACE('',(#2901),#2919,.T.);
#2901 = FACE_BOUND('',#2902,.T.);
#2902 = EDGE_LOOP('',(#2903,#2904,#2905,#2913));
#2903 = ORIENTED_EDGE('',*,*,#2859,.F.);
#2904 = ORIENTED_EDGE('',*,*,#2882,.T.);
#2905 = ORIENTED_EDGE('',*,*,#2906,.T.);
#2906 = EDGE_CURVE('',#2883,#2907,#2909,.T.);
#2907 = VERTEX_POINT('',#2908);
#2908 = CARTESIAN_POINT('',(-276.8172400785,90.538475772934,
    381.90524980688));
#2909 = LINE('',#2910,#2911);
#2910 = CARTESIAN_POINT('',(-216.8172400785,194.46152422706,
    381.90524980688));
#2911 = VECTOR('',#2912,1.);
#2912 = DIRECTION('',(-0.5,-0.866025403784,0.));
#2913 = ORIENTED_EDGE('',*,*,#2914,.F.);
#2914 = EDGE_CURVE('',#2852,#2907,#2915,.T.);
#2915 = LINE('',#2916,#2917);
#2916 = CARTESIAN_POINT('',(-259.4967320028,80.538475772934,
    381.90524980688));
#2917 = VECTOR('',#2918,1.);
#2918 = DIRECTION('',(-0.866025403784,0.5,0.));
#2919 = PLANE('',#2920);
#2920 = AXIS2_PLACEMENT_3D('',#2921,#2922,#2923);
#2921 = CARTESIAN_POINT('',(-199.4967320028,184.46152422706,
    381.90524980688));
#2922 = DIRECTION('',(0.,0.,1.));
#2923 = DIRECTION('',(-0.866025403784,0.5,0.));
#2924 = ADVANCED_FACE('',(#2925),#2943,.T.);
#2925 = FACE_BOUND('',#2926,.T.);
#2926 = EDGE_LOOP('',(#2927,#2935,#2936,#2937));
#2927 = ORIENTED_EDGE('',*,*,#2928,.F.);
#2928 = EDGE_CURVE('',#2844,#2929,#2931,.T.);
#2929 = VERTEX_POINT('',#2930);
#2930 = CARTESIAN_POINT('',(-276.8172400785,90.538475772934,
    367.90524980688));
#2931 = LINE('',#2932,#2933);
#2932 = CARTESIAN_POINT('',(-259.4967320028,80.538475772934,
    367.90524980688));
#2933 = VECTOR('',#2934,1.);
#2934 = DIRECTION('',(-0.866025403784,0.5,0.));
#2935 = ORIENTED_EDGE('',*,*,#2851,.T.);
#2936 = ORIENTED_EDGE('',*,*,#2914,.T.);
#2937 = ORIENTED_EDGE('',*,*,#2938,.F.);
#2938 = EDGE_CURVE('',#2929,#2907,#2939,.T.);
#2939 = LINE('',#2940,#2941);
#2940 = CARTESIAN_POINT('',(-276.8172400785,90.538475772934,18.));
#2941 = VECTOR('',#2942,1.);
#2942 = DIRECTION('',(0.,0.,1.));
#2943 = PLANE('',#2944);
#2944 = AXIS2_PLACEMENT_3D('',#2945,#2946,#2947);
#2945 = CARTESIAN_POINT('',(-259.4967320028,80.538475772934,18.));
#2946 = DIRECTION('',(-0.5,-0.866025403784,0.));
#2947 = DIRECTION('',(0.,0.,1.));
#2948 = ADVANCED_FACE('',(#2949),#2960,.F.);
#2949 = FACE_BOUND('',#2950,.F.);
#2950 = EDGE_LOOP('',(#2951,#2952,#2953,#2959));
#2951 = ORIENTED_EDGE('',*,*,#2843,.F.);
#2952 = ORIENTED_EDGE('',*,*,#2873,.T.);
#2953 = ORIENTED_EDGE('',*,*,#2954,.T.);
#2954 = EDGE_CURVE('',#2874,#2929,#2955,.T.);
#2955 = LINE('',#2956,#2957);
#2956 = CARTESIAN_POINT('',(-216.8172400785,194.46152422706,
    367.90524980688));
#2957 = VECTOR('',#2958,1.);
#2958 = DIRECTION('',(-0.5,-0.866025403784,0.));
#2959 = ORIENTED_EDGE('',*,*,#2928,.F.);
#2960 = PLANE('',#2961);
#2961 = AXIS2_PLACEMENT_3D('',#2962,#2963,#2964);
#2962 = CARTESIAN_POINT('',(-199.4967320028,184.46152422706,
    367.90524980688));
#2963 = DIRECTION('',(0.,0.,1.));
#2964 = DIRECTION('',(-0.866025403784,0.5,0.));
#2965 = ADVANCED_FACE('',(#2966),#2972,.T.);
#2966 = FACE_BOUND('',#2967,.T.);
#2967 = EDGE_LOOP('',(#2968,#2969,#2970,#2971));
#2968 = ORIENTED_EDGE('',*,*,#2890,.F.);
#2969 = ORIENTED_EDGE('',*,*,#2954,.T.);
#2970 = ORIENTED_EDGE('',*,*,#2938,.T.);
#2971 = ORIENTED_EDGE('',*,*,#2906,.F.);
#2972 = PLANE('',#2973);
#2973 = AXIS2_PLACEMENT_3D('',#2974,#2975,#2976);
#2974 = CARTESIAN_POINT('',(-216.8172400785,194.46152422706,18.));
#2975 = DIRECTION('',(-0.866025403784,0.5,0.));
#2976 = DIRECTION('',(0.,0.,1.));
#2977 = ( GEOMETRIC_REPRESENTATION_CONTEXT(3) 
GLOBAL_UNCERTAINTY_ASSIGNED_CONTEXT((#2981)) 
GLOBAL_UNIT_ASSIGNED_CONTEXT((#2978,#2979,#2980)) REPRESENTATION_CONTEXT
('Context #1','3D Context with UNIT and UNCERTAINTY') );
#2978 = ( LENGTH_UNIT() NAMED_UNIT(*) SI_UNIT(.MILLI.,.METRE.) );
#2979 = ( NAMED_UNIT(*) PLANE_ANGLE_UNIT() SI_UNIT($,.RADIAN.) );
#2980 = ( NAMED_UNIT(*) SI_UNIT($,.STERADIAN.) SOLID_ANGLE_UNIT() );
#2981 = UNCERTAINTY_MEASURE_WITH_UNIT(LENGTH_MEASURE(1.E-07),#2978,
  'distance_accuracy_value','confusion accuracy');
#2982 = CONTEXT_DEPENDENT_SHAPE_REPRESENTATION(#2983,#2985);
#2983 = ( REPRESENTATION_RELATIONSHIP('','',#2826,#10) 
REPRESENTATION_RELATIONSHIP_WITH_TRANSFORMATION(#2984) 
SHAPE_REPRESENTATION_RELATIONSHIP() );
#2984 = ITEM_DEFINED_TRANSFORMATION('','',#11,#71);
#2985 = PRODUCT_DEFINITION_SHAPE('Placement','Placement of an item',
  #2986);
#2986 = NEXT_ASSEMBLY_USAGE_OCCURRENCE('15',
  'P15 Arched blade 150 / maple segment 2','',#5,#2821,$);
#2987 = PRODUCT_RELATED_PRODUCT_CATEGORY('part',$,(#2823));
#2988 = SHAPE_DEFINITION_REPRESENTATION(#2989,#2995);
#2989 = PRODUCT_DEFINITION_SHAPE('','',#2990);
#2990 = PRODUCT_DEFINITION('design','',#2991,#2994);
#2991 = PRODUCT_DEFINITION_FORMATION('','',#2992);
#2992 = PRODUCT('P16 Arched blade 150 / maple segment 3',
  'P16 Arched blade 150 / maple segment 3','',(#2993));
#2993 = PRODUCT_CONTEXT('',#2,'mechanical');
#2994 = PRODUCT_DEFINITION_CONTEXT('part definition',#2,'design');
#2995 = ADVANCED_BREP_SHAPE_REPRESENTATION('',(#11,#2996),#3216);
#2996 = MANIFOLD_SOLID_BREP('',#2997);
#2997 = CLOSED_SHELL('',(#2998,#3038,#3069,#3100,#3133,#3166,#3188,#3202
    ));
#2998 = ADVANCED_FACE('',(#2999),#3033,.T.);
#2999 = FACE_BOUND('',#3000,.T.);
#3000 = EDGE_LOOP('',(#3001,#3011,#3019,#3027));
#3001 = ORIENTED_EDGE('',*,*,#3002,.F.);
#3002 = EDGE_CURVE('',#3003,#3005,#3007,.T.);
#3003 = VERTEX_POINT('',#3004);
#3004 = CARTESIAN_POINT('',(-259.4967320028,80.538475772934,
    395.90524980688));
#3005 = VERTEX_POINT('',#3006);
#3006 = CARTESIAN_POINT('',(-276.8172400785,90.538475772934,
    395.90524980688));
#3007 = LINE('',#3008,#3009);
#3008 = CARTESIAN_POINT('',(-259.4967320028,80.538475772934,
    395.90524980688));
#3009 = VECTOR('',#3010,1.);
#3010 = DIRECTION('',(-0.866025403784,0.5,0.));
#3011 = ORIENTED_EDGE('',*,*,#3012,.T.);
#3012 = EDGE_CURVE('',#3003,#3013,#3015,.T.);
#3013 = VERTEX_POINT('',#3014);
#3014 = CARTESIAN_POINT('',(-259.4967320028,80.538475772934,
    471.90524980688));
#3015 = LINE('',#3016,#3017);
#3016 = CARTESIAN_POINT('',(-259.4967320028,80.538475772934,18.));
#3017 = VECTOR('',#3018,1.);
#3018 = DIRECTION('',(0.,0.,1.));
#3019 = ORIENTED_EDGE('',*,*,#3020,.T.);
#3020 = EDGE_CURVE('',#3013,#3021,#3023,.T.);
#3021 = VERTEX_POINT('',#3022);
#3022 = CARTESIAN_POINT('',(-276.8172400785,90.538475772934,
    471.90524980688));
#3023 = LINE('',#3024,#3025);
#3024 = CARTESIAN_POINT('',(-259.4967320028,80.538475772934,
    471.90524980688));
#3025 = VECTOR('',#3026,1.);
#3026 = DIRECTION('',(-0.866025403784,0.5,0.));
#3027 = ORIENTED_EDGE('',*,*,#3028,.F.);
#3028 = EDGE_CURVE('',#3005,#3021,#3029,.T.);
#3029 = LINE('',#3030,#3031);
#3030 = CARTESIAN_POINT('',(-276.8172400785,90.538475772934,18.));
#3031 = VECTOR('',#3032,1.);
#3032 = DIRECTION('',(0.,0.,1.));
#3033 = PLANE('',#3034);
#3034 = AXIS2_PLACEMENT_3D('',#3035,#3036,#3037);
#3035 = CARTESIAN_POINT('',(-259.4967320028,80.538475772934,18.));
#3036 = DIRECTION('',(-0.5,-0.866025403784,0.));
#3037 = DIRECTION('',(0.,0.,1.));
#3038 = ADVANCED_FACE('',(#3039),#3064,.F.);
#3039 = FACE_BOUND('',#3040,.F.);
#3040 = EDGE_LOOP('',(#3041,#3049,#3057,#3063));
#3041 = ORIENTED_EDGE('',*,*,#3042,.F.);
#3042 = EDGE_CURVE('',#3043,#3003,#3045,.T.);
#3043 = VERTEX_POINT('',#3044);
#3044 = CARTESIAN_POINT('',(-199.4967320028,184.46152422706,
    395.90524980688));
#3045 = LINE('',#3046,#3047);
#3046 = CARTESIAN_POINT('',(-199.4967320028,184.46152422706,
    395.90524980688));
#3047 = VECTOR('',#3048,1.);
#3048 = DIRECTION('',(-0.5,-0.866025403784,0.));
#3049 = ORIENTED_EDGE('',*,*,#3050,.T.);
#3050 = EDGE_CURVE('',#3043,#3051,#3053,.T.);
#3051 = VERTEX_POINT('',#3052);
#3052 = CARTESIAN_POINT('',(-216.8172400785,194.46152422706,
    395.90524980688));
#3053 = LINE('',#3054,#3055);
#3054 = CARTESIAN_POINT('',(-199.4967320028,184.46152422706,
    395.90524980688));
#3055 = VECTOR('',#3056,1.);
#3056 = DIRECTION('',(-0.866025403784,0.5,0.));
#3057 = ORIENTED_EDGE('',*,*,#3058,.T.);
#3058 = EDGE_CURVE('',#3051,#3005,#3059,.T.);
#3059 = LINE('',#3060,#3061);
#3060 = CARTESIAN_POINT('',(-216.8172400785,194.46152422706,
    395.90524980688));
#3061 = VECTOR('',#3062,1.);
#3062 = DIRECTION('',(-0.5,-0.866025403784,0.));
#3063 = ORIENTED_EDGE('',*,*,#3002,.F.);
#3064 = PLANE('',#3065);
#3065 = AXIS2_PLACEMENT_3D('',#3066,#3067,#3068);
#3066 = CARTESIAN_POINT('',(-199.4967320028,184.46152422706,
    395.90524980688));
#3067 = DIRECTION('',(0.,0.,1.));
#3068 = DIRECTION('',(-0.866025403784,0.5,0.));
#3069 = ADVANCED_FACE('',(#3070),#3095,.F.);
#3070 = FACE_BOUND('',#3071,.F.);
#3071 = EDGE_LOOP('',(#3072,#3073,#3081,#3089));
#3072 = ORIENTED_EDGE('',*,*,#3050,.F.);
#3073 = ORIENTED_EDGE('',*,*,#3074,.T.);
#3074 = EDGE_CURVE('',#3043,#3075,#3077,.T.);
#3075 = VERTEX_POINT('',#3076);
#3076 = CARTESIAN_POINT('',(-199.4967320028,184.46152422706,
    471.90524980688));
#3077 = LINE('',#3078,#3079);
#3078 = CARTESIAN_POINT('',(-199.4967320028,184.46152422706,18.));
#3079 = VECTOR('',#3080,1.);
#3080 = DIRECTION('',(0.,0.,1.));
#3081 = ORIENTED_EDGE('',*,*,#3082,.T.);
#3082 = EDGE_CURVE('',#3075,#3083,#3085,.T.);
#3083 = VERTEX_POINT('',#3084);
#3084 = CARTESIAN_POINT('',(-216.8172400785,194.46152422706,
    471.90524980688));
#3085 = LINE('',#3086,#3087);
#3086 = CARTESIAN_POINT('',(-199.4967320028,184.46152422706,
    471.90524980688));
#3087 = VECTOR('',#3088,1.);
#3088 = DIRECTION('',(-0.866025403784,0.5,0.));
#3089 = ORIENTED_EDGE('',*,*,#3090,.F.);
#3090 = EDGE_CURVE('',#3051,#3083,#3091,.T.);
#3091 = LINE('',#3092,#3093);
#3092 = CARTESIAN_POINT('',(-216.8172400785,194.46152422706,18.));
#3093 = VECTOR('',#3094,1.);
#3094 = DIRECTION('',(0.,0.,1.));
#3095 = PLANE('',#3096);
#3096 = AXIS2_PLACEMENT_3D('',#3097,#3098,#3099);
#3097 = CARTESIAN_POINT('',(-199.4967320028,184.46152422706,18.));
#3098 = DIRECTION('',(-0.5,-0.866025403784,0.));
#3099 = DIRECTION('',(0.,0.,1.));
#3100 = ADVANCED_FACE('',(#3101),#3128,.T.);
#3101 = FACE_BOUND('',#3102,.T.);
#3102 = EDGE_LOOP('',(#3103,#3112,#3120,#3127));
#3103 = ORIENTED_EDGE('',*,*,#3104,.F.);
#3104 = EDGE_CURVE('',#3105,#3083,#3107,.T.);
#3105 = VERTEX_POINT('',#3106);
#3106 = CARTESIAN_POINT('',(-239.3172400785,155.49038105676,530.));
#3107 = CIRCLE('',#3108,60.);
#3108 = AXIS2_PLACEMENT_3D('',#3109,#3110,#3111);
#3109 = CARTESIAN_POINT('',(-246.8172400785,142.5,471.90524980688));
#3110 = DIRECTION('',(-0.866025403784,0.5,0.));
#3111 = DIRECTION('',(0.,0.,1.));
#3112 = ORIENTED_EDGE('',*,*,#3113,.F.);
#3113 = EDGE_CURVE('',#3114,#3105,#3116,.T.);
#3114 = VERTEX_POINT('',#3115);
#3115 = CARTESIAN_POINT('',(-221.9967320028,145.49038105676,530.));
#3116 = LINE('',#3117,#3118);
#3117 = CARTESIAN_POINT('',(-221.9967320028,145.49038105676,530.));
#3118 = VECTOR('',#3119,1.);
#3119 = DIRECTION('',(-0.866025403784,0.5,0.));
#3120 = ORIENTED_EDGE('',*,*,#3121,.T.);
#3121 = EDGE_CURVE('',#3114,#3075,#3122,.T.);
#3122 = CIRCLE('',#3123,60.);
#3123 = AXIS2_PLACEMENT_3D('',#3124,#3125,#3126);
#3124 = CARTESIAN_POINT('',(-229.4967320028,132.5,471.90524980688));
#3125 = DIRECTION('',(-0.866025403784,0.5,0.));
#3126 = DIRECTION('',(0.,0.,1.));
#3127 = ORIENTED_EDGE('',*,*,#3082,.T.);
#3128 = CYLINDRICAL_SURFACE('',#3129,60.);
#3129 = AXIS2_PLACEMENT_3D('',#3130,#3131,#3132);
#3130 = CARTESIAN_POINT('',(-229.4967320028,132.5,471.90524980688));
#3131 = DIRECTION('',(-0.866025403784,0.5,0.));
#3132 = DIRECTION('',(0.,0.,1.));
#3133 = ADVANCED_FACE('',(#3134),#3161,.T.);
#3134 = FACE_BOUND('',#3135,.T.);
#3135 = EDGE_LOOP('',(#3136,#3146,#3153,#3154));
#3136 = ORIENTED_EDGE('',*,*,#3137,.T.);
#3137 = EDGE_CURVE('',#3138,#3140,#3142,.T.);
#3138 = VERTEX_POINT('',#3139);
#3139 = CARTESIAN_POINT('',(-236.9967320028,119.50961894323,530.));
#3140 = VERTEX_POINT('',#3141);
#3141 = CARTESIAN_POINT('',(-254.3172400785,129.50961894323,530.));
#3142 = LINE('',#3143,#3144);
#3143 = CARTESIAN_POINT('',(-236.9967320028,119.50961894323,530.));
#3144 = VECTOR('',#3145,1.);
#3145 = DIRECTION('',(-0.866025403784,0.5,0.));
#3146 = ORIENTED_EDGE('',*,*,#3147,.F.);
#3147 = EDGE_CURVE('',#3021,#3140,#3148,.T.);
#3148 = CIRCLE('',#3149,60.);
#3149 = AXIS2_PLACEMENT_3D('',#3150,#3151,#3152);
#3150 = CARTESIAN_POINT('',(-246.8172400785,142.5,471.90524980688));
#3151 = DIRECTION('',(-0.866025403784,0.5,0.));
#3152 = DIRECTION('',(0.,0.,1.));
#3153 = ORIENTED_EDGE('',*,*,#3020,.F.);
#3154 = ORIENTED_EDGE('',*,*,#3155,.T.);
#3155 = EDGE_CURVE('',#3013,#3138,#3156,.T.);
#3156 = CIRCLE('',#3157,60.);
#3157 = AXIS2_PLACEMENT_3D('',#3158,#3159,#3160);
#3158 = CARTESIAN_POINT('',(-229.4967320028,132.5,471.90524980688));
#3159 = DIRECTION('',(-0.866025403784,0.5,0.));
#3160 = DIRECTION('',(0.,0.,1.));
#3161 = CYLINDRICAL_SURFACE('',#3162,60.);
#3162 = AXIS2_PLACEMENT_3D('',#3163,#3164,#3165);
#3163 = CARTESIAN_POINT('',(-229.4967320028,132.5,471.90524980688));
#3164 = DIRECTION('',(-0.866025403784,0.5,0.));
#3165 = DIRECTION('',(0.,0.,1.));
#3166 = ADVANCED_FACE('',(#3167),#3183,.T.);
#3167 = FACE_BOUND('',#3168,.T.);
#3168 = EDGE_LOOP('',(#3169,#3175,#3176,#3182));
#3169 = ORIENTED_EDGE('',*,*,#3170,.F.);
#3170 = EDGE_CURVE('',#3114,#3138,#3171,.T.);
#3171 = LINE('',#3172,#3173);
#3172 = CARTESIAN_POINT('',(-199.4967320028,184.46152422706,530.));
#3173 = VECTOR('',#3174,1.);
#3174 = DIRECTION('',(-0.5,-0.866025403784,0.));
#3175 = ORIENTED_EDGE('',*,*,#3113,.T.);
#3176 = ORIENTED_EDGE('',*,*,#3177,.T.);
#3177 = EDGE_CURVE('',#3105,#3140,#3178,.T.);
#3178 = LINE('',#3179,#3180);
#3179 = CARTESIAN_POINT('',(-216.8172400785,194.46152422706,530.));
#3180 = VECTOR('',#3181,1.);
#3181 = DIRECTION('',(-0.5,-0.866025403784,0.));
#3182 = ORIENTED_EDGE('',*,*,#3137,.F.);
#3183 = PLANE('',#3184);
#3184 = AXIS2_PLACEMENT_3D('',#3185,#3186,#3187);
#3185 = CARTESIAN_POINT('',(-199.4967320028,184.46152422706,530.));
#3186 = DIRECTION('',(0.,0.,1.));
#3187 = DIRECTION('',(-0.866025403784,0.5,0.));
#3188 = ADVANCED_FACE('',(#3189),#3197,.T.);
#3189 = FACE_BOUND('',#3190,.T.);
#3190 = EDGE_LOOP('',(#3191,#3192,#3193,#3194,#3195,#3196));
#3191 = ORIENTED_EDGE('',*,*,#3074,.T.);
#3192 = ORIENTED_EDGE('',*,*,#3121,.F.);
#3193 = ORIENTED_EDGE('',*,*,#3170,.T.);
#3194 = ORIENTED_EDGE('',*,*,#3155,.F.);
#3195 = ORIENTED_EDGE('',*,*,#3012,.F.);
#3196 = ORIENTED_EDGE('',*,*,#3042,.F.);
#3197 = PLANE('',#3198);
#3198 = AXIS2_PLACEMENT_3D('',#3199,#3200,#3201);
#3199 = CARTESIAN_POINT('',(-229.4967320028,132.5,454.72751870174));
#3200 = DIRECTION('',(0.866025403784,-0.5,0.));
#3201 = DIRECTION('',(0.5,0.866025403784,0.));
#3202 = ADVANCED_FACE('',(#3203),#3211,.T.);
#3203 = FACE_BOUND('',#3204,.T.);
#3204 = EDGE_LOOP('',(#3205,#3206,#3207,#3208,#3209,#3210));
#3205 = ORIENTED_EDGE('',*,*,#3090,.F.);
#3206 = ORIENTED_EDGE('',*,*,#3058,.T.);
#3207 = ORIENTED_EDGE('',*,*,#3028,.T.);
#3208 = ORIENTED_EDGE('',*,*,#3147,.T.);
#3209 = ORIENTED_EDGE('',*,*,#3177,.F.);
#3210 = ORIENTED_EDGE('',*,*,#3104,.T.);
#3211 = PLANE('',#3212);
#3212 = AXIS2_PLACEMENT_3D('',#3213,#3214,#3215);
#3213 = CARTESIAN_POINT('',(-246.8172400785,142.5,454.72751870174));
#3214 = DIRECTION('',(-0.866025403784,0.5,-0.));
#3215 = DIRECTION('',(-0.5,-0.866025403784,0.));
#3216 = ( GEOMETRIC_REPRESENTATION_CONTEXT(3) 
GLOBAL_UNCERTAINTY_ASSIGNED_CONTEXT((#3220)) 
GLOBAL_UNIT_ASSIGNED_CONTEXT((#3217,#3218,#3219)) REPRESENTATION_CONTEXT
('Context #1','3D Context with UNIT and UNCERTAINTY') );
#3217 = ( LENGTH_UNIT() NAMED_UNIT(*) SI_UNIT(.MILLI.,.METRE.) );
#3218 = ( NAMED_UNIT(*) PLANE_ANGLE_UNIT() SI_UNIT($,.RADIAN.) );
#3219 = ( NAMED_UNIT(*) SI_UNIT($,.STERADIAN.) SOLID_ANGLE_UNIT() );
#3220 = UNCERTAINTY_MEASURE_WITH_UNIT(LENGTH_MEASURE(1.E-07),#3217,
  'distance_accuracy_value','confusion accuracy');
#3221 = CONTEXT_DEPENDENT_SHAPE_REPRESENTATION(#3222,#3224);
#3222 = ( REPRESENTATION_RELATIONSHIP('','',#2995,#10) 
REPRESENTATION_RELATIONSHIP_WITH_TRANSFORMATION(#3223) 
SHAPE_REPRESENTATION_RELATIONSHIP() );
#3223 = ITEM_DEFINED_TRANSFORMATION('','',#11,#75);
#3224 = PRODUCT_DEFINITION_SHAPE('Placement','Placement of an item',
  #3225);
#3225 = NEXT_ASSEMBLY_USAGE_OCCURRENCE('16',
  'P16 Arched blade 150 / maple segment 3','',#5,#2990,$);
#3226 = PRODUCT_RELATED_PRODUCT_CATEGORY('part',$,(#2992));
#3227 = SHAPE_DEFINITION_REPRESENTATION(#3228,#3234);
#3228 = PRODUCT_DEFINITION_SHAPE('','',#3229);
#3229 = PRODUCT_DEFINITION('design','',#3230,#3233);
#3230 = PRODUCT_DEFINITION_FORMATION('','',#3231);
#3231 = PRODUCT('P17 Slot jamb 150 / -1','P17 Slot jamb 150 / -1','',(
    #3232));
#3232 = PRODUCT_CONTEXT('',#2,'mechanical');
#3233 = PRODUCT_DEFINITION_CONTEXT('part definition',#2,'design');
#3234 = ADVANCED_BREP_SHAPE_REPRESENTATION('',(#11,#3235),#3385);
#3235 = MANIFOLD_SOLID_BREP('',#3236);
#3236 = CLOSED_SHELL('',(#3237,#3277,#3317,#3339,#3361,#3373));
#3237 = ADVANCED_FACE('',(#3238),#3272,.F.);
#3238 = FACE_BOUND('',#3239,.F.);
#3239 = EDGE_LOOP('',(#3240,#3250,#3258,#3266));
#3240 = ORIENTED_EDGE('',*,*,#3241,.F.);
#3241 = EDGE_CURVE('',#3242,#3244,#3246,.T.);
#3242 = VERTEX_POINT('',#3243);
#3243 = CARTESIAN_POINT('',(-222.4967320028,144.62435565298,18.));
#3244 = VERTEX_POINT('',#3245);
#3245 = CARTESIAN_POINT('',(-222.4967320028,144.62435565298,280.));
#3246 = LINE('',#3247,#3248);
#3247 = CARTESIAN_POINT('',(-222.4967320028,144.62435565298,18.));
#3248 = VECTOR('',#3249,1.);
#3249 = DIRECTION('',(0.,0.,1.));
#3250 = ORIENTED_EDGE('',*,*,#3251,.T.);
#3251 = EDGE_CURVE('',#3242,#3252,#3254,.T.);
#3252 = VERTEX_POINT('',#3253);
#3253 = CARTESIAN_POINT('',(-224.4967320028,141.16025403784,18.));
#3254 = LINE('',#3255,#3256);
#3255 = CARTESIAN_POINT('',(-222.4967320028,144.62435565298,18.));
#3256 = VECTOR('',#3257,1.);
#3257 = DIRECTION('',(-0.5,-0.866025403784,0.));
#3258 = ORIENTED_EDGE('',*,*,#3259,.T.);
#3259 = EDGE_CURVE('',#3252,#3260,#3262,.T.);
#3260 = VERTEX_POINT('',#3261);
#3261 = CARTESIAN_POINT('',(-224.4967320028,141.16025403784,280.));
#3262 = LINE('',#3263,#3264);
#3263 = CARTESIAN_POINT('',(-224.4967320028,141.16025403784,18.));
#3264 = VECTOR('',#3265,1.);
#3265 = DIRECTION('',(0.,0.,1.));
#3266 = ORIENTED_EDGE('',*,*,#3267,.F.);
#3267 = EDGE_CURVE('',#3244,#3260,#3268,.T.);
#3268 = LINE('',#3269,#3270);
#3269 = CARTESIAN_POINT('',(-222.4967320028,144.62435565298,280.));
#3270 = VECTOR('',#3271,1.);
#3271 = DIRECTION('',(-0.5,-0.866025403784,0.));
#3272 = PLANE('',#3273);
#3273 = AXIS2_PLACEMENT_3D('',#3274,#3275,#3276);
#3274 = CARTESIAN_POINT('',(-222.4967320028,144.62435565298,18.));
#3275 = DIRECTION('',(-0.866025403784,0.5,0.));
#3276 = DIRECTION('',(0.,0.,1.));
#3277 = ADVANCED_FACE('',(#3278),#3312,.T.);
#3278 = FACE_BOUND('',#3279,.T.);
#3279 = EDGE_LOOP('',(#3280,#3290,#3298,#3306));
#3280 = ORIENTED_EDGE('',*,*,#3281,.F.);
#3281 = EDGE_CURVE('',#3282,#3284,#3286,.T.);
#3282 = VERTEX_POINT('',#3283);
#3283 = CARTESIAN_POINT('',(-239.8172400785,154.62435565298,18.));
#3284 = VERTEX_POINT('',#3285);
#3285 = CARTESIAN_POINT('',(-239.8172400785,154.62435565298,280.));
#3286 = LINE('',#3287,#3288);
#3287 = CARTESIAN_POINT('',(-239.8172400785,154.62435565298,18.));
#3288 = VECTOR('',#3289,1.);
#3289 = DIRECTION('',(0.,0.,1.));
#3290 = ORIENTED_EDGE('',*,*,#3291,.T.);
#3291 = EDGE_CURVE('',#3282,#3292,#3294,.T.);
#3292 = VERTEX_POINT('',#3293);
#3293 = CARTESIAN_POINT('',(-241.8172400785,151.16025403784,18.));
#3294 = LINE('',#3295,#3296);
#3295 = CARTESIAN_POINT('',(-239.8172400785,154.62435565298,18.));
#3296 = VECTOR('',#3297,1.);
#3297 = DIRECTION('',(-0.5,-0.866025403784,0.));
#3298 = ORIENTED_EDGE('',*,*,#3299,.T.);
#3299 = EDGE_CURVE('',#3292,#3300,#3302,.T.);
#3300 = VERTEX_POINT('',#3301);
#3301 = CARTESIAN_POINT('',(-241.8172400785,151.16025403784,280.));
#3302 = LINE('',#3303,#3304);
#3303 = CARTESIAN_POINT('',(-241.8172400785,151.16025403784,18.));
#3304 = VECTOR('',#3305,1.);
#3305 = DIRECTION('',(0.,0.,1.));
#3306 = ORIENTED_EDGE('',*,*,#3307,.F.);
#3307 = EDGE_CURVE('',#3284,#3300,#3308,.T.);
#3308 = LINE('',#3309,#3310);
#3309 = CARTESIAN_POINT('',(-239.8172400785,154.62435565298,280.));
#3310 = VECTOR('',#3311,1.);
#3311 = DIRECTION('',(-0.5,-0.866025403784,0.));
#3312 = PLANE('',#3313);
#3313 = AXIS2_PLACEMENT_3D('',#3314,#3315,#3316);
#3314 = CARTESIAN_POINT('',(-239.8172400785,154.62435565298,18.));
#3315 = DIRECTION('',(-0.866025403784,0.5,0.));
#3316 = DIRECTION('',(0.,0.,1.));
#3317 = ADVANCED_FACE('',(#3318),#3334,.F.);
#3318 = FACE_BOUND('',#3319,.F.);
#3319 = EDGE_LOOP('',(#3320,#3326,#3327,#3333));
#3320 = ORIENTED_EDGE('',*,*,#3321,.F.);
#3321 = EDGE_CURVE('',#3242,#3282,#3322,.T.);
#3322 = LINE('',#3323,#3324);
#3323 = CARTESIAN_POINT('',(-222.4967320028,144.62435565298,18.));
#3324 = VECTOR('',#3325,1.);
#3325 = DIRECTION('',(-0.866025403784,0.5,0.));
#3326 = ORIENTED_EDGE('',*,*,#3241,.T.);
#3327 = ORIENTED_EDGE('',*,*,#3328,.T.);
#3328 = EDGE_CURVE('',#3244,#3284,#3329,.T.);
#3329 = LINE('',#3330,#3331);
#3330 = CARTESIAN_POINT('',(-222.4967320028,144.62435565298,280.));
#3331 = VECTOR('',#3332,1.);
#3332 = DIRECTION('',(-0.866025403784,0.5,0.));
#3333 = ORIENTED_EDGE('',*,*,#3281,.F.);
#3334 = PLANE('',#3335);
#3335 = AXIS2_PLACEMENT_3D('',#3336,#3337,#3338);
#3336 = CARTESIAN_POINT('',(-222.4967320028,144.62435565298,18.));
#3337 = DIRECTION('',(-0.5,-0.866025403784,0.));
#3338 = DIRECTION('',(0.,0.,1.));
#3339 = ADVANCED_FACE('',(#3340),#3356,.T.);
#3340 = FACE_BOUND('',#3341,.T.);
#3341 = EDGE_LOOP('',(#3342,#3348,#3349,#3355));
#3342 = ORIENTED_EDGE('',*,*,#3343,.F.);
#3343 = EDGE_CURVE('',#3252,#3292,#3344,.T.);
#3344 = LINE('',#3345,#3346);
#3345 = CARTESIAN_POINT('',(-224.4967320028,141.16025403784,18.));
#3346 = VECTOR('',#3347,1.);
#3347 = DIRECTION('',(-0.866025403784,0.5,0.));
#3348 = ORIENTED_EDGE('',*,*,#3259,.T.);
#3349 = ORIENTED_EDGE('',*,*,#3350,.T.);
#3350 = EDGE_CURVE('',#3260,#3300,#3351,.T.);
#3351 = LINE('',#3352,#3353);
#3352 = CARTESIAN_POINT('',(-224.4967320028,141.16025403784,280.));
#3353 = VECTOR('',#3354,1.);
#3354 = DIRECTION('',(-0.866025403784,0.5,0.));
#3355 = ORIENTED_EDGE('',*,*,#3299,.F.);
#3356 = PLANE('',#3357);
#3357 = AXIS2_PLACEMENT_3D('',#3358,#3359,#3360);
#3358 = CARTESIAN_POINT('',(-224.4967320028,141.16025403784,18.));
#3359 = DIRECTION('',(-0.5,-0.866025403784,0.));
#3360 = DIRECTION('',(0.,0.,1.));
#3361 = ADVANCED_FACE('',(#3362),#3368,.F.);
#3362 = FACE_BOUND('',#3363,.F.);
#3363 = EDGE_LOOP('',(#3364,#3365,#3366,#3367));
#3364 = ORIENTED_EDGE('',*,*,#3251,.F.);
#3365 = ORIENTED_EDGE('',*,*,#3321,.T.);
#3366 = ORIENTED_EDGE('',*,*,#3291,.T.);
#3367 = ORIENTED_EDGE('',*,*,#3343,.F.);
#3368 = PLANE('',#3369);
#3369 = AXIS2_PLACEMENT_3D('',#3370,#3371,#3372);
#3370 = CARTESIAN_POINT('',(-222.4967320028,144.62435565298,18.));
#3371 = DIRECTION('',(0.,0.,1.));
#3372 = DIRECTION('',(-0.866025403784,0.5,0.));
#3373 = ADVANCED_FACE('',(#3374),#3380,.T.);
#3374 = FACE_BOUND('',#3375,.T.);
#3375 = EDGE_LOOP('',(#3376,#3377,#3378,#3379));
#3376 = ORIENTED_EDGE('',*,*,#3267,.F.);
#3377 = ORIENTED_EDGE('',*,*,#3328,.T.);
#3378 = ORIENTED_EDGE('',*,*,#3307,.T.);
#3379 = ORIENTED_EDGE('',*,*,#3350,.F.);
#3380 = PLANE('',#3381);
#3381 = AXIS2_PLACEMENT_3D('',#3382,#3383,#3384);
#3382 = CARTESIAN_POINT('',(-222.4967320028,144.62435565298,280.));
#3383 = DIRECTION('',(0.,0.,1.));
#3384 = DIRECTION('',(-0.866025403784,0.5,0.));
#3385 = ( GEOMETRIC_REPRESENTATION_CONTEXT(3) 
GLOBAL_UNCERTAINTY_ASSIGNED_CONTEXT((#3389)) 
GLOBAL_UNIT_ASSIGNED_CONTEXT((#3386,#3387,#3388)) REPRESENTATION_CONTEXT
('Context #1','3D Context with UNIT and UNCERTAINTY') );
#3386 = ( LENGTH_UNIT() NAMED_UNIT(*) SI_UNIT(.MILLI.,.METRE.) );
#3387 = ( NAMED_UNIT(*) PLANE_ANGLE_UNIT() SI_UNIT($,.RADIAN.) );
#3388 = ( NAMED_UNIT(*) SI_UNIT($,.STERADIAN.) SOLID_ANGLE_UNIT() );
#3389 = UNCERTAINTY_MEASURE_WITH_UNIT(LENGTH_MEASURE(1.E-07),#3386,
  'distance_accuracy_value','confusion accuracy');
#3390 = CONTEXT_DEPENDENT_SHAPE_REPRESENTATION(#3391,#3393);
#3391 = ( REPRESENTATION_RELATIONSHIP('','',#3234,#10) 
REPRESENTATION_RELATIONSHIP_WITH_TRANSFORMATION(#3392) 
SHAPE_REPRESENTATION_RELATIONSHIP() );
#3392 = ITEM_DEFINED_TRANSFORMATION('','',#11,#79);
#3393 = PRODUCT_DEFINITION_SHAPE('Placement','Placement of an item',
  #3394);
#3394 = NEXT_ASSEMBLY_USAGE_OCCURRENCE('17','P17 Slot jamb 150 / -1','',
  #5,#3229,$);
#3395 = PRODUCT_RELATED_PRODUCT_CATEGORY('part',$,(#3231));
#3396 = SHAPE_DEFINITION_REPRESENTATION(#3397,#3403);
#3397 = PRODUCT_DEFINITION_SHAPE('','',#3398);
#3398 = PRODUCT_DEFINITION('design','',#3399,#3402);
#3399 = PRODUCT_DEFINITION_FORMATION('','',#3400);
#3400 = PRODUCT('P18 Slot jamb 150 / 1','P18 Slot jamb 150 / 1','',(
    #3401));
#3401 = PRODUCT_CONTEXT('',#2,'mechanical');
#3402 = PRODUCT_DEFINITION_CONTEXT('part definition',#2,'design');
#3403 = ADVANCED_BREP_SHAPE_REPRESENTATION('',(#11,#3404),#3554);
#3404 = MANIFOLD_SOLID_BREP('',#3405);
#3405 = CLOSED_SHELL('',(#3406,#3446,#3486,#3508,#3530,#3542));
#3406 = ADVANCED_FACE('',(#3407),#3441,.F.);
#3407 = FACE_BOUND('',#3408,.F.);
#3408 = EDGE_LOOP('',(#3409,#3419,#3427,#3435));
#3409 = ORIENTED_EDGE('',*,*,#3410,.F.);
#3410 = EDGE_CURVE('',#3411,#3413,#3415,.T.);
#3411 = VERTEX_POINT('',#3412);
#3412 = CARTESIAN_POINT('',(-234.4967320028,123.83974596215,18.));
#3413 = VERTEX_POINT('',#3414);
#3414 = CARTESIAN_POINT('',(-234.4967320028,123.83974596215,280.));
#3415 = LINE('',#3416,#3417);
#3416 = CARTESIAN_POINT('',(-234.4967320028,123.83974596215,18.));
#3417 = VECTOR('',#3418,1.);
#3418 = DIRECTION('',(0.,0.,1.));
#3419 = ORIENTED_EDGE('',*,*,#3420,.T.);
#3420 = EDGE_CURVE('',#3411,#3421,#3423,.T.);
#3421 = VERTEX_POINT('',#3422);
#3422 = CARTESIAN_POINT('',(-236.4967320028,120.37564434701,18.));
#3423 = LINE('',#3424,#3425);
#3424 = CARTESIAN_POINT('',(-234.4967320028,123.83974596215,18.));
#3425 = VECTOR('',#3426,1.);
#3426 = DIRECTION('',(-0.5,-0.866025403784,0.));
#3427 = ORIENTED_EDGE('',*,*,#3428,.T.);
#3428 = EDGE_CURVE('',#3421,#3429,#3431,.T.);
#3429 = VERTEX_POINT('',#3430);
#3430 = CARTESIAN_POINT('',(-236.4967320028,120.37564434701,280.));
#3431 = LINE('',#3432,#3433);
#3432 = CARTESIAN_POINT('',(-236.4967320028,120.37564434701,18.));
#3433 = VECTOR('',#3434,1.);
#3434 = DIRECTION('',(0.,0.,1.));
#3435 = ORIENTED_EDGE('',*,*,#3436,.F.);
#3436 = EDGE_CURVE('',#3413,#3429,#3437,.T.);
#3437 = LINE('',#3438,#3439);
#3438 = CARTESIAN_POINT('',(-234.4967320028,123.83974596215,280.));
#3439 = VECTOR('',#3440,1.);
#3440 = DIRECTION('',(-0.5,-0.866025403784,0.));
#3441 = PLANE('',#3442);
#3442 = AXIS2_PLACEMENT_3D('',#3443,#3444,#3445);
#3443 = CARTESIAN_POINT('',(-234.4967320028,123.83974596215,18.));
#3444 = DIRECTION('',(-0.866025403784,0.5,0.));
#3445 = DIRECTION('',(0.,0.,1.));
#3446 = ADVANCED_FACE('',(#3447),#3481,.T.);
#3447 = FACE_BOUND('',#3448,.T.);
#3448 = EDGE_LOOP('',(#3449,#3459,#3467,#3475));
#3449 = ORIENTED_EDGE('',*,*,#3450,.F.);
#3450 = EDGE_CURVE('',#3451,#3453,#3455,.T.);
#3451 = VERTEX_POINT('',#3452);
#3452 = CARTESIAN_POINT('',(-251.8172400785,133.83974596215,18.));
#3453 = VERTEX_POINT('',#3454);
#3454 = CARTESIAN_POINT('',(-251.8172400785,133.83974596215,280.));
#3455 = LINE('',#3456,#3457);
#3456 = CARTESIAN_POINT('',(-251.8172400785,133.83974596215,18.));
#3457 = VECTOR('',#3458,1.);
#3458 = DIRECTION('',(0.,0.,1.));
#3459 = ORIENTED_EDGE('',*,*,#3460,.T.);
#3460 = EDGE_CURVE('',#3451,#3461,#3463,.T.);
#3461 = VERTEX_POINT('',#3462);
#3462 = CARTESIAN_POINT('',(-253.8172400785,130.37564434701,18.));
#3463 = LINE('',#3464,#3465);
#3464 = CARTESIAN_POINT('',(-251.8172400785,133.83974596215,18.));
#3465 = VECTOR('',#3466,1.);
#3466 = DIRECTION('',(-0.5,-0.866025403784,0.));
#3467 = ORIENTED_EDGE('',*,*,#3468,.T.);
#3468 = EDGE_CURVE('',#3461,#3469,#3471,.T.);
#3469 = VERTEX_POINT('',#3470);
#3470 = CARTESIAN_POINT('',(-253.8172400785,130.37564434701,280.));
#3471 = LINE('',#3472,#3473);
#3472 = CARTESIAN_POINT('',(-253.8172400785,130.37564434701,18.));
#3473 = VECTOR('',#3474,1.);
#3474 = DIRECTION('',(0.,0.,1.));
#3475 = ORIENTED_EDGE('',*,*,#3476,.F.);
#3476 = EDGE_CURVE('',#3453,#3469,#3477,.T.);
#3477 = LINE('',#3478,#3479);
#3478 = CARTESIAN_POINT('',(-251.8172400785,133.83974596215,280.));
#3479 = VECTOR('',#3480,1.);
#3480 = DIRECTION('',(-0.5,-0.866025403784,0.));
#3481 = PLANE('',#3482);
#3482 = AXIS2_PLACEMENT_3D('',#3483,#3484,#3485);
#3483 = CARTESIAN_POINT('',(-251.8172400785,133.83974596215,18.));
#3484 = DIRECTION('',(-0.866025403784,0.5,0.));
#3485 = DIRECTION('',(0.,0.,1.));
#3486 = ADVANCED_FACE('',(#3487),#3503,.F.);
#3487 = FACE_BOUND('',#3488,.F.);
#3488 = EDGE_LOOP('',(#3489,#3495,#3496,#3502));
#3489 = ORIENTED_EDGE('',*,*,#3490,.F.);
#3490 = EDGE_CURVE('',#3411,#3451,#3491,.T.);
#3491 = LINE('',#3492,#3493);
#3492 = CARTESIAN_POINT('',(-234.4967320028,123.83974596215,18.));
#3493 = VECTOR('',#3494,1.);
#3494 = DIRECTION('',(-0.866025403784,0.5,0.));
#3495 = ORIENTED_EDGE('',*,*,#3410,.T.);
#3496 = ORIENTED_EDGE('',*,*,#3497,.T.);
#3497 = EDGE_CURVE('',#3413,#3453,#3498,.T.);
#3498 = LINE('',#3499,#3500);
#3499 = CARTESIAN_POINT('',(-234.4967320028,123.83974596215,280.));
#3500 = VECTOR('',#3501,1.);
#3501 = DIRECTION('',(-0.866025403784,0.5,0.));
#3502 = ORIENTED_EDGE('',*,*,#3450,.F.);
#3503 = PLANE('',#3504);
#3504 = AXIS2_PLACEMENT_3D('',#3505,#3506,#3507);
#3505 = CARTESIAN_POINT('',(-234.4967320028,123.83974596215,18.));
#3506 = DIRECTION('',(-0.5,-0.866025403784,0.));
#3507 = DIRECTION('',(0.,0.,1.));
#3508 = ADVANCED_FACE('',(#3509),#3525,.T.);
#3509 = FACE_BOUND('',#3510,.T.);
#3510 = EDGE_LOOP('',(#3511,#3517,#3518,#3524));
#3511 = ORIENTED_EDGE('',*,*,#3512,.F.);
#3512 = EDGE_CURVE('',#3421,#3461,#3513,.T.);
#3513 = LINE('',#3514,#3515);
#3514 = CARTESIAN_POINT('',(-236.4967320028,120.37564434701,18.));
#3515 = VECTOR('',#3516,1.);
#3516 = DIRECTION('',(-0.866025403784,0.5,0.));
#3517 = ORIENTED_EDGE('',*,*,#3428,.T.);
#3518 = ORIENTED_EDGE('',*,*,#3519,.T.);
#3519 = EDGE_CURVE('',#3429,#3469,#3520,.T.);
#3520 = LINE('',#3521,#3522);
#3521 = CARTESIAN_POINT('',(-236.4967320028,120.37564434701,280.));
#3522 = VECTOR('',#3523,1.);
#3523 = DIRECTION('',(-0.866025403784,0.5,0.));
#3524 = ORIENTED_EDGE('',*,*,#3468,.F.);
#3525 = PLANE('',#3526);
#3526 = AXIS2_PLACEMENT_3D('',#3527,#3528,#3529);
#3527 = CARTESIAN_POINT('',(-236.4967320028,120.37564434701,18.));
#3528 = DIRECTION('',(-0.5,-0.866025403784,0.));
#3529 = DIRECTION('',(0.,0.,1.));
#3530 = ADVANCED_FACE('',(#3531),#3537,.F.);
#3531 = FACE_BOUND('',#3532,.F.);
#3532 = EDGE_LOOP('',(#3533,#3534,#3535,#3536));
#3533 = ORIENTED_EDGE('',*,*,#3420,.F.);
#3534 = ORIENTED_EDGE('',*,*,#3490,.T.);
#3535 = ORIENTED_EDGE('',*,*,#3460,.T.);
#3536 = ORIENTED_EDGE('',*,*,#3512,.F.);
#3537 = PLANE('',#3538);
#3538 = AXIS2_PLACEMENT_3D('',#3539,#3540,#3541);
#3539 = CARTESIAN_POINT('',(-234.4967320028,123.83974596215,18.));
#3540 = DIRECTION('',(0.,0.,1.));
#3541 = DIRECTION('',(-0.866025403784,0.5,0.));
#3542 = ADVANCED_FACE('',(#3543),#3549,.T.);
#3543 = FACE_BOUND('',#3544,.T.);
#3544 = EDGE_LOOP('',(#3545,#3546,#3547,#3548));
#3545 = ORIENTED_EDGE('',*,*,#3436,.F.);
#3546 = ORIENTED_EDGE('',*,*,#3497,.T.);
#3547 = ORIENTED_EDGE('',*,*,#3476,.T.);
#3548 = ORIENTED_EDGE('',*,*,#3519,.F.);
#3549 = PLANE('',#3550);
#3550 = AXIS2_PLACEMENT_3D('',#3551,#3552,#3553);
#3551 = CARTESIAN_POINT('',(-234.4967320028,123.83974596215,280.));
#3552 = DIRECTION('',(0.,0.,1.));
#3553 = DIRECTION('',(-0.866025403784,0.5,0.));
#3554 = ( GEOMETRIC_REPRESENTATION_CONTEXT(3) 
GLOBAL_UNCERTAINTY_ASSIGNED_CONTEXT((#3558)) 
GLOBAL_UNIT_ASSIGNED_CONTEXT((#3555,#3556,#3557)) REPRESENTATION_CONTEXT
('Context #1','3D Context with UNIT and UNCERTAINTY') );
#3555 = ( LENGTH_UNIT() NAMED_UNIT(*) SI_UNIT(.MILLI.,.METRE.) );
#3556 = ( NAMED_UNIT(*) PLANE_ANGLE_UNIT() SI_UNIT($,.RADIAN.) );
#3557 = ( NAMED_UNIT(*) SI_UNIT($,.STERADIAN.) SOLID_ANGLE_UNIT() );
#3558 = UNCERTAINTY_MEASURE_WITH_UNIT(LENGTH_MEASURE(1.E-07),#3555,
  'distance_accuracy_value','confusion accuracy');
#3559 = CONTEXT_DEPENDENT_SHAPE_REPRESENTATION(#3560,#3562);
#3560 = ( REPRESENTATION_RELATIONSHIP('','',#3403,#10) 
REPRESENTATION_RELATIONSHIP_WITH_TRANSFORMATION(#3561) 
SHAPE_REPRESENTATION_RELATIONSHIP() );
#3561 = ITEM_DEFINED_TRANSFORMATION('','',#11,#83);
#3562 = PRODUCT_DEFINITION_SHAPE('Placement','Placement of an item',
  #3563);
#3563 = NEXT_ASSEMBLY_USAGE_OCCURRENCE('18','P18 Slot jamb 150 / 1','',
  #5,#3398,$);
#3564 = PRODUCT_RELATED_PRODUCT_CATEGORY('part',$,(#3400));
#3565 = SHAPE_DEFINITION_REPRESENTATION(#3566,#3572);
#3566 = PRODUCT_DEFINITION_SHAPE('','',#3567);
#3567 = PRODUCT_DEFINITION('design','',#3568,#3571);
#3568 = PRODUCT_DEFINITION_FORMATION('','',#3569);
#3569 = PRODUCT('P19 Slot lintel 150','P19 Slot lintel 150','',(#3570));
#3570 = PRODUCT_CONTEXT('',#2,'mechanical');
#3571 = PRODUCT_DEFINITION_CONTEXT('part definition',#2,'design');
#3572 = ADVANCED_BREP_SHAPE_REPRESENTATION('',(#11,#3573),#3723);
#3573 = MANIFOLD_SOLID_BREP('',#3574);
#3574 = CLOSED_SHELL('',(#3575,#3615,#3655,#3677,#3699,#3711));
#3575 = ADVANCED_FACE('',(#3576),#3610,.F.);
#3576 = FACE_BOUND('',#3577,.F.);
#3577 = EDGE_LOOP('',(#3578,#3588,#3596,#3604));
#3578 = ORIENTED_EDGE('',*,*,#3579,.F.);
#3579 = EDGE_CURVE('',#3580,#3582,#3584,.T.);
#3580 = VERTEX_POINT('',#3581);
#3581 = CARTESIAN_POINT('',(-222.4967320028,144.62435565298,280.));
#3582 = VERTEX_POINT('',#3583);
#3583 = CARTESIAN_POINT('',(-222.4967320028,144.62435565298,284.));
#3584 = LINE('',#3585,#3586);
#3585 = CARTESIAN_POINT('',(-222.4967320028,144.62435565298,280.));
#3586 = VECTOR('',#3587,1.);
#3587 = DIRECTION('',(0.,0.,1.));
#3588 = ORIENTED_EDGE('',*,*,#3589,.T.);
#3589 = EDGE_CURVE('',#3580,#3590,#3592,.T.);
#3590 = VERTEX_POINT('',#3591);
#3591 = CARTESIAN_POINT('',(-236.4967320028,120.37564434701,280.));
#3592 = LINE('',#3593,#3594);
#3593 = CARTESIAN_POINT('',(-222.4967320028,144.62435565298,280.));
#3594 = VECTOR('',#3595,1.);
#3595 = DIRECTION('',(-0.5,-0.866025403784,0.));
#3596 = ORIENTED_EDGE('',*,*,#3597,.T.);
#3597 = EDGE_CURVE('',#3590,#3598,#3600,.T.);
#3598 = VERTEX_POINT('',#3599);
#3599 = CARTESIAN_POINT('',(-236.4967320028,120.37564434701,284.));
#3600 = LINE('',#3601,#3602);
#3601 = CARTESIAN_POINT('',(-236.4967320028,120.37564434701,280.));
#3602 = VECTOR('',#3603,1.);
#3603 = DIRECTION('',(0.,0.,1.));
#3604 = ORIENTED_EDGE('',*,*,#3605,.F.);
#3605 = EDGE_CURVE('',#3582,#3598,#3606,.T.);
#3606 = LINE('',#3607,#3608);
#3607 = CARTESIAN_POINT('',(-222.4967320028,144.62435565298,284.));
#3608 = VECTOR('',#3609,1.);
#3609 = DIRECTION('',(-0.5,-0.866025403784,0.));
#3610 = PLANE('',#3611);
#3611 = AXIS2_PLACEMENT_3D('',#3612,#3613,#3614);
#3612 = CARTESIAN_POINT('',(-222.4967320028,144.62435565298,280.));
#3613 = DIRECTION('',(-0.866025403784,0.5,0.));
#3614 = DIRECTION('',(0.,0.,1.));
#3615 = ADVANCED_FACE('',(#3616),#3650,.T.);
#3616 = FACE_BOUND('',#3617,.T.);
#3617 = EDGE_LOOP('',(#3618,#3628,#3636,#3644));
#3618 = ORIENTED_EDGE('',*,*,#3619,.F.);
#3619 = EDGE_CURVE('',#3620,#3622,#3624,.T.);
#3620 = VERTEX_POINT('',#3621);
#3621 = CARTESIAN_POINT('',(-239.8172400785,154.62435565298,280.));
#3622 = VERTEX_POINT('',#3623);
#3623 = CARTESIAN_POINT('',(-239.8172400785,154.62435565298,284.));
#3624 = LINE('',#3625,#3626);
#3625 = CARTESIAN_POINT('',(-239.8172400785,154.62435565298,280.));
#3626 = VECTOR('',#3627,1.);
#3627 = DIRECTION('',(0.,0.,1.));
#3628 = ORIENTED_EDGE('',*,*,#3629,.T.);
#3629 = EDGE_CURVE('',#3620,#3630,#3632,.T.);
#3630 = VERTEX_POINT('',#3631);
#3631 = CARTESIAN_POINT('',(-253.8172400785,130.37564434701,280.));
#3632 = LINE('',#3633,#3634);
#3633 = CARTESIAN_POINT('',(-239.8172400785,154.62435565298,280.));
#3634 = VECTOR('',#3635,1.);
#3635 = DIRECTION('',(-0.5,-0.866025403784,0.));
#3636 = ORIENTED_EDGE('',*,*,#3637,.T.);
#3637 = EDGE_CURVE('',#3630,#3638,#3640,.T.);
#3638 = VERTEX_POINT('',#3639);
#3639 = CARTESIAN_POINT('',(-253.8172400785,130.37564434701,284.));
#3640 = LINE('',#3641,#3642);
#3641 = CARTESIAN_POINT('',(-253.8172400785,130.37564434701,280.));
#3642 = VECTOR('',#3643,1.);
#3643 = DIRECTION('',(0.,0.,1.));
#3644 = ORIENTED_EDGE('',*,*,#3645,.F.);
#3645 = EDGE_CURVE('',#3622,#3638,#3646,.T.);
#3646 = LINE('',#3647,#3648);
#3647 = CARTESIAN_POINT('',(-239.8172400785,154.62435565298,284.));
#3648 = VECTOR('',#3649,1.);
#3649 = DIRECTION('',(-0.5,-0.866025403784,0.));
#3650 = PLANE('',#3651);
#3651 = AXIS2_PLACEMENT_3D('',#3652,#3653,#3654);
#3652 = CARTESIAN_POINT('',(-239.8172400785,154.62435565298,280.));
#3653 = DIRECTION('',(-0.866025403784,0.5,0.));
#3654 = DIRECTION('',(0.,0.,1.));
#3655 = ADVANCED_FACE('',(#3656),#3672,.F.);
#3656 = FACE_BOUND('',#3657,.F.);
#3657 = EDGE_LOOP('',(#3658,#3664,#3665,#3671));
#3658 = ORIENTED_EDGE('',*,*,#3659,.F.);
#3659 = EDGE_CURVE('',#3580,#3620,#3660,.T.);
#3660 = LINE('',#3661,#3662);
#3661 = CARTESIAN_POINT('',(-222.4967320028,144.62435565298,280.));
#3662 = VECTOR('',#3663,1.);
#3663 = DIRECTION('',(-0.866025403784,0.5,0.));
#3664 = ORIENTED_EDGE('',*,*,#3579,.T.);
#3665 = ORIENTED_EDGE('',*,*,#3666,.T.);
#3666 = EDGE_CURVE('',#3582,#3622,#3667,.T.);
#3667 = LINE('',#3668,#3669);
#3668 = CARTESIAN_POINT('',(-222.4967320028,144.62435565298,284.));
#3669 = VECTOR('',#3670,1.);
#3670 = DIRECTION('',(-0.866025403784,0.5,0.));
#3671 = ORIENTED_EDGE('',*,*,#3619,.F.);
#3672 = PLANE('',#3673);
#3673 = AXIS2_PLACEMENT_3D('',#3674,#3675,#3676);
#3674 = CARTESIAN_POINT('',(-222.4967320028,144.62435565298,280.));
#3675 = DIRECTION('',(-0.5,-0.866025403784,0.));
#3676 = DIRECTION('',(0.,0.,1.));
#3677 = ADVANCED_FACE('',(#3678),#3694,.T.);
#3678 = FACE_BOUND('',#3679,.T.);
#3679 = EDGE_LOOP('',(#3680,#3686,#3687,#3693));
#3680 = ORIENTED_EDGE('',*,*,#3681,.F.);
#3681 = EDGE_CURVE('',#3590,#3630,#3682,.T.);
#3682 = LINE('',#3683,#3684);
#3683 = CARTESIAN_POINT('',(-236.4967320028,120.37564434701,280.));
#3684 = VECTOR('',#3685,1.);
#3685 = DIRECTION('',(-0.866025403784,0.5,0.));
#3686 = ORIENTED_EDGE('',*,*,#3597,.T.);
#3687 = ORIENTED_EDGE('',*,*,#3688,.T.);
#3688 = EDGE_CURVE('',#3598,#3638,#3689,.T.);
#3689 = LINE('',#3690,#3691);
#3690 = CARTESIAN_POINT('',(-236.4967320028,120.37564434701,284.));
#3691 = VECTOR('',#3692,1.);
#3692 = DIRECTION('',(-0.866025403784,0.5,0.));
#3693 = ORIENTED_EDGE('',*,*,#3637,.F.);
#3694 = PLANE('',#3695);
#3695 = AXIS2_PLACEMENT_3D('',#3696,#3697,#3698);
#3696 = CARTESIAN_POINT('',(-236.4967320028,120.37564434701,280.));
#3697 = DIRECTION('',(-0.5,-0.866025403784,0.));
#3698 = DIRECTION('',(0.,0.,1.));
#3699 = ADVANCED_FACE('',(#3700),#3706,.F.);
#3700 = FACE_BOUND('',#3701,.F.);
#3701 = EDGE_LOOP('',(#3702,#3703,#3704,#3705));
#3702 = ORIENTED_EDGE('',*,*,#3589,.F.);
#3703 = ORIENTED_EDGE('',*,*,#3659,.T.);
#3704 = ORIENTED_EDGE('',*,*,#3629,.T.);
#3705 = ORIENTED_EDGE('',*,*,#3681,.F.);
#3706 = PLANE('',#3707);
#3707 = AXIS2_PLACEMENT_3D('',#3708,#3709,#3710);
#3708 = CARTESIAN_POINT('',(-222.4967320028,144.62435565298,280.));
#3709 = DIRECTION('',(0.,0.,1.));
#3710 = DIRECTION('',(-0.866025403784,0.5,0.));
#3711 = ADVANCED_FACE('',(#3712),#3718,.T.);
#3712 = FACE_BOUND('',#3713,.T.);
#3713 = EDGE_LOOP('',(#3714,#3715,#3716,#3717));
#3714 = ORIENTED_EDGE('',*,*,#3605,.F.);
#3715 = ORIENTED_EDGE('',*,*,#3666,.T.);
#3716 = ORIENTED_EDGE('',*,*,#3645,.T.);
#3717 = ORIENTED_EDGE('',*,*,#3688,.F.);
#3718 = PLANE('',#3719);
#3719 = AXIS2_PLACEMENT_3D('',#3720,#3721,#3722);
#3720 = CARTESIAN_POINT('',(-222.4967320028,144.62435565298,284.));
#3721 = DIRECTION('',(0.,0.,1.));
#3722 = DIRECTION('',(-0.866025403784,0.5,0.));
#3723 = ( GEOMETRIC_REPRESENTATION_CONTEXT(3) 
GLOBAL_UNCERTAINTY_ASSIGNED_CONTEXT((#3727)) 
GLOBAL_UNIT_ASSIGNED_CONTEXT((#3724,#3725,#3726)) REPRESENTATION_CONTEXT
('Context #1','3D Context with UNIT and UNCERTAINTY') );
#3724 = ( LENGTH_UNIT() NAMED_UNIT(*) SI_UNIT(.MILLI.,.METRE.) );
#3725 = ( NAMED_UNIT(*) PLANE_ANGLE_UNIT() SI_UNIT($,.RADIAN.) );
#3726 = ( NAMED_UNIT(*) SI_UNIT($,.STERADIAN.) SOLID_ANGLE_UNIT() );
#3727 = UNCERTAINTY_MEASURE_WITH_UNIT(LENGTH_MEASURE(1.E-07),#3724,
  'distance_accuracy_value','confusion accuracy');
#3728 = CONTEXT_DEPENDENT_SHAPE_REPRESENTATION(#3729,#3731);
#3729 = ( REPRESENTATION_RELATIONSHIP('','',#3572,#10) 
REPRESENTATION_RELATIONSHIP_WITH_TRANSFORMATION(#3730) 
SHAPE_REPRESENTATION_RELATIONSHIP() );
#3730 = ITEM_DEFINED_TRANSFORMATION('','',#11,#87);
#3731 = PRODUCT_DEFINITION_SHAPE('Placement','Placement of an item',
  #3732);
#3732 = NEXT_ASSEMBLY_USAGE_OCCURRENCE('19','P19 Slot lintel 150','',#5,
  #3567,$);
#3733 = PRODUCT_RELATED_PRODUCT_CATEGORY('part',$,(#3569));
#3734 = SHAPE_DEFINITION_REPRESENTATION(#3735,#3741);
#3735 = PRODUCT_DEFINITION_SHAPE('','',#3736);
#3736 = PRODUCT_DEFINITION('design','',#3737,#3740);
#3737 = PRODUCT_DEFINITION_FORMATION('','',#3738);
#3738 = PRODUCT('P20 Foot shoe 150','P20 Foot shoe 150','',(#3739));
#3739 = PRODUCT_CONTEXT('',#2,'mechanical');
#3740 = PRODUCT_DEFINITION_CONTEXT('part definition',#2,'design');
#3741 = ADVANCED_BREP_SHAPE_REPRESENTATION('',(#11,#3742),#3892);
#3742 = MANIFOLD_SOLID_BREP('',#3743);
#3743 = CLOSED_SHELL('',(#3744,#3784,#3824,#3846,#3868,#3880));
#3744 = ADVANCED_FACE('',(#3745),#3779,.F.);
#3745 = FACE_BOUND('',#3746,.F.);
#3746 = EDGE_LOOP('',(#3747,#3757,#3765,#3773));
#3747 = ORIENTED_EDGE('',*,*,#3748,.F.);
#3748 = EDGE_CURVE('',#3749,#3751,#3753,.T.);
#3749 = VERTEX_POINT('',#3750);
#3750 = CARTESIAN_POINT('',(-197.7646811953,183.46152422706,0.));
#3751 = VERTEX_POINT('',#3752);
#3752 = CARTESIAN_POINT('',(-197.7646811953,183.46152422706,18.));
#3753 = LINE('',#3754,#3755);
#3754 = CARTESIAN_POINT('',(-197.7646811953,183.46152422706,0.));
#3755 = VECTOR('',#3756,1.);
#3756 = DIRECTION('',(0.,0.,1.));
#3757 = ORIENTED_EDGE('',*,*,#3758,.T.);
#3758 = EDGE_CURVE('',#3749,#3759,#3761,.T.);
#3759 = VERTEX_POINT('',#3760);
#3760 = CARTESIAN_POINT('',(-257.7646811953,79.538475772934,0.));
#3761 = LINE('',#3762,#3763);
#3762 = CARTESIAN_POINT('',(-197.7646811953,183.46152422706,0.));
#3763 = VECTOR('',#3764,1.);
#3764 = DIRECTION('',(-0.5,-0.866025403784,0.));
#3765 = ORIENTED_EDGE('',*,*,#3766,.T.);
#3766 = EDGE_CURVE('',#3759,#3767,#3769,.T.);
#3767 = VERTEX_POINT('',#3768);
#3768 = CARTESIAN_POINT('',(-257.7646811953,79.538475772934,18.));
#3769 = LINE('',#3770,#3771);
#3770 = CARTESIAN_POINT('',(-257.7646811953,79.538475772934,0.));
#3771 = VECTOR('',#3772,1.);
#3772 = DIRECTION('',(0.,0.,1.));
#3773 = ORIENTED_EDGE('',*,*,#3774,.F.);
#3774 = EDGE_CURVE('',#3751,#3767,#3775,.T.);
#3775 = LINE('',#3776,#3777);
#3776 = CARTESIAN_POINT('',(-197.7646811953,183.46152422706,18.));
#3777 = VECTOR('',#3778,1.);
#3778 = DIRECTION('',(-0.5,-0.866025403784,0.));
#3779 = PLANE('',#3780);
#3780 = AXIS2_PLACEMENT_3D('',#3781,#3782,#3783);
#3781 = CARTESIAN_POINT('',(-197.7646811953,183.46152422706,0.));
#3782 = DIRECTION('',(-0.866025403784,0.5,0.));
#3783 = DIRECTION('',(0.,0.,1.));
#3784 = ADVANCED_FACE('',(#3785),#3819,.T.);
#3785 = FACE_BOUND('',#3786,.T.);
#3786 = EDGE_LOOP('',(#3787,#3797,#3805,#3813));
#3787 = ORIENTED_EDGE('',*,*,#3788,.F.);
#3788 = EDGE_CURVE('',#3789,#3791,#3793,.T.);
#3789 = VERTEX_POINT('',#3790);
#3790 = CARTESIAN_POINT('',(-218.5492908861,195.46152422706,0.));
#3791 = VERTEX_POINT('',#3792);
#3792 = CARTESIAN_POINT('',(-218.5492908861,195.46152422706,18.));
#3793 = LINE('',#3794,#3795);
#3794 = CARTESIAN_POINT('',(-218.5492908861,195.46152422706,0.));
#3795 = VECTOR('',#3796,1.);
#3796 = DIRECTION('',(0.,0.,1.));
#3797 = ORIENTED_EDGE('',*,*,#3798,.T.);
#3798 = EDGE_CURVE('',#3789,#3799,#3801,.T.);
#3799 = VERTEX_POINT('',#3800);
#3800 = CARTESIAN_POINT('',(-278.5492908861,91.538475772934,0.));
#3801 = LINE('',#3802,#3803);
#3802 = CARTESIAN_POINT('',(-218.5492908861,195.46152422706,0.));
#3803 = VECTOR('',#3804,1.);
#3804 = DIRECTION('',(-0.5,-0.866025403784,0.));
#3805 = ORIENTED_EDGE('',*,*,#3806,.T.);
#3806 = EDGE_CURVE('',#3799,#3807,#3809,.T.);
#3807 = VERTEX_POINT('',#3808);
#3808 = CARTESIAN_POINT('',(-278.5492908861,91.538475772934,18.));
#3809 = LINE('',#3810,#3811);
#3810 = CARTESIAN_POINT('',(-278.5492908861,91.538475772934,0.));
#3811 = VECTOR('',#3812,1.);
#3812 = DIRECTION('',(0.,0.,1.));
#3813 = ORIENTED_EDGE('',*,*,#3814,.F.);
#3814 = EDGE_CURVE('',#3791,#3807,#3815,.T.);
#3815 = LINE('',#3816,#3817);
#3816 = CARTESIAN_POINT('',(-218.5492908861,195.46152422706,18.));
#3817 = VECTOR('',#3818,1.);
#3818 = DIRECTION('',(-0.5,-0.866025403784,0.));
#3819 = PLANE('',#3820);
#3820 = AXIS2_PLACEMENT_3D('',#3821,#3822,#3823);
#3821 = CARTESIAN_POINT('',(-218.5492908861,195.46152422706,0.));
#3822 = DIRECTION('',(-0.866025403784,0.5,0.));
#3823 = DIRECTION('',(0.,0.,1.));
#3824 = ADVANCED_FACE('',(#3825),#3841,.F.);
#3825 = FACE_BOUND('',#3826,.F.);
#3826 = EDGE_LOOP('',(#3827,#3833,#3834,#3840));
#3827 = ORIENTED_EDGE('',*,*,#3828,.F.);
#3828 = EDGE_CURVE('',#3749,#3789,#3829,.T.);
#3829 = LINE('',#3830,#3831);
#3830 = CARTESIAN_POINT('',(-197.7646811953,183.46152422706,0.));
#3831 = VECTOR('',#3832,1.);
#3832 = DIRECTION('',(-0.866025403784,0.5,0.));
#3833 = ORIENTED_EDGE('',*,*,#3748,.T.);
#3834 = ORIENTED_EDGE('',*,*,#3835,.T.);
#3835 = EDGE_CURVE('',#3751,#3791,#3836,.T.);
#3836 = LINE('',#3837,#3838);
#3837 = CARTESIAN_POINT('',(-197.7646811953,183.46152422706,18.));
#3838 = VECTOR('',#3839,1.);
#3839 = DIRECTION('',(-0.866025403784,0.5,0.));
#3840 = ORIENTED_EDGE('',*,*,#3788,.F.);
#3841 = PLANE('',#3842);
#3842 = AXIS2_PLACEMENT_3D('',#3843,#3844,#3845);
#3843 = CARTESIAN_POINT('',(-197.7646811953,183.46152422706,0.));
#3844 = DIRECTION('',(-0.5,-0.866025403784,0.));
#3845 = DIRECTION('',(0.,0.,1.));
#3846 = ADVANCED_FACE('',(#3847),#3863,.T.);
#3847 = FACE_BOUND('',#3848,.T.);
#3848 = EDGE_LOOP('',(#3849,#3855,#3856,#3862));
#3849 = ORIENTED_EDGE('',*,*,#3850,.F.);
#3850 = EDGE_CURVE('',#3759,#3799,#3851,.T.);
#3851 = LINE('',#3852,#3853);
#3852 = CARTESIAN_POINT('',(-257.7646811953,79.538475772934,0.));
#3853 = VECTOR('',#3854,1.);
#3854 = DIRECTION('',(-0.866025403784,0.5,0.));
#3855 = ORIENTED_EDGE('',*,*,#3766,.T.);
#3856 = ORIENTED_EDGE('',*,*,#3857,.T.);
#3857 = EDGE_CURVE('',#3767,#3807,#3858,.T.);
#3858 = LINE('',#3859,#3860);
#3859 = CARTESIAN_POINT('',(-257.7646811953,79.538475772934,18.));
#3860 = VECTOR('',#3861,1.);
#3861 = DIRECTION('',(-0.866025403784,0.5,0.));
#3862 = ORIENTED_EDGE('',*,*,#3806,.F.);
#3863 = PLANE('',#3864);
#3864 = AXIS2_PLACEMENT_3D('',#3865,#3866,#3867);
#3865 = CARTESIAN_POINT('',(-257.7646811953,79.538475772934,0.));
#3866 = DIRECTION('',(-0.5,-0.866025403784,0.));
#3867 = DIRECTION('',(0.,0.,1.));
#3868 = ADVANCED_FACE('',(#3869),#3875,.F.);
#3869 = FACE_BOUND('',#3870,.F.);
#3870 = EDGE_LOOP('',(#3871,#3872,#3873,#3874));
#3871 = ORIENTED_EDGE('',*,*,#3758,.F.);
#3872 = ORIENTED_EDGE('',*,*,#3828,.T.);
#3873 = ORIENTED_EDGE('',*,*,#3798,.T.);
#3874 = ORIENTED_EDGE('',*,*,#3850,.F.);
#3875 = PLANE('',#3876);
#3876 = AXIS2_PLACEMENT_3D('',#3877,#3878,#3879);
#3877 = CARTESIAN_POINT('',(-197.7646811953,183.46152422706,0.));
#3878 = DIRECTION('',(0.,0.,1.));
#3879 = DIRECTION('',(-0.866025403784,0.5,0.));
#3880 = ADVANCED_FACE('',(#3881),#3887,.T.);
#3881 = FACE_BOUND('',#3882,.T.);
#3882 = EDGE_LOOP('',(#3883,#3884,#3885,#3886));
#3883 = ORIENTED_EDGE('',*,*,#3774,.F.);
#3884 = ORIENTED_EDGE('',*,*,#3835,.T.);
#3885 = ORIENTED_EDGE('',*,*,#3814,.T.);
#3886 = ORIENTED_EDGE('',*,*,#3857,.F.);
#3887 = PLANE('',#3888);
#3888 = AXIS2_PLACEMENT_3D('',#3889,#3890,#3891);
#3889 = CARTESIAN_POINT('',(-197.7646811953,183.46152422706,18.));
#3890 = DIRECTION('',(0.,0.,1.));
#3891 = DIRECTION('',(-0.866025403784,0.5,0.));
#3892 = ( GEOMETRIC_REPRESENTATION_CONTEXT(3) 
GLOBAL_UNCERTAINTY_ASSIGNED_CONTEXT((#3896)) 
GLOBAL_UNIT_ASSIGNED_CONTEXT((#3893,#3894,#3895)) REPRESENTATION_CONTEXT
('Context #1','3D Context with UNIT and UNCERTAINTY') );
#3893 = ( LENGTH_UNIT() NAMED_UNIT(*) SI_UNIT(.MILLI.,.METRE.) );
#3894 = ( NAMED_UNIT(*) PLANE_ANGLE_UNIT() SI_UNIT($,.RADIAN.) );
#3895 = ( NAMED_UNIT(*) SI_UNIT($,.STERADIAN.) SOLID_ANGLE_UNIT() );
#3896 = UNCERTAINTY_MEASURE_WITH_UNIT(LENGTH_MEASURE(1.E-07),#3893,
  'distance_accuracy_value','confusion accuracy');
#3897 = CONTEXT_DEPENDENT_SHAPE_REPRESENTATION(#3898,#3900);
#3898 = ( REPRESENTATION_RELATIONSHIP('','',#3741,#10) 
REPRESENTATION_RELATIONSHIP_WITH_TRANSFORMATION(#3899) 
SHAPE_REPRESENTATION_RELATIONSHIP() );
#3899 = ITEM_DEFINED_TRANSFORMATION('','',#11,#91);
#3900 = PRODUCT_DEFINITION_SHAPE('Placement','Placement of an item',
  #3901);
#3901 = NEXT_ASSEMBLY_USAGE_OCCURRENCE('20','P20 Foot shoe 150','',#5,
  #3736,$);
#3902 = PRODUCT_RELATED_PRODUCT_CATEGORY('part',$,(#3738));
#3903 = SHAPE_DEFINITION_REPRESENTATION(#3904,#3910);
#3904 = PRODUCT_DEFINITION_SHAPE('','',#3905);
#3905 = PRODUCT_DEFINITION('design','',#3906,#3909);
#3906 = PRODUCT_DEFINITION_FORMATION('','',#3907);
#3907 = PRODUCT('P21 Arched blade 270 / maple segment 1',
  'P21 Arched blade 270 / maple segment 1','',(#3908));
#3908 = PRODUCT_CONTEXT('',#2,'mechanical');
#3909 = PRODUCT_DEFINITION_CONTEXT('part definition',#2,'design');
#3910 = ADVANCED_BREP_SHAPE_REPRESENTATION('',(#11,#3911),#4193);
#3911 = MANIFOLD_SOLID_BREP('',#3912);
#3912 = CLOSED_SHELL('',(#3913,#3985,#4016,#4040,#4064,#4088,#4112,#4136
    ,#4160,#4177));
#3913 = ADVANCED_FACE('',(#3914),#3980,.F.);
#3914 = FACE_BOUND('',#3915,.F.);
#3915 = EDGE_LOOP('',(#3916,#3926,#3934,#3942,#3950,#3958,#3966,#3974));
#3916 = ORIENTED_EDGE('',*,*,#3917,.F.);
#3917 = EDGE_CURVE('',#3918,#3920,#3922,.T.);
#3918 = VERTEX_POINT('',#3919);
#3919 = CARTESIAN_POINT('',(-60.,-265.,18.));
#3920 = VERTEX_POINT('',#3921);
#3921 = CARTESIAN_POINT('',(-60.,-265.,353.90524980688));
#3922 = LINE('',#3923,#3924);
#3923 = CARTESIAN_POINT('',(-60.,-265.,18.));
#3924 = VECTOR('',#3925,1.);
#3925 = DIRECTION('',(0.,0.,1.));
#3926 = ORIENTED_EDGE('',*,*,#3927,.T.);
#3927 = EDGE_CURVE('',#3918,#3928,#3930,.T.);
#3928 = VERTEX_POINT('',#3929);
#3929 = CARTESIAN_POINT('',(-14.,-265.,18.));
#3930 = LINE('',#3931,#3932);
#3931 = CARTESIAN_POINT('',(-60.,-265.,18.));
#3932 = VECTOR('',#3933,1.);
#3933 = DIRECTION('',(1.,-2.22044604925E-16,0.));
#3934 = ORIENTED_EDGE('',*,*,#3935,.T.);
#3935 = EDGE_CURVE('',#3928,#3936,#3938,.T.);
#3936 = VERTEX_POINT('',#3937);
#3937 = CARTESIAN_POINT('',(-14.,-265.,284.));
#3938 = LINE('',#3939,#3940);
#3939 = CARTESIAN_POINT('',(-14.,-265.,18.));
#3940 = VECTOR('',#3941,1.);
#3941 = DIRECTION('',(0.,0.,1.));
#3942 = ORIENTED_EDGE('',*,*,#3943,.F.);
#3943 = EDGE_CURVE('',#3944,#3936,#3946,.T.);
#3944 = VERTEX_POINT('',#3945);
#3945 = CARTESIAN_POINT('',(14.,-265.,284.));
#3946 = LINE('',#3947,#3948);
#3947 = CARTESIAN_POINT('',(-37.,-265.,284.));
#3948 = VECTOR('',#3949,1.);
#3949 = DIRECTION('',(-1.,2.22044604925E-16,0.));
#3950 = ORIENTED_EDGE('',*,*,#3951,.F.);
#3951 = EDGE_CURVE('',#3952,#3944,#3954,.T.);
#3952 = VERTEX_POINT('',#3953);
#3953 = CARTESIAN_POINT('',(14.,-265.,18.));
#3954 = LINE('',#3955,#3956);
#3955 = CARTESIAN_POINT('',(14.,-265.,18.));
#3956 = VECTOR('',#3957,1.);
#3957 = DIRECTION('',(0.,0.,1.));
#3958 = ORIENTED_EDGE('',*,*,#3959,.T.);
#3959 = EDGE_CURVE('',#3952,#3960,#3962,.T.);
#3960 = VERTEX_POINT('',#3961);
#3961 = CARTESIAN_POINT('',(60.,-265.,18.));
#3962 = LINE('',#3963,#3964);
#3963 = CARTESIAN_POINT('',(-60.,-265.,18.));
#3964 = VECTOR('',#3965,1.);
#3965 = DIRECTION('',(1.,-2.22044604925E-16,0.));
#3966 = ORIENTED_EDGE('',*,*,#3967,.T.);
#3967 = EDGE_CURVE('',#3960,#3968,#3970,.T.);
#3968 = VERTEX_POINT('',#3969);
#3969 = CARTESIAN_POINT('',(60.,-265.,353.90524980688));
#3970 = LINE('',#3971,#3972);
#3971 = CARTESIAN_POINT('',(60.,-265.,18.));
#3972 = VECTOR('',#3973,1.);
#3973 = DIRECTION('',(0.,0.,1.));
#3974 = ORIENTED_EDGE('',*,*,#3975,.F.);
#3975 = EDGE_CURVE('',#3920,#3968,#3976,.T.);
#3976 = LINE('',#3977,#3978);
#3977 = CARTESIAN_POINT('',(-60.,-265.,353.90524980688));
#3978 = VECTOR('',#3979,1.);
#3979 = DIRECTION('',(1.,-2.22044604925E-16,0.));
#3980 = PLANE('',#3981);
#3981 = AXIS2_PLACEMENT_3D('',#3982,#3983,#3984);
#3982 = CARTESIAN_POINT('',(-60.,-265.,18.));
#3983 = DIRECTION('',(-2.22044604925E-16,-1.,0.));
#3984 = DIRECTION('',(0.,0.,1.));
#3985 = ADVANCED_FACE('',(#3986),#4011,.F.);
#3986 = FACE_BOUND('',#3987,.F.);
#3987 = EDGE_LOOP('',(#3988,#3996,#3997,#4005));
#3988 = ORIENTED_EDGE('',*,*,#3989,.F.);
#3989 = EDGE_CURVE('',#3918,#3990,#3992,.T.);
#3990 = VERTEX_POINT('',#3991);
#3991 = CARTESIAN_POINT('',(-60.,-285.,18.));
#3992 = LINE('',#3993,#3994);
#3993 = CARTESIAN_POINT('',(-60.,-265.,18.));
#3994 = VECTOR('',#3995,1.);
#3995 = DIRECTION('',(-2.22044604925E-16,-1.,0.));
#3996 = ORIENTED_EDGE('',*,*,#3917,.T.);
#3997 = ORIENTED_EDGE('',*,*,#3998,.T.);
#3998 = EDGE_CURVE('',#3920,#3999,#4001,.T.);
#3999 = VERTEX_POINT('',#4000);
#4000 = CARTESIAN_POINT('',(-60.,-285.,353.90524980688));
#4001 = LINE('',#4002,#4003);
#4002 = CARTESIAN_POINT('',(-60.,-265.,353.90524980688));
#4003 = VECTOR('',#4004,1.);
#4004 = DIRECTION('',(-2.22044604925E-16,-1.,0.));
#4005 = ORIENTED_EDGE('',*,*,#4006,.F.);
#4006 = EDGE_CURVE('',#3990,#3999,#4007,.T.);
#4007 = LINE('',#4008,#4009);
#4008 = CARTESIAN_POINT('',(-60.,-285.,18.));
#4009 = VECTOR('',#4010,1.);
#4010 = DIRECTION('',(0.,0.,1.));
#4011 = PLANE('',#4012);
#4012 = AXIS2_PLACEMENT_3D('',#4013,#4014,#4015);
#4013 = CARTESIAN_POINT('',(-60.,-265.,18.));
#4014 = DIRECTION('',(1.,-2.22044604925E-16,0.));
#4015 = DIRECTION('',(0.,0.,1.));
#4016 = ADVANCED_FACE('',(#4017),#4035,.T.);
#4017 = FACE_BOUND('',#4018,.T.);
#4018 = EDGE_LOOP('',(#4019,#4020,#4021,#4029));
#4019 = ORIENTED_EDGE('',*,*,#3975,.F.);
#4020 = ORIENTED_EDGE('',*,*,#3998,.T.);
#4021 = ORIENTED_EDGE('',*,*,#4022,.T.);
#4022 = EDGE_CURVE('',#3999,#4023,#4025,.T.);
#4023 = VERTEX_POINT('',#4024);
#4024 = CARTESIAN_POINT('',(60.,-285.,353.90524980688));
#4025 = LINE('',#4026,#4027);
#4026 = CARTESIAN_POINT('',(-60.,-285.,353.90524980688));
#4027 = VECTOR('',#4028,1.);
#4028 = DIRECTION('',(1.,-2.22044604925E-16,0.));
#4029 = ORIENTED_EDGE('',*,*,#4030,.F.);
#4030 = EDGE_CURVE('',#3968,#4023,#4031,.T.);
#4031 = LINE('',#4032,#4033);
#4032 = CARTESIAN_POINT('',(60.,-265.,353.90524980688));
#4033 = VECTOR('',#4034,1.);
#4034 = DIRECTION('',(-2.22044604925E-16,-1.,0.));
#4035 = PLANE('',#4036);
#4036 = AXIS2_PLACEMENT_3D('',#4037,#4038,#4039);
#4037 = CARTESIAN_POINT('',(-60.,-265.,353.90524980688));
#4038 = DIRECTION('',(0.,0.,1.));
#4039 = DIRECTION('',(-2.22044604925E-16,-1.,0.));
#4040 = ADVANCED_FACE('',(#4041),#4059,.T.);
#4041 = FACE_BOUND('',#4042,.T.);
#4042 = EDGE_LOOP('',(#4043,#4051,#4052,#4053));
#4043 = ORIENTED_EDGE('',*,*,#4044,.F.);
#4044 = EDGE_CURVE('',#3960,#4045,#4047,.T.);
#4045 = VERTEX_POINT('',#4046);
#4046 = CARTESIAN_POINT('',(60.,-285.,18.));
#4047 = LINE('',#4048,#4049);
#4048 = CARTESIAN_POINT('',(60.,-265.,18.));
#4049 = VECTOR('',#4050,1.);
#4050 = DIRECTION('',(-2.22044604925E-16,-1.,0.));
#4051 = ORIENTED_EDGE('',*,*,#3967,.T.);
#4052 = ORIENTED_EDGE('',*,*,#4030,.T.);
#4053 = ORIENTED_EDGE('',*,*,#4054,.F.);
#4054 = EDGE_CURVE('',#4045,#4023,#4055,.T.);
#4055 = LINE('',#4056,#4057);
#4056 = CARTESIAN_POINT('',(60.,-285.,18.));
#4057 = VECTOR('',#4058,1.);
#4058 = DIRECTION('',(0.,0.,1.));
#4059 = PLANE('',#4060);
#4060 = AXIS2_PLACEMENT_3D('',#4061,#4062,#4063);
#4061 = CARTESIAN_POINT('',(60.,-265.,18.));
#4062 = DIRECTION('',(1.,-2.22044604925E-16,0.));
#4063 = DIRECTION('',(0.,0.,1.));
#4064 = ADVANCED_FACE('',(#4065),#4083,.F.);
#4065 = FACE_BOUND('',#4066,.F.);
#4066 = EDGE_LOOP('',(#4067,#4068,#4076,#4082));
#4067 = ORIENTED_EDGE('',*,*,#3959,.F.);
#4068 = ORIENTED_EDGE('',*,*,#4069,.T.);
#4069 = EDGE_CURVE('',#3952,#4070,#4072,.T.);
#4070 = VERTEX_POINT('',#4071);
#4071 = CARTESIAN_POINT('',(14.,-285.,18.));
#4072 = LINE('',#4073,#4074);
#4073 = CARTESIAN_POINT('',(14.,-264.,18.));
#4074 = VECTOR('',#4075,1.);
#4075 = DIRECTION('',(-2.22044604925E-16,-1.,0.));
#4076 = ORIENTED_EDGE('',*,*,#4077,.T.);
#4077 = EDGE_CURVE('',#4070,#4045,#4078,.T.);
#4078 = LINE('',#4079,#4080);
#4079 = CARTESIAN_POINT('',(-60.,-285.,18.));
#4080 = VECTOR('',#4081,1.);
#4081 = DIRECTION('',(1.,-2.22044604925E-16,0.));
#4082 = ORIENTED_EDGE('',*,*,#4044,.F.);
#4083 = PLANE('',#4084);
#4084 = AXIS2_PLACEMENT_3D('',#4085,#4086,#4087);
#4085 = CARTESIAN_POINT('',(-60.,-265.,18.));
#4086 = DIRECTION('',(0.,0.,1.));
#4087 = DIRECTION('',(-2.22044604925E-16,-1.,0.));
#4088 = ADVANCED_FACE('',(#4089),#4107,.F.);
#4089 = FACE_BOUND('',#4090,.F.);
#4090 = EDGE_LOOP('',(#4091,#4092,#4093,#4101));
#4091 = ORIENTED_EDGE('',*,*,#4069,.F.);
#4092 = ORIENTED_EDGE('',*,*,#3951,.T.);
#4093 = ORIENTED_EDGE('',*,*,#4094,.T.);
#4094 = EDGE_CURVE('',#3944,#4095,#4097,.T.);
#4095 = VERTEX_POINT('',#4096);
#4096 = CARTESIAN_POINT('',(14.,-285.,284.));
#4097 = LINE('',#4098,#4099);
#4098 = CARTESIAN_POINT('',(14.,-264.,284.));
#4099 = VECTOR('',#4100,1.);
#4100 = DIRECTION('',(-2.22044604925E-16,-1.,0.));
#4101 = ORIENTED_EDGE('',*,*,#4102,.F.);
#4102 = EDGE_CURVE('',#4070,#4095,#4103,.T.);
#4103 = LINE('',#4104,#4105);
#4104 = CARTESIAN_POINT('',(14.,-285.,18.));
#4105 = VECTOR('',#4106,1.);
#4106 = DIRECTION('',(0.,0.,1.));
#4107 = PLANE('',#4108);
#4108 = AXIS2_PLACEMENT_3D('',#4109,#4110,#4111);
#4109 = CARTESIAN_POINT('',(14.,-264.,18.));
#4110 = DIRECTION('',(1.,-2.22044604925E-16,0.));
#4111 = DIRECTION('',(0.,0.,1.));
#4112 = ADVANCED_FACE('',(#4113),#4131,.F.);
#4113 = FACE_BOUND('',#4114,.F.);
#4114 = EDGE_LOOP('',(#4115,#4116,#4117,#4125));
#4115 = ORIENTED_EDGE('',*,*,#4094,.F.);
#4116 = ORIENTED_EDGE('',*,*,#3943,.T.);
#4117 = ORIENTED_EDGE('',*,*,#4118,.T.);
#4118 = EDGE_CURVE('',#3936,#4119,#4121,.T.);
#4119 = VERTEX_POINT('',#4120);
#4120 = CARTESIAN_POINT('',(-14.,-285.,284.));
#4121 = LINE('',#4122,#4123);
#4122 = CARTESIAN_POINT('',(-14.,-264.,284.));
#4123 = VECTOR('',#4124,1.);
#4124 = DIRECTION('',(-2.22044604925E-16,-1.,0.));
#4125 = ORIENTED_EDGE('',*,*,#4126,.F.);
#4126 = EDGE_CURVE('',#4095,#4119,#4127,.T.);
#4127 = LINE('',#4128,#4129);
#4128 = CARTESIAN_POINT('',(-37.,-285.,284.));
#4129 = VECTOR('',#4130,1.);
#4130 = DIRECTION('',(-1.,2.22044604925E-16,0.));
#4131 = PLANE('',#4132);
#4132 = AXIS2_PLACEMENT_3D('',#4133,#4134,#4135);
#4133 = CARTESIAN_POINT('',(-14.,-264.,284.));
#4134 = DIRECTION('',(0.,0.,1.));
#4135 = DIRECTION('',(-2.22044604925E-16,-1.,0.));
#4136 = ADVANCED_FACE('',(#4137),#4155,.T.);
#4137 = FACE_BOUND('',#4138,.T.);
#4138 = EDGE_LOOP('',(#4139,#4147,#4148,#4149));
#4139 = ORIENTED_EDGE('',*,*,#4140,.F.);
#4140 = EDGE_CURVE('',#3928,#4141,#4143,.T.);
#4141 = VERTEX_POINT('',#4142);
#4142 = CARTESIAN_POINT('',(-14.,-285.,18.));
#4143 = LINE('',#4144,#4145);
#4144 = CARTESIAN_POINT('',(-14.,-264.,18.));
#4145 = VECTOR('',#4146,1.);
#4146 = DIRECTION('',(-2.22044604925E-16,-1.,0.));
#4147 = ORIENTED_EDGE('',*,*,#3935,.T.);
#4148 = ORIENTED_EDGE('',*,*,#4118,.T.);
#4149 = ORIENTED_EDGE('',*,*,#4150,.F.);
#4150 = EDGE_CURVE('',#4141,#4119,#4151,.T.);
#4151 = LINE('',#4152,#4153);
#4152 = CARTESIAN_POINT('',(-14.,-285.,18.));
#4153 = VECTOR('',#4154,1.);
#4154 = DIRECTION('',(0.,0.,1.));
#4155 = PLANE('',#4156);
#4156 = AXIS2_PLACEMENT_3D('',#4157,#4158,#4159);
#4157 = CARTESIAN_POINT('',(-14.,-264.,18.));
#4158 = DIRECTION('',(1.,-2.22044604925E-16,0.));
#4159 = DIRECTION('',(0.,0.,1.));
#4160 = ADVANCED_FACE('',(#4161),#4172,.F.);
#4161 = FACE_BOUND('',#4162,.F.);
#4162 = EDGE_LOOP('',(#4163,#4164,#4165,#4171));
#4163 = ORIENTED_EDGE('',*,*,#3927,.F.);
#4164 = ORIENTED_EDGE('',*,*,#3989,.T.);
#4165 = ORIENTED_EDGE('',*,*,#4166,.T.);
#4166 = EDGE_CURVE('',#3990,#4141,#4167,.T.);
#4167 = LINE('',#4168,#4169);
#4168 = CARTESIAN_POINT('',(-60.,-285.,18.));
#4169 = VECTOR('',#4170,1.);
#4170 = DIRECTION('',(1.,-2.22044604925E-16,0.));
#4171 = ORIENTED_EDGE('',*,*,#4140,.F.);
#4172 = PLANE('',#4173);
#4173 = AXIS2_PLACEMENT_3D('',#4174,#4175,#4176);
#4174 = CARTESIAN_POINT('',(-60.,-265.,18.));
#4175 = DIRECTION('',(0.,0.,1.));
#4176 = DIRECTION('',(-2.22044604925E-16,-1.,0.));
#4177 = ADVANCED_FACE('',(#4178),#4188,.T.);
#4178 = FACE_BOUND('',#4179,.T.);
#4179 = EDGE_LOOP('',(#4180,#4181,#4182,#4183,#4184,#4185,#4186,#4187));
#4180 = ORIENTED_EDGE('',*,*,#4006,.F.);
#4181 = ORIENTED_EDGE('',*,*,#4166,.T.);
#4182 = ORIENTED_EDGE('',*,*,#4150,.T.);
#4183 = ORIENTED_EDGE('',*,*,#4126,.F.);
#4184 = ORIENTED_EDGE('',*,*,#4102,.F.);
#4185 = ORIENTED_EDGE('',*,*,#4077,.T.);
#4186 = ORIENTED_EDGE('',*,*,#4054,.T.);
#4187 = ORIENTED_EDGE('',*,*,#4022,.F.);
#4188 = PLANE('',#4189);
#4189 = AXIS2_PLACEMENT_3D('',#4190,#4191,#4192);
#4190 = CARTESIAN_POINT('',(-60.,-285.,18.));
#4191 = DIRECTION('',(-2.22044604925E-16,-1.,0.));
#4192 = DIRECTION('',(0.,0.,1.));
#4193 = ( GEOMETRIC_REPRESENTATION_CONTEXT(3) 
GLOBAL_UNCERTAINTY_ASSIGNED_CONTEXT((#4197)) 
GLOBAL_UNIT_ASSIGNED_CONTEXT((#4194,#4195,#4196)) REPRESENTATION_CONTEXT
('Context #1','3D Context with UNIT and UNCERTAINTY') );
#4194 = ( LENGTH_UNIT() NAMED_UNIT(*) SI_UNIT(.MILLI.,.METRE.) );
#4195 = ( NAMED_UNIT(*) PLANE_ANGLE_UNIT() SI_UNIT($,.RADIAN.) );
#4196 = ( NAMED_UNIT(*) SI_UNIT($,.STERADIAN.) SOLID_ANGLE_UNIT() );
#4197 = UNCERTAINTY_MEASURE_WITH_UNIT(LENGTH_MEASURE(1.E-07),#4194,
  'distance_accuracy_value','confusion accuracy');
#4198 = CONTEXT_DEPENDENT_SHAPE_REPRESENTATION(#4199,#4201);
#4199 = ( REPRESENTATION_RELATIONSHIP('','',#3910,#10) 
REPRESENTATION_RELATIONSHIP_WITH_TRANSFORMATION(#4200) 
SHAPE_REPRESENTATION_RELATIONSHIP() );
#4200 = ITEM_DEFINED_TRANSFORMATION('','',#11,#95);
#4201 = PRODUCT_DEFINITION_SHAPE('Placement','Placement of an item',
  #4202);
#4202 = NEXT_ASSEMBLY_USAGE_OCCURRENCE('21',
  'P21 Arched blade 270 / maple segment 1','',#5,#3905,$);
#4203 = PRODUCT_RELATED_PRODUCT_CATEGORY('part',$,(#3907));
#4204 = SHAPE_DEFINITION_REPRESENTATION(#4205,#4211);
#4205 = PRODUCT_DEFINITION_SHAPE('','',#4206);
#4206 = PRODUCT_DEFINITION('design','',#4207,#4210);
#4207 = PRODUCT_DEFINITION_FORMATION('','',#4208);
#4208 = PRODUCT('P22 Arched blade 270 / maple segment 2',
  'P22 Arched blade 270 / maple segment 2','',(#4209));
#4209 = PRODUCT_CONTEXT('',#2,'mechanical');
#4210 = PRODUCT_DEFINITION_CONTEXT('part definition',#2,'design');
#4211 = ADVANCED_BREP_SHAPE_REPRESENTATION('',(#11,#4212),#4362);
#4212 = MANIFOLD_SOLID_BREP('',#4213);
#4213 = CLOSED_SHELL('',(#4214,#4254,#4285,#4309,#4333,#4350));
#4214 = ADVANCED_FACE('',(#4215),#4249,.F.);
#4215 = FACE_BOUND('',#4216,.F.);
#4216 = EDGE_LOOP('',(#4217,#4227,#4235,#4243));
#4217 = ORIENTED_EDGE('',*,*,#4218,.F.);
#4218 = EDGE_CURVE('',#4219,#4221,#4223,.T.);
#4219 = VERTEX_POINT('',#4220);
#4220 = CARTESIAN_POINT('',(-60.,-265.,367.90524980688));
#4221 = VERTEX_POINT('',#4222);
#4222 = CARTESIAN_POINT('',(-60.,-265.,381.90524980688));
#4223 = LINE('',#4224,#4225);
#4224 = CARTESIAN_POINT('',(-60.,-265.,18.));
#4225 = VECTOR('',#4226,1.);
#4226 = DIRECTION('',(0.,0.,1.));
#4227 = ORIENTED_EDGE('',*,*,#4228,.T.);
#4228 = EDGE_CURVE('',#4219,#4229,#4231,.T.);
#4229 = VERTEX_POINT('',#4230);
#4230 = CARTESIAN_POINT('',(60.,-265.,367.90524980688));
#4231 = LINE('',#4232,#4233);
#4232 = CARTESIAN_POINT('',(-60.,-265.,367.90524980688));
#4233 = VECTOR('',#4234,1.);
#4234 = DIRECTION('',(1.,-2.22044604925E-16,0.));
#4235 = ORIENTED_EDGE('',*,*,#4236,.T.);
#4236 = EDGE_CURVE('',#4229,#4237,#4239,.T.);
#4237 = VERTEX_POINT('',#4238);
#4238 = CARTESIAN_POINT('',(60.,-265.,381.90524980688));
#4239 = LINE('',#4240,#4241);
#4240 = CARTESIAN_POINT('',(60.,-265.,18.));
#4241 = VECTOR('',#4242,1.);
#4242 = DIRECTION('',(0.,0.,1.));
#4243 = ORIENTED_EDGE('',*,*,#4244,.F.);
#4244 = EDGE_CURVE('',#4221,#4237,#4245,.T.);
#4245 = LINE('',#4246,#4247);
#4246 = CARTESIAN_POINT('',(-60.,-265.,381.90524980688));
#4247 = VECTOR('',#4248,1.);
#4248 = DIRECTION('',(1.,-2.22044604925E-16,0.));
#4249 = PLANE('',#4250);
#4250 = AXIS2_PLACEMENT_3D('',#4251,#4252,#4253);
#4251 = CARTESIAN_POINT('',(-60.,-265.,18.));
#4252 = DIRECTION('',(-2.22044604925E-16,-1.,0.));
#4253 = DIRECTION('',(0.,0.,1.));
#4254 = ADVANCED_FACE('',(#4255),#4280,.F.);
#4255 = FACE_BOUND('',#4256,.F.);
#4256 = EDGE_LOOP('',(#4257,#4265,#4266,#4274));
#4257 = ORIENTED_EDGE('',*,*,#4258,.F.);
#4258 = EDGE_CURVE('',#4219,#4259,#4261,.T.);
#4259 = VERTEX_POINT('',#4260);
#4260 = CARTESIAN_POINT('',(-60.,-285.,367.90524980688));
#4261 = LINE('',#4262,#4263);
#4262 = CARTESIAN_POINT('',(-60.,-265.,367.90524980688));
#4263 = VECTOR('',#4264,1.);
#4264 = DIRECTION('',(-2.22044604925E-16,-1.,0.));
#4265 = ORIENTED_EDGE('',*,*,#4218,.T.);
#4266 = ORIENTED_EDGE('',*,*,#4267,.T.);
#4267 = EDGE_CURVE('',#4221,#4268,#4270,.T.);
#4268 = VERTEX_POINT('',#4269);
#4269 = CARTESIAN_POINT('',(-60.,-285.,381.90524980688));
#4270 = LINE('',#4271,#4272);
#4271 = CARTESIAN_POINT('',(-60.,-265.,381.90524980688));
#4272 = VECTOR('',#4273,1.);
#4273 = DIRECTION('',(-2.22044604925E-16,-1.,0.));
#4274 = ORIENTED_EDGE('',*,*,#4275,.F.);
#4275 = EDGE_CURVE('',#4259,#4268,#4276,.T.);
#4276 = LINE('',#4277,#4278);
#4277 = CARTESIAN_POINT('',(-60.,-285.,18.));
#4278 = VECTOR('',#4279,1.);
#4279 = DIRECTION('',(0.,0.,1.));
#4280 = PLANE('',#4281);
#4281 = AXIS2_PLACEMENT_3D('',#4282,#4283,#4284);
#4282 = CARTESIAN_POINT('',(-60.,-265.,18.));
#4283 = DIRECTION('',(1.,-2.22044604925E-16,0.));
#4284 = DIRECTION('',(0.,0.,1.));
#4285 = ADVANCED_FACE('',(#4286),#4304,.T.);
#4286 = FACE_BOUND('',#4287,.T.);
#4287 = EDGE_LOOP('',(#4288,#4289,#4290,#4298));
#4288 = ORIENTED_EDGE('',*,*,#4244,.F.);
#4289 = ORIENTED_EDGE('',*,*,#4267,.T.);
#4290 = ORIENTED_EDGE('',*,*,#4291,.T.);
#4291 = EDGE_CURVE('',#4268,#4292,#4294,.T.);
#4292 = VERTEX_POINT('',#4293);
#4293 = CARTESIAN_POINT('',(60.,-285.,381.90524980688));
#4294 = LINE('',#4295,#4296);
#4295 = CARTESIAN_POINT('',(-60.,-285.,381.90524980688));
#4296 = VECTOR('',#4297,1.);
#4297 = DIRECTION('',(1.,-2.22044604925E-16,0.));
#4298 = ORIENTED_EDGE('',*,*,#4299,.F.);
#4299 = EDGE_CURVE('',#4237,#4292,#4300,.T.);
#4300 = LINE('',#4301,#4302);
#4301 = CARTESIAN_POINT('',(60.,-265.,381.90524980688));
#4302 = VECTOR('',#4303,1.);
#4303 = DIRECTION('',(-2.22044604925E-16,-1.,0.));
#4304 = PLANE('',#4305);
#4305 = AXIS2_PLACEMENT_3D('',#4306,#4307,#4308);
#4306 = CARTESIAN_POINT('',(-60.,-265.,381.90524980688));
#4307 = DIRECTION('',(0.,0.,1.));
#4308 = DIRECTION('',(-2.22044604925E-16,-1.,0.));
#4309 = ADVANCED_FACE('',(#4310),#4328,.T.);
#4310 = FACE_BOUND('',#4311,.T.);
#4311 = EDGE_LOOP('',(#4312,#4320,#4321,#4322));
#4312 = ORIENTED_EDGE('',*,*,#4313,.F.);
#4313 = EDGE_CURVE('',#4229,#4314,#4316,.T.);
#4314 = VERTEX_POINT('',#4315);
#4315 = CARTESIAN_POINT('',(60.,-285.,367.90524980688));
#4316 = LINE('',#4317,#4318);
#4317 = CARTESIAN_POINT('',(60.,-265.,367.90524980688));
#4318 = VECTOR('',#4319,1.);
#4319 = DIRECTION('',(-2.22044604925E-16,-1.,0.));
#4320 = ORIENTED_EDGE('',*,*,#4236,.T.);
#4321 = ORIENTED_EDGE('',*,*,#4299,.T.);
#4322 = ORIENTED_EDGE('',*,*,#4323,.F.);
#4323 = EDGE_CURVE('',#4314,#4292,#4324,.T.);
#4324 = LINE('',#4325,#4326);
#4325 = CARTESIAN_POINT('',(60.,-285.,18.));
#4326 = VECTOR('',#4327,1.);
#4327 = DIRECTION('',(0.,0.,1.));
#4328 = PLANE('',#4329);
#4329 = AXIS2_PLACEMENT_3D('',#4330,#4331,#4332);
#4330 = CARTESIAN_POINT('',(60.,-265.,18.));
#4331 = DIRECTION('',(1.,-2.22044604925E-16,0.));
#4332 = DIRECTION('',(0.,0.,1.));
#4333 = ADVANCED_FACE('',(#4334),#4345,.F.);
#4334 = FACE_BOUND('',#4335,.F.);
#4335 = EDGE_LOOP('',(#4336,#4337,#4338,#4344));
#4336 = ORIENTED_EDGE('',*,*,#4228,.F.);
#4337 = ORIENTED_EDGE('',*,*,#4258,.T.);
#4338 = ORIENTED_EDGE('',*,*,#4339,.T.);
#4339 = EDGE_CURVE('',#4259,#4314,#4340,.T.);
#4340 = LINE('',#4341,#4342);
#4341 = CARTESIAN_POINT('',(-60.,-285.,367.90524980688));
#4342 = VECTOR('',#4343,1.);
#4343 = DIRECTION('',(1.,-2.22044604925E-16,0.));
#4344 = ORIENTED_EDGE('',*,*,#4313,.F.);
#4345 = PLANE('',#4346);
#4346 = AXIS2_PLACEMENT_3D('',#4347,#4348,#4349);
#4347 = CARTESIAN_POINT('',(-60.,-265.,367.90524980688));
#4348 = DIRECTION('',(0.,0.,1.));
#4349 = DIRECTION('',(-2.22044604925E-16,-1.,0.));
#4350 = ADVANCED_FACE('',(#4351),#4357,.T.);
#4351 = FACE_BOUND('',#4352,.T.);
#4352 = EDGE_LOOP('',(#4353,#4354,#4355,#4356));
#4353 = ORIENTED_EDGE('',*,*,#4275,.F.);
#4354 = ORIENTED_EDGE('',*,*,#4339,.T.);
#4355 = ORIENTED_EDGE('',*,*,#4323,.T.);
#4356 = ORIENTED_EDGE('',*,*,#4291,.F.);
#4357 = PLANE('',#4358);
#4358 = AXIS2_PLACEMENT_3D('',#4359,#4360,#4361);
#4359 = CARTESIAN_POINT('',(-60.,-285.,18.));
#4360 = DIRECTION('',(-2.22044604925E-16,-1.,0.));
#4361 = DIRECTION('',(0.,0.,1.));
#4362 = ( GEOMETRIC_REPRESENTATION_CONTEXT(3) 
GLOBAL_UNCERTAINTY_ASSIGNED_CONTEXT((#4366)) 
GLOBAL_UNIT_ASSIGNED_CONTEXT((#4363,#4364,#4365)) REPRESENTATION_CONTEXT
('Context #1','3D Context with UNIT and UNCERTAINTY') );
#4363 = ( LENGTH_UNIT() NAMED_UNIT(*) SI_UNIT(.MILLI.,.METRE.) );
#4364 = ( NAMED_UNIT(*) PLANE_ANGLE_UNIT() SI_UNIT($,.RADIAN.) );
#4365 = ( NAMED_UNIT(*) SI_UNIT($,.STERADIAN.) SOLID_ANGLE_UNIT() );
#4366 = UNCERTAINTY_MEASURE_WITH_UNIT(LENGTH_MEASURE(1.E-07),#4363,
  'distance_accuracy_value','confusion accuracy');
#4367 = CONTEXT_DEPENDENT_SHAPE_REPRESENTATION(#4368,#4370);
#4368 = ( REPRESENTATION_RELATIONSHIP('','',#4211,#10) 
REPRESENTATION_RELATIONSHIP_WITH_TRANSFORMATION(#4369) 
SHAPE_REPRESENTATION_RELATIONSHIP() );
#4369 = ITEM_DEFINED_TRANSFORMATION('','',#11,#99);
#4370 = PRODUCT_DEFINITION_SHAPE('Placement','Placement of an item',
  #4371);
#4371 = NEXT_ASSEMBLY_USAGE_OCCURRENCE('22',
  'P22 Arched blade 270 / maple segment 2','',#5,#4206,$);
#4372 = PRODUCT_RELATED_PRODUCT_CATEGORY('part',$,(#4208));
#4373 = SHAPE_DEFINITION_REPRESENTATION(#4374,#4380);
#4374 = PRODUCT_DEFINITION_SHAPE('','',#4375);
#4375 = PRODUCT_DEFINITION('design','',#4376,#4379);
#4376 = PRODUCT_DEFINITION_FORMATION('','',#4377);
#4377 = PRODUCT('P23 Arched blade 270 / maple segment 3',
  'P23 Arched blade 270 / maple segment 3','',(#4378));
#4378 = PRODUCT_CONTEXT('',#2,'mechanical');
#4379 = PRODUCT_DEFINITION_CONTEXT('part definition',#2,'design');
#4380 = ADVANCED_BREP_SHAPE_REPRESENTATION('',(#11,#4381),#4601);
#4381 = MANIFOLD_SOLID_BREP('',#4382);
#4382 = CLOSED_SHELL('',(#4383,#4423,#4454,#4485,#4518,#4551,#4573,#4587
    ));
#4383 = ADVANCED_FACE('',(#4384),#4418,.T.);
#4384 = FACE_BOUND('',#4385,.T.);
#4385 = EDGE_LOOP('',(#4386,#4396,#4404,#4412));
#4386 = ORIENTED_EDGE('',*,*,#4387,.F.);
#4387 = EDGE_CURVE('',#4388,#4390,#4392,.T.);
#4388 = VERTEX_POINT('',#4389);
#4389 = CARTESIAN_POINT('',(60.,-265.,395.90524980688));
#4390 = VERTEX_POINT('',#4391);
#4391 = CARTESIAN_POINT('',(60.,-285.,395.90524980688));
#4392 = LINE('',#4393,#4394);
#4393 = CARTESIAN_POINT('',(60.,-265.,395.90524980688));
#4394 = VECTOR('',#4395,1.);
#4395 = DIRECTION('',(-2.22044604925E-16,-1.,0.));
#4396 = ORIENTED_EDGE('',*,*,#4397,.T.);
#4397 = EDGE_CURVE('',#4388,#4398,#4400,.T.);
#4398 = VERTEX_POINT('',#4399);
#4399 = CARTESIAN_POINT('',(60.,-265.,471.90524980688));
#4400 = LINE('',#4401,#4402);
#4401 = CARTESIAN_POINT('',(60.,-265.,18.));
#4402 = VECTOR('',#4403,1.);
#4403 = DIRECTION('',(0.,0.,1.));
#4404 = ORIENTED_EDGE('',*,*,#4405,.T.);
#4405 = EDGE_CURVE('',#4398,#4406,#4408,.T.);
#4406 = VERTEX_POINT('',#4407);
#4407 = CARTESIAN_POINT('',(60.,-285.,471.90524980688));
#4408 = LINE('',#4409,#4410);
#4409 = CARTESIAN_POINT('',(60.,-265.,471.90524980688));
#4410 = VECTOR('',#4411,1.);
#4411 = DIRECTION('',(-2.22044604925E-16,-1.,0.));
#4412 = ORIENTED_EDGE('',*,*,#4413,.F.);
#4413 = EDGE_CURVE('',#4390,#4406,#4414,.T.);
#4414 = LINE('',#4415,#4416);
#4415 = CARTESIAN_POINT('',(60.,-285.,18.));
#4416 = VECTOR('',#4417,1.);
#4417 = DIRECTION('',(0.,0.,1.));
#4418 = PLANE('',#4419);
#4419 = AXIS2_PLACEMENT_3D('',#4420,#4421,#4422);
#4420 = CARTESIAN_POINT('',(60.,-265.,18.));
#4421 = DIRECTION('',(1.,-2.22044604925E-16,0.));
#4422 = DIRECTION('',(0.,0.,1.));
#4423 = ADVANCED_FACE('',(#4424),#4449,.F.);
#4424 = FACE_BOUND('',#4425,.F.);
#4425 = EDGE_LOOP('',(#4426,#4434,#4442,#4448));
#4426 = ORIENTED_EDGE('',*,*,#4427,.F.);
#4427 = EDGE_CURVE('',#4428,#4388,#4430,.T.);
#4428 = VERTEX_POINT('',#4429);
#4429 = CARTESIAN_POINT('',(-60.,-265.,395.90524980688));
#4430 = LINE('',#4431,#4432);
#4431 = CARTESIAN_POINT('',(-60.,-265.,395.90524980688));
#4432 = VECTOR('',#4433,1.);
#4433 = DIRECTION('',(1.,-2.22044604925E-16,0.));
#4434 = ORIENTED_EDGE('',*,*,#4435,.T.);
#4435 = EDGE_CURVE('',#4428,#4436,#4438,.T.);
#4436 = VERTEX_POINT('',#4437);
#4437 = CARTESIAN_POINT('',(-60.,-285.,395.90524980688));
#4438 = LINE('',#4439,#4440);
#4439 = CARTESIAN_POINT('',(-60.,-265.,395.90524980688));
#4440 = VECTOR('',#4441,1.);
#4441 = DIRECTION('',(-2.22044604925E-16,-1.,0.));
#4442 = ORIENTED_EDGE('',*,*,#4443,.T.);
#4443 = EDGE_CURVE('',#4436,#4390,#4444,.T.);
#4444 = LINE('',#4445,#4446);
#4445 = CARTESIAN_POINT('',(-60.,-285.,395.90524980688));
#4446 = VECTOR('',#4447,1.);
#4447 = DIRECTION('',(1.,-2.22044604925E-16,0.));
#4448 = ORIENTED_EDGE('',*,*,#4387,.F.);
#4449 = PLANE('',#4450);
#4450 = AXIS2_PLACEMENT_3D('',#4451,#4452,#4453);
#4451 = CARTESIAN_POINT('',(-60.,-265.,395.90524980688));
#4452 = DIRECTION('',(0.,0.,1.));
#4453 = DIRECTION('',(-2.22044604925E-16,-1.,0.));
#4454 = ADVANCED_FACE('',(#4455),#4480,.F.);
#4455 = FACE_BOUND('',#4456,.F.);
#4456 = EDGE_LOOP('',(#4457,#4458,#4466,#4474));
#4457 = ORIENTED_EDGE('',*,*,#4435,.F.);
#4458 = ORIENTED_EDGE('',*,*,#4459,.T.);
#4459 = EDGE_CURVE('',#4428,#4460,#4462,.T.);
#4460 = VERTEX_POINT('',#4461);
#4461 = CARTESIAN_POINT('',(-60.,-265.,471.90524980688));
#4462 = LINE('',#4463,#4464);
#4463 = CARTESIAN_POINT('',(-60.,-265.,18.));
#4464 = VECTOR('',#4465,1.);
#4465 = DIRECTION('',(0.,0.,1.));
#4466 = ORIENTED_EDGE('',*,*,#4467,.T.);
#4467 = EDGE_CURVE('',#4460,#4468,#4470,.T.);
#4468 = VERTEX_POINT('',#4469);
#4469 = CARTESIAN_POINT('',(-60.,-285.,471.90524980688));
#4470 = LINE('',#4471,#4472);
#4471 = CARTESIAN_POINT('',(-60.,-265.,471.90524980688));
#4472 = VECTOR('',#4473,1.);
#4473 = DIRECTION('',(-2.22044604925E-16,-1.,0.));
#4474 = ORIENTED_EDGE('',*,*,#4475,.F.);
#4475 = EDGE_CURVE('',#4436,#4468,#4476,.T.);
#4476 = LINE('',#4477,#4478);
#4477 = CARTESIAN_POINT('',(-60.,-285.,18.));
#4478 = VECTOR('',#4479,1.);
#4479 = DIRECTION('',(0.,0.,1.));
#4480 = PLANE('',#4481);
#4481 = AXIS2_PLACEMENT_3D('',#4482,#4483,#4484);
#4482 = CARTESIAN_POINT('',(-60.,-265.,18.));
#4483 = DIRECTION('',(1.,-2.22044604925E-16,0.));
#4484 = DIRECTION('',(0.,0.,1.));
#4485 = ADVANCED_FACE('',(#4486),#4513,.T.);
#4486 = FACE_BOUND('',#4487,.T.);
#4487 = EDGE_LOOP('',(#4488,#4497,#4505,#4512));
#4488 = ORIENTED_EDGE('',*,*,#4489,.F.);
#4489 = EDGE_CURVE('',#4490,#4468,#4492,.T.);
#4490 = VERTEX_POINT('',#4491);
#4491 = CARTESIAN_POINT('',(-15.,-285.,530.));
#4492 = CIRCLE('',#4493,60.);
#4493 = AXIS2_PLACEMENT_3D('',#4494,#4495,#4496);
#4494 = CARTESIAN_POINT('',(-6.328271240363E-14,-285.,471.90524980688));
#4495 = DIRECTION('',(-2.22044604925E-16,-1.,0.));
#4496 = DIRECTION('',(0.,0.,1.));
#4497 = ORIENTED_EDGE('',*,*,#4498,.F.);
#4498 = EDGE_CURVE('',#4499,#4490,#4501,.T.);
#4499 = VERTEX_POINT('',#4500);
#4500 = CARTESIAN_POINT('',(-15.,-265.,530.));
#4501 = LINE('',#4502,#4503);
#4502 = CARTESIAN_POINT('',(-15.,-265.,530.));
#4503 = VECTOR('',#4504,1.);
#4504 = DIRECTION('',(-2.22044604925E-16,-1.,0.));
#4505 = ORIENTED_EDGE('',*,*,#4506,.T.);
#4506 = EDGE_CURVE('',#4499,#4460,#4507,.T.);
#4507 = CIRCLE('',#4508,60.);
#4508 = AXIS2_PLACEMENT_3D('',#4509,#4510,#4511);
#4509 = CARTESIAN_POINT('',(-5.884182030513E-14,-265.,471.90524980688));
#4510 = DIRECTION('',(-2.22044604925E-16,-1.,0.));
#4511 = DIRECTION('',(0.,0.,1.));
#4512 = ORIENTED_EDGE('',*,*,#4467,.T.);
#4513 = CYLINDRICAL_SURFACE('',#4514,60.);
#4514 = AXIS2_PLACEMENT_3D('',#4515,#4516,#4517);
#4515 = CARTESIAN_POINT('',(-5.884182030513E-14,-265.,471.90524980688));
#4516 = DIRECTION('',(-2.22044604925E-16,-1.,0.));
#4517 = DIRECTION('',(0.,0.,1.));
#4518 = ADVANCED_FACE('',(#4519),#4546,.T.);
#4519 = FACE_BOUND('',#4520,.T.);
#4520 = EDGE_LOOP('',(#4521,#4531,#4538,#4539));
#4521 = ORIENTED_EDGE('',*,*,#4522,.T.);
#4522 = EDGE_CURVE('',#4523,#4525,#4527,.T.);
#4523 = VERTEX_POINT('',#4524);
#4524 = CARTESIAN_POINT('',(15.000000000001,-265.,530.));
#4525 = VERTEX_POINT('',#4526);
#4526 = CARTESIAN_POINT('',(15.000000000001,-285.,530.));
#4527 = LINE('',#4528,#4529);
#4528 = CARTESIAN_POINT('',(15.,-265.,530.));
#4529 = VECTOR('',#4530,1.);
#4530 = DIRECTION('',(-2.22044604925E-16,-1.,0.));
#4531 = ORIENTED_EDGE('',*,*,#4532,.F.);
#4532 = EDGE_CURVE('',#4406,#4525,#4533,.T.);
#4533 = CIRCLE('',#4534,60.);
#4534 = AXIS2_PLACEMENT_3D('',#4535,#4536,#4537);
#4535 = CARTESIAN_POINT('',(-6.328271240363E-14,-285.,471.90524980688));
#4536 = DIRECTION('',(-2.22044604925E-16,-1.,0.));
#4537 = DIRECTION('',(0.,0.,1.));
#4538 = ORIENTED_EDGE('',*,*,#4405,.F.);
#4539 = ORIENTED_EDGE('',*,*,#4540,.T.);
#4540 = EDGE_CURVE('',#4398,#4523,#4541,.T.);
#4541 = CIRCLE('',#4542,60.);
#4542 = AXIS2_PLACEMENT_3D('',#4543,#4544,#4545);
#4543 = CARTESIAN_POINT('',(-5.884182030513E-14,-265.,471.90524980688));
#4544 = DIRECTION('',(-2.22044604925E-16,-1.,0.));
#4545 = DIRECTION('',(0.,0.,1.));
#4546 = CYLINDRICAL_SURFACE('',#4547,60.);
#4547 = AXIS2_PLACEMENT_3D('',#4548,#4549,#4550);
#4548 = CARTESIAN_POINT('',(-5.884182030513E-14,-265.,471.90524980688));
#4549 = DIRECTION('',(-2.22044604925E-16,-1.,0.));
#4550 = DIRECTION('',(0.,0.,1.));
#4551 = ADVANCED_FACE('',(#4552),#4568,.T.);
#4552 = FACE_BOUND('',#4553,.T.);
#4553 = EDGE_LOOP('',(#4554,#4560,#4561,#4567));
#4554 = ORIENTED_EDGE('',*,*,#4555,.F.);
#4555 = EDGE_CURVE('',#4499,#4523,#4556,.T.);
#4556 = LINE('',#4557,#4558);
#4557 = CARTESIAN_POINT('',(-60.,-265.,530.));
#4558 = VECTOR('',#4559,1.);
#4559 = DIRECTION('',(1.,-2.22044604925E-16,0.));
#4560 = ORIENTED_EDGE('',*,*,#4498,.T.);
#4561 = ORIENTED_EDGE('',*,*,#4562,.T.);
#4562 = EDGE_CURVE('',#4490,#4525,#4563,.T.);
#4563 = LINE('',#4564,#4565);
#4564 = CARTESIAN_POINT('',(-60.,-285.,530.));
#4565 = VECTOR('',#4566,1.);
#4566 = DIRECTION('',(1.,-2.22044604925E-16,0.));
#4567 = ORIENTED_EDGE('',*,*,#4522,.F.);
#4568 = PLANE('',#4569);
#4569 = AXIS2_PLACEMENT_3D('',#4570,#4571,#4572);
#4570 = CARTESIAN_POINT('',(-60.,-265.,530.));
#4571 = DIRECTION('',(0.,0.,1.));
#4572 = DIRECTION('',(-2.22044604925E-16,-1.,0.));
#4573 = ADVANCED_FACE('',(#4574),#4582,.T.);
#4574 = FACE_BOUND('',#4575,.T.);
#4575 = EDGE_LOOP('',(#4576,#4577,#4578,#4579,#4580,#4581));
#4576 = ORIENTED_EDGE('',*,*,#4459,.T.);
#4577 = ORIENTED_EDGE('',*,*,#4506,.F.);
#4578 = ORIENTED_EDGE('',*,*,#4555,.T.);
#4579 = ORIENTED_EDGE('',*,*,#4540,.F.);
#4580 = ORIENTED_EDGE('',*,*,#4397,.F.);
#4581 = ORIENTED_EDGE('',*,*,#4427,.F.);
#4582 = PLANE('',#4583);
#4583 = AXIS2_PLACEMENT_3D('',#4584,#4585,#4586);
#4584 = CARTESIAN_POINT('',(-5.747456159192E-14,-265.,454.72751870174));
#4585 = DIRECTION('',(0.,1.,0.));
#4586 = DIRECTION('',(0.,-0.,1.));
#4587 = ADVANCED_FACE('',(#4588),#4596,.T.);
#4588 = FACE_BOUND('',#4589,.T.);
#4589 = EDGE_LOOP('',(#4590,#4591,#4592,#4593,#4594,#4595));
#4590 = ORIENTED_EDGE('',*,*,#4475,.F.);
#4591 = ORIENTED_EDGE('',*,*,#4443,.T.);
#4592 = ORIENTED_EDGE('',*,*,#4413,.T.);
#4593 = ORIENTED_EDGE('',*,*,#4532,.T.);
#4594 = ORIENTED_EDGE('',*,*,#4562,.F.);
#4595 = ORIENTED_EDGE('',*,*,#4489,.T.);
#4596 = PLANE('',#4597);
#4597 = AXIS2_PLACEMENT_3D('',#4598,#4599,#4600);
#4598 = CARTESIAN_POINT('',(-5.623588569554E-14,-285.,454.72751870174));
#4599 = DIRECTION('',(-0.,-1.,-0.));
#4600 = DIRECTION('',(0.,0.,-1.));
#4601 = ( GEOMETRIC_REPRESENTATION_CONTEXT(3) 
GLOBAL_UNCERTAINTY_ASSIGNED_CONTEXT((#4605)) 
GLOBAL_UNIT_ASSIGNED_CONTEXT((#4602,#4603,#4604)) REPRESENTATION_CONTEXT
('Context #1','3D Context with UNIT and UNCERTAINTY') );
#4602 = ( LENGTH_UNIT() NAMED_UNIT(*) SI_UNIT(.MILLI.,.METRE.) );
#4603 = ( NAMED_UNIT(*) PLANE_ANGLE_UNIT() SI_UNIT($,.RADIAN.) );
#4604 = ( NAMED_UNIT(*) SI_UNIT($,.STERADIAN.) SOLID_ANGLE_UNIT() );
#4605 = UNCERTAINTY_MEASURE_WITH_UNIT(LENGTH_MEASURE(1.E-07),#4602,
  'distance_accuracy_value','confusion accuracy');
#4606 = CONTEXT_DEPENDENT_SHAPE_REPRESENTATION(#4607,#4609);
#4607 = ( REPRESENTATION_RELATIONSHIP('','',#4380,#10) 
REPRESENTATION_RELATIONSHIP_WITH_TRANSFORMATION(#4608) 
SHAPE_REPRESENTATION_RELATIONSHIP() );
#4608 = ITEM_DEFINED_TRANSFORMATION('','',#11,#103);
#4609 = PRODUCT_DEFINITION_SHAPE('Placement','Placement of an item',
  #4610);
#4610 = NEXT_ASSEMBLY_USAGE_OCCURRENCE('23',
  'P23 Arched blade 270 / maple segment 3','',#5,#4375,$);
#4611 = PRODUCT_RELATED_PRODUCT_CATEGORY('part',$,(#4377));
#4612 = SHAPE_DEFINITION_REPRESENTATION(#4613,#4619);
#4613 = PRODUCT_DEFINITION_SHAPE('','',#4614);
#4614 = PRODUCT_DEFINITION('design','',#4615,#4618);
#4615 = PRODUCT_DEFINITION_FORMATION('','',#4616);
#4616 = PRODUCT('P24 Slot jamb 270 / -1','P24 Slot jamb 270 / -1','',(
    #4617));
#4617 = PRODUCT_CONTEXT('',#2,'mechanical');
#4618 = PRODUCT_DEFINITION_CONTEXT('part definition',#2,'design');
#4619 = ADVANCED_BREP_SHAPE_REPRESENTATION('',(#11,#4620),#4770);
#4620 = MANIFOLD_SOLID_BREP('',#4621);
#4621 = CLOSED_SHELL('',(#4622,#4662,#4702,#4724,#4746,#4758));
#4622 = ADVANCED_FACE('',(#4623),#4657,.F.);
#4623 = FACE_BOUND('',#4624,.F.);
#4624 = EDGE_LOOP('',(#4625,#4635,#4643,#4651));
#4625 = ORIENTED_EDGE('',*,*,#4626,.F.);
#4626 = EDGE_CURVE('',#4627,#4629,#4631,.T.);
#4627 = VERTEX_POINT('',#4628);
#4628 = CARTESIAN_POINT('',(-14.,-265.,18.));
#4629 = VERTEX_POINT('',#4630);
#4630 = CARTESIAN_POINT('',(-14.,-265.,280.));
#4631 = LINE('',#4632,#4633);
#4632 = CARTESIAN_POINT('',(-14.,-265.,18.));
#4633 = VECTOR('',#4634,1.);
#4634 = DIRECTION('',(0.,0.,1.));
#4635 = ORIENTED_EDGE('',*,*,#4636,.T.);
#4636 = EDGE_CURVE('',#4627,#4637,#4639,.T.);
#4637 = VERTEX_POINT('',#4638);
#4638 = CARTESIAN_POINT('',(-10.,-265.,18.));
#4639 = LINE('',#4640,#4641);
#4640 = CARTESIAN_POINT('',(-14.,-265.,18.));
#4641 = VECTOR('',#4642,1.);
#4642 = DIRECTION('',(1.,-2.22044604925E-16,0.));
#4643 = ORIENTED_EDGE('',*,*,#4644,.T.);
#4644 = EDGE_CURVE('',#4637,#4645,#4647,.T.);
#4645 = VERTEX_POINT('',#4646);
#4646 = CARTESIAN_POINT('',(-10.,-265.,280.));
#4647 = LINE('',#4648,#4649);
#4648 = CARTESIAN_POINT('',(-10.,-265.,18.));
#4649 = VECTOR('',#4650,1.);
#4650 = DIRECTION('',(0.,0.,1.));
#4651 = ORIENTED_EDGE('',*,*,#4652,.F.);
#4652 = EDGE_CURVE('',#4629,#4645,#4653,.T.);
#4653 = LINE('',#4654,#4655);
#4654 = CARTESIAN_POINT('',(-14.,-265.,280.));
#4655 = VECTOR('',#4656,1.);
#4656 = DIRECTION('',(1.,-2.22044604925E-16,0.));
#4657 = PLANE('',#4658);
#4658 = AXIS2_PLACEMENT_3D('',#4659,#4660,#4661);
#4659 = CARTESIAN_POINT('',(-14.,-265.,18.));
#4660 = DIRECTION('',(-2.22044604925E-16,-1.,0.));
#4661 = DIRECTION('',(0.,0.,1.));
#4662 = ADVANCED_FACE('',(#4663),#4697,.T.);
#4663 = FACE_BOUND('',#4664,.T.);
#4664 = EDGE_LOOP('',(#4665,#4675,#4683,#4691));
#4665 = ORIENTED_EDGE('',*,*,#4666,.F.);
#4666 = EDGE_CURVE('',#4667,#4669,#4671,.T.);
#4667 = VERTEX_POINT('',#4668);
#4668 = CARTESIAN_POINT('',(-14.,-285.,18.));
#4669 = VERTEX_POINT('',#4670);
#4670 = CARTESIAN_POINT('',(-14.,-285.,280.));
#4671 = LINE('',#4672,#4673);
#4672 = CARTESIAN_POINT('',(-14.,-285.,18.));
#4673 = VECTOR('',#4674,1.);
#4674 = DIRECTION('',(0.,0.,1.));
#4675 = ORIENTED_EDGE('',*,*,#4676,.T.);
#4676 = EDGE_CURVE('',#4667,#4677,#4679,.T.);
#4677 = VERTEX_POINT('',#4678);
#4678 = CARTESIAN_POINT('',(-10.,-285.,18.));
#4679 = LINE('',#4680,#4681);
#4680 = CARTESIAN_POINT('',(-14.,-285.,18.));
#4681 = VECTOR('',#4682,1.);
#4682 = DIRECTION('',(1.,-2.22044604925E-16,0.));
#4683 = ORIENTED_EDGE('',*,*,#4684,.T.);
#4684 = EDGE_CURVE('',#4677,#4685,#4687,.T.);
#4685 = VERTEX_POINT('',#4686);
#4686 = CARTESIAN_POINT('',(-10.,-285.,280.));
#4687 = LINE('',#4688,#4689);
#4688 = CARTESIAN_POINT('',(-10.,-285.,18.));
#4689 = VECTOR('',#4690,1.);
#4690 = DIRECTION('',(0.,0.,1.));
#4691 = ORIENTED_EDGE('',*,*,#4692,.F.);
#4692 = EDGE_CURVE('',#4669,#4685,#4693,.T.);
#4693 = LINE('',#4694,#4695);
#4694 = CARTESIAN_POINT('',(-14.,-285.,280.));
#4695 = VECTOR('',#4696,1.);
#4696 = DIRECTION('',(1.,-2.22044604925E-16,0.));
#4697 = PLANE('',#4698);
#4698 = AXIS2_PLACEMENT_3D('',#4699,#4700,#4701);
#4699 = CARTESIAN_POINT('',(-14.,-285.,18.));
#4700 = DIRECTION('',(-2.22044604925E-16,-1.,0.));
#4701 = DIRECTION('',(0.,0.,1.));
#4702 = ADVANCED_FACE('',(#4703),#4719,.F.);
#4703 = FACE_BOUND('',#4704,.F.);
#4704 = EDGE_LOOP('',(#4705,#4711,#4712,#4718));
#4705 = ORIENTED_EDGE('',*,*,#4706,.F.);
#4706 = EDGE_CURVE('',#4627,#4667,#4707,.T.);
#4707 = LINE('',#4708,#4709);
#4708 = CARTESIAN_POINT('',(-14.,-265.,18.));
#4709 = VECTOR('',#4710,1.);
#4710 = DIRECTION('',(-2.22044604925E-16,-1.,0.));
#4711 = ORIENTED_EDGE('',*,*,#4626,.T.);
#4712 = ORIENTED_EDGE('',*,*,#4713,.T.);
#4713 = EDGE_CURVE('',#4629,#4669,#4714,.T.);
#4714 = LINE('',#4715,#4716);
#4715 = CARTESIAN_POINT('',(-14.,-265.,280.));
#4716 = VECTOR('',#4717,1.);
#4717 = DIRECTION('',(-2.22044604925E-16,-1.,0.));
#4718 = ORIENTED_EDGE('',*,*,#4666,.F.);
#4719 = PLANE('',#4720);
#4720 = AXIS2_PLACEMENT_3D('',#4721,#4722,#4723);
#4721 = CARTESIAN_POINT('',(-14.,-265.,18.));
#4722 = DIRECTION('',(1.,-2.22044604925E-16,0.));
#4723 = DIRECTION('',(0.,0.,1.));
#4724 = ADVANCED_FACE('',(#4725),#4741,.T.);
#4725 = FACE_BOUND('',#4726,.T.);
#4726 = EDGE_LOOP('',(#4727,#4733,#4734,#4740));
#4727 = ORIENTED_EDGE('',*,*,#4728,.F.);
#4728 = EDGE_CURVE('',#4637,#4677,#4729,.T.);
#4729 = LINE('',#4730,#4731);
#4730 = CARTESIAN_POINT('',(-10.,-265.,18.));
#4731 = VECTOR('',#4732,1.);
#4732 = DIRECTION('',(-2.22044604925E-16,-1.,0.));
#4733 = ORIENTED_EDGE('',*,*,#4644,.T.);
#4734 = ORIENTED_EDGE('',*,*,#4735,.T.);
#4735 = EDGE_CURVE('',#4645,#4685,#4736,.T.);
#4736 = LINE('',#4737,#4738);
#4737 = CARTESIAN_POINT('',(-10.,-265.,280.));
#4738 = VECTOR('',#4739,1.);
#4739 = DIRECTION('',(-2.22044604925E-16,-1.,0.));
#4740 = ORIENTED_EDGE('',*,*,#4684,.F.);
#4741 = PLANE('',#4742);
#4742 = AXIS2_PLACEMENT_3D('',#4743,#4744,#4745);
#4743 = CARTESIAN_POINT('',(-10.,-265.,18.));
#4744 = DIRECTION('',(1.,-2.22044604925E-16,0.));
#4745 = DIRECTION('',(0.,0.,1.));
#4746 = ADVANCED_FACE('',(#4747),#4753,.F.);
#4747 = FACE_BOUND('',#4748,.F.);
#4748 = EDGE_LOOP('',(#4749,#4750,#4751,#4752));
#4749 = ORIENTED_EDGE('',*,*,#4636,.F.);
#4750 = ORIENTED_EDGE('',*,*,#4706,.T.);
#4751 = ORIENTED_EDGE('',*,*,#4676,.T.);
#4752 = ORIENTED_EDGE('',*,*,#4728,.F.);
#4753 = PLANE('',#4754);
#4754 = AXIS2_PLACEMENT_3D('',#4755,#4756,#4757);
#4755 = CARTESIAN_POINT('',(-14.,-265.,18.));
#4756 = DIRECTION('',(0.,0.,1.));
#4757 = DIRECTION('',(-2.22044604925E-16,-1.,0.));
#4758 = ADVANCED_FACE('',(#4759),#4765,.T.);
#4759 = FACE_BOUND('',#4760,.T.);
#4760 = EDGE_LOOP('',(#4761,#4762,#4763,#4764));
#4761 = ORIENTED_EDGE('',*,*,#4652,.F.);
#4762 = ORIENTED_EDGE('',*,*,#4713,.T.);
#4763 = ORIENTED_EDGE('',*,*,#4692,.T.);
#4764 = ORIENTED_EDGE('',*,*,#4735,.F.);
#4765 = PLANE('',#4766);
#4766 = AXIS2_PLACEMENT_3D('',#4767,#4768,#4769);
#4767 = CARTESIAN_POINT('',(-14.,-265.,280.));
#4768 = DIRECTION('',(0.,0.,1.));
#4769 = DIRECTION('',(-2.22044604925E-16,-1.,0.));
#4770 = ( GEOMETRIC_REPRESENTATION_CONTEXT(3) 
GLOBAL_UNCERTAINTY_ASSIGNED_CONTEXT((#4774)) 
GLOBAL_UNIT_ASSIGNED_CONTEXT((#4771,#4772,#4773)) REPRESENTATION_CONTEXT
('Context #1','3D Context with UNIT and UNCERTAINTY') );
#4771 = ( LENGTH_UNIT() NAMED_UNIT(*) SI_UNIT(.MILLI.,.METRE.) );
#4772 = ( NAMED_UNIT(*) PLANE_ANGLE_UNIT() SI_UNIT($,.RADIAN.) );
#4773 = ( NAMED_UNIT(*) SI_UNIT($,.STERADIAN.) SOLID_ANGLE_UNIT() );
#4774 = UNCERTAINTY_MEASURE_WITH_UNIT(LENGTH_MEASURE(1.E-07),#4771,
  'distance_accuracy_value','confusion accuracy');
#4775 = CONTEXT_DEPENDENT_SHAPE_REPRESENTATION(#4776,#4778);
#4776 = ( REPRESENTATION_RELATIONSHIP('','',#4619,#10) 
REPRESENTATION_RELATIONSHIP_WITH_TRANSFORMATION(#4777) 
SHAPE_REPRESENTATION_RELATIONSHIP() );
#4777 = ITEM_DEFINED_TRANSFORMATION('','',#11,#107);
#4778 = PRODUCT_DEFINITION_SHAPE('Placement','Placement of an item',
  #4779);
#4779 = NEXT_ASSEMBLY_USAGE_OCCURRENCE('24','P24 Slot jamb 270 / -1','',
  #5,#4614,$);
#4780 = PRODUCT_RELATED_PRODUCT_CATEGORY('part',$,(#4616));
#4781 = SHAPE_DEFINITION_REPRESENTATION(#4782,#4788);
#4782 = PRODUCT_DEFINITION_SHAPE('','',#4783);
#4783 = PRODUCT_DEFINITION('design','',#4784,#4787);
#4784 = PRODUCT_DEFINITION_FORMATION('','',#4785);
#4785 = PRODUCT('P25 Slot jamb 270 / 1','P25 Slot jamb 270 / 1','',(
    #4786));
#4786 = PRODUCT_CONTEXT('',#2,'mechanical');
#4787 = PRODUCT_DEFINITION_CONTEXT('part definition',#2,'design');
#4788 = ADVANCED_BREP_SHAPE_REPRESENTATION('',(#11,#4789),#4939);
#4789 = MANIFOLD_SOLID_BREP('',#4790);
#4790 = CLOSED_SHELL('',(#4791,#4831,#4871,#4893,#4915,#4927));
#4791 = ADVANCED_FACE('',(#4792),#4826,.F.);
#4792 = FACE_BOUND('',#4793,.F.);
#4793 = EDGE_LOOP('',(#4794,#4804,#4812,#4820));
#4794 = ORIENTED_EDGE('',*,*,#4795,.F.);
#4795 = EDGE_CURVE('',#4796,#4798,#4800,.T.);
#4796 = VERTEX_POINT('',#4797);
#4797 = CARTESIAN_POINT('',(10.,-265.,18.));
#4798 = VERTEX_POINT('',#4799);
#4799 = CARTESIAN_POINT('',(10.,-265.,280.));
#4800 = LINE('',#4801,#4802);
#4801 = CARTESIAN_POINT('',(10.,-265.,18.));
#4802 = VECTOR('',#4803,1.);
#4803 = DIRECTION('',(0.,0.,1.));
#4804 = ORIENTED_EDGE('',*,*,#4805,.T.);
#4805 = EDGE_CURVE('',#4796,#4806,#4808,.T.);
#4806 = VERTEX_POINT('',#4807);
#4807 = CARTESIAN_POINT('',(14.,-265.,18.));
#4808 = LINE('',#4809,#4810);
#4809 = CARTESIAN_POINT('',(10.,-265.,18.));
#4810 = VECTOR('',#4811,1.);
#4811 = DIRECTION('',(1.,-2.22044604925E-16,0.));
#4812 = ORIENTED_EDGE('',*,*,#4813,.T.);
#4813 = EDGE_CURVE('',#4806,#4814,#4816,.T.);
#4814 = VERTEX_POINT('',#4815);
#4815 = CARTESIAN_POINT('',(14.,-265.,280.));
#4816 = LINE('',#4817,#4818);
#4817 = CARTESIAN_POINT('',(14.,-265.,18.));
#4818 = VECTOR('',#4819,1.);
#4819 = DIRECTION('',(0.,0.,1.));
#4820 = ORIENTED_EDGE('',*,*,#4821,.F.);
#4821 = EDGE_CURVE('',#4798,#4814,#4822,.T.);
#4822 = LINE('',#4823,#4824);
#4823 = CARTESIAN_POINT('',(10.,-265.,280.));
#4824 = VECTOR('',#4825,1.);
#4825 = DIRECTION('',(1.,-2.22044604925E-16,0.));
#4826 = PLANE('',#4827);
#4827 = AXIS2_PLACEMENT_3D('',#4828,#4829,#4830);
#4828 = CARTESIAN_POINT('',(10.,-265.,18.));
#4829 = DIRECTION('',(-2.22044604925E-16,-1.,0.));
#4830 = DIRECTION('',(0.,0.,1.));
#4831 = ADVANCED_FACE('',(#4832),#4866,.T.);
#4832 = FACE_BOUND('',#4833,.T.);
#4833 = EDGE_LOOP('',(#4834,#4844,#4852,#4860));
#4834 = ORIENTED_EDGE('',*,*,#4835,.F.);
#4835 = EDGE_CURVE('',#4836,#4838,#4840,.T.);
#4836 = VERTEX_POINT('',#4837);
#4837 = CARTESIAN_POINT('',(10.,-285.,18.));
#4838 = VERTEX_POINT('',#4839);
#4839 = CARTESIAN_POINT('',(10.,-285.,280.));
#4840 = LINE('',#4841,#4842);
#4841 = CARTESIAN_POINT('',(10.,-285.,18.));
#4842 = VECTOR('',#4843,1.);
#4843 = DIRECTION('',(0.,0.,1.));
#4844 = ORIENTED_EDGE('',*,*,#4845,.T.);
#4845 = EDGE_CURVE('',#4836,#4846,#4848,.T.);
#4846 = VERTEX_POINT('',#4847);
#4847 = CARTESIAN_POINT('',(14.,-285.,18.));
#4848 = LINE('',#4849,#4850);
#4849 = CARTESIAN_POINT('',(10.,-285.,18.));
#4850 = VECTOR('',#4851,1.);
#4851 = DIRECTION('',(1.,-2.22044604925E-16,0.));
#4852 = ORIENTED_EDGE('',*,*,#4853,.T.);
#4853 = EDGE_CURVE('',#4846,#4854,#4856,.T.);
#4854 = VERTEX_POINT('',#4855);
#4855 = CARTESIAN_POINT('',(14.,-285.,280.));
#4856 = LINE('',#4857,#4858);
#4857 = CARTESIAN_POINT('',(14.,-285.,18.));
#4858 = VECTOR('',#4859,1.);
#4859 = DIRECTION('',(0.,0.,1.));
#4860 = ORIENTED_EDGE('',*,*,#4861,.F.);
#4861 = EDGE_CURVE('',#4838,#4854,#4862,.T.);
#4862 = LINE('',#4863,#4864);
#4863 = CARTESIAN_POINT('',(10.,-285.,280.));
#4864 = VECTOR('',#4865,1.);
#4865 = DIRECTION('',(1.,-2.22044604925E-16,0.));
#4866 = PLANE('',#4867);
#4867 = AXIS2_PLACEMENT_3D('',#4868,#4869,#4870);
#4868 = CARTESIAN_POINT('',(10.,-285.,18.));
#4869 = DIRECTION('',(-2.22044604925E-16,-1.,0.));
#4870 = DIRECTION('',(0.,0.,1.));
#4871 = ADVANCED_FACE('',(#4872),#4888,.F.);
#4872 = FACE_BOUND('',#4873,.F.);
#4873 = EDGE_LOOP('',(#4874,#4880,#4881,#4887));
#4874 = ORIENTED_EDGE('',*,*,#4875,.F.);
#4875 = EDGE_CURVE('',#4796,#4836,#4876,.T.);
#4876 = LINE('',#4877,#4878);
#4877 = CARTESIAN_POINT('',(10.,-265.,18.));
#4878 = VECTOR('',#4879,1.);
#4879 = DIRECTION('',(-2.22044604925E-16,-1.,0.));
#4880 = ORIENTED_EDGE('',*,*,#4795,.T.);
#4881 = ORIENTED_EDGE('',*,*,#4882,.T.);
#4882 = EDGE_CURVE('',#4798,#4838,#4883,.T.);
#4883 = LINE('',#4884,#4885);
#4884 = CARTESIAN_POINT('',(10.,-265.,280.));
#4885 = VECTOR('',#4886,1.);
#4886 = DIRECTION('',(-2.22044604925E-16,-1.,0.));
#4887 = ORIENTED_EDGE('',*,*,#4835,.F.);
#4888 = PLANE('',#4889);
#4889 = AXIS2_PLACEMENT_3D('',#4890,#4891,#4892);
#4890 = CARTESIAN_POINT('',(10.,-265.,18.));
#4891 = DIRECTION('',(1.,-2.22044604925E-16,0.));
#4892 = DIRECTION('',(0.,0.,1.));
#4893 = ADVANCED_FACE('',(#4894),#4910,.T.);
#4894 = FACE_BOUND('',#4895,.T.);
#4895 = EDGE_LOOP('',(#4896,#4902,#4903,#4909));
#4896 = ORIENTED_EDGE('',*,*,#4897,.F.);
#4897 = EDGE_CURVE('',#4806,#4846,#4898,.T.);
#4898 = LINE('',#4899,#4900);
#4899 = CARTESIAN_POINT('',(14.,-265.,18.));
#4900 = VECTOR('',#4901,1.);
#4901 = DIRECTION('',(-2.22044604925E-16,-1.,0.));
#4902 = ORIENTED_EDGE('',*,*,#4813,.T.);
#4903 = ORIENTED_EDGE('',*,*,#4904,.T.);
#4904 = EDGE_CURVE('',#4814,#4854,#4905,.T.);
#4905 = LINE('',#4906,#4907);
#4906 = CARTESIAN_POINT('',(14.,-265.,280.));
#4907 = VECTOR('',#4908,1.);
#4908 = DIRECTION('',(-2.22044604925E-16,-1.,0.));
#4909 = ORIENTED_EDGE('',*,*,#4853,.F.);
#4910 = PLANE('',#4911);
#4911 = AXIS2_PLACEMENT_3D('',#4912,#4913,#4914);
#4912 = CARTESIAN_POINT('',(14.,-265.,18.));
#4913 = DIRECTION('',(1.,-2.22044604925E-16,0.));
#4914 = DIRECTION('',(0.,0.,1.));
#4915 = ADVANCED_FACE('',(#4916),#4922,.F.);
#4916 = FACE_BOUND('',#4917,.F.);
#4917 = EDGE_LOOP('',(#4918,#4919,#4920,#4921));
#4918 = ORIENTED_EDGE('',*,*,#4805,.F.);
#4919 = ORIENTED_EDGE('',*,*,#4875,.T.);
#4920 = ORIENTED_EDGE('',*,*,#4845,.T.);
#4921 = ORIENTED_EDGE('',*,*,#4897,.F.);
#4922 = PLANE('',#4923);
#4923 = AXIS2_PLACEMENT_3D('',#4924,#4925,#4926);
#4924 = CARTESIAN_POINT('',(10.,-265.,18.));
#4925 = DIRECTION('',(0.,0.,1.));
#4926 = DIRECTION('',(-2.22044604925E-16,-1.,0.));
#4927 = ADVANCED_FACE('',(#4928),#4934,.T.);
#4928 = FACE_BOUND('',#4929,.T.);
#4929 = EDGE_LOOP('',(#4930,#4931,#4932,#4933));
#4930 = ORIENTED_EDGE('',*,*,#4821,.F.);
#4931 = ORIENTED_EDGE('',*,*,#4882,.T.);
#4932 = ORIENTED_EDGE('',*,*,#4861,.T.);
#4933 = ORIENTED_EDGE('',*,*,#4904,.F.);
#4934 = PLANE('',#4935);
#4935 = AXIS2_PLACEMENT_3D('',#4936,#4937,#4938);
#4936 = CARTESIAN_POINT('',(10.,-265.,280.));
#4937 = DIRECTION('',(0.,0.,1.));
#4938 = DIRECTION('',(-2.22044604925E-16,-1.,0.));
#4939 = ( GEOMETRIC_REPRESENTATION_CONTEXT(3) 
GLOBAL_UNCERTAINTY_ASSIGNED_CONTEXT((#4943)) 
GLOBAL_UNIT_ASSIGNED_CONTEXT((#4940,#4941,#4942)) REPRESENTATION_CONTEXT
('Context #1','3D Context with UNIT and UNCERTAINTY') );
#4940 = ( LENGTH_UNIT() NAMED_UNIT(*) SI_UNIT(.MILLI.,.METRE.) );
#4941 = ( NAMED_UNIT(*) PLANE_ANGLE_UNIT() SI_UNIT($,.RADIAN.) );
#4942 = ( NAMED_UNIT(*) SI_UNIT($,.STERADIAN.) SOLID_ANGLE_UNIT() );
#4943 = UNCERTAINTY_MEASURE_WITH_UNIT(LENGTH_MEASURE(1.E-07),#4940,
  'distance_accuracy_value','confusion accuracy');
#4944 = CONTEXT_DEPENDENT_SHAPE_REPRESENTATION(#4945,#4947);
#4945 = ( REPRESENTATION_RELATIONSHIP('','',#4788,#10) 
REPRESENTATION_RELATIONSHIP_WITH_TRANSFORMATION(#4946) 
SHAPE_REPRESENTATION_RELATIONSHIP() );
#4946 = ITEM_DEFINED_TRANSFORMATION('','',#11,#111);
#4947 = PRODUCT_DEFINITION_SHAPE('Placement','Placement of an item',
  #4948);
#4948 = NEXT_ASSEMBLY_USAGE_OCCURRENCE('25','P25 Slot jamb 270 / 1','',
  #5,#4783,$);
#4949 = PRODUCT_RELATED_PRODUCT_CATEGORY('part',$,(#4785));
#4950 = SHAPE_DEFINITION_REPRESENTATION(#4951,#4957);
#4951 = PRODUCT_DEFINITION_SHAPE('','',#4952);
#4952 = PRODUCT_DEFINITION('design','',#4953,#4956);
#4953 = PRODUCT_DEFINITION_FORMATION('','',#4954);
#4954 = PRODUCT('P26 Slot lintel 270','P26 Slot lintel 270','',(#4955));
#4955 = PRODUCT_CONTEXT('',#2,'mechanical');
#4956 = PRODUCT_DEFINITION_CONTEXT('part definition',#2,'design');
#4957 = ADVANCED_BREP_SHAPE_REPRESENTATION('',(#11,#4958),#5108);
#4958 = MANIFOLD_SOLID_BREP('',#4959);
#4959 = CLOSED_SHELL('',(#4960,#5000,#5040,#5062,#5084,#5096));
#4960 = ADVANCED_FACE('',(#4961),#4995,.F.);
#4961 = FACE_BOUND('',#4962,.F.);
#4962 = EDGE_LOOP('',(#4963,#4973,#4981,#4989));
#4963 = ORIENTED_EDGE('',*,*,#4964,.F.);
#4964 = EDGE_CURVE('',#4965,#4967,#4969,.T.);
#4965 = VERTEX_POINT('',#4966);
#4966 = CARTESIAN_POINT('',(-14.,-265.,280.));
#4967 = VERTEX_POINT('',#4968);
#4968 = CARTESIAN_POINT('',(-14.,-265.,284.));
#4969 = LINE('',#4970,#4971);
#4970 = CARTESIAN_POINT('',(-14.,-265.,280.));
#4971 = VECTOR('',#4972,1.);
#4972 = DIRECTION('',(0.,0.,1.));
#4973 = ORIENTED_EDGE('',*,*,#4974,.T.);
#4974 = EDGE_CURVE('',#4965,#4975,#4977,.T.);
#4975 = VERTEX_POINT('',#4976);
#4976 = CARTESIAN_POINT('',(14.,-265.,280.));
#4977 = LINE('',#4978,#4979);
#4978 = CARTESIAN_POINT('',(-14.,-265.,280.));
#4979 = VECTOR('',#4980,1.);
#4980 = DIRECTION('',(1.,-2.22044604925E-16,0.));
#4981 = ORIENTED_EDGE('',*,*,#4982,.T.);
#4982 = EDGE_CURVE('',#4975,#4983,#4985,.T.);
#4983 = VERTEX_POINT('',#4984);
#4984 = CARTESIAN_POINT('',(14.,-265.,284.));
#4985 = LINE('',#4986,#4987);
#4986 = CARTESIAN_POINT('',(14.,-265.,280.));
#4987 = VECTOR('',#4988,1.);
#4988 = DIRECTION('',(0.,0.,1.));
#4989 = ORIENTED_EDGE('',*,*,#4990,.F.);
#4990 = EDGE_CURVE('',#4967,#4983,#4991,.T.);
#4991 = LINE('',#4992,#4993);
#4992 = CARTESIAN_POINT('',(-14.,-265.,284.));
#4993 = VECTOR('',#4994,1.);
#4994 = DIRECTION('',(1.,-2.22044604925E-16,0.));
#4995 = PLANE('',#4996);
#4996 = AXIS2_PLACEMENT_3D('',#4997,#4998,#4999);
#4997 = CARTESIAN_POINT('',(-14.,-265.,280.));
#4998 = DIRECTION('',(-2.22044604925E-16,-1.,0.));
#4999 = DIRECTION('',(0.,0.,1.));
#5000 = ADVANCED_FACE('',(#5001),#5035,.T.);
#5001 = FACE_BOUND('',#5002,.T.);
#5002 = EDGE_LOOP('',(#5003,#5013,#5021,#5029));
#5003 = ORIENTED_EDGE('',*,*,#5004,.F.);
#5004 = EDGE_CURVE('',#5005,#5007,#5009,.T.);
#5005 = VERTEX_POINT('',#5006);
#5006 = CARTESIAN_POINT('',(-14.,-285.,280.));
#5007 = VERTEX_POINT('',#5008);
#5008 = CARTESIAN_POINT('',(-14.,-285.,284.));
#5009 = LINE('',#5010,#5011);
#5010 = CARTESIAN_POINT('',(-14.,-285.,280.));
#5011 = VECTOR('',#5012,1.);
#5012 = DIRECTION('',(0.,0.,1.));
#5013 = ORIENTED_EDGE('',*,*,#5014,.T.);
#5014 = EDGE_CURVE('',#5005,#5015,#5017,.T.);
#5015 = VERTEX_POINT('',#5016);
#5016 = CARTESIAN_POINT('',(14.,-285.,280.));
#5017 = LINE('',#5018,#5019);
#5018 = CARTESIAN_POINT('',(-14.,-285.,280.));
#5019 = VECTOR('',#5020,1.);
#5020 = DIRECTION('',(1.,-2.22044604925E-16,0.));
#5021 = ORIENTED_EDGE('',*,*,#5022,.T.);
#5022 = EDGE_CURVE('',#5015,#5023,#5025,.T.);
#5023 = VERTEX_POINT('',#5024);
#5024 = CARTESIAN_POINT('',(14.,-285.,284.));
#5025 = LINE('',#5026,#5027);
#5026 = CARTESIAN_POINT('',(14.,-285.,280.));
#5027 = VECTOR('',#5028,1.);
#5028 = DIRECTION('',(0.,0.,1.));
#5029 = ORIENTED_EDGE('',*,*,#5030,.F.);
#5030 = EDGE_CURVE('',#5007,#5023,#5031,.T.);
#5031 = LINE('',#5032,#5033);
#5032 = CARTESIAN_POINT('',(-14.,-285.,284.));
#5033 = VECTOR('',#5034,1.);
#5034 = DIRECTION('',(1.,-2.22044604925E-16,0.));
#5035 = PLANE('',#5036);
#5036 = AXIS2_PLACEMENT_3D('',#5037,#5038,#5039);
#5037 = CARTESIAN_POINT('',(-14.,-285.,280.));
#5038 = DIRECTION('',(-2.22044604925E-16,-1.,0.));
#5039 = DIRECTION('',(0.,0.,1.));
#5040 = ADVANCED_FACE('',(#5041),#5057,.F.);
#5041 = FACE_BOUND('',#5042,.F.);
#5042 = EDGE_LOOP('',(#5043,#5049,#5050,#5056));
#5043 = ORIENTED_EDGE('',*,*,#5044,.F.);
#5044 = EDGE_CURVE('',#4965,#5005,#5045,.T.);
#5045 = LINE('',#5046,#5047);
#5046 = CARTESIAN_POINT('',(-14.,-265.,280.));
#5047 = VECTOR('',#5048,1.);
#5048 = DIRECTION('',(-2.22044604925E-16,-1.,0.));
#5049 = ORIENTED_EDGE('',*,*,#4964,.T.);
#5050 = ORIENTED_EDGE('',*,*,#5051,.T.);
#5051 = EDGE_CURVE('',#4967,#5007,#5052,.T.);
#5052 = LINE('',#5053,#5054);
#5053 = CARTESIAN_POINT('',(-14.,-265.,284.));
#5054 = VECTOR('',#5055,1.);
#5055 = DIRECTION('',(-2.22044604925E-16,-1.,0.));
#5056 = ORIENTED_EDGE('',*,*,#5004,.F.);
#5057 = PLANE('',#5058);
#5058 = AXIS2_PLACEMENT_3D('',#5059,#5060,#5061);
#5059 = CARTESIAN_POINT('',(-14.,-265.,280.));
#5060 = DIRECTION('',(1.,-2.22044604925E-16,0.));
#5061 = DIRECTION('',(0.,0.,1.));
#5062 = ADVANCED_FACE('',(#5063),#5079,.T.);
#5063 = FACE_BOUND('',#5064,.T.);
#5064 = EDGE_LOOP('',(#5065,#5071,#5072,#5078));
#5065 = ORIENTED_EDGE('',*,*,#5066,.F.);
#5066 = EDGE_CURVE('',#4975,#5015,#5067,.T.);
#5067 = LINE('',#5068,#5069);
#5068 = CARTESIAN_POINT('',(14.,-265.,280.));
#5069 = VECTOR('',#5070,1.);
#5070 = DIRECTION('',(-2.22044604925E-16,-1.,0.));
#5071 = ORIENTED_EDGE('',*,*,#4982,.T.);
#5072 = ORIENTED_EDGE('',*,*,#5073,.T.);
#5073 = EDGE_CURVE('',#4983,#5023,#5074,.T.);
#5074 = LINE('',#5075,#5076);
#5075 = CARTESIAN_POINT('',(14.,-265.,284.));
#5076 = VECTOR('',#5077,1.);
#5077 = DIRECTION('',(-2.22044604925E-16,-1.,0.));
#5078 = ORIENTED_EDGE('',*,*,#5022,.F.);
#5079 = PLANE('',#5080);
#5080 = AXIS2_PLACEMENT_3D('',#5081,#5082,#5083);
#5081 = CARTESIAN_POINT('',(14.,-265.,280.));
#5082 = DIRECTION('',(1.,-2.22044604925E-16,0.));
#5083 = DIRECTION('',(0.,0.,1.));
#5084 = ADVANCED_FACE('',(#5085),#5091,.F.);
#5085 = FACE_BOUND('',#5086,.F.);
#5086 = EDGE_LOOP('',(#5087,#5088,#5089,#5090));
#5087 = ORIENTED_EDGE('',*,*,#4974,.F.);
#5088 = ORIENTED_EDGE('',*,*,#5044,.T.);
#5089 = ORIENTED_EDGE('',*,*,#5014,.T.);
#5090 = ORIENTED_EDGE('',*,*,#5066,.F.);
#5091 = PLANE('',#5092);
#5092 = AXIS2_PLACEMENT_3D('',#5093,#5094,#5095);
#5093 = CARTESIAN_POINT('',(-14.,-265.,280.));
#5094 = DIRECTION('',(0.,0.,1.));
#5095 = DIRECTION('',(-2.22044604925E-16,-1.,0.));
#5096 = ADVANCED_FACE('',(#5097),#5103,.T.);
#5097 = FACE_BOUND('',#5098,.T.);
#5098 = EDGE_LOOP('',(#5099,#5100,#5101,#5102));
#5099 = ORIENTED_EDGE('',*,*,#4990,.F.);
#5100 = ORIENTED_EDGE('',*,*,#5051,.T.);
#5101 = ORIENTED_EDGE('',*,*,#5030,.T.);
#5102 = ORIENTED_EDGE('',*,*,#5073,.F.);
#5103 = PLANE('',#5104);
#5104 = AXIS2_PLACEMENT_3D('',#5105,#5106,#5107);
#5105 = CARTESIAN_POINT('',(-14.,-265.,284.));
#5106 = DIRECTION('',(0.,0.,1.));
#5107 = DIRECTION('',(-2.22044604925E-16,-1.,0.));
#5108 = ( GEOMETRIC_REPRESENTATION_CONTEXT(3) 
GLOBAL_UNCERTAINTY_ASSIGNED_CONTEXT((#5112)) 
GLOBAL_UNIT_ASSIGNED_CONTEXT((#5109,#5110,#5111)) REPRESENTATION_CONTEXT
('Context #1','3D Context with UNIT and UNCERTAINTY') );
#5109 = ( LENGTH_UNIT() NAMED_UNIT(*) SI_UNIT(.MILLI.,.METRE.) );
#5110 = ( NAMED_UNIT(*) PLANE_ANGLE_UNIT() SI_UNIT($,.RADIAN.) );
#5111 = ( NAMED_UNIT(*) SI_UNIT($,.STERADIAN.) SOLID_ANGLE_UNIT() );
#5112 = UNCERTAINTY_MEASURE_WITH_UNIT(LENGTH_MEASURE(1.E-07),#5109,
  'distance_accuracy_value','confusion accuracy');
#5113 = CONTEXT_DEPENDENT_SHAPE_REPRESENTATION(#5114,#5116);
#5114 = ( REPRESENTATION_RELATIONSHIP('','',#4957,#10) 
REPRESENTATION_RELATIONSHIP_WITH_TRANSFORMATION(#5115) 
SHAPE_REPRESENTATION_RELATIONSHIP() );
#5115 = ITEM_DEFINED_TRANSFORMATION('','',#11,#115);
#5116 = PRODUCT_DEFINITION_SHAPE('Placement','Placement of an item',
  #5117);
#5117 = NEXT_ASSEMBLY_USAGE_OCCURRENCE('26','P26 Slot lintel 270','',#5,
  #4952,$);
#5118 = PRODUCT_RELATED_PRODUCT_CATEGORY('part',$,(#4954));
#5119 = SHAPE_DEFINITION_REPRESENTATION(#5120,#5126);
#5120 = PRODUCT_DEFINITION_SHAPE('','',#5121);
#5121 = PRODUCT_DEFINITION('design','',#5122,#5125);
#5122 = PRODUCT_DEFINITION_FORMATION('','',#5123);
#5123 = PRODUCT('P27 Foot shoe 270','P27 Foot shoe 270','',(#5124));
#5124 = PRODUCT_CONTEXT('',#2,'mechanical');
#5125 = PRODUCT_DEFINITION_CONTEXT('part definition',#2,'design');
#5126 = ADVANCED_BREP_SHAPE_REPRESENTATION('',(#11,#5127),#5277);
#5127 = MANIFOLD_SOLID_BREP('',#5128);
#5128 = CLOSED_SHELL('',(#5129,#5169,#5209,#5231,#5253,#5265));
#5129 = ADVANCED_FACE('',(#5130),#5164,.F.);
#5130 = FACE_BOUND('',#5131,.F.);
#5131 = EDGE_LOOP('',(#5132,#5142,#5150,#5158));
#5132 = ORIENTED_EDGE('',*,*,#5133,.F.);
#5133 = EDGE_CURVE('',#5134,#5136,#5138,.T.);
#5134 = VERTEX_POINT('',#5135);
#5135 = CARTESIAN_POINT('',(-60.,-263.,0.));
#5136 = VERTEX_POINT('',#5137);
#5137 = CARTESIAN_POINT('',(-60.,-263.,18.));
#5138 = LINE('',#5139,#5140);
#5139 = CARTESIAN_POINT('',(-60.,-263.,0.));
#5140 = VECTOR('',#5141,1.);
#5141 = DIRECTION('',(0.,0.,1.));
#5142 = ORIENTED_EDGE('',*,*,#5143,.T.);
#5143 = EDGE_CURVE('',#5134,#5144,#5146,.T.);
#5144 = VERTEX_POINT('',#5145);
#5145 = CARTESIAN_POINT('',(60.,-263.,0.));
#5146 = LINE('',#5147,#5148);
#5147 = CARTESIAN_POINT('',(-60.,-263.,0.));
#5148 = VECTOR('',#5149,1.);
#5149 = DIRECTION('',(1.,-2.22044604925E-16,0.));
#5150 = ORIENTED_EDGE('',*,*,#5151,.T.);
#5151 = EDGE_CURVE('',#5144,#5152,#5154,.T.);
#5152 = VERTEX_POINT('',#5153);
#5153 = CARTESIAN_POINT('',(60.,-263.,18.));
#5154 = LINE('',#5155,#5156);
#5155 = CARTESIAN_POINT('',(60.,-263.,0.));
#5156 = VECTOR('',#5157,1.);
#5157 = DIRECTION('',(0.,0.,1.));
#5158 = ORIENTED_EDGE('',*,*,#5159,.F.);
#5159 = EDGE_CURVE('',#5136,#5152,#5160,.T.);
#5160 = LINE('',#5161,#5162);
#5161 = CARTESIAN_POINT('',(-60.,-263.,18.));
#5162 = VECTOR('',#5163,1.);
#5163 = DIRECTION('',(1.,-2.22044604925E-16,0.));
#5164 = PLANE('',#5165);
#5165 = AXIS2_PLACEMENT_3D('',#5166,#5167,#5168);
#5166 = CARTESIAN_POINT('',(-60.,-263.,0.));
#5167 = DIRECTION('',(-2.22044604925E-16,-1.,0.));
#5168 = DIRECTION('',(0.,0.,1.));
#5169 = ADVANCED_FACE('',(#5170),#5204,.T.);
#5170 = FACE_BOUND('',#5171,.T.);
#5171 = EDGE_LOOP('',(#5172,#5182,#5190,#5198));
#5172 = ORIENTED_EDGE('',*,*,#5173,.F.);
#5173 = EDGE_CURVE('',#5174,#5176,#5178,.T.);
#5174 = VERTEX_POINT('',#5175);
#5175 = CARTESIAN_POINT('',(-60.,-287.,0.));
#5176 = VERTEX_POINT('',#5177);
#5177 = CARTESIAN_POINT('',(-60.,-287.,18.));
#5178 = LINE('',#5179,#5180);
#5179 = CARTESIAN_POINT('',(-60.,-287.,0.));
#5180 = VECTOR('',#5181,1.);
#5181 = DIRECTION('',(0.,0.,1.));
#5182 = ORIENTED_EDGE('',*,*,#5183,.T.);
#5183 = EDGE_CURVE('',#5174,#5184,#5186,.T.);
#5184 = VERTEX_POINT('',#5185);
#5185 = CARTESIAN_POINT('',(60.,-287.,0.));
#5186 = LINE('',#5187,#5188);
#5187 = CARTESIAN_POINT('',(-60.,-287.,0.));
#5188 = VECTOR('',#5189,1.);
#5189 = DIRECTION('',(1.,-2.22044604925E-16,0.));
#5190 = ORIENTED_EDGE('',*,*,#5191,.T.);
#5191 = EDGE_CURVE('',#5184,#5192,#5194,.T.);
#5192 = VERTEX_POINT('',#5193);
#5193 = CARTESIAN_POINT('',(60.,-287.,18.));
#5194 = LINE('',#5195,#5196);
#5195 = CARTESIAN_POINT('',(60.,-287.,0.));
#5196 = VECTOR('',#5197,1.);
#5197 = DIRECTION('',(0.,0.,1.));
#5198 = ORIENTED_EDGE('',*,*,#5199,.F.);
#5199 = EDGE_CURVE('',#5176,#5192,#5200,.T.);
#5200 = LINE('',#5201,#5202);
#5201 = CARTESIAN_POINT('',(-60.,-287.,18.));
#5202 = VECTOR('',#5203,1.);
#5203 = DIRECTION('',(1.,-2.22044604925E-16,0.));
#5204 = PLANE('',#5205);
#5205 = AXIS2_PLACEMENT_3D('',#5206,#5207,#5208);
#5206 = CARTESIAN_POINT('',(-60.,-287.,0.));
#5207 = DIRECTION('',(-2.22044604925E-16,-1.,0.));
#5208 = DIRECTION('',(0.,0.,1.));
#5209 = ADVANCED_FACE('',(#5210),#5226,.F.);
#5210 = FACE_BOUND('',#5211,.F.);
#5211 = EDGE_LOOP('',(#5212,#5218,#5219,#5225));
#5212 = ORIENTED_EDGE('',*,*,#5213,.F.);
#5213 = EDGE_CURVE('',#5134,#5174,#5214,.T.);
#5214 = LINE('',#5215,#5216);
#5215 = CARTESIAN_POINT('',(-60.,-263.,0.));
#5216 = VECTOR('',#5217,1.);
#5217 = DIRECTION('',(-2.22044604925E-16,-1.,0.));
#5218 = ORIENTED_EDGE('',*,*,#5133,.T.);
#5219 = ORIENTED_EDGE('',*,*,#5220,.T.);
#5220 = EDGE_CURVE('',#5136,#5176,#5221,.T.);
#5221 = LINE('',#5222,#5223);
#5222 = CARTESIAN_POINT('',(-60.,-263.,18.));
#5223 = VECTOR('',#5224,1.);
#5224 = DIRECTION('',(-2.22044604925E-16,-1.,0.));
#5225 = ORIENTED_EDGE('',*,*,#5173,.F.);
#5226 = PLANE('',#5227);
#5227 = AXIS2_PLACEMENT_3D('',#5228,#5229,#5230);
#5228 = CARTESIAN_POINT('',(-60.,-263.,0.));
#5229 = DIRECTION('',(1.,-2.22044604925E-16,0.));
#5230 = DIRECTION('',(0.,0.,1.));
#5231 = ADVANCED_FACE('',(#5232),#5248,.T.);
#5232 = FACE_BOUND('',#5233,.T.);
#5233 = EDGE_LOOP('',(#5234,#5240,#5241,#5247));
#5234 = ORIENTED_EDGE('',*,*,#5235,.F.);
#5235 = EDGE_CURVE('',#5144,#5184,#5236,.T.);
#5236 = LINE('',#5237,#5238);
#5237 = CARTESIAN_POINT('',(60.,-263.,0.));
#5238 = VECTOR('',#5239,1.);
#5239 = DIRECTION('',(-2.22044604925E-16,-1.,0.));
#5240 = ORIENTED_EDGE('',*,*,#5151,.T.);
#5241 = ORIENTED_EDGE('',*,*,#5242,.T.);
#5242 = EDGE_CURVE('',#5152,#5192,#5243,.T.);
#5243 = LINE('',#5244,#5245);
#5244 = CARTESIAN_POINT('',(60.,-263.,18.));
#5245 = VECTOR('',#5246,1.);
#5246 = DIRECTION('',(-2.22044604925E-16,-1.,0.));
#5247 = ORIENTED_EDGE('',*,*,#5191,.F.);
#5248 = PLANE('',#5249);
#5249 = AXIS2_PLACEMENT_3D('',#5250,#5251,#5252);
#5250 = CARTESIAN_POINT('',(60.,-263.,0.));
#5251 = DIRECTION('',(1.,-2.22044604925E-16,0.));
#5252 = DIRECTION('',(0.,0.,1.));
#5253 = ADVANCED_FACE('',(#5254),#5260,.F.);
#5254 = FACE_BOUND('',#5255,.F.);
#5255 = EDGE_LOOP('',(#5256,#5257,#5258,#5259));
#5256 = ORIENTED_EDGE('',*,*,#5143,.F.);
#5257 = ORIENTED_EDGE('',*,*,#5213,.T.);
#5258 = ORIENTED_EDGE('',*,*,#5183,.T.);
#5259 = ORIENTED_EDGE('',*,*,#5235,.F.);
#5260 = PLANE('',#5261);
#5261 = AXIS2_PLACEMENT_3D('',#5262,#5263,#5264);
#5262 = CARTESIAN_POINT('',(-60.,-263.,0.));
#5263 = DIRECTION('',(0.,0.,1.));
#5264 = DIRECTION('',(-2.22044604925E-16,-1.,0.));
#5265 = ADVANCED_FACE('',(#5266),#5272,.T.);
#5266 = FACE_BOUND('',#5267,.T.);
#5267 = EDGE_LOOP('',(#5268,#5269,#5270,#5271));
#5268 = ORIENTED_EDGE('',*,*,#5159,.F.);
#5269 = ORIENTED_EDGE('',*,*,#5220,.T.);
#5270 = ORIENTED_EDGE('',*,*,#5199,.T.);
#5271 = ORIENTED_EDGE('',*,*,#5242,.F.);
#5272 = PLANE('',#5273);
#5273 = AXIS2_PLACEMENT_3D('',#5274,#5275,#5276);
#5274 = CARTESIAN_POINT('',(-60.,-263.,18.));
#5275 = DIRECTION('',(0.,0.,1.));
#5276 = DIRECTION('',(-2.22044604925E-16,-1.,0.));
#5277 = ( GEOMETRIC_REPRESENTATION_CONTEXT(3) 
GLOBAL_UNCERTAINTY_ASSIGNED_CONTEXT((#5281)) 
GLOBAL_UNIT_ASSIGNED_CONTEXT((#5278,#5279,#5280)) REPRESENTATION_CONTEXT
('Context #1','3D Context with UNIT and UNCERTAINTY') );
#5278 = ( LENGTH_UNIT() NAMED_UNIT(*) SI_UNIT(.MILLI.,.METRE.) );
#5279 = ( NAMED_UNIT(*) PLANE_ANGLE_UNIT() SI_UNIT($,.RADIAN.) );
#5280 = ( NAMED_UNIT(*) SI_UNIT($,.STERADIAN.) SOLID_ANGLE_UNIT() );
#5281 = UNCERTAINTY_MEASURE_WITH_UNIT(LENGTH_MEASURE(1.E-07),#5278,
  'distance_accuracy_value','confusion accuracy');
#5282 = CONTEXT_DEPENDENT_SHAPE_REPRESENTATION(#5283,#5285);
#5283 = ( REPRESENTATION_RELATIONSHIP('','',#5126,#10) 
REPRESENTATION_RELATIONSHIP_WITH_TRANSFORMATION(#5284) 
SHAPE_REPRESENTATION_RELATIONSHIP() );
#5284 = ITEM_DEFINED_TRANSFORMATION('','',#11,#119);
#5285 = PRODUCT_DEFINITION_SHAPE('Placement','Placement of an item',
  #5286);
#5286 = NEXT_ASSEMBLY_USAGE_OCCURRENCE('27','P27 Foot shoe 270','',#5,
  #5121,$);
#5287 = PRODUCT_RELATED_PRODUCT_CATEGORY('part',$,(#5123));
#5288 = SHAPE_DEFINITION_REPRESENTATION(#5289,#5295);
#5289 = PRODUCT_DEFINITION_SHAPE('','',#5290);
#5290 = PRODUCT_DEFINITION('design','',#5291,#5294);
#5291 = PRODUCT_DEFINITION_FORMATION('','',#5292);
#5292 = PRODUCT('P28 Triangle level 1 beam 1',
  'P28 Triangle level 1 beam 1','',(#5293));
#5293 = PRODUCT_CONTEXT('',#2,'mechanical');
#5294 = PRODUCT_DEFINITION_CONTEXT('part definition',#2,'design');
#5295 = ADVANCED_BREP_SHAPE_REPRESENTATION('',(#11,#5296),#5644);
#5296 = MANIFOLD_SOLID_BREP('',#5297);
#5297 = CLOSED_SHELL('',(#5298,#5338,#5417,#5441,#5465,#5496,#5520,#5551
    ,#5575,#5592,#5620,#5632));
#5298 = ADVANCED_FACE('',(#5299),#5333,.F.);
#5299 = FACE_BOUND('',#5300,.F.);
#5300 = EDGE_LOOP('',(#5301,#5311,#5319,#5327));
#5301 = ORIENTED_EDGE('',*,*,#5302,.F.);
#5302 = EDGE_CURVE('',#5303,#5305,#5307,.T.);
#5303 = VERTEX_POINT('',#5304);
#5304 = CARTESIAN_POINT('',(253.74544330884,146.5,260.));
#5305 = VERTEX_POINT('',#5306);
#5306 = CARTESIAN_POINT('',(233.74544330884,146.5,260.));
#5307 = LINE('',#5308,#5309);
#5308 = CARTESIAN_POINT('',(253.74544330884,146.5,260.));
#5309 = VECTOR('',#5310,1.);
#5310 = DIRECTION('',(-1.,0.,0.));
#5311 = ORIENTED_EDGE('',*,*,#5312,.T.);
#5312 = EDGE_CURVE('',#5303,#5313,#5315,.T.);
#5313 = VERTEX_POINT('',#5314);
#5314 = CARTESIAN_POINT('',(253.74544330884,146.5,280.));
#5315 = LINE('',#5316,#5317);
#5316 = CARTESIAN_POINT('',(253.74544330884,146.5,260.));
#5317 = VECTOR('',#5318,1.);
#5318 = DIRECTION('',(0.,0.,1.));
#5319 = ORIENTED_EDGE('',*,*,#5320,.T.);
#5320 = EDGE_CURVE('',#5313,#5321,#5323,.T.);
#5321 = VERTEX_POINT('',#5322);
#5322 = CARTESIAN_POINT('',(233.74544330884,146.5,280.));
#5323 = LINE('',#5324,#5325);
#5324 = CARTESIAN_POINT('',(253.74544330884,146.5,280.));
#5325 = VECTOR('',#5326,1.);
#5326 = DIRECTION('',(-1.,0.,0.));
#5327 = ORIENTED_EDGE('',*,*,#5328,.T.);
#5328 = EDGE_CURVE('',#5321,#5305,#5329,.T.);
#5329 = LINE('',#5330,#5331);
#5330 = CARTESIAN_POINT('',(233.74544330884,146.5,139.));
#5331 = VECTOR('',#5332,1.);
#5332 = DIRECTION('',(-0.,-0.,-1.));
#5333 = PLANE('',#5334);
#5334 = AXIS2_PLACEMENT_3D('',#5335,#5336,#5337);
#5335 = CARTESIAN_POINT('',(253.74544330884,146.5,260.));
#5336 = DIRECTION('',(0.,-1.,0.));
#5337 = DIRECTION('',(-1.,0.,0.));
#5338 = ADVANCED_FACE('',(#5339),#5412,.F.);
#5339 = FACE_BOUND('',#5340,.F.);
#5340 = EDGE_LOOP('',(#5341,#5351,#5359,#5367,#5373,#5374,#5382,#5390,
    #5398,#5406));
#5341 = ORIENTED_EDGE('',*,*,#5342,.T.);
#5342 = EDGE_CURVE('',#5343,#5345,#5347,.T.);
#5343 = VERTEX_POINT('',#5344);
#5344 = CARTESIAN_POINT('',(-233.7454433088,146.5,260.));
#5345 = VERTEX_POINT('',#5346);
#5346 = CARTESIAN_POINT('',(-253.7454433088,146.5,260.));
#5347 = LINE('',#5348,#5349);
#5348 = CARTESIAN_POINT('',(253.74544330884,146.5,260.));
#5349 = VECTOR('',#5350,1.);
#5350 = DIRECTION('',(-1.,0.,0.));
#5351 = ORIENTED_EDGE('',*,*,#5352,.T.);
#5352 = EDGE_CURVE('',#5345,#5353,#5355,.T.);
#5353 = VERTEX_POINT('',#5354);
#5354 = CARTESIAN_POINT('',(-219.1044271574,126.5,260.));
#5355 = LINE('',#5356,#5357);
#5356 = CARTESIAN_POINT('',(-253.7454433088,146.5,260.));
#5357 = VECTOR('',#5358,1.);
#5358 = DIRECTION('',(0.866025403784,-0.5,0.));
#5359 = ORIENTED_EDGE('',*,*,#5360,.T.);
#5360 = EDGE_CURVE('',#5353,#5361,#5363,.T.);
#5361 = VERTEX_POINT('',#5362);
#5362 = CARTESIAN_POINT('',(219.10442715746,126.5,260.));
#5363 = LINE('',#5364,#5365);
#5364 = CARTESIAN_POINT('',(-219.1044271574,126.5,260.));
#5365 = VECTOR('',#5366,1.);
#5366 = DIRECTION('',(1.,0.,0.));
#5367 = ORIENTED_EDGE('',*,*,#5368,.T.);
#5368 = EDGE_CURVE('',#5361,#5303,#5369,.T.);
#5369 = LINE('',#5370,#5371);
#5370 = CARTESIAN_POINT('',(219.10442715746,126.5,260.));
#5371 = VECTOR('',#5372,1.);
#5372 = DIRECTION('',(0.866025403784,0.5,0.));
#5373 = ORIENTED_EDGE('',*,*,#5302,.T.);
#5374 = ORIENTED_EDGE('',*,*,#5375,.T.);
#5375 = EDGE_CURVE('',#5305,#5376,#5378,.T.);
#5376 = VERTEX_POINT('',#5377);
#5377 = CARTESIAN_POINT('',(224.49673200287,141.16025403784,260.));
#5378 = LINE('',#5379,#5380);
#5379 = CARTESIAN_POINT('',(139.44772453362,92.057186681163,260.));
#5380 = VECTOR('',#5381,1.);
#5381 = DIRECTION('',(-0.866025403784,-0.5,0.));
#5382 = ORIENTED_EDGE('',*,*,#5383,.T.);
#5383 = EDGE_CURVE('',#5376,#5384,#5386,.T.);
#5384 = VERTEX_POINT('',#5385);
#5385 = CARTESIAN_POINT('',(221.41382823422,146.5,260.));
#5386 = LINE('',#5387,#5388);
#5387 = CARTESIAN_POINT('',(214.79737347068,157.96003581642,260.));
#5388 = VECTOR('',#5389,1.);
#5389 = DIRECTION('',(-0.5,0.866025403784,0.));
#5390 = ORIENTED_EDGE('',*,*,#5391,.T.);
#5391 = EDGE_CURVE('',#5384,#5392,#5394,.T.);
#5392 = VERTEX_POINT('',#5393);
#5393 = CARTESIAN_POINT('',(-221.4138282342,146.5,260.));
#5394 = LINE('',#5395,#5396);
#5395 = CARTESIAN_POINT('',(253.74544330884,146.5,260.));
#5396 = VECTOR('',#5397,1.);
#5397 = DIRECTION('',(-1.,0.,0.));
#5398 = ORIENTED_EDGE('',*,*,#5399,.T.);
#5399 = EDGE_CURVE('',#5392,#5400,#5402,.T.);
#5400 = VERTEX_POINT('',#5401);
#5401 = CARTESIAN_POINT('',(-224.4967320028,141.16025403784,260.));
#5402 = LINE('',#5403,#5404);
#5403 = CARTESIAN_POINT('',(-196.2973734706,190.00297575644,260.));
#5404 = VECTOR('',#5405,1.);
#5405 = DIRECTION('',(-0.5,-0.866025403784,0.));
#5406 = ORIENTED_EDGE('',*,*,#5407,.F.);
#5407 = EDGE_CURVE('',#5343,#5400,#5408,.T.);
#5408 = LINE('',#5409,#5410);
#5409 = CARTESIAN_POINT('',(-139.4477245336,92.057186681163,260.));
#5410 = VECTOR('',#5411,1.);
#5411 = DIRECTION('',(0.866025403784,-0.5,0.));
#5412 = PLANE('',#5413);
#5413 = AXIS2_PLACEMENT_3D('',#5414,#5415,#5416);
#5414 = CARTESIAN_POINT('',(-4.433532862873E-15,137.17546114655,260.));
#5415 = DIRECTION('',(0.,0.,1.));
#5416 = DIRECTION('',(1.,0.,-0.));
#5417 = ADVANCED_FACE('',(#5418),#5436,.T.);
#5418 = FACE_BOUND('',#5419,.T.);
#5419 = EDGE_LOOP('',(#5420,#5421,#5429,#5435));
#5420 = ORIENTED_EDGE('',*,*,#5375,.T.);
#5421 = ORIENTED_EDGE('',*,*,#5422,.T.);
#5422 = EDGE_CURVE('',#5376,#5423,#5425,.T.);
#5423 = VERTEX_POINT('',#5424);
#5424 = CARTESIAN_POINT('',(224.49673200287,141.16025403784,280.));
#5425 = LINE('',#5426,#5427);
#5426 = CARTESIAN_POINT('',(224.49673200287,141.16025403784,18.));
#5427 = VECTOR('',#5428,1.);
#5428 = DIRECTION('',(0.,0.,1.));
#5429 = ORIENTED_EDGE('',*,*,#5430,.T.);
#5430 = EDGE_CURVE('',#5423,#5321,#5431,.T.);
#5431 = LINE('',#5432,#5433);
#5432 = CARTESIAN_POINT('',(224.49673200287,141.16025403784,280.));
#5433 = VECTOR('',#5434,1.);
#5434 = DIRECTION('',(0.866025403784,0.5,0.));
#5435 = ORIENTED_EDGE('',*,*,#5328,.T.);
#5436 = PLANE('',#5437);
#5437 = AXIS2_PLACEMENT_3D('',#5438,#5439,#5440);
#5438 = CARTESIAN_POINT('',(224.49673200287,141.16025403784,18.));
#5439 = DIRECTION('',(-0.5,0.866025403784,0.));
#5440 = DIRECTION('',(0.,0.,1.));
#5441 = ADVANCED_FACE('',(#5442),#5460,.F.);
#5442 = FACE_BOUND('',#5443,.F.);
#5443 = EDGE_LOOP('',(#5444,#5452,#5458,#5459));
#5444 = ORIENTED_EDGE('',*,*,#5445,.T.);
#5445 = EDGE_CURVE('',#5361,#5446,#5448,.T.);
#5446 = VERTEX_POINT('',#5447);
#5447 = CARTESIAN_POINT('',(219.10442715746,126.5,280.));
#5448 = LINE('',#5449,#5450);
#5449 = CARTESIAN_POINT('',(219.10442715746,126.5,260.));
#5450 = VECTOR('',#5451,1.);
#5451 = DIRECTION('',(0.,0.,1.));
#5452 = ORIENTED_EDGE('',*,*,#5453,.T.);
#5453 = EDGE_CURVE('',#5446,#5313,#5454,.T.);
#5454 = LINE('',#5455,#5456);
#5455 = CARTESIAN_POINT('',(219.10442715746,126.5,280.));
#5456 = VECTOR('',#5457,1.);
#5457 = DIRECTION('',(0.866025403784,0.5,0.));
#5458 = ORIENTED_EDGE('',*,*,#5312,.F.);
#5459 = ORIENTED_EDGE('',*,*,#5368,.F.);
#5460 = PLANE('',#5461);
#5461 = AXIS2_PLACEMENT_3D('',#5462,#5463,#5464);
#5462 = CARTESIAN_POINT('',(219.10442715746,126.5,260.));
#5463 = DIRECTION('',(-0.5,0.866025403784,0.));
#5464 = DIRECTION('',(0.866025403784,0.5,0.));
#5465 = ADVANCED_FACE('',(#5466),#5491,.F.);
#5466 = FACE_BOUND('',#5467,.F.);
#5467 = EDGE_LOOP('',(#5468,#5469,#5477,#5485));
#5468 = ORIENTED_EDGE('',*,*,#5342,.F.);
#5469 = ORIENTED_EDGE('',*,*,#5470,.F.);
#5470 = EDGE_CURVE('',#5471,#5343,#5473,.T.);
#5471 = VERTEX_POINT('',#5472);
#5472 = CARTESIAN_POINT('',(-233.7454433088,146.5,280.));
#5473 = LINE('',#5474,#5475);
#5474 = CARTESIAN_POINT('',(-233.7454433088,146.5,139.));
#5475 = VECTOR('',#5476,1.);
#5476 = DIRECTION('',(0.,-0.,-1.));
#5477 = ORIENTED_EDGE('',*,*,#5478,.T.);
#5478 = EDGE_CURVE('',#5471,#5479,#5481,.T.);
#5479 = VERTEX_POINT('',#5480);
#5480 = CARTESIAN_POINT('',(-253.7454433088,146.5,280.));
#5481 = LINE('',#5482,#5483);
#5482 = CARTESIAN_POINT('',(253.74544330884,146.5,280.));
#5483 = VECTOR('',#5484,1.);
#5484 = DIRECTION('',(-1.,0.,0.));
#5485 = ORIENTED_EDGE('',*,*,#5486,.F.);
#5486 = EDGE_CURVE('',#5345,#5479,#5487,.T.);
#5487 = LINE('',#5488,#5489);
#5488 = CARTESIAN_POINT('',(-253.7454433088,146.5,260.));
#5489 = VECTOR('',#5490,1.);
#5490 = DIRECTION('',(0.,0.,1.));
#5491 = PLANE('',#5492);
#5492 = AXIS2_PLACEMENT_3D('',#5493,#5494,#5495);
#5493 = CARTESIAN_POINT('',(253.74544330884,146.5,260.));
#5494 = DIRECTION('',(0.,-1.,0.));
#5495 = DIRECTION('',(-1.,0.,0.));
#5496 = ADVANCED_FACE('',(#5497),#5515,.F.);
#5497 = FACE_BOUND('',#5498,.F.);
#5498 = EDGE_LOOP('',(#5499,#5500,#5508,#5514));
#5499 = ORIENTED_EDGE('',*,*,#5407,.T.);
#5500 = ORIENTED_EDGE('',*,*,#5501,.T.);
#5501 = EDGE_CURVE('',#5400,#5502,#5504,.T.);
#5502 = VERTEX_POINT('',#5503);
#5503 = CARTESIAN_POINT('',(-224.4967320028,141.16025403784,280.));
#5504 = LINE('',#5505,#5506);
#5505 = CARTESIAN_POINT('',(-224.4967320028,141.16025403784,18.));
#5506 = VECTOR('',#5507,1.);
#5507 = DIRECTION('',(0.,0.,1.));
#5508 = ORIENTED_EDGE('',*,*,#5509,.T.);
#5509 = EDGE_CURVE('',#5502,#5471,#5510,.T.);
#5510 = LINE('',#5511,#5512);
#5511 = CARTESIAN_POINT('',(-224.4967320028,141.16025403784,280.));
#5512 = VECTOR('',#5513,1.);
#5513 = DIRECTION('',(-0.866025403784,0.5,0.));
#5514 = ORIENTED_EDGE('',*,*,#5470,.T.);
#5515 = PLANE('',#5516);
#5516 = AXIS2_PLACEMENT_3D('',#5517,#5518,#5519);
#5517 = CARTESIAN_POINT('',(-224.4967320028,141.16025403784,18.));
#5518 = DIRECTION('',(-0.5,-0.866025403784,0.));
#5519 = DIRECTION('',(0.,0.,1.));
#5520 = ADVANCED_FACE('',(#5521),#5546,.F.);
#5521 = FACE_BOUND('',#5522,.F.);
#5522 = EDGE_LOOP('',(#5523,#5524,#5532,#5540));
#5523 = ORIENTED_EDGE('',*,*,#5391,.F.);
#5524 = ORIENTED_EDGE('',*,*,#5525,.T.);
#5525 = EDGE_CURVE('',#5384,#5526,#5528,.T.);
#5526 = VERTEX_POINT('',#5527);
#5527 = CARTESIAN_POINT('',(221.41382823422,146.5,280.));
#5528 = LINE('',#5529,#5530);
#5529 = CARTESIAN_POINT('',(221.41382823422,146.5,139.));
#5530 = VECTOR('',#5531,1.);
#5531 = DIRECTION('',(-0.,0.,1.));
#5532 = ORIENTED_EDGE('',*,*,#5533,.T.);
#5533 = EDGE_CURVE('',#5526,#5534,#5536,.T.);
#5534 = VERTEX_POINT('',#5535);
#5535 = CARTESIAN_POINT('',(-221.4138282342,146.5,280.));
#5536 = LINE('',#5537,#5538);
#5537 = CARTESIAN_POINT('',(253.74544330884,146.5,280.));
#5538 = VECTOR('',#5539,1.);
#5539 = DIRECTION('',(-1.,0.,0.));
#5540 = ORIENTED_EDGE('',*,*,#5541,.T.);
#5541 = EDGE_CURVE('',#5534,#5392,#5542,.T.);
#5542 = LINE('',#5543,#5544);
#5543 = CARTESIAN_POINT('',(-221.4138282342,146.5,139.));
#5544 = VECTOR('',#5545,1.);
#5545 = DIRECTION('',(-0.,-0.,-1.));
#5546 = PLANE('',#5547);
#5547 = AXIS2_PLACEMENT_3D('',#5548,#5549,#5550);
#5548 = CARTESIAN_POINT('',(253.74544330884,146.5,260.));
#5549 = DIRECTION('',(0.,-1.,0.));
#5550 = DIRECTION('',(-1.,0.,0.));
#5551 = ADVANCED_FACE('',(#5552),#5570,.F.);
#5552 = FACE_BOUND('',#5553,.F.);
#5553 = EDGE_LOOP('',(#5554,#5562,#5568,#5569));
#5554 = ORIENTED_EDGE('',*,*,#5555,.T.);
#5555 = EDGE_CURVE('',#5353,#5556,#5558,.T.);
#5556 = VERTEX_POINT('',#5557);
#5557 = CARTESIAN_POINT('',(-219.1044271574,126.5,280.));
#5558 = LINE('',#5559,#5560);
#5559 = CARTESIAN_POINT('',(-219.1044271574,126.5,260.));
#5560 = VECTOR('',#5561,1.);
#5561 = DIRECTION('',(0.,0.,1.));
#5562 = ORIENTED_EDGE('',*,*,#5563,.T.);
#5563 = EDGE_CURVE('',#5556,#5446,#5564,.T.);
#5564 = LINE('',#5565,#5566);
#5565 = CARTESIAN_POINT('',(-219.1044271574,126.5,280.));
#5566 = VECTOR('',#5567,1.);
#5567 = DIRECTION('',(1.,0.,0.));
#5568 = ORIENTED_EDGE('',*,*,#5445,.F.);
#5569 = ORIENTED_EDGE('',*,*,#5360,.F.);
#5570 = PLANE('',#5571);
#5571 = AXIS2_PLACEMENT_3D('',#5572,#5573,#5574);
#5572 = CARTESIAN_POINT('',(-219.1044271574,126.5,260.));
#5573 = DIRECTION('',(0.,1.,0.));
#5574 = DIRECTION('',(1.,0.,0.));
#5575 = ADVANCED_FACE('',(#5576),#5587,.F.);
#5576 = FACE_BOUND('',#5577,.F.);
#5577 = EDGE_LOOP('',(#5578,#5579,#5585,#5586));
#5578 = ORIENTED_EDGE('',*,*,#5486,.T.);
#5579 = ORIENTED_EDGE('',*,*,#5580,.T.);
#5580 = EDGE_CURVE('',#5479,#5556,#5581,.T.);
#5581 = LINE('',#5582,#5583);
#5582 = CARTESIAN_POINT('',(-253.7454433088,146.5,280.));
#5583 = VECTOR('',#5584,1.);
#5584 = DIRECTION('',(0.866025403784,-0.5,0.));
#5585 = ORIENTED_EDGE('',*,*,#5555,.F.);
#5586 = ORIENTED_EDGE('',*,*,#5352,.F.);
#5587 = PLANE('',#5588);
#5588 = AXIS2_PLACEMENT_3D('',#5589,#5590,#5591);
#5589 = CARTESIAN_POINT('',(-253.7454433088,146.5,260.));
#5590 = DIRECTION('',(0.5,0.866025403784,-0.));
#5591 = DIRECTION('',(0.866025403784,-0.5,0.));
#5592 = ADVANCED_FACE('',(#5593),#5615,.T.);
#5593 = FACE_BOUND('',#5594,.T.);
#5594 = EDGE_LOOP('',(#5595,#5596,#5597,#5603,#5604,#5610,#5611,#5612,
    #5613,#5614));
#5595 = ORIENTED_EDGE('',*,*,#5320,.T.);
#5596 = ORIENTED_EDGE('',*,*,#5430,.F.);
#5597 = ORIENTED_EDGE('',*,*,#5598,.T.);
#5598 = EDGE_CURVE('',#5423,#5526,#5599,.T.);
#5599 = LINE('',#5600,#5601);
#5600 = CARTESIAN_POINT('',(224.49673200287,141.16025403784,280.));
#5601 = VECTOR('',#5602,1.);
#5602 = DIRECTION('',(-0.5,0.866025403784,0.));
#5603 = ORIENTED_EDGE('',*,*,#5533,.T.);
#5604 = ORIENTED_EDGE('',*,*,#5605,.T.);
#5605 = EDGE_CURVE('',#5534,#5502,#5606,.T.);
#5606 = LINE('',#5607,#5608);
#5607 = CARTESIAN_POINT('',(-184.7973734706,209.92156004349,280.));
#5608 = VECTOR('',#5609,1.);
#5609 = DIRECTION('',(-0.5,-0.866025403784,0.));
#5610 = ORIENTED_EDGE('',*,*,#5509,.T.);
#5611 = ORIENTED_EDGE('',*,*,#5478,.T.);
#5612 = ORIENTED_EDGE('',*,*,#5580,.T.);
#5613 = ORIENTED_EDGE('',*,*,#5563,.T.);
#5614 = ORIENTED_EDGE('',*,*,#5453,.T.);
#5615 = PLANE('',#5616);
#5616 = AXIS2_PLACEMENT_3D('',#5617,#5618,#5619);
#5617 = CARTESIAN_POINT('',(-4.724466940289E-15,137.16988134792,280.));
#5618 = DIRECTION('',(0.,0.,1.));
#5619 = DIRECTION('',(1.,0.,-0.));
#5620 = ADVANCED_FACE('',(#5621),#5627,.T.);
#5621 = FACE_BOUND('',#5622,.T.);
#5622 = EDGE_LOOP('',(#5623,#5624,#5625,#5626));
#5623 = ORIENTED_EDGE('',*,*,#5605,.F.);
#5624 = ORIENTED_EDGE('',*,*,#5541,.T.);
#5625 = ORIENTED_EDGE('',*,*,#5399,.T.);
#5626 = ORIENTED_EDGE('',*,*,#5501,.T.);
#5627 = PLANE('',#5628);
#5628 = AXIS2_PLACEMENT_3D('',#5629,#5630,#5631);
#5629 = CARTESIAN_POINT('',(-222.9552801185,143.83012701892,270.));
#5630 = DIRECTION('',(-0.866025403784,0.5,4.303758601518E-16));
#5631 = DIRECTION('',(-0.5,-0.866025403784,-8.572245333514E-33));
#5632 = ADVANCED_FACE('',(#5633),#5639,.T.);
#5633 = FACE_BOUND('',#5634,.T.);
#5634 = EDGE_LOOP('',(#5635,#5636,#5637,#5638));
#5635 = ORIENTED_EDGE('',*,*,#5598,.F.);
#5636 = ORIENTED_EDGE('',*,*,#5422,.F.);
#5637 = ORIENTED_EDGE('',*,*,#5383,.T.);
#5638 = ORIENTED_EDGE('',*,*,#5525,.T.);
#5639 = PLANE('',#5640);
#5640 = AXIS2_PLACEMENT_3D('',#5641,#5642,#5643);
#5641 = CARTESIAN_POINT('',(222.95528011854,143.83012701892,270.));
#5642 = DIRECTION('',(0.866025403784,0.5,1.881380679776E-16));
#5643 = DIRECTION('',(-0.5,0.866025403784,-1.257287309263E-33));
#5644 = ( GEOMETRIC_REPRESENTATION_CONTEXT(3) 
GLOBAL_UNCERTAINTY_ASSIGNED_CONTEXT((#5648)) 
GLOBAL_UNIT_ASSIGNED_CONTEXT((#5645,#5646,#5647)) REPRESENTATION_CONTEXT
('Context #1','3D Context with UNIT and UNCERTAINTY') );
#5645 = ( LENGTH_UNIT() NAMED_UNIT(*) SI_UNIT(.MILLI.,.METRE.) );
#5646 = ( NAMED_UNIT(*) PLANE_ANGLE_UNIT() SI_UNIT($,.RADIAN.) );
#5647 = ( NAMED_UNIT(*) SI_UNIT($,.STERADIAN.) SOLID_ANGLE_UNIT() );
#5648 = UNCERTAINTY_MEASURE_WITH_UNIT(LENGTH_MEASURE(2.E-07),#5645,
  'distance_accuracy_value','confusion accuracy');
#5649 = CONTEXT_DEPENDENT_SHAPE_REPRESENTATION(#5650,#5652);
#5650 = ( REPRESENTATION_RELATIONSHIP('','',#5295,#10) 
REPRESENTATION_RELATIONSHIP_WITH_TRANSFORMATION(#5651) 
SHAPE_REPRESENTATION_RELATIONSHIP() );
#5651 = ITEM_DEFINED_TRANSFORMATION('','',#11,#123);
#5652 = PRODUCT_DEFINITION_SHAPE('Placement','Placement of an item',
  #5653);
#5653 = NEXT_ASSEMBLY_USAGE_OCCURRENCE('28',
  'P28 Triangle level 1 beam 1','',#5,#5290,$);
#5654 = PRODUCT_RELATED_PRODUCT_CATEGORY('part',$,(#5292));
#5655 = SHAPE_DEFINITION_REPRESENTATION(#5656,#5662);
#5656 = PRODUCT_DEFINITION_SHAPE('','',#5657);
#5657 = PRODUCT_DEFINITION('design','',#5658,#5661);
#5658 = PRODUCT_DEFINITION_FORMATION('','',#5659);
#5659 = PRODUCT('P29 Triangle level 1 beam 2',
  'P29 Triangle level 1 beam 2','',(#5660));
#5660 = PRODUCT_CONTEXT('',#2,'mechanical');
#5661 = PRODUCT_DEFINITION_CONTEXT('part definition',#2,'design');
#5662 = ADVANCED_BREP_SHAPE_REPRESENTATION('',(#11,#5663),#6011);
#5663 = MANIFOLD_SOLID_BREP('',#5664);
#5664 = CLOSED_SHELL('',(#5665,#5705,#5784,#5808,#5832,#5863,#5887,#5918
    ,#5942,#5959,#5987,#5999));
#5665 = ADVANCED_FACE('',(#5666),#5700,.F.);
#5666 = FACE_BOUND('',#5667,.F.);
#5667 = EDGE_LOOP('',(#5668,#5678,#5686,#5694));
#5668 = ORIENTED_EDGE('',*,*,#5669,.F.);
#5669 = EDGE_CURVE('',#5670,#5672,#5674,.T.);
#5670 = VERTEX_POINT('',#5671);
#5671 = CARTESIAN_POINT('',(-253.7454433088,146.5,260.));
#5672 = VERTEX_POINT('',#5673);
#5673 = CARTESIAN_POINT('',(-243.7454433088,129.17949192431,260.));
#5674 = LINE('',#5675,#5676);
#5675 = CARTESIAN_POINT('',(-253.7454433088,146.5,260.));
#5676 = VECTOR('',#5677,1.);
#5677 = DIRECTION('',(0.5,-0.866025403784,0.));
#5678 = ORIENTED_EDGE('',*,*,#5679,.T.);
#5679 = EDGE_CURVE('',#5670,#5680,#5682,.T.);
#5680 = VERTEX_POINT('',#5681);
#5681 = CARTESIAN_POINT('',(-253.7454433088,146.5,280.));
#5682 = LINE('',#5683,#5684);
#5683 = CARTESIAN_POINT('',(-253.7454433088,146.5,260.));
#5684 = VECTOR('',#5685,1.);
#5685 = DIRECTION('',(0.,0.,1.));
#5686 = ORIENTED_EDGE('',*,*,#5687,.T.);
#5687 = EDGE_CURVE('',#5680,#5688,#5690,.T.);
#5688 = VERTEX_POINT('',#5689);
#5689 = CARTESIAN_POINT('',(-243.7454433088,129.17949192431,280.));
#5690 = LINE('',#5691,#5692);
#5691 = CARTESIAN_POINT('',(-253.7454433088,146.5,280.));
#5692 = VECTOR('',#5693,1.);
#5693 = DIRECTION('',(0.5,-0.866025403784,0.));
#5694 = ORIENTED_EDGE('',*,*,#5695,.T.);
#5695 = EDGE_CURVE('',#5688,#5672,#5696,.T.);
#5696 = LINE('',#5697,#5698);
#5697 = CARTESIAN_POINT('',(-243.7454433088,129.17949192431,139.));
#5698 = VECTOR('',#5699,1.);
#5699 = DIRECTION('',(0.,0.,-1.));
#5700 = PLANE('',#5701);
#5701 = AXIS2_PLACEMENT_3D('',#5702,#5703,#5704);
#5702 = CARTESIAN_POINT('',(-253.7454433088,146.5,260.));
#5703 = DIRECTION('',(0.866025403784,0.5,-0.));
#5704 = DIRECTION('',(0.5,-0.866025403784,0.));
#5705 = ADVANCED_FACE('',(#5706),#5779,.F.);
#5706 = FACE_BOUND('',#5707,.F.);
#5707 = EDGE_LOOP('',(#5708,#5718,#5726,#5734,#5740,#5741,#5749,#5757,
    #5765,#5773));
#5708 = ORIENTED_EDGE('',*,*,#5709,.T.);
#5709 = EDGE_CURVE('',#5710,#5712,#5714,.T.);
#5710 = VERTEX_POINT('',#5711);
#5711 = CARTESIAN_POINT('',(-10.,-275.6794919243,260.));
#5712 = VERTEX_POINT('',#5713);
#5713 = CARTESIAN_POINT('',(-5.382322682253E-14,-293.,260.));
#5714 = LINE('',#5715,#5716);
#5715 = CARTESIAN_POINT('',(-253.7454433088,146.5,260.));
#5716 = VECTOR('',#5717,1.);
#5717 = DIRECTION('',(0.5,-0.866025403784,0.));
#5718 = ORIENTED_EDGE('',*,*,#5719,.T.);
#5719 = EDGE_CURVE('',#5712,#5720,#5722,.T.);
#5720 = VERTEX_POINT('',#5721);
#5721 = CARTESIAN_POINT('',(-4.647534602764E-14,-253.,260.));
#5722 = LINE('',#5723,#5724);
#5723 = CARTESIAN_POINT('',(-5.382322682253E-14,-293.,260.));
#5724 = VECTOR('',#5725,1.);
#5725 = DIRECTION('',(1.836970198721E-16,1.,0.));
#5726 = ORIENTED_EDGE('',*,*,#5727,.T.);
#5727 = EDGE_CURVE('',#5720,#5728,#5730,.T.);
#5728 = VERTEX_POINT('',#5729);
#5729 = CARTESIAN_POINT('',(-219.1044271574,126.5,260.));
#5730 = LINE('',#5731,#5732);
#5731 = CARTESIAN_POINT('',(-4.647534602764E-14,-253.,260.));
#5732 = VECTOR('',#5733,1.);
#5733 = DIRECTION('',(-0.5,0.866025403784,0.));
#5734 = ORIENTED_EDGE('',*,*,#5735,.T.);
#5735 = EDGE_CURVE('',#5728,#5670,#5736,.T.);
#5736 = LINE('',#5737,#5738);
#5737 = CARTESIAN_POINT('',(-219.1044271574,126.5,260.));
#5738 = VECTOR('',#5739,1.);
#5739 = DIRECTION('',(-0.866025403784,0.5,0.));
#5740 = ORIENTED_EDGE('',*,*,#5669,.T.);
#5741 = ORIENTED_EDGE('',*,*,#5742,.T.);
#5742 = EDGE_CURVE('',#5672,#5743,#5745,.T.);
#5743 = VERTEX_POINT('',#5744);
#5744 = CARTESIAN_POINT('',(-234.4967320028,123.83974596215,260.));
#5745 = LINE('',#5746,#5747);
#5746 = CARTESIAN_POINT('',(-149.4477245336,74.736678605475,260.));
#5747 = VECTOR('',#5748,1.);
#5748 = DIRECTION('',(0.866025403784,-0.5,0.));
#5749 = ORIENTED_EDGE('',*,*,#5750,.T.);
#5750 = EDGE_CURVE('',#5743,#5751,#5753,.T.);
#5751 = VERTEX_POINT('',#5752);
#5752 = CARTESIAN_POINT('',(-237.5796357715,118.5,260.));
#5753 = LINE('',#5754,#5755);
#5754 = CARTESIAN_POINT('',(-244.196090535,107.03996418357,260.));
#5755 = VECTOR('',#5756,1.);
#5756 = DIRECTION('',(-0.5,-0.866025403784,0.));
#5757 = ORIENTED_EDGE('',*,*,#5758,.T.);
#5758 = EDGE_CURVE('',#5751,#5759,#5761,.T.);
#5759 = VERTEX_POINT('',#5760);
#5760 = CARTESIAN_POINT('',(-16.16580753731,-265.,260.));
#5761 = LINE('',#5762,#5763);
#5762 = CARTESIAN_POINT('',(-253.7454433088,146.5,260.));
#5763 = VECTOR('',#5764,1.);
#5764 = DIRECTION('',(0.5,-0.866025403784,0.));
#5765 = ORIENTED_EDGE('',*,*,#5766,.T.);
#5766 = EDGE_CURVE('',#5759,#5767,#5769,.T.);
#5767 = VERTEX_POINT('',#5768);
#5768 = CARTESIAN_POINT('',(-10.,-265.,260.));
#5769 = LINE('',#5770,#5771);
#5770 = CARTESIAN_POINT('',(-66.39871706437,-265.,260.));
#5771 = VECTOR('',#5772,1.);
#5772 = DIRECTION('',(1.,-2.22044604925E-16,0.));
#5773 = ORIENTED_EDGE('',*,*,#5774,.F.);
#5774 = EDGE_CURVE('',#5710,#5767,#5775,.T.);
#5775 = LINE('',#5776,#5777);
#5776 = CARTESIAN_POINT('',(-10.,-166.7938652866,260.));
#5777 = VECTOR('',#5778,1.);
#5778 = DIRECTION('',(2.22044604925E-16,1.,-0.));
#5779 = PLANE('',#5780);
#5780 = AXIS2_PLACEMENT_3D('',#5781,#5782,#5783);
#5781 = CARTESIAN_POINT('',(-118.7974341287,-68.58773057327,260.));
#5782 = DIRECTION('',(0.,0.,1.));
#5783 = DIRECTION('',(1.,0.,-0.));
#5784 = ADVANCED_FACE('',(#5785),#5803,.T.);
#5785 = FACE_BOUND('',#5786,.T.);
#5786 = EDGE_LOOP('',(#5787,#5788,#5796,#5802));
#5787 = ORIENTED_EDGE('',*,*,#5742,.T.);
#5788 = ORIENTED_EDGE('',*,*,#5789,.T.);
#5789 = EDGE_CURVE('',#5743,#5790,#5792,.T.);
#5790 = VERTEX_POINT('',#5791);
#5791 = CARTESIAN_POINT('',(-234.4967320028,123.83974596215,280.));
#5792 = LINE('',#5793,#5794);
#5793 = CARTESIAN_POINT('',(-234.4967320028,123.83974596215,18.));
#5794 = VECTOR('',#5795,1.);
#5795 = DIRECTION('',(0.,0.,1.));
#5796 = ORIENTED_EDGE('',*,*,#5797,.T.);
#5797 = EDGE_CURVE('',#5790,#5688,#5798,.T.);
#5798 = LINE('',#5799,#5800);
#5799 = CARTESIAN_POINT('',(-234.4967320028,123.83974596215,280.));
#5800 = VECTOR('',#5801,1.);
#5801 = DIRECTION('',(-0.866025403784,0.5,0.));
#5802 = ORIENTED_EDGE('',*,*,#5695,.T.);
#5803 = PLANE('',#5804);
#5804 = AXIS2_PLACEMENT_3D('',#5805,#5806,#5807);
#5805 = CARTESIAN_POINT('',(-234.4967320028,123.83974596215,18.));
#5806 = DIRECTION('',(-0.5,-0.866025403784,0.));
#5807 = DIRECTION('',(0.,0.,1.));
#5808 = ADVANCED_FACE('',(#5809),#5827,.F.);
#5809 = FACE_BOUND('',#5810,.F.);
#5810 = EDGE_LOOP('',(#5811,#5819,#5825,#5826));
#5811 = ORIENTED_EDGE('',*,*,#5812,.T.);
#5812 = EDGE_CURVE('',#5728,#5813,#5815,.T.);
#5813 = VERTEX_POINT('',#5814);
#5814 = CARTESIAN_POINT('',(-219.1044271574,126.5,280.));
#5815 = LINE('',#5816,#5817);
#5816 = CARTESIAN_POINT('',(-219.1044271574,126.5,260.));
#5817 = VECTOR('',#5818,1.);
#5818 = DIRECTION('',(0.,0.,1.));
#5819 = ORIENTED_EDGE('',*,*,#5820,.T.);
#5820 = EDGE_CURVE('',#5813,#5680,#5821,.T.);
#5821 = LINE('',#5822,#5823);
#5822 = CARTESIAN_POINT('',(-219.1044271574,126.5,280.));
#5823 = VECTOR('',#5824,1.);
#5824 = DIRECTION('',(-0.866025403784,0.5,0.));
#5825 = ORIENTED_EDGE('',*,*,#5679,.F.);
#5826 = ORIENTED_EDGE('',*,*,#5735,.F.);
#5827 = PLANE('',#5828);
#5828 = AXIS2_PLACEMENT_3D('',#5829,#5830,#5831);
#5829 = CARTESIAN_POINT('',(-219.1044271574,126.5,260.));
#5830 = DIRECTION('',(-0.5,-0.866025403784,0.));
#5831 = DIRECTION('',(-0.866025403784,0.5,0.));
#5832 = ADVANCED_FACE('',(#5833),#5858,.F.);
#5833 = FACE_BOUND('',#5834,.F.);
#5834 = EDGE_LOOP('',(#5835,#5836,#5844,#5852));
#5835 = ORIENTED_EDGE('',*,*,#5709,.F.);
#5836 = ORIENTED_EDGE('',*,*,#5837,.F.);
#5837 = EDGE_CURVE('',#5838,#5710,#5840,.T.);
#5838 = VERTEX_POINT('',#5839);
#5839 = CARTESIAN_POINT('',(-10.,-275.6794919243,280.));
#5840 = LINE('',#5841,#5842);
#5841 = CARTESIAN_POINT('',(-10.,-275.6794919243,139.));
#5842 = VECTOR('',#5843,1.);
#5843 = DIRECTION('',(0.,-0.,-1.));
#5844 = ORIENTED_EDGE('',*,*,#5845,.T.);
#5845 = EDGE_CURVE('',#5838,#5846,#5848,.T.);
#5846 = VERTEX_POINT('',#5847);
#5847 = CARTESIAN_POINT('',(-5.382322682253E-14,-293.,280.));
#5848 = LINE('',#5849,#5850);
#5849 = CARTESIAN_POINT('',(-253.7454433088,146.5,280.));
#5850 = VECTOR('',#5851,1.);
#5851 = DIRECTION('',(0.5,-0.866025403784,0.));
#5852 = ORIENTED_EDGE('',*,*,#5853,.F.);
#5853 = EDGE_CURVE('',#5712,#5846,#5854,.T.);
#5854 = LINE('',#5855,#5856);
#5855 = CARTESIAN_POINT('',(-5.382322682253E-14,-293.,260.));
#5856 = VECTOR('',#5857,1.);
#5857 = DIRECTION('',(0.,0.,1.));
#5858 = PLANE('',#5859);
#5859 = AXIS2_PLACEMENT_3D('',#5860,#5861,#5862);
#5860 = CARTESIAN_POINT('',(-253.7454433088,146.5,260.));
#5861 = DIRECTION('',(0.866025403784,0.5,-0.));
#5862 = DIRECTION('',(0.5,-0.866025403784,0.));
#5863 = ADVANCED_FACE('',(#5864),#5882,.F.);
#5864 = FACE_BOUND('',#5865,.F.);
#5865 = EDGE_LOOP('',(#5866,#5867,#5875,#5881));
#5866 = ORIENTED_EDGE('',*,*,#5774,.T.);
#5867 = ORIENTED_EDGE('',*,*,#5868,.T.);
#5868 = EDGE_CURVE('',#5767,#5869,#5871,.T.);
#5869 = VERTEX_POINT('',#5870);
#5870 = CARTESIAN_POINT('',(-10.,-265.,280.));
#5871 = LINE('',#5872,#5873);
#5872 = CARTESIAN_POINT('',(-10.,-265.,18.));
#5873 = VECTOR('',#5874,1.);
#5874 = DIRECTION('',(0.,0.,1.));
#5875 = ORIENTED_EDGE('',*,*,#5876,.T.);
#5876 = EDGE_CURVE('',#5869,#5838,#5877,.T.);
#5877 = LINE('',#5878,#5879);
#5878 = CARTESIAN_POINT('',(-10.,-265.,280.));
#5879 = VECTOR('',#5880,1.);
#5880 = DIRECTION('',(-2.22044604925E-16,-1.,0.));
#5881 = ORIENTED_EDGE('',*,*,#5837,.T.);
#5882 = PLANE('',#5883);
#5883 = AXIS2_PLACEMENT_3D('',#5884,#5885,#5886);
#5884 = CARTESIAN_POINT('',(-10.,-265.,18.));
#5885 = DIRECTION('',(1.,-2.22044604925E-16,0.));
#5886 = DIRECTION('',(0.,0.,1.));
#5887 = ADVANCED_FACE('',(#5888),#5913,.F.);
#5888 = FACE_BOUND('',#5889,.F.);
#5889 = EDGE_LOOP('',(#5890,#5891,#5899,#5907));
#5890 = ORIENTED_EDGE('',*,*,#5758,.F.);
#5891 = ORIENTED_EDGE('',*,*,#5892,.T.);
#5892 = EDGE_CURVE('',#5751,#5893,#5895,.T.);
#5893 = VERTEX_POINT('',#5894);
#5894 = CARTESIAN_POINT('',(-237.5796357715,118.5,280.));
#5895 = LINE('',#5896,#5897);
#5896 = CARTESIAN_POINT('',(-237.5796357715,118.5,139.));
#5897 = VECTOR('',#5898,1.);
#5898 = DIRECTION('',(0.,0.,1.));
#5899 = ORIENTED_EDGE('',*,*,#5900,.T.);
#5900 = EDGE_CURVE('',#5893,#5901,#5903,.T.);
#5901 = VERTEX_POINT('',#5902);
#5902 = CARTESIAN_POINT('',(-16.16580753731,-265.,280.));
#5903 = LINE('',#5904,#5905);
#5904 = CARTESIAN_POINT('',(-253.7454433088,146.5,280.));
#5905 = VECTOR('',#5906,1.);
#5906 = DIRECTION('',(0.5,-0.866025403784,0.));
#5907 = ORIENTED_EDGE('',*,*,#5908,.T.);
#5908 = EDGE_CURVE('',#5901,#5759,#5909,.T.);
#5909 = LINE('',#5910,#5911);
#5910 = CARTESIAN_POINT('',(-16.16580753731,-265.,139.));
#5911 = VECTOR('',#5912,1.);
#5912 = DIRECTION('',(0.,0.,-1.));
#5913 = PLANE('',#5914);
#5914 = AXIS2_PLACEMENT_3D('',#5915,#5916,#5917);
#5915 = CARTESIAN_POINT('',(-253.7454433088,146.5,260.));
#5916 = DIRECTION('',(0.866025403784,0.5,-0.));
#5917 = DIRECTION('',(0.5,-0.866025403784,0.));
#5918 = ADVANCED_FACE('',(#5919),#5937,.F.);
#5919 = FACE_BOUND('',#5920,.F.);
#5920 = EDGE_LOOP('',(#5921,#5929,#5935,#5936));
#5921 = ORIENTED_EDGE('',*,*,#5922,.T.);
#5922 = EDGE_CURVE('',#5720,#5923,#5925,.T.);
#5923 = VERTEX_POINT('',#5924);
#5924 = CARTESIAN_POINT('',(-4.647534602764E-14,-253.,280.));
#5925 = LINE('',#5926,#5927);
#5926 = CARTESIAN_POINT('',(-4.647534602764E-14,-253.,260.));
#5927 = VECTOR('',#5928,1.);
#5928 = DIRECTION('',(0.,0.,1.));
#5929 = ORIENTED_EDGE('',*,*,#5930,.T.);
#5930 = EDGE_CURVE('',#5923,#5813,#5931,.T.);
#5931 = LINE('',#5932,#5933);
#5932 = CARTESIAN_POINT('',(-4.647534602764E-14,-253.,280.));
#5933 = VECTOR('',#5934,1.);
#5934 = DIRECTION('',(-0.5,0.866025403784,0.));
#5935 = ORIENTED_EDGE('',*,*,#5812,.F.);
#5936 = ORIENTED_EDGE('',*,*,#5727,.F.);
#5937 = PLANE('',#5938);
#5938 = AXIS2_PLACEMENT_3D('',#5939,#5940,#5941);
#5939 = CARTESIAN_POINT('',(-4.647534602764E-14,-253.,260.));
#5940 = DIRECTION('',(-0.866025403784,-0.5,0.));
#5941 = DIRECTION('',(-0.5,0.866025403784,0.));
#5942 = ADVANCED_FACE('',(#5943),#5954,.F.);
#5943 = FACE_BOUND('',#5944,.F.);
#5944 = EDGE_LOOP('',(#5945,#5946,#5952,#5953));
#5945 = ORIENTED_EDGE('',*,*,#5853,.T.);
#5946 = ORIENTED_EDGE('',*,*,#5947,.T.);
#5947 = EDGE_CURVE('',#5846,#5923,#5948,.T.);
#5948 = LINE('',#5949,#5950);
#5949 = CARTESIAN_POINT('',(-5.382322682253E-14,-293.,280.));
#5950 = VECTOR('',#5951,1.);
#5951 = DIRECTION('',(1.836970198721E-16,1.,0.));
#5952 = ORIENTED_EDGE('',*,*,#5922,.F.);
#5953 = ORIENTED_EDGE('',*,*,#5719,.F.);
#5954 = PLANE('',#5955);
#5955 = AXIS2_PLACEMENT_3D('',#5956,#5957,#5958);
#5956 = CARTESIAN_POINT('',(-5.382322682253E-14,-293.,260.));
#5957 = DIRECTION('',(-1.,1.836970198721E-16,0.));
#5958 = DIRECTION('',(1.836970198721E-16,1.,0.));
#5959 = ADVANCED_FACE('',(#5960),#5982,.T.);
#5960 = FACE_BOUND('',#5961,.T.);
#5961 = EDGE_LOOP('',(#5962,#5963,#5964,#5970,#5971,#5977,#5978,#5979,
    #5980,#5981));
#5962 = ORIENTED_EDGE('',*,*,#5687,.T.);
#5963 = ORIENTED_EDGE('',*,*,#5797,.F.);
#5964 = ORIENTED_EDGE('',*,*,#5965,.T.);
#5965 = EDGE_CURVE('',#5790,#5893,#5966,.T.);
#5966 = LINE('',#5967,#5968);
#5967 = CARTESIAN_POINT('',(-234.4967320028,123.83974596215,280.));
#5968 = VECTOR('',#5969,1.);
#5969 = DIRECTION('',(-0.5,-0.866025403784,0.));
#5970 = ORIENTED_EDGE('',*,*,#5900,.T.);
#5971 = ORIENTED_EDGE('',*,*,#5972,.T.);
#5972 = EDGE_CURVE('',#5901,#5869,#5973,.T.);
#5973 = LINE('',#5974,#5975);
#5974 = CARTESIAN_POINT('',(-89.39871706437,-265.,280.));
#5975 = VECTOR('',#5976,1.);
#5976 = DIRECTION('',(1.,-2.22044604925E-16,0.));
#5977 = ORIENTED_EDGE('',*,*,#5876,.T.);
#5978 = ORIENTED_EDGE('',*,*,#5845,.T.);
#5979 = ORIENTED_EDGE('',*,*,#5947,.T.);
#5980 = ORIENTED_EDGE('',*,*,#5930,.T.);
#5981 = ORIENTED_EDGE('',*,*,#5820,.T.);
#5982 = PLANE('',#5983);
#5983 = AXIS2_PLACEMENT_3D('',#5984,#5985,#5986);
#5984 = CARTESIAN_POINT('',(-118.7926018814,-68.58494067396,280.));
#5985 = DIRECTION('',(0.,0.,1.));
#5986 = DIRECTION('',(1.,0.,-0.));
#5987 = ADVANCED_FACE('',(#5988),#5994,.T.);
#5988 = FACE_BOUND('',#5989,.T.);
#5989 = EDGE_LOOP('',(#5990,#5991,#5992,#5993));
#5990 = ORIENTED_EDGE('',*,*,#5972,.F.);
#5991 = ORIENTED_EDGE('',*,*,#5908,.T.);
#5992 = ORIENTED_EDGE('',*,*,#5766,.T.);
#5993 = ORIENTED_EDGE('',*,*,#5868,.T.);
#5994 = PLANE('',#5995);
#5995 = AXIS2_PLACEMENT_3D('',#5996,#5997,#5998);
#5996 = CARTESIAN_POINT('',(-13.08290376865,-265.,270.));
#5997 = DIRECTION('',(-0.,-1.,-0.));
#5998 = DIRECTION('',(0.,0.,-1.));
#5999 = ADVANCED_FACE('',(#6000),#6006,.T.);
#6000 = FACE_BOUND('',#6001,.T.);
#6001 = EDGE_LOOP('',(#6002,#6003,#6004,#6005));
#6002 = ORIENTED_EDGE('',*,*,#5965,.F.);
#6003 = ORIENTED_EDGE('',*,*,#5789,.F.);
#6004 = ORIENTED_EDGE('',*,*,#5750,.T.);
#6005 = ORIENTED_EDGE('',*,*,#5892,.T.);
#6006 = PLANE('',#6007);
#6007 = AXIS2_PLACEMENT_3D('',#6008,#6009,#6010);
#6008 = CARTESIAN_POINT('',(-236.0381838872,121.16987298107,270.));
#6009 = DIRECTION('',(-0.866025403784,0.5,-0.));
#6010 = DIRECTION('',(-0.5,-0.866025403784,0.));
#6011 = ( GEOMETRIC_REPRESENTATION_CONTEXT(3) 
GLOBAL_UNCERTAINTY_ASSIGNED_CONTEXT((#6015)) 
GLOBAL_UNIT_ASSIGNED_CONTEXT((#6012,#6013,#6014)) REPRESENTATION_CONTEXT
('Context #1','3D Context with UNIT and UNCERTAINTY') );
#6012 = ( LENGTH_UNIT() NAMED_UNIT(*) SI_UNIT(.MILLI.,.METRE.) );
#6013 = ( NAMED_UNIT(*) PLANE_ANGLE_UNIT() SI_UNIT($,.RADIAN.) );
#6014 = ( NAMED_UNIT(*) SI_UNIT($,.STERADIAN.) SOLID_ANGLE_UNIT() );
#6015 = UNCERTAINTY_MEASURE_WITH_UNIT(LENGTH_MEASURE(2.E-07),#6012,
  'distance_accuracy_value','confusion accuracy');
#6016 = CONTEXT_DEPENDENT_SHAPE_REPRESENTATION(#6017,#6019);
#6017 = ( REPRESENTATION_RELATIONSHIP('','',#5662,#10) 
REPRESENTATION_RELATIONSHIP_WITH_TRANSFORMATION(#6018) 
SHAPE_REPRESENTATION_RELATIONSHIP() );
#6018 = ITEM_DEFINED_TRANSFORMATION('','',#11,#127);
#6019 = PRODUCT_DEFINITION_SHAPE('Placement','Placement of an item',
  #6020);
#6020 = NEXT_ASSEMBLY_USAGE_OCCURRENCE('29',
  'P29 Triangle level 1 beam 2','',#5,#5657,$);
#6021 = PRODUCT_RELATED_PRODUCT_CATEGORY('part',$,(#5659));
#6022 = SHAPE_DEFINITION_REPRESENTATION(#6023,#6029);
#6023 = PRODUCT_DEFINITION_SHAPE('','',#6024);
#6024 = PRODUCT_DEFINITION('design','',#6025,#6028);
#6025 = PRODUCT_DEFINITION_FORMATION('','',#6026);
#6026 = PRODUCT('P30 Triangle level 1 beam 3',
  'P30 Triangle level 1 beam 3','',(#6027));
#6027 = PRODUCT_CONTEXT('',#2,'mechanical');
#6028 = PRODUCT_DEFINITION_CONTEXT('part definition',#2,'design');
#6029 = ADVANCED_BREP_SHAPE_REPRESENTATION('',(#11,#6030),#6378);
#6030 = MANIFOLD_SOLID_BREP('',#6031);
#6031 = CLOSED_SHELL('',(#6032,#6072,#6151,#6175,#6199,#6230,#6254,#6285
    ,#6309,#6326,#6354,#6366));
#6032 = ADVANCED_FACE('',(#6033),#6067,.F.);
#6033 = FACE_BOUND('',#6034,.F.);
#6034 = EDGE_LOOP('',(#6035,#6045,#6053,#6061));
#6035 = ORIENTED_EDGE('',*,*,#6036,.F.);
#6036 = EDGE_CURVE('',#6037,#6039,#6041,.T.);
#6037 = VERTEX_POINT('',#6038);
#6038 = CARTESIAN_POINT('',(-5.382322682253E-14,-293.,260.));
#6039 = VERTEX_POINT('',#6040);
#6040 = CARTESIAN_POINT('',(10.,-275.6794919243,260.));
#6041 = LINE('',#6042,#6043);
#6042 = CARTESIAN_POINT('',(-5.382322682253E-14,-293.,260.));
#6043 = VECTOR('',#6044,1.);
#6044 = DIRECTION('',(0.5,0.866025403784,0.));
#6045 = ORIENTED_EDGE('',*,*,#6046,.T.);
#6046 = EDGE_CURVE('',#6037,#6047,#6049,.T.);
#6047 = VERTEX_POINT('',#6048);
#6048 = CARTESIAN_POINT('',(-5.382322682253E-14,-293.,280.));
#6049 = LINE('',#6050,#6051);
#6050 = CARTESIAN_POINT('',(-5.382322682253E-14,-293.,260.));
#6051 = VECTOR('',#6052,1.);
#6052 = DIRECTION('',(0.,0.,1.));
#6053 = ORIENTED_EDGE('',*,*,#6054,.T.);
#6054 = EDGE_CURVE('',#6047,#6055,#6057,.T.);
#6055 = VERTEX_POINT('',#6056);
#6056 = CARTESIAN_POINT('',(10.,-275.6794919243,280.));
#6057 = LINE('',#6058,#6059);
#6058 = CARTESIAN_POINT('',(-5.382322682253E-14,-293.,280.));
#6059 = VECTOR('',#6060,1.);
#6060 = DIRECTION('',(0.5,0.866025403784,0.));
#6061 = ORIENTED_EDGE('',*,*,#6062,.T.);
#6062 = EDGE_CURVE('',#6055,#6039,#6063,.T.);
#6063 = LINE('',#6064,#6065);
#6064 = CARTESIAN_POINT('',(10.,-275.6794919243,139.));
#6065 = VECTOR('',#6066,1.);
#6066 = DIRECTION('',(0.,0.,-1.));
#6067 = PLANE('',#6068);
#6068 = AXIS2_PLACEMENT_3D('',#6069,#6070,#6071);
#6069 = CARTESIAN_POINT('',(-5.382322682253E-14,-293.,260.));
#6070 = DIRECTION('',(-0.866025403784,0.5,0.));
#6071 = DIRECTION('',(0.5,0.866025403784,0.));
#6072 = ADVANCED_FACE('',(#6073),#6146,.F.);
#6073 = FACE_BOUND('',#6074,.F.);
#6074 = EDGE_LOOP('',(#6075,#6085,#6093,#6101,#6107,#6108,#6116,#6124,
    #6132,#6140));
#6075 = ORIENTED_EDGE('',*,*,#6076,.T.);
#6076 = EDGE_CURVE('',#6077,#6079,#6081,.T.);
#6077 = VERTEX_POINT('',#6078);
#6078 = CARTESIAN_POINT('',(243.74544330884,129.17949192431,260.));
#6079 = VERTEX_POINT('',#6080);
#6080 = CARTESIAN_POINT('',(253.74544330884,146.5,260.));
#6081 = LINE('',#6082,#6083);
#6082 = CARTESIAN_POINT('',(-5.382322682253E-14,-293.,260.));
#6083 = VECTOR('',#6084,1.);
#6084 = DIRECTION('',(0.5,0.866025403784,0.));
#6085 = ORIENTED_EDGE('',*,*,#6086,.T.);
#6086 = EDGE_CURVE('',#6079,#6087,#6089,.T.);
#6087 = VERTEX_POINT('',#6088);
#6088 = CARTESIAN_POINT('',(219.10442715746,126.5,260.));
#6089 = LINE('',#6090,#6091);
#6090 = CARTESIAN_POINT('',(253.74544330884,146.5,260.));
#6091 = VECTOR('',#6092,1.);
#6092 = DIRECTION('',(-0.866025403784,-0.5,0.));
#6093 = ORIENTED_EDGE('',*,*,#6094,.T.);
#6094 = EDGE_CURVE('',#6087,#6095,#6097,.T.);
#6095 = VERTEX_POINT('',#6096);
#6096 = CARTESIAN_POINT('',(-4.647534602764E-14,-253.,260.));
#6097 = LINE('',#6098,#6099);
#6098 = CARTESIAN_POINT('',(219.10442715746,126.5,260.));
#6099 = VECTOR('',#6100,1.);
#6100 = DIRECTION('',(-0.5,-0.866025403784,0.));
#6101 = ORIENTED_EDGE('',*,*,#6102,.T.);
#6102 = EDGE_CURVE('',#6095,#6037,#6103,.T.);
#6103 = LINE('',#6104,#6105);
#6104 = CARTESIAN_POINT('',(-4.647534602764E-14,-253.,260.));
#6105 = VECTOR('',#6106,1.);
#6106 = DIRECTION('',(-1.836970198721E-16,-1.,0.));
#6107 = ORIENTED_EDGE('',*,*,#6036,.T.);
#6108 = ORIENTED_EDGE('',*,*,#6109,.T.);
#6109 = EDGE_CURVE('',#6039,#6110,#6112,.T.);
#6110 = VERTEX_POINT('',#6111);
#6111 = CARTESIAN_POINT('',(10.,-265.,260.));
#6112 = LINE('',#6113,#6114);
#6113 = CARTESIAN_POINT('',(10.,-166.7938652866,260.));
#6114 = VECTOR('',#6115,1.);
#6115 = DIRECTION('',(2.22044604925E-16,1.,-0.));
#6116 = ORIENTED_EDGE('',*,*,#6117,.T.);
#6117 = EDGE_CURVE('',#6110,#6118,#6120,.T.);
#6118 = VERTEX_POINT('',#6119);
#6119 = CARTESIAN_POINT('',(16.165807537309,-265.,260.));
#6120 = LINE('',#6121,#6122);
#6121 = CARTESIAN_POINT('',(29.398717064379,-265.,260.));
#6122 = VECTOR('',#6123,1.);
#6123 = DIRECTION('',(1.,-2.22044604925E-16,0.));
#6124 = ORIENTED_EDGE('',*,*,#6125,.T.);
#6125 = EDGE_CURVE('',#6118,#6126,#6128,.T.);
#6126 = VERTEX_POINT('',#6127);
#6127 = CARTESIAN_POINT('',(237.57963577153,118.5,260.));
#6128 = LINE('',#6129,#6130);
#6129 = CARTESIAN_POINT('',(-5.382322682253E-14,-293.,260.));
#6130 = VECTOR('',#6131,1.);
#6131 = DIRECTION('',(0.5,0.866025403784,0.));
#6132 = ORIENTED_EDGE('',*,*,#6133,.T.);
#6133 = EDGE_CURVE('',#6126,#6134,#6136,.T.);
#6134 = VERTEX_POINT('',#6135);
#6135 = CARTESIAN_POINT('',(234.49673200287,123.83974596215,260.));
#6136 = LINE('',#6137,#6138);
#6137 = CARTESIAN_POINT('',(262.69609053506,74.997024243552,260.));
#6138 = VECTOR('',#6139,1.);
#6139 = DIRECTION('',(-0.5,0.866025403784,0.));
#6140 = ORIENTED_EDGE('',*,*,#6141,.F.);
#6141 = EDGE_CURVE('',#6077,#6134,#6142,.T.);
#6142 = LINE('',#6143,#6144);
#6143 = CARTESIAN_POINT('',(149.44772453362,74.736678605475,260.));
#6144 = VECTOR('',#6145,1.);
#6145 = DIRECTION('',(-0.866025403784,-0.5,0.));
#6146 = PLANE('',#6147);
#6147 = AXIS2_PLACEMENT_3D('',#6148,#6149,#6150);
#6148 = CARTESIAN_POINT('',(118.79743412875,-68.58773057327,260.));
#6149 = DIRECTION('',(0.,0.,1.));
#6150 = DIRECTION('',(1.,0.,-0.));
#6151 = ADVANCED_FACE('',(#6152),#6170,.T.);
#6152 = FACE_BOUND('',#6153,.T.);
#6153 = EDGE_LOOP('',(#6154,#6155,#6163,#6169));
#6154 = ORIENTED_EDGE('',*,*,#6109,.T.);
#6155 = ORIENTED_EDGE('',*,*,#6156,.T.);
#6156 = EDGE_CURVE('',#6110,#6157,#6159,.T.);
#6157 = VERTEX_POINT('',#6158);
#6158 = CARTESIAN_POINT('',(10.,-265.,280.));
#6159 = LINE('',#6160,#6161);
#6160 = CARTESIAN_POINT('',(10.,-265.,18.));
#6161 = VECTOR('',#6162,1.);
#6162 = DIRECTION('',(0.,0.,1.));
#6163 = ORIENTED_EDGE('',*,*,#6164,.T.);
#6164 = EDGE_CURVE('',#6157,#6055,#6165,.T.);
#6165 = LINE('',#6166,#6167);
#6166 = CARTESIAN_POINT('',(10.,-265.,280.));
#6167 = VECTOR('',#6168,1.);
#6168 = DIRECTION('',(-2.22044604925E-16,-1.,0.));
#6169 = ORIENTED_EDGE('',*,*,#6062,.T.);
#6170 = PLANE('',#6171);
#6171 = AXIS2_PLACEMENT_3D('',#6172,#6173,#6174);
#6172 = CARTESIAN_POINT('',(10.,-265.,18.));
#6173 = DIRECTION('',(1.,-2.22044604925E-16,0.));
#6174 = DIRECTION('',(0.,0.,1.));
#6175 = ADVANCED_FACE('',(#6176),#6194,.F.);
#6176 = FACE_BOUND('',#6177,.F.);
#6177 = EDGE_LOOP('',(#6178,#6186,#6192,#6193));
#6178 = ORIENTED_EDGE('',*,*,#6179,.T.);
#6179 = EDGE_CURVE('',#6095,#6180,#6182,.T.);
#6180 = VERTEX_POINT('',#6181);
#6181 = CARTESIAN_POINT('',(-4.647534602764E-14,-253.,280.));
#6182 = LINE('',#6183,#6184);
#6183 = CARTESIAN_POINT('',(-4.647534602764E-14,-253.,260.));
#6184 = VECTOR('',#6185,1.);
#6185 = DIRECTION('',(0.,0.,1.));
#6186 = ORIENTED_EDGE('',*,*,#6187,.T.);
#6187 = EDGE_CURVE('',#6180,#6047,#6188,.T.);
#6188 = LINE('',#6189,#6190);
#6189 = CARTESIAN_POINT('',(-4.647534602764E-14,-253.,280.));
#6190 = VECTOR('',#6191,1.);
#6191 = DIRECTION('',(-1.836970198721E-16,-1.,0.));
#6192 = ORIENTED_EDGE('',*,*,#6046,.F.);
#6193 = ORIENTED_EDGE('',*,*,#6102,.F.);
#6194 = PLANE('',#6195);
#6195 = AXIS2_PLACEMENT_3D('',#6196,#6197,#6198);
#6196 = CARTESIAN_POINT('',(-4.647534602764E-14,-253.,260.));
#6197 = DIRECTION('',(1.,-1.836970198721E-16,0.));
#6198 = DIRECTION('',(-1.836970198721E-16,-1.,0.));
#6199 = ADVANCED_FACE('',(#6200),#6225,.F.);
#6200 = FACE_BOUND('',#6201,.F.);
#6201 = EDGE_LOOP('',(#6202,#6203,#6211,#6219));
#6202 = ORIENTED_EDGE('',*,*,#6076,.F.);
#6203 = ORIENTED_EDGE('',*,*,#6204,.F.);
#6204 = EDGE_CURVE('',#6205,#6077,#6207,.T.);
#6205 = VERTEX_POINT('',#6206);
#6206 = CARTESIAN_POINT('',(243.74544330884,129.17949192431,280.));
#6207 = LINE('',#6208,#6209);
#6208 = CARTESIAN_POINT('',(243.74544330884,129.17949192431,139.));
#6209 = VECTOR('',#6210,1.);
#6210 = DIRECTION('',(0.,0.,-1.));
#6211 = ORIENTED_EDGE('',*,*,#6212,.T.);
#6212 = EDGE_CURVE('',#6205,#6213,#6215,.T.);
#6213 = VERTEX_POINT('',#6214);
#6214 = CARTESIAN_POINT('',(253.74544330884,146.5,280.));
#6215 = LINE('',#6216,#6217);
#6216 = CARTESIAN_POINT('',(-5.382322682253E-14,-293.,280.));
#6217 = VECTOR('',#6218,1.);
#6218 = DIRECTION('',(0.5,0.866025403784,0.));
#6219 = ORIENTED_EDGE('',*,*,#6220,.F.);
#6220 = EDGE_CURVE('',#6079,#6213,#6221,.T.);
#6221 = LINE('',#6222,#6223);
#6222 = CARTESIAN_POINT('',(253.74544330884,146.5,260.));
#6223 = VECTOR('',#6224,1.);
#6224 = DIRECTION('',(0.,0.,1.));
#6225 = PLANE('',#6226);
#6226 = AXIS2_PLACEMENT_3D('',#6227,#6228,#6229);
#6227 = CARTESIAN_POINT('',(-5.382322682253E-14,-293.,260.));
#6228 = DIRECTION('',(-0.866025403784,0.5,0.));
#6229 = DIRECTION('',(0.5,0.866025403784,0.));
#6230 = ADVANCED_FACE('',(#6231),#6249,.F.);
#6231 = FACE_BOUND('',#6232,.F.);
#6232 = EDGE_LOOP('',(#6233,#6234,#6242,#6248));
#6233 = ORIENTED_EDGE('',*,*,#6141,.T.);
#6234 = ORIENTED_EDGE('',*,*,#6235,.T.);
#6235 = EDGE_CURVE('',#6134,#6236,#6238,.T.);
#6236 = VERTEX_POINT('',#6237);
#6237 = CARTESIAN_POINT('',(234.49673200287,123.83974596215,280.));
#6238 = LINE('',#6239,#6240);
#6239 = CARTESIAN_POINT('',(234.49673200287,123.83974596215,18.));
#6240 = VECTOR('',#6241,1.);
#6241 = DIRECTION('',(0.,0.,1.));
#6242 = ORIENTED_EDGE('',*,*,#6243,.T.);
#6243 = EDGE_CURVE('',#6236,#6205,#6244,.T.);
#6244 = LINE('',#6245,#6246);
#6245 = CARTESIAN_POINT('',(234.49673200287,123.83974596215,280.));
#6246 = VECTOR('',#6247,1.);
#6247 = DIRECTION('',(0.866025403784,0.5,0.));
#6248 = ORIENTED_EDGE('',*,*,#6204,.T.);
#6249 = PLANE('',#6250);
#6250 = AXIS2_PLACEMENT_3D('',#6251,#6252,#6253);
#6251 = CARTESIAN_POINT('',(234.49673200287,123.83974596215,18.));
#6252 = DIRECTION('',(-0.5,0.866025403784,0.));
#6253 = DIRECTION('',(0.,0.,1.));
#6254 = ADVANCED_FACE('',(#6255),#6280,.F.);
#6255 = FACE_BOUND('',#6256,.F.);
#6256 = EDGE_LOOP('',(#6257,#6258,#6266,#6274));
#6257 = ORIENTED_EDGE('',*,*,#6125,.F.);
#6258 = ORIENTED_EDGE('',*,*,#6259,.T.);
#6259 = EDGE_CURVE('',#6118,#6260,#6262,.T.);
#6260 = VERTEX_POINT('',#6261);
#6261 = CARTESIAN_POINT('',(16.165807537309,-265.,280.));
#6262 = LINE('',#6263,#6264);
#6263 = CARTESIAN_POINT('',(16.165807537309,-265.,139.));
#6264 = VECTOR('',#6265,1.);
#6265 = DIRECTION('',(0.,0.,1.));
#6266 = ORIENTED_EDGE('',*,*,#6267,.T.);
#6267 = EDGE_CURVE('',#6260,#6268,#6270,.T.);
#6268 = VERTEX_POINT('',#6269);
#6269 = CARTESIAN_POINT('',(237.57963577153,118.5,280.));
#6270 = LINE('',#6271,#6272);
#6271 = CARTESIAN_POINT('',(-5.382322682253E-14,-293.,280.));
#6272 = VECTOR('',#6273,1.);
#6273 = DIRECTION('',(0.5,0.866025403784,0.));
#6274 = ORIENTED_EDGE('',*,*,#6275,.T.);
#6275 = EDGE_CURVE('',#6268,#6126,#6276,.T.);
#6276 = LINE('',#6277,#6278);
#6277 = CARTESIAN_POINT('',(237.57963577153,118.5,139.));
#6278 = VECTOR('',#6279,1.);
#6279 = DIRECTION('',(0.,0.,-1.));
#6280 = PLANE('',#6281);
#6281 = AXIS2_PLACEMENT_3D('',#6282,#6283,#6284);
#6282 = CARTESIAN_POINT('',(-5.382322682253E-14,-293.,260.));
#6283 = DIRECTION('',(-0.866025403784,0.5,0.));
#6284 = DIRECTION('',(0.5,0.866025403784,0.));
#6285 = ADVANCED_FACE('',(#6286),#6304,.F.);
#6286 = FACE_BOUND('',#6287,.F.);
#6287 = EDGE_LOOP('',(#6288,#6296,#6302,#6303));
#6288 = ORIENTED_EDGE('',*,*,#6289,.T.);
#6289 = EDGE_CURVE('',#6087,#6290,#6292,.T.);
#6290 = VERTEX_POINT('',#6291);
#6291 = CARTESIAN_POINT('',(219.10442715746,126.5,280.));
#6292 = LINE('',#6293,#6294);
#6293 = CARTESIAN_POINT('',(219.10442715746,126.5,260.));
#6294 = VECTOR('',#6295,1.);
#6295 = DIRECTION('',(0.,0.,1.));
#6296 = ORIENTED_EDGE('',*,*,#6297,.T.);
#6297 = EDGE_CURVE('',#6290,#6180,#6298,.T.);
#6298 = LINE('',#6299,#6300);
#6299 = CARTESIAN_POINT('',(219.10442715746,126.5,280.));
#6300 = VECTOR('',#6301,1.);
#6301 = DIRECTION('',(-0.5,-0.866025403784,0.));
#6302 = ORIENTED_EDGE('',*,*,#6179,.F.);
#6303 = ORIENTED_EDGE('',*,*,#6094,.F.);
#6304 = PLANE('',#6305);
#6305 = AXIS2_PLACEMENT_3D('',#6306,#6307,#6308);
#6306 = CARTESIAN_POINT('',(219.10442715746,126.5,260.));
#6307 = DIRECTION('',(0.866025403784,-0.5,0.));
#6308 = DIRECTION('',(-0.5,-0.866025403784,0.));
#6309 = ADVANCED_FACE('',(#6310),#6321,.F.);
#6310 = FACE_BOUND('',#6311,.F.);
#6311 = EDGE_LOOP('',(#6312,#6313,#6319,#6320));
#6312 = ORIENTED_EDGE('',*,*,#6220,.T.);
#6313 = ORIENTED_EDGE('',*,*,#6314,.T.);
#6314 = EDGE_CURVE('',#6213,#6290,#6315,.T.);
#6315 = LINE('',#6316,#6317);
#6316 = CARTESIAN_POINT('',(253.74544330884,146.5,280.));
#6317 = VECTOR('',#6318,1.);
#6318 = DIRECTION('',(-0.866025403784,-0.5,0.));
#6319 = ORIENTED_EDGE('',*,*,#6289,.F.);
#6320 = ORIENTED_EDGE('',*,*,#6086,.F.);
#6321 = PLANE('',#6322);
#6322 = AXIS2_PLACEMENT_3D('',#6323,#6324,#6325);
#6323 = CARTESIAN_POINT('',(253.74544330884,146.5,260.));
#6324 = DIRECTION('',(0.5,-0.866025403784,0.));
#6325 = DIRECTION('',(-0.866025403784,-0.5,0.));
#6326 = ADVANCED_FACE('',(#6327),#6349,.T.);
#6327 = FACE_BOUND('',#6328,.T.);
#6328 = EDGE_LOOP('',(#6329,#6335,#6336,#6337,#6338,#6339,#6340,#6341,
    #6342,#6348));
#6329 = ORIENTED_EDGE('',*,*,#6330,.T.);
#6330 = EDGE_CURVE('',#6268,#6236,#6331,.T.);
#6331 = LINE('',#6332,#6333);
#6332 = CARTESIAN_POINT('',(274.19609053506,55.07843995651,280.));
#6333 = VECTOR('',#6334,1.);
#6334 = DIRECTION('',(-0.5,0.866025403784,0.));
#6335 = ORIENTED_EDGE('',*,*,#6243,.T.);
#6336 = ORIENTED_EDGE('',*,*,#6212,.T.);
#6337 = ORIENTED_EDGE('',*,*,#6314,.T.);
#6338 = ORIENTED_EDGE('',*,*,#6297,.T.);
#6339 = ORIENTED_EDGE('',*,*,#6187,.T.);
#6340 = ORIENTED_EDGE('',*,*,#6054,.T.);
#6341 = ORIENTED_EDGE('',*,*,#6164,.F.);
#6342 = ORIENTED_EDGE('',*,*,#6343,.T.);
#6343 = EDGE_CURVE('',#6157,#6260,#6344,.T.);
#6344 = LINE('',#6345,#6346);
#6345 = CARTESIAN_POINT('',(10.,-265.,280.));
#6346 = VECTOR('',#6347,1.);
#6347 = DIRECTION('',(1.,-2.22044604925E-16,0.));
#6348 = ORIENTED_EDGE('',*,*,#6267,.T.);
#6349 = PLANE('',#6350);
#6350 = AXIS2_PLACEMENT_3D('',#6351,#6352,#6353);
#6351 = CARTESIAN_POINT('',(118.7926018814,-68.58494067396,280.));
#6352 = DIRECTION('',(0.,0.,1.));
#6353 = DIRECTION('',(1.,0.,-0.));
#6354 = ADVANCED_FACE('',(#6355),#6361,.T.);
#6355 = FACE_BOUND('',#6356,.T.);
#6356 = EDGE_LOOP('',(#6357,#6358,#6359,#6360));
#6357 = ORIENTED_EDGE('',*,*,#6330,.F.);
#6358 = ORIENTED_EDGE('',*,*,#6275,.T.);
#6359 = ORIENTED_EDGE('',*,*,#6133,.T.);
#6360 = ORIENTED_EDGE('',*,*,#6235,.T.);
#6361 = PLANE('',#6362);
#6362 = AXIS2_PLACEMENT_3D('',#6363,#6364,#6365);
#6363 = CARTESIAN_POINT('',(236.0381838872,121.16987298107,270.));
#6364 = DIRECTION('',(0.866025403784,0.5,0.));
#6365 = DIRECTION('',(-0.5,0.866025403784,0.));
#6366 = ADVANCED_FACE('',(#6367),#6373,.T.);
#6367 = FACE_BOUND('',#6368,.T.);
#6368 = EDGE_LOOP('',(#6369,#6370,#6371,#6372));
#6369 = ORIENTED_EDGE('',*,*,#6343,.F.);
#6370 = ORIENTED_EDGE('',*,*,#6156,.F.);
#6371 = ORIENTED_EDGE('',*,*,#6117,.T.);
#6372 = ORIENTED_EDGE('',*,*,#6259,.T.);
#6373 = PLANE('',#6374);
#6374 = AXIS2_PLACEMENT_3D('',#6375,#6376,#6377);
#6375 = CARTESIAN_POINT('',(13.082903768655,-265.,270.));
#6376 = DIRECTION('',(-0.,-1.,-0.));
#6377 = DIRECTION('',(0.,0.,-1.));
#6378 = ( GEOMETRIC_REPRESENTATION_CONTEXT(3) 
GLOBAL_UNCERTAINTY_ASSIGNED_CONTEXT((#6382)) 
GLOBAL_UNIT_ASSIGNED_CONTEXT((#6379,#6380,#6381)) REPRESENTATION_CONTEXT
('Context #1','3D Context with UNIT and UNCERTAINTY') );
#6379 = ( LENGTH_UNIT() NAMED_UNIT(*) SI_UNIT(.MILLI.,.METRE.) );
#6380 = ( NAMED_UNIT(*) PLANE_ANGLE_UNIT() SI_UNIT($,.RADIAN.) );
#6381 = ( NAMED_UNIT(*) SI_UNIT($,.STERADIAN.) SOLID_ANGLE_UNIT() );
#6382 = UNCERTAINTY_MEASURE_WITH_UNIT(LENGTH_MEASURE(2.E-07),#6379,
  'distance_accuracy_value','confusion accuracy');
#6383 = CONTEXT_DEPENDENT_SHAPE_REPRESENTATION(#6384,#6386);
#6384 = ( REPRESENTATION_RELATIONSHIP('','',#6029,#10) 
REPRESENTATION_RELATIONSHIP_WITH_TRANSFORMATION(#6385) 
SHAPE_REPRESENTATION_RELATIONSHIP() );
#6385 = ITEM_DEFINED_TRANSFORMATION('','',#11,#131);
#6386 = PRODUCT_DEFINITION_SHAPE('Placement','Placement of an item',
  #6387);
#6387 = NEXT_ASSEMBLY_USAGE_OCCURRENCE('30',
  'P30 Triangle level 1 beam 3','',#5,#6024,$);
#6388 = PRODUCT_RELATED_PRODUCT_CATEGORY('part',$,(#6026));
#6389 = SHAPE_DEFINITION_REPRESENTATION(#6390,#6396);
#6390 = PRODUCT_DEFINITION_SHAPE('','',#6391);
#6391 = PRODUCT_DEFINITION('design','',#6392,#6395);
#6392 = PRODUCT_DEFINITION_FORMATION('','',#6393);
#6393 = PRODUCT('P31 Triangle level 2 beam 1',
  'P31 Triangle level 2 beam 1','',(#6394));
#6394 = PRODUCT_CONTEXT('',#2,'mechanical');
#6395 = PRODUCT_DEFINITION_CONTEXT('part definition',#2,'design');
#6396 = ADVANCED_BREP_SHAPE_REPRESENTATION('',(#11,#6397),#6745);
#6397 = MANIFOLD_SOLID_BREP('',#6398);
#6398 = CLOSED_SHELL('',(#6399,#6439,#6518,#6542,#6614,#6631,#6653,#6670
    ,#6692,#6709,#6721,#6733));
#6399 = ADVANCED_FACE('',(#6400),#6434,.F.);
#6400 = FACE_BOUND('',#6401,.F.);
#6401 = EDGE_LOOP('',(#6402,#6412,#6420,#6428));
#6402 = ORIENTED_EDGE('',*,*,#6403,.F.);
#6403 = EDGE_CURVE('',#6404,#6406,#6408,.T.);
#6404 = VERTEX_POINT('',#6405);
#6405 = CARTESIAN_POINT('',(253.74544330884,146.5,220.));
#6406 = VERTEX_POINT('',#6407);
#6407 = CARTESIAN_POINT('',(233.74544330884,146.5,220.));
#6408 = LINE('',#6409,#6410);
#6409 = CARTESIAN_POINT('',(253.74544330884,146.5,220.));
#6410 = VECTOR('',#6411,1.);
#6411 = DIRECTION('',(-1.,0.,0.));
#6412 = ORIENTED_EDGE('',*,*,#6413,.T.);
#6413 = EDGE_CURVE('',#6404,#6414,#6416,.T.);
#6414 = VERTEX_POINT('',#6415);
#6415 = CARTESIAN_POINT('',(253.74544330884,146.5,240.));
#6416 = LINE('',#6417,#6418);
#6417 = CARTESIAN_POINT('',(253.74544330884,146.5,220.));
#6418 = VECTOR('',#6419,1.);
#6419 = DIRECTION('',(0.,0.,1.));
#6420 = ORIENTED_EDGE('',*,*,#6421,.T.);
#6421 = EDGE_CURVE('',#6414,#6422,#6424,.T.);
#6422 = VERTEX_POINT('',#6423);
#6423 = CARTESIAN_POINT('',(233.74544330884,146.5,240.));
#6424 = LINE('',#6425,#6426);
#6425 = CARTESIAN_POINT('',(253.74544330884,146.5,240.));
#6426 = VECTOR('',#6427,1.);
#6427 = DIRECTION('',(-1.,0.,0.));
#6428 = ORIENTED_EDGE('',*,*,#6429,.T.);
#6429 = EDGE_CURVE('',#6422,#6406,#6430,.T.);
#6430 = LINE('',#6431,#6432);
#6431 = CARTESIAN_POINT('',(233.74544330884,146.5,119.));
#6432 = VECTOR('',#6433,1.);
#6433 = DIRECTION('',(-0.,-0.,-1.));
#6434 = PLANE('',#6435);
#6435 = AXIS2_PLACEMENT_3D('',#6436,#6437,#6438);
#6436 = CARTESIAN_POINT('',(253.74544330884,146.5,220.));
#6437 = DIRECTION('',(0.,-1.,0.));
#6438 = DIRECTION('',(-1.,0.,0.));
#6439 = ADVANCED_FACE('',(#6440),#6513,.F.);
#6440 = FACE_BOUND('',#6441,.F.);
#6441 = EDGE_LOOP('',(#6442,#6452,#6460,#6468,#6474,#6475,#6483,#6491,
    #6499,#6507));
#6442 = ORIENTED_EDGE('',*,*,#6443,.T.);
#6443 = EDGE_CURVE('',#6444,#6446,#6448,.T.);
#6444 = VERTEX_POINT('',#6445);
#6445 = CARTESIAN_POINT('',(-233.7454433088,146.5,220.));
#6446 = VERTEX_POINT('',#6447);
#6447 = CARTESIAN_POINT('',(-253.7454433088,146.5,220.));
#6448 = LINE('',#6449,#6450);
#6449 = CARTESIAN_POINT('',(253.74544330884,146.5,220.));
#6450 = VECTOR('',#6451,1.);
#6451 = DIRECTION('',(-1.,0.,0.));
#6452 = ORIENTED_EDGE('',*,*,#6453,.T.);
#6453 = EDGE_CURVE('',#6446,#6454,#6456,.T.);
#6454 = VERTEX_POINT('',#6455);
#6455 = CARTESIAN_POINT('',(-219.1044271574,126.5,220.));
#6456 = LINE('',#6457,#6458);
#6457 = CARTESIAN_POINT('',(-253.7454433088,146.5,220.));
#6458 = VECTOR('',#6459,1.);
#6459 = DIRECTION('',(0.866025403784,-0.5,0.));
#6460 = ORIENTED_EDGE('',*,*,#6461,.T.);
#6461 = EDGE_CURVE('',#6454,#6462,#6464,.T.);
#6462 = VERTEX_POINT('',#6463);
#6463 = CARTESIAN_POINT('',(219.10442715746,126.5,220.));
#6464 = LINE('',#6465,#6466);
#6465 = CARTESIAN_POINT('',(-219.1044271574,126.5,220.));
#6466 = VECTOR('',#6467,1.);
#6467 = DIRECTION('',(1.,0.,0.));
#6468 = ORIENTED_EDGE('',*,*,#6469,.T.);
#6469 = EDGE_CURVE('',#6462,#6404,#6470,.T.);
#6470 = LINE('',#6471,#6472);
#6471 = CARTESIAN_POINT('',(219.10442715746,126.5,220.));
#6472 = VECTOR('',#6473,1.);
#6473 = DIRECTION('',(0.866025403784,0.5,0.));
#6474 = ORIENTED_EDGE('',*,*,#6403,.T.);
#6475 = ORIENTED_EDGE('',*,*,#6476,.T.);
#6476 = EDGE_CURVE('',#6406,#6477,#6479,.T.);
#6477 = VERTEX_POINT('',#6478);
#6478 = CARTESIAN_POINT('',(224.49673200287,141.16025403784,220.));
#6479 = LINE('',#6480,#6481);
#6480 = CARTESIAN_POINT('',(139.44772453362,92.057186681163,220.));
#6481 = VECTOR('',#6482,1.);
#6482 = DIRECTION('',(-0.866025403784,-0.5,0.));
#6483 = ORIENTED_EDGE('',*,*,#6484,.T.);
#6484 = EDGE_CURVE('',#6477,#6485,#6487,.T.);
#6485 = VERTEX_POINT('',#6486);
#6486 = CARTESIAN_POINT('',(221.41382823422,146.5,220.));
#6487 = LINE('',#6488,#6489);
#6488 = CARTESIAN_POINT('',(214.79737347068,157.96003581642,220.));
#6489 = VECTOR('',#6490,1.);
#6490 = DIRECTION('',(-0.5,0.866025403784,0.));
#6491 = ORIENTED_EDGE('',*,*,#6492,.T.);
#6492 = EDGE_CURVE('',#6485,#6493,#6495,.T.);
#6493 = VERTEX_POINT('',#6494);
#6494 = CARTESIAN_POINT('',(-221.4138282342,146.5,220.));
#6495 = LINE('',#6496,#6497);
#6496 = CARTESIAN_POINT('',(253.74544330884,146.5,220.));
#6497 = VECTOR('',#6498,1.);
#6498 = DIRECTION('',(-1.,0.,0.));
#6499 = ORIENTED_EDGE('',*,*,#6500,.T.);
#6500 = EDGE_CURVE('',#6493,#6501,#6503,.T.);
#6501 = VERTEX_POINT('',#6502);
#6502 = CARTESIAN_POINT('',(-224.4967320028,141.16025403784,220.));
#6503 = LINE('',#6504,#6505);
#6504 = CARTESIAN_POINT('',(-196.2973734706,190.00297575644,220.));
#6505 = VECTOR('',#6506,1.);
#6506 = DIRECTION('',(-0.5,-0.866025403784,0.));
#6507 = ORIENTED_EDGE('',*,*,#6508,.F.);
#6508 = EDGE_CURVE('',#6444,#6501,#6509,.T.);
#6509 = LINE('',#6510,#6511);
#6510 = CARTESIAN_POINT('',(-139.4477245336,92.057186681163,220.));
#6511 = VECTOR('',#6512,1.);
#6512 = DIRECTION('',(0.866025403784,-0.5,0.));
#6513 = PLANE('',#6514);
#6514 = AXIS2_PLACEMENT_3D('',#6515,#6516,#6517);
#6515 = CARTESIAN_POINT('',(-4.433532862873E-15,137.17546114655,220.));
#6516 = DIRECTION('',(0.,0.,1.));
#6517 = DIRECTION('',(1.,0.,-0.));
#6518 = ADVANCED_FACE('',(#6519),#6537,.T.);
#6519 = FACE_BOUND('',#6520,.T.);
#6520 = EDGE_LOOP('',(#6521,#6522,#6530,#6536));
#6521 = ORIENTED_EDGE('',*,*,#6476,.T.);
#6522 = ORIENTED_EDGE('',*,*,#6523,.T.);
#6523 = EDGE_CURVE('',#6477,#6524,#6526,.T.);
#6524 = VERTEX_POINT('',#6525);
#6525 = CARTESIAN_POINT('',(224.49673200287,141.16025403784,240.));
#6526 = LINE('',#6527,#6528);
#6527 = CARTESIAN_POINT('',(224.49673200287,141.16025403784,18.));
#6528 = VECTOR('',#6529,1.);
#6529 = DIRECTION('',(0.,0.,1.));
#6530 = ORIENTED_EDGE('',*,*,#6531,.F.);
#6531 = EDGE_CURVE('',#6422,#6524,#6532,.T.);
#6532 = LINE('',#6533,#6534);
#6533 = CARTESIAN_POINT('',(139.44772453362,92.057186681163,240.));
#6534 = VECTOR('',#6535,1.);
#6535 = DIRECTION('',(-0.866025403784,-0.5,0.));
#6536 = ORIENTED_EDGE('',*,*,#6429,.T.);
#6537 = PLANE('',#6538);
#6538 = AXIS2_PLACEMENT_3D('',#6539,#6540,#6541);
#6539 = CARTESIAN_POINT('',(224.49673200287,141.16025403784,18.));
#6540 = DIRECTION('',(-0.5,0.866025403784,0.));
#6541 = DIRECTION('',(0.,0.,1.));
#6542 = ADVANCED_FACE('',(#6543),#6609,.T.);
#6543 = FACE_BOUND('',#6544,.T.);
#6544 = EDGE_LOOP('',(#6545,#6555,#6563,#6571,#6577,#6578,#6579,#6587,
    #6595,#6603));
#6545 = ORIENTED_EDGE('',*,*,#6546,.T.);
#6546 = EDGE_CURVE('',#6547,#6549,#6551,.T.);
#6547 = VERTEX_POINT('',#6548);
#6548 = CARTESIAN_POINT('',(-233.7454433088,146.5,240.));
#6549 = VERTEX_POINT('',#6550);
#6550 = CARTESIAN_POINT('',(-253.7454433088,146.5,240.));
#6551 = LINE('',#6552,#6553);
#6552 = CARTESIAN_POINT('',(253.74544330884,146.5,240.));
#6553 = VECTOR('',#6554,1.);
#6554 = DIRECTION('',(-1.,0.,0.));
#6555 = ORIENTED_EDGE('',*,*,#6556,.T.);
#6556 = EDGE_CURVE('',#6549,#6557,#6559,.T.);
#6557 = VERTEX_POINT('',#6558);
#6558 = CARTESIAN_POINT('',(-219.1044271574,126.5,240.));
#6559 = LINE('',#6560,#6561);
#6560 = CARTESIAN_POINT('',(-253.7454433088,146.5,240.));
#6561 = VECTOR('',#6562,1.);
#6562 = DIRECTION('',(0.866025403784,-0.5,0.));
#6563 = ORIENTED_EDGE('',*,*,#6564,.T.);
#6564 = EDGE_CURVE('',#6557,#6565,#6567,.T.);
#6565 = VERTEX_POINT('',#6566);
#6566 = CARTESIAN_POINT('',(219.10442715746,126.5,240.));
#6567 = LINE('',#6568,#6569);
#6568 = CARTESIAN_POINT('',(-219.1044271574,126.5,240.));
#6569 = VECTOR('',#6570,1.);
#6570 = DIRECTION('',(1.,0.,0.));
#6571 = ORIENTED_EDGE('',*,*,#6572,.T.);
#6572 = EDGE_CURVE('',#6565,#6414,#6573,.T.);
#6573 = LINE('',#6574,#6575);
#6574 = CARTESIAN_POINT('',(219.10442715746,126.5,240.));
#6575 = VECTOR('',#6576,1.);
#6576 = DIRECTION('',(0.866025403784,0.5,0.));
#6577 = ORIENTED_EDGE('',*,*,#6421,.T.);
#6578 = ORIENTED_EDGE('',*,*,#6531,.T.);
#6579 = ORIENTED_EDGE('',*,*,#6580,.T.);
#6580 = EDGE_CURVE('',#6524,#6581,#6583,.T.);
#6581 = VERTEX_POINT('',#6582);
#6582 = CARTESIAN_POINT('',(221.41382823422,146.5,240.));
#6583 = LINE('',#6584,#6585);
#6584 = CARTESIAN_POINT('',(197.29737347068,188.27092494887,240.));
#6585 = VECTOR('',#6586,1.);
#6586 = DIRECTION('',(-0.5,0.866025403784,0.));
#6587 = ORIENTED_EDGE('',*,*,#6588,.T.);
#6588 = EDGE_CURVE('',#6581,#6589,#6591,.T.);
#6589 = VERTEX_POINT('',#6590);
#6590 = CARTESIAN_POINT('',(-221.4138282342,146.5,240.));
#6591 = LINE('',#6592,#6593);
#6592 = CARTESIAN_POINT('',(253.74544330884,146.5,240.));
#6593 = VECTOR('',#6594,1.);
#6594 = DIRECTION('',(-1.,0.,0.));
#6595 = ORIENTED_EDGE('',*,*,#6596,.T.);
#6596 = EDGE_CURVE('',#6589,#6597,#6599,.T.);
#6597 = VERTEX_POINT('',#6598);
#6598 = CARTESIAN_POINT('',(-224.4967320028,141.16025403784,240.));
#6599 = LINE('',#6600,#6601);
#6600 = CARTESIAN_POINT('',(-184.7973734706,209.92156004349,240.));
#6601 = VECTOR('',#6602,1.);
#6602 = DIRECTION('',(-0.5,-0.866025403784,0.));
#6603 = ORIENTED_EDGE('',*,*,#6604,.F.);
#6604 = EDGE_CURVE('',#6547,#6597,#6605,.T.);
#6605 = LINE('',#6606,#6607);
#6606 = CARTESIAN_POINT('',(-139.4477245336,92.057186681163,240.));
#6607 = VECTOR('',#6608,1.);
#6608 = DIRECTION('',(0.866025403784,-0.5,0.));
#6609 = PLANE('',#6610);
#6610 = AXIS2_PLACEMENT_3D('',#6611,#6612,#6613);
#6611 = CARTESIAN_POINT('',(-4.433532862873E-15,137.17546114655,240.));
#6612 = DIRECTION('',(0.,0.,1.));
#6613 = DIRECTION('',(1.,0.,-0.));
#6614 = ADVANCED_FACE('',(#6615),#6626,.F.);
#6615 = FACE_BOUND('',#6616,.F.);
#6616 = EDGE_LOOP('',(#6617,#6623,#6624,#6625));
#6617 = ORIENTED_EDGE('',*,*,#6618,.T.);
#6618 = EDGE_CURVE('',#6462,#6565,#6619,.T.);
#6619 = LINE('',#6620,#6621);
#6620 = CARTESIAN_POINT('',(219.10442715746,126.5,220.));
#6621 = VECTOR('',#6622,1.);
#6622 = DIRECTION('',(0.,0.,1.));
#6623 = ORIENTED_EDGE('',*,*,#6572,.T.);
#6624 = ORIENTED_EDGE('',*,*,#6413,.F.);
#6625 = ORIENTED_EDGE('',*,*,#6469,.F.);
#6626 = PLANE('',#6627);
#6627 = AXIS2_PLACEMENT_3D('',#6628,#6629,#6630);
#6628 = CARTESIAN_POINT('',(219.10442715746,126.5,220.));
#6629 = DIRECTION('',(-0.5,0.866025403784,0.));
#6630 = DIRECTION('',(0.866025403784,0.5,0.));
#6631 = ADVANCED_FACE('',(#6632),#6648,.F.);
#6632 = FACE_BOUND('',#6633,.F.);
#6633 = EDGE_LOOP('',(#6634,#6635,#6641,#6642));
#6634 = ORIENTED_EDGE('',*,*,#6443,.F.);
#6635 = ORIENTED_EDGE('',*,*,#6636,.F.);
#6636 = EDGE_CURVE('',#6547,#6444,#6637,.T.);
#6637 = LINE('',#6638,#6639);
#6638 = CARTESIAN_POINT('',(-233.7454433088,146.5,119.));
#6639 = VECTOR('',#6640,1.);
#6640 = DIRECTION('',(0.,-0.,-1.));
#6641 = ORIENTED_EDGE('',*,*,#6546,.T.);
#6642 = ORIENTED_EDGE('',*,*,#6643,.F.);
#6643 = EDGE_CURVE('',#6446,#6549,#6644,.T.);
#6644 = LINE('',#6645,#6646);
#6645 = CARTESIAN_POINT('',(-253.7454433088,146.5,220.));
#6646 = VECTOR('',#6647,1.);
#6647 = DIRECTION('',(0.,0.,1.));
#6648 = PLANE('',#6649);
#6649 = AXIS2_PLACEMENT_3D('',#6650,#6651,#6652);
#6650 = CARTESIAN_POINT('',(253.74544330884,146.5,220.));
#6651 = DIRECTION('',(0.,-1.,0.));
#6652 = DIRECTION('',(-1.,0.,0.));
#6653 = ADVANCED_FACE('',(#6654),#6665,.F.);
#6654 = FACE_BOUND('',#6655,.F.);
#6655 = EDGE_LOOP('',(#6656,#6657,#6663,#6664));
#6656 = ORIENTED_EDGE('',*,*,#6508,.T.);
#6657 = ORIENTED_EDGE('',*,*,#6658,.T.);
#6658 = EDGE_CURVE('',#6501,#6597,#6659,.T.);
#6659 = LINE('',#6660,#6661);
#6660 = CARTESIAN_POINT('',(-224.4967320028,141.16025403784,18.));
#6661 = VECTOR('',#6662,1.);
#6662 = DIRECTION('',(0.,0.,1.));
#6663 = ORIENTED_EDGE('',*,*,#6604,.F.);
#6664 = ORIENTED_EDGE('',*,*,#6636,.T.);
#6665 = PLANE('',#6666);
#6666 = AXIS2_PLACEMENT_3D('',#6667,#6668,#6669);
#6667 = CARTESIAN_POINT('',(-224.4967320028,141.16025403784,18.));
#6668 = DIRECTION('',(-0.5,-0.866025403784,0.));
#6669 = DIRECTION('',(0.,0.,1.));
#6670 = ADVANCED_FACE('',(#6671),#6687,.F.);
#6671 = FACE_BOUND('',#6672,.F.);
#6672 = EDGE_LOOP('',(#6673,#6674,#6680,#6681));
#6673 = ORIENTED_EDGE('',*,*,#6492,.F.);
#6674 = ORIENTED_EDGE('',*,*,#6675,.T.);
#6675 = EDGE_CURVE('',#6485,#6581,#6676,.T.);
#6676 = LINE('',#6677,#6678);
#6677 = CARTESIAN_POINT('',(221.41382823422,146.5,119.));
#6678 = VECTOR('',#6679,1.);
#6679 = DIRECTION('',(-0.,0.,1.));
#6680 = ORIENTED_EDGE('',*,*,#6588,.T.);
#6681 = ORIENTED_EDGE('',*,*,#6682,.T.);
#6682 = EDGE_CURVE('',#6589,#6493,#6683,.T.);
#6683 = LINE('',#6684,#6685);
#6684 = CARTESIAN_POINT('',(-221.4138282342,146.5,119.));
#6685 = VECTOR('',#6686,1.);
#6686 = DIRECTION('',(-0.,-0.,-1.));
#6687 = PLANE('',#6688);
#6688 = AXIS2_PLACEMENT_3D('',#6689,#6690,#6691);
#6689 = CARTESIAN_POINT('',(253.74544330884,146.5,220.));
#6690 = DIRECTION('',(0.,-1.,0.));
#6691 = DIRECTION('',(-1.,0.,0.));
#6692 = ADVANCED_FACE('',(#6693),#6704,.F.);
#6693 = FACE_BOUND('',#6694,.F.);
#6694 = EDGE_LOOP('',(#6695,#6701,#6702,#6703));
#6695 = ORIENTED_EDGE('',*,*,#6696,.T.);
#6696 = EDGE_CURVE('',#6454,#6557,#6697,.T.);
#6697 = LINE('',#6698,#6699);
#6698 = CARTESIAN_POINT('',(-219.1044271574,126.5,220.));
#6699 = VECTOR('',#6700,1.);
#6700 = DIRECTION('',(0.,0.,1.));
#6701 = ORIENTED_EDGE('',*,*,#6564,.T.);
#6702 = ORIENTED_EDGE('',*,*,#6618,.F.);
#6703 = ORIENTED_EDGE('',*,*,#6461,.F.);
#6704 = PLANE('',#6705);
#6705 = AXIS2_PLACEMENT_3D('',#6706,#6707,#6708);
#6706 = CARTESIAN_POINT('',(-219.1044271574,126.5,220.));
#6707 = DIRECTION('',(0.,1.,0.));
#6708 = DIRECTION('',(1.,0.,0.));
#6709 = ADVANCED_FACE('',(#6710),#6716,.F.);
#6710 = FACE_BOUND('',#6711,.F.);
#6711 = EDGE_LOOP('',(#6712,#6713,#6714,#6715));
#6712 = ORIENTED_EDGE('',*,*,#6643,.T.);
#6713 = ORIENTED_EDGE('',*,*,#6556,.T.);
#6714 = ORIENTED_EDGE('',*,*,#6696,.F.);
#6715 = ORIENTED_EDGE('',*,*,#6453,.F.);
#6716 = PLANE('',#6717);
#6717 = AXIS2_PLACEMENT_3D('',#6718,#6719,#6720);
#6718 = CARTESIAN_POINT('',(-253.7454433088,146.5,220.));
#6719 = DIRECTION('',(0.5,0.866025403784,-0.));
#6720 = DIRECTION('',(0.866025403784,-0.5,0.));
#6721 = ADVANCED_FACE('',(#6722),#6728,.T.);
#6722 = FACE_BOUND('',#6723,.T.);
#6723 = EDGE_LOOP('',(#6724,#6725,#6726,#6727));
#6724 = ORIENTED_EDGE('',*,*,#6596,.F.);
#6725 = ORIENTED_EDGE('',*,*,#6682,.T.);
#6726 = ORIENTED_EDGE('',*,*,#6500,.T.);
#6727 = ORIENTED_EDGE('',*,*,#6658,.T.);
#6728 = PLANE('',#6729);
#6729 = AXIS2_PLACEMENT_3D('',#6730,#6731,#6732);
#6730 = CARTESIAN_POINT('',(-222.9552801185,143.83012701892,230.));
#6731 = DIRECTION('',(-0.866025403784,0.5,-0.));
#6732 = DIRECTION('',(-0.5,-0.866025403784,0.));
#6733 = ADVANCED_FACE('',(#6734),#6740,.T.);
#6734 = FACE_BOUND('',#6735,.T.);
#6735 = EDGE_LOOP('',(#6736,#6737,#6738,#6739));
#6736 = ORIENTED_EDGE('',*,*,#6580,.F.);
#6737 = ORIENTED_EDGE('',*,*,#6523,.F.);
#6738 = ORIENTED_EDGE('',*,*,#6484,.T.);
#6739 = ORIENTED_EDGE('',*,*,#6675,.T.);
#6740 = PLANE('',#6741);
#6741 = AXIS2_PLACEMENT_3D('',#6742,#6743,#6744);
#6742 = CARTESIAN_POINT('',(222.95528011854,143.83012701892,230.));
#6743 = DIRECTION('',(0.866025403784,0.5,0.));
#6744 = DIRECTION('',(-0.5,0.866025403784,0.));
#6745 = ( GEOMETRIC_REPRESENTATION_CONTEXT(3) 
GLOBAL_UNCERTAINTY_ASSIGNED_CONTEXT((#6749)) 
GLOBAL_UNIT_ASSIGNED_CONTEXT((#6746,#6747,#6748)) REPRESENTATION_CONTEXT
('Context #1','3D Context with UNIT and UNCERTAINTY') );
#6746 = ( LENGTH_UNIT() NAMED_UNIT(*) SI_UNIT(.MILLI.,.METRE.) );
#6747 = ( NAMED_UNIT(*) PLANE_ANGLE_UNIT() SI_UNIT($,.RADIAN.) );
#6748 = ( NAMED_UNIT(*) SI_UNIT($,.STERADIAN.) SOLID_ANGLE_UNIT() );
#6749 = UNCERTAINTY_MEASURE_WITH_UNIT(LENGTH_MEASURE(1.E-07),#6746,
  'distance_accuracy_value','confusion accuracy');
#6750 = CONTEXT_DEPENDENT_SHAPE_REPRESENTATION(#6751,#6753);
#6751 = ( REPRESENTATION_RELATIONSHIP('','',#6396,#10) 
REPRESENTATION_RELATIONSHIP_WITH_TRANSFORMATION(#6752) 
SHAPE_REPRESENTATION_RELATIONSHIP() );
#6752 = ITEM_DEFINED_TRANSFORMATION('','',#11,#135);
#6753 = PRODUCT_DEFINITION_SHAPE('Placement','Placement of an item',
  #6754);
#6754 = NEXT_ASSEMBLY_USAGE_OCCURRENCE('31',
  'P31 Triangle level 2 beam 1','',#5,#6391,$);
#6755 = PRODUCT_RELATED_PRODUCT_CATEGORY('part',$,(#6393));
#6756 = SHAPE_DEFINITION_REPRESENTATION(#6757,#6763);
#6757 = PRODUCT_DEFINITION_SHAPE('','',#6758);
#6758 = PRODUCT_DEFINITION('design','',#6759,#6762);
#6759 = PRODUCT_DEFINITION_FORMATION('','',#6760);
#6760 = PRODUCT('P32 Triangle level 2 beam 2',
  'P32 Triangle level 2 beam 2','',(#6761));
#6761 = PRODUCT_CONTEXT('',#2,'mechanical');
#6762 = PRODUCT_DEFINITION_CONTEXT('part definition',#2,'design');
#6763 = ADVANCED_BREP_SHAPE_REPRESENTATION('',(#11,#6764),#7112);
#6764 = MANIFOLD_SOLID_BREP('',#6765);
#6765 = CLOSED_SHELL('',(#6766,#6806,#6885,#6909,#6981,#6998,#7020,#7037
    ,#7059,#7076,#7088,#7100));
#6766 = ADVANCED_FACE('',(#6767),#6801,.F.);
#6767 = FACE_BOUND('',#6768,.F.);
#6768 = EDGE_LOOP('',(#6769,#6779,#6787,#6795));
#6769 = ORIENTED_EDGE('',*,*,#6770,.F.);
#6770 = EDGE_CURVE('',#6771,#6773,#6775,.T.);
#6771 = VERTEX_POINT('',#6772);
#6772 = CARTESIAN_POINT('',(-253.7454433088,146.5,220.));
#6773 = VERTEX_POINT('',#6774);
#6774 = CARTESIAN_POINT('',(-243.7454433088,129.17949192431,220.));
#6775 = LINE('',#6776,#6777);
#6776 = CARTESIAN_POINT('',(-253.7454433088,146.5,220.));
#6777 = VECTOR('',#6778,1.);
#6778 = DIRECTION('',(0.5,-0.866025403784,0.));
#6779 = ORIENTED_EDGE('',*,*,#6780,.T.);
#6780 = EDGE_CURVE('',#6771,#6781,#6783,.T.);
#6781 = VERTEX_POINT('',#6782);
#6782 = CARTESIAN_POINT('',(-253.7454433088,146.5,240.));
#6783 = LINE('',#6784,#6785);
#6784 = CARTESIAN_POINT('',(-253.7454433088,146.5,220.));
#6785 = VECTOR('',#6786,1.);
#6786 = DIRECTION('',(0.,0.,1.));
#6787 = ORIENTED_EDGE('',*,*,#6788,.T.);
#6788 = EDGE_CURVE('',#6781,#6789,#6791,.T.);
#6789 = VERTEX_POINT('',#6790);
#6790 = CARTESIAN_POINT('',(-243.7454433088,129.17949192431,240.));
#6791 = LINE('',#6792,#6793);
#6792 = CARTESIAN_POINT('',(-253.7454433088,146.5,240.));
#6793 = VECTOR('',#6794,1.);
#6794 = DIRECTION('',(0.5,-0.866025403784,0.));
#6795 = ORIENTED_EDGE('',*,*,#6796,.T.);
#6796 = EDGE_CURVE('',#6789,#6773,#6797,.T.);
#6797 = LINE('',#6798,#6799);
#6798 = CARTESIAN_POINT('',(-243.7454433088,129.17949192431,119.));
#6799 = VECTOR('',#6800,1.);
#6800 = DIRECTION('',(0.,0.,-1.));
#6801 = PLANE('',#6802);
#6802 = AXIS2_PLACEMENT_3D('',#6803,#6804,#6805);
#6803 = CARTESIAN_POINT('',(-253.7454433088,146.5,220.));
#6804 = DIRECTION('',(0.866025403784,0.5,-0.));
#6805 = DIRECTION('',(0.5,-0.866025403784,0.));
#6806 = ADVANCED_FACE('',(#6807),#6880,.F.);
#6807 = FACE_BOUND('',#6808,.F.);
#6808 = EDGE_LOOP('',(#6809,#6819,#6827,#6835,#6841,#6842,#6850,#6858,
    #6866,#6874));
#6809 = ORIENTED_EDGE('',*,*,#6810,.T.);
#6810 = EDGE_CURVE('',#6811,#6813,#6815,.T.);
#6811 = VERTEX_POINT('',#6812);
#6812 = CARTESIAN_POINT('',(-10.,-275.6794919243,220.));
#6813 = VERTEX_POINT('',#6814);
#6814 = CARTESIAN_POINT('',(-5.382322682253E-14,-293.,220.));
#6815 = LINE('',#6816,#6817);
#6816 = CARTESIAN_POINT('',(-253.7454433088,146.5,220.));
#6817 = VECTOR('',#6818,1.);
#6818 = DIRECTION('',(0.5,-0.866025403784,0.));
#6819 = ORIENTED_EDGE('',*,*,#6820,.T.);
#6820 = EDGE_CURVE('',#6813,#6821,#6823,.T.);
#6821 = VERTEX_POINT('',#6822);
#6822 = CARTESIAN_POINT('',(-4.647534602764E-14,-253.,220.));
#6823 = LINE('',#6824,#6825);
#6824 = CARTESIAN_POINT('',(-5.382322682253E-14,-293.,220.));
#6825 = VECTOR('',#6826,1.);
#6826 = DIRECTION('',(1.836970198721E-16,1.,0.));
#6827 = ORIENTED_EDGE('',*,*,#6828,.T.);
#6828 = EDGE_CURVE('',#6821,#6829,#6831,.T.);
#6829 = VERTEX_POINT('',#6830);
#6830 = CARTESIAN_POINT('',(-219.1044271574,126.5,220.));
#6831 = LINE('',#6832,#6833);
#6832 = CARTESIAN_POINT('',(-4.647534602764E-14,-253.,220.));
#6833 = VECTOR('',#6834,1.);
#6834 = DIRECTION('',(-0.5,0.866025403784,0.));
#6835 = ORIENTED_EDGE('',*,*,#6836,.T.);
#6836 = EDGE_CURVE('',#6829,#6771,#6837,.T.);
#6837 = LINE('',#6838,#6839);
#6838 = CARTESIAN_POINT('',(-219.1044271574,126.5,220.));
#6839 = VECTOR('',#6840,1.);
#6840 = DIRECTION('',(-0.866025403784,0.5,0.));
#6841 = ORIENTED_EDGE('',*,*,#6770,.T.);
#6842 = ORIENTED_EDGE('',*,*,#6843,.T.);
#6843 = EDGE_CURVE('',#6773,#6844,#6846,.T.);
#6844 = VERTEX_POINT('',#6845);
#6845 = CARTESIAN_POINT('',(-234.4967320028,123.83974596215,220.));
#6846 = LINE('',#6847,#6848);
#6847 = CARTESIAN_POINT('',(-149.4477245336,74.736678605475,220.));
#6848 = VECTOR('',#6849,1.);
#6849 = DIRECTION('',(0.866025403784,-0.5,0.));
#6850 = ORIENTED_EDGE('',*,*,#6851,.T.);
#6851 = EDGE_CURVE('',#6844,#6852,#6854,.T.);
#6852 = VERTEX_POINT('',#6853);
#6853 = CARTESIAN_POINT('',(-237.5796357715,118.5,220.));
#6854 = LINE('',#6855,#6856);
#6855 = CARTESIAN_POINT('',(-244.196090535,107.03996418357,220.));
#6856 = VECTOR('',#6857,1.);
#6857 = DIRECTION('',(-0.5,-0.866025403784,0.));
#6858 = ORIENTED_EDGE('',*,*,#6859,.T.);
#6859 = EDGE_CURVE('',#6852,#6860,#6862,.T.);
#6860 = VERTEX_POINT('',#6861);
#6861 = CARTESIAN_POINT('',(-16.16580753731,-265.,220.));
#6862 = LINE('',#6863,#6864);
#6863 = CARTESIAN_POINT('',(-253.7454433088,146.5,220.));
#6864 = VECTOR('',#6865,1.);
#6865 = DIRECTION('',(0.5,-0.866025403784,0.));
#6866 = ORIENTED_EDGE('',*,*,#6867,.T.);
#6867 = EDGE_CURVE('',#6860,#6868,#6870,.T.);
#6868 = VERTEX_POINT('',#6869);
#6869 = CARTESIAN_POINT('',(-10.,-265.,220.));
#6870 = LINE('',#6871,#6872);
#6871 = CARTESIAN_POINT('',(-66.39871706437,-265.,220.));
#6872 = VECTOR('',#6873,1.);
#6873 = DIRECTION('',(1.,-2.22044604925E-16,0.));
#6874 = ORIENTED_EDGE('',*,*,#6875,.F.);
#6875 = EDGE_CURVE('',#6811,#6868,#6876,.T.);
#6876 = LINE('',#6877,#6878);
#6877 = CARTESIAN_POINT('',(-10.,-166.7938652866,220.));
#6878 = VECTOR('',#6879,1.);
#6879 = DIRECTION('',(2.22044604925E-16,1.,-0.));
#6880 = PLANE('',#6881);
#6881 = AXIS2_PLACEMENT_3D('',#6882,#6883,#6884);
#6882 = CARTESIAN_POINT('',(-118.7974341287,-68.58773057327,220.));
#6883 = DIRECTION('',(0.,0.,1.));
#6884 = DIRECTION('',(1.,0.,-0.));
#6885 = ADVANCED_FACE('',(#6886),#6904,.T.);
#6886 = FACE_BOUND('',#6887,.T.);
#6887 = EDGE_LOOP('',(#6888,#6889,#6897,#6903));
#6888 = ORIENTED_EDGE('',*,*,#6843,.T.);
#6889 = ORIENTED_EDGE('',*,*,#6890,.T.);
#6890 = EDGE_CURVE('',#6844,#6891,#6893,.T.);
#6891 = VERTEX_POINT('',#6892);
#6892 = CARTESIAN_POINT('',(-234.4967320028,123.83974596215,240.));
#6893 = LINE('',#6894,#6895);
#6894 = CARTESIAN_POINT('',(-234.4967320028,123.83974596215,18.));
#6895 = VECTOR('',#6896,1.);
#6896 = DIRECTION('',(0.,0.,1.));
#6897 = ORIENTED_EDGE('',*,*,#6898,.F.);
#6898 = EDGE_CURVE('',#6789,#6891,#6899,.T.);
#6899 = LINE('',#6900,#6901);
#6900 = CARTESIAN_POINT('',(-149.4477245336,74.736678605475,240.));
#6901 = VECTOR('',#6902,1.);
#6902 = DIRECTION('',(0.866025403784,-0.5,0.));
#6903 = ORIENTED_EDGE('',*,*,#6796,.T.);
#6904 = PLANE('',#6905);
#6905 = AXIS2_PLACEMENT_3D('',#6906,#6907,#6908);
#6906 = CARTESIAN_POINT('',(-234.4967320028,123.83974596215,18.));
#6907 = DIRECTION('',(-0.5,-0.866025403784,0.));
#6908 = DIRECTION('',(0.,0.,1.));
#6909 = ADVANCED_FACE('',(#6910),#6976,.T.);
#6910 = FACE_BOUND('',#6911,.T.);
#6911 = EDGE_LOOP('',(#6912,#6922,#6930,#6938,#6944,#6945,#6946,#6954,
    #6962,#6970));
#6912 = ORIENTED_EDGE('',*,*,#6913,.T.);
#6913 = EDGE_CURVE('',#6914,#6916,#6918,.T.);
#6914 = VERTEX_POINT('',#6915);
#6915 = CARTESIAN_POINT('',(-10.,-275.6794919243,240.));
#6916 = VERTEX_POINT('',#6917);
#6917 = CARTESIAN_POINT('',(-5.382322682253E-14,-293.,240.));
#6918 = LINE('',#6919,#6920);
#6919 = CARTESIAN_POINT('',(-253.7454433088,146.5,240.));
#6920 = VECTOR('',#6921,1.);
#6921 = DIRECTION('',(0.5,-0.866025403784,0.));
#6922 = ORIENTED_EDGE('',*,*,#6923,.T.);
#6923 = EDGE_CURVE('',#6916,#6924,#6926,.T.);
#6924 = VERTEX_POINT('',#6925);
#6925 = CARTESIAN_POINT('',(-4.647534602764E-14,-253.,240.));
#6926 = LINE('',#6927,#6928);
#6927 = CARTESIAN_POINT('',(-5.382322682253E-14,-293.,240.));
#6928 = VECTOR('',#6929,1.);
#6929 = DIRECTION('',(1.836970198721E-16,1.,0.));
#6930 = ORIENTED_EDGE('',*,*,#6931,.T.);
#6931 = EDGE_CURVE('',#6924,#6932,#6934,.T.);
#6932 = VERTEX_POINT('',#6933);
#6933 = CARTESIAN_POINT('',(-219.1044271574,126.5,240.));
#6934 = LINE('',#6935,#6936);
#6935 = CARTESIAN_POINT('',(-4.647534602764E-14,-253.,240.));
#6936 = VECTOR('',#6937,1.);
#6937 = DIRECTION('',(-0.5,0.866025403784,0.));
#6938 = ORIENTED_EDGE('',*,*,#6939,.T.);
#6939 = EDGE_CURVE('',#6932,#6781,#6940,.T.);
#6940 = LINE('',#6941,#6942);
#6941 = CARTESIAN_POINT('',(-219.1044271574,126.5,240.));
#6942 = VECTOR('',#6943,1.);
#6943 = DIRECTION('',(-0.866025403784,0.5,0.));
#6944 = ORIENTED_EDGE('',*,*,#6788,.T.);
#6945 = ORIENTED_EDGE('',*,*,#6898,.T.);
#6946 = ORIENTED_EDGE('',*,*,#6947,.T.);
#6947 = EDGE_CURVE('',#6891,#6948,#6950,.T.);
#6948 = VERTEX_POINT('',#6949);
#6949 = CARTESIAN_POINT('',(-237.5796357715,118.5,240.));
#6950 = LINE('',#6951,#6952);
#6951 = CARTESIAN_POINT('',(-261.696090535,76.729075051121,240.));
#6952 = VECTOR('',#6953,1.);
#6953 = DIRECTION('',(-0.5,-0.866025403784,0.));
#6954 = ORIENTED_EDGE('',*,*,#6955,.T.);
#6955 = EDGE_CURVE('',#6948,#6956,#6958,.T.);
#6956 = VERTEX_POINT('',#6957);
#6957 = CARTESIAN_POINT('',(-16.16580753731,-265.,240.));
#6958 = LINE('',#6959,#6960);
#6959 = CARTESIAN_POINT('',(-253.7454433088,146.5,240.));
#6960 = VECTOR('',#6961,1.);
#6961 = DIRECTION('',(0.5,-0.866025403784,0.));
#6962 = ORIENTED_EDGE('',*,*,#6963,.T.);
#6963 = EDGE_CURVE('',#6956,#6964,#6966,.T.);
#6964 = VERTEX_POINT('',#6965);
#6965 = CARTESIAN_POINT('',(-10.,-265.,240.));
#6966 = LINE('',#6967,#6968);
#6967 = CARTESIAN_POINT('',(-89.39871706437,-265.,240.));
#6968 = VECTOR('',#6969,1.);
#6969 = DIRECTION('',(1.,-2.22044604925E-16,0.));
#6970 = ORIENTED_EDGE('',*,*,#6971,.F.);
#6971 = EDGE_CURVE('',#6914,#6964,#6972,.T.);
#6972 = LINE('',#6973,#6974);
#6973 = CARTESIAN_POINT('',(-10.,-166.7938652866,240.));
#6974 = VECTOR('',#6975,1.);
#6975 = DIRECTION('',(2.22044604925E-16,1.,-0.));
#6976 = PLANE('',#6977);
#6977 = AXIS2_PLACEMENT_3D('',#6978,#6979,#6980);
#6978 = CARTESIAN_POINT('',(-118.7974341287,-68.58773057327,240.));
#6979 = DIRECTION('',(0.,0.,1.));
#6980 = DIRECTION('',(1.,0.,-0.));
#6981 = ADVANCED_FACE('',(#6982),#6993,.F.);
#6982 = FACE_BOUND('',#6983,.F.);
#6983 = EDGE_LOOP('',(#6984,#6990,#6991,#6992));
#6984 = ORIENTED_EDGE('',*,*,#6985,.T.);
#6985 = EDGE_CURVE('',#6829,#6932,#6986,.T.);
#6986 = LINE('',#6987,#6988);
#6987 = CARTESIAN_POINT('',(-219.1044271574,126.5,220.));
#6988 = VECTOR('',#6989,1.);
#6989 = DIRECTION('',(0.,0.,1.));
#6990 = ORIENTED_EDGE('',*,*,#6939,.T.);
#6991 = ORIENTED_EDGE('',*,*,#6780,.F.);
#6992 = ORIENTED_EDGE('',*,*,#6836,.F.);
#6993 = PLANE('',#6994);
#6994 = AXIS2_PLACEMENT_3D('',#6995,#6996,#6997);
#6995 = CARTESIAN_POINT('',(-219.1044271574,126.5,220.));
#6996 = DIRECTION('',(-0.5,-0.866025403784,0.));
#6997 = DIRECTION('',(-0.866025403784,0.5,0.));
#6998 = ADVANCED_FACE('',(#6999),#7015,.F.);
#6999 = FACE_BOUND('',#7000,.F.);
#7000 = EDGE_LOOP('',(#7001,#7002,#7008,#7009));
#7001 = ORIENTED_EDGE('',*,*,#6810,.F.);
#7002 = ORIENTED_EDGE('',*,*,#7003,.F.);
#7003 = EDGE_CURVE('',#6914,#6811,#7004,.T.);
#7004 = LINE('',#7005,#7006);
#7005 = CARTESIAN_POINT('',(-10.,-275.6794919243,119.));
#7006 = VECTOR('',#7007,1.);
#7007 = DIRECTION('',(0.,-0.,-1.));
#7008 = ORIENTED_EDGE('',*,*,#6913,.T.);
#7009 = ORIENTED_EDGE('',*,*,#7010,.F.);
#7010 = EDGE_CURVE('',#6813,#6916,#7011,.T.);
#7011 = LINE('',#7012,#7013);
#7012 = CARTESIAN_POINT('',(-5.382322682253E-14,-293.,220.));
#7013 = VECTOR('',#7014,1.);
#7014 = DIRECTION('',(0.,0.,1.));
#7015 = PLANE('',#7016);
#7016 = AXIS2_PLACEMENT_3D('',#7017,#7018,#7019);
#7017 = CARTESIAN_POINT('',(-253.7454433088,146.5,220.));
#7018 = DIRECTION('',(0.866025403784,0.5,-0.));
#7019 = DIRECTION('',(0.5,-0.866025403784,0.));
#7020 = ADVANCED_FACE('',(#7021),#7032,.F.);
#7021 = FACE_BOUND('',#7022,.F.);
#7022 = EDGE_LOOP('',(#7023,#7024,#7030,#7031));
#7023 = ORIENTED_EDGE('',*,*,#6875,.T.);
#7024 = ORIENTED_EDGE('',*,*,#7025,.T.);
#7025 = EDGE_CURVE('',#6868,#6964,#7026,.T.);
#7026 = LINE('',#7027,#7028);
#7027 = CARTESIAN_POINT('',(-10.,-265.,18.));
#7028 = VECTOR('',#7029,1.);
#7029 = DIRECTION('',(0.,0.,1.));
#7030 = ORIENTED_EDGE('',*,*,#6971,.F.);
#7031 = ORIENTED_EDGE('',*,*,#7003,.T.);
#7032 = PLANE('',#7033);
#7033 = AXIS2_PLACEMENT_3D('',#7034,#7035,#7036);
#7034 = CARTESIAN_POINT('',(-10.,-265.,18.));
#7035 = DIRECTION('',(1.,-2.22044604925E-16,0.));
#7036 = DIRECTION('',(0.,0.,1.));
#7037 = ADVANCED_FACE('',(#7038),#7054,.F.);
#7038 = FACE_BOUND('',#7039,.F.);
#7039 = EDGE_LOOP('',(#7040,#7041,#7047,#7048));
#7040 = ORIENTED_EDGE('',*,*,#6859,.F.);
#7041 = ORIENTED_EDGE('',*,*,#7042,.T.);
#7042 = EDGE_CURVE('',#6852,#6948,#7043,.T.);
#7043 = LINE('',#7044,#7045);
#7044 = CARTESIAN_POINT('',(-237.5796357715,118.5,119.));
#7045 = VECTOR('',#7046,1.);
#7046 = DIRECTION('',(0.,0.,1.));
#7047 = ORIENTED_EDGE('',*,*,#6955,.T.);
#7048 = ORIENTED_EDGE('',*,*,#7049,.T.);
#7049 = EDGE_CURVE('',#6956,#6860,#7050,.T.);
#7050 = LINE('',#7051,#7052);
#7051 = CARTESIAN_POINT('',(-16.16580753731,-265.,119.));
#7052 = VECTOR('',#7053,1.);
#7053 = DIRECTION('',(0.,0.,-1.));
#7054 = PLANE('',#7055);
#7055 = AXIS2_PLACEMENT_3D('',#7056,#7057,#7058);
#7056 = CARTESIAN_POINT('',(-253.7454433088,146.5,220.));
#7057 = DIRECTION('',(0.866025403784,0.5,-0.));
#7058 = DIRECTION('',(0.5,-0.866025403784,0.));
#7059 = ADVANCED_FACE('',(#7060),#7071,.F.);
#7060 = FACE_BOUND('',#7061,.F.);
#7061 = EDGE_LOOP('',(#7062,#7068,#7069,#7070));
#7062 = ORIENTED_EDGE('',*,*,#7063,.T.);
#7063 = EDGE_CURVE('',#6821,#6924,#7064,.T.);
#7064 = LINE('',#7065,#7066);
#7065 = CARTESIAN_POINT('',(-4.647534602764E-14,-253.,220.));
#7066 = VECTOR('',#7067,1.);
#7067 = DIRECTION('',(0.,0.,1.));
#7068 = ORIENTED_EDGE('',*,*,#6931,.T.);
#7069 = ORIENTED_EDGE('',*,*,#6985,.F.);
#7070 = ORIENTED_EDGE('',*,*,#6828,.F.);
#7071 = PLANE('',#7072);
#7072 = AXIS2_PLACEMENT_3D('',#7073,#7074,#7075);
#7073 = CARTESIAN_POINT('',(-4.647534602764E-14,-253.,220.));
#7074 = DIRECTION('',(-0.866025403784,-0.5,0.));
#7075 = DIRECTION('',(-0.5,0.866025403784,0.));
#7076 = ADVANCED_FACE('',(#7077),#7083,.F.);
#7077 = FACE_BOUND('',#7078,.F.);
#7078 = EDGE_LOOP('',(#7079,#7080,#7081,#7082));
#7079 = ORIENTED_EDGE('',*,*,#7010,.T.);
#7080 = ORIENTED_EDGE('',*,*,#6923,.T.);
#7081 = ORIENTED_EDGE('',*,*,#7063,.F.);
#7082 = ORIENTED_EDGE('',*,*,#6820,.F.);
#7083 = PLANE('',#7084);
#7084 = AXIS2_PLACEMENT_3D('',#7085,#7086,#7087);
#7085 = CARTESIAN_POINT('',(-5.382322682253E-14,-293.,220.));
#7086 = DIRECTION('',(-1.,1.836970198721E-16,0.));
#7087 = DIRECTION('',(1.836970198721E-16,1.,0.));
#7088 = ADVANCED_FACE('',(#7089),#7095,.T.);
#7089 = FACE_BOUND('',#7090,.T.);
#7090 = EDGE_LOOP('',(#7091,#7092,#7093,#7094));
#7091 = ORIENTED_EDGE('',*,*,#6963,.F.);
#7092 = ORIENTED_EDGE('',*,*,#7049,.T.);
#7093 = ORIENTED_EDGE('',*,*,#6867,.T.);
#7094 = ORIENTED_EDGE('',*,*,#7025,.T.);
#7095 = PLANE('',#7096);
#7096 = AXIS2_PLACEMENT_3D('',#7097,#7098,#7099);
#7097 = CARTESIAN_POINT('',(-13.08290376865,-265.,230.));
#7098 = DIRECTION('',(-0.,-1.,-0.));
#7099 = DIRECTION('',(0.,0.,-1.));
#7100 = ADVANCED_FACE('',(#7101),#7107,.T.);
#7101 = FACE_BOUND('',#7102,.T.);
#7102 = EDGE_LOOP('',(#7103,#7104,#7105,#7106));
#7103 = ORIENTED_EDGE('',*,*,#6947,.F.);
#7104 = ORIENTED_EDGE('',*,*,#6890,.F.);
#7105 = ORIENTED_EDGE('',*,*,#6851,.T.);
#7106 = ORIENTED_EDGE('',*,*,#7042,.T.);
#7107 = PLANE('',#7108);
#7108 = AXIS2_PLACEMENT_3D('',#7109,#7110,#7111);
#7109 = CARTESIAN_POINT('',(-236.0381838872,121.16987298107,230.));
#7110 = DIRECTION('',(-0.866025403784,0.5,-0.));
#7111 = DIRECTION('',(-0.5,-0.866025403784,0.));
#7112 = ( GEOMETRIC_REPRESENTATION_CONTEXT(3) 
GLOBAL_UNCERTAINTY_ASSIGNED_CONTEXT((#7116)) 
GLOBAL_UNIT_ASSIGNED_CONTEXT((#7113,#7114,#7115)) REPRESENTATION_CONTEXT
('Context #1','3D Context with UNIT and UNCERTAINTY') );
#7113 = ( LENGTH_UNIT() NAMED_UNIT(*) SI_UNIT(.MILLI.,.METRE.) );
#7114 = ( NAMED_UNIT(*) PLANE_ANGLE_UNIT() SI_UNIT($,.RADIAN.) );
#7115 = ( NAMED_UNIT(*) SI_UNIT($,.STERADIAN.) SOLID_ANGLE_UNIT() );
#7116 = UNCERTAINTY_MEASURE_WITH_UNIT(LENGTH_MEASURE(1.E-07),#7113,
  'distance_accuracy_value','confusion accuracy');
#7117 = CONTEXT_DEPENDENT_SHAPE_REPRESENTATION(#7118,#7120);
#7118 = ( REPRESENTATION_RELATIONSHIP('','',#6763,#10) 
REPRESENTATION_RELATIONSHIP_WITH_TRANSFORMATION(#7119) 
SHAPE_REPRESENTATION_RELATIONSHIP() );
#7119 = ITEM_DEFINED_TRANSFORMATION('','',#11,#139);
#7120 = PRODUCT_DEFINITION_SHAPE('Placement','Placement of an item',
  #7121);
#7121 = NEXT_ASSEMBLY_USAGE_OCCURRENCE('32',
  'P32 Triangle level 2 beam 2','',#5,#6758,$);
#7122 = PRODUCT_RELATED_PRODUCT_CATEGORY('part',$,(#6760));
#7123 = SHAPE_DEFINITION_REPRESENTATION(#7124,#7130);
#7124 = PRODUCT_DEFINITION_SHAPE('','',#7125);
#7125 = PRODUCT_DEFINITION('design','',#7126,#7129);
#7126 = PRODUCT_DEFINITION_FORMATION('','',#7127);
#7127 = PRODUCT('P33 Triangle level 2 beam 3',
  'P33 Triangle level 2 beam 3','',(#7128));
#7128 = PRODUCT_CONTEXT('',#2,'mechanical');
#7129 = PRODUCT_DEFINITION_CONTEXT('part definition',#2,'design');
#7130 = ADVANCED_BREP_SHAPE_REPRESENTATION('',(#11,#7131),#7479);
#7131 = MANIFOLD_SOLID_BREP('',#7132);
#7132 = CLOSED_SHELL('',(#7133,#7173,#7252,#7276,#7348,#7365,#7387,#7404
    ,#7426,#7443,#7455,#7467));
#7133 = ADVANCED_FACE('',(#7134),#7168,.F.);
#7134 = FACE_BOUND('',#7135,.F.);
#7135 = EDGE_LOOP('',(#7136,#7146,#7154,#7162));
#7136 = ORIENTED_EDGE('',*,*,#7137,.F.);
#7137 = EDGE_CURVE('',#7138,#7140,#7142,.T.);
#7138 = VERTEX_POINT('',#7139);
#7139 = CARTESIAN_POINT('',(-5.382322682253E-14,-293.,220.));
#7140 = VERTEX_POINT('',#7141);
#7141 = CARTESIAN_POINT('',(10.,-275.6794919243,220.));
#7142 = LINE('',#7143,#7144);
#7143 = CARTESIAN_POINT('',(-5.382322682253E-14,-293.,220.));
#7144 = VECTOR('',#7145,1.);
#7145 = DIRECTION('',(0.5,0.866025403784,0.));
#7146 = ORIENTED_EDGE('',*,*,#7147,.T.);
#7147 = EDGE_CURVE('',#7138,#7148,#7150,.T.);
#7148 = VERTEX_POINT('',#7149);
#7149 = CARTESIAN_POINT('',(-5.382322682253E-14,-293.,240.));
#7150 = LINE('',#7151,#7152);
#7151 = CARTESIAN_POINT('',(-5.382322682253E-14,-293.,220.));
#7152 = VECTOR('',#7153,1.);
#7153 = DIRECTION('',(0.,0.,1.));
#7154 = ORIENTED_EDGE('',*,*,#7155,.T.);
#7155 = EDGE_CURVE('',#7148,#7156,#7158,.T.);
#7156 = VERTEX_POINT('',#7157);
#7157 = CARTESIAN_POINT('',(10.,-275.6794919243,240.));
#7158 = LINE('',#7159,#7160);
#7159 = CARTESIAN_POINT('',(-5.382322682253E-14,-293.,240.));
#7160 = VECTOR('',#7161,1.);
#7161 = DIRECTION('',(0.5,0.866025403784,0.));
#7162 = ORIENTED_EDGE('',*,*,#7163,.T.);
#7163 = EDGE_CURVE('',#7156,#7140,#7164,.T.);
#7164 = LINE('',#7165,#7166);
#7165 = CARTESIAN_POINT('',(10.,-275.6794919243,119.));
#7166 = VECTOR('',#7167,1.);
#7167 = DIRECTION('',(0.,0.,-1.));
#7168 = PLANE('',#7169);
#7169 = AXIS2_PLACEMENT_3D('',#7170,#7171,#7172);
#7170 = CARTESIAN_POINT('',(-5.382322682253E-14,-293.,220.));
#7171 = DIRECTION('',(-0.866025403784,0.5,0.));
#7172 = DIRECTION('',(0.5,0.866025403784,0.));
#7173 = ADVANCED_FACE('',(#7174),#7247,.F.);
#7174 = FACE_BOUND('',#7175,.F.);
#7175 = EDGE_LOOP('',(#7176,#7186,#7194,#7202,#7208,#7209,#7217,#7225,
    #7233,#7241));
#7176 = ORIENTED_EDGE('',*,*,#7177,.T.);
#7177 = EDGE_CURVE('',#7178,#7180,#7182,.T.);
#7178 = VERTEX_POINT('',#7179);
#7179 = CARTESIAN_POINT('',(243.74544330884,129.17949192431,220.));
#7180 = VERTEX_POINT('',#7181);
#7181 = CARTESIAN_POINT('',(253.74544330884,146.5,220.));
#7182 = LINE('',#7183,#7184);
#7183 = CARTESIAN_POINT('',(-5.382322682253E-14,-293.,220.));
#7184 = VECTOR('',#7185,1.);
#7185 = DIRECTION('',(0.5,0.866025403784,0.));
#7186 = ORIENTED_EDGE('',*,*,#7187,.T.);
#7187 = EDGE_CURVE('',#7180,#7188,#7190,.T.);
#7188 = VERTEX_POINT('',#7189);
#7189 = CARTESIAN_POINT('',(219.10442715746,126.5,220.));
#7190 = LINE('',#7191,#7192);
#7191 = CARTESIAN_POINT('',(253.74544330884,146.5,220.));
#7192 = VECTOR('',#7193,1.);
#7193 = DIRECTION('',(-0.866025403784,-0.5,0.));
#7194 = ORIENTED_EDGE('',*,*,#7195,.T.);
#7195 = EDGE_CURVE('',#7188,#7196,#7198,.T.);
#7196 = VERTEX_POINT('',#7197);
#7197 = CARTESIAN_POINT('',(-4.647534602764E-14,-253.,220.));
#7198 = LINE('',#7199,#7200);
#7199 = CARTESIAN_POINT('',(219.10442715746,126.5,220.));
#7200 = VECTOR('',#7201,1.);
#7201 = DIRECTION('',(-0.5,-0.866025403784,0.));
#7202 = ORIENTED_EDGE('',*,*,#7203,.T.);
#7203 = EDGE_CURVE('',#7196,#7138,#7204,.T.);
#7204 = LINE('',#7205,#7206);
#7205 = CARTESIAN_POINT('',(-4.647534602764E-14,-253.,220.));
#7206 = VECTOR('',#7207,1.);
#7207 = DIRECTION('',(-1.836970198721E-16,-1.,0.));
#7208 = ORIENTED_EDGE('',*,*,#7137,.T.);
#7209 = ORIENTED_EDGE('',*,*,#7210,.T.);
#7210 = EDGE_CURVE('',#7140,#7211,#7213,.T.);
#7211 = VERTEX_POINT('',#7212);
#7212 = CARTESIAN_POINT('',(10.,-265.,220.));
#7213 = LINE('',#7214,#7215);
#7214 = CARTESIAN_POINT('',(10.,-166.7938652866,220.));
#7215 = VECTOR('',#7216,1.);
#7216 = DIRECTION('',(2.22044604925E-16,1.,-0.));
#7217 = ORIENTED_EDGE('',*,*,#7218,.T.);
#7218 = EDGE_CURVE('',#7211,#7219,#7221,.T.);
#7219 = VERTEX_POINT('',#7220);
#7220 = CARTESIAN_POINT('',(16.165807537309,-265.,220.));
#7221 = LINE('',#7222,#7223);
#7222 = CARTESIAN_POINT('',(29.398717064379,-265.,220.));
#7223 = VECTOR('',#7224,1.);
#7224 = DIRECTION('',(1.,-2.22044604925E-16,0.));
#7225 = ORIENTED_EDGE('',*,*,#7226,.T.);
#7226 = EDGE_CURVE('',#7219,#7227,#7229,.T.);
#7227 = VERTEX_POINT('',#7228);
#7228 = CARTESIAN_POINT('',(237.57963577153,118.5,220.));
#7229 = LINE('',#7230,#7231);
#7230 = CARTESIAN_POINT('',(-5.382322682253E-14,-293.,220.));
#7231 = VECTOR('',#7232,1.);
#7232 = DIRECTION('',(0.5,0.866025403784,0.));
#7233 = ORIENTED_EDGE('',*,*,#7234,.T.);
#7234 = EDGE_CURVE('',#7227,#7235,#7237,.T.);
#7235 = VERTEX_POINT('',#7236);
#7236 = CARTESIAN_POINT('',(234.49673200287,123.83974596215,220.));
#7237 = LINE('',#7238,#7239);
#7238 = CARTESIAN_POINT('',(262.69609053506,74.997024243552,220.));
#7239 = VECTOR('',#7240,1.);
#7240 = DIRECTION('',(-0.5,0.866025403784,0.));
#7241 = ORIENTED_EDGE('',*,*,#7242,.F.);
#7242 = EDGE_CURVE('',#7178,#7235,#7243,.T.);
#7243 = LINE('',#7244,#7245);
#7244 = CARTESIAN_POINT('',(149.44772453362,74.736678605475,220.));
#7245 = VECTOR('',#7246,1.);
#7246 = DIRECTION('',(-0.866025403784,-0.5,0.));
#7247 = PLANE('',#7248);
#7248 = AXIS2_PLACEMENT_3D('',#7249,#7250,#7251);
#7249 = CARTESIAN_POINT('',(118.79743412875,-68.58773057327,220.));
#7250 = DIRECTION('',(0.,0.,1.));
#7251 = DIRECTION('',(1.,0.,-0.));
#7252 = ADVANCED_FACE('',(#7253),#7271,.T.);
#7253 = FACE_BOUND('',#7254,.T.);
#7254 = EDGE_LOOP('',(#7255,#7256,#7264,#7270));
#7255 = ORIENTED_EDGE('',*,*,#7210,.T.);
#7256 = ORIENTED_EDGE('',*,*,#7257,.T.);
#7257 = EDGE_CURVE('',#7211,#7258,#7260,.T.);
#7258 = VERTEX_POINT('',#7259);
#7259 = CARTESIAN_POINT('',(10.,-265.,240.));
#7260 = LINE('',#7261,#7262);
#7261 = CARTESIAN_POINT('',(10.,-265.,18.));
#7262 = VECTOR('',#7263,1.);
#7263 = DIRECTION('',(0.,0.,1.));
#7264 = ORIENTED_EDGE('',*,*,#7265,.F.);
#7265 = EDGE_CURVE('',#7156,#7258,#7266,.T.);
#7266 = LINE('',#7267,#7268);
#7267 = CARTESIAN_POINT('',(10.,-166.7938652866,240.));
#7268 = VECTOR('',#7269,1.);
#7269 = DIRECTION('',(2.22044604925E-16,1.,-0.));
#7270 = ORIENTED_EDGE('',*,*,#7163,.T.);
#7271 = PLANE('',#7272);
#7272 = AXIS2_PLACEMENT_3D('',#7273,#7274,#7275);
#7273 = CARTESIAN_POINT('',(10.,-265.,18.));
#7274 = DIRECTION('',(1.,-2.22044604925E-16,0.));
#7275 = DIRECTION('',(0.,0.,1.));
#7276 = ADVANCED_FACE('',(#7277),#7343,.T.);
#7277 = FACE_BOUND('',#7278,.T.);
#7278 = EDGE_LOOP('',(#7279,#7289,#7297,#7305,#7311,#7312,#7313,#7321,
    #7329,#7337));
#7279 = ORIENTED_EDGE('',*,*,#7280,.T.);
#7280 = EDGE_CURVE('',#7281,#7283,#7285,.T.);
#7281 = VERTEX_POINT('',#7282);
#7282 = CARTESIAN_POINT('',(243.74544330884,129.17949192431,240.));
#7283 = VERTEX_POINT('',#7284);
#7284 = CARTESIAN_POINT('',(253.74544330884,146.5,240.));
#7285 = LINE('',#7286,#7287);
#7286 = CARTESIAN_POINT('',(-5.382322682253E-14,-293.,240.));
#7287 = VECTOR('',#7288,1.);
#7288 = DIRECTION('',(0.5,0.866025403784,0.));
#7289 = ORIENTED_EDGE('',*,*,#7290,.T.);
#7290 = EDGE_CURVE('',#7283,#7291,#7293,.T.);
#7291 = VERTEX_POINT('',#7292);
#7292 = CARTESIAN_POINT('',(219.10442715746,126.5,240.));
#7293 = LINE('',#7294,#7295);
#7294 = CARTESIAN_POINT('',(253.74544330884,146.5,240.));
#7295 = VECTOR('',#7296,1.);
#7296 = DIRECTION('',(-0.866025403784,-0.5,0.));
#7297 = ORIENTED_EDGE('',*,*,#7298,.T.);
#7298 = EDGE_CURVE('',#7291,#7299,#7301,.T.);
#7299 = VERTEX_POINT('',#7300);
#7300 = CARTESIAN_POINT('',(-4.647534602764E-14,-253.,240.));
#7301 = LINE('',#7302,#7303);
#7302 = CARTESIAN_POINT('',(219.10442715746,126.5,240.));
#7303 = VECTOR('',#7304,1.);
#7304 = DIRECTION('',(-0.5,-0.866025403784,0.));
#7305 = ORIENTED_EDGE('',*,*,#7306,.T.);
#7306 = EDGE_CURVE('',#7299,#7148,#7307,.T.);
#7307 = LINE('',#7308,#7309);
#7308 = CARTESIAN_POINT('',(-4.647534602764E-14,-253.,240.));
#7309 = VECTOR('',#7310,1.);
#7310 = DIRECTION('',(-1.836970198721E-16,-1.,0.));
#7311 = ORIENTED_EDGE('',*,*,#7155,.T.);
#7312 = ORIENTED_EDGE('',*,*,#7265,.T.);
#7313 = ORIENTED_EDGE('',*,*,#7314,.T.);
#7314 = EDGE_CURVE('',#7258,#7315,#7317,.T.);
#7315 = VERTEX_POINT('',#7316);
#7316 = CARTESIAN_POINT('',(16.165807537309,-265.,240.));
#7317 = LINE('',#7318,#7319);
#7318 = CARTESIAN_POINT('',(64.398717064379,-265.,240.));
#7319 = VECTOR('',#7320,1.);
#7320 = DIRECTION('',(1.,-2.22044604925E-16,0.));
#7321 = ORIENTED_EDGE('',*,*,#7322,.T.);
#7322 = EDGE_CURVE('',#7315,#7323,#7325,.T.);
#7323 = VERTEX_POINT('',#7324);
#7324 = CARTESIAN_POINT('',(237.57963577153,118.5,240.));
#7325 = LINE('',#7326,#7327);
#7326 = CARTESIAN_POINT('',(-5.382322682253E-14,-293.,240.));
#7327 = VECTOR('',#7328,1.);
#7328 = DIRECTION('',(0.5,0.866025403784,0.));
#7329 = ORIENTED_EDGE('',*,*,#7330,.T.);
#7330 = EDGE_CURVE('',#7323,#7331,#7333,.T.);
#7331 = VERTEX_POINT('',#7332);
#7332 = CARTESIAN_POINT('',(234.49673200287,123.83974596215,240.));
#7333 = LINE('',#7334,#7335);
#7334 = CARTESIAN_POINT('',(274.19609053506,55.07843995651,240.));
#7335 = VECTOR('',#7336,1.);
#7336 = DIRECTION('',(-0.5,0.866025403784,0.));
#7337 = ORIENTED_EDGE('',*,*,#7338,.F.);
#7338 = EDGE_CURVE('',#7281,#7331,#7339,.T.);
#7339 = LINE('',#7340,#7341);
#7340 = CARTESIAN_POINT('',(149.44772453362,74.736678605475,240.));
#7341 = VECTOR('',#7342,1.);
#7342 = DIRECTION('',(-0.866025403784,-0.5,0.));
#7343 = PLANE('',#7344);
#7344 = AXIS2_PLACEMENT_3D('',#7345,#7346,#7347);
#7345 = CARTESIAN_POINT('',(118.79743412875,-68.58773057327,240.));
#7346 = DIRECTION('',(0.,0.,1.));
#7347 = DIRECTION('',(1.,0.,-0.));
#7348 = ADVANCED_FACE('',(#7349),#7360,.F.);
#7349 = FACE_BOUND('',#7350,.F.);
#7350 = EDGE_LOOP('',(#7351,#7357,#7358,#7359));
#7351 = ORIENTED_EDGE('',*,*,#7352,.T.);
#7352 = EDGE_CURVE('',#7196,#7299,#7353,.T.);
#7353 = LINE('',#7354,#7355);
#7354 = CARTESIAN_POINT('',(-4.647534602764E-14,-253.,220.));
#7355 = VECTOR('',#7356,1.);
#7356 = DIRECTION('',(0.,0.,1.));
#7357 = ORIENTED_EDGE('',*,*,#7306,.T.);
#7358 = ORIENTED_EDGE('',*,*,#7147,.F.);
#7359 = ORIENTED_EDGE('',*,*,#7203,.F.);
#7360 = PLANE('',#7361);
#7361 = AXIS2_PLACEMENT_3D('',#7362,#7363,#7364);
#7362 = CARTESIAN_POINT('',(-4.647534602764E-14,-253.,220.));
#7363 = DIRECTION('',(1.,-1.836970198721E-16,0.));
#7364 = DIRECTION('',(-1.836970198721E-16,-1.,0.));
#7365 = ADVANCED_FACE('',(#7366),#7382,.F.);
#7366 = FACE_BOUND('',#7367,.F.);
#7367 = EDGE_LOOP('',(#7368,#7369,#7375,#7376));
#7368 = ORIENTED_EDGE('',*,*,#7177,.F.);
#7369 = ORIENTED_EDGE('',*,*,#7370,.F.);
#7370 = EDGE_CURVE('',#7281,#7178,#7371,.T.);
#7371 = LINE('',#7372,#7373);
#7372 = CARTESIAN_POINT('',(243.74544330884,129.17949192431,119.));
#7373 = VECTOR('',#7374,1.);
#7374 = DIRECTION('',(0.,0.,-1.));
#7375 = ORIENTED_EDGE('',*,*,#7280,.T.);
#7376 = ORIENTED_EDGE('',*,*,#7377,.F.);
#7377 = EDGE_CURVE('',#7180,#7283,#7378,.T.);
#7378 = LINE('',#7379,#7380);
#7379 = CARTESIAN_POINT('',(253.74544330884,146.5,220.));
#7380 = VECTOR('',#7381,1.);
#7381 = DIRECTION('',(0.,0.,1.));
#7382 = PLANE('',#7383);
#7383 = AXIS2_PLACEMENT_3D('',#7384,#7385,#7386);
#7384 = CARTESIAN_POINT('',(-5.382322682253E-14,-293.,220.));
#7385 = DIRECTION('',(-0.866025403784,0.5,0.));
#7386 = DIRECTION('',(0.5,0.866025403784,0.));
#7387 = ADVANCED_FACE('',(#7388),#7399,.F.);
#7388 = FACE_BOUND('',#7389,.F.);
#7389 = EDGE_LOOP('',(#7390,#7391,#7397,#7398));
#7390 = ORIENTED_EDGE('',*,*,#7242,.T.);
#7391 = ORIENTED_EDGE('',*,*,#7392,.T.);
#7392 = EDGE_CURVE('',#7235,#7331,#7393,.T.);
#7393 = LINE('',#7394,#7395);
#7394 = CARTESIAN_POINT('',(234.49673200287,123.83974596215,18.));
#7395 = VECTOR('',#7396,1.);
#7396 = DIRECTION('',(0.,0.,1.));
#7397 = ORIENTED_EDGE('',*,*,#7338,.F.);
#7398 = ORIENTED_EDGE('',*,*,#7370,.T.);
#7399 = PLANE('',#7400);
#7400 = AXIS2_PLACEMENT_3D('',#7401,#7402,#7403);
#7401 = CARTESIAN_POINT('',(234.49673200287,123.83974596215,18.));
#7402 = DIRECTION('',(-0.5,0.866025403784,0.));
#7403 = DIRECTION('',(0.,0.,1.));
#7404 = ADVANCED_FACE('',(#7405),#7421,.F.);
#7405 = FACE_BOUND('',#7406,.F.);
#7406 = EDGE_LOOP('',(#7407,#7408,#7414,#7415));
#7407 = ORIENTED_EDGE('',*,*,#7226,.F.);
#7408 = ORIENTED_EDGE('',*,*,#7409,.T.);
#7409 = EDGE_CURVE('',#7219,#7315,#7410,.T.);
#7410 = LINE('',#7411,#7412);
#7411 = CARTESIAN_POINT('',(16.165807537309,-265.,119.));
#7412 = VECTOR('',#7413,1.);
#7413 = DIRECTION('',(0.,0.,1.));
#7414 = ORIENTED_EDGE('',*,*,#7322,.T.);
#7415 = ORIENTED_EDGE('',*,*,#7416,.T.);
#7416 = EDGE_CURVE('',#7323,#7227,#7417,.T.);
#7417 = LINE('',#7418,#7419);
#7418 = CARTESIAN_POINT('',(237.57963577153,118.5,119.));
#7419 = VECTOR('',#7420,1.);
#7420 = DIRECTION('',(0.,0.,-1.));
#7421 = PLANE('',#7422);
#7422 = AXIS2_PLACEMENT_3D('',#7423,#7424,#7425);
#7423 = CARTESIAN_POINT('',(-5.382322682253E-14,-293.,220.));
#7424 = DIRECTION('',(-0.866025403784,0.5,0.));
#7425 = DIRECTION('',(0.5,0.866025403784,0.));
#7426 = ADVANCED_FACE('',(#7427),#7438,.F.);
#7427 = FACE_BOUND('',#7428,.F.);
#7428 = EDGE_LOOP('',(#7429,#7435,#7436,#7437));
#7429 = ORIENTED_EDGE('',*,*,#7430,.T.);
#7430 = EDGE_CURVE('',#7188,#7291,#7431,.T.);
#7431 = LINE('',#7432,#7433);
#7432 = CARTESIAN_POINT('',(219.10442715746,126.5,220.));
#7433 = VECTOR('',#7434,1.);
#7434 = DIRECTION('',(0.,0.,1.));
#7435 = ORIENTED_EDGE('',*,*,#7298,.T.);
#7436 = ORIENTED_EDGE('',*,*,#7352,.F.);
#7437 = ORIENTED_EDGE('',*,*,#7195,.F.);
#7438 = PLANE('',#7439);
#7439 = AXIS2_PLACEMENT_3D('',#7440,#7441,#7442);
#7440 = CARTESIAN_POINT('',(219.10442715746,126.5,220.));
#7441 = DIRECTION('',(0.866025403784,-0.5,0.));
#7442 = DIRECTION('',(-0.5,-0.866025403784,0.));
#7443 = ADVANCED_FACE('',(#7444),#7450,.F.);
#7444 = FACE_BOUND('',#7445,.F.);
#7445 = EDGE_LOOP('',(#7446,#7447,#7448,#7449));
#7446 = ORIENTED_EDGE('',*,*,#7377,.T.);
#7447 = ORIENTED_EDGE('',*,*,#7290,.T.);
#7448 = ORIENTED_EDGE('',*,*,#7430,.F.);
#7449 = ORIENTED_EDGE('',*,*,#7187,.F.);
#7450 = PLANE('',#7451);
#7451 = AXIS2_PLACEMENT_3D('',#7452,#7453,#7454);
#7452 = CARTESIAN_POINT('',(253.74544330884,146.5,220.));
#7453 = DIRECTION('',(0.5,-0.866025403784,0.));
#7454 = DIRECTION('',(-0.866025403784,-0.5,0.));
#7455 = ADVANCED_FACE('',(#7456),#7462,.T.);
#7456 = FACE_BOUND('',#7457,.T.);
#7457 = EDGE_LOOP('',(#7458,#7459,#7460,#7461));
#7458 = ORIENTED_EDGE('',*,*,#7330,.F.);
#7459 = ORIENTED_EDGE('',*,*,#7416,.T.);
#7460 = ORIENTED_EDGE('',*,*,#7234,.T.);
#7461 = ORIENTED_EDGE('',*,*,#7392,.T.);
#7462 = PLANE('',#7463);
#7463 = AXIS2_PLACEMENT_3D('',#7464,#7465,#7466);
#7464 = CARTESIAN_POINT('',(236.0381838872,121.16987298107,230.));
#7465 = DIRECTION('',(0.866025403784,0.5,0.));
#7466 = DIRECTION('',(-0.5,0.866025403784,0.));
#7467 = ADVANCED_FACE('',(#7468),#7474,.T.);
#7468 = FACE_BOUND('',#7469,.T.);
#7469 = EDGE_LOOP('',(#7470,#7471,#7472,#7473));
#7470 = ORIENTED_EDGE('',*,*,#7314,.F.);
#7471 = ORIENTED_EDGE('',*,*,#7257,.F.);
#7472 = ORIENTED_EDGE('',*,*,#7218,.T.);
#7473 = ORIENTED_EDGE('',*,*,#7409,.T.);
#7474 = PLANE('',#7475);
#7475 = AXIS2_PLACEMENT_3D('',#7476,#7477,#7478);
#7476 = CARTESIAN_POINT('',(13.082903768655,-265.,230.));
#7477 = DIRECTION('',(-0.,-1.,-0.));
#7478 = DIRECTION('',(0.,0.,-1.));
#7479 = ( GEOMETRIC_REPRESENTATION_CONTEXT(3) 
GLOBAL_UNCERTAINTY_ASSIGNED_CONTEXT((#7483)) 
GLOBAL_UNIT_ASSIGNED_CONTEXT((#7480,#7481,#7482)) REPRESENTATION_CONTEXT
('Context #1','3D Context with UNIT and UNCERTAINTY') );
#7480 = ( LENGTH_UNIT() NAMED_UNIT(*) SI_UNIT(.MILLI.,.METRE.) );
#7481 = ( NAMED_UNIT(*) PLANE_ANGLE_UNIT() SI_UNIT($,.RADIAN.) );
#7482 = ( NAMED_UNIT(*) SI_UNIT($,.STERADIAN.) SOLID_ANGLE_UNIT() );
#7483 = UNCERTAINTY_MEASURE_WITH_UNIT(LENGTH_MEASURE(1.E-07),#7480,
  'distance_accuracy_value','confusion accuracy');
#7484 = CONTEXT_DEPENDENT_SHAPE_REPRESENTATION(#7485,#7487);
#7485 = ( REPRESENTATION_RELATIONSHIP('','',#7130,#10) 
REPRESENTATION_RELATIONSHIP_WITH_TRANSFORMATION(#7486) 
SHAPE_REPRESENTATION_RELATIONSHIP() );
#7486 = ITEM_DEFINED_TRANSFORMATION('','',#11,#143);
#7487 = PRODUCT_DEFINITION_SHAPE('Placement','Placement of an item',
  #7488);
#7488 = NEXT_ASSEMBLY_USAGE_OCCURRENCE('33',
  'P33 Triangle level 2 beam 3','',#5,#7125,$);
#7489 = PRODUCT_RELATED_PRODUCT_CATEGORY('part',$,(#7127));
#7490 = SHAPE_DEFINITION_REPRESENTATION(#7491,#7497);
#7491 = PRODUCT_DEFINITION_SHAPE('','',#7492);
#7492 = PRODUCT_DEFINITION('design','',#7493,#7496);
#7493 = PRODUCT_DEFINITION_FORMATION('','',#7494);
#7494 = PRODUCT('P34 Upper transition band 30 / 1',
  'P34 Upper transition band 30 / 1','',(#7495));
#7495 = PRODUCT_CONTEXT('',#2,'mechanical');
#7496 = PRODUCT_DEFINITION_CONTEXT('part definition',#2,'design');
#7497 = ADVANCED_BREP_SHAPE_REPRESENTATION('',(#11,#7498),#7648);
#7498 = MANIFOLD_SOLID_BREP('',#7499);
#7499 = CLOSED_SHELL('',(#7500,#7540,#7580,#7602,#7624,#7636));
#7500 = ADVANCED_FACE('',(#7501),#7535,.F.);
#7501 = FACE_BOUND('',#7502,.F.);
#7502 = EDGE_LOOP('',(#7503,#7513,#7521,#7529));
#7503 = ORIENTED_EDGE('',*,*,#7504,.F.);
#7504 = EDGE_CURVE('',#7505,#7507,#7509,.T.);
#7505 = VERTEX_POINT('',#7506);
#7506 = CARTESIAN_POINT('',(259.49673200287,80.538475772934,
    381.90524980688));
#7507 = VERTEX_POINT('',#7508);
#7508 = CARTESIAN_POINT('',(259.49673200287,80.538475772934,
    395.90524980688));
#7509 = LINE('',#7510,#7511);
#7510 = CARTESIAN_POINT('',(259.49673200287,80.538475772934,
    381.90524980688));
#7511 = VECTOR('',#7512,1.);
#7512 = DIRECTION('',(0.,0.,1.));
#7513 = ORIENTED_EDGE('',*,*,#7514,.T.);
#7514 = EDGE_CURVE('',#7505,#7515,#7517,.T.);
#7515 = VERTEX_POINT('',#7516);
#7516 = CARTESIAN_POINT('',(199.49673200287,184.46152422706,
    381.90524980688));
#7517 = LINE('',#7518,#7519);
#7518 = CARTESIAN_POINT('',(259.49673200287,80.538475772934,
    381.90524980688));
#7519 = VECTOR('',#7520,1.);
#7520 = DIRECTION('',(-0.5,0.866025403784,0.));
#7521 = ORIENTED_EDGE('',*,*,#7522,.T.);
#7522 = EDGE_CURVE('',#7515,#7523,#7525,.T.);
#7523 = VERTEX_POINT('',#7524);
#7524 = CARTESIAN_POINT('',(199.49673200287,184.46152422706,
    395.90524980688));
#7525 = LINE('',#7526,#7527);
#7526 = CARTESIAN_POINT('',(199.49673200287,184.46152422706,
    381.90524980688));
#7527 = VECTOR('',#7528,1.);
#7528 = DIRECTION('',(0.,0.,1.));
#7529 = ORIENTED_EDGE('',*,*,#7530,.F.);
#7530 = EDGE_CURVE('',#7507,#7523,#7531,.T.);
#7531 = LINE('',#7532,#7533);
#7532 = CARTESIAN_POINT('',(259.49673200287,80.538475772934,
    395.90524980688));
#7533 = VECTOR('',#7534,1.);
#7534 = DIRECTION('',(-0.5,0.866025403784,0.));
#7535 = PLANE('',#7536);
#7536 = AXIS2_PLACEMENT_3D('',#7537,#7538,#7539);
#7537 = CARTESIAN_POINT('',(259.49673200287,80.538475772934,
    381.90524980688));
#7538 = DIRECTION('',(0.866025403784,0.5,0.));
#7539 = DIRECTION('',(0.,0.,1.));
#7540 = ADVANCED_FACE('',(#7541),#7575,.T.);
#7541 = FACE_BOUND('',#7542,.T.);
#7542 = EDGE_LOOP('',(#7543,#7553,#7561,#7569));
#7543 = ORIENTED_EDGE('',*,*,#7544,.F.);
#7544 = EDGE_CURVE('',#7545,#7547,#7549,.T.);
#7545 = VERTEX_POINT('',#7546);
#7546 = CARTESIAN_POINT('',(276.81724007856,90.538475772934,
    381.90524980688));
#7547 = VERTEX_POINT('',#7548);
#7548 = CARTESIAN_POINT('',(276.81724007856,90.538475772934,
    395.90524980688));
#7549 = LINE('',#7550,#7551);
#7550 = CARTESIAN_POINT('',(276.81724007856,90.538475772934,
    381.90524980688));
#7551 = VECTOR('',#7552,1.);
#7552 = DIRECTION('',(0.,0.,1.));
#7553 = ORIENTED_EDGE('',*,*,#7554,.T.);
#7554 = EDGE_CURVE('',#7545,#7555,#7557,.T.);
#7555 = VERTEX_POINT('',#7556);
#7556 = CARTESIAN_POINT('',(216.81724007856,194.46152422706,
    381.90524980688));
#7557 = LINE('',#7558,#7559);
#7558 = CARTESIAN_POINT('',(276.81724007856,90.538475772934,
    381.90524980688));
#7559 = VECTOR('',#7560,1.);
#7560 = DIRECTION('',(-0.5,0.866025403784,0.));
#7561 = ORIENTED_EDGE('',*,*,#7562,.T.);
#7562 = EDGE_CURVE('',#7555,#7563,#7565,.T.);
#7563 = VERTEX_POINT('',#7564);
#7564 = CARTESIAN_POINT('',(216.81724007856,194.46152422706,
    395.90524980688));
#7565 = LINE('',#7566,#7567);
#7566 = CARTESIAN_POINT('',(216.81724007856,194.46152422706,
    381.90524980688));
#7567 = VECTOR('',#7568,1.);
#7568 = DIRECTION('',(0.,0.,1.));
#7569 = ORIENTED_EDGE('',*,*,#7570,.F.);
#7570 = EDGE_CURVE('',#7547,#7563,#7571,.T.);
#7571 = LINE('',#7572,#7573);
#7572 = CARTESIAN_POINT('',(276.81724007856,90.538475772934,
    395.90524980688));
#7573 = VECTOR('',#7574,1.);
#7574 = DIRECTION('',(-0.5,0.866025403784,0.));
#7575 = PLANE('',#7576);
#7576 = AXIS2_PLACEMENT_3D('',#7577,#7578,#7579);
#7577 = CARTESIAN_POINT('',(276.81724007856,90.538475772934,
    381.90524980688));
#7578 = DIRECTION('',(0.866025403784,0.5,0.));
#7579 = DIRECTION('',(0.,0.,1.));
#7580 = ADVANCED_FACE('',(#7581),#7597,.F.);
#7581 = FACE_BOUND('',#7582,.F.);
#7582 = EDGE_LOOP('',(#7583,#7589,#7590,#7596));
#7583 = ORIENTED_EDGE('',*,*,#7584,.F.);
#7584 = EDGE_CURVE('',#7505,#7545,#7585,.T.);
#7585 = LINE('',#7586,#7587);
#7586 = CARTESIAN_POINT('',(259.49673200287,80.538475772934,
    381.90524980688));
#7587 = VECTOR('',#7588,1.);
#7588 = DIRECTION('',(0.866025403784,0.5,0.));
#7589 = ORIENTED_EDGE('',*,*,#7504,.T.);
#7590 = ORIENTED_EDGE('',*,*,#7591,.T.);
#7591 = EDGE_CURVE('',#7507,#7547,#7592,.T.);
#7592 = LINE('',#7593,#7594);
#7593 = CARTESIAN_POINT('',(259.49673200287,80.538475772934,
    395.90524980688));
#7594 = VECTOR('',#7595,1.);
#7595 = DIRECTION('',(0.866025403784,0.5,0.));
#7596 = ORIENTED_EDGE('',*,*,#7544,.F.);
#7597 = PLANE('',#7598);
#7598 = AXIS2_PLACEMENT_3D('',#7599,#7600,#7601);
#7599 = CARTESIAN_POINT('',(259.49673200287,80.538475772934,
    381.90524980688));
#7600 = DIRECTION('',(-0.5,0.866025403784,0.));
#7601 = DIRECTION('',(0.,0.,1.));
#7602 = ADVANCED_FACE('',(#7603),#7619,.T.);
#7603 = FACE_BOUND('',#7604,.T.);
#7604 = EDGE_LOOP('',(#7605,#7611,#7612,#7618));
#7605 = ORIENTED_EDGE('',*,*,#7606,.F.);
#7606 = EDGE_CURVE('',#7515,#7555,#7607,.T.);
#7607 = LINE('',#7608,#7609);
#7608 = CARTESIAN_POINT('',(199.49673200287,184.46152422706,
    381.90524980688));
#7609 = VECTOR('',#7610,1.);
#7610 = DIRECTION('',(0.866025403784,0.5,0.));
#7611 = ORIENTED_EDGE('',*,*,#7522,.T.);
#7612 = ORIENTED_EDGE('',*,*,#7613,.T.);
#7613 = EDGE_CURVE('',#7523,#7563,#7614,.T.);
#7614 = LINE('',#7615,#7616);
#7615 = CARTESIAN_POINT('',(199.49673200287,184.46152422706,
    395.90524980688));
#7616 = VECTOR('',#7617,1.);
#7617 = DIRECTION('',(0.866025403784,0.5,0.));
#7618 = ORIENTED_EDGE('',*,*,#7562,.F.);
#7619 = PLANE('',#7620);
#7620 = AXIS2_PLACEMENT_3D('',#7621,#7622,#7623);
#7621 = CARTESIAN_POINT('',(199.49673200287,184.46152422706,
    381.90524980688));
#7622 = DIRECTION('',(-0.5,0.866025403784,0.));
#7623 = DIRECTION('',(0.,0.,1.));
#7624 = ADVANCED_FACE('',(#7625),#7631,.F.);
#7625 = FACE_BOUND('',#7626,.F.);
#7626 = EDGE_LOOP('',(#7627,#7628,#7629,#7630));
#7627 = ORIENTED_EDGE('',*,*,#7514,.F.);
#7628 = ORIENTED_EDGE('',*,*,#7584,.T.);
#7629 = ORIENTED_EDGE('',*,*,#7554,.T.);
#7630 = ORIENTED_EDGE('',*,*,#7606,.F.);
#7631 = PLANE('',#7632);
#7632 = AXIS2_PLACEMENT_3D('',#7633,#7634,#7635);
#7633 = CARTESIAN_POINT('',(259.49673200287,80.538475772934,
    381.90524980688));
#7634 = DIRECTION('',(0.,0.,1.));
#7635 = DIRECTION('',(0.866025403784,0.5,0.));
#7636 = ADVANCED_FACE('',(#7637),#7643,.T.);
#7637 = FACE_BOUND('',#7638,.T.);
#7638 = EDGE_LOOP('',(#7639,#7640,#7641,#7642));
#7639 = ORIENTED_EDGE('',*,*,#7530,.F.);
#7640 = ORIENTED_EDGE('',*,*,#7591,.T.);
#7641 = ORIENTED_EDGE('',*,*,#7570,.T.);
#7642 = ORIENTED_EDGE('',*,*,#7613,.F.);
#7643 = PLANE('',#7644);
#7644 = AXIS2_PLACEMENT_3D('',#7645,#7646,#7647);
#7645 = CARTESIAN_POINT('',(259.49673200287,80.538475772934,
    395.90524980688));
#7646 = DIRECTION('',(0.,0.,1.));
#7647 = DIRECTION('',(0.866025403784,0.5,0.));
#7648 = ( GEOMETRIC_REPRESENTATION_CONTEXT(3) 
GLOBAL_UNCERTAINTY_ASSIGNED_CONTEXT((#7652)) 
GLOBAL_UNIT_ASSIGNED_CONTEXT((#7649,#7650,#7651)) REPRESENTATION_CONTEXT
('Context #1','3D Context with UNIT and UNCERTAINTY') );
#7649 = ( LENGTH_UNIT() NAMED_UNIT(*) SI_UNIT(.MILLI.,.METRE.) );
#7650 = ( NAMED_UNIT(*) PLANE_ANGLE_UNIT() SI_UNIT($,.RADIAN.) );
#7651 = ( NAMED_UNIT(*) SI_UNIT($,.STERADIAN.) SOLID_ANGLE_UNIT() );
#7652 = UNCERTAINTY_MEASURE_WITH_UNIT(LENGTH_MEASURE(1.E-07),#7649,
  'distance_accuracy_value','confusion accuracy');
#7653 = CONTEXT_DEPENDENT_SHAPE_REPRESENTATION(#7654,#7656);
#7654 = ( REPRESENTATION_RELATIONSHIP('','',#7497,#10) 
REPRESENTATION_RELATIONSHIP_WITH_TRANSFORMATION(#7655) 
SHAPE_REPRESENTATION_RELATIONSHIP() );
#7655 = ITEM_DEFINED_TRANSFORMATION('','',#11,#147);
#7656 = PRODUCT_DEFINITION_SHAPE('Placement','Placement of an item',
  #7657);
#7657 = NEXT_ASSEMBLY_USAGE_OCCURRENCE('34',
  'P34 Upper transition band 30 / 1','',#5,#7492,$);
#7658 = PRODUCT_RELATED_PRODUCT_CATEGORY('part',$,(#7494));
#7659 = SHAPE_DEFINITION_REPRESENTATION(#7660,#7666);
#7660 = PRODUCT_DEFINITION_SHAPE('','',#7661);
#7661 = PRODUCT_DEFINITION('design','',#7662,#7665);
#7662 = PRODUCT_DEFINITION_FORMATION('','',#7663);
#7663 = PRODUCT('P35 Upper transition band 30 / 2',
  'P35 Upper transition band 30 / 2','',(#7664));
#7664 = PRODUCT_CONTEXT('',#2,'mechanical');
#7665 = PRODUCT_DEFINITION_CONTEXT('part definition',#2,'design');
#7666 = ADVANCED_BREP_SHAPE_REPRESENTATION('',(#11,#7667),#7817);
#7667 = MANIFOLD_SOLID_BREP('',#7668);
#7668 = CLOSED_SHELL('',(#7669,#7709,#7749,#7771,#7793,#7805));
#7669 = ADVANCED_FACE('',(#7670),#7704,.F.);
#7670 = FACE_BOUND('',#7671,.F.);
#7671 = EDGE_LOOP('',(#7672,#7682,#7690,#7698));
#7672 = ORIENTED_EDGE('',*,*,#7673,.F.);
#7673 = EDGE_CURVE('',#7674,#7676,#7678,.T.);
#7674 = VERTEX_POINT('',#7675);
#7675 = CARTESIAN_POINT('',(259.49673200287,80.538475772934,
    353.90524980688));
#7676 = VERTEX_POINT('',#7677);
#7677 = CARTESIAN_POINT('',(259.49673200287,80.538475772934,
    367.90524980688));
#7678 = LINE('',#7679,#7680);
#7679 = CARTESIAN_POINT('',(259.49673200287,80.538475772934,
    353.90524980688));
#7680 = VECTOR('',#7681,1.);
#7681 = DIRECTION('',(0.,0.,1.));
#7682 = ORIENTED_EDGE('',*,*,#7683,.T.);
#7683 = EDGE_CURVE('',#7674,#7684,#7686,.T.);
#7684 = VERTEX_POINT('',#7685);
#7685 = CARTESIAN_POINT('',(199.49673200287,184.46152422706,
    353.90524980688));
#7686 = LINE('',#7687,#7688);
#7687 = CARTESIAN_POINT('',(259.49673200287,80.538475772934,
    353.90524980688));
#7688 = VECTOR('',#7689,1.);
#7689 = DIRECTION('',(-0.5,0.866025403784,0.));
#7690 = ORIENTED_EDGE('',*,*,#7691,.T.);
#7691 = EDGE_CURVE('',#7684,#7692,#7694,.T.);
#7692 = VERTEX_POINT('',#7693);
#7693 = CARTESIAN_POINT('',(199.49673200287,184.46152422706,
    367.90524980688));
#7694 = LINE('',#7695,#7696);
#7695 = CARTESIAN_POINT('',(199.49673200287,184.46152422706,
    353.90524980688));
#7696 = VECTOR('',#7697,1.);
#7697 = DIRECTION('',(0.,0.,1.));
#7698 = ORIENTED_EDGE('',*,*,#7699,.F.);
#7699 = EDGE_CURVE('',#7676,#7692,#7700,.T.);
#7700 = LINE('',#7701,#7702);
#7701 = CARTESIAN_POINT('',(259.49673200287,80.538475772934,
    367.90524980688));
#7702 = VECTOR('',#7703,1.);
#7703 = DIRECTION('',(-0.5,0.866025403784,0.));
#7704 = PLANE('',#7705);
#7705 = AXIS2_PLACEMENT_3D('',#7706,#7707,#7708);
#7706 = CARTESIAN_POINT('',(259.49673200287,80.538475772934,
    353.90524980688));
#7707 = DIRECTION('',(0.866025403784,0.5,0.));
#7708 = DIRECTION('',(0.,0.,1.));
#7709 = ADVANCED_FACE('',(#7710),#7744,.T.);
#7710 = FACE_BOUND('',#7711,.T.);
#7711 = EDGE_LOOP('',(#7712,#7722,#7730,#7738));
#7712 = ORIENTED_EDGE('',*,*,#7713,.F.);
#7713 = EDGE_CURVE('',#7714,#7716,#7718,.T.);
#7714 = VERTEX_POINT('',#7715);
#7715 = CARTESIAN_POINT('',(276.81724007856,90.538475772934,
    353.90524980688));
#7716 = VERTEX_POINT('',#7717);
#7717 = CARTESIAN_POINT('',(276.81724007856,90.538475772934,
    367.90524980688));
#7718 = LINE('',#7719,#7720);
#7719 = CARTESIAN_POINT('',(276.81724007856,90.538475772934,
    353.90524980688));
#7720 = VECTOR('',#7721,1.);
#7721 = DIRECTION('',(0.,0.,1.));
#7722 = ORIENTED_EDGE('',*,*,#7723,.T.);
#7723 = EDGE_CURVE('',#7714,#7724,#7726,.T.);
#7724 = VERTEX_POINT('',#7725);
#7725 = CARTESIAN_POINT('',(216.81724007856,194.46152422706,
    353.90524980688));
#7726 = LINE('',#7727,#7728);
#7727 = CARTESIAN_POINT('',(276.81724007856,90.538475772934,
    353.90524980688));
#7728 = VECTOR('',#7729,1.);
#7729 = DIRECTION('',(-0.5,0.866025403784,0.));
#7730 = ORIENTED_EDGE('',*,*,#7731,.T.);
#7731 = EDGE_CURVE('',#7724,#7732,#7734,.T.);
#7732 = VERTEX_POINT('',#7733);
#7733 = CARTESIAN_POINT('',(216.81724007856,194.46152422706,
    367.90524980688));
#7734 = LINE('',#7735,#7736);
#7735 = CARTESIAN_POINT('',(216.81724007856,194.46152422706,
    353.90524980688));
#7736 = VECTOR('',#7737,1.);
#7737 = DIRECTION('',(0.,0.,1.));
#7738 = ORIENTED_EDGE('',*,*,#7739,.F.);
#7739 = EDGE_CURVE('',#7716,#7732,#7740,.T.);
#7740 = LINE('',#7741,#7742);
#7741 = CARTESIAN_POINT('',(276.81724007856,90.538475772934,
    367.90524980688));
#7742 = VECTOR('',#7743,1.);
#7743 = DIRECTION('',(-0.5,0.866025403784,0.));
#7744 = PLANE('',#7745);
#7745 = AXIS2_PLACEMENT_3D('',#7746,#7747,#7748);
#7746 = CARTESIAN_POINT('',(276.81724007856,90.538475772934,
    353.90524980688));
#7747 = DIRECTION('',(0.866025403784,0.5,0.));
#7748 = DIRECTION('',(0.,0.,1.));
#7749 = ADVANCED_FACE('',(#7750),#7766,.F.);
#7750 = FACE_BOUND('',#7751,.F.);
#7751 = EDGE_LOOP('',(#7752,#7758,#7759,#7765));
#7752 = ORIENTED_EDGE('',*,*,#7753,.F.);
#7753 = EDGE_CURVE('',#7674,#7714,#7754,.T.);
#7754 = LINE('',#7755,#7756);
#7755 = CARTESIAN_POINT('',(259.49673200287,80.538475772934,
    353.90524980688));
#7756 = VECTOR('',#7757,1.);
#7757 = DIRECTION('',(0.866025403784,0.5,0.));
#7758 = ORIENTED_EDGE('',*,*,#7673,.T.);
#7759 = ORIENTED_EDGE('',*,*,#7760,.T.);
#7760 = EDGE_CURVE('',#7676,#7716,#7761,.T.);
#7761 = LINE('',#7762,#7763);
#7762 = CARTESIAN_POINT('',(259.49673200287,80.538475772934,
    367.90524980688));
#7763 = VECTOR('',#7764,1.);
#7764 = DIRECTION('',(0.866025403784,0.5,0.));
#7765 = ORIENTED_EDGE('',*,*,#7713,.F.);
#7766 = PLANE('',#7767);
#7767 = AXIS2_PLACEMENT_3D('',#7768,#7769,#7770);
#7768 = CARTESIAN_POINT('',(259.49673200287,80.538475772934,
    353.90524980688));
#7769 = DIRECTION('',(-0.5,0.866025403784,0.));
#7770 = DIRECTION('',(0.,0.,1.));
#7771 = ADVANCED_FACE('',(#7772),#7788,.T.);
#7772 = FACE_BOUND('',#7773,.T.);
#7773 = EDGE_LOOP('',(#7774,#7780,#7781,#7787));
#7774 = ORIENTED_EDGE('',*,*,#7775,.F.);
#7775 = EDGE_CURVE('',#7684,#7724,#7776,.T.);
#7776 = LINE('',#7777,#7778);
#7777 = CARTESIAN_POINT('',(199.49673200287,184.46152422706,
    353.90524980688));
#7778 = VECTOR('',#7779,1.);
#7779 = DIRECTION('',(0.866025403784,0.5,0.));
#7780 = ORIENTED_EDGE('',*,*,#7691,.T.);
#7781 = ORIENTED_EDGE('',*,*,#7782,.T.);
#7782 = EDGE_CURVE('',#7692,#7732,#7783,.T.);
#7783 = LINE('',#7784,#7785);
#7784 = CARTESIAN_POINT('',(199.49673200287,184.46152422706,
    367.90524980688));
#7785 = VECTOR('',#7786,1.);
#7786 = DIRECTION('',(0.866025403784,0.5,0.));
#7787 = ORIENTED_EDGE('',*,*,#7731,.F.);
#7788 = PLANE('',#7789);
#7789 = AXIS2_PLACEMENT_3D('',#7790,#7791,#7792);
#7790 = CARTESIAN_POINT('',(199.49673200287,184.46152422706,
    353.90524980688));
#7791 = DIRECTION('',(-0.5,0.866025403784,0.));
#7792 = DIRECTION('',(0.,0.,1.));
#7793 = ADVANCED_FACE('',(#7794),#7800,.F.);
#7794 = FACE_BOUND('',#7795,.F.);
#7795 = EDGE_LOOP('',(#7796,#7797,#7798,#7799));
#7796 = ORIENTED_EDGE('',*,*,#7683,.F.);
#7797 = ORIENTED_EDGE('',*,*,#7753,.T.);
#7798 = ORIENTED_EDGE('',*,*,#7723,.T.);
#7799 = ORIENTED_EDGE('',*,*,#7775,.F.);
#7800 = PLANE('',#7801);
#7801 = AXIS2_PLACEMENT_3D('',#7802,#7803,#7804);
#7802 = CARTESIAN_POINT('',(259.49673200287,80.538475772934,
    353.90524980688));
#7803 = DIRECTION('',(0.,0.,1.));
#7804 = DIRECTION('',(0.866025403784,0.5,0.));
#7805 = ADVANCED_FACE('',(#7806),#7812,.T.);
#7806 = FACE_BOUND('',#7807,.T.);
#7807 = EDGE_LOOP('',(#7808,#7809,#7810,#7811));
#7808 = ORIENTED_EDGE('',*,*,#7699,.F.);
#7809 = ORIENTED_EDGE('',*,*,#7760,.T.);
#7810 = ORIENTED_EDGE('',*,*,#7739,.T.);
#7811 = ORIENTED_EDGE('',*,*,#7782,.F.);
#7812 = PLANE('',#7813);
#7813 = AXIS2_PLACEMENT_3D('',#7814,#7815,#7816);
#7814 = CARTESIAN_POINT('',(259.49673200287,80.538475772934,
    367.90524980688));
#7815 = DIRECTION('',(0.,0.,1.));
#7816 = DIRECTION('',(0.866025403784,0.5,0.));
#7817 = ( GEOMETRIC_REPRESENTATION_CONTEXT(3) 
GLOBAL_UNCERTAINTY_ASSIGNED_CONTEXT((#7821)) 
GLOBAL_UNIT_ASSIGNED_CONTEXT((#7818,#7819,#7820)) REPRESENTATION_CONTEXT
('Context #1','3D Context with UNIT and UNCERTAINTY') );
#7818 = ( LENGTH_UNIT() NAMED_UNIT(*) SI_UNIT(.MILLI.,.METRE.) );
#7819 = ( NAMED_UNIT(*) PLANE_ANGLE_UNIT() SI_UNIT($,.RADIAN.) );
#7820 = ( NAMED_UNIT(*) SI_UNIT($,.STERADIAN.) SOLID_ANGLE_UNIT() );
#7821 = UNCERTAINTY_MEASURE_WITH_UNIT(LENGTH_MEASURE(1.E-07),#7818,
  'distance_accuracy_value','confusion accuracy');
#7822 = CONTEXT_DEPENDENT_SHAPE_REPRESENTATION(#7823,#7825);
#7823 = ( REPRESENTATION_RELATIONSHIP('','',#7666,#10) 
REPRESENTATION_RELATIONSHIP_WITH_TRANSFORMATION(#7824) 
SHAPE_REPRESENTATION_RELATIONSHIP() );
#7824 = ITEM_DEFINED_TRANSFORMATION('','',#11,#151);
#7825 = PRODUCT_DEFINITION_SHAPE('Placement','Placement of an item',
  #7826);
#7826 = NEXT_ASSEMBLY_USAGE_OCCURRENCE('35',
  'P35 Upper transition band 30 / 2','',#5,#7661,$);
#7827 = PRODUCT_RELATED_PRODUCT_CATEGORY('part',$,(#7663));
#7828 = SHAPE_DEFINITION_REPRESENTATION(#7829,#7835);
#7829 = PRODUCT_DEFINITION_SHAPE('','',#7830);
#7830 = PRODUCT_DEFINITION('design','',#7831,#7834);
#7831 = PRODUCT_DEFINITION_FORMATION('','',#7832);
#7832 = PRODUCT('P36 Upper transition band 150 / 1',
  'P36 Upper transition band 150 / 1','',(#7833));
#7833 = PRODUCT_CONTEXT('',#2,'mechanical');
#7834 = PRODUCT_DEFINITION_CONTEXT('part definition',#2,'design');
#7835 = ADVANCED_BREP_SHAPE_REPRESENTATION('',(#11,#7836),#7986);
#7836 = MANIFOLD_SOLID_BREP('',#7837);
#7837 = CLOSED_SHELL('',(#7838,#7878,#7918,#7940,#7962,#7974));
#7838 = ADVANCED_FACE('',(#7839),#7873,.F.);
#7839 = FACE_BOUND('',#7840,.F.);
#7840 = EDGE_LOOP('',(#7841,#7851,#7859,#7867));
#7841 = ORIENTED_EDGE('',*,*,#7842,.F.);
#7842 = EDGE_CURVE('',#7843,#7845,#7847,.T.);
#7843 = VERTEX_POINT('',#7844);
#7844 = CARTESIAN_POINT('',(-199.4967320028,184.46152422706,
    381.90524980688));
#7845 = VERTEX_POINT('',#7846);
#7846 = CARTESIAN_POINT('',(-199.4967320028,184.46152422706,
    395.90524980688));
#7847 = LINE('',#7848,#7849);
#7848 = CARTESIAN_POINT('',(-199.4967320028,184.46152422706,
    381.90524980688));
#7849 = VECTOR('',#7850,1.);
#7850 = DIRECTION('',(0.,0.,1.));
#7851 = ORIENTED_EDGE('',*,*,#7852,.T.);
#7852 = EDGE_CURVE('',#7843,#7853,#7855,.T.);
#7853 = VERTEX_POINT('',#7854);
#7854 = CARTESIAN_POINT('',(-259.4967320028,80.538475772934,
    381.90524980688));
#7855 = LINE('',#7856,#7857);
#7856 = CARTESIAN_POINT('',(-199.4967320028,184.46152422706,
    381.90524980688));
#7857 = VECTOR('',#7858,1.);
#7858 = DIRECTION('',(-0.5,-0.866025403784,0.));
#7859 = ORIENTED_EDGE('',*,*,#7860,.T.);
#7860 = EDGE_CURVE('',#7853,#7861,#7863,.T.);
#7861 = VERTEX_POINT('',#7862);
#7862 = CARTESIAN_POINT('',(-259.4967320028,80.538475772934,
    395.90524980688));
#7863 = LINE('',#7864,#7865);
#7864 = CARTESIAN_POINT('',(-259.4967320028,80.538475772934,
    381.90524980688));
#7865 = VECTOR('',#7866,1.);
#7866 = DIRECTION('',(0.,0.,1.));
#7867 = ORIENTED_EDGE('',*,*,#7868,.F.);
#7868 = EDGE_CURVE('',#7845,#7861,#7869,.T.);
#7869 = LINE('',#7870,#7871);
#7870 = CARTESIAN_POINT('',(-199.4967320028,184.46152422706,
    395.90524980688));
#7871 = VECTOR('',#7872,1.);
#7872 = DIRECTION('',(-0.5,-0.866025403784,0.));
#7873 = PLANE('',#7874);
#7874 = AXIS2_PLACEMENT_3D('',#7875,#7876,#7877);
#7875 = CARTESIAN_POINT('',(-199.4967320028,184.46152422706,
    381.90524980688));
#7876 = DIRECTION('',(-0.866025403784,0.5,0.));
#7877 = DIRECTION('',(0.,0.,1.));
#7878 = ADVANCED_FACE('',(#7879),#7913,.T.);
#7879 = FACE_BOUND('',#7880,.T.);
#7880 = EDGE_LOOP('',(#7881,#7891,#7899,#7907));
#7881 = ORIENTED_EDGE('',*,*,#7882,.F.);
#7882 = EDGE_CURVE('',#7883,#7885,#7887,.T.);
#7883 = VERTEX_POINT('',#7884);
#7884 = CARTESIAN_POINT('',(-216.8172400785,194.46152422706,
    381.90524980688));
#7885 = VERTEX_POINT('',#7886);
#7886 = CARTESIAN_POINT('',(-216.8172400785,194.46152422706,
    395.90524980688));
#7887 = LINE('',#7888,#7889);
#7888 = CARTESIAN_POINT('',(-216.8172400785,194.46152422706,
    381.90524980688));
#7889 = VECTOR('',#7890,1.);
#7890 = DIRECTION('',(0.,0.,1.));
#7891 = ORIENTED_EDGE('',*,*,#7892,.T.);
#7892 = EDGE_CURVE('',#7883,#7893,#7895,.T.);
#7893 = VERTEX_POINT('',#7894);
#7894 = CARTESIAN_POINT('',(-276.8172400785,90.538475772934,
    381.90524980688));
#7895 = LINE('',#7896,#7897);
#7896 = CARTESIAN_POINT('',(-216.8172400785,194.46152422706,
    381.90524980688));
#7897 = VECTOR('',#7898,1.);
#7898 = DIRECTION('',(-0.5,-0.866025403784,0.));
#7899 = ORIENTED_EDGE('',*,*,#7900,.T.);
#7900 = EDGE_CURVE('',#7893,#7901,#7903,.T.);
#7901 = VERTEX_POINT('',#7902);
#7902 = CARTESIAN_POINT('',(-276.8172400785,90.538475772934,
    395.90524980688));
#7903 = LINE('',#7904,#7905);
#7904 = CARTESIAN_POINT('',(-276.8172400785,90.538475772934,
    381.90524980688));
#7905 = VECTOR('',#7906,1.);
#7906 = DIRECTION('',(0.,0.,1.));
#7907 = ORIENTED_EDGE('',*,*,#7908,.F.);
#7908 = EDGE_CURVE('',#7885,#7901,#7909,.T.);
#7909 = LINE('',#7910,#7911);
#7910 = CARTESIAN_POINT('',(-216.8172400785,194.46152422706,
    395.90524980688));
#7911 = VECTOR('',#7912,1.);
#7912 = DIRECTION('',(-0.5,-0.866025403784,0.));
#7913 = PLANE('',#7914);
#7914 = AXIS2_PLACEMENT_3D('',#7915,#7916,#7917);
#7915 = CARTESIAN_POINT('',(-216.8172400785,194.46152422706,
    381.90524980688));
#7916 = DIRECTION('',(-0.866025403784,0.5,0.));
#7917 = DIRECTION('',(0.,0.,1.));
#7918 = ADVANCED_FACE('',(#7919),#7935,.F.);
#7919 = FACE_BOUND('',#7920,.F.);
#7920 = EDGE_LOOP('',(#7921,#7927,#7928,#7934));
#7921 = ORIENTED_EDGE('',*,*,#7922,.F.);
#7922 = EDGE_CURVE('',#7843,#7883,#7923,.T.);
#7923 = LINE('',#7924,#7925);
#7924 = CARTESIAN_POINT('',(-199.4967320028,184.46152422706,
    381.90524980688));
#7925 = VECTOR('',#7926,1.);
#7926 = DIRECTION('',(-0.866025403784,0.5,0.));
#7927 = ORIENTED_EDGE('',*,*,#7842,.T.);
#7928 = ORIENTED_EDGE('',*,*,#7929,.T.);
#7929 = EDGE_CURVE('',#7845,#7885,#7930,.T.);
#7930 = LINE('',#7931,#7932);
#7931 = CARTESIAN_POINT('',(-199.4967320028,184.46152422706,
    395.90524980688));
#7932 = VECTOR('',#7933,1.);
#7933 = DIRECTION('',(-0.866025403784,0.5,0.));
#7934 = ORIENTED_EDGE('',*,*,#7882,.F.);
#7935 = PLANE('',#7936);
#7936 = AXIS2_PLACEMENT_3D('',#7937,#7938,#7939);
#7937 = CARTESIAN_POINT('',(-199.4967320028,184.46152422706,
    381.90524980688));
#7938 = DIRECTION('',(-0.5,-0.866025403784,0.));
#7939 = DIRECTION('',(0.,0.,1.));
#7940 = ADVANCED_FACE('',(#7941),#7957,.T.);
#7941 = FACE_BOUND('',#7942,.T.);
#7942 = EDGE_LOOP('',(#7943,#7949,#7950,#7956));
#7943 = ORIENTED_EDGE('',*,*,#7944,.F.);
#7944 = EDGE_CURVE('',#7853,#7893,#7945,.T.);
#7945 = LINE('',#7946,#7947);
#7946 = CARTESIAN_POINT('',(-259.4967320028,80.538475772934,
    381.90524980688));
#7947 = VECTOR('',#7948,1.);
#7948 = DIRECTION('',(-0.866025403784,0.5,0.));
#7949 = ORIENTED_EDGE('',*,*,#7860,.T.);
#7950 = ORIENTED_EDGE('',*,*,#7951,.T.);
#7951 = EDGE_CURVE('',#7861,#7901,#7952,.T.);
#7952 = LINE('',#7953,#7954);
#7953 = CARTESIAN_POINT('',(-259.4967320028,80.538475772934,
    395.90524980688));
#7954 = VECTOR('',#7955,1.);
#7955 = DIRECTION('',(-0.866025403784,0.5,0.));
#7956 = ORIENTED_EDGE('',*,*,#7900,.F.);
#7957 = PLANE('',#7958);
#7958 = AXIS2_PLACEMENT_3D('',#7959,#7960,#7961);
#7959 = CARTESIAN_POINT('',(-259.4967320028,80.538475772934,
    381.90524980688));
#7960 = DIRECTION('',(-0.5,-0.866025403784,0.));
#7961 = DIRECTION('',(0.,0.,1.));
#7962 = ADVANCED_FACE('',(#7963),#7969,.F.);
#7963 = FACE_BOUND('',#7964,.F.);
#7964 = EDGE_LOOP('',(#7965,#7966,#7967,#7968));
#7965 = ORIENTED_EDGE('',*,*,#7852,.F.);
#7966 = ORIENTED_EDGE('',*,*,#7922,.T.);
#7967 = ORIENTED_EDGE('',*,*,#7892,.T.);
#7968 = ORIENTED_EDGE('',*,*,#7944,.F.);
#7969 = PLANE('',#7970);
#7970 = AXIS2_PLACEMENT_3D('',#7971,#7972,#7973);
#7971 = CARTESIAN_POINT('',(-199.4967320028,184.46152422706,
    381.90524980688));
#7972 = DIRECTION('',(0.,0.,1.));
#7973 = DIRECTION('',(-0.866025403784,0.5,0.));
#7974 = ADVANCED_FACE('',(#7975),#7981,.T.);
#7975 = FACE_BOUND('',#7976,.T.);
#7976 = EDGE_LOOP('',(#7977,#7978,#7979,#7980));
#7977 = ORIENTED_EDGE('',*,*,#7868,.F.);
#7978 = ORIENTED_EDGE('',*,*,#7929,.T.);
#7979 = ORIENTED_EDGE('',*,*,#7908,.T.);
#7980 = ORIENTED_EDGE('',*,*,#7951,.F.);
#7981 = PLANE('',#7982);
#7982 = AXIS2_PLACEMENT_3D('',#7983,#7984,#7985);
#7983 = CARTESIAN_POINT('',(-199.4967320028,184.46152422706,
    395.90524980688));
#7984 = DIRECTION('',(0.,0.,1.));
#7985 = DIRECTION('',(-0.866025403784,0.5,0.));
#7986 = ( GEOMETRIC_REPRESENTATION_CONTEXT(3) 
GLOBAL_UNCERTAINTY_ASSIGNED_CONTEXT((#7990)) 
GLOBAL_UNIT_ASSIGNED_CONTEXT((#7987,#7988,#7989)) REPRESENTATION_CONTEXT
('Context #1','3D Context with UNIT and UNCERTAINTY') );
#7987 = ( LENGTH_UNIT() NAMED_UNIT(*) SI_UNIT(.MILLI.,.METRE.) );
#7988 = ( NAMED_UNIT(*) PLANE_ANGLE_UNIT() SI_UNIT($,.RADIAN.) );
#7989 = ( NAMED_UNIT(*) SI_UNIT($,.STERADIAN.) SOLID_ANGLE_UNIT() );
#7990 = UNCERTAINTY_MEASURE_WITH_UNIT(LENGTH_MEASURE(1.E-07),#7987,
  'distance_accuracy_value','confusion accuracy');
#7991 = CONTEXT_DEPENDENT_SHAPE_REPRESENTATION(#7992,#7994);
#7992 = ( REPRESENTATION_RELATIONSHIP('','',#7835,#10) 
REPRESENTATION_RELATIONSHIP_WITH_TRANSFORMATION(#7993) 
SHAPE_REPRESENTATION_RELATIONSHIP() );
#7993 = ITEM_DEFINED_TRANSFORMATION('','',#11,#155);
#7994 = PRODUCT_DEFINITION_SHAPE('Placement','Placement of an item',
  #7995);
#7995 = NEXT_ASSEMBLY_USAGE_OCCURRENCE('36',
  'P36 Upper transition band 150 / 1','',#5,#7830,$);
#7996 = PRODUCT_RELATED_PRODUCT_CATEGORY('part',$,(#7832));
#7997 = SHAPE_DEFINITION_REPRESENTATION(#7998,#8004);
#7998 = PRODUCT_DEFINITION_SHAPE('','',#7999);
#7999 = PRODUCT_DEFINITION('design','',#8000,#8003);
#8000 = PRODUCT_DEFINITION_FORMATION('','',#8001);
#8001 = PRODUCT('P37 Upper transition band 150 / 2',
  'P37 Upper transition band 150 / 2','',(#8002));
#8002 = PRODUCT_CONTEXT('',#2,'mechanical');
#8003 = PRODUCT_DEFINITION_CONTEXT('part definition',#2,'design');
#8004 = ADVANCED_BREP_SHAPE_REPRESENTATION('',(#11,#8005),#8155);
#8005 = MANIFOLD_SOLID_BREP('',#8006);
#8006 = CLOSED_SHELL('',(#8007,#8047,#8087,#8109,#8131,#8143));
#8007 = ADVANCED_FACE('',(#8008),#8042,.F.);
#8008 = FACE_BOUND('',#8009,.F.);
#8009 = EDGE_LOOP('',(#8010,#8020,#8028,#8036));
#8010 = ORIENTED_EDGE('',*,*,#8011,.F.);
#8011 = EDGE_CURVE('',#8012,#8014,#8016,.T.);
#8012 = VERTEX_POINT('',#8013);
#8013 = CARTESIAN_POINT('',(-199.4967320028,184.46152422706,
    353.90524980688));
#8014 = VERTEX_POINT('',#8015);
#8015 = CARTESIAN_POINT('',(-199.4967320028,184.46152422706,
    367.90524980688));
#8016 = LINE('',#8017,#8018);
#8017 = CARTESIAN_POINT('',(-199.4967320028,184.46152422706,
    353.90524980688));
#8018 = VECTOR('',#8019,1.);
#8019 = DIRECTION('',(0.,0.,1.));
#8020 = ORIENTED_EDGE('',*,*,#8021,.T.);
#8021 = EDGE_CURVE('',#8012,#8022,#8024,.T.);
#8022 = VERTEX_POINT('',#8023);
#8023 = CARTESIAN_POINT('',(-259.4967320028,80.538475772934,
    353.90524980688));
#8024 = LINE('',#8025,#8026);
#8025 = CARTESIAN_POINT('',(-199.4967320028,184.46152422706,
    353.90524980688));
#8026 = VECTOR('',#8027,1.);
#8027 = DIRECTION('',(-0.5,-0.866025403784,0.));
#8028 = ORIENTED_EDGE('',*,*,#8029,.T.);
#8029 = EDGE_CURVE('',#8022,#8030,#8032,.T.);
#8030 = VERTEX_POINT('',#8031);
#8031 = CARTESIAN_POINT('',(-259.4967320028,80.538475772934,
    367.90524980688));
#8032 = LINE('',#8033,#8034);
#8033 = CARTESIAN_POINT('',(-259.4967320028,80.538475772934,
    353.90524980688));
#8034 = VECTOR('',#8035,1.);
#8035 = DIRECTION('',(0.,0.,1.));
#8036 = ORIENTED_EDGE('',*,*,#8037,.F.);
#8037 = EDGE_CURVE('',#8014,#8030,#8038,.T.);
#8038 = LINE('',#8039,#8040);
#8039 = CARTESIAN_POINT('',(-199.4967320028,184.46152422706,
    367.90524980688));
#8040 = VECTOR('',#8041,1.);
#8041 = DIRECTION('',(-0.5,-0.866025403784,0.));
#8042 = PLANE('',#8043);
#8043 = AXIS2_PLACEMENT_3D('',#8044,#8045,#8046);
#8044 = CARTESIAN_POINT('',(-199.4967320028,184.46152422706,
    353.90524980688));
#8045 = DIRECTION('',(-0.866025403784,0.5,0.));
#8046 = DIRECTION('',(0.,0.,1.));
#8047 = ADVANCED_FACE('',(#8048),#8082,.T.);
#8048 = FACE_BOUND('',#8049,.T.);
#8049 = EDGE_LOOP('',(#8050,#8060,#8068,#8076));
#8050 = ORIENTED_EDGE('',*,*,#8051,.F.);
#8051 = EDGE_CURVE('',#8052,#8054,#8056,.T.);
#8052 = VERTEX_POINT('',#8053);
#8053 = CARTESIAN_POINT('',(-216.8172400785,194.46152422706,
    353.90524980688));
#8054 = VERTEX_POINT('',#8055);
#8055 = CARTESIAN_POINT('',(-216.8172400785,194.46152422706,
    367.90524980688));
#8056 = LINE('',#8057,#8058);
#8057 = CARTESIAN_POINT('',(-216.8172400785,194.46152422706,
    353.90524980688));
#8058 = VECTOR('',#8059,1.);
#8059 = DIRECTION('',(0.,0.,1.));
#8060 = ORIENTED_EDGE('',*,*,#8061,.T.);
#8061 = EDGE_CURVE('',#8052,#8062,#8064,.T.);
#8062 = VERTEX_POINT('',#8063);
#8063 = CARTESIAN_POINT('',(-276.8172400785,90.538475772934,
    353.90524980688));
#8064 = LINE('',#8065,#8066);
#8065 = CARTESIAN_POINT('',(-216.8172400785,194.46152422706,
    353.90524980688));
#8066 = VECTOR('',#8067,1.);
#8067 = DIRECTION('',(-0.5,-0.866025403784,0.));
#8068 = ORIENTED_EDGE('',*,*,#8069,.T.);
#8069 = EDGE_CURVE('',#8062,#8070,#8072,.T.);
#8070 = VERTEX_POINT('',#8071);
#8071 = CARTESIAN_POINT('',(-276.8172400785,90.538475772934,
    367.90524980688));
#8072 = LINE('',#8073,#8074);
#8073 = CARTESIAN_POINT('',(-276.8172400785,90.538475772934,
    353.90524980688));
#8074 = VECTOR('',#8075,1.);
#8075 = DIRECTION('',(0.,0.,1.));
#8076 = ORIENTED_EDGE('',*,*,#8077,.F.);
#8077 = EDGE_CURVE('',#8054,#8070,#8078,.T.);
#8078 = LINE('',#8079,#8080);
#8079 = CARTESIAN_POINT('',(-216.8172400785,194.46152422706,
    367.90524980688));
#8080 = VECTOR('',#8081,1.);
#8081 = DIRECTION('',(-0.5,-0.866025403784,0.));
#8082 = PLANE('',#8083);
#8083 = AXIS2_PLACEMENT_3D('',#8084,#8085,#8086);
#8084 = CARTESIAN_POINT('',(-216.8172400785,194.46152422706,
    353.90524980688));
#8085 = DIRECTION('',(-0.866025403784,0.5,0.));
#8086 = DIRECTION('',(0.,0.,1.));
#8087 = ADVANCED_FACE('',(#8088),#8104,.F.);
#8088 = FACE_BOUND('',#8089,.F.);
#8089 = EDGE_LOOP('',(#8090,#8096,#8097,#8103));
#8090 = ORIENTED_EDGE('',*,*,#8091,.F.);
#8091 = EDGE_CURVE('',#8012,#8052,#8092,.T.);
#8092 = LINE('',#8093,#8094);
#8093 = CARTESIAN_POINT('',(-199.4967320028,184.46152422706,
    353.90524980688));
#8094 = VECTOR('',#8095,1.);
#8095 = DIRECTION('',(-0.866025403784,0.5,0.));
#8096 = ORIENTED_EDGE('',*,*,#8011,.T.);
#8097 = ORIENTED_EDGE('',*,*,#8098,.T.);
#8098 = EDGE_CURVE('',#8014,#8054,#8099,.T.);
#8099 = LINE('',#8100,#8101);
#8100 = CARTESIAN_POINT('',(-199.4967320028,184.46152422706,
    367.90524980688));
#8101 = VECTOR('',#8102,1.);
#8102 = DIRECTION('',(-0.866025403784,0.5,0.));
#8103 = ORIENTED_EDGE('',*,*,#8051,.F.);
#8104 = PLANE('',#8105);
#8105 = AXIS2_PLACEMENT_3D('',#8106,#8107,#8108);
#8106 = CARTESIAN_POINT('',(-199.4967320028,184.46152422706,
    353.90524980688));
#8107 = DIRECTION('',(-0.5,-0.866025403784,0.));
#8108 = DIRECTION('',(0.,0.,1.));
#8109 = ADVANCED_FACE('',(#8110),#8126,.T.);
#8110 = FACE_BOUND('',#8111,.T.);
#8111 = EDGE_LOOP('',(#8112,#8118,#8119,#8125));
#8112 = ORIENTED_EDGE('',*,*,#8113,.F.);
#8113 = EDGE_CURVE('',#8022,#8062,#8114,.T.);
#8114 = LINE('',#8115,#8116);
#8115 = CARTESIAN_POINT('',(-259.4967320028,80.538475772934,
    353.90524980688));
#8116 = VECTOR('',#8117,1.);
#8117 = DIRECTION('',(-0.866025403784,0.5,0.));
#8118 = ORIENTED_EDGE('',*,*,#8029,.T.);
#8119 = ORIENTED_EDGE('',*,*,#8120,.T.);
#8120 = EDGE_CURVE('',#8030,#8070,#8121,.T.);
#8121 = LINE('',#8122,#8123);
#8122 = CARTESIAN_POINT('',(-259.4967320028,80.538475772934,
    367.90524980688));
#8123 = VECTOR('',#8124,1.);
#8124 = DIRECTION('',(-0.866025403784,0.5,0.));
#8125 = ORIENTED_EDGE('',*,*,#8069,.F.);
#8126 = PLANE('',#8127);
#8127 = AXIS2_PLACEMENT_3D('',#8128,#8129,#8130);
#8128 = CARTESIAN_POINT('',(-259.4967320028,80.538475772934,
    353.90524980688));
#8129 = DIRECTION('',(-0.5,-0.866025403784,0.));
#8130 = DIRECTION('',(0.,0.,1.));
#8131 = ADVANCED_FACE('',(#8132),#8138,.F.);
#8132 = FACE_BOUND('',#8133,.F.);
#8133 = EDGE_LOOP('',(#8134,#8135,#8136,#8137));
#8134 = ORIENTED_EDGE('',*,*,#8021,.F.);
#8135 = ORIENTED_EDGE('',*,*,#8091,.T.);
#8136 = ORIENTED_EDGE('',*,*,#8061,.T.);
#8137 = ORIENTED_EDGE('',*,*,#8113,.F.);
#8138 = PLANE('',#8139);
#8139 = AXIS2_PLACEMENT_3D('',#8140,#8141,#8142);
#8140 = CARTESIAN_POINT('',(-199.4967320028,184.46152422706,
    353.90524980688));
#8141 = DIRECTION('',(0.,0.,1.));
#8142 = DIRECTION('',(-0.866025403784,0.5,0.));
#8143 = ADVANCED_FACE('',(#8144),#8150,.T.);
#8144 = FACE_BOUND('',#8145,.T.);
#8145 = EDGE_LOOP('',(#8146,#8147,#8148,#8149));
#8146 = ORIENTED_EDGE('',*,*,#8037,.F.);
#8147 = ORIENTED_EDGE('',*,*,#8098,.T.);
#8148 = ORIENTED_EDGE('',*,*,#8077,.T.);
#8149 = ORIENTED_EDGE('',*,*,#8120,.F.);
#8150 = PLANE('',#8151);
#8151 = AXIS2_PLACEMENT_3D('',#8152,#8153,#8154);
#8152 = CARTESIAN_POINT('',(-199.4967320028,184.46152422706,
    367.90524980688));
#8153 = DIRECTION('',(0.,0.,1.));
#8154 = DIRECTION('',(-0.866025403784,0.5,0.));
#8155 = ( GEOMETRIC_REPRESENTATION_CONTEXT(3) 
GLOBAL_UNCERTAINTY_ASSIGNED_CONTEXT((#8159)) 
GLOBAL_UNIT_ASSIGNED_CONTEXT((#8156,#8157,#8158)) REPRESENTATION_CONTEXT
('Context #1','3D Context with UNIT and UNCERTAINTY') );
#8156 = ( LENGTH_UNIT() NAMED_UNIT(*) SI_UNIT(.MILLI.,.METRE.) );
#8157 = ( NAMED_UNIT(*) PLANE_ANGLE_UNIT() SI_UNIT($,.RADIAN.) );
#8158 = ( NAMED_UNIT(*) SI_UNIT($,.STERADIAN.) SOLID_ANGLE_UNIT() );
#8159 = UNCERTAINTY_MEASURE_WITH_UNIT(LENGTH_MEASURE(1.E-07),#8156,
  'distance_accuracy_value','confusion accuracy');
#8160 = CONTEXT_DEPENDENT_SHAPE_REPRESENTATION(#8161,#8163);
#8161 = ( REPRESENTATION_RELATIONSHIP('','',#8004,#10) 
REPRESENTATION_RELATIONSHIP_WITH_TRANSFORMATION(#8162) 
SHAPE_REPRESENTATION_RELATIONSHIP() );
#8162 = ITEM_DEFINED_TRANSFORMATION('','',#11,#159);
#8163 = PRODUCT_DEFINITION_SHAPE('Placement','Placement of an item',
  #8164);
#8164 = NEXT_ASSEMBLY_USAGE_OCCURRENCE('37',
  'P37 Upper transition band 150 / 2','',#5,#7999,$);
#8165 = PRODUCT_RELATED_PRODUCT_CATEGORY('part',$,(#8001));
#8166 = SHAPE_DEFINITION_REPRESENTATION(#8167,#8173);
#8167 = PRODUCT_DEFINITION_SHAPE('','',#8168);
#8168 = PRODUCT_DEFINITION('design','',#8169,#8172);
#8169 = PRODUCT_DEFINITION_FORMATION('','',#8170);
#8170 = PRODUCT('P38 Upper transition band 270 / 1',
  'P38 Upper transition band 270 / 1','',(#8171));
#8171 = PRODUCT_CONTEXT('',#2,'mechanical');
#8172 = PRODUCT_DEFINITION_CONTEXT('part definition',#2,'design');
#8173 = ADVANCED_BREP_SHAPE_REPRESENTATION('',(#11,#8174),#8324);
#8174 = MANIFOLD_SOLID_BREP('',#8175);
#8175 = CLOSED_SHELL('',(#8176,#8216,#8256,#8278,#8300,#8312));
#8176 = ADVANCED_FACE('',(#8177),#8211,.F.);
#8177 = FACE_BOUND('',#8178,.F.);
#8178 = EDGE_LOOP('',(#8179,#8189,#8197,#8205));
#8179 = ORIENTED_EDGE('',*,*,#8180,.F.);
#8180 = EDGE_CURVE('',#8181,#8183,#8185,.T.);
#8181 = VERTEX_POINT('',#8182);
#8182 = CARTESIAN_POINT('',(-60.,-265.,381.90524980688));
#8183 = VERTEX_POINT('',#8184);
#8184 = CARTESIAN_POINT('',(-60.,-265.,395.90524980688));
#8185 = LINE('',#8186,#8187);
#8186 = CARTESIAN_POINT('',(-60.,-265.,381.90524980688));
#8187 = VECTOR('',#8188,1.);
#8188 = DIRECTION('',(0.,0.,1.));
#8189 = ORIENTED_EDGE('',*,*,#8190,.T.);
#8190 = EDGE_CURVE('',#8181,#8191,#8193,.T.);
#8191 = VERTEX_POINT('',#8192);
#8192 = CARTESIAN_POINT('',(60.,-265.,381.90524980688));
#8193 = LINE('',#8194,#8195);
#8194 = CARTESIAN_POINT('',(-60.,-265.,381.90524980688));
#8195 = VECTOR('',#8196,1.);
#8196 = DIRECTION('',(1.,-2.22044604925E-16,0.));
#8197 = ORIENTED_EDGE('',*,*,#8198,.T.);
#8198 = EDGE_CURVE('',#8191,#8199,#8201,.T.);
#8199 = VERTEX_POINT('',#8200);
#8200 = CARTESIAN_POINT('',(60.,-265.,395.90524980688));
#8201 = LINE('',#8202,#8203);
#8202 = CARTESIAN_POINT('',(60.,-265.,381.90524980688));
#8203 = VECTOR('',#8204,1.);
#8204 = DIRECTION('',(0.,0.,1.));
#8205 = ORIENTED_EDGE('',*,*,#8206,.F.);
#8206 = EDGE_CURVE('',#8183,#8199,#8207,.T.);
#8207 = LINE('',#8208,#8209);
#8208 = CARTESIAN_POINT('',(-60.,-265.,395.90524980688));
#8209 = VECTOR('',#8210,1.);
#8210 = DIRECTION('',(1.,-2.22044604925E-16,0.));
#8211 = PLANE('',#8212);
#8212 = AXIS2_PLACEMENT_3D('',#8213,#8214,#8215);
#8213 = CARTESIAN_POINT('',(-60.,-265.,381.90524980688));
#8214 = DIRECTION('',(-2.22044604925E-16,-1.,0.));
#8215 = DIRECTION('',(0.,0.,1.));
#8216 = ADVANCED_FACE('',(#8217),#8251,.T.);
#8217 = FACE_BOUND('',#8218,.T.);
#8218 = EDGE_LOOP('',(#8219,#8229,#8237,#8245));
#8219 = ORIENTED_EDGE('',*,*,#8220,.F.);
#8220 = EDGE_CURVE('',#8221,#8223,#8225,.T.);
#8221 = VERTEX_POINT('',#8222);
#8222 = CARTESIAN_POINT('',(-60.,-285.,381.90524980688));
#8223 = VERTEX_POINT('',#8224);
#8224 = CARTESIAN_POINT('',(-60.,-285.,395.90524980688));
#8225 = LINE('',#8226,#8227);
#8226 = CARTESIAN_POINT('',(-60.,-285.,381.90524980688));
#8227 = VECTOR('',#8228,1.);
#8228 = DIRECTION('',(0.,0.,1.));
#8229 = ORIENTED_EDGE('',*,*,#8230,.T.);
#8230 = EDGE_CURVE('',#8221,#8231,#8233,.T.);
#8231 = VERTEX_POINT('',#8232);
#8232 = CARTESIAN_POINT('',(60.,-285.,381.90524980688));
#8233 = LINE('',#8234,#8235);
#8234 = CARTESIAN_POINT('',(-60.,-285.,381.90524980688));
#8235 = VECTOR('',#8236,1.);
#8236 = DIRECTION('',(1.,-2.22044604925E-16,0.));
#8237 = ORIENTED_EDGE('',*,*,#8238,.T.);
#8238 = EDGE_CURVE('',#8231,#8239,#8241,.T.);
#8239 = VERTEX_POINT('',#8240);
#8240 = CARTESIAN_POINT('',(60.,-285.,395.90524980688));
#8241 = LINE('',#8242,#8243);
#8242 = CARTESIAN_POINT('',(60.,-285.,381.90524980688));
#8243 = VECTOR('',#8244,1.);
#8244 = DIRECTION('',(0.,0.,1.));
#8245 = ORIENTED_EDGE('',*,*,#8246,.F.);
#8246 = EDGE_CURVE('',#8223,#8239,#8247,.T.);
#8247 = LINE('',#8248,#8249);
#8248 = CARTESIAN_POINT('',(-60.,-285.,395.90524980688));
#8249 = VECTOR('',#8250,1.);
#8250 = DIRECTION('',(1.,-2.22044604925E-16,0.));
#8251 = PLANE('',#8252);
#8252 = AXIS2_PLACEMENT_3D('',#8253,#8254,#8255);
#8253 = CARTESIAN_POINT('',(-60.,-285.,381.90524980688));
#8254 = DIRECTION('',(-2.22044604925E-16,-1.,0.));
#8255 = DIRECTION('',(0.,0.,1.));
#8256 = ADVANCED_FACE('',(#8257),#8273,.F.);
#8257 = FACE_BOUND('',#8258,.F.);
#8258 = EDGE_LOOP('',(#8259,#8265,#8266,#8272));
#8259 = ORIENTED_EDGE('',*,*,#8260,.F.);
#8260 = EDGE_CURVE('',#8181,#8221,#8261,.T.);
#8261 = LINE('',#8262,#8263);
#8262 = CARTESIAN_POINT('',(-60.,-265.,381.90524980688));
#8263 = VECTOR('',#8264,1.);
#8264 = DIRECTION('',(-2.22044604925E-16,-1.,0.));
#8265 = ORIENTED_EDGE('',*,*,#8180,.T.);
#8266 = ORIENTED_EDGE('',*,*,#8267,.T.);
#8267 = EDGE_CURVE('',#8183,#8223,#8268,.T.);
#8268 = LINE('',#8269,#8270);
#8269 = CARTESIAN_POINT('',(-60.,-265.,395.90524980688));
#8270 = VECTOR('',#8271,1.);
#8271 = DIRECTION('',(-2.22044604925E-16,-1.,0.));
#8272 = ORIENTED_EDGE('',*,*,#8220,.F.);
#8273 = PLANE('',#8274);
#8274 = AXIS2_PLACEMENT_3D('',#8275,#8276,#8277);
#8275 = CARTESIAN_POINT('',(-60.,-265.,381.90524980688));
#8276 = DIRECTION('',(1.,-2.22044604925E-16,0.));
#8277 = DIRECTION('',(0.,0.,1.));
#8278 = ADVANCED_FACE('',(#8279),#8295,.T.);
#8279 = FACE_BOUND('',#8280,.T.);
#8280 = EDGE_LOOP('',(#8281,#8287,#8288,#8294));
#8281 = ORIENTED_EDGE('',*,*,#8282,.F.);
#8282 = EDGE_CURVE('',#8191,#8231,#8283,.T.);
#8283 = LINE('',#8284,#8285);
#8284 = CARTESIAN_POINT('',(60.,-265.,381.90524980688));
#8285 = VECTOR('',#8286,1.);
#8286 = DIRECTION('',(-2.22044604925E-16,-1.,0.));
#8287 = ORIENTED_EDGE('',*,*,#8198,.T.);
#8288 = ORIENTED_EDGE('',*,*,#8289,.T.);
#8289 = EDGE_CURVE('',#8199,#8239,#8290,.T.);
#8290 = LINE('',#8291,#8292);
#8291 = CARTESIAN_POINT('',(60.,-265.,395.90524980688));
#8292 = VECTOR('',#8293,1.);
#8293 = DIRECTION('',(-2.22044604925E-16,-1.,0.));
#8294 = ORIENTED_EDGE('',*,*,#8238,.F.);
#8295 = PLANE('',#8296);
#8296 = AXIS2_PLACEMENT_3D('',#8297,#8298,#8299);
#8297 = CARTESIAN_POINT('',(60.,-265.,381.90524980688));
#8298 = DIRECTION('',(1.,-2.22044604925E-16,0.));
#8299 = DIRECTION('',(0.,0.,1.));
#8300 = ADVANCED_FACE('',(#8301),#8307,.F.);
#8301 = FACE_BOUND('',#8302,.F.);
#8302 = EDGE_LOOP('',(#8303,#8304,#8305,#8306));
#8303 = ORIENTED_EDGE('',*,*,#8190,.F.);
#8304 = ORIENTED_EDGE('',*,*,#8260,.T.);
#8305 = ORIENTED_EDGE('',*,*,#8230,.T.);
#8306 = ORIENTED_EDGE('',*,*,#8282,.F.);
#8307 = PLANE('',#8308);
#8308 = AXIS2_PLACEMENT_3D('',#8309,#8310,#8311);
#8309 = CARTESIAN_POINT('',(-60.,-265.,381.90524980688));
#8310 = DIRECTION('',(0.,0.,1.));
#8311 = DIRECTION('',(-2.22044604925E-16,-1.,0.));
#8312 = ADVANCED_FACE('',(#8313),#8319,.T.);
#8313 = FACE_BOUND('',#8314,.T.);
#8314 = EDGE_LOOP('',(#8315,#8316,#8317,#8318));
#8315 = ORIENTED_EDGE('',*,*,#8206,.F.);
#8316 = ORIENTED_EDGE('',*,*,#8267,.T.);
#8317 = ORIENTED_EDGE('',*,*,#8246,.T.);
#8318 = ORIENTED_EDGE('',*,*,#8289,.F.);
#8319 = PLANE('',#8320);
#8320 = AXIS2_PLACEMENT_3D('',#8321,#8322,#8323);
#8321 = CARTESIAN_POINT('',(-60.,-265.,395.90524980688));
#8322 = DIRECTION('',(0.,0.,1.));
#8323 = DIRECTION('',(-2.22044604925E-16,-1.,0.));
#8324 = ( GEOMETRIC_REPRESENTATION_CONTEXT(3) 
GLOBAL_UNCERTAINTY_ASSIGNED_CONTEXT((#8328)) 
GLOBAL_UNIT_ASSIGNED_CONTEXT((#8325,#8326,#8327)) REPRESENTATION_CONTEXT
('Context #1','3D Context with UNIT and UNCERTAINTY') );
#8325 = ( LENGTH_UNIT() NAMED_UNIT(*) SI_UNIT(.MILLI.,.METRE.) );
#8326 = ( NAMED_UNIT(*) PLANE_ANGLE_UNIT() SI_UNIT($,.RADIAN.) );
#8327 = ( NAMED_UNIT(*) SI_UNIT($,.STERADIAN.) SOLID_ANGLE_UNIT() );
#8328 = UNCERTAINTY_MEASURE_WITH_UNIT(LENGTH_MEASURE(1.E-07),#8325,
  'distance_accuracy_value','confusion accuracy');
#8329 = CONTEXT_DEPENDENT_SHAPE_REPRESENTATION(#8330,#8332);
#8330 = ( REPRESENTATION_RELATIONSHIP('','',#8173,#10) 
REPRESENTATION_RELATIONSHIP_WITH_TRANSFORMATION(#8331) 
SHAPE_REPRESENTATION_RELATIONSHIP() );
#8331 = ITEM_DEFINED_TRANSFORMATION('','',#11,#163);
#8332 = PRODUCT_DEFINITION_SHAPE('Placement','Placement of an item',
  #8333);
#8333 = NEXT_ASSEMBLY_USAGE_OCCURRENCE('38',
  'P38 Upper transition band 270 / 1','',#5,#8168,$);
#8334 = PRODUCT_RELATED_PRODUCT_CATEGORY('part',$,(#8170));
#8335 = SHAPE_DEFINITION_REPRESENTATION(#8336,#8342);
#8336 = PRODUCT_DEFINITION_SHAPE('','',#8337);
#8337 = PRODUCT_DEFINITION('design','',#8338,#8341);
#8338 = PRODUCT_DEFINITION_FORMATION('','',#8339);
#8339 = PRODUCT('P39 Upper transition band 270 / 2',
  'P39 Upper transition band 270 / 2','',(#8340));
#8340 = PRODUCT_CONTEXT('',#2,'mechanical');
#8341 = PRODUCT_DEFINITION_CONTEXT('part definition',#2,'design');
#8342 = ADVANCED_BREP_SHAPE_REPRESENTATION('',(#11,#8343),#8493);
#8343 = MANIFOLD_SOLID_BREP('',#8344);
#8344 = CLOSED_SHELL('',(#8345,#8385,#8425,#8447,#8469,#8481));
#8345 = ADVANCED_FACE('',(#8346),#8380,.F.);
#8346 = FACE_BOUND('',#8347,.F.);
#8347 = EDGE_LOOP('',(#8348,#8358,#8366,#8374));
#8348 = ORIENTED_EDGE('',*,*,#8349,.F.);
#8349 = EDGE_CURVE('',#8350,#8352,#8354,.T.);
#8350 = VERTEX_POINT('',#8351);
#8351 = CARTESIAN_POINT('',(-60.,-265.,353.90524980688));
#8352 = VERTEX_POINT('',#8353);
#8353 = CARTESIAN_POINT('',(-60.,-265.,367.90524980688));
#8354 = LINE('',#8355,#8356);
#8355 = CARTESIAN_POINT('',(-60.,-265.,353.90524980688));
#8356 = VECTOR('',#8357,1.);
#8357 = DIRECTION('',(0.,0.,1.));
#8358 = ORIENTED_EDGE('',*,*,#8359,.T.);
#8359 = EDGE_CURVE('',#8350,#8360,#8362,.T.);
#8360 = VERTEX_POINT('',#8361);
#8361 = CARTESIAN_POINT('',(60.,-265.,353.90524980688));
#8362 = LINE('',#8363,#8364);
#8363 = CARTESIAN_POINT('',(-60.,-265.,353.90524980688));
#8364 = VECTOR('',#8365,1.);
#8365 = DIRECTION('',(1.,-2.22044604925E-16,0.));
#8366 = ORIENTED_EDGE('',*,*,#8367,.T.);
#8367 = EDGE_CURVE('',#8360,#8368,#8370,.T.);
#8368 = VERTEX_POINT('',#8369);
#8369 = CARTESIAN_POINT('',(60.,-265.,367.90524980688));
#8370 = LINE('',#8371,#8372);
#8371 = CARTESIAN_POINT('',(60.,-265.,353.90524980688));
#8372 = VECTOR('',#8373,1.);
#8373 = DIRECTION('',(0.,0.,1.));
#8374 = ORIENTED_EDGE('',*,*,#8375,.F.);
#8375 = EDGE_CURVE('',#8352,#8368,#8376,.T.);
#8376 = LINE('',#8377,#8378);
#8377 = CARTESIAN_POINT('',(-60.,-265.,367.90524980688));
#8378 = VECTOR('',#8379,1.);
#8379 = DIRECTION('',(1.,-2.22044604925E-16,0.));
#8380 = PLANE('',#8381);
#8381 = AXIS2_PLACEMENT_3D('',#8382,#8383,#8384);
#8382 = CARTESIAN_POINT('',(-60.,-265.,353.90524980688));
#8383 = DIRECTION('',(-2.22044604925E-16,-1.,0.));
#8384 = DIRECTION('',(0.,0.,1.));
#8385 = ADVANCED_FACE('',(#8386),#8420,.T.);
#8386 = FACE_BOUND('',#8387,.T.);
#8387 = EDGE_LOOP('',(#8388,#8398,#8406,#8414));
#8388 = ORIENTED_EDGE('',*,*,#8389,.F.);
#8389 = EDGE_CURVE('',#8390,#8392,#8394,.T.);
#8390 = VERTEX_POINT('',#8391);
#8391 = CARTESIAN_POINT('',(-60.,-285.,353.90524980688));
#8392 = VERTEX_POINT('',#8393);
#8393 = CARTESIAN_POINT('',(-60.,-285.,367.90524980688));
#8394 = LINE('',#8395,#8396);
#8395 = CARTESIAN_POINT('',(-60.,-285.,353.90524980688));
#8396 = VECTOR('',#8397,1.);
#8397 = DIRECTION('',(0.,0.,1.));
#8398 = ORIENTED_EDGE('',*,*,#8399,.T.);
#8399 = EDGE_CURVE('',#8390,#8400,#8402,.T.);
#8400 = VERTEX_POINT('',#8401);
#8401 = CARTESIAN_POINT('',(60.,-285.,353.90524980688));
#8402 = LINE('',#8403,#8404);
#8403 = CARTESIAN_POINT('',(-60.,-285.,353.90524980688));
#8404 = VECTOR('',#8405,1.);
#8405 = DIRECTION('',(1.,-2.22044604925E-16,0.));
#8406 = ORIENTED_EDGE('',*,*,#8407,.T.);
#8407 = EDGE_CURVE('',#8400,#8408,#8410,.T.);
#8408 = VERTEX_POINT('',#8409);
#8409 = CARTESIAN_POINT('',(60.,-285.,367.90524980688));
#8410 = LINE('',#8411,#8412);
#8411 = CARTESIAN_POINT('',(60.,-285.,353.90524980688));
#8412 = VECTOR('',#8413,1.);
#8413 = DIRECTION('',(0.,0.,1.));
#8414 = ORIENTED_EDGE('',*,*,#8415,.F.);
#8415 = EDGE_CURVE('',#8392,#8408,#8416,.T.);
#8416 = LINE('',#8417,#8418);
#8417 = CARTESIAN_POINT('',(-60.,-285.,367.90524980688));
#8418 = VECTOR('',#8419,1.);
#8419 = DIRECTION('',(1.,-2.22044604925E-16,0.));
#8420 = PLANE('',#8421);
#8421 = AXIS2_PLACEMENT_3D('',#8422,#8423,#8424);
#8422 = CARTESIAN_POINT('',(-60.,-285.,353.90524980688));
#8423 = DIRECTION('',(-2.22044604925E-16,-1.,0.));
#8424 = DIRECTION('',(0.,0.,1.));
#8425 = ADVANCED_FACE('',(#8426),#8442,.F.);
#8426 = FACE_BOUND('',#8427,.F.);
#8427 = EDGE_LOOP('',(#8428,#8434,#8435,#8441));
#8428 = ORIENTED_EDGE('',*,*,#8429,.F.);
#8429 = EDGE_CURVE('',#8350,#8390,#8430,.T.);
#8430 = LINE('',#8431,#8432);
#8431 = CARTESIAN_POINT('',(-60.,-265.,353.90524980688));
#8432 = VECTOR('',#8433,1.);
#8433 = DIRECTION('',(-2.22044604925E-16,-1.,0.));
#8434 = ORIENTED_EDGE('',*,*,#8349,.T.);
#8435 = ORIENTED_EDGE('',*,*,#8436,.T.);
#8436 = EDGE_CURVE('',#8352,#8392,#8437,.T.);
#8437 = LINE('',#8438,#8439);
#8438 = CARTESIAN_POINT('',(-60.,-265.,367.90524980688));
#8439 = VECTOR('',#8440,1.);
#8440 = DIRECTION('',(-2.22044604925E-16,-1.,0.));
#8441 = ORIENTED_EDGE('',*,*,#8389,.F.);
#8442 = PLANE('',#8443);
#8443 = AXIS2_PLACEMENT_3D('',#8444,#8445,#8446);
#8444 = CARTESIAN_POINT('',(-60.,-265.,353.90524980688));
#8445 = DIRECTION('',(1.,-2.22044604925E-16,0.));
#8446 = DIRECTION('',(0.,0.,1.));
#8447 = ADVANCED_FACE('',(#8448),#8464,.T.);
#8448 = FACE_BOUND('',#8449,.T.);
#8449 = EDGE_LOOP('',(#8450,#8456,#8457,#8463));
#8450 = ORIENTED_EDGE('',*,*,#8451,.F.);
#8451 = EDGE_CURVE('',#8360,#8400,#8452,.T.);
#8452 = LINE('',#8453,#8454);
#8453 = CARTESIAN_POINT('',(60.,-265.,353.90524980688));
#8454 = VECTOR('',#8455,1.);
#8455 = DIRECTION('',(-2.22044604925E-16,-1.,0.));
#8456 = ORIENTED_EDGE('',*,*,#8367,.T.);
#8457 = ORIENTED_EDGE('',*,*,#8458,.T.);
#8458 = EDGE_CURVE('',#8368,#8408,#8459,.T.);
#8459 = LINE('',#8460,#8461);
#8460 = CARTESIAN_POINT('',(60.,-265.,367.90524980688));
#8461 = VECTOR('',#8462,1.);
#8462 = DIRECTION('',(-2.22044604925E-16,-1.,0.));
#8463 = ORIENTED_EDGE('',*,*,#8407,.F.);
#8464 = PLANE('',#8465);
#8465 = AXIS2_PLACEMENT_3D('',#8466,#8467,#8468);
#8466 = CARTESIAN_POINT('',(60.,-265.,353.90524980688));
#8467 = DIRECTION('',(1.,-2.22044604925E-16,0.));
#8468 = DIRECTION('',(0.,0.,1.));
#8469 = ADVANCED_FACE('',(#8470),#8476,.F.);
#8470 = FACE_BOUND('',#8471,.F.);
#8471 = EDGE_LOOP('',(#8472,#8473,#8474,#8475));
#8472 = ORIENTED_EDGE('',*,*,#8359,.F.);
#8473 = ORIENTED_EDGE('',*,*,#8429,.T.);
#8474 = ORIENTED_EDGE('',*,*,#8399,.T.);
#8475 = ORIENTED_EDGE('',*,*,#8451,.F.);
#8476 = PLANE('',#8477);
#8477 = AXIS2_PLACEMENT_3D('',#8478,#8479,#8480);
#8478 = CARTESIAN_POINT('',(-60.,-265.,353.90524980688));
#8479 = DIRECTION('',(0.,0.,1.));
#8480 = DIRECTION('',(-2.22044604925E-16,-1.,0.));
#8481 = ADVANCED_FACE('',(#8482),#8488,.T.);
#8482 = FACE_BOUND('',#8483,.T.);
#8483 = EDGE_LOOP('',(#8484,#8485,#8486,#8487));
#8484 = ORIENTED_EDGE('',*,*,#8375,.F.);
#8485 = ORIENTED_EDGE('',*,*,#8436,.T.);
#8486 = ORIENTED_EDGE('',*,*,#8415,.T.);
#8487 = ORIENTED_EDGE('',*,*,#8458,.F.);
#8488 = PLANE('',#8489);
#8489 = AXIS2_PLACEMENT_3D('',#8490,#8491,#8492);
#8490 = CARTESIAN_POINT('',(-60.,-265.,367.90524980688));
#8491 = DIRECTION('',(0.,0.,1.));
#8492 = DIRECTION('',(-2.22044604925E-16,-1.,0.));
#8493 = ( GEOMETRIC_REPRESENTATION_CONTEXT(3) 
GLOBAL_UNCERTAINTY_ASSIGNED_CONTEXT((#8497)) 
GLOBAL_UNIT_ASSIGNED_CONTEXT((#8494,#8495,#8496)) REPRESENTATION_CONTEXT
('Context #1','3D Context with UNIT and UNCERTAINTY') );
#8494 = ( LENGTH_UNIT() NAMED_UNIT(*) SI_UNIT(.MILLI.,.METRE.) );
#8495 = ( NAMED_UNIT(*) PLANE_ANGLE_UNIT() SI_UNIT($,.RADIAN.) );
#8496 = ( NAMED_UNIT(*) SI_UNIT($,.STERADIAN.) SOLID_ANGLE_UNIT() );
#8497 = UNCERTAINTY_MEASURE_WITH_UNIT(LENGTH_MEASURE(1.E-07),#8494,
  'distance_accuracy_value','confusion accuracy');
#8498 = CONTEXT_DEPENDENT_SHAPE_REPRESENTATION(#8499,#8501);
#8499 = ( REPRESENTATION_RELATIONSHIP('','',#8342,#10) 
REPRESENTATION_RELATIONSHIP_WITH_TRANSFORMATION(#8500) 
SHAPE_REPRESENTATION_RELATIONSHIP() );
#8500 = ITEM_DEFINED_TRANSFORMATION('','',#11,#167);
#8501 = PRODUCT_DEFINITION_SHAPE('Placement','Placement of an item',
  #8502);
#8502 = NEXT_ASSEMBLY_USAGE_OCCURRENCE('39',
  'P39 Upper transition band 270 / 2','',#5,#8337,$);
#8503 = PRODUCT_RELATED_PRODUCT_CATEGORY('part',$,(#8339));
ENDSEC;
END-ISO-10303-21;
