ISO-10303-21;
HEADER;
FILE_DESCRIPTION(('FreeCAD Model'),'2;1');
FILE_NAME('Open CASCADE Shape Model','2026-09-10T16:52:24',('Author'),(
    ''),'Open CASCADE STEP processor 7.8','FreeCAD','Unknown');
FILE_SCHEMA(('AUTOMOTIVE_DESIGN { 1 0 10303 214 1 1 1 1 }'));
ENDSEC;
DATA;
#1 = APPLICATION_PROTOCOL_DEFINITION('international standard',
  'automotive_design',2000,#2);
#2 = APPLICATION_CONTEXT(
  'core data for automotive mechanical design processes');
#3 = SHAPE_DEFINITION_REPRESENTATION(#4,#10);
#4 = PRODUCT_DEFINITION_SHAPE('','',#5);
#5 = PRODUCT_DEFINITION('design','',#6,#9);
#6 = PRODUCT_DEFINITION_FORMATION('','',#7);
#7 = PRODUCT('TB001_D07','TB001_D07','',(#8));
#8 = PRODUCT_CONTEXT('',#2,'mechanical');
#9 = PRODUCT_DEFINITION_CONTEXT('part definition',#2,'design');
#10 = SHAPE_REPRESENTATION('',(#11,#15,#19,#23,#27,#31,#35,#39,#43,#47,
    #51,#55,#59,#63,#67,#71,#75,#79,#83,#87,#91,#95,#99,#103,#107,#111,
    #115,#119,#123,#127,#131,#135,#139,#143,#147,#151,#155,#159,#163,
    #167,#171,#175,#179,#183,#187,#191,#195,#199,#203,#207,#211,#215,
    #219,#223,#227,#231,#235,#239,#243,#247,#251),#255);
#11 = AXIS2_PLACEMENT_3D('',#12,#13,#14);
#12 = CARTESIAN_POINT('',(0.,0.,0.));
#13 = DIRECTION('',(0.,0.,1.));
#14 = DIRECTION('',(1.,0.,-0.));
#15 = AXIS2_PLACEMENT_3D('',#16,#17,#18);
#16 = CARTESIAN_POINT('',(0.,0.,0.));
#17 = DIRECTION('',(0.,0.,1.));
#18 = DIRECTION('',(1.,0.,0.));
#19 = AXIS2_PLACEMENT_3D('',#20,#21,#22);
#20 = CARTESIAN_POINT('',(0.,0.,0.));
#21 = DIRECTION('',(0.,0.,1.));
#22 = DIRECTION('',(1.,0.,0.));
#23 = AXIS2_PLACEMENT_3D('',#24,#25,#26);
#24 = CARTESIAN_POINT('',(0.,0.,0.));
#25 = DIRECTION('',(0.,0.,1.));
#26 = DIRECTION('',(1.,0.,0.));
#27 = AXIS2_PLACEMENT_3D('',#28,#29,#30);
#28 = CARTESIAN_POINT('',(0.,0.,0.));
#29 = DIRECTION('',(0.,0.,1.));
#30 = DIRECTION('',(1.,0.,0.));
#31 = AXIS2_PLACEMENT_3D('',#32,#33,#34);
#32 = CARTESIAN_POINT('',(0.,0.,0.));
#33 = DIRECTION('',(0.,0.,1.));
#34 = DIRECTION('',(1.,0.,0.));
#35 = AXIS2_PLACEMENT_3D('',#36,#37,#38);
#36 = CARTESIAN_POINT('',(0.,0.,0.));
#37 = DIRECTION('',(0.,0.,1.));
#38 = DIRECTION('',(1.,0.,0.));
#39 = AXIS2_PLACEMENT_3D('',#40,#41,#42);
#40 = CARTESIAN_POINT('',(0.,0.,0.));
#41 = DIRECTION('',(0.,0.,1.));
#42 = DIRECTION('',(1.,0.,0.));
#43 = AXIS2_PLACEMENT_3D('',#44,#45,#46);
#44 = CARTESIAN_POINT('',(0.,0.,0.));
#45 = DIRECTION('',(0.,0.,1.));
#46 = DIRECTION('',(1.,0.,0.));
#47 = AXIS2_PLACEMENT_3D('',#48,#49,#50);
#48 = CARTESIAN_POINT('',(0.,0.,0.));
#49 = DIRECTION('',(0.,0.,1.));
#50 = DIRECTION('',(1.,0.,0.));
#51 = AXIS2_PLACEMENT_3D('',#52,#53,#54);
#52 = CARTESIAN_POINT('',(0.,0.,0.));
#53 = DIRECTION('',(0.,0.,1.));
#54 = DIRECTION('',(1.,0.,0.));
#55 = AXIS2_PLACEMENT_3D('',#56,#57,#58);
#56 = CARTESIAN_POINT('',(0.,0.,0.));
#57 = DIRECTION('',(0.,0.,1.));
#58 = DIRECTION('',(1.,0.,0.));
#59 = AXIS2_PLACEMENT_3D('',#60,#61,#62);
#60 = CARTESIAN_POINT('',(0.,0.,0.));
#61 = DIRECTION('',(0.,0.,1.));
#62 = DIRECTION('',(1.,0.,0.));
#63 = AXIS2_PLACEMENT_3D('',#64,#65,#66);
#64 = CARTESIAN_POINT('',(0.,0.,0.));
#65 = DIRECTION('',(0.,0.,1.));
#66 = DIRECTION('',(1.,0.,0.));
#67 = AXIS2_PLACEMENT_3D('',#68,#69,#70);
#68 = CARTESIAN_POINT('',(0.,0.,0.));
#69 = DIRECTION('',(0.,0.,1.));
#70 = DIRECTION('',(1.,0.,0.));
#71 = AXIS2_PLACEMENT_3D('',#72,#73,#74);
#72 = CARTESIAN_POINT('',(0.,0.,0.));
#73 = DIRECTION('',(0.,0.,1.));
#74 = DIRECTION('',(1.,0.,0.));
#75 = AXIS2_PLACEMENT_3D('',#76,#77,#78);
#76 = CARTESIAN_POINT('',(0.,0.,0.));
#77 = DIRECTION('',(0.,0.,1.));
#78 = DIRECTION('',(1.,0.,0.));
#79 = AXIS2_PLACEMENT_3D('',#80,#81,#82);
#80 = CARTESIAN_POINT('',(0.,0.,0.));
#81 = DIRECTION('',(0.,0.,1.));
#82 = DIRECTION('',(1.,0.,0.));
#83 = AXIS2_PLACEMENT_3D('',#84,#85,#86);
#84 = CARTESIAN_POINT('',(0.,0.,0.));
#85 = DIRECTION('',(0.,0.,1.));
#86 = DIRECTION('',(1.,0.,0.));
#87 = AXIS2_PLACEMENT_3D('',#88,#89,#90);
#88 = CARTESIAN_POINT('',(0.,0.,0.));
#89 = DIRECTION('',(0.,0.,1.));
#90 = DIRECTION('',(1.,0.,0.));
#91 = AXIS2_PLACEMENT_3D('',#92,#93,#94);
#92 = CARTESIAN_POINT('',(0.,0.,0.));
#93 = DIRECTION('',(0.,0.,1.));
#94 = DIRECTION('',(1.,0.,0.));
#95 = AXIS2_PLACEMENT_3D('',#96,#97,#98);
#96 = CARTESIAN_POINT('',(0.,0.,0.));
#97 = DIRECTION('',(0.,0.,1.));
#98 = DIRECTION('',(1.,0.,0.));
#99 = AXIS2_PLACEMENT_3D('',#100,#101,#102);
#100 = CARTESIAN_POINT('',(0.,0.,0.));
#101 = DIRECTION('',(0.,0.,1.));
#102 = DIRECTION('',(1.,0.,0.));
#103 = AXIS2_PLACEMENT_3D('',#104,#105,#106);
#104 = CARTESIAN_POINT('',(0.,0.,0.));
#105 = DIRECTION('',(0.,0.,1.));
#106 = DIRECTION('',(1.,0.,0.));
#107 = AXIS2_PLACEMENT_3D('',#108,#109,#110);
#108 = CARTESIAN_POINT('',(0.,0.,0.));
#109 = DIRECTION('',(0.,0.,1.));
#110 = DIRECTION('',(1.,0.,0.));
#111 = AXIS2_PLACEMENT_3D('',#112,#113,#114);
#112 = CARTESIAN_POINT('',(0.,0.,0.));
#113 = DIRECTION('',(0.,0.,1.));
#114 = DIRECTION('',(1.,0.,0.));
#115 = AXIS2_PLACEMENT_3D('',#116,#117,#118);
#116 = CARTESIAN_POINT('',(0.,0.,0.));
#117 = DIRECTION('',(0.,0.,1.));
#118 = DIRECTION('',(1.,0.,0.));
#119 = AXIS2_PLACEMENT_3D('',#120,#121,#122);
#120 = CARTESIAN_POINT('',(0.,0.,0.));
#121 = DIRECTION('',(0.,0.,1.));
#122 = DIRECTION('',(1.,0.,0.));
#123 = AXIS2_PLACEMENT_3D('',#124,#125,#126);
#124 = CARTESIAN_POINT('',(0.,0.,0.));
#125 = DIRECTION('',(0.,0.,1.));
#126 = DIRECTION('',(1.,0.,0.));
#127 = AXIS2_PLACEMENT_3D('',#128,#129,#130);
#128 = CARTESIAN_POINT('',(0.,0.,0.));
#129 = DIRECTION('',(0.,0.,1.));
#130 = DIRECTION('',(1.,0.,0.));
#131 = AXIS2_PLACEMENT_3D('',#132,#133,#134);
#132 = CARTESIAN_POINT('',(0.,0.,0.));
#133 = DIRECTION('',(0.,0.,1.));
#134 = DIRECTION('',(1.,0.,0.));
#135 = AXIS2_PLACEMENT_3D('',#136,#137,#138);
#136 = CARTESIAN_POINT('',(0.,0.,0.));
#137 = DIRECTION('',(0.,0.,1.));
#138 = DIRECTION('',(1.,0.,0.));
#139 = AXIS2_PLACEMENT_3D('',#140,#141,#142);
#140 = CARTESIAN_POINT('',(0.,0.,0.));
#141 = DIRECTION('',(0.,0.,1.));
#142 = DIRECTION('',(1.,0.,0.));
#143 = AXIS2_PLACEMENT_3D('',#144,#145,#146);
#144 = CARTESIAN_POINT('',(0.,0.,0.));
#145 = DIRECTION('',(0.,0.,1.));
#146 = DIRECTION('',(1.,0.,0.));
#147 = AXIS2_PLACEMENT_3D('',#148,#149,#150);
#148 = CARTESIAN_POINT('',(0.,0.,0.));
#149 = DIRECTION('',(0.,0.,1.));
#150 = DIRECTION('',(1.,0.,0.));
#151 = AXIS2_PLACEMENT_3D('',#152,#153,#154);
#152 = CARTESIAN_POINT('',(0.,0.,0.));
#153 = DIRECTION('',(0.,0.,1.));
#154 = DIRECTION('',(1.,0.,0.));
#155 = AXIS2_PLACEMENT_3D('',#156,#157,#158);
#156 = CARTESIAN_POINT('',(0.,0.,0.));
#157 = DIRECTION('',(0.,0.,1.));
#158 = DIRECTION('',(1.,0.,0.));
#159 = AXIS2_PLACEMENT_3D('',#160,#161,#162);
#160 = CARTESIAN_POINT('',(0.,0.,0.));
#161 = DIRECTION('',(0.,0.,1.));
#162 = DIRECTION('',(1.,0.,0.));
#163 = AXIS2_PLACEMENT_3D('',#164,#165,#166);
#164 = CARTESIAN_POINT('',(0.,0.,0.));
#165 = DIRECTION('',(0.,0.,1.));
#166 = DIRECTION('',(1.,0.,0.));
#167 = AXIS2_PLACEMENT_3D('',#168,#169,#170);
#168 = CARTESIAN_POINT('',(0.,0.,0.));
#169 = DIRECTION('',(0.,0.,1.));
#170 = DIRECTION('',(1.,0.,0.));
#171 = AXIS2_PLACEMENT_3D('',#172,#173,#174);
#172 = CARTESIAN_POINT('',(0.,0.,0.));
#173 = DIRECTION('',(0.,0.,1.));
#174 = DIRECTION('',(1.,0.,0.));
#175 = AXIS2_PLACEMENT_3D('',#176,#177,#178);
#176 = CARTESIAN_POINT('',(0.,0.,0.));
#177 = DIRECTION('',(0.,0.,1.));
#178 = DIRECTION('',(1.,0.,0.));
#179 = AXIS2_PLACEMENT_3D('',#180,#181,#182);
#180 = CARTESIAN_POINT('',(0.,0.,0.));
#181 = DIRECTION('',(0.,0.,1.));
#182 = DIRECTION('',(1.,0.,0.));
#183 = AXIS2_PLACEMENT_3D('',#184,#185,#186);
#184 = CARTESIAN_POINT('',(0.,0.,0.));
#185 = DIRECTION('',(0.,0.,1.));
#186 = DIRECTION('',(1.,0.,0.));
#187 = AXIS2_PLACEMENT_3D('',#188,#189,#190);
#188 = CARTESIAN_POINT('',(0.,0.,0.));
#189 = DIRECTION('',(0.,0.,1.));
#190 = DIRECTION('',(1.,0.,0.));
#191 = AXIS2_PLACEMENT_3D('',#192,#193,#194);
#192 = CARTESIAN_POINT('',(0.,0.,0.));
#193 = DIRECTION('',(0.,0.,1.));
#194 = DIRECTION('',(1.,0.,0.));
#195 = AXIS2_PLACEMENT_3D('',#196,#197,#198);
#196 = CARTESIAN_POINT('',(0.,0.,0.));
#197 = DIRECTION('',(0.,0.,1.));
#198 = DIRECTION('',(1.,0.,0.));
#199 = AXIS2_PLACEMENT_3D('',#200,#201,#202);
#200 = CARTESIAN_POINT('',(0.,0.,0.));
#201 = DIRECTION('',(0.,0.,1.));
#202 = DIRECTION('',(1.,0.,0.));
#203 = AXIS2_PLACEMENT_3D('',#204,#205,#206);
#204 = CARTESIAN_POINT('',(0.,0.,0.));
#205 = DIRECTION('',(0.,0.,1.));
#206 = DIRECTION('',(1.,0.,0.));
#207 = AXIS2_PLACEMENT_3D('',#208,#209,#210);
#208 = CARTESIAN_POINT('',(0.,0.,0.));
#209 = DIRECTION('',(0.,0.,1.));
#210 = DIRECTION('',(1.,0.,0.));
#211 = AXIS2_PLACEMENT_3D('',#212,#213,#214);
#212 = CARTESIAN_POINT('',(0.,0.,0.));
#213 = DIRECTION('',(0.,0.,1.));
#214 = DIRECTION('',(1.,0.,0.));
#215 = AXIS2_PLACEMENT_3D('',#216,#217,#218);
#216 = CARTESIAN_POINT('',(0.,0.,0.));
#217 = DIRECTION('',(0.,0.,1.));
#218 = DIRECTION('',(1.,0.,0.));
#219 = AXIS2_PLACEMENT_3D('',#220,#221,#222);
#220 = CARTESIAN_POINT('',(0.,0.,0.));
#221 = DIRECTION('',(0.,0.,1.));
#222 = DIRECTION('',(1.,0.,0.));
#223 = AXIS2_PLACEMENT_3D('',#224,#225,#226);
#224 = CARTESIAN_POINT('',(0.,0.,0.));
#225 = DIRECTION('',(0.,0.,1.));
#226 = DIRECTION('',(1.,0.,0.));
#227 = AXIS2_PLACEMENT_3D('',#228,#229,#230);
#228 = CARTESIAN_POINT('',(0.,0.,0.));
#229 = DIRECTION('',(0.,0.,1.));
#230 = DIRECTION('',(1.,0.,0.));
#231 = AXIS2_PLACEMENT_3D('',#232,#233,#234);
#232 = CARTESIAN_POINT('',(0.,0.,0.));
#233 = DIRECTION('',(0.,0.,1.));
#234 = DIRECTION('',(1.,0.,0.));
#235 = AXIS2_PLACEMENT_3D('',#236,#237,#238);
#236 = CARTESIAN_POINT('',(0.,0.,0.));
#237 = DIRECTION('',(0.,0.,1.));
#238 = DIRECTION('',(1.,0.,0.));
#239 = AXIS2_PLACEMENT_3D('',#240,#241,#242);
#240 = CARTESIAN_POINT('',(0.,0.,0.));
#241 = DIRECTION('',(0.,0.,1.));
#242 = DIRECTION('',(1.,0.,0.));
#243 = AXIS2_PLACEMENT_3D('',#244,#245,#246);
#244 = CARTESIAN_POINT('',(0.,0.,0.));
#245 = DIRECTION('',(0.,0.,1.));
#246 = DIRECTION('',(1.,0.,0.));
#247 = AXIS2_PLACEMENT_3D('',#248,#249,#250);
#248 = CARTESIAN_POINT('',(0.,0.,0.));
#249 = DIRECTION('',(0.,0.,1.));
#250 = DIRECTION('',(1.,0.,0.));
#251 = AXIS2_PLACEMENT_3D('',#252,#253,#254);
#252 = CARTESIAN_POINT('',(0.,0.,0.));
#253 = DIRECTION('',(0.,0.,1.));
#254 = DIRECTION('',(1.,0.,0.));
#255 = ( GEOMETRIC_REPRESENTATION_CONTEXT(3) 
GLOBAL_UNCERTAINTY_ASSIGNED_CONTEXT((#259)) GLOBAL_UNIT_ASSIGNED_CONTEXT
((#256,#257,#258)) REPRESENTATION_CONTEXT('Context #1',
  '3D Context with UNIT and UNCERTAINTY') );
#256 = ( LENGTH_UNIT() NAMED_UNIT(*) SI_UNIT(.MILLI.,.METRE.) );
#257 = ( NAMED_UNIT(*) PLANE_ANGLE_UNIT() SI_UNIT($,.RADIAN.) );
#258 = ( NAMED_UNIT(*) SI_UNIT($,.STERADIAN.) SOLID_ANGLE_UNIT() );
#259 = UNCERTAINTY_MEASURE_WITH_UNIT(LENGTH_MEASURE(1.E-07),#256,
  'distance_accuracy_value','confusion accuracy');
#260 = PRODUCT_RELATED_PRODUCT_CATEGORY('part',$,(#7));
#261 = SHAPE_DEFINITION_REPRESENTATION(#262,#268);
#262 = PRODUCT_DEFINITION_SHAPE('','',#263);
#263 = PRODUCT_DEFINITION('design','',#264,#267);
#264 = PRODUCT_DEFINITION_FORMATION('','',#265);
#265 = PRODUCT('P01 Upper circular maple top with grip recess',
  'P01 Upper circular maple top with grip recess','',(#266));
#266 = PRODUCT_CONTEXT('',#2,'mechanical');
#267 = PRODUCT_DEFINITION_CONTEXT('part definition',#2,'design');
#268 = ADVANCED_BREP_SHAPE_REPRESENTATION('',(#11,#269),#458);
#269 = MANIFOLD_SOLID_BREP('',#270);
#270 = CLOSED_SHELL('',(#271,#304,#347,#390,#412,#429,#446));
#271 = ADVANCED_FACE('',(#272),#299,.T.);
#272 = FACE_BOUND('',#273,.T.);
#273 = EDGE_LOOP('',(#274,#283,#291,#298));
#274 = ORIENTED_EDGE('',*,*,#275,.F.);
#275 = EDGE_CURVE('',#276,#276,#278,.T.);
#276 = VERTEX_POINT('',#277);
#277 = CARTESIAN_POINT('',(325.,-7.960204194458E-14,550.));
#278 = CIRCLE('',#279,325.);
#279 = AXIS2_PLACEMENT_3D('',#280,#281,#282);
#280 = CARTESIAN_POINT('',(0.,0.,550.));
#281 = DIRECTION('',(0.,0.,1.));
#282 = DIRECTION('',(1.,0.,-0.));
#283 = ORIENTED_EDGE('',*,*,#284,.F.);
#284 = EDGE_CURVE('',#285,#276,#287,.T.);
#285 = VERTEX_POINT('',#286);
#286 = CARTESIAN_POINT('',(325.,-7.960204194458E-14,530.));
#287 = LINE('',#288,#289);
#288 = CARTESIAN_POINT('',(325.,-7.960204194458E-14,530.));
#289 = VECTOR('',#290,1.);
#290 = DIRECTION('',(0.,0.,1.));
#291 = ORIENTED_EDGE('',*,*,#292,.T.);
#292 = EDGE_CURVE('',#285,#285,#293,.T.);
#293 = CIRCLE('',#294,325.);
#294 = AXIS2_PLACEMENT_3D('',#295,#296,#297);
#295 = CARTESIAN_POINT('',(0.,0.,530.));
#296 = DIRECTION('',(0.,0.,1.));
#297 = DIRECTION('',(1.,0.,-0.));
#298 = ORIENTED_EDGE('',*,*,#284,.T.);
#299 = CYLINDRICAL_SURFACE('',#300,325.);
#300 = AXIS2_PLACEMENT_3D('',#301,#302,#303);
#301 = CARTESIAN_POINT('',(0.,0.,530.));
#302 = DIRECTION('',(0.,0.,1.));
#303 = DIRECTION('',(1.,0.,-0.));
#304 = ADVANCED_FACE('',(#305,#308),#342,.T.);
#305 = FACE_BOUND('',#306,.T.);
#306 = EDGE_LOOP('',(#307));
#307 = ORIENTED_EDGE('',*,*,#275,.T.);
#308 = FACE_BOUND('',#309,.T.);
#309 = EDGE_LOOP('',(#310,#320,#328,#336));
#310 = ORIENTED_EDGE('',*,*,#311,.F.);
#311 = EDGE_CURVE('',#312,#314,#316,.T.);
#312 = VERTEX_POINT('',#313);
#313 = CARTESIAN_POINT('',(-61.5,-29.,550.));
#314 = VERTEX_POINT('',#315);
#315 = CARTESIAN_POINT('',(61.5,-29.,550.));
#316 = LINE('',#317,#318);
#317 = CARTESIAN_POINT('',(-61.5,-29.,550.));
#318 = VECTOR('',#319,1.);
#319 = DIRECTION('',(1.,0.,-0.));
#320 = ORIENTED_EDGE('',*,*,#321,.T.);
#321 = EDGE_CURVE('',#312,#322,#324,.T.);
#322 = VERTEX_POINT('',#323);
#323 = CARTESIAN_POINT('',(-61.5,29.,550.));
#324 = LINE('',#325,#326);
#325 = CARTESIAN_POINT('',(-61.5,-29.,550.));
#326 = VECTOR('',#327,1.);
#327 = DIRECTION('',(-0.,1.,0.));
#328 = ORIENTED_EDGE('',*,*,#329,.T.);
#329 = EDGE_CURVE('',#322,#330,#332,.T.);
#330 = VERTEX_POINT('',#331);
#331 = CARTESIAN_POINT('',(61.5,29.,550.));
#332 = LINE('',#333,#334);
#333 = CARTESIAN_POINT('',(-61.5,29.,550.));
#334 = VECTOR('',#335,1.);
#335 = DIRECTION('',(1.,0.,-0.));
#336 = ORIENTED_EDGE('',*,*,#337,.F.);
#337 = EDGE_CURVE('',#314,#330,#338,.T.);
#338 = LINE('',#339,#340);
#339 = CARTESIAN_POINT('',(61.5,-29.,550.));
#340 = VECTOR('',#341,1.);
#341 = DIRECTION('',(-0.,1.,0.));
#342 = PLANE('',#343);
#343 = AXIS2_PLACEMENT_3D('',#344,#345,#346);
#344 = CARTESIAN_POINT('',(0.,0.,550.));
#345 = DIRECTION('',(0.,0.,1.));
#346 = DIRECTION('',(1.,0.,-0.));
#347 = ADVANCED_FACE('',(#348,#351),#385,.F.);
#348 = FACE_BOUND('',#349,.F.);
#349 = EDGE_LOOP('',(#350));
#350 = ORIENTED_EDGE('',*,*,#292,.T.);
#351 = FACE_BOUND('',#352,.F.);
#352 = EDGE_LOOP('',(#353,#363,#371,#379));
#353 = ORIENTED_EDGE('',*,*,#354,.F.);
#354 = EDGE_CURVE('',#355,#357,#359,.T.);
#355 = VERTEX_POINT('',#356);
#356 = CARTESIAN_POINT('',(-61.5,-29.,530.));
#357 = VERTEX_POINT('',#358);
#358 = CARTESIAN_POINT('',(61.5,-29.,530.));
#359 = LINE('',#360,#361);
#360 = CARTESIAN_POINT('',(-61.5,-29.,530.));
#361 = VECTOR('',#362,1.);
#362 = DIRECTION('',(1.,0.,-0.));
#363 = ORIENTED_EDGE('',*,*,#364,.T.);
#364 = EDGE_CURVE('',#355,#365,#367,.T.);
#365 = VERTEX_POINT('',#366);
#366 = CARTESIAN_POINT('',(-61.5,29.,530.));
#367 = LINE('',#368,#369);
#368 = CARTESIAN_POINT('',(-61.5,-29.,530.));
#369 = VECTOR('',#370,1.);
#370 = DIRECTION('',(-0.,1.,0.));
#371 = ORIENTED_EDGE('',*,*,#372,.T.);
#372 = EDGE_CURVE('',#365,#373,#375,.T.);
#373 = VERTEX_POINT('',#374);
#374 = CARTESIAN_POINT('',(61.5,29.,530.));
#375 = LINE('',#376,#377);
#376 = CARTESIAN_POINT('',(-61.5,29.,530.));
#377 = VECTOR('',#378,1.);
#378 = DIRECTION('',(1.,0.,-0.));
#379 = ORIENTED_EDGE('',*,*,#380,.F.);
#380 = EDGE_CURVE('',#357,#373,#381,.T.);
#381 = LINE('',#382,#383);
#382 = CARTESIAN_POINT('',(61.5,-29.,530.));
#383 = VECTOR('',#384,1.);
#384 = DIRECTION('',(-0.,1.,0.));
#385 = PLANE('',#386);
#386 = AXIS2_PLACEMENT_3D('',#387,#388,#389);
#387 = CARTESIAN_POINT('',(0.,0.,530.));
#388 = DIRECTION('',(0.,0.,1.));
#389 = DIRECTION('',(1.,0.,-0.));
#390 = ADVANCED_FACE('',(#391),#407,.T.);
#391 = FACE_BOUND('',#392,.T.);
#392 = EDGE_LOOP('',(#393,#394,#400,#401));
#393 = ORIENTED_EDGE('',*,*,#354,.F.);
#394 = ORIENTED_EDGE('',*,*,#395,.T.);
#395 = EDGE_CURVE('',#355,#312,#396,.T.);
#396 = LINE('',#397,#398);
#397 = CARTESIAN_POINT('',(-61.5,-29.,530.));
#398 = VECTOR('',#399,1.);
#399 = DIRECTION('',(0.,0.,1.));
#400 = ORIENTED_EDGE('',*,*,#311,.T.);
#401 = ORIENTED_EDGE('',*,*,#402,.F.);
#402 = EDGE_CURVE('',#357,#314,#403,.T.);
#403 = LINE('',#404,#405);
#404 = CARTESIAN_POINT('',(61.5,-29.,530.));
#405 = VECTOR('',#406,1.);
#406 = DIRECTION('',(0.,0.,1.));
#407 = PLANE('',#408);
#408 = AXIS2_PLACEMENT_3D('',#409,#410,#411);
#409 = CARTESIAN_POINT('',(-61.5,-29.,530.));
#410 = DIRECTION('',(-0.,1.,0.));
#411 = DIRECTION('',(0.,0.,1.));
#412 = ADVANCED_FACE('',(#413),#424,.F.);
#413 = FACE_BOUND('',#414,.F.);
#414 = EDGE_LOOP('',(#415,#416,#417,#423));
#415 = ORIENTED_EDGE('',*,*,#402,.F.);
#416 = ORIENTED_EDGE('',*,*,#380,.T.);
#417 = ORIENTED_EDGE('',*,*,#418,.T.);
#418 = EDGE_CURVE('',#373,#330,#419,.T.);
#419 = LINE('',#420,#421);
#420 = CARTESIAN_POINT('',(61.5,29.,530.));
#421 = VECTOR('',#422,1.);
#422 = DIRECTION('',(0.,0.,1.));
#423 = ORIENTED_EDGE('',*,*,#337,.F.);
#424 = PLANE('',#425);
#425 = AXIS2_PLACEMENT_3D('',#426,#427,#428);
#426 = CARTESIAN_POINT('',(61.5,-29.,530.));
#427 = DIRECTION('',(1.,0.,-0.));
#428 = DIRECTION('',(0.,0.,1.));
#429 = ADVANCED_FACE('',(#430),#441,.F.);
#430 = FACE_BOUND('',#431,.F.);
#431 = EDGE_LOOP('',(#432,#433,#439,#440));
#432 = ORIENTED_EDGE('',*,*,#372,.F.);
#433 = ORIENTED_EDGE('',*,*,#434,.T.);
#434 = EDGE_CURVE('',#365,#322,#435,.T.);
#435 = LINE('',#436,#437);
#436 = CARTESIAN_POINT('',(-61.5,29.,530.));
#437 = VECTOR('',#438,1.);
#438 = DIRECTION('',(0.,0.,1.));
#439 = ORIENTED_EDGE('',*,*,#329,.T.);
#440 = ORIENTED_EDGE('',*,*,#418,.F.);
#441 = PLANE('',#442);
#442 = AXIS2_PLACEMENT_3D('',#443,#444,#445);
#443 = CARTESIAN_POINT('',(-61.5,29.,530.));
#444 = DIRECTION('',(-0.,1.,0.));
#445 = DIRECTION('',(0.,0.,1.));
#446 = ADVANCED_FACE('',(#447),#453,.T.);
#447 = FACE_BOUND('',#448,.T.);
#448 = EDGE_LOOP('',(#449,#450,#451,#452));
#449 = ORIENTED_EDGE('',*,*,#395,.F.);
#450 = ORIENTED_EDGE('',*,*,#364,.T.);
#451 = ORIENTED_EDGE('',*,*,#434,.T.);
#452 = ORIENTED_EDGE('',*,*,#321,.F.);
#453 = PLANE('',#454);
#454 = AXIS2_PLACEMENT_3D('',#455,#456,#457);
#455 = CARTESIAN_POINT('',(-61.5,-29.,530.));
#456 = DIRECTION('',(1.,0.,-0.));
#457 = DIRECTION('',(0.,0.,1.));
#458 = ( GEOMETRIC_REPRESENTATION_CONTEXT(3) 
GLOBAL_UNCERTAINTY_ASSIGNED_CONTEXT((#462)) GLOBAL_UNIT_ASSIGNED_CONTEXT
((#459,#460,#461)) REPRESENTATION_CONTEXT('Context #1',
  '3D Context with UNIT and UNCERTAINTY') );
#459 = ( LENGTH_UNIT() NAMED_UNIT(*) SI_UNIT(.MILLI.,.METRE.) );
#460 = ( NAMED_UNIT(*) PLANE_ANGLE_UNIT() SI_UNIT($,.RADIAN.) );
#461 = ( NAMED_UNIT(*) SI_UNIT($,.STERADIAN.) SOLID_ANGLE_UNIT() );
#462 = UNCERTAINTY_MEASURE_WITH_UNIT(LENGTH_MEASURE(1.E-07),#459,
  'distance_accuracy_value','confusion accuracy');
#463 = CONTEXT_DEPENDENT_SHAPE_REPRESENTATION(#464,#466);
#464 = ( REPRESENTATION_RELATIONSHIP('','',#268,#10) 
REPRESENTATION_RELATIONSHIP_WITH_TRANSFORMATION(#465) 
SHAPE_REPRESENTATION_RELATIONSHIP() );
#465 = ITEM_DEFINED_TRANSFORMATION('','',#11,#15);
#466 = PRODUCT_DEFINITION_SHAPE('Placement','Placement of an item',#467
  );
#467 = NEXT_ASSEMBLY_USAGE_OCCURRENCE('1',
  'P01 Upper circular maple top with grip recess','',#5,#263,$);
#468 = PRODUCT_RELATED_PRODUCT_CATEGORY('part',$,(#265));
#469 = SHAPE_DEFINITION_REPRESENTATION(#470,#476);
#470 = PRODUCT_DEFINITION_SHAPE('','',#471);
#471 = PRODUCT_DEFINITION('design','',#472,#475);
#472 = PRODUCT_DEFINITION_FORMATION('','',#473);
#473 = PRODUCT('P02 Grip mitred strip north',
  'P02 Grip mitred strip north','',(#474));
#474 = PRODUCT_CONTEXT('',#2,'mechanical');
#475 = PRODUCT_DEFINITION_CONTEXT('part definition',#2,'design');
#476 = ADVANCED_BREP_SHAPE_REPRESENTATION('',(#11,#477),#627);
#477 = MANIFOLD_SOLID_BREP('',#478);
#478 = CLOSED_SHELL('',(#479,#519,#550,#574,#598,#615));
#479 = ADVANCED_FACE('',(#480),#514,.T.);
#480 = FACE_BOUND('',#481,.T.);
#481 = EDGE_LOOP('',(#482,#492,#500,#508));
#482 = ORIENTED_EDGE('',*,*,#483,.F.);
#483 = EDGE_CURVE('',#484,#486,#488,.T.);
#484 = VERTEX_POINT('',#485);
#485 = CARTESIAN_POINT('',(-61.5,29.,530.));
#486 = VERTEX_POINT('',#487);
#487 = CARTESIAN_POINT('',(61.5,29.,530.));
#488 = LINE('',#489,#490);
#489 = CARTESIAN_POINT('',(-61.5,29.,530.));
#490 = VECTOR('',#491,1.);
#491 = DIRECTION('',(1.,0.,-0.));
#492 = ORIENTED_EDGE('',*,*,#493,.T.);
#493 = EDGE_CURVE('',#484,#494,#496,.T.);
#494 = VERTEX_POINT('',#495);
#495 = CARTESIAN_POINT('',(-61.5,29.,550.));
#496 = LINE('',#497,#498);
#497 = CARTESIAN_POINT('',(-61.5,29.,530.));
#498 = VECTOR('',#499,1.);
#499 = DIRECTION('',(0.,0.,1.));
#500 = ORIENTED_EDGE('',*,*,#501,.T.);
#501 = EDGE_CURVE('',#494,#502,#504,.T.);
#502 = VERTEX_POINT('',#503);
#503 = CARTESIAN_POINT('',(61.5,29.,550.));
#504 = LINE('',#505,#506);
#505 = CARTESIAN_POINT('',(-61.5,29.,550.));
#506 = VECTOR('',#507,1.);
#507 = DIRECTION('',(1.,0.,-0.));
#508 = ORIENTED_EDGE('',*,*,#509,.F.);
#509 = EDGE_CURVE('',#486,#502,#510,.T.);
#510 = LINE('',#511,#512);
#511 = CARTESIAN_POINT('',(61.5,29.,530.));
#512 = VECTOR('',#513,1.);
#513 = DIRECTION('',(0.,0.,1.));
#514 = PLANE('',#515);
#515 = AXIS2_PLACEMENT_3D('',#516,#517,#518);
#516 = CARTESIAN_POINT('',(-61.5,29.,530.));
#517 = DIRECTION('',(-0.,1.,0.));
#518 = DIRECTION('',(0.,0.,1.));
#519 = ADVANCED_FACE('',(#520),#545,.F.);
#520 = FACE_BOUND('',#521,.F.);
#521 = EDGE_LOOP('',(#522,#523,#531,#539));
#522 = ORIENTED_EDGE('',*,*,#483,.F.);
#523 = ORIENTED_EDGE('',*,*,#524,.F.);
#524 = EDGE_CURVE('',#525,#484,#527,.T.);
#525 = VERTEX_POINT('',#526);
#526 = CARTESIAN_POINT('',(-47.5,15.,530.));
#527 = LINE('',#528,#529);
#528 = CARTESIAN_POINT('',(-32.5,0.,530.));
#529 = VECTOR('',#530,1.);
#530 = DIRECTION('',(-0.707106781187,0.707106781187,0.));
#531 = ORIENTED_EDGE('',*,*,#532,.T.);
#532 = EDGE_CURVE('',#525,#533,#535,.T.);
#533 = VERTEX_POINT('',#534);
#534 = CARTESIAN_POINT('',(47.5,15.,530.));
#535 = LINE('',#536,#537);
#536 = CARTESIAN_POINT('',(-47.5,15.,530.));
#537 = VECTOR('',#538,1.);
#538 = DIRECTION('',(1.,0.,-0.));
#539 = ORIENTED_EDGE('',*,*,#540,.F.);
#540 = EDGE_CURVE('',#486,#533,#541,.T.);
#541 = LINE('',#542,#543);
#542 = CARTESIAN_POINT('',(61.5,29.,530.));
#543 = VECTOR('',#544,1.);
#544 = DIRECTION('',(-0.707106781187,-0.707106781187,0.));
#545 = PLANE('',#546);
#546 = AXIS2_PLACEMENT_3D('',#547,#548,#549);
#547 = CARTESIAN_POINT('',(-61.5,-29.,530.));
#548 = DIRECTION('',(0.,0.,1.));
#549 = DIRECTION('',(1.,0.,-0.));
#550 = ADVANCED_FACE('',(#551),#569,.T.);
#551 = FACE_BOUND('',#552,.T.);
#552 = EDGE_LOOP('',(#553,#554,#555,#563));
#553 = ORIENTED_EDGE('',*,*,#540,.F.);
#554 = ORIENTED_EDGE('',*,*,#509,.T.);
#555 = ORIENTED_EDGE('',*,*,#556,.T.);
#556 = EDGE_CURVE('',#502,#557,#559,.T.);
#557 = VERTEX_POINT('',#558);
#558 = CARTESIAN_POINT('',(47.5,15.,550.));
#559 = LINE('',#560,#561);
#560 = CARTESIAN_POINT('',(61.5,29.,550.));
#561 = VECTOR('',#562,1.);
#562 = DIRECTION('',(-0.707106781187,-0.707106781187,0.));
#563 = ORIENTED_EDGE('',*,*,#564,.F.);
#564 = EDGE_CURVE('',#533,#557,#565,.T.);
#565 = LINE('',#566,#567);
#566 = CARTESIAN_POINT('',(47.5,15.,530.));
#567 = VECTOR('',#568,1.);
#568 = DIRECTION('',(0.,0.,1.));
#569 = PLANE('',#570);
#570 = AXIS2_PLACEMENT_3D('',#571,#572,#573);
#571 = CARTESIAN_POINT('',(61.5,29.,530.));
#572 = DIRECTION('',(0.707106781187,-0.707106781187,0.));
#573 = DIRECTION('',(-0.707106781187,-0.707106781187,0.));
#574 = ADVANCED_FACE('',(#575),#593,.T.);
#575 = FACE_BOUND('',#576,.T.);
#576 = EDGE_LOOP('',(#577,#578,#586,#592));
#577 = ORIENTED_EDGE('',*,*,#501,.F.);
#578 = ORIENTED_EDGE('',*,*,#579,.F.);
#579 = EDGE_CURVE('',#580,#494,#582,.T.);
#580 = VERTEX_POINT('',#581);
#581 = CARTESIAN_POINT('',(-47.5,15.,550.));
#582 = LINE('',#583,#584);
#583 = CARTESIAN_POINT('',(-32.5,0.,550.));
#584 = VECTOR('',#585,1.);
#585 = DIRECTION('',(-0.707106781187,0.707106781187,0.));
#586 = ORIENTED_EDGE('',*,*,#587,.T.);
#587 = EDGE_CURVE('',#580,#557,#588,.T.);
#588 = LINE('',#589,#590);
#589 = CARTESIAN_POINT('',(-47.5,15.,550.));
#590 = VECTOR('',#591,1.);
#591 = DIRECTION('',(1.,0.,-0.));
#592 = ORIENTED_EDGE('',*,*,#556,.F.);
#593 = PLANE('',#594);
#594 = AXIS2_PLACEMENT_3D('',#595,#596,#597);
#595 = CARTESIAN_POINT('',(-61.5,-29.,550.));
#596 = DIRECTION('',(0.,0.,1.));
#597 = DIRECTION('',(1.,0.,-0.));
#598 = ADVANCED_FACE('',(#599),#610,.T.);
#599 = FACE_BOUND('',#600,.T.);
#600 = EDGE_LOOP('',(#601,#602,#608,#609));
#601 = ORIENTED_EDGE('',*,*,#524,.F.);
#602 = ORIENTED_EDGE('',*,*,#603,.T.);
#603 = EDGE_CURVE('',#525,#580,#604,.T.);
#604 = LINE('',#605,#606);
#605 = CARTESIAN_POINT('',(-47.5,15.,530.));
#606 = VECTOR('',#607,1.);
#607 = DIRECTION('',(0.,0.,1.));
#608 = ORIENTED_EDGE('',*,*,#579,.T.);
#609 = ORIENTED_EDGE('',*,*,#493,.F.);
#610 = PLANE('',#611);
#611 = AXIS2_PLACEMENT_3D('',#612,#613,#614);
#612 = CARTESIAN_POINT('',(-32.5,0.,530.));
#613 = DIRECTION('',(-0.707106781187,-0.707106781187,0.));
#614 = DIRECTION('',(-0.707106781187,0.707106781187,0.));
#615 = ADVANCED_FACE('',(#616),#622,.F.);
#616 = FACE_BOUND('',#617,.F.);
#617 = EDGE_LOOP('',(#618,#619,#620,#621));
#618 = ORIENTED_EDGE('',*,*,#532,.F.);
#619 = ORIENTED_EDGE('',*,*,#603,.T.);
#620 = ORIENTED_EDGE('',*,*,#587,.T.);
#621 = ORIENTED_EDGE('',*,*,#564,.F.);
#622 = PLANE('',#623);
#623 = AXIS2_PLACEMENT_3D('',#624,#625,#626);
#624 = CARTESIAN_POINT('',(-47.5,15.,530.));
#625 = DIRECTION('',(-0.,1.,0.));
#626 = DIRECTION('',(0.,0.,1.));
#627 = ( GEOMETRIC_REPRESENTATION_CONTEXT(3) 
GLOBAL_UNCERTAINTY_ASSIGNED_CONTEXT((#631)) GLOBAL_UNIT_ASSIGNED_CONTEXT
((#628,#629,#630)) REPRESENTATION_CONTEXT('Context #1',
  '3D Context with UNIT and UNCERTAINTY') );
#628 = ( LENGTH_UNIT() NAMED_UNIT(*) SI_UNIT(.MILLI.,.METRE.) );
#629 = ( NAMED_UNIT(*) PLANE_ANGLE_UNIT() SI_UNIT($,.RADIAN.) );
#630 = ( NAMED_UNIT(*) SI_UNIT($,.STERADIAN.) SOLID_ANGLE_UNIT() );
#631 = UNCERTAINTY_MEASURE_WITH_UNIT(LENGTH_MEASURE(1.E-07),#628,
  'distance_accuracy_value','confusion accuracy');
#632 = CONTEXT_DEPENDENT_SHAPE_REPRESENTATION(#633,#635);
#633 = ( REPRESENTATION_RELATIONSHIP('','',#476,#10) 
REPRESENTATION_RELATIONSHIP_WITH_TRANSFORMATION(#634) 
SHAPE_REPRESENTATION_RELATIONSHIP() );
#634 = ITEM_DEFINED_TRANSFORMATION('','',#11,#19);
#635 = PRODUCT_DEFINITION_SHAPE('Placement','Placement of an item',#636
  );
#636 = NEXT_ASSEMBLY_USAGE_OCCURRENCE('2','P02 Grip mitred strip north',
  '',#5,#471,$);
#637 = PRODUCT_RELATED_PRODUCT_CATEGORY('part',$,(#473));
#638 = SHAPE_DEFINITION_REPRESENTATION(#639,#645);
#639 = PRODUCT_DEFINITION_SHAPE('','',#640);
#640 = PRODUCT_DEFINITION('design','',#641,#644);
#641 = PRODUCT_DEFINITION_FORMATION('','',#642);
#642 = PRODUCT('P03 Grip mitred strip south',
  'P03 Grip mitred strip south','',(#643));
#643 = PRODUCT_CONTEXT('',#2,'mechanical');
#644 = PRODUCT_DEFINITION_CONTEXT('part definition',#2,'design');
#645 = ADVANCED_BREP_SHAPE_REPRESENTATION('',(#11,#646),#796);
#646 = MANIFOLD_SOLID_BREP('',#647);
#647 = CLOSED_SHELL('',(#648,#688,#719,#743,#767,#784));
#648 = ADVANCED_FACE('',(#649),#683,.F.);
#649 = FACE_BOUND('',#650,.F.);
#650 = EDGE_LOOP('',(#651,#661,#669,#677));
#651 = ORIENTED_EDGE('',*,*,#652,.F.);
#652 = EDGE_CURVE('',#653,#655,#657,.T.);
#653 = VERTEX_POINT('',#654);
#654 = CARTESIAN_POINT('',(-61.5,-29.,530.));
#655 = VERTEX_POINT('',#656);
#656 = CARTESIAN_POINT('',(61.5,-29.,530.));
#657 = LINE('',#658,#659);
#658 = CARTESIAN_POINT('',(-61.5,-29.,530.));
#659 = VECTOR('',#660,1.);
#660 = DIRECTION('',(1.,0.,-0.));
#661 = ORIENTED_EDGE('',*,*,#662,.T.);
#662 = EDGE_CURVE('',#653,#663,#665,.T.);
#663 = VERTEX_POINT('',#664);
#664 = CARTESIAN_POINT('',(-61.5,-29.,550.));
#665 = LINE('',#666,#667);
#666 = CARTESIAN_POINT('',(-61.5,-29.,530.));
#667 = VECTOR('',#668,1.);
#668 = DIRECTION('',(0.,0.,1.));
#669 = ORIENTED_EDGE('',*,*,#670,.T.);
#670 = EDGE_CURVE('',#663,#671,#673,.T.);
#671 = VERTEX_POINT('',#672);
#672 = CARTESIAN_POINT('',(61.5,-29.,550.));
#673 = LINE('',#674,#675);
#674 = CARTESIAN_POINT('',(-61.5,-29.,550.));
#675 = VECTOR('',#676,1.);
#676 = DIRECTION('',(1.,0.,-0.));
#677 = ORIENTED_EDGE('',*,*,#678,.F.);
#678 = EDGE_CURVE('',#655,#671,#679,.T.);
#679 = LINE('',#680,#681);
#680 = CARTESIAN_POINT('',(61.5,-29.,530.));
#681 = VECTOR('',#682,1.);
#682 = DIRECTION('',(0.,0.,1.));
#683 = PLANE('',#684);
#684 = AXIS2_PLACEMENT_3D('',#685,#686,#687);
#685 = CARTESIAN_POINT('',(-61.5,-29.,530.));
#686 = DIRECTION('',(-0.,1.,0.));
#687 = DIRECTION('',(0.,0.,1.));
#688 = ADVANCED_FACE('',(#689),#714,.F.);
#689 = FACE_BOUND('',#690,.F.);
#690 = EDGE_LOOP('',(#691,#699,#700,#708));
#691 = ORIENTED_EDGE('',*,*,#692,.F.);
#692 = EDGE_CURVE('',#653,#693,#695,.T.);
#693 = VERTEX_POINT('',#694);
#694 = CARTESIAN_POINT('',(-47.5,-15.,530.));
#695 = LINE('',#696,#697);
#696 = CARTESIAN_POINT('',(-61.5,-29.,530.));
#697 = VECTOR('',#698,1.);
#698 = DIRECTION('',(0.707106781187,0.707106781187,0.));
#699 = ORIENTED_EDGE('',*,*,#652,.T.);
#700 = ORIENTED_EDGE('',*,*,#701,.F.);
#701 = EDGE_CURVE('',#702,#655,#704,.T.);
#702 = VERTEX_POINT('',#703);
#703 = CARTESIAN_POINT('',(47.5,-15.,530.));
#704 = LINE('',#705,#706);
#705 = CARTESIAN_POINT('',(32.5,0.,530.));
#706 = VECTOR('',#707,1.);
#707 = DIRECTION('',(0.707106781187,-0.707106781187,0.));
#708 = ORIENTED_EDGE('',*,*,#709,.F.);
#709 = EDGE_CURVE('',#693,#702,#710,.T.);
#710 = LINE('',#711,#712);
#711 = CARTESIAN_POINT('',(-47.5,-15.,530.));
#712 = VECTOR('',#713,1.);
#713 = DIRECTION('',(1.,0.,-0.));
#714 = PLANE('',#715);
#715 = AXIS2_PLACEMENT_3D('',#716,#717,#718);
#716 = CARTESIAN_POINT('',(-61.5,-29.,530.));
#717 = DIRECTION('',(0.,0.,1.));
#718 = DIRECTION('',(1.,0.,-0.));
#719 = ADVANCED_FACE('',(#720),#738,.T.);
#720 = FACE_BOUND('',#721,.T.);
#721 = EDGE_LOOP('',(#722,#723,#731,#737));
#722 = ORIENTED_EDGE('',*,*,#701,.F.);
#723 = ORIENTED_EDGE('',*,*,#724,.T.);
#724 = EDGE_CURVE('',#702,#725,#727,.T.);
#725 = VERTEX_POINT('',#726);
#726 = CARTESIAN_POINT('',(47.5,-15.,550.));
#727 = LINE('',#728,#729);
#728 = CARTESIAN_POINT('',(47.5,-15.,530.));
#729 = VECTOR('',#730,1.);
#730 = DIRECTION('',(0.,0.,1.));
#731 = ORIENTED_EDGE('',*,*,#732,.T.);
#732 = EDGE_CURVE('',#725,#671,#733,.T.);
#733 = LINE('',#734,#735);
#734 = CARTESIAN_POINT('',(32.5,0.,550.));
#735 = VECTOR('',#736,1.);
#736 = DIRECTION('',(0.707106781187,-0.707106781187,0.));
#737 = ORIENTED_EDGE('',*,*,#678,.F.);
#738 = PLANE('',#739);
#739 = AXIS2_PLACEMENT_3D('',#740,#741,#742);
#740 = CARTESIAN_POINT('',(32.5,0.,530.));
#741 = DIRECTION('',(0.707106781187,0.707106781187,-0.));
#742 = DIRECTION('',(0.707106781187,-0.707106781187,0.));
#743 = ADVANCED_FACE('',(#744),#762,.T.);
#744 = FACE_BOUND('',#745,.T.);
#745 = EDGE_LOOP('',(#746,#754,#755,#756));
#746 = ORIENTED_EDGE('',*,*,#747,.F.);
#747 = EDGE_CURVE('',#663,#748,#750,.T.);
#748 = VERTEX_POINT('',#749);
#749 = CARTESIAN_POINT('',(-47.5,-15.,550.));
#750 = LINE('',#751,#752);
#751 = CARTESIAN_POINT('',(-61.5,-29.,550.));
#752 = VECTOR('',#753,1.);
#753 = DIRECTION('',(0.707106781187,0.707106781187,0.));
#754 = ORIENTED_EDGE('',*,*,#670,.T.);
#755 = ORIENTED_EDGE('',*,*,#732,.F.);
#756 = ORIENTED_EDGE('',*,*,#757,.F.);
#757 = EDGE_CURVE('',#748,#725,#758,.T.);
#758 = LINE('',#759,#760);
#759 = CARTESIAN_POINT('',(-47.5,-15.,550.));
#760 = VECTOR('',#761,1.);
#761 = DIRECTION('',(1.,0.,-0.));
#762 = PLANE('',#763);
#763 = AXIS2_PLACEMENT_3D('',#764,#765,#766);
#764 = CARTESIAN_POINT('',(-61.5,-29.,550.));
#765 = DIRECTION('',(0.,0.,1.));
#766 = DIRECTION('',(1.,0.,-0.));
#767 = ADVANCED_FACE('',(#768),#779,.T.);
#768 = FACE_BOUND('',#769,.T.);
#769 = EDGE_LOOP('',(#770,#771,#772,#773));
#770 = ORIENTED_EDGE('',*,*,#692,.F.);
#771 = ORIENTED_EDGE('',*,*,#662,.T.);
#772 = ORIENTED_EDGE('',*,*,#747,.T.);
#773 = ORIENTED_EDGE('',*,*,#774,.F.);
#774 = EDGE_CURVE('',#693,#748,#775,.T.);
#775 = LINE('',#776,#777);
#776 = CARTESIAN_POINT('',(-47.5,-15.,530.));
#777 = VECTOR('',#778,1.);
#778 = DIRECTION('',(0.,0.,1.));
#779 = PLANE('',#780);
#780 = AXIS2_PLACEMENT_3D('',#781,#782,#783);
#781 = CARTESIAN_POINT('',(-61.5,-29.,530.));
#782 = DIRECTION('',(-0.707106781187,0.707106781187,0.));
#783 = DIRECTION('',(0.707106781187,0.707106781187,0.));
#784 = ADVANCED_FACE('',(#785),#791,.T.);
#785 = FACE_BOUND('',#786,.T.);
#786 = EDGE_LOOP('',(#787,#788,#789,#790));
#787 = ORIENTED_EDGE('',*,*,#709,.F.);
#788 = ORIENTED_EDGE('',*,*,#774,.T.);
#789 = ORIENTED_EDGE('',*,*,#757,.T.);
#790 = ORIENTED_EDGE('',*,*,#724,.F.);
#791 = PLANE('',#792);
#792 = AXIS2_PLACEMENT_3D('',#793,#794,#795);
#793 = CARTESIAN_POINT('',(-47.5,-15.,530.));
#794 = DIRECTION('',(-0.,1.,0.));
#795 = DIRECTION('',(0.,0.,1.));
#796 = ( GEOMETRIC_REPRESENTATION_CONTEXT(3) 
GLOBAL_UNCERTAINTY_ASSIGNED_CONTEXT((#800)) GLOBAL_UNIT_ASSIGNED_CONTEXT
((#797,#798,#799)) REPRESENTATION_CONTEXT('Context #1',
  '3D Context with UNIT and UNCERTAINTY') );
#797 = ( LENGTH_UNIT() NAMED_UNIT(*) SI_UNIT(.MILLI.,.METRE.) );
#798 = ( NAMED_UNIT(*) PLANE_ANGLE_UNIT() SI_UNIT($,.RADIAN.) );
#799 = ( NAMED_UNIT(*) SI_UNIT($,.STERADIAN.) SOLID_ANGLE_UNIT() );
#800 = UNCERTAINTY_MEASURE_WITH_UNIT(LENGTH_MEASURE(1.E-07),#797,
  'distance_accuracy_value','confusion accuracy');
#801 = CONTEXT_DEPENDENT_SHAPE_REPRESENTATION(#802,#804);
#802 = ( REPRESENTATION_RELATIONSHIP('','',#645,#10) 
REPRESENTATION_RELATIONSHIP_WITH_TRANSFORMATION(#803) 
SHAPE_REPRESENTATION_RELATIONSHIP() );
#803 = ITEM_DEFINED_TRANSFORMATION('','',#11,#23);
#804 = PRODUCT_DEFINITION_SHAPE('Placement','Placement of an item',#805
  );
#805 = NEXT_ASSEMBLY_USAGE_OCCURRENCE('3','P03 Grip mitred strip south',
  '',#5,#640,$);
#806 = PRODUCT_RELATED_PRODUCT_CATEGORY('part',$,(#642));
#807 = SHAPE_DEFINITION_REPRESENTATION(#808,#814);
#808 = PRODUCT_DEFINITION_SHAPE('','',#809);
#809 = PRODUCT_DEFINITION('design','',#810,#813);
#810 = PRODUCT_DEFINITION_FORMATION('','',#811);
#811 = PRODUCT('P04 Grip mitred strip east','P04 Grip mitred strip east'
  ,'',(#812));
#812 = PRODUCT_CONTEXT('',#2,'mechanical');
#813 = PRODUCT_DEFINITION_CONTEXT('part definition',#2,'design');
#814 = ADVANCED_BREP_SHAPE_REPRESENTATION('',(#11,#815),#965);
#815 = MANIFOLD_SOLID_BREP('',#816);
#816 = CLOSED_SHELL('',(#817,#857,#888,#912,#936,#953));
#817 = ADVANCED_FACE('',(#818),#852,.T.);
#818 = FACE_BOUND('',#819,.T.);
#819 = EDGE_LOOP('',(#820,#830,#838,#846));
#820 = ORIENTED_EDGE('',*,*,#821,.F.);
#821 = EDGE_CURVE('',#822,#824,#826,.T.);
#822 = VERTEX_POINT('',#823);
#823 = CARTESIAN_POINT('',(61.5,-29.,530.));
#824 = VERTEX_POINT('',#825);
#825 = CARTESIAN_POINT('',(61.5,-29.,550.));
#826 = LINE('',#827,#828);
#827 = CARTESIAN_POINT('',(61.5,-29.,530.));
#828 = VECTOR('',#829,1.);
#829 = DIRECTION('',(0.,0.,1.));
#830 = ORIENTED_EDGE('',*,*,#831,.T.);
#831 = EDGE_CURVE('',#822,#832,#834,.T.);
#832 = VERTEX_POINT('',#833);
#833 = CARTESIAN_POINT('',(61.5,29.,530.));
#834 = LINE('',#835,#836);
#835 = CARTESIAN_POINT('',(61.5,-29.,530.));
#836 = VECTOR('',#837,1.);
#837 = DIRECTION('',(-0.,1.,0.));
#838 = ORIENTED_EDGE('',*,*,#839,.T.);
#839 = EDGE_CURVE('',#832,#840,#842,.T.);
#840 = VERTEX_POINT('',#841);
#841 = CARTESIAN_POINT('',(61.5,29.,550.));
#842 = LINE('',#843,#844);
#843 = CARTESIAN_POINT('',(61.5,29.,530.));
#844 = VECTOR('',#845,1.);
#845 = DIRECTION('',(0.,0.,1.));
#846 = ORIENTED_EDGE('',*,*,#847,.F.);
#847 = EDGE_CURVE('',#824,#840,#848,.T.);
#848 = LINE('',#849,#850);
#849 = CARTESIAN_POINT('',(61.5,-29.,550.));
#850 = VECTOR('',#851,1.);
#851 = DIRECTION('',(-0.,1.,0.));
#852 = PLANE('',#853);
#853 = AXIS2_PLACEMENT_3D('',#854,#855,#856);
#854 = CARTESIAN_POINT('',(61.5,-29.,530.));
#855 = DIRECTION('',(1.,0.,-0.));
#856 = DIRECTION('',(0.,0.,1.));
#857 = ADVANCED_FACE('',(#858),#883,.T.);
#858 = FACE_BOUND('',#859,.T.);
#859 = EDGE_LOOP('',(#860,#868,#869,#877));
#860 = ORIENTED_EDGE('',*,*,#861,.F.);
#861 = EDGE_CURVE('',#822,#862,#864,.T.);
#862 = VERTEX_POINT('',#863);
#863 = CARTESIAN_POINT('',(47.5,-15.,530.));
#864 = LINE('',#865,#866);
#865 = CARTESIAN_POINT('',(61.5,-29.,530.));
#866 = VECTOR('',#867,1.);
#867 = DIRECTION('',(-0.707106781187,0.707106781187,0.));
#868 = ORIENTED_EDGE('',*,*,#821,.T.);
#869 = ORIENTED_EDGE('',*,*,#870,.T.);
#870 = EDGE_CURVE('',#824,#871,#873,.T.);
#871 = VERTEX_POINT('',#872);
#872 = CARTESIAN_POINT('',(47.5,-15.,550.));
#873 = LINE('',#874,#875);
#874 = CARTESIAN_POINT('',(61.5,-29.,550.));
#875 = VECTOR('',#876,1.);
#876 = DIRECTION('',(-0.707106781187,0.707106781187,0.));
#877 = ORIENTED_EDGE('',*,*,#878,.F.);
#878 = EDGE_CURVE('',#862,#871,#879,.T.);
#879 = LINE('',#880,#881);
#880 = CARTESIAN_POINT('',(47.5,-15.,530.));
#881 = VECTOR('',#882,1.);
#882 = DIRECTION('',(0.,0.,1.));
#883 = PLANE('',#884);
#884 = AXIS2_PLACEMENT_3D('',#885,#886,#887);
#885 = CARTESIAN_POINT('',(61.5,-29.,530.));
#886 = DIRECTION('',(-0.707106781187,-0.707106781187,0.));
#887 = DIRECTION('',(-0.707106781187,0.707106781187,0.));
#888 = ADVANCED_FACE('',(#889),#907,.T.);
#889 = FACE_BOUND('',#890,.T.);
#890 = EDGE_LOOP('',(#891,#892,#900,#906));
#891 = ORIENTED_EDGE('',*,*,#847,.T.);
#892 = ORIENTED_EDGE('',*,*,#893,.F.);
#893 = EDGE_CURVE('',#894,#840,#896,.T.);
#894 = VERTEX_POINT('',#895);
#895 = CARTESIAN_POINT('',(47.5,15.,550.));
#896 = LINE('',#897,#898);
#897 = CARTESIAN_POINT('',(32.5,0.,550.));
#898 = VECTOR('',#899,1.);
#899 = DIRECTION('',(0.707106781187,0.707106781187,0.));
#900 = ORIENTED_EDGE('',*,*,#901,.F.);
#901 = EDGE_CURVE('',#871,#894,#902,.T.);
#902 = LINE('',#903,#904);
#903 = CARTESIAN_POINT('',(47.5,-15.,550.));
#904 = VECTOR('',#905,1.);
#905 = DIRECTION('',(-0.,1.,0.));
#906 = ORIENTED_EDGE('',*,*,#870,.F.);
#907 = PLANE('',#908);
#908 = AXIS2_PLACEMENT_3D('',#909,#910,#911);
#909 = CARTESIAN_POINT('',(-61.5,-29.,550.));
#910 = DIRECTION('',(0.,0.,1.));
#911 = DIRECTION('',(1.,0.,-0.));
#912 = ADVANCED_FACE('',(#913),#931,.T.);
#913 = FACE_BOUND('',#914,.T.);
#914 = EDGE_LOOP('',(#915,#923,#929,#930));
#915 = ORIENTED_EDGE('',*,*,#916,.F.);
#916 = EDGE_CURVE('',#917,#832,#919,.T.);
#917 = VERTEX_POINT('',#918);
#918 = CARTESIAN_POINT('',(47.5,15.,530.));
#919 = LINE('',#920,#921);
#920 = CARTESIAN_POINT('',(32.5,0.,530.));
#921 = VECTOR('',#922,1.);
#922 = DIRECTION('',(0.707106781187,0.707106781187,0.));
#923 = ORIENTED_EDGE('',*,*,#924,.T.);
#924 = EDGE_CURVE('',#917,#894,#925,.T.);
#925 = LINE('',#926,#927);
#926 = CARTESIAN_POINT('',(47.5,15.,530.));
#927 = VECTOR('',#928,1.);
#928 = DIRECTION('',(0.,0.,1.));
#929 = ORIENTED_EDGE('',*,*,#893,.T.);
#930 = ORIENTED_EDGE('',*,*,#839,.F.);
#931 = PLANE('',#932);
#932 = AXIS2_PLACEMENT_3D('',#933,#934,#935);
#933 = CARTESIAN_POINT('',(32.5,0.,530.));
#934 = DIRECTION('',(-0.707106781187,0.707106781187,0.));
#935 = DIRECTION('',(0.707106781187,0.707106781187,0.));
#936 = ADVANCED_FACE('',(#937),#948,.F.);
#937 = FACE_BOUND('',#938,.F.);
#938 = EDGE_LOOP('',(#939,#940,#941,#947));
#939 = ORIENTED_EDGE('',*,*,#831,.T.);
#940 = ORIENTED_EDGE('',*,*,#916,.F.);
#941 = ORIENTED_EDGE('',*,*,#942,.F.);
#942 = EDGE_CURVE('',#862,#917,#943,.T.);
#943 = LINE('',#944,#945);
#944 = CARTESIAN_POINT('',(47.5,-15.,530.));
#945 = VECTOR('',#946,1.);
#946 = DIRECTION('',(-0.,1.,0.));
#947 = ORIENTED_EDGE('',*,*,#861,.F.);
#948 = PLANE('',#949);
#949 = AXIS2_PLACEMENT_3D('',#950,#951,#952);
#950 = CARTESIAN_POINT('',(-61.5,-29.,530.));
#951 = DIRECTION('',(0.,0.,1.));
#952 = DIRECTION('',(1.,0.,-0.));
#953 = ADVANCED_FACE('',(#954),#960,.F.);
#954 = FACE_BOUND('',#955,.F.);
#955 = EDGE_LOOP('',(#956,#957,#958,#959));
#956 = ORIENTED_EDGE('',*,*,#878,.F.);
#957 = ORIENTED_EDGE('',*,*,#942,.T.);
#958 = ORIENTED_EDGE('',*,*,#924,.T.);
#959 = ORIENTED_EDGE('',*,*,#901,.F.);
#960 = PLANE('',#961);
#961 = AXIS2_PLACEMENT_3D('',#962,#963,#964);
#962 = CARTESIAN_POINT('',(47.5,-15.,530.));
#963 = DIRECTION('',(1.,0.,-0.));
#964 = DIRECTION('',(0.,0.,1.));
#965 = ( GEOMETRIC_REPRESENTATION_CONTEXT(3) 
GLOBAL_UNCERTAINTY_ASSIGNED_CONTEXT((#969)) GLOBAL_UNIT_ASSIGNED_CONTEXT
((#966,#967,#968)) REPRESENTATION_CONTEXT('Context #1',
  '3D Context with UNIT and UNCERTAINTY') );
#966 = ( LENGTH_UNIT() NAMED_UNIT(*) SI_UNIT(.MILLI.,.METRE.) );
#967 = ( NAMED_UNIT(*) PLANE_ANGLE_UNIT() SI_UNIT($,.RADIAN.) );
#968 = ( NAMED_UNIT(*) SI_UNIT($,.STERADIAN.) SOLID_ANGLE_UNIT() );
#969 = UNCERTAINTY_MEASURE_WITH_UNIT(LENGTH_MEASURE(1.E-07),#966,
  'distance_accuracy_value','confusion accuracy');
#970 = CONTEXT_DEPENDENT_SHAPE_REPRESENTATION(#971,#973);
#971 = ( REPRESENTATION_RELATIONSHIP('','',#814,#10) 
REPRESENTATION_RELATIONSHIP_WITH_TRANSFORMATION(#972) 
SHAPE_REPRESENTATION_RELATIONSHIP() );
#972 = ITEM_DEFINED_TRANSFORMATION('','',#11,#27);
#973 = PRODUCT_DEFINITION_SHAPE('Placement','Placement of an item',#974
  );
#974 = NEXT_ASSEMBLY_USAGE_OCCURRENCE('4','P04 Grip mitred strip east',
  '',#5,#809,$);
#975 = PRODUCT_RELATED_PRODUCT_CATEGORY('part',$,(#811));
#976 = SHAPE_DEFINITION_REPRESENTATION(#977,#983);
#977 = PRODUCT_DEFINITION_SHAPE('','',#978);
#978 = PRODUCT_DEFINITION('design','',#979,#982);
#979 = PRODUCT_DEFINITION_FORMATION('','',#980);
#980 = PRODUCT('P05 Grip mitred strip west','P05 Grip mitred strip west'
  ,'',(#981));
#981 = PRODUCT_CONTEXT('',#2,'mechanical');
#982 = PRODUCT_DEFINITION_CONTEXT('part definition',#2,'design');
#983 = ADVANCED_BREP_SHAPE_REPRESENTATION('',(#11,#984),#1134);
#984 = MANIFOLD_SOLID_BREP('',#985);
#985 = CLOSED_SHELL('',(#986,#1026,#1057,#1081,#1105,#1122));
#986 = ADVANCED_FACE('',(#987),#1021,.F.);
#987 = FACE_BOUND('',#988,.F.);
#988 = EDGE_LOOP('',(#989,#999,#1007,#1015));
#989 = ORIENTED_EDGE('',*,*,#990,.F.);
#990 = EDGE_CURVE('',#991,#993,#995,.T.);
#991 = VERTEX_POINT('',#992);
#992 = CARTESIAN_POINT('',(-61.5,-29.,530.));
#993 = VERTEX_POINT('',#994);
#994 = CARTESIAN_POINT('',(-61.5,-29.,550.));
#995 = LINE('',#996,#997);
#996 = CARTESIAN_POINT('',(-61.5,-29.,530.));
#997 = VECTOR('',#998,1.);
#998 = DIRECTION('',(0.,0.,1.));
#999 = ORIENTED_EDGE('',*,*,#1000,.T.);
#1000 = EDGE_CURVE('',#991,#1001,#1003,.T.);
#1001 = VERTEX_POINT('',#1002);
#1002 = CARTESIAN_POINT('',(-61.5,29.,530.));
#1003 = LINE('',#1004,#1005);
#1004 = CARTESIAN_POINT('',(-61.5,-29.,530.));
#1005 = VECTOR('',#1006,1.);
#1006 = DIRECTION('',(-0.,1.,0.));
#1007 = ORIENTED_EDGE('',*,*,#1008,.T.);
#1008 = EDGE_CURVE('',#1001,#1009,#1011,.T.);
#1009 = VERTEX_POINT('',#1010);
#1010 = CARTESIAN_POINT('',(-61.5,29.,550.));
#1011 = LINE('',#1012,#1013);
#1012 = CARTESIAN_POINT('',(-61.5,29.,530.));
#1013 = VECTOR('',#1014,1.);
#1014 = DIRECTION('',(0.,0.,1.));
#1015 = ORIENTED_EDGE('',*,*,#1016,.F.);
#1016 = EDGE_CURVE('',#993,#1009,#1017,.T.);
#1017 = LINE('',#1018,#1019);
#1018 = CARTESIAN_POINT('',(-61.5,-29.,550.));
#1019 = VECTOR('',#1020,1.);
#1020 = DIRECTION('',(-0.,1.,0.));
#1021 = PLANE('',#1022);
#1022 = AXIS2_PLACEMENT_3D('',#1023,#1024,#1025);
#1023 = CARTESIAN_POINT('',(-61.5,-29.,530.));
#1024 = DIRECTION('',(1.,0.,-0.));
#1025 = DIRECTION('',(0.,0.,1.));
#1026 = ADVANCED_FACE('',(#1027),#1052,.T.);
#1027 = FACE_BOUND('',#1028,.T.);
#1028 = EDGE_LOOP('',(#1029,#1037,#1045,#1051));
#1029 = ORIENTED_EDGE('',*,*,#1030,.F.);
#1030 = EDGE_CURVE('',#1031,#991,#1033,.T.);
#1031 = VERTEX_POINT('',#1032);
#1032 = CARTESIAN_POINT('',(-47.5,-15.,530.));
#1033 = LINE('',#1034,#1035);
#1034 = CARTESIAN_POINT('',(-32.5,0.,530.));
#1035 = VECTOR('',#1036,1.);
#1036 = DIRECTION('',(-0.707106781187,-0.707106781187,0.));
#1037 = ORIENTED_EDGE('',*,*,#1038,.T.);
#1038 = EDGE_CURVE('',#1031,#1039,#1041,.T.);
#1039 = VERTEX_POINT('',#1040);
#1040 = CARTESIAN_POINT('',(-47.5,-15.,550.));
#1041 = LINE('',#1042,#1043);
#1042 = CARTESIAN_POINT('',(-47.5,-15.,530.));
#1043 = VECTOR('',#1044,1.);
#1044 = DIRECTION('',(0.,0.,1.));
#1045 = ORIENTED_EDGE('',*,*,#1046,.T.);
#1046 = EDGE_CURVE('',#1039,#993,#1047,.T.);
#1047 = LINE('',#1048,#1049);
#1048 = CARTESIAN_POINT('',(-32.5,0.,550.));
#1049 = VECTOR('',#1050,1.);
#1050 = DIRECTION('',(-0.707106781187,-0.707106781187,0.));
#1051 = ORIENTED_EDGE('',*,*,#990,.F.);
#1052 = PLANE('',#1053);
#1053 = AXIS2_PLACEMENT_3D('',#1054,#1055,#1056);
#1054 = CARTESIAN_POINT('',(-32.5,0.,530.));
#1055 = DIRECTION('',(0.707106781187,-0.707106781187,0.));
#1056 = DIRECTION('',(-0.707106781187,-0.707106781187,0.));
#1057 = ADVANCED_FACE('',(#1058),#1076,.T.);
#1058 = FACE_BOUND('',#1059,.T.);
#1059 = EDGE_LOOP('',(#1060,#1061,#1062,#1070));
#1060 = ORIENTED_EDGE('',*,*,#1016,.F.);
#1061 = ORIENTED_EDGE('',*,*,#1046,.F.);
#1062 = ORIENTED_EDGE('',*,*,#1063,.T.);
#1063 = EDGE_CURVE('',#1039,#1064,#1066,.T.);
#1064 = VERTEX_POINT('',#1065);
#1065 = CARTESIAN_POINT('',(-47.5,15.,550.));
#1066 = LINE('',#1067,#1068);
#1067 = CARTESIAN_POINT('',(-47.5,-15.,550.));
#1068 = VECTOR('',#1069,1.);
#1069 = DIRECTION('',(-0.,1.,0.));
#1070 = ORIENTED_EDGE('',*,*,#1071,.F.);
#1071 = EDGE_CURVE('',#1009,#1064,#1072,.T.);
#1072 = LINE('',#1073,#1074);
#1073 = CARTESIAN_POINT('',(-61.5,29.,550.));
#1074 = VECTOR('',#1075,1.);
#1075 = DIRECTION('',(0.707106781187,-0.707106781187,0.));
#1076 = PLANE('',#1077);
#1077 = AXIS2_PLACEMENT_3D('',#1078,#1079,#1080);
#1078 = CARTESIAN_POINT('',(-61.5,-29.,550.));
#1079 = DIRECTION('',(0.,0.,1.));
#1080 = DIRECTION('',(1.,0.,-0.));
#1081 = ADVANCED_FACE('',(#1082),#1100,.T.);
#1082 = FACE_BOUND('',#1083,.T.);
#1083 = EDGE_LOOP('',(#1084,#1092,#1093,#1094));
#1084 = ORIENTED_EDGE('',*,*,#1085,.F.);
#1085 = EDGE_CURVE('',#1001,#1086,#1088,.T.);
#1086 = VERTEX_POINT('',#1087);
#1087 = CARTESIAN_POINT('',(-47.5,15.,530.));
#1088 = LINE('',#1089,#1090);
#1089 = CARTESIAN_POINT('',(-61.5,29.,530.));
#1090 = VECTOR('',#1091,1.);
#1091 = DIRECTION('',(0.707106781187,-0.707106781187,0.));
#1092 = ORIENTED_EDGE('',*,*,#1008,.T.);
#1093 = ORIENTED_EDGE('',*,*,#1071,.T.);
#1094 = ORIENTED_EDGE('',*,*,#1095,.F.);
#1095 = EDGE_CURVE('',#1086,#1064,#1096,.T.);
#1096 = LINE('',#1097,#1098);
#1097 = CARTESIAN_POINT('',(-47.5,15.,530.));
#1098 = VECTOR('',#1099,1.);
#1099 = DIRECTION('',(0.,0.,1.));
#1100 = PLANE('',#1101);
#1101 = AXIS2_PLACEMENT_3D('',#1102,#1103,#1104);
#1102 = CARTESIAN_POINT('',(-61.5,29.,530.));
#1103 = DIRECTION('',(0.707106781187,0.707106781187,-0.));
#1104 = DIRECTION('',(0.707106781187,-0.707106781187,0.));
#1105 = ADVANCED_FACE('',(#1106),#1117,.F.);
#1106 = FACE_BOUND('',#1107,.F.);
#1107 = EDGE_LOOP('',(#1108,#1109,#1110,#1116));
#1108 = ORIENTED_EDGE('',*,*,#1000,.F.);
#1109 = ORIENTED_EDGE('',*,*,#1030,.F.);
#1110 = ORIENTED_EDGE('',*,*,#1111,.T.);
#1111 = EDGE_CURVE('',#1031,#1086,#1112,.T.);
#1112 = LINE('',#1113,#1114);
#1113 = CARTESIAN_POINT('',(-47.5,-15.,530.));
#1114 = VECTOR('',#1115,1.);
#1115 = DIRECTION('',(-0.,1.,0.));
#1116 = ORIENTED_EDGE('',*,*,#1085,.F.);
#1117 = PLANE('',#1118);
#1118 = AXIS2_PLACEMENT_3D('',#1119,#1120,#1121);
#1119 = CARTESIAN_POINT('',(-61.5,-29.,530.));
#1120 = DIRECTION('',(0.,0.,1.));
#1121 = DIRECTION('',(1.,0.,-0.));
#1122 = ADVANCED_FACE('',(#1123),#1129,.T.);
#1123 = FACE_BOUND('',#1124,.T.);
#1124 = EDGE_LOOP('',(#1125,#1126,#1127,#1128));
#1125 = ORIENTED_EDGE('',*,*,#1038,.F.);
#1126 = ORIENTED_EDGE('',*,*,#1111,.T.);
#1127 = ORIENTED_EDGE('',*,*,#1095,.T.);
#1128 = ORIENTED_EDGE('',*,*,#1063,.F.);
#1129 = PLANE('',#1130);
#1130 = AXIS2_PLACEMENT_3D('',#1131,#1132,#1133);
#1131 = CARTESIAN_POINT('',(-47.5,-15.,530.));
#1132 = DIRECTION('',(1.,0.,-0.));
#1133 = DIRECTION('',(0.,0.,1.));
#1134 = ( GEOMETRIC_REPRESENTATION_CONTEXT(3) 
GLOBAL_UNCERTAINTY_ASSIGNED_CONTEXT((#1138)) 
GLOBAL_UNIT_ASSIGNED_CONTEXT((#1135,#1136,#1137)) REPRESENTATION_CONTEXT
('Context #1','3D Context with UNIT and UNCERTAINTY') );
#1135 = ( LENGTH_UNIT() NAMED_UNIT(*) SI_UNIT(.MILLI.,.METRE.) );
#1136 = ( NAMED_UNIT(*) PLANE_ANGLE_UNIT() SI_UNIT($,.RADIAN.) );
#1137 = ( NAMED_UNIT(*) SI_UNIT($,.STERADIAN.) SOLID_ANGLE_UNIT() );
#1138 = UNCERTAINTY_MEASURE_WITH_UNIT(LENGTH_MEASURE(1.E-07),#1135,
  'distance_accuracy_value','confusion accuracy');
#1139 = CONTEXT_DEPENDENT_SHAPE_REPRESENTATION(#1140,#1142);
#1140 = ( REPRESENTATION_RELATIONSHIP('','',#983,#10) 
REPRESENTATION_RELATIONSHIP_WITH_TRANSFORMATION(#1141) 
SHAPE_REPRESENTATION_RELATIONSHIP() );
#1141 = ITEM_DEFINED_TRANSFORMATION('','',#11,#31);
#1142 = PRODUCT_DEFINITION_SHAPE('Placement','Placement of an item',
  #1143);
#1143 = NEXT_ASSEMBLY_USAGE_OCCURRENCE('5','P05 Grip mitred strip west',
  '',#5,#978,$);
#1144 = PRODUCT_RELATED_PRODUCT_CATEGORY('part',$,(#980));
#1145 = SHAPE_DEFINITION_REPRESENTATION(#1146,#1152);
#1146 = PRODUCT_DEFINITION_SHAPE('','',#1147);
#1147 = PRODUCT_DEFINITION('design','',#1148,#1151);
#1148 = PRODUCT_DEFINITION_FORMATION('','',#1149);
#1149 = PRODUCT('P06 Lower circular maple shelf — no opening',
  'P06 Lower circular maple shelf — no opening','',(#1150));
#1150 = PRODUCT_CONTEXT('',#2,'mechanical');
#1151 = PRODUCT_DEFINITION_CONTEXT('part definition',#2,'design');
#1152 = ADVANCED_BREP_SHAPE_REPRESENTATION('',(#11,#1153),#1206);
#1153 = MANIFOLD_SOLID_BREP('',#1154);
#1154 = CLOSED_SHELL('',(#1155,#1188,#1197));
#1155 = ADVANCED_FACE('',(#1156),#1183,.T.);
#1156 = FACE_BOUND('',#1157,.T.);
#1157 = EDGE_LOOP('',(#1158,#1167,#1175,#1182));
#1158 = ORIENTED_EDGE('',*,*,#1159,.F.);
#1159 = EDGE_CURVE('',#1160,#1160,#1162,.T.);
#1160 = VERTEX_POINT('',#1161);
#1161 = CARTESIAN_POINT('',(260.,-6.368163355566E-14,300.));
#1162 = CIRCLE('',#1163,260.);
#1163 = AXIS2_PLACEMENT_3D('',#1164,#1165,#1166);
#1164 = CARTESIAN_POINT('',(0.,0.,300.));
#1165 = DIRECTION('',(0.,0.,1.));
#1166 = DIRECTION('',(1.,0.,-0.));
#1167 = ORIENTED_EDGE('',*,*,#1168,.F.);
#1168 = EDGE_CURVE('',#1169,#1160,#1171,.T.);
#1169 = VERTEX_POINT('',#1170);
#1170 = CARTESIAN_POINT('',(260.,-6.368163355566E-14,280.));
#1171 = LINE('',#1172,#1173);
#1172 = CARTESIAN_POINT('',(260.,-6.368163355566E-14,280.));
#1173 = VECTOR('',#1174,1.);
#1174 = DIRECTION('',(0.,0.,1.));
#1175 = ORIENTED_EDGE('',*,*,#1176,.T.);
#1176 = EDGE_CURVE('',#1169,#1169,#1177,.T.);
#1177 = CIRCLE('',#1178,260.);
#1178 = AXIS2_PLACEMENT_3D('',#1179,#1180,#1181);
#1179 = CARTESIAN_POINT('',(0.,0.,280.));
#1180 = DIRECTION('',(0.,0.,1.));
#1181 = DIRECTION('',(1.,0.,-0.));
#1182 = ORIENTED_EDGE('',*,*,#1168,.T.);
#1183 = CYLINDRICAL_SURFACE('',#1184,260.);
#1184 = AXIS2_PLACEMENT_3D('',#1185,#1186,#1187);
#1185 = CARTESIAN_POINT('',(0.,0.,280.));
#1186 = DIRECTION('',(0.,0.,1.));
#1187 = DIRECTION('',(1.,0.,-0.));
#1188 = ADVANCED_FACE('',(#1189),#1192,.T.);
#1189 = FACE_BOUND('',#1190,.T.);
#1190 = EDGE_LOOP('',(#1191));
#1191 = ORIENTED_EDGE('',*,*,#1159,.T.);
#1192 = PLANE('',#1193);
#1193 = AXIS2_PLACEMENT_3D('',#1194,#1195,#1196);
#1194 = CARTESIAN_POINT('',(0.,0.,300.));
#1195 = DIRECTION('',(0.,0.,1.));
#1196 = DIRECTION('',(1.,0.,-0.));
#1197 = ADVANCED_FACE('',(#1198),#1201,.F.);
#1198 = FACE_BOUND('',#1199,.T.);
#1199 = EDGE_LOOP('',(#1200));
#1200 = ORIENTED_EDGE('',*,*,#1176,.F.);
#1201 = PLANE('',#1202);
#1202 = AXIS2_PLACEMENT_3D('',#1203,#1204,#1205);
#1203 = CARTESIAN_POINT('',(0.,0.,280.));
#1204 = DIRECTION('',(0.,0.,1.));
#1205 = DIRECTION('',(1.,0.,-0.));
#1206 = ( GEOMETRIC_REPRESENTATION_CONTEXT(3) 
GLOBAL_UNCERTAINTY_ASSIGNED_CONTEXT((#1210)) 
GLOBAL_UNIT_ASSIGNED_CONTEXT((#1207,#1208,#1209)) REPRESENTATION_CONTEXT
('Context #1','3D Context with UNIT and UNCERTAINTY') );
#1207 = ( LENGTH_UNIT() NAMED_UNIT(*) SI_UNIT(.MILLI.,.METRE.) );
#1208 = ( NAMED_UNIT(*) PLANE_ANGLE_UNIT() SI_UNIT($,.RADIAN.) );
#1209 = ( NAMED_UNIT(*) SI_UNIT($,.STERADIAN.) SOLID_ANGLE_UNIT() );
#1210 = UNCERTAINTY_MEASURE_WITH_UNIT(LENGTH_MEASURE(1.E-07),#1207,
  'distance_accuracy_value','confusion accuracy');
#1211 = CONTEXT_DEPENDENT_SHAPE_REPRESENTATION(#1212,#1214);
#1212 = ( REPRESENTATION_RELATIONSHIP('','',#1152,#10) 
REPRESENTATION_RELATIONSHIP_WITH_TRANSFORMATION(#1213) 
SHAPE_REPRESENTATION_RELATIONSHIP() );
#1213 = ITEM_DEFINED_TRANSFORMATION('','',#11,#35);
#1214 = PRODUCT_DEFINITION_SHAPE('Placement','Placement of an item',
  #1215);
#1215 = NEXT_ASSEMBLY_USAGE_OCCURRENCE('6',
  'P06 Lower circular maple shelf — no opening','',#5,#1147,$);
#1216 = PRODUCT_RELATED_PRODUCT_CATEGORY('part',$,(#1149));
#1217 = SHAPE_DEFINITION_REPRESENTATION(#1218,#1224);
#1218 = PRODUCT_DEFINITION_SHAPE('','',#1219);
#1219 = PRODUCT_DEFINITION('design','',#1220,#1223);
#1220 = PRODUCT_DEFINITION_FORMATION('','',#1221);
#1221 = PRODUCT('P07 Arched blade 45 / maple segment 1',
  'P07 Arched blade 45 / maple segment 1','',(#1222));
#1222 = PRODUCT_CONTEXT('',#2,'mechanical');
#1223 = PRODUCT_DEFINITION_CONTEXT('part definition',#2,'design');
#1224 = ADVANCED_BREP_SHAPE_REPRESENTATION('',(#11,#1225),#1741);
#1225 = MANIFOLD_SOLID_BREP('',#1226);
#1226 = CLOSED_SHELL('',(#1227,#1299,#1363,#1387,#1444,#1468,#1525,#1549
    ,#1606,#1623,#1639,#1656,#1673,#1690,#1707,#1724));
#1227 = ADVANCED_FACE('',(#1228),#1294,.F.);
#1228 = FACE_BOUND('',#1229,.F.);
#1229 = EDGE_LOOP('',(#1230,#1240,#1248,#1256,#1264,#1272,#1280,#1288));
#1230 = ORIENTED_EDGE('',*,*,#1231,.F.);
#1231 = EDGE_CURVE('',#1232,#1234,#1236,.T.);
#1232 = VERTEX_POINT('',#1233);
#1233 = CARTESIAN_POINT('',(229.80970388562,144.95689014324,18.));
#1234 = VERTEX_POINT('',#1235);
#1235 = CARTESIAN_POINT('',(229.80970388562,144.95689014324,
    353.90524980688));
#1236 = LINE('',#1237,#1238);
#1237 = CARTESIAN_POINT('',(229.80970388562,144.95689014324,18.));
#1238 = VECTOR('',#1239,1.);
#1239 = DIRECTION('',(0.,0.,1.));
#1240 = ORIENTED_EDGE('',*,*,#1241,.T.);
#1241 = EDGE_CURVE('',#1232,#1242,#1244,.T.);
#1242 = VERTEX_POINT('',#1243);
#1243 = CARTESIAN_POINT('',(198.69700551342,176.06958851545,18.));
#1244 = LINE('',#1245,#1246);
#1245 = CARTESIAN_POINT('',(229.80970388562,144.95689014324,18.));
#1246 = VECTOR('',#1247,1.);
#1247 = DIRECTION('',(-0.707106781187,0.707106781187,0.));
#1248 = ORIENTED_EDGE('',*,*,#1249,.T.);
#1249 = EDGE_CURVE('',#1242,#1250,#1252,.T.);
#1250 = VERTEX_POINT('',#1251);
#1251 = CARTESIAN_POINT('',(198.69700551342,176.06958851545,284.));
#1252 = LINE('',#1253,#1254);
#1253 = CARTESIAN_POINT('',(198.69700551342,176.06958851545,18.));
#1254 = VECTOR('',#1255,1.);
#1255 = DIRECTION('',(0.,0.,1.));
#1256 = ORIENTED_EDGE('',*,*,#1257,.F.);
#1257 = EDGE_CURVE('',#1258,#1250,#1260,.T.);
#1258 = VERTEX_POINT('',#1259);
#1259 = CARTESIAN_POINT('',(176.06958851545,198.69700551342,284.));
#1260 = LINE('',#1261,#1262);
#1261 = CARTESIAN_POINT('',(214.25335469952,160.51323932934,284.));
#1262 = VECTOR('',#1263,1.);
#1263 = DIRECTION('',(0.707106781187,-0.707106781187,0.));
#1264 = ORIENTED_EDGE('',*,*,#1265,.F.);
#1265 = EDGE_CURVE('',#1266,#1258,#1268,.T.);
#1266 = VERTEX_POINT('',#1267);
#1267 = CARTESIAN_POINT('',(176.06958851545,198.69700551342,18.));
#1268 = LINE('',#1269,#1270);
#1269 = CARTESIAN_POINT('',(176.06958851545,198.69700551342,18.));
#1270 = VECTOR('',#1271,1.);
#1271 = DIRECTION('',(0.,0.,1.));
#1272 = ORIENTED_EDGE('',*,*,#1273,.T.);
#1273 = EDGE_CURVE('',#1266,#1274,#1276,.T.);
#1274 = VERTEX_POINT('',#1275);
#1275 = CARTESIAN_POINT('',(144.95689014324,229.80970388562,18.));
#1276 = LINE('',#1277,#1278);
#1277 = CARTESIAN_POINT('',(229.80970388562,144.95689014324,18.));
#1278 = VECTOR('',#1279,1.);
#1279 = DIRECTION('',(-0.707106781187,0.707106781187,0.));
#1280 = ORIENTED_EDGE('',*,*,#1281,.T.);
#1281 = EDGE_CURVE('',#1274,#1282,#1284,.T.);
#1282 = VERTEX_POINT('',#1283);
#1283 = CARTESIAN_POINT('',(144.95689014324,229.80970388562,
    353.90524980688));
#1284 = LINE('',#1285,#1286);
#1285 = CARTESIAN_POINT('',(144.95689014324,229.80970388562,18.));
#1286 = VECTOR('',#1287,1.);
#1287 = DIRECTION('',(0.,0.,1.));
#1288 = ORIENTED_EDGE('',*,*,#1289,.F.);
#1289 = EDGE_CURVE('',#1234,#1282,#1290,.T.);
#1290 = LINE('',#1291,#1292);
#1291 = CARTESIAN_POINT('',(229.80970388562,144.95689014324,
    353.90524980688));
#1292 = VECTOR('',#1293,1.);
#1293 = DIRECTION('',(-0.707106781187,0.707106781187,0.));
#1294 = PLANE('',#1295);
#1295 = AXIS2_PLACEMENT_3D('',#1296,#1297,#1298);
#1296 = CARTESIAN_POINT('',(229.80970388562,144.95689014324,18.));
#1297 = DIRECTION('',(0.707106781187,0.707106781187,0.));
#1298 = DIRECTION('',(0.,0.,1.));
#1299 = ADVANCED_FACE('',(#1300,#1325,#1336,#1347),#1358,.F.);
#1300 = FACE_BOUND('',#1301,.F.);
#1301 = EDGE_LOOP('',(#1302,#1310,#1311,#1319));
#1302 = ORIENTED_EDGE('',*,*,#1303,.F.);
#1303 = EDGE_CURVE('',#1232,#1304,#1306,.T.);
#1304 = VERTEX_POINT('',#1305);
#1305 = CARTESIAN_POINT('',(243.95183950935,159.09902576697,18.));
#1306 = LINE('',#1307,#1308);
#1307 = CARTESIAN_POINT('',(229.80970388562,144.95689014324,18.));
#1308 = VECTOR('',#1309,1.);
#1309 = DIRECTION('',(0.707106781187,0.707106781187,0.));
#1310 = ORIENTED_EDGE('',*,*,#1231,.T.);
#1311 = ORIENTED_EDGE('',*,*,#1312,.T.);
#1312 = EDGE_CURVE('',#1234,#1313,#1315,.T.);
#1313 = VERTEX_POINT('',#1314);
#1314 = CARTESIAN_POINT('',(243.95183950935,159.09902576697,
    353.90524980688));
#1315 = LINE('',#1316,#1317);
#1316 = CARTESIAN_POINT('',(229.80970388562,144.95689014324,
    353.90524980688));
#1317 = VECTOR('',#1318,1.);
#1318 = DIRECTION('',(0.707106781187,0.707106781187,0.));
#1319 = ORIENTED_EDGE('',*,*,#1320,.F.);
#1320 = EDGE_CURVE('',#1304,#1313,#1321,.T.);
#1321 = LINE('',#1322,#1323);
#1322 = CARTESIAN_POINT('',(243.95183950935,159.09902576697,18.));
#1323 = VECTOR('',#1324,1.);
#1324 = DIRECTION('',(0.,0.,1.));
#1325 = FACE_BOUND('',#1326,.F.);
#1326 = EDGE_LOOP('',(#1327));
#1327 = ORIENTED_EDGE('',*,*,#1328,.F.);
#1328 = EDGE_CURVE('',#1329,#1329,#1331,.T.);
#1329 = VERTEX_POINT('',#1330);
#1330 = CARTESIAN_POINT('',(236.88077169749,152.0279579551,220.));
#1331 = CIRCLE('',#1332,3.);
#1332 = AXIS2_PLACEMENT_3D('',#1333,#1334,#1335);
#1333 = CARTESIAN_POINT('',(236.88077169749,152.0279579551,217.));
#1334 = DIRECTION('',(-0.707106781187,0.707106781187,0.));
#1335 = DIRECTION('',(0.,0.,1.));
#1336 = FACE_BOUND('',#1337,.F.);
#1337 = EDGE_LOOP('',(#1338));
#1338 = ORIENTED_EDGE('',*,*,#1339,.F.);
#1339 = EDGE_CURVE('',#1340,#1340,#1342,.T.);
#1340 = VERTEX_POINT('',#1341);
#1341 = CARTESIAN_POINT('',(236.88077169749,152.0279579551,248.));
#1342 = CIRCLE('',#1343,3.);
#1343 = AXIS2_PLACEMENT_3D('',#1344,#1345,#1346);
#1344 = CARTESIAN_POINT('',(236.88077169749,152.0279579551,245.));
#1345 = DIRECTION('',(-0.707106781187,0.707106781187,0.));
#1346 = DIRECTION('',(0.,0.,1.));
#1347 = FACE_BOUND('',#1348,.F.);
#1348 = EDGE_LOOP('',(#1349));
#1349 = ORIENTED_EDGE('',*,*,#1350,.F.);
#1350 = EDGE_CURVE('',#1351,#1351,#1353,.T.);
#1351 = VERTEX_POINT('',#1352);
#1352 = CARTESIAN_POINT('',(236.88077169749,152.0279579551,276.));
#1353 = CIRCLE('',#1354,3.);
#1354 = AXIS2_PLACEMENT_3D('',#1355,#1356,#1357);
#1355 = CARTESIAN_POINT('',(236.88077169749,152.0279579551,273.));
#1356 = DIRECTION('',(-0.707106781187,0.707106781187,0.));
#1357 = DIRECTION('',(0.,0.,1.));
#1358 = PLANE('',#1359);
#1359 = AXIS2_PLACEMENT_3D('',#1360,#1361,#1362);
#1360 = CARTESIAN_POINT('',(229.80970388562,144.95689014324,18.));
#1361 = DIRECTION('',(-0.707106781187,0.707106781187,0.));
#1362 = DIRECTION('',(0.,0.,1.));
#1363 = ADVANCED_FACE('',(#1364),#1382,.T.);
#1364 = FACE_BOUND('',#1365,.T.);
#1365 = EDGE_LOOP('',(#1366,#1367,#1368,#1376));
#1366 = ORIENTED_EDGE('',*,*,#1289,.F.);
#1367 = ORIENTED_EDGE('',*,*,#1312,.T.);
#1368 = ORIENTED_EDGE('',*,*,#1369,.T.);
#1369 = EDGE_CURVE('',#1313,#1370,#1372,.T.);
#1370 = VERTEX_POINT('',#1371);
#1371 = CARTESIAN_POINT('',(159.09902576697,243.95183950935,
    353.90524980688));
#1372 = LINE('',#1373,#1374);
#1373 = CARTESIAN_POINT('',(243.95183950935,159.09902576697,
    353.90524980688));
#1374 = VECTOR('',#1375,1.);
#1375 = DIRECTION('',(-0.707106781187,0.707106781187,0.));
#1376 = ORIENTED_EDGE('',*,*,#1377,.F.);
#1377 = EDGE_CURVE('',#1282,#1370,#1378,.T.);
#1378 = LINE('',#1379,#1380);
#1379 = CARTESIAN_POINT('',(144.95689014324,229.80970388562,
    353.90524980688));
#1380 = VECTOR('',#1381,1.);
#1381 = DIRECTION('',(0.707106781187,0.707106781187,0.));
#1382 = PLANE('',#1383);
#1383 = AXIS2_PLACEMENT_3D('',#1384,#1385,#1386);
#1384 = CARTESIAN_POINT('',(229.80970388562,144.95689014324,
    353.90524980688));
#1385 = DIRECTION('',(0.,0.,1.));
#1386 = DIRECTION('',(0.707106781187,0.707106781187,0.));
#1387 = ADVANCED_FACE('',(#1388,#1406,#1417,#1428),#1439,.T.);
#1388 = FACE_BOUND('',#1389,.T.);
#1389 = EDGE_LOOP('',(#1390,#1398,#1399,#1400));
#1390 = ORIENTED_EDGE('',*,*,#1391,.F.);
#1391 = EDGE_CURVE('',#1274,#1392,#1394,.T.);
#1392 = VERTEX_POINT('',#1393);
#1393 = CARTESIAN_POINT('',(159.09902576697,243.95183950935,18.));
#1394 = LINE('',#1395,#1396);
#1395 = CARTESIAN_POINT('',(144.95689014324,229.80970388562,18.));
#1396 = VECTOR('',#1397,1.);
#1397 = DIRECTION('',(0.707106781187,0.707106781187,0.));
#1398 = ORIENTED_EDGE('',*,*,#1281,.T.);
#1399 = ORIENTED_EDGE('',*,*,#1377,.T.);
#1400 = ORIENTED_EDGE('',*,*,#1401,.F.);
#1401 = EDGE_CURVE('',#1392,#1370,#1402,.T.);
#1402 = LINE('',#1403,#1404);
#1403 = CARTESIAN_POINT('',(159.09902576697,243.95183950935,18.));
#1404 = VECTOR('',#1405,1.);
#1405 = DIRECTION('',(0.,0.,1.));
#1406 = FACE_BOUND('',#1407,.T.);
#1407 = EDGE_LOOP('',(#1408));
#1408 = ORIENTED_EDGE('',*,*,#1409,.F.);
#1409 = EDGE_CURVE('',#1410,#1410,#1412,.T.);
#1410 = VERTEX_POINT('',#1411);
#1411 = CARTESIAN_POINT('',(152.0279579551,236.88077169749,220.));
#1412 = CIRCLE('',#1413,3.);
#1413 = AXIS2_PLACEMENT_3D('',#1414,#1415,#1416);
#1414 = CARTESIAN_POINT('',(152.0279579551,236.88077169749,217.));
#1415 = DIRECTION('',(-0.707106781187,0.707106781187,0.));
#1416 = DIRECTION('',(0.,0.,1.));
#1417 = FACE_BOUND('',#1418,.T.);
#1418 = EDGE_LOOP('',(#1419));
#1419 = ORIENTED_EDGE('',*,*,#1420,.F.);
#1420 = EDGE_CURVE('',#1421,#1421,#1423,.T.);
#1421 = VERTEX_POINT('',#1422);
#1422 = CARTESIAN_POINT('',(152.0279579551,236.88077169749,248.));
#1423 = CIRCLE('',#1424,3.);
#1424 = AXIS2_PLACEMENT_3D('',#1425,#1426,#1427);
#1425 = CARTESIAN_POINT('',(152.0279579551,236.88077169749,245.));
#1426 = DIRECTION('',(-0.707106781187,0.707106781187,0.));
#1427 = DIRECTION('',(0.,0.,1.));
#1428 = FACE_BOUND('',#1429,.T.);
#1429 = EDGE_LOOP('',(#1430));
#1430 = ORIENTED_EDGE('',*,*,#1431,.F.);
#1431 = EDGE_CURVE('',#1432,#1432,#1434,.T.);
#1432 = VERTEX_POINT('',#1433);
#1433 = CARTESIAN_POINT('',(152.0279579551,236.88077169749,276.));
#1434 = CIRCLE('',#1435,3.);
#1435 = AXIS2_PLACEMENT_3D('',#1436,#1437,#1438);
#1436 = CARTESIAN_POINT('',(152.0279579551,236.88077169749,273.));
#1437 = DIRECTION('',(-0.707106781187,0.707106781187,0.));
#1438 = DIRECTION('',(0.,0.,1.));
#1439 = PLANE('',#1440);
#1440 = AXIS2_PLACEMENT_3D('',#1441,#1442,#1443);
#1441 = CARTESIAN_POINT('',(144.95689014324,229.80970388562,18.));
#1442 = DIRECTION('',(-0.707106781187,0.707106781187,0.));
#1443 = DIRECTION('',(0.,0.,1.));
#1444 = ADVANCED_FACE('',(#1445),#1463,.F.);
#1445 = FACE_BOUND('',#1446,.F.);
#1446 = EDGE_LOOP('',(#1447,#1448,#1456,#1462));
#1447 = ORIENTED_EDGE('',*,*,#1273,.F.);
#1448 = ORIENTED_EDGE('',*,*,#1449,.T.);
#1449 = EDGE_CURVE('',#1266,#1450,#1452,.T.);
#1450 = VERTEX_POINT('',#1451);
#1451 = CARTESIAN_POINT('',(190.21172413918,212.83914113715,18.));
#1452 = LINE('',#1453,#1454);
#1453 = CARTESIAN_POINT('',(175.36248173426,197.98989873223,18.));
#1454 = VECTOR('',#1455,1.);
#1455 = DIRECTION('',(0.707106781187,0.707106781187,0.));
#1456 = ORIENTED_EDGE('',*,*,#1457,.T.);
#1457 = EDGE_CURVE('',#1450,#1392,#1458,.T.);
#1458 = LINE('',#1459,#1460);
#1459 = CARTESIAN_POINT('',(243.95183950935,159.09902576697,18.));
#1460 = VECTOR('',#1461,1.);
#1461 = DIRECTION('',(-0.707106781187,0.707106781187,0.));
#1462 = ORIENTED_EDGE('',*,*,#1391,.F.);
#1463 = PLANE('',#1464);
#1464 = AXIS2_PLACEMENT_3D('',#1465,#1466,#1467);
#1465 = CARTESIAN_POINT('',(229.80970388562,144.95689014324,18.));
#1466 = DIRECTION('',(0.,0.,1.));
#1467 = DIRECTION('',(0.707106781187,0.707106781187,0.));
#1468 = ADVANCED_FACE('',(#1469,#1487,#1498,#1509),#1520,.F.);
#1469 = FACE_BOUND('',#1470,.F.);
#1470 = EDGE_LOOP('',(#1471,#1472,#1473,#1481));
#1471 = ORIENTED_EDGE('',*,*,#1449,.F.);
#1472 = ORIENTED_EDGE('',*,*,#1265,.T.);
#1473 = ORIENTED_EDGE('',*,*,#1474,.T.);
#1474 = EDGE_CURVE('',#1258,#1475,#1477,.T.);
#1475 = VERTEX_POINT('',#1476);
#1476 = CARTESIAN_POINT('',(190.21172413918,212.83914113715,284.));
#1477 = LINE('',#1478,#1479);
#1478 = CARTESIAN_POINT('',(175.36248173426,197.98989873223,284.));
#1479 = VECTOR('',#1480,1.);
#1480 = DIRECTION('',(0.707106781187,0.707106781187,0.));
#1481 = ORIENTED_EDGE('',*,*,#1482,.F.);
#1482 = EDGE_CURVE('',#1450,#1475,#1483,.T.);
#1483 = LINE('',#1484,#1485);
#1484 = CARTESIAN_POINT('',(190.21172413918,212.83914113715,18.));
#1485 = VECTOR('',#1486,1.);
#1486 = DIRECTION('',(0.,0.,1.));
#1487 = FACE_BOUND('',#1488,.F.);
#1488 = EDGE_LOOP('',(#1489));
#1489 = ORIENTED_EDGE('',*,*,#1490,.F.);
#1490 = EDGE_CURVE('',#1491,#1491,#1493,.T.);
#1491 = VERTEX_POINT('',#1492);
#1492 = CARTESIAN_POINT('',(183.14065632731,205.76807332528,220.));
#1493 = CIRCLE('',#1494,3.);
#1494 = AXIS2_PLACEMENT_3D('',#1495,#1496,#1497);
#1495 = CARTESIAN_POINT('',(183.14065632731,205.76807332528,217.));
#1496 = DIRECTION('',(-0.707106781187,0.707106781187,0.));
#1497 = DIRECTION('',(0.,0.,1.));
#1498 = FACE_BOUND('',#1499,.F.);
#1499 = EDGE_LOOP('',(#1500));
#1500 = ORIENTED_EDGE('',*,*,#1501,.F.);
#1501 = EDGE_CURVE('',#1502,#1502,#1504,.T.);
#1502 = VERTEX_POINT('',#1503);
#1503 = CARTESIAN_POINT('',(183.14065632731,205.76807332528,248.));
#1504 = CIRCLE('',#1505,3.);
#1505 = AXIS2_PLACEMENT_3D('',#1506,#1507,#1508);
#1506 = CARTESIAN_POINT('',(183.14065632731,205.76807332528,245.));
#1507 = DIRECTION('',(-0.707106781187,0.707106781187,0.));
#1508 = DIRECTION('',(0.,0.,1.));
#1509 = FACE_BOUND('',#1510,.F.);
#1510 = EDGE_LOOP('',(#1511));
#1511 = ORIENTED_EDGE('',*,*,#1512,.F.);
#1512 = EDGE_CURVE('',#1513,#1513,#1515,.T.);
#1513 = VERTEX_POINT('',#1514);
#1514 = CARTESIAN_POINT('',(183.14065632731,205.76807332528,276.));
#1515 = CIRCLE('',#1516,3.);
#1516 = AXIS2_PLACEMENT_3D('',#1517,#1518,#1519);
#1517 = CARTESIAN_POINT('',(183.14065632731,205.76807332528,273.));
#1518 = DIRECTION('',(-0.707106781187,0.707106781187,0.));
#1519 = DIRECTION('',(0.,0.,1.));
#1520 = PLANE('',#1521);
#1521 = AXIS2_PLACEMENT_3D('',#1522,#1523,#1524);
#1522 = CARTESIAN_POINT('',(175.36248173426,197.98989873223,18.));
#1523 = DIRECTION('',(-0.707106781187,0.707106781187,0.));
#1524 = DIRECTION('',(0.,0.,1.));
#1525 = ADVANCED_FACE('',(#1526),#1544,.F.);
#1526 = FACE_BOUND('',#1527,.F.);
#1527 = EDGE_LOOP('',(#1528,#1529,#1530,#1538));
#1528 = ORIENTED_EDGE('',*,*,#1474,.F.);
#1529 = ORIENTED_EDGE('',*,*,#1257,.T.);
#1530 = ORIENTED_EDGE('',*,*,#1531,.T.);
#1531 = EDGE_CURVE('',#1250,#1532,#1534,.T.);
#1532 = VERTEX_POINT('',#1533);
#1533 = CARTESIAN_POINT('',(212.83914113715,190.21172413918,284.));
#1534 = LINE('',#1535,#1536);
#1535 = CARTESIAN_POINT('',(197.98989873223,175.36248173426,284.));
#1536 = VECTOR('',#1537,1.);
#1537 = DIRECTION('',(0.707106781187,0.707106781187,0.));
#1538 = ORIENTED_EDGE('',*,*,#1539,.F.);
#1539 = EDGE_CURVE('',#1475,#1532,#1540,.T.);
#1540 = LINE('',#1541,#1542);
#1541 = CARTESIAN_POINT('',(228.39549032325,174.65537495307,284.));
#1542 = VECTOR('',#1543,1.);
#1543 = DIRECTION('',(0.707106781187,-0.707106781187,0.));
#1544 = PLANE('',#1545);
#1545 = AXIS2_PLACEMENT_3D('',#1546,#1547,#1548);
#1546 = CARTESIAN_POINT('',(197.98989873223,175.36248173426,284.));
#1547 = DIRECTION('',(0.,0.,1.));
#1548 = DIRECTION('',(0.707106781187,0.707106781187,0.));
#1549 = ADVANCED_FACE('',(#1550,#1568,#1579,#1590),#1601,.T.);
#1550 = FACE_BOUND('',#1551,.T.);
#1551 = EDGE_LOOP('',(#1552,#1560,#1561,#1562));
#1552 = ORIENTED_EDGE('',*,*,#1553,.F.);
#1553 = EDGE_CURVE('',#1242,#1554,#1556,.T.);
#1554 = VERTEX_POINT('',#1555);
#1555 = CARTESIAN_POINT('',(212.83914113715,190.21172413918,18.));
#1556 = LINE('',#1557,#1558);
#1557 = CARTESIAN_POINT('',(197.98989873223,175.36248173426,18.));
#1558 = VECTOR('',#1559,1.);
#1559 = DIRECTION('',(0.707106781187,0.707106781187,0.));
#1560 = ORIENTED_EDGE('',*,*,#1249,.T.);
#1561 = ORIENTED_EDGE('',*,*,#1531,.T.);
#1562 = ORIENTED_EDGE('',*,*,#1563,.F.);
#1563 = EDGE_CURVE('',#1554,#1532,#1564,.T.);
#1564 = LINE('',#1565,#1566);
#1565 = CARTESIAN_POINT('',(212.83914113715,190.21172413918,18.));
#1566 = VECTOR('',#1567,1.);
#1567 = DIRECTION('',(0.,0.,1.));
#1568 = FACE_BOUND('',#1569,.T.);
#1569 = EDGE_LOOP('',(#1570));
#1570 = ORIENTED_EDGE('',*,*,#1571,.F.);
#1571 = EDGE_CURVE('',#1572,#1572,#1574,.T.);
#1572 = VERTEX_POINT('',#1573);
#1573 = CARTESIAN_POINT('',(205.76807332528,183.14065632731,220.));
#1574 = CIRCLE('',#1575,3.);
#1575 = AXIS2_PLACEMENT_3D('',#1576,#1577,#1578);
#1576 = CARTESIAN_POINT('',(205.76807332528,183.14065632731,217.));
#1577 = DIRECTION('',(-0.707106781187,0.707106781187,0.));
#1578 = DIRECTION('',(0.,0.,1.));
#1579 = FACE_BOUND('',#1580,.T.);
#1580 = EDGE_LOOP('',(#1581));
#1581 = ORIENTED_EDGE('',*,*,#1582,.F.);
#1582 = EDGE_CURVE('',#1583,#1583,#1585,.T.);
#1583 = VERTEX_POINT('',#1584);
#1584 = CARTESIAN_POINT('',(205.76807332528,183.14065632731,248.));
#1585 = CIRCLE('',#1586,3.);
#1586 = AXIS2_PLACEMENT_3D('',#1587,#1588,#1589);
#1587 = CARTESIAN_POINT('',(205.76807332528,183.14065632731,245.));
#1588 = DIRECTION('',(-0.707106781187,0.707106781187,0.));
#1589 = DIRECTION('',(0.,0.,1.));
#1590 = FACE_BOUND('',#1591,.T.);
#1591 = EDGE_LOOP('',(#1592));
#1592 = ORIENTED_EDGE('',*,*,#1593,.F.);
#1593 = EDGE_CURVE('',#1594,#1594,#1596,.T.);
#1594 = VERTEX_POINT('',#1595);
#1595 = CARTESIAN_POINT('',(205.76807332528,183.14065632731,276.));
#1596 = CIRCLE('',#1597,3.);
#1597 = AXIS2_PLACEMENT_3D('',#1598,#1599,#1600);
#1598 = CARTESIAN_POINT('',(205.76807332528,183.14065632731,273.));
#1599 = DIRECTION('',(-0.707106781187,0.707106781187,0.));
#1600 = DIRECTION('',(0.,0.,1.));
#1601 = PLANE('',#1602);
#1602 = AXIS2_PLACEMENT_3D('',#1603,#1604,#1605);
#1603 = CARTESIAN_POINT('',(197.98989873223,175.36248173426,18.));
#1604 = DIRECTION('',(-0.707106781187,0.707106781187,0.));
#1605 = DIRECTION('',(0.,0.,1.));
#1606 = ADVANCED_FACE('',(#1607),#1618,.F.);
#1607 = FACE_BOUND('',#1608,.F.);
#1608 = EDGE_LOOP('',(#1609,#1610,#1611,#1617));
#1609 = ORIENTED_EDGE('',*,*,#1241,.F.);
#1610 = ORIENTED_EDGE('',*,*,#1303,.T.);
#1611 = ORIENTED_EDGE('',*,*,#1612,.T.);
#1612 = EDGE_CURVE('',#1304,#1554,#1613,.T.);
#1613 = LINE('',#1614,#1615);
#1614 = CARTESIAN_POINT('',(243.95183950935,159.09902576697,18.));
#1615 = VECTOR('',#1616,1.);
#1616 = DIRECTION('',(-0.707106781187,0.707106781187,0.));
#1617 = ORIENTED_EDGE('',*,*,#1553,.F.);
#1618 = PLANE('',#1619);
#1619 = AXIS2_PLACEMENT_3D('',#1620,#1621,#1622);
#1620 = CARTESIAN_POINT('',(229.80970388562,144.95689014324,18.));
#1621 = DIRECTION('',(0.,0.,1.));
#1622 = DIRECTION('',(0.707106781187,0.707106781187,0.));
#1623 = ADVANCED_FACE('',(#1624),#1634,.T.);
#1624 = FACE_BOUND('',#1625,.T.);
#1625 = EDGE_LOOP('',(#1626,#1627,#1628,#1629,#1630,#1631,#1632,#1633));
#1626 = ORIENTED_EDGE('',*,*,#1320,.F.);
#1627 = ORIENTED_EDGE('',*,*,#1612,.T.);
#1628 = ORIENTED_EDGE('',*,*,#1563,.T.);
#1629 = ORIENTED_EDGE('',*,*,#1539,.F.);
#1630 = ORIENTED_EDGE('',*,*,#1482,.F.);
#1631 = ORIENTED_EDGE('',*,*,#1457,.T.);
#1632 = ORIENTED_EDGE('',*,*,#1401,.T.);
#1633 = ORIENTED_EDGE('',*,*,#1369,.F.);
#1634 = PLANE('',#1635);
#1635 = AXIS2_PLACEMENT_3D('',#1636,#1637,#1638);
#1636 = CARTESIAN_POINT('',(243.95183950935,159.09902576697,18.));
#1637 = DIRECTION('',(0.707106781187,0.707106781187,0.));
#1638 = DIRECTION('',(0.,0.,1.));
#1639 = ADVANCED_FACE('',(#1640),#1651,.F.);
#1640 = FACE_BOUND('',#1641,.F.);
#1641 = EDGE_LOOP('',(#1642,#1643,#1649,#1650));
#1642 = ORIENTED_EDGE('',*,*,#1571,.F.);
#1643 = ORIENTED_EDGE('',*,*,#1644,.F.);
#1644 = EDGE_CURVE('',#1329,#1572,#1645,.T.);
#1645 = LINE('',#1646,#1647);
#1646 = CARTESIAN_POINT('',(236.88077169749,152.0279579551,220.));
#1647 = VECTOR('',#1648,1.);
#1648 = DIRECTION('',(-0.707106781187,0.707106781187,0.));
#1649 = ORIENTED_EDGE('',*,*,#1328,.T.);
#1650 = ORIENTED_EDGE('',*,*,#1644,.T.);
#1651 = CYLINDRICAL_SURFACE('',#1652,3.);
#1652 = AXIS2_PLACEMENT_3D('',#1653,#1654,#1655);
#1653 = CARTESIAN_POINT('',(236.88077169749,152.0279579551,217.));
#1654 = DIRECTION('',(-0.707106781187,0.707106781187,0.));
#1655 = DIRECTION('',(0.,0.,1.));
#1656 = ADVANCED_FACE('',(#1657),#1668,.F.);
#1657 = FACE_BOUND('',#1658,.F.);
#1658 = EDGE_LOOP('',(#1659,#1660,#1666,#1667));
#1659 = ORIENTED_EDGE('',*,*,#1582,.F.);
#1660 = ORIENTED_EDGE('',*,*,#1661,.F.);
#1661 = EDGE_CURVE('',#1340,#1583,#1662,.T.);
#1662 = LINE('',#1663,#1664);
#1663 = CARTESIAN_POINT('',(236.88077169749,152.0279579551,248.));
#1664 = VECTOR('',#1665,1.);
#1665 = DIRECTION('',(-0.707106781187,0.707106781187,0.));
#1666 = ORIENTED_EDGE('',*,*,#1339,.T.);
#1667 = ORIENTED_EDGE('',*,*,#1661,.T.);
#1668 = CYLINDRICAL_SURFACE('',#1669,3.);
#1669 = AXIS2_PLACEMENT_3D('',#1670,#1671,#1672);
#1670 = CARTESIAN_POINT('',(236.88077169749,152.0279579551,245.));
#1671 = DIRECTION('',(-0.707106781187,0.707106781187,0.));
#1672 = DIRECTION('',(0.,0.,1.));
#1673 = ADVANCED_FACE('',(#1674),#1685,.F.);
#1674 = FACE_BOUND('',#1675,.F.);
#1675 = EDGE_LOOP('',(#1676,#1677,#1683,#1684));
#1676 = ORIENTED_EDGE('',*,*,#1593,.F.);
#1677 = ORIENTED_EDGE('',*,*,#1678,.F.);
#1678 = EDGE_CURVE('',#1351,#1594,#1679,.T.);
#1679 = LINE('',#1680,#1681);
#1680 = CARTESIAN_POINT('',(236.88077169749,152.0279579551,276.));
#1681 = VECTOR('',#1682,1.);
#1682 = DIRECTION('',(-0.707106781187,0.707106781187,0.));
#1683 = ORIENTED_EDGE('',*,*,#1350,.T.);
#1684 = ORIENTED_EDGE('',*,*,#1678,.T.);
#1685 = CYLINDRICAL_SURFACE('',#1686,3.);
#1686 = AXIS2_PLACEMENT_3D('',#1687,#1688,#1689);
#1687 = CARTESIAN_POINT('',(236.88077169749,152.0279579551,273.));
#1688 = DIRECTION('',(-0.707106781187,0.707106781187,0.));
#1689 = DIRECTION('',(0.,0.,1.));
#1690 = ADVANCED_FACE('',(#1691),#1702,.F.);
#1691 = FACE_BOUND('',#1692,.F.);
#1692 = EDGE_LOOP('',(#1693,#1699,#1700,#1701));
#1693 = ORIENTED_EDGE('',*,*,#1694,.T.);
#1694 = EDGE_CURVE('',#1491,#1410,#1695,.T.);
#1695 = LINE('',#1696,#1697);
#1696 = CARTESIAN_POINT('',(236.88077169749,152.0279579551,220.));
#1697 = VECTOR('',#1698,1.);
#1698 = DIRECTION('',(-0.707106781187,0.707106781187,0.));
#1699 = ORIENTED_EDGE('',*,*,#1409,.F.);
#1700 = ORIENTED_EDGE('',*,*,#1694,.F.);
#1701 = ORIENTED_EDGE('',*,*,#1490,.T.);
#1702 = CYLINDRICAL_SURFACE('',#1703,3.);
#1703 = AXIS2_PLACEMENT_3D('',#1704,#1705,#1706);
#1704 = CARTESIAN_POINT('',(236.88077169749,152.0279579551,217.));
#1705 = DIRECTION('',(-0.707106781187,0.707106781187,0.));
#1706 = DIRECTION('',(0.,0.,1.));
#1707 = ADVANCED_FACE('',(#1708),#1719,.F.);
#1708 = FACE_BOUND('',#1709,.F.);
#1709 = EDGE_LOOP('',(#1710,#1716,#1717,#1718));
#1710 = ORIENTED_EDGE('',*,*,#1711,.T.);
#1711 = EDGE_CURVE('',#1502,#1421,#1712,.T.);
#1712 = LINE('',#1713,#1714);
#1713 = CARTESIAN_POINT('',(236.88077169749,152.0279579551,248.));
#1714 = VECTOR('',#1715,1.);
#1715 = DIRECTION('',(-0.707106781187,0.707106781187,0.));
#1716 = ORIENTED_EDGE('',*,*,#1420,.F.);
#1717 = ORIENTED_EDGE('',*,*,#1711,.F.);
#1718 = ORIENTED_EDGE('',*,*,#1501,.T.);
#1719 = CYLINDRICAL_SURFACE('',#1720,3.);
#1720 = AXIS2_PLACEMENT_3D('',#1721,#1722,#1723);
#1721 = CARTESIAN_POINT('',(236.88077169749,152.0279579551,245.));
#1722 = DIRECTION('',(-0.707106781187,0.707106781187,0.));
#1723 = DIRECTION('',(0.,0.,1.));
#1724 = ADVANCED_FACE('',(#1725),#1736,.F.);
#1725 = FACE_BOUND('',#1726,.F.);
#1726 = EDGE_LOOP('',(#1727,#1733,#1734,#1735));
#1727 = ORIENTED_EDGE('',*,*,#1728,.T.);
#1728 = EDGE_CURVE('',#1513,#1432,#1729,.T.);
#1729 = LINE('',#1730,#1731);
#1730 = CARTESIAN_POINT('',(236.88077169749,152.0279579551,276.));
#1731 = VECTOR('',#1732,1.);
#1732 = DIRECTION('',(-0.707106781187,0.707106781187,0.));
#1733 = ORIENTED_EDGE('',*,*,#1431,.F.);
#1734 = ORIENTED_EDGE('',*,*,#1728,.F.);
#1735 = ORIENTED_EDGE('',*,*,#1512,.T.);
#1736 = CYLINDRICAL_SURFACE('',#1737,3.);
#1737 = AXIS2_PLACEMENT_3D('',#1738,#1739,#1740);
#1738 = CARTESIAN_POINT('',(236.88077169749,152.0279579551,273.));
#1739 = DIRECTION('',(-0.707106781187,0.707106781187,0.));
#1740 = DIRECTION('',(0.,0.,1.));
#1741 = ( GEOMETRIC_REPRESENTATION_CONTEXT(3) 
GLOBAL_UNCERTAINTY_ASSIGNED_CONTEXT((#1745)) 
GLOBAL_UNIT_ASSIGNED_CONTEXT((#1742,#1743,#1744)) REPRESENTATION_CONTEXT
('Context #1','3D Context with UNIT and UNCERTAINTY') );
#1742 = ( LENGTH_UNIT() NAMED_UNIT(*) SI_UNIT(.MILLI.,.METRE.) );
#1743 = ( NAMED_UNIT(*) PLANE_ANGLE_UNIT() SI_UNIT($,.RADIAN.) );
#1744 = ( NAMED_UNIT(*) SI_UNIT($,.STERADIAN.) SOLID_ANGLE_UNIT() );
#1745 = UNCERTAINTY_MEASURE_WITH_UNIT(LENGTH_MEASURE(1.E-07),#1742,
  'distance_accuracy_value','confusion accuracy');
#1746 = CONTEXT_DEPENDENT_SHAPE_REPRESENTATION(#1747,#1749);
#1747 = ( REPRESENTATION_RELATIONSHIP('','',#1224,#10) 
REPRESENTATION_RELATIONSHIP_WITH_TRANSFORMATION(#1748) 
SHAPE_REPRESENTATION_RELATIONSHIP() );
#1748 = ITEM_DEFINED_TRANSFORMATION('','',#11,#39);
#1749 = PRODUCT_DEFINITION_SHAPE('Placement','Placement of an item',
  #1750);
#1750 = NEXT_ASSEMBLY_USAGE_OCCURRENCE('7',
  'P07 Arched blade 45 / maple segment 1','',#5,#1219,$);
#1751 = PRODUCT_RELATED_PRODUCT_CATEGORY('part',$,(#1221));
#1752 = SHAPE_DEFINITION_REPRESENTATION(#1753,#1759);
#1753 = PRODUCT_DEFINITION_SHAPE('','',#1754);
#1754 = PRODUCT_DEFINITION('design','',#1755,#1758);
#1755 = PRODUCT_DEFINITION_FORMATION('','',#1756);
#1756 = PRODUCT('P08 Arched blade 45 / maple segment 2',
  'P08 Arched blade 45 / maple segment 2','',(#1757));
#1757 = PRODUCT_CONTEXT('',#2,'mechanical');
#1758 = PRODUCT_DEFINITION_CONTEXT('part definition',#2,'design');
#1759 = ADVANCED_BREP_SHAPE_REPRESENTATION('',(#11,#1760),#1910);
#1760 = MANIFOLD_SOLID_BREP('',#1761);
#1761 = CLOSED_SHELL('',(#1762,#1802,#1833,#1857,#1881,#1898));
#1762 = ADVANCED_FACE('',(#1763),#1797,.F.);
#1763 = FACE_BOUND('',#1764,.F.);
#1764 = EDGE_LOOP('',(#1765,#1775,#1783,#1791));
#1765 = ORIENTED_EDGE('',*,*,#1766,.F.);
#1766 = EDGE_CURVE('',#1767,#1769,#1771,.T.);
#1767 = VERTEX_POINT('',#1768);
#1768 = CARTESIAN_POINT('',(229.80970388562,144.95689014324,
    367.90524980688));
#1769 = VERTEX_POINT('',#1770);
#1770 = CARTESIAN_POINT('',(229.80970388562,144.95689014324,
    381.90524980688));
#1771 = LINE('',#1772,#1773);
#1772 = CARTESIAN_POINT('',(229.80970388562,144.95689014324,18.));
#1773 = VECTOR('',#1774,1.);
#1774 = DIRECTION('',(0.,0.,1.));
#1775 = ORIENTED_EDGE('',*,*,#1776,.T.);
#1776 = EDGE_CURVE('',#1767,#1777,#1779,.T.);
#1777 = VERTEX_POINT('',#1778);
#1778 = CARTESIAN_POINT('',(144.95689014324,229.80970388562,
    367.90524980688));
#1779 = LINE('',#1780,#1781);
#1780 = CARTESIAN_POINT('',(229.80970388562,144.95689014324,
    367.90524980688));
#1781 = VECTOR('',#1782,1.);
#1782 = DIRECTION('',(-0.707106781187,0.707106781187,0.));
#1783 = ORIENTED_EDGE('',*,*,#1784,.T.);
#1784 = EDGE_CURVE('',#1777,#1785,#1787,.T.);
#1785 = VERTEX_POINT('',#1786);
#1786 = CARTESIAN_POINT('',(144.95689014324,229.80970388562,
    381.90524980688));
#1787 = LINE('',#1788,#1789);
#1788 = CARTESIAN_POINT('',(144.95689014324,229.80970388562,18.));
#1789 = VECTOR('',#1790,1.);
#1790 = DIRECTION('',(0.,0.,1.));
#1791 = ORIENTED_EDGE('',*,*,#1792,.F.);
#1792 = EDGE_CURVE('',#1769,#1785,#1793,.T.);
#1793 = LINE('',#1794,#1795);
#1794 = CARTESIAN_POINT('',(229.80970388562,144.95689014324,
    381.90524980688));
#1795 = VECTOR('',#1796,1.);
#1796 = DIRECTION('',(-0.707106781187,0.707106781187,0.));
#1797 = PLANE('',#1798);
#1798 = AXIS2_PLACEMENT_3D('',#1799,#1800,#1801);
#1799 = CARTESIAN_POINT('',(229.80970388562,144.95689014324,18.));
#1800 = DIRECTION('',(0.707106781187,0.707106781187,0.));
#1801 = DIRECTION('',(0.,0.,1.));
#1802 = ADVANCED_FACE('',(#1803),#1828,.F.);
#1803 = FACE_BOUND('',#1804,.F.);
#1804 = EDGE_LOOP('',(#1805,#1813,#1814,#1822));
#1805 = ORIENTED_EDGE('',*,*,#1806,.F.);
#1806 = EDGE_CURVE('',#1767,#1807,#1809,.T.);
#1807 = VERTEX_POINT('',#1808);
#1808 = CARTESIAN_POINT('',(243.95183950935,159.09902576697,
    367.90524980688));
#1809 = LINE('',#1810,#1811);
#1810 = CARTESIAN_POINT('',(229.80970388562,144.95689014324,
    367.90524980688));
#1811 = VECTOR('',#1812,1.);
#1812 = DIRECTION('',(0.707106781187,0.707106781187,0.));
#1813 = ORIENTED_EDGE('',*,*,#1766,.T.);
#1814 = ORIENTED_EDGE('',*,*,#1815,.T.);
#1815 = EDGE_CURVE('',#1769,#1816,#1818,.T.);
#1816 = VERTEX_POINT('',#1817);
#1817 = CARTESIAN_POINT('',(243.95183950935,159.09902576697,
    381.90524980688));
#1818 = LINE('',#1819,#1820);
#1819 = CARTESIAN_POINT('',(229.80970388562,144.95689014324,
    381.90524980688));
#1820 = VECTOR('',#1821,1.);
#1821 = DIRECTION('',(0.707106781187,0.707106781187,0.));
#1822 = ORIENTED_EDGE('',*,*,#1823,.F.);
#1823 = EDGE_CURVE('',#1807,#1816,#1824,.T.);
#1824 = LINE('',#1825,#1826);
#1825 = CARTESIAN_POINT('',(243.95183950935,159.09902576697,18.));
#1826 = VECTOR('',#1827,1.);
#1827 = DIRECTION('',(0.,0.,1.));
#1828 = PLANE('',#1829);
#1829 = AXIS2_PLACEMENT_3D('',#1830,#1831,#1832);
#1830 = CARTESIAN_POINT('',(229.80970388562,144.95689014324,18.));
#1831 = DIRECTION('',(-0.707106781187,0.707106781187,0.));
#1832 = DIRECTION('',(0.,0.,1.));
#1833 = ADVANCED_FACE('',(#1834),#1852,.T.);
#1834 = FACE_BOUND('',#1835,.T.);
#1835 = EDGE_LOOP('',(#1836,#1837,#1838,#1846));
#1836 = ORIENTED_EDGE('',*,*,#1792,.F.);
#1837 = ORIENTED_EDGE('',*,*,#1815,.T.);
#1838 = ORIENTED_EDGE('',*,*,#1839,.T.);
#1839 = EDGE_CURVE('',#1816,#1840,#1842,.T.);
#1840 = VERTEX_POINT('',#1841);
#1841 = CARTESIAN_POINT('',(159.09902576697,243.95183950935,
    381.90524980688));
#1842 = LINE('',#1843,#1844);
#1843 = CARTESIAN_POINT('',(243.95183950935,159.09902576697,
    381.90524980688));
#1844 = VECTOR('',#1845,1.);
#1845 = DIRECTION('',(-0.707106781187,0.707106781187,0.));
#1846 = ORIENTED_EDGE('',*,*,#1847,.F.);
#1847 = EDGE_CURVE('',#1785,#1840,#1848,.T.);
#1848 = LINE('',#1849,#1850);
#1849 = CARTESIAN_POINT('',(144.95689014324,229.80970388562,
    381.90524980688));
#1850 = VECTOR('',#1851,1.);
#1851 = DIRECTION('',(0.707106781187,0.707106781187,0.));
#1852 = PLANE('',#1853);
#1853 = AXIS2_PLACEMENT_3D('',#1854,#1855,#1856);
#1854 = CARTESIAN_POINT('',(229.80970388562,144.95689014324,
    381.90524980688));
#1855 = DIRECTION('',(0.,0.,1.));
#1856 = DIRECTION('',(0.707106781187,0.707106781187,0.));
#1857 = ADVANCED_FACE('',(#1858),#1876,.T.);
#1858 = FACE_BOUND('',#1859,.T.);
#1859 = EDGE_LOOP('',(#1860,#1868,#1869,#1870));
#1860 = ORIENTED_EDGE('',*,*,#1861,.F.);
#1861 = EDGE_CURVE('',#1777,#1862,#1864,.T.);
#1862 = VERTEX_POINT('',#1863);
#1863 = CARTESIAN_POINT('',(159.09902576697,243.95183950935,
    367.90524980688));
#1864 = LINE('',#1865,#1866);
#1865 = CARTESIAN_POINT('',(144.95689014324,229.80970388562,
    367.90524980688));
#1866 = VECTOR('',#1867,1.);
#1867 = DIRECTION('',(0.707106781187,0.707106781187,0.));
#1868 = ORIENTED_EDGE('',*,*,#1784,.T.);
#1869 = ORIENTED_EDGE('',*,*,#1847,.T.);
#1870 = ORIENTED_EDGE('',*,*,#1871,.F.);
#1871 = EDGE_CURVE('',#1862,#1840,#1872,.T.);
#1872 = LINE('',#1873,#1874);
#1873 = CARTESIAN_POINT('',(159.09902576697,243.95183950935,18.));
#1874 = VECTOR('',#1875,1.);
#1875 = DIRECTION('',(0.,0.,1.));
#1876 = PLANE('',#1877);
#1877 = AXIS2_PLACEMENT_3D('',#1878,#1879,#1880);
#1878 = CARTESIAN_POINT('',(144.95689014324,229.80970388562,18.));
#1879 = DIRECTION('',(-0.707106781187,0.707106781187,0.));
#1880 = DIRECTION('',(0.,0.,1.));
#1881 = ADVANCED_FACE('',(#1882),#1893,.F.);
#1882 = FACE_BOUND('',#1883,.F.);
#1883 = EDGE_LOOP('',(#1884,#1885,#1886,#1892));
#1884 = ORIENTED_EDGE('',*,*,#1776,.F.);
#1885 = ORIENTED_EDGE('',*,*,#1806,.T.);
#1886 = ORIENTED_EDGE('',*,*,#1887,.T.);
#1887 = EDGE_CURVE('',#1807,#1862,#1888,.T.);
#1888 = LINE('',#1889,#1890);
#1889 = CARTESIAN_POINT('',(243.95183950935,159.09902576697,
    367.90524980688));
#1890 = VECTOR('',#1891,1.);
#1891 = DIRECTION('',(-0.707106781187,0.707106781187,0.));
#1892 = ORIENTED_EDGE('',*,*,#1861,.F.);
#1893 = PLANE('',#1894);
#1894 = AXIS2_PLACEMENT_3D('',#1895,#1896,#1897);
#1895 = CARTESIAN_POINT('',(229.80970388562,144.95689014324,
    367.90524980688));
#1896 = DIRECTION('',(0.,0.,1.));
#1897 = DIRECTION('',(0.707106781187,0.707106781187,0.));
#1898 = ADVANCED_FACE('',(#1899),#1905,.T.);
#1899 = FACE_BOUND('',#1900,.T.);
#1900 = EDGE_LOOP('',(#1901,#1902,#1903,#1904));
#1901 = ORIENTED_EDGE('',*,*,#1823,.F.);
#1902 = ORIENTED_EDGE('',*,*,#1887,.T.);
#1903 = ORIENTED_EDGE('',*,*,#1871,.T.);
#1904 = ORIENTED_EDGE('',*,*,#1839,.F.);
#1905 = PLANE('',#1906);
#1906 = AXIS2_PLACEMENT_3D('',#1907,#1908,#1909);
#1907 = CARTESIAN_POINT('',(243.95183950935,159.09902576697,18.));
#1908 = DIRECTION('',(0.707106781187,0.707106781187,0.));
#1909 = DIRECTION('',(0.,0.,1.));
#1910 = ( GEOMETRIC_REPRESENTATION_CONTEXT(3) 
GLOBAL_UNCERTAINTY_ASSIGNED_CONTEXT((#1914)) 
GLOBAL_UNIT_ASSIGNED_CONTEXT((#1911,#1912,#1913)) REPRESENTATION_CONTEXT
('Context #1','3D Context with UNIT and UNCERTAINTY') );
#1911 = ( LENGTH_UNIT() NAMED_UNIT(*) SI_UNIT(.MILLI.,.METRE.) );
#1912 = ( NAMED_UNIT(*) PLANE_ANGLE_UNIT() SI_UNIT($,.RADIAN.) );
#1913 = ( NAMED_UNIT(*) SI_UNIT($,.STERADIAN.) SOLID_ANGLE_UNIT() );
#1914 = UNCERTAINTY_MEASURE_WITH_UNIT(LENGTH_MEASURE(1.E-07),#1911,
  'distance_accuracy_value','confusion accuracy');
#1915 = CONTEXT_DEPENDENT_SHAPE_REPRESENTATION(#1916,#1918);
#1916 = ( REPRESENTATION_RELATIONSHIP('','',#1759,#10) 
REPRESENTATION_RELATIONSHIP_WITH_TRANSFORMATION(#1917) 
SHAPE_REPRESENTATION_RELATIONSHIP() );
#1917 = ITEM_DEFINED_TRANSFORMATION('','',#11,#43);
#1918 = PRODUCT_DEFINITION_SHAPE('Placement','Placement of an item',
  #1919);
#1919 = NEXT_ASSEMBLY_USAGE_OCCURRENCE('8',
  'P08 Arched blade 45 / maple segment 2','',#5,#1754,$);
#1920 = PRODUCT_RELATED_PRODUCT_CATEGORY('part',$,(#1756));
#1921 = SHAPE_DEFINITION_REPRESENTATION(#1922,#1928);
#1922 = PRODUCT_DEFINITION_SHAPE('','',#1923);
#1923 = PRODUCT_DEFINITION('design','',#1924,#1927);
#1924 = PRODUCT_DEFINITION_FORMATION('','',#1925);
#1925 = PRODUCT('P09 Arched blade 45 / maple segment 3',
  'P09 Arched blade 45 / maple segment 3','',(#1926));
#1926 = PRODUCT_CONTEXT('',#2,'mechanical');
#1927 = PRODUCT_DEFINITION_CONTEXT('part definition',#2,'design');
#1928 = ADVANCED_BREP_SHAPE_REPRESENTATION('',(#11,#1929),#2149);
#1929 = MANIFOLD_SOLID_BREP('',#1930);
#1930 = CLOSED_SHELL('',(#1931,#1971,#2002,#2033,#2066,#2099,#2121,#2135
    ));
#1931 = ADVANCED_FACE('',(#1932),#1966,.T.);
#1932 = FACE_BOUND('',#1933,.T.);
#1933 = EDGE_LOOP('',(#1934,#1944,#1952,#1960));
#1934 = ORIENTED_EDGE('',*,*,#1935,.F.);
#1935 = EDGE_CURVE('',#1936,#1938,#1940,.T.);
#1936 = VERTEX_POINT('',#1937);
#1937 = CARTESIAN_POINT('',(144.95689014324,229.80970388562,
    395.90524980688));
#1938 = VERTEX_POINT('',#1939);
#1939 = CARTESIAN_POINT('',(159.09902576697,243.95183950935,
    395.90524980688));
#1940 = LINE('',#1941,#1942);
#1941 = CARTESIAN_POINT('',(144.95689014324,229.80970388562,
    395.90524980688));
#1942 = VECTOR('',#1943,1.);
#1943 = DIRECTION('',(0.707106781187,0.707106781187,0.));
#1944 = ORIENTED_EDGE('',*,*,#1945,.T.);
#1945 = EDGE_CURVE('',#1936,#1946,#1948,.T.);
#1946 = VERTEX_POINT('',#1947);
#1947 = CARTESIAN_POINT('',(144.95689014324,229.80970388562,
    471.90524980688));
#1948 = LINE('',#1949,#1950);
#1949 = CARTESIAN_POINT('',(144.95689014324,229.80970388562,18.));
#1950 = VECTOR('',#1951,1.);
#1951 = DIRECTION('',(0.,0.,1.));
#1952 = ORIENTED_EDGE('',*,*,#1953,.T.);
#1953 = EDGE_CURVE('',#1946,#1954,#1956,.T.);
#1954 = VERTEX_POINT('',#1955);
#1955 = CARTESIAN_POINT('',(159.09902576697,243.95183950935,
    471.90524980688));
#1956 = LINE('',#1957,#1958);
#1957 = CARTESIAN_POINT('',(144.95689014324,229.80970388562,
    471.90524980688));
#1958 = VECTOR('',#1959,1.);
#1959 = DIRECTION('',(0.707106781187,0.707106781187,0.));
#1960 = ORIENTED_EDGE('',*,*,#1961,.F.);
#1961 = EDGE_CURVE('',#1938,#1954,#1962,.T.);
#1962 = LINE('',#1963,#1964);
#1963 = CARTESIAN_POINT('',(159.09902576697,243.95183950935,18.));
#1964 = VECTOR('',#1965,1.);
#1965 = DIRECTION('',(0.,0.,1.));
#1966 = PLANE('',#1967);
#1967 = AXIS2_PLACEMENT_3D('',#1968,#1969,#1970);
#1968 = CARTESIAN_POINT('',(144.95689014324,229.80970388562,18.));
#1969 = DIRECTION('',(-0.707106781187,0.707106781187,0.));
#1970 = DIRECTION('',(0.,0.,1.));
#1971 = ADVANCED_FACE('',(#1972),#1997,.F.);
#1972 = FACE_BOUND('',#1973,.F.);
#1973 = EDGE_LOOP('',(#1974,#1982,#1990,#1996));
#1974 = ORIENTED_EDGE('',*,*,#1975,.F.);
#1975 = EDGE_CURVE('',#1976,#1936,#1978,.T.);
#1976 = VERTEX_POINT('',#1977);
#1977 = CARTESIAN_POINT('',(229.80970388562,144.95689014324,
    395.90524980688));
#1978 = LINE('',#1979,#1980);
#1979 = CARTESIAN_POINT('',(229.80970388562,144.95689014324,
    395.90524980688));
#1980 = VECTOR('',#1981,1.);
#1981 = DIRECTION('',(-0.707106781187,0.707106781187,0.));
#1982 = ORIENTED_EDGE('',*,*,#1983,.T.);
#1983 = EDGE_CURVE('',#1976,#1984,#1986,.T.);
#1984 = VERTEX_POINT('',#1985);
#1985 = CARTESIAN_POINT('',(243.95183950935,159.09902576697,
    395.90524980688));
#1986 = LINE('',#1987,#1988);
#1987 = CARTESIAN_POINT('',(229.80970388562,144.95689014324,
    395.90524980688));
#1988 = VECTOR('',#1989,1.);
#1989 = DIRECTION('',(0.707106781187,0.707106781187,0.));
#1990 = ORIENTED_EDGE('',*,*,#1991,.T.);
#1991 = EDGE_CURVE('',#1984,#1938,#1992,.T.);
#1992 = LINE('',#1993,#1994);
#1993 = CARTESIAN_POINT('',(243.95183950935,159.09902576697,
    395.90524980688));
#1994 = VECTOR('',#1995,1.);
#1995 = DIRECTION('',(-0.707106781187,0.707106781187,0.));
#1996 = ORIENTED_EDGE('',*,*,#1935,.F.);
#1997 = PLANE('',#1998);
#1998 = AXIS2_PLACEMENT_3D('',#1999,#2000,#2001);
#1999 = CARTESIAN_POINT('',(229.80970388562,144.95689014324,
    395.90524980688));
#2000 = DIRECTION('',(0.,0.,1.));
#2001 = DIRECTION('',(0.707106781187,0.707106781187,0.));
#2002 = ADVANCED_FACE('',(#2003),#2028,.F.);
#2003 = FACE_BOUND('',#2004,.F.);
#2004 = EDGE_LOOP('',(#2005,#2006,#2014,#2022));
#2005 = ORIENTED_EDGE('',*,*,#1983,.F.);
#2006 = ORIENTED_EDGE('',*,*,#2007,.T.);
#2007 = EDGE_CURVE('',#1976,#2008,#2010,.T.);
#2008 = VERTEX_POINT('',#2009);
#2009 = CARTESIAN_POINT('',(229.80970388562,144.95689014324,
    471.90524980688));
#2010 = LINE('',#2011,#2012);
#2011 = CARTESIAN_POINT('',(229.80970388562,144.95689014324,18.));
#2012 = VECTOR('',#2013,1.);
#2013 = DIRECTION('',(0.,0.,1.));
#2014 = ORIENTED_EDGE('',*,*,#2015,.T.);
#2015 = EDGE_CURVE('',#2008,#2016,#2018,.T.);
#2016 = VERTEX_POINT('',#2017);
#2017 = CARTESIAN_POINT('',(243.95183950935,159.09902576697,
    471.90524980688));
#2018 = LINE('',#2019,#2020);
#2019 = CARTESIAN_POINT('',(229.80970388562,144.95689014324,
    471.90524980688));
#2020 = VECTOR('',#2021,1.);
#2021 = DIRECTION('',(0.707106781187,0.707106781187,0.));
#2022 = ORIENTED_EDGE('',*,*,#2023,.F.);
#2023 = EDGE_CURVE('',#1984,#2016,#2024,.T.);
#2024 = LINE('',#2025,#2026);
#2025 = CARTESIAN_POINT('',(243.95183950935,159.09902576697,18.));
#2026 = VECTOR('',#2027,1.);
#2027 = DIRECTION('',(0.,0.,1.));
#2028 = PLANE('',#2029);
#2029 = AXIS2_PLACEMENT_3D('',#2030,#2031,#2032);
#2030 = CARTESIAN_POINT('',(229.80970388562,144.95689014324,18.));
#2031 = DIRECTION('',(-0.707106781187,0.707106781187,0.));
#2032 = DIRECTION('',(0.,0.,1.));
#2033 = ADVANCED_FACE('',(#2034),#2061,.T.);
#2034 = FACE_BOUND('',#2035,.T.);
#2035 = EDGE_LOOP('',(#2036,#2045,#2053,#2060));
#2036 = ORIENTED_EDGE('',*,*,#2037,.F.);
#2037 = EDGE_CURVE('',#2038,#2016,#2040,.T.);
#2038 = VERTEX_POINT('',#2039);
#2039 = CARTESIAN_POINT('',(212.13203435596,190.91883092036,530.));
#2040 = CIRCLE('',#2041,60.);
#2041 = AXIS2_PLACEMENT_3D('',#2042,#2043,#2044);
#2042 = CARTESIAN_POINT('',(201.52543263816,201.52543263816,
    471.90524980688));
#2043 = DIRECTION('',(0.707106781187,0.707106781187,-0.));
#2044 = DIRECTION('',(0.,0.,1.));
#2045 = ORIENTED_EDGE('',*,*,#2046,.F.);
#2046 = EDGE_CURVE('',#2047,#2038,#2049,.T.);
#2047 = VERTEX_POINT('',#2048);
#2048 = CARTESIAN_POINT('',(197.98989873223,176.77669529663,530.));
#2049 = LINE('',#2050,#2051);
#2050 = CARTESIAN_POINT('',(197.98989873223,176.77669529663,530.));
#2051 = VECTOR('',#2052,1.);
#2052 = DIRECTION('',(0.707106781187,0.707106781187,0.));
#2053 = ORIENTED_EDGE('',*,*,#2054,.T.);
#2054 = EDGE_CURVE('',#2047,#2008,#2055,.T.);
#2055 = CIRCLE('',#2056,60.);
#2056 = AXIS2_PLACEMENT_3D('',#2057,#2058,#2059);
#2057 = CARTESIAN_POINT('',(187.38329701443,187.38329701443,
    471.90524980688));
#2058 = DIRECTION('',(0.707106781187,0.707106781187,-0.));
#2059 = DIRECTION('',(0.,0.,1.));
#2060 = ORIENTED_EDGE('',*,*,#2015,.T.);
#2061 = CYLINDRICAL_SURFACE('',#2062,60.);
#2062 = AXIS2_PLACEMENT_3D('',#2063,#2064,#2065);
#2063 = CARTESIAN_POINT('',(187.38329701443,187.38329701443,
    471.90524980688));
#2064 = DIRECTION('',(0.707106781187,0.707106781187,0.));
#2065 = DIRECTION('',(0.,0.,1.));
#2066 = ADVANCED_FACE('',(#2067),#2094,.T.);
#2067 = FACE_BOUND('',#2068,.T.);
#2068 = EDGE_LOOP('',(#2069,#2079,#2086,#2087));
#2069 = ORIENTED_EDGE('',*,*,#2070,.T.);
#2070 = EDGE_CURVE('',#2071,#2073,#2075,.T.);
#2071 = VERTEX_POINT('',#2072);
#2072 = CARTESIAN_POINT('',(176.77669529663,197.98989873223,530.));
#2073 = VERTEX_POINT('',#2074);
#2074 = CARTESIAN_POINT('',(190.91883092036,212.13203435596,530.));
#2075 = LINE('',#2076,#2077);
#2076 = CARTESIAN_POINT('',(176.77669529663,197.98989873223,530.));
#2077 = VECTOR('',#2078,1.);
#2078 = DIRECTION('',(0.707106781187,0.707106781187,0.));
#2079 = ORIENTED_EDGE('',*,*,#2080,.F.);
#2080 = EDGE_CURVE('',#1954,#2073,#2081,.T.);
#2081 = CIRCLE('',#2082,60.);
#2082 = AXIS2_PLACEMENT_3D('',#2083,#2084,#2085);
#2083 = CARTESIAN_POINT('',(201.52543263816,201.52543263816,
    471.90524980688));
#2084 = DIRECTION('',(0.707106781187,0.707106781187,-0.));
#2085 = DIRECTION('',(0.,0.,1.));
#2086 = ORIENTED_EDGE('',*,*,#1953,.F.);
#2087 = ORIENTED_EDGE('',*,*,#2088,.T.);
#2088 = EDGE_CURVE('',#1946,#2071,#2089,.T.);
#2089 = CIRCLE('',#2090,60.);
#2090 = AXIS2_PLACEMENT_3D('',#2091,#2092,#2093);
#2091 = CARTESIAN_POINT('',(187.38329701443,187.38329701443,
    471.90524980688));
#2092 = DIRECTION('',(0.707106781187,0.707106781187,-0.));
#2093 = DIRECTION('',(0.,0.,1.));
#2094 = CYLINDRICAL_SURFACE('',#2095,60.);
#2095 = AXIS2_PLACEMENT_3D('',#2096,#2097,#2098);
#2096 = CARTESIAN_POINT('',(187.38329701443,187.38329701443,
    471.90524980688));
#2097 = DIRECTION('',(0.707106781187,0.707106781187,0.));
#2098 = DIRECTION('',(0.,0.,1.));
#2099 = ADVANCED_FACE('',(#2100),#2116,.T.);
#2100 = FACE_BOUND('',#2101,.T.);
#2101 = EDGE_LOOP('',(#2102,#2108,#2109,#2115));
#2102 = ORIENTED_EDGE('',*,*,#2103,.F.);
#2103 = EDGE_CURVE('',#2047,#2071,#2104,.T.);
#2104 = LINE('',#2105,#2106);
#2105 = CARTESIAN_POINT('',(229.80970388562,144.95689014324,530.));
#2106 = VECTOR('',#2107,1.);
#2107 = DIRECTION('',(-0.707106781187,0.707106781187,0.));
#2108 = ORIENTED_EDGE('',*,*,#2046,.T.);
#2109 = ORIENTED_EDGE('',*,*,#2110,.T.);
#2110 = EDGE_CURVE('',#2038,#2073,#2111,.T.);
#2111 = LINE('',#2112,#2113);
#2112 = CARTESIAN_POINT('',(243.95183950935,159.09902576697,530.));
#2113 = VECTOR('',#2114,1.);
#2114 = DIRECTION('',(-0.707106781187,0.707106781187,0.));
#2115 = ORIENTED_EDGE('',*,*,#2070,.F.);
#2116 = PLANE('',#2117);
#2117 = AXIS2_PLACEMENT_3D('',#2118,#2119,#2120);
#2118 = CARTESIAN_POINT('',(229.80970388562,144.95689014324,530.));
#2119 = DIRECTION('',(0.,0.,1.));
#2120 = DIRECTION('',(0.707106781187,0.707106781187,0.));
#2121 = ADVANCED_FACE('',(#2122),#2130,.T.);
#2122 = FACE_BOUND('',#2123,.T.);
#2123 = EDGE_LOOP('',(#2124,#2125,#2126,#2127,#2128,#2129));
#2124 = ORIENTED_EDGE('',*,*,#2007,.T.);
#2125 = ORIENTED_EDGE('',*,*,#2054,.F.);
#2126 = ORIENTED_EDGE('',*,*,#2103,.T.);
#2127 = ORIENTED_EDGE('',*,*,#2088,.F.);
#2128 = ORIENTED_EDGE('',*,*,#1945,.F.);
#2129 = ORIENTED_EDGE('',*,*,#1975,.F.);
#2130 = PLANE('',#2131);
#2131 = AXIS2_PLACEMENT_3D('',#2132,#2133,#2134);
#2132 = CARTESIAN_POINT('',(187.38329701443,187.38329701443,
    454.72751870174));
#2133 = DIRECTION('',(-0.707106781187,-0.707106781187,-0.));
#2134 = DIRECTION('',(0.707106781187,-0.707106781187,0.));
#2135 = ADVANCED_FACE('',(#2136),#2144,.T.);
#2136 = FACE_BOUND('',#2137,.T.);
#2137 = EDGE_LOOP('',(#2138,#2139,#2140,#2141,#2142,#2143));
#2138 = ORIENTED_EDGE('',*,*,#2023,.F.);
#2139 = ORIENTED_EDGE('',*,*,#1991,.T.);
#2140 = ORIENTED_EDGE('',*,*,#1961,.T.);
#2141 = ORIENTED_EDGE('',*,*,#2080,.T.);
#2142 = ORIENTED_EDGE('',*,*,#2110,.F.);
#2143 = ORIENTED_EDGE('',*,*,#2037,.T.);
#2144 = PLANE('',#2145);
#2145 = AXIS2_PLACEMENT_3D('',#2146,#2147,#2148);
#2146 = CARTESIAN_POINT('',(201.52543263816,201.52543263816,
    454.72751870174));
#2147 = DIRECTION('',(0.707106781187,0.707106781187,0.));
#2148 = DIRECTION('',(-0.707106781187,0.707106781187,0.));
#2149 = ( GEOMETRIC_REPRESENTATION_CONTEXT(3) 
GLOBAL_UNCERTAINTY_ASSIGNED_CONTEXT((#2153)) 
GLOBAL_UNIT_ASSIGNED_CONTEXT((#2150,#2151,#2152)) REPRESENTATION_CONTEXT
('Context #1','3D Context with UNIT and UNCERTAINTY') );
#2150 = ( LENGTH_UNIT() NAMED_UNIT(*) SI_UNIT(.MILLI.,.METRE.) );
#2151 = ( NAMED_UNIT(*) PLANE_ANGLE_UNIT() SI_UNIT($,.RADIAN.) );
#2152 = ( NAMED_UNIT(*) SI_UNIT($,.STERADIAN.) SOLID_ANGLE_UNIT() );
#2153 = UNCERTAINTY_MEASURE_WITH_UNIT(LENGTH_MEASURE(1.E-07),#2150,
  'distance_accuracy_value','confusion accuracy');
#2154 = CONTEXT_DEPENDENT_SHAPE_REPRESENTATION(#2155,#2157);
#2155 = ( REPRESENTATION_RELATIONSHIP('','',#1928,#10) 
REPRESENTATION_RELATIONSHIP_WITH_TRANSFORMATION(#2156) 
SHAPE_REPRESENTATION_RELATIONSHIP() );
#2156 = ITEM_DEFINED_TRANSFORMATION('','',#11,#47);
#2157 = PRODUCT_DEFINITION_SHAPE('Placement','Placement of an item',
  #2158);
#2158 = NEXT_ASSEMBLY_USAGE_OCCURRENCE('9',
  'P09 Arched blade 45 / maple segment 3','',#5,#1923,$);
#2159 = PRODUCT_RELATED_PRODUCT_CATEGORY('part',$,(#1925));
#2160 = SHAPE_DEFINITION_REPRESENTATION(#2161,#2167);
#2161 = PRODUCT_DEFINITION_SHAPE('','',#2162);
#2162 = PRODUCT_DEFINITION('design','',#2163,#2166);
#2163 = PRODUCT_DEFINITION_FORMATION('','',#2164);
#2164 = PRODUCT('P10 Slot jamb 45 / -1','P10 Slot jamb 45 / -1','',(
    #2165));
#2165 = PRODUCT_CONTEXT('',#2,'mechanical');
#2166 = PRODUCT_DEFINITION_CONTEXT('part definition',#2,'design');
#2167 = ADVANCED_BREP_SHAPE_REPRESENTATION('',(#11,#2168),#2435);
#2168 = MANIFOLD_SOLID_BREP('',#2169);
#2169 = CLOSED_SHELL('',(#2170,#2210,#2274,#2298,#2355,#2372,#2384,#2401
    ,#2418));
#2170 = ADVANCED_FACE('',(#2171),#2205,.F.);
#2171 = FACE_BOUND('',#2172,.F.);
#2172 = EDGE_LOOP('',(#2173,#2183,#2191,#2199));
#2173 = ORIENTED_EDGE('',*,*,#2174,.F.);
#2174 = EDGE_CURVE('',#2175,#2177,#2179,.T.);
#2175 = VERTEX_POINT('',#2176);
#2176 = CARTESIAN_POINT('',(198.69700551342,176.06958851545,18.));
#2177 = VERTEX_POINT('',#2178);
#2178 = CARTESIAN_POINT('',(198.69700551342,176.06958851545,280.));
#2179 = LINE('',#2180,#2181);
#2180 = CARTESIAN_POINT('',(198.69700551342,176.06958851545,18.));
#2181 = VECTOR('',#2182,1.);
#2182 = DIRECTION('',(0.,0.,1.));
#2183 = ORIENTED_EDGE('',*,*,#2184,.T.);
#2184 = EDGE_CURVE('',#2175,#2185,#2187,.T.);
#2185 = VERTEX_POINT('',#2186);
#2186 = CARTESIAN_POINT('',(195.86857838867,178.89801564019,18.));
#2187 = LINE('',#2188,#2189);
#2188 = CARTESIAN_POINT('',(198.69700551342,176.06958851545,18.));
#2189 = VECTOR('',#2190,1.);
#2190 = DIRECTION('',(-0.707106781187,0.707106781187,0.));
#2191 = ORIENTED_EDGE('',*,*,#2192,.T.);
#2192 = EDGE_CURVE('',#2185,#2193,#2195,.T.);
#2193 = VERTEX_POINT('',#2194);
#2194 = CARTESIAN_POINT('',(195.86857838867,178.89801564019,280.));
#2195 = LINE('',#2196,#2197);
#2196 = CARTESIAN_POINT('',(195.86857838867,178.89801564019,18.));
#2197 = VECTOR('',#2198,1.);
#2198 = DIRECTION('',(0.,0.,1.));
#2199 = ORIENTED_EDGE('',*,*,#2200,.F.);
#2200 = EDGE_CURVE('',#2177,#2193,#2201,.T.);
#2201 = LINE('',#2202,#2203);
#2202 = CARTESIAN_POINT('',(198.69700551342,176.06958851545,280.));
#2203 = VECTOR('',#2204,1.);
#2204 = DIRECTION('',(-0.707106781187,0.707106781187,0.));
#2205 = PLANE('',#2206);
#2206 = AXIS2_PLACEMENT_3D('',#2207,#2208,#2209);
#2207 = CARTESIAN_POINT('',(198.69700551342,176.06958851545,18.));
#2208 = DIRECTION('',(0.707106781187,0.707106781187,0.));
#2209 = DIRECTION('',(0.,0.,1.));
#2210 = ADVANCED_FACE('',(#2211,#2236,#2247,#2258),#2269,.F.);
#2211 = FACE_BOUND('',#2212,.F.);
#2212 = EDGE_LOOP('',(#2213,#2221,#2222,#2230));
#2213 = ORIENTED_EDGE('',*,*,#2214,.F.);
#2214 = EDGE_CURVE('',#2175,#2215,#2217,.T.);
#2215 = VERTEX_POINT('',#2216);
#2216 = CARTESIAN_POINT('',(212.83914113715,190.21172413918,18.));
#2217 = LINE('',#2218,#2219);
#2218 = CARTESIAN_POINT('',(198.69700551342,176.06958851545,18.));
#2219 = VECTOR('',#2220,1.);
#2220 = DIRECTION('',(0.707106781187,0.707106781187,0.));
#2221 = ORIENTED_EDGE('',*,*,#2174,.T.);
#2222 = ORIENTED_EDGE('',*,*,#2223,.T.);
#2223 = EDGE_CURVE('',#2177,#2224,#2226,.T.);
#2224 = VERTEX_POINT('',#2225);
#2225 = CARTESIAN_POINT('',(212.83914113715,190.21172413918,280.));
#2226 = LINE('',#2227,#2228);
#2227 = CARTESIAN_POINT('',(198.69700551342,176.06958851545,280.));
#2228 = VECTOR('',#2229,1.);
#2229 = DIRECTION('',(0.707106781187,0.707106781187,0.));
#2230 = ORIENTED_EDGE('',*,*,#2231,.F.);
#2231 = EDGE_CURVE('',#2215,#2224,#2232,.T.);
#2232 = LINE('',#2233,#2234);
#2233 = CARTESIAN_POINT('',(212.83914113715,190.21172413918,18.));
#2234 = VECTOR('',#2235,1.);
#2235 = DIRECTION('',(0.,0.,1.));
#2236 = FACE_BOUND('',#2237,.F.);
#2237 = EDGE_LOOP('',(#2238));
#2238 = ORIENTED_EDGE('',*,*,#2239,.F.);
#2239 = EDGE_CURVE('',#2240,#2240,#2242,.T.);
#2240 = VERTEX_POINT('',#2241);
#2241 = CARTESIAN_POINT('',(205.76807332528,183.14065632731,220.));
#2242 = CIRCLE('',#2243,3.);
#2243 = AXIS2_PLACEMENT_3D('',#2244,#2245,#2246);
#2244 = CARTESIAN_POINT('',(205.76807332528,183.14065632731,217.));
#2245 = DIRECTION('',(-0.707106781187,0.707106781187,0.));
#2246 = DIRECTION('',(0.,0.,1.));
#2247 = FACE_BOUND('',#2248,.F.);
#2248 = EDGE_LOOP('',(#2249));
#2249 = ORIENTED_EDGE('',*,*,#2250,.F.);
#2250 = EDGE_CURVE('',#2251,#2251,#2253,.T.);
#2251 = VERTEX_POINT('',#2252);
#2252 = CARTESIAN_POINT('',(205.76807332528,183.14065632731,248.));
#2253 = CIRCLE('',#2254,3.);
#2254 = AXIS2_PLACEMENT_3D('',#2255,#2256,#2257);
#2255 = CARTESIAN_POINT('',(205.76807332528,183.14065632731,245.));
#2256 = DIRECTION('',(-0.707106781187,0.707106781187,0.));
#2257 = DIRECTION('',(0.,0.,1.));
#2258 = FACE_BOUND('',#2259,.F.);
#2259 = EDGE_LOOP('',(#2260));
#2260 = ORIENTED_EDGE('',*,*,#2261,.F.);
#2261 = EDGE_CURVE('',#2262,#2262,#2264,.T.);
#2262 = VERTEX_POINT('',#2263);
#2263 = CARTESIAN_POINT('',(205.76807332528,183.14065632731,276.));
#2264 = CIRCLE('',#2265,3.);
#2265 = AXIS2_PLACEMENT_3D('',#2266,#2267,#2268);
#2266 = CARTESIAN_POINT('',(205.76807332528,183.14065632731,273.));
#2267 = DIRECTION('',(-0.707106781187,0.707106781187,0.));
#2268 = DIRECTION('',(0.,0.,1.));
#2269 = PLANE('',#2270);
#2270 = AXIS2_PLACEMENT_3D('',#2271,#2272,#2273);
#2271 = CARTESIAN_POINT('',(198.69700551342,176.06958851545,18.));
#2272 = DIRECTION('',(-0.707106781187,0.707106781187,0.));
#2273 = DIRECTION('',(0.,0.,1.));
#2274 = ADVANCED_FACE('',(#2275),#2293,.T.);
#2275 = FACE_BOUND('',#2276,.T.);
#2276 = EDGE_LOOP('',(#2277,#2278,#2279,#2287));
#2277 = ORIENTED_EDGE('',*,*,#2200,.F.);
#2278 = ORIENTED_EDGE('',*,*,#2223,.T.);
#2279 = ORIENTED_EDGE('',*,*,#2280,.T.);
#2280 = EDGE_CURVE('',#2224,#2281,#2283,.T.);
#2281 = VERTEX_POINT('',#2282);
#2282 = CARTESIAN_POINT('',(210.0107140124,193.04015126392,280.));
#2283 = LINE('',#2284,#2285);
#2284 = CARTESIAN_POINT('',(212.83914113715,190.21172413918,280.));
#2285 = VECTOR('',#2286,1.);
#2286 = DIRECTION('',(-0.707106781187,0.707106781187,0.));
#2287 = ORIENTED_EDGE('',*,*,#2288,.F.);
#2288 = EDGE_CURVE('',#2193,#2281,#2289,.T.);
#2289 = LINE('',#2290,#2291);
#2290 = CARTESIAN_POINT('',(195.86857838867,178.89801564019,280.));
#2291 = VECTOR('',#2292,1.);
#2292 = DIRECTION('',(0.707106781187,0.707106781187,0.));
#2293 = PLANE('',#2294);
#2294 = AXIS2_PLACEMENT_3D('',#2295,#2296,#2297);
#2295 = CARTESIAN_POINT('',(198.69700551342,176.06958851545,280.));
#2296 = DIRECTION('',(0.,0.,1.));
#2297 = DIRECTION('',(0.707106781187,0.707106781187,0.));
#2298 = ADVANCED_FACE('',(#2299,#2317,#2328,#2339),#2350,.T.);
#2299 = FACE_BOUND('',#2300,.T.);
#2300 = EDGE_LOOP('',(#2301,#2309,#2310,#2311));
#2301 = ORIENTED_EDGE('',*,*,#2302,.F.);
#2302 = EDGE_CURVE('',#2185,#2303,#2305,.T.);
#2303 = VERTEX_POINT('',#2304);
#2304 = CARTESIAN_POINT('',(210.0107140124,193.04015126392,18.));
#2305 = LINE('',#2306,#2307);
#2306 = CARTESIAN_POINT('',(195.86857838867,178.89801564019,18.));
#2307 = VECTOR('',#2308,1.);
#2308 = DIRECTION('',(0.707106781187,0.707106781187,0.));
#2309 = ORIENTED_EDGE('',*,*,#2192,.T.);
#2310 = ORIENTED_EDGE('',*,*,#2288,.T.);
#2311 = ORIENTED_EDGE('',*,*,#2312,.F.);
#2312 = EDGE_CURVE('',#2303,#2281,#2313,.T.);
#2313 = LINE('',#2314,#2315);
#2314 = CARTESIAN_POINT('',(210.0107140124,193.04015126392,18.));
#2315 = VECTOR('',#2316,1.);
#2316 = DIRECTION('',(0.,0.,1.));
#2317 = FACE_BOUND('',#2318,.T.);
#2318 = EDGE_LOOP('',(#2319));
#2319 = ORIENTED_EDGE('',*,*,#2320,.F.);
#2320 = EDGE_CURVE('',#2321,#2321,#2323,.T.);
#2321 = VERTEX_POINT('',#2322);
#2322 = CARTESIAN_POINT('',(202.93964620053,185.96908345206,220.));
#2323 = CIRCLE('',#2324,3.);
#2324 = AXIS2_PLACEMENT_3D('',#2325,#2326,#2327);
#2325 = CARTESIAN_POINT('',(202.93964620053,185.96908345206,217.));
#2326 = DIRECTION('',(-0.707106781187,0.707106781187,0.));
#2327 = DIRECTION('',(0.,0.,1.));
#2328 = FACE_BOUND('',#2329,.T.);
#2329 = EDGE_LOOP('',(#2330));
#2330 = ORIENTED_EDGE('',*,*,#2331,.F.);
#2331 = EDGE_CURVE('',#2332,#2332,#2334,.T.);
#2332 = VERTEX_POINT('',#2333);
#2333 = CARTESIAN_POINT('',(202.93964620053,185.96908345206,248.));
#2334 = CIRCLE('',#2335,3.);
#2335 = AXIS2_PLACEMENT_3D('',#2336,#2337,#2338);
#2336 = CARTESIAN_POINT('',(202.93964620053,185.96908345206,245.));
#2337 = DIRECTION('',(-0.707106781187,0.707106781187,0.));
#2338 = DIRECTION('',(0.,0.,1.));
#2339 = FACE_BOUND('',#2340,.T.);
#2340 = EDGE_LOOP('',(#2341));
#2341 = ORIENTED_EDGE('',*,*,#2342,.F.);
#2342 = EDGE_CURVE('',#2343,#2343,#2345,.T.);
#2343 = VERTEX_POINT('',#2344);
#2344 = CARTESIAN_POINT('',(202.93964620053,185.96908345206,276.));
#2345 = CIRCLE('',#2346,3.);
#2346 = AXIS2_PLACEMENT_3D('',#2347,#2348,#2349);
#2347 = CARTESIAN_POINT('',(202.93964620053,185.96908345206,273.));
#2348 = DIRECTION('',(-0.707106781187,0.707106781187,0.));
#2349 = DIRECTION('',(0.,0.,1.));
#2350 = PLANE('',#2351);
#2351 = AXIS2_PLACEMENT_3D('',#2352,#2353,#2354);
#2352 = CARTESIAN_POINT('',(195.86857838867,178.89801564019,18.));
#2353 = DIRECTION('',(-0.707106781187,0.707106781187,0.));
#2354 = DIRECTION('',(0.,0.,1.));
#2355 = ADVANCED_FACE('',(#2356),#2367,.F.);
#2356 = FACE_BOUND('',#2357,.F.);
#2357 = EDGE_LOOP('',(#2358,#2359,#2360,#2366));
#2358 = ORIENTED_EDGE('',*,*,#2184,.F.);
#2359 = ORIENTED_EDGE('',*,*,#2214,.T.);
#2360 = ORIENTED_EDGE('',*,*,#2361,.T.);
#2361 = EDGE_CURVE('',#2215,#2303,#2362,.T.);
#2362 = LINE('',#2363,#2364);
#2363 = CARTESIAN_POINT('',(212.83914113715,190.21172413918,18.));
#2364 = VECTOR('',#2365,1.);
#2365 = DIRECTION('',(-0.707106781187,0.707106781187,0.));
#2366 = ORIENTED_EDGE('',*,*,#2302,.F.);
#2367 = PLANE('',#2368);
#2368 = AXIS2_PLACEMENT_3D('',#2369,#2370,#2371);
#2369 = CARTESIAN_POINT('',(198.69700551342,176.06958851545,18.));
#2370 = DIRECTION('',(0.,0.,1.));
#2371 = DIRECTION('',(0.707106781187,0.707106781187,0.));
#2372 = ADVANCED_FACE('',(#2373),#2379,.T.);
#2373 = FACE_BOUND('',#2374,.T.);
#2374 = EDGE_LOOP('',(#2375,#2376,#2377,#2378));
#2375 = ORIENTED_EDGE('',*,*,#2231,.F.);
#2376 = ORIENTED_EDGE('',*,*,#2361,.T.);
#2377 = ORIENTED_EDGE('',*,*,#2312,.T.);
#2378 = ORIENTED_EDGE('',*,*,#2280,.F.);
#2379 = PLANE('',#2380);
#2380 = AXIS2_PLACEMENT_3D('',#2381,#2382,#2383);
#2381 = CARTESIAN_POINT('',(212.83914113715,190.21172413918,18.));
#2382 = DIRECTION('',(0.707106781187,0.707106781187,0.));
#2383 = DIRECTION('',(0.,0.,1.));
#2384 = ADVANCED_FACE('',(#2385),#2396,.F.);
#2385 = FACE_BOUND('',#2386,.F.);
#2386 = EDGE_LOOP('',(#2387,#2388,#2394,#2395));
#2387 = ORIENTED_EDGE('',*,*,#2320,.F.);
#2388 = ORIENTED_EDGE('',*,*,#2389,.F.);
#2389 = EDGE_CURVE('',#2240,#2321,#2390,.T.);
#2390 = LINE('',#2391,#2392);
#2391 = CARTESIAN_POINT('',(236.88077169749,152.0279579551,220.));
#2392 = VECTOR('',#2393,1.);
#2393 = DIRECTION('',(-0.707106781187,0.707106781187,0.));
#2394 = ORIENTED_EDGE('',*,*,#2239,.T.);
#2395 = ORIENTED_EDGE('',*,*,#2389,.T.);
#2396 = CYLINDRICAL_SURFACE('',#2397,3.);
#2397 = AXIS2_PLACEMENT_3D('',#2398,#2399,#2400);
#2398 = CARTESIAN_POINT('',(236.88077169749,152.0279579551,217.));
#2399 = DIRECTION('',(-0.707106781187,0.707106781187,0.));
#2400 = DIRECTION('',(0.,0.,1.));
#2401 = ADVANCED_FACE('',(#2402),#2413,.F.);
#2402 = FACE_BOUND('',#2403,.F.);
#2403 = EDGE_LOOP('',(#2404,#2405,#2411,#2412));
#2404 = ORIENTED_EDGE('',*,*,#2331,.F.);
#2405 = ORIENTED_EDGE('',*,*,#2406,.F.);
#2406 = EDGE_CURVE('',#2251,#2332,#2407,.T.);
#2407 = LINE('',#2408,#2409);
#2408 = CARTESIAN_POINT('',(236.88077169749,152.0279579551,248.));
#2409 = VECTOR('',#2410,1.);
#2410 = DIRECTION('',(-0.707106781187,0.707106781187,0.));
#2411 = ORIENTED_EDGE('',*,*,#2250,.T.);
#2412 = ORIENTED_EDGE('',*,*,#2406,.T.);
#2413 = CYLINDRICAL_SURFACE('',#2414,3.);
#2414 = AXIS2_PLACEMENT_3D('',#2415,#2416,#2417);
#2415 = CARTESIAN_POINT('',(236.88077169749,152.0279579551,245.));
#2416 = DIRECTION('',(-0.707106781187,0.707106781187,0.));
#2417 = DIRECTION('',(0.,0.,1.));
#2418 = ADVANCED_FACE('',(#2419),#2430,.F.);
#2419 = FACE_BOUND('',#2420,.F.);
#2420 = EDGE_LOOP('',(#2421,#2422,#2428,#2429));
#2421 = ORIENTED_EDGE('',*,*,#2342,.F.);
#2422 = ORIENTED_EDGE('',*,*,#2423,.F.);
#2423 = EDGE_CURVE('',#2262,#2343,#2424,.T.);
#2424 = LINE('',#2425,#2426);
#2425 = CARTESIAN_POINT('',(236.88077169749,152.0279579551,276.));
#2426 = VECTOR('',#2427,1.);
#2427 = DIRECTION('',(-0.707106781187,0.707106781187,0.));
#2428 = ORIENTED_EDGE('',*,*,#2261,.T.);
#2429 = ORIENTED_EDGE('',*,*,#2423,.T.);
#2430 = CYLINDRICAL_SURFACE('',#2431,3.);
#2431 = AXIS2_PLACEMENT_3D('',#2432,#2433,#2434);
#2432 = CARTESIAN_POINT('',(236.88077169749,152.0279579551,273.));
#2433 = DIRECTION('',(-0.707106781187,0.707106781187,0.));
#2434 = DIRECTION('',(0.,0.,1.));
#2435 = ( GEOMETRIC_REPRESENTATION_CONTEXT(3) 
GLOBAL_UNCERTAINTY_ASSIGNED_CONTEXT((#2439)) 
GLOBAL_UNIT_ASSIGNED_CONTEXT((#2436,#2437,#2438)) REPRESENTATION_CONTEXT
('Context #1','3D Context with UNIT and UNCERTAINTY') );
#2436 = ( LENGTH_UNIT() NAMED_UNIT(*) SI_UNIT(.MILLI.,.METRE.) );
#2437 = ( NAMED_UNIT(*) PLANE_ANGLE_UNIT() SI_UNIT($,.RADIAN.) );
#2438 = ( NAMED_UNIT(*) SI_UNIT($,.STERADIAN.) SOLID_ANGLE_UNIT() );
#2439 = UNCERTAINTY_MEASURE_WITH_UNIT(LENGTH_MEASURE(1.E-07),#2436,
  'distance_accuracy_value','confusion accuracy');
#2440 = CONTEXT_DEPENDENT_SHAPE_REPRESENTATION(#2441,#2443);
#2441 = ( REPRESENTATION_RELATIONSHIP('','',#2167,#10) 
REPRESENTATION_RELATIONSHIP_WITH_TRANSFORMATION(#2442) 
SHAPE_REPRESENTATION_RELATIONSHIP() );
#2442 = ITEM_DEFINED_TRANSFORMATION('','',#11,#51);
#2443 = PRODUCT_DEFINITION_SHAPE('Placement','Placement of an item',
  #2444);
#2444 = NEXT_ASSEMBLY_USAGE_OCCURRENCE('10','P10 Slot jamb 45 / -1','',
  #5,#2162,$);
#2445 = PRODUCT_RELATED_PRODUCT_CATEGORY('part',$,(#2164));
#2446 = SHAPE_DEFINITION_REPRESENTATION(#2447,#2453);
#2447 = PRODUCT_DEFINITION_SHAPE('','',#2448);
#2448 = PRODUCT_DEFINITION('design','',#2449,#2452);
#2449 = PRODUCT_DEFINITION_FORMATION('','',#2450);
#2450 = PRODUCT('P11 Slot jamb 45 / 1','P11 Slot jamb 45 / 1','',(#2451)
  );
#2451 = PRODUCT_CONTEXT('',#2,'mechanical');
#2452 = PRODUCT_DEFINITION_CONTEXT('part definition',#2,'design');
#2453 = ADVANCED_BREP_SHAPE_REPRESENTATION('',(#11,#2454),#2721);
#2454 = MANIFOLD_SOLID_BREP('',#2455);
#2455 = CLOSED_SHELL('',(#2456,#2496,#2560,#2584,#2641,#2658,#2670,#2687
    ,#2704));
#2456 = ADVANCED_FACE('',(#2457),#2491,.F.);
#2457 = FACE_BOUND('',#2458,.F.);
#2458 = EDGE_LOOP('',(#2459,#2469,#2477,#2485));
#2459 = ORIENTED_EDGE('',*,*,#2460,.F.);
#2460 = EDGE_CURVE('',#2461,#2463,#2465,.T.);
#2461 = VERTEX_POINT('',#2462);
#2462 = CARTESIAN_POINT('',(178.89801564019,195.86857838867,18.));
#2463 = VERTEX_POINT('',#2464);
#2464 = CARTESIAN_POINT('',(178.89801564019,195.86857838867,280.));
#2465 = LINE('',#2466,#2467);
#2466 = CARTESIAN_POINT('',(178.89801564019,195.86857838867,18.));
#2467 = VECTOR('',#2468,1.);
#2468 = DIRECTION('',(0.,0.,1.));
#2469 = ORIENTED_EDGE('',*,*,#2470,.T.);
#2470 = EDGE_CURVE('',#2461,#2471,#2473,.T.);
#2471 = VERTEX_POINT('',#2472);
#2472 = CARTESIAN_POINT('',(176.06958851545,198.69700551342,18.));
#2473 = LINE('',#2474,#2475);
#2474 = CARTESIAN_POINT('',(178.89801564019,195.86857838867,18.));
#2475 = VECTOR('',#2476,1.);
#2476 = DIRECTION('',(-0.707106781187,0.707106781187,0.));
#2477 = ORIENTED_EDGE('',*,*,#2478,.T.);
#2478 = EDGE_CURVE('',#2471,#2479,#2481,.T.);
#2479 = VERTEX_POINT('',#2480);
#2480 = CARTESIAN_POINT('',(176.06958851545,198.69700551342,280.));
#2481 = LINE('',#2482,#2483);
#2482 = CARTESIAN_POINT('',(176.06958851545,198.69700551342,18.));
#2483 = VECTOR('',#2484,1.);
#2484 = DIRECTION('',(0.,0.,1.));
#2485 = ORIENTED_EDGE('',*,*,#2486,.F.);
#2486 = EDGE_CURVE('',#2463,#2479,#2487,.T.);
#2487 = LINE('',#2488,#2489);
#2488 = CARTESIAN_POINT('',(178.89801564019,195.86857838867,280.));
#2489 = VECTOR('',#2490,1.);
#2490 = DIRECTION('',(-0.707106781187,0.707106781187,0.));
#2491 = PLANE('',#2492);
#2492 = AXIS2_PLACEMENT_3D('',#2493,#2494,#2495);
#2493 = CARTESIAN_POINT('',(178.89801564019,195.86857838867,18.));
#2494 = DIRECTION('',(0.707106781187,0.707106781187,0.));
#2495 = DIRECTION('',(0.,0.,1.));
#2496 = ADVANCED_FACE('',(#2497,#2522,#2533,#2544),#2555,.F.);
#2497 = FACE_BOUND('',#2498,.F.);
#2498 = EDGE_LOOP('',(#2499,#2507,#2508,#2516));
#2499 = ORIENTED_EDGE('',*,*,#2500,.F.);
#2500 = EDGE_CURVE('',#2461,#2501,#2503,.T.);
#2501 = VERTEX_POINT('',#2502);
#2502 = CARTESIAN_POINT('',(193.04015126392,210.0107140124,18.));
#2503 = LINE('',#2504,#2505);
#2504 = CARTESIAN_POINT('',(178.89801564019,195.86857838867,18.));
#2505 = VECTOR('',#2506,1.);
#2506 = DIRECTION('',(0.707106781187,0.707106781187,0.));
#2507 = ORIENTED_EDGE('',*,*,#2460,.T.);
#2508 = ORIENTED_EDGE('',*,*,#2509,.T.);
#2509 = EDGE_CURVE('',#2463,#2510,#2512,.T.);
#2510 = VERTEX_POINT('',#2511);
#2511 = CARTESIAN_POINT('',(193.04015126392,210.0107140124,280.));
#2512 = LINE('',#2513,#2514);
#2513 = CARTESIAN_POINT('',(178.89801564019,195.86857838867,280.));
#2514 = VECTOR('',#2515,1.);
#2515 = DIRECTION('',(0.707106781187,0.707106781187,0.));
#2516 = ORIENTED_EDGE('',*,*,#2517,.F.);
#2517 = EDGE_CURVE('',#2501,#2510,#2518,.T.);
#2518 = LINE('',#2519,#2520);
#2519 = CARTESIAN_POINT('',(193.04015126392,210.0107140124,18.));
#2520 = VECTOR('',#2521,1.);
#2521 = DIRECTION('',(0.,0.,1.));
#2522 = FACE_BOUND('',#2523,.F.);
#2523 = EDGE_LOOP('',(#2524));
#2524 = ORIENTED_EDGE('',*,*,#2525,.F.);
#2525 = EDGE_CURVE('',#2526,#2526,#2528,.T.);
#2526 = VERTEX_POINT('',#2527);
#2527 = CARTESIAN_POINT('',(185.96908345206,202.93964620053,220.));
#2528 = CIRCLE('',#2529,3.);
#2529 = AXIS2_PLACEMENT_3D('',#2530,#2531,#2532);
#2530 = CARTESIAN_POINT('',(185.96908345206,202.93964620053,217.));
#2531 = DIRECTION('',(-0.707106781187,0.707106781187,0.));
#2532 = DIRECTION('',(0.,0.,1.));
#2533 = FACE_BOUND('',#2534,.F.);
#2534 = EDGE_LOOP('',(#2535));
#2535 = ORIENTED_EDGE('',*,*,#2536,.F.);
#2536 = EDGE_CURVE('',#2537,#2537,#2539,.T.);
#2537 = VERTEX_POINT('',#2538);
#2538 = CARTESIAN_POINT('',(185.96908345206,202.93964620053,248.));
#2539 = CIRCLE('',#2540,3.);
#2540 = AXIS2_PLACEMENT_3D('',#2541,#2542,#2543);
#2541 = CARTESIAN_POINT('',(185.96908345206,202.93964620053,245.));
#2542 = DIRECTION('',(-0.707106781187,0.707106781187,0.));
#2543 = DIRECTION('',(0.,0.,1.));
#2544 = FACE_BOUND('',#2545,.F.);
#2545 = EDGE_LOOP('',(#2546));
#2546 = ORIENTED_EDGE('',*,*,#2547,.F.);
#2547 = EDGE_CURVE('',#2548,#2548,#2550,.T.);
#2548 = VERTEX_POINT('',#2549);
#2549 = CARTESIAN_POINT('',(185.96908345206,202.93964620053,276.));
#2550 = CIRCLE('',#2551,3.);
#2551 = AXIS2_PLACEMENT_3D('',#2552,#2553,#2554);
#2552 = CARTESIAN_POINT('',(185.96908345206,202.93964620053,273.));
#2553 = DIRECTION('',(-0.707106781187,0.707106781187,0.));
#2554 = DIRECTION('',(0.,0.,1.));
#2555 = PLANE('',#2556);
#2556 = AXIS2_PLACEMENT_3D('',#2557,#2558,#2559);
#2557 = CARTESIAN_POINT('',(178.89801564019,195.86857838867,18.));
#2558 = DIRECTION('',(-0.707106781187,0.707106781187,0.));
#2559 = DIRECTION('',(0.,0.,1.));
#2560 = ADVANCED_FACE('',(#2561),#2579,.T.);
#2561 = FACE_BOUND('',#2562,.T.);
#2562 = EDGE_LOOP('',(#2563,#2564,#2565,#2573));
#2563 = ORIENTED_EDGE('',*,*,#2486,.F.);
#2564 = ORIENTED_EDGE('',*,*,#2509,.T.);
#2565 = ORIENTED_EDGE('',*,*,#2566,.T.);
#2566 = EDGE_CURVE('',#2510,#2567,#2569,.T.);
#2567 = VERTEX_POINT('',#2568);
#2568 = CARTESIAN_POINT('',(190.21172413918,212.83914113715,280.));
#2569 = LINE('',#2570,#2571);
#2570 = CARTESIAN_POINT('',(193.04015126392,210.0107140124,280.));
#2571 = VECTOR('',#2572,1.);
#2572 = DIRECTION('',(-0.707106781187,0.707106781187,0.));
#2573 = ORIENTED_EDGE('',*,*,#2574,.F.);
#2574 = EDGE_CURVE('',#2479,#2567,#2575,.T.);
#2575 = LINE('',#2576,#2577);
#2576 = CARTESIAN_POINT('',(176.06958851545,198.69700551342,280.));
#2577 = VECTOR('',#2578,1.);
#2578 = DIRECTION('',(0.707106781187,0.707106781187,0.));
#2579 = PLANE('',#2580);
#2580 = AXIS2_PLACEMENT_3D('',#2581,#2582,#2583);
#2581 = CARTESIAN_POINT('',(178.89801564019,195.86857838867,280.));
#2582 = DIRECTION('',(0.,0.,1.));
#2583 = DIRECTION('',(0.707106781187,0.707106781187,0.));
#2584 = ADVANCED_FACE('',(#2585,#2603,#2614,#2625),#2636,.T.);
#2585 = FACE_BOUND('',#2586,.T.);
#2586 = EDGE_LOOP('',(#2587,#2595,#2596,#2597));
#2587 = ORIENTED_EDGE('',*,*,#2588,.F.);
#2588 = EDGE_CURVE('',#2471,#2589,#2591,.T.);
#2589 = VERTEX_POINT('',#2590);
#2590 = CARTESIAN_POINT('',(190.21172413918,212.83914113715,18.));
#2591 = LINE('',#2592,#2593);
#2592 = CARTESIAN_POINT('',(176.06958851545,198.69700551342,18.));
#2593 = VECTOR('',#2594,1.);
#2594 = DIRECTION('',(0.707106781187,0.707106781187,0.));
#2595 = ORIENTED_EDGE('',*,*,#2478,.T.);
#2596 = ORIENTED_EDGE('',*,*,#2574,.T.);
#2597 = ORIENTED_EDGE('',*,*,#2598,.F.);
#2598 = EDGE_CURVE('',#2589,#2567,#2599,.T.);
#2599 = LINE('',#2600,#2601);
#2600 = CARTESIAN_POINT('',(190.21172413918,212.83914113715,18.));
#2601 = VECTOR('',#2602,1.);
#2602 = DIRECTION('',(0.,0.,1.));
#2603 = FACE_BOUND('',#2604,.T.);
#2604 = EDGE_LOOP('',(#2605));
#2605 = ORIENTED_EDGE('',*,*,#2606,.F.);
#2606 = EDGE_CURVE('',#2607,#2607,#2609,.T.);
#2607 = VERTEX_POINT('',#2608);
#2608 = CARTESIAN_POINT('',(183.14065632731,205.76807332528,220.));
#2609 = CIRCLE('',#2610,3.);
#2610 = AXIS2_PLACEMENT_3D('',#2611,#2612,#2613);
#2611 = CARTESIAN_POINT('',(183.14065632731,205.76807332528,217.));
#2612 = DIRECTION('',(-0.707106781187,0.707106781187,0.));
#2613 = DIRECTION('',(0.,0.,1.));
#2614 = FACE_BOUND('',#2615,.T.);
#2615 = EDGE_LOOP('',(#2616));
#2616 = ORIENTED_EDGE('',*,*,#2617,.F.);
#2617 = EDGE_CURVE('',#2618,#2618,#2620,.T.);
#2618 = VERTEX_POINT('',#2619);
#2619 = CARTESIAN_POINT('',(183.14065632731,205.76807332528,248.));
#2620 = CIRCLE('',#2621,3.);
#2621 = AXIS2_PLACEMENT_3D('',#2622,#2623,#2624);
#2622 = CARTESIAN_POINT('',(183.14065632731,205.76807332528,245.));
#2623 = DIRECTION('',(-0.707106781187,0.707106781187,0.));
#2624 = DIRECTION('',(0.,0.,1.));
#2625 = FACE_BOUND('',#2626,.T.);
#2626 = EDGE_LOOP('',(#2627));
#2627 = ORIENTED_EDGE('',*,*,#2628,.F.);
#2628 = EDGE_CURVE('',#2629,#2629,#2631,.T.);
#2629 = VERTEX_POINT('',#2630);
#2630 = CARTESIAN_POINT('',(183.14065632731,205.76807332528,276.));
#2631 = CIRCLE('',#2632,3.);
#2632 = AXIS2_PLACEMENT_3D('',#2633,#2634,#2635);
#2633 = CARTESIAN_POINT('',(183.14065632731,205.76807332528,273.));
#2634 = DIRECTION('',(-0.707106781187,0.707106781187,0.));
#2635 = DIRECTION('',(0.,0.,1.));
#2636 = PLANE('',#2637);
#2637 = AXIS2_PLACEMENT_3D('',#2638,#2639,#2640);
#2638 = CARTESIAN_POINT('',(176.06958851545,198.69700551342,18.));
#2639 = DIRECTION('',(-0.707106781187,0.707106781187,0.));
#2640 = DIRECTION('',(0.,0.,1.));
#2641 = ADVANCED_FACE('',(#2642),#2653,.F.);
#2642 = FACE_BOUND('',#2643,.F.);
#2643 = EDGE_LOOP('',(#2644,#2645,#2646,#2652));
#2644 = ORIENTED_EDGE('',*,*,#2470,.F.);
#2645 = ORIENTED_EDGE('',*,*,#2500,.T.);
#2646 = ORIENTED_EDGE('',*,*,#2647,.T.);
#2647 = EDGE_CURVE('',#2501,#2589,#2648,.T.);
#2648 = LINE('',#2649,#2650);
#2649 = CARTESIAN_POINT('',(193.04015126392,210.0107140124,18.));
#2650 = VECTOR('',#2651,1.);
#2651 = DIRECTION('',(-0.707106781187,0.707106781187,0.));
#2652 = ORIENTED_EDGE('',*,*,#2588,.F.);
#2653 = PLANE('',#2654);
#2654 = AXIS2_PLACEMENT_3D('',#2655,#2656,#2657);
#2655 = CARTESIAN_POINT('',(178.89801564019,195.86857838867,18.));
#2656 = DIRECTION('',(0.,0.,1.));
#2657 = DIRECTION('',(0.707106781187,0.707106781187,0.));
#2658 = ADVANCED_FACE('',(#2659),#2665,.T.);
#2659 = FACE_BOUND('',#2660,.T.);
#2660 = EDGE_LOOP('',(#2661,#2662,#2663,#2664));
#2661 = ORIENTED_EDGE('',*,*,#2517,.F.);
#2662 = ORIENTED_EDGE('',*,*,#2647,.T.);
#2663 = ORIENTED_EDGE('',*,*,#2598,.T.);
#2664 = ORIENTED_EDGE('',*,*,#2566,.F.);
#2665 = PLANE('',#2666);
#2666 = AXIS2_PLACEMENT_3D('',#2667,#2668,#2669);
#2667 = CARTESIAN_POINT('',(193.04015126392,210.0107140124,18.));
#2668 = DIRECTION('',(0.707106781187,0.707106781187,0.));
#2669 = DIRECTION('',(0.,0.,1.));
#2670 = ADVANCED_FACE('',(#2671),#2682,.F.);
#2671 = FACE_BOUND('',#2672,.F.);
#2672 = EDGE_LOOP('',(#2673,#2674,#2680,#2681));
#2673 = ORIENTED_EDGE('',*,*,#2606,.F.);
#2674 = ORIENTED_EDGE('',*,*,#2675,.F.);
#2675 = EDGE_CURVE('',#2526,#2607,#2676,.T.);
#2676 = LINE('',#2677,#2678);
#2677 = CARTESIAN_POINT('',(236.88077169749,152.0279579551,220.));
#2678 = VECTOR('',#2679,1.);
#2679 = DIRECTION('',(-0.707106781187,0.707106781187,0.));
#2680 = ORIENTED_EDGE('',*,*,#2525,.T.);
#2681 = ORIENTED_EDGE('',*,*,#2675,.T.);
#2682 = CYLINDRICAL_SURFACE('',#2683,3.);
#2683 = AXIS2_PLACEMENT_3D('',#2684,#2685,#2686);
#2684 = CARTESIAN_POINT('',(236.88077169749,152.0279579551,217.));
#2685 = DIRECTION('',(-0.707106781187,0.707106781187,0.));
#2686 = DIRECTION('',(0.,0.,1.));
#2687 = ADVANCED_FACE('',(#2688),#2699,.F.);
#2688 = FACE_BOUND('',#2689,.F.);
#2689 = EDGE_LOOP('',(#2690,#2691,#2697,#2698));
#2690 = ORIENTED_EDGE('',*,*,#2617,.F.);
#2691 = ORIENTED_EDGE('',*,*,#2692,.F.);
#2692 = EDGE_CURVE('',#2537,#2618,#2693,.T.);
#2693 = LINE('',#2694,#2695);
#2694 = CARTESIAN_POINT('',(236.88077169749,152.0279579551,248.));
#2695 = VECTOR('',#2696,1.);
#2696 = DIRECTION('',(-0.707106781187,0.707106781187,0.));
#2697 = ORIENTED_EDGE('',*,*,#2536,.T.);
#2698 = ORIENTED_EDGE('',*,*,#2692,.T.);
#2699 = CYLINDRICAL_SURFACE('',#2700,3.);
#2700 = AXIS2_PLACEMENT_3D('',#2701,#2702,#2703);
#2701 = CARTESIAN_POINT('',(236.88077169749,152.0279579551,245.));
#2702 = DIRECTION('',(-0.707106781187,0.707106781187,0.));
#2703 = DIRECTION('',(0.,0.,1.));
#2704 = ADVANCED_FACE('',(#2705),#2716,.F.);
#2705 = FACE_BOUND('',#2706,.F.);
#2706 = EDGE_LOOP('',(#2707,#2708,#2714,#2715));
#2707 = ORIENTED_EDGE('',*,*,#2628,.F.);
#2708 = ORIENTED_EDGE('',*,*,#2709,.F.);
#2709 = EDGE_CURVE('',#2548,#2629,#2710,.T.);
#2710 = LINE('',#2711,#2712);
#2711 = CARTESIAN_POINT('',(236.88077169749,152.0279579551,276.));
#2712 = VECTOR('',#2713,1.);
#2713 = DIRECTION('',(-0.707106781187,0.707106781187,0.));
#2714 = ORIENTED_EDGE('',*,*,#2547,.T.);
#2715 = ORIENTED_EDGE('',*,*,#2709,.T.);
#2716 = CYLINDRICAL_SURFACE('',#2717,3.);
#2717 = AXIS2_PLACEMENT_3D('',#2718,#2719,#2720);
#2718 = CARTESIAN_POINT('',(236.88077169749,152.0279579551,273.));
#2719 = DIRECTION('',(-0.707106781187,0.707106781187,0.));
#2720 = DIRECTION('',(0.,0.,1.));
#2721 = ( GEOMETRIC_REPRESENTATION_CONTEXT(3) 
GLOBAL_UNCERTAINTY_ASSIGNED_CONTEXT((#2725)) 
GLOBAL_UNIT_ASSIGNED_CONTEXT((#2722,#2723,#2724)) REPRESENTATION_CONTEXT
('Context #1','3D Context with UNIT and UNCERTAINTY') );
#2722 = ( LENGTH_UNIT() NAMED_UNIT(*) SI_UNIT(.MILLI.,.METRE.) );
#2723 = ( NAMED_UNIT(*) PLANE_ANGLE_UNIT() SI_UNIT($,.RADIAN.) );
#2724 = ( NAMED_UNIT(*) SI_UNIT($,.STERADIAN.) SOLID_ANGLE_UNIT() );
#2725 = UNCERTAINTY_MEASURE_WITH_UNIT(LENGTH_MEASURE(1.E-07),#2722,
  'distance_accuracy_value','confusion accuracy');
#2726 = CONTEXT_DEPENDENT_SHAPE_REPRESENTATION(#2727,#2729);
#2727 = ( REPRESENTATION_RELATIONSHIP('','',#2453,#10) 
REPRESENTATION_RELATIONSHIP_WITH_TRANSFORMATION(#2728) 
SHAPE_REPRESENTATION_RELATIONSHIP() );
#2728 = ITEM_DEFINED_TRANSFORMATION('','',#11,#55);
#2729 = PRODUCT_DEFINITION_SHAPE('Placement','Placement of an item',
  #2730);
#2730 = NEXT_ASSEMBLY_USAGE_OCCURRENCE('11','P11 Slot jamb 45 / 1','',#5
  ,#2448,$);
#2731 = PRODUCT_RELATED_PRODUCT_CATEGORY('part',$,(#2450));
#2732 = SHAPE_DEFINITION_REPRESENTATION(#2733,#2739);
#2733 = PRODUCT_DEFINITION_SHAPE('','',#2734);
#2734 = PRODUCT_DEFINITION('design','',#2735,#2738);
#2735 = PRODUCT_DEFINITION_FORMATION('','',#2736);
#2736 = PRODUCT('P12 Slot lintel 45','P12 Slot lintel 45','',(#2737));
#2737 = PRODUCT_CONTEXT('',#2,'mechanical');
#2738 = PRODUCT_DEFINITION_CONTEXT('part definition',#2,'design');
#2739 = ADVANCED_BREP_SHAPE_REPRESENTATION('',(#11,#2740),#2890);
#2740 = MANIFOLD_SOLID_BREP('',#2741);
#2741 = CLOSED_SHELL('',(#2742,#2782,#2822,#2844,#2866,#2878));
#2742 = ADVANCED_FACE('',(#2743),#2777,.F.);
#2743 = FACE_BOUND('',#2744,.F.);
#2744 = EDGE_LOOP('',(#2745,#2755,#2763,#2771));
#2745 = ORIENTED_EDGE('',*,*,#2746,.F.);
#2746 = EDGE_CURVE('',#2747,#2749,#2751,.T.);
#2747 = VERTEX_POINT('',#2748);
#2748 = CARTESIAN_POINT('',(198.69700551342,176.06958851545,280.));
#2749 = VERTEX_POINT('',#2750);
#2750 = CARTESIAN_POINT('',(198.69700551342,176.06958851545,284.));
#2751 = LINE('',#2752,#2753);
#2752 = CARTESIAN_POINT('',(198.69700551342,176.06958851545,280.));
#2753 = VECTOR('',#2754,1.);
#2754 = DIRECTION('',(0.,0.,1.));
#2755 = ORIENTED_EDGE('',*,*,#2756,.T.);
#2756 = EDGE_CURVE('',#2747,#2757,#2759,.T.);
#2757 = VERTEX_POINT('',#2758);
#2758 = CARTESIAN_POINT('',(176.06958851545,198.69700551342,280.));
#2759 = LINE('',#2760,#2761);
#2760 = CARTESIAN_POINT('',(198.69700551342,176.06958851545,280.));
#2761 = VECTOR('',#2762,1.);
#2762 = DIRECTION('',(-0.707106781187,0.707106781187,0.));
#2763 = ORIENTED_EDGE('',*,*,#2764,.T.);
#2764 = EDGE_CURVE('',#2757,#2765,#2767,.T.);
#2765 = VERTEX_POINT('',#2766);
#2766 = CARTESIAN_POINT('',(176.06958851545,198.69700551342,284.));
#2767 = LINE('',#2768,#2769);
#2768 = CARTESIAN_POINT('',(176.06958851545,198.69700551342,280.));
#2769 = VECTOR('',#2770,1.);
#2770 = DIRECTION('',(0.,0.,1.));
#2771 = ORIENTED_EDGE('',*,*,#2772,.F.);
#2772 = EDGE_CURVE('',#2749,#2765,#2773,.T.);
#2773 = LINE('',#2774,#2775);
#2774 = CARTESIAN_POINT('',(198.69700551342,176.06958851545,284.));
#2775 = VECTOR('',#2776,1.);
#2776 = DIRECTION('',(-0.707106781187,0.707106781187,0.));
#2777 = PLANE('',#2778);
#2778 = AXIS2_PLACEMENT_3D('',#2779,#2780,#2781);
#2779 = CARTESIAN_POINT('',(198.69700551342,176.06958851545,280.));
#2780 = DIRECTION('',(0.707106781187,0.707106781187,0.));
#2781 = DIRECTION('',(0.,0.,1.));
#2782 = ADVANCED_FACE('',(#2783),#2817,.T.);
#2783 = FACE_BOUND('',#2784,.T.);
#2784 = EDGE_LOOP('',(#2785,#2795,#2803,#2811));
#2785 = ORIENTED_EDGE('',*,*,#2786,.F.);
#2786 = EDGE_CURVE('',#2787,#2789,#2791,.T.);
#2787 = VERTEX_POINT('',#2788);
#2788 = CARTESIAN_POINT('',(212.83914113715,190.21172413918,280.));
#2789 = VERTEX_POINT('',#2790);
#2790 = CARTESIAN_POINT('',(212.83914113715,190.21172413918,284.));
#2791 = LINE('',#2792,#2793);
#2792 = CARTESIAN_POINT('',(212.83914113715,190.21172413918,280.));
#2793 = VECTOR('',#2794,1.);
#2794 = DIRECTION('',(0.,0.,1.));
#2795 = ORIENTED_EDGE('',*,*,#2796,.T.);
#2796 = EDGE_CURVE('',#2787,#2797,#2799,.T.);
#2797 = VERTEX_POINT('',#2798);
#2798 = CARTESIAN_POINT('',(190.21172413918,212.83914113715,280.));
#2799 = LINE('',#2800,#2801);
#2800 = CARTESIAN_POINT('',(212.83914113715,190.21172413918,280.));
#2801 = VECTOR('',#2802,1.);
#2802 = DIRECTION('',(-0.707106781187,0.707106781187,0.));
#2803 = ORIENTED_EDGE('',*,*,#2804,.T.);
#2804 = EDGE_CURVE('',#2797,#2805,#2807,.T.);
#2805 = VERTEX_POINT('',#2806);
#2806 = CARTESIAN_POINT('',(190.21172413918,212.83914113715,284.));
#2807 = LINE('',#2808,#2809);
#2808 = CARTESIAN_POINT('',(190.21172413918,212.83914113715,280.));
#2809 = VECTOR('',#2810,1.);
#2810 = DIRECTION('',(0.,0.,1.));
#2811 = ORIENTED_EDGE('',*,*,#2812,.F.);
#2812 = EDGE_CURVE('',#2789,#2805,#2813,.T.);
#2813 = LINE('',#2814,#2815);
#2814 = CARTESIAN_POINT('',(212.83914113715,190.21172413918,284.));
#2815 = VECTOR('',#2816,1.);
#2816 = DIRECTION('',(-0.707106781187,0.707106781187,0.));
#2817 = PLANE('',#2818);
#2818 = AXIS2_PLACEMENT_3D('',#2819,#2820,#2821);
#2819 = CARTESIAN_POINT('',(212.83914113715,190.21172413918,280.));
#2820 = DIRECTION('',(0.707106781187,0.707106781187,0.));
#2821 = DIRECTION('',(0.,0.,1.));
#2822 = ADVANCED_FACE('',(#2823),#2839,.F.);
#2823 = FACE_BOUND('',#2824,.F.);
#2824 = EDGE_LOOP('',(#2825,#2831,#2832,#2838));
#2825 = ORIENTED_EDGE('',*,*,#2826,.F.);
#2826 = EDGE_CURVE('',#2747,#2787,#2827,.T.);
#2827 = LINE('',#2828,#2829);
#2828 = CARTESIAN_POINT('',(198.69700551342,176.06958851545,280.));
#2829 = VECTOR('',#2830,1.);
#2830 = DIRECTION('',(0.707106781187,0.707106781187,0.));
#2831 = ORIENTED_EDGE('',*,*,#2746,.T.);
#2832 = ORIENTED_EDGE('',*,*,#2833,.T.);
#2833 = EDGE_CURVE('',#2749,#2789,#2834,.T.);
#2834 = LINE('',#2835,#2836);
#2835 = CARTESIAN_POINT('',(198.69700551342,176.06958851545,284.));
#2836 = VECTOR('',#2837,1.);
#2837 = DIRECTION('',(0.707106781187,0.707106781187,0.));
#2838 = ORIENTED_EDGE('',*,*,#2786,.F.);
#2839 = PLANE('',#2840);
#2840 = AXIS2_PLACEMENT_3D('',#2841,#2842,#2843);
#2841 = CARTESIAN_POINT('',(198.69700551342,176.06958851545,280.));
#2842 = DIRECTION('',(-0.707106781187,0.707106781187,0.));
#2843 = DIRECTION('',(0.,0.,1.));
#2844 = ADVANCED_FACE('',(#2845),#2861,.T.);
#2845 = FACE_BOUND('',#2846,.T.);
#2846 = EDGE_LOOP('',(#2847,#2853,#2854,#2860));
#2847 = ORIENTED_EDGE('',*,*,#2848,.F.);
#2848 = EDGE_CURVE('',#2757,#2797,#2849,.T.);
#2849 = LINE('',#2850,#2851);
#2850 = CARTESIAN_POINT('',(176.06958851545,198.69700551342,280.));
#2851 = VECTOR('',#2852,1.);
#2852 = DIRECTION('',(0.707106781187,0.707106781187,0.));
#2853 = ORIENTED_EDGE('',*,*,#2764,.T.);
#2854 = ORIENTED_EDGE('',*,*,#2855,.T.);
#2855 = EDGE_CURVE('',#2765,#2805,#2856,.T.);
#2856 = LINE('',#2857,#2858);
#2857 = CARTESIAN_POINT('',(176.06958851545,198.69700551342,284.));
#2858 = VECTOR('',#2859,1.);
#2859 = DIRECTION('',(0.707106781187,0.707106781187,0.));
#2860 = ORIENTED_EDGE('',*,*,#2804,.F.);
#2861 = PLANE('',#2862);
#2862 = AXIS2_PLACEMENT_3D('',#2863,#2864,#2865);
#2863 = CARTESIAN_POINT('',(176.06958851545,198.69700551342,280.));
#2864 = DIRECTION('',(-0.707106781187,0.707106781187,0.));
#2865 = DIRECTION('',(0.,0.,1.));
#2866 = ADVANCED_FACE('',(#2867),#2873,.F.);
#2867 = FACE_BOUND('',#2868,.F.);
#2868 = EDGE_LOOP('',(#2869,#2870,#2871,#2872));
#2869 = ORIENTED_EDGE('',*,*,#2756,.F.);
#2870 = ORIENTED_EDGE('',*,*,#2826,.T.);
#2871 = ORIENTED_EDGE('',*,*,#2796,.T.);
#2872 = ORIENTED_EDGE('',*,*,#2848,.F.);
#2873 = PLANE('',#2874);
#2874 = AXIS2_PLACEMENT_3D('',#2875,#2876,#2877);
#2875 = CARTESIAN_POINT('',(198.69700551342,176.06958851545,280.));
#2876 = DIRECTION('',(0.,0.,1.));
#2877 = DIRECTION('',(0.707106781187,0.707106781187,0.));
#2878 = ADVANCED_FACE('',(#2879),#2885,.T.);
#2879 = FACE_BOUND('',#2880,.T.);
#2880 = EDGE_LOOP('',(#2881,#2882,#2883,#2884));
#2881 = ORIENTED_EDGE('',*,*,#2772,.F.);
#2882 = ORIENTED_EDGE('',*,*,#2833,.T.);
#2883 = ORIENTED_EDGE('',*,*,#2812,.T.);
#2884 = ORIENTED_EDGE('',*,*,#2855,.F.);
#2885 = PLANE('',#2886);
#2886 = AXIS2_PLACEMENT_3D('',#2887,#2888,#2889);
#2887 = CARTESIAN_POINT('',(198.69700551342,176.06958851545,284.));
#2888 = DIRECTION('',(0.,0.,1.));
#2889 = DIRECTION('',(0.707106781187,0.707106781187,0.));
#2890 = ( GEOMETRIC_REPRESENTATION_CONTEXT(3) 
GLOBAL_UNCERTAINTY_ASSIGNED_CONTEXT((#2894)) 
GLOBAL_UNIT_ASSIGNED_CONTEXT((#2891,#2892,#2893)) REPRESENTATION_CONTEXT
('Context #1','3D Context with UNIT and UNCERTAINTY') );
#2891 = ( LENGTH_UNIT() NAMED_UNIT(*) SI_UNIT(.MILLI.,.METRE.) );
#2892 = ( NAMED_UNIT(*) PLANE_ANGLE_UNIT() SI_UNIT($,.RADIAN.) );
#2893 = ( NAMED_UNIT(*) SI_UNIT($,.STERADIAN.) SOLID_ANGLE_UNIT() );
#2894 = UNCERTAINTY_MEASURE_WITH_UNIT(LENGTH_MEASURE(1.E-07),#2891,
  'distance_accuracy_value','confusion accuracy');
#2895 = CONTEXT_DEPENDENT_SHAPE_REPRESENTATION(#2896,#2898);
#2896 = ( REPRESENTATION_RELATIONSHIP('','',#2739,#10) 
REPRESENTATION_RELATIONSHIP_WITH_TRANSFORMATION(#2897) 
SHAPE_REPRESENTATION_RELATIONSHIP() );
#2897 = ITEM_DEFINED_TRANSFORMATION('','',#11,#59);
#2898 = PRODUCT_DEFINITION_SHAPE('Placement','Placement of an item',
  #2899);
#2899 = NEXT_ASSEMBLY_USAGE_OCCURRENCE('12','P12 Slot lintel 45','',#5,
  #2734,$);
#2900 = PRODUCT_RELATED_PRODUCT_CATEGORY('part',$,(#2736));
#2901 = SHAPE_DEFINITION_REPRESENTATION(#2902,#2908);
#2902 = PRODUCT_DEFINITION_SHAPE('','',#2903);
#2903 = PRODUCT_DEFINITION('design','',#2904,#2907);
#2904 = PRODUCT_DEFINITION_FORMATION('','',#2905);
#2905 = PRODUCT('P13 Foot shoe 45','P13 Foot shoe 45','',(#2906));
#2906 = PRODUCT_CONTEXT('',#2,'mechanical');
#2907 = PRODUCT_DEFINITION_CONTEXT('part definition',#2,'design');
#2908 = ADVANCED_BREP_SHAPE_REPRESENTATION('',(#11,#2909),#3059);
#2909 = MANIFOLD_SOLID_BREP('',#2910);
#2910 = CLOSED_SHELL('',(#2911,#2951,#2991,#3013,#3035,#3047));
#2911 = ADVANCED_FACE('',(#2912),#2946,.F.);
#2912 = FACE_BOUND('',#2913,.F.);
#2913 = EDGE_LOOP('',(#2914,#2924,#2932,#2940));
#2914 = ORIENTED_EDGE('',*,*,#2915,.F.);
#2915 = EDGE_CURVE('',#2916,#2918,#2920,.T.);
#2916 = VERTEX_POINT('',#2917);
#2917 = CARTESIAN_POINT('',(228.39549032325,143.54267658086,0.));
#2918 = VERTEX_POINT('',#2919);
#2919 = CARTESIAN_POINT('',(228.39549032325,143.54267658086,18.));
#2920 = LINE('',#2921,#2922);
#2921 = CARTESIAN_POINT('',(228.39549032325,143.54267658086,0.));
#2922 = VECTOR('',#2923,1.);
#2923 = DIRECTION('',(0.,0.,1.));
#2924 = ORIENTED_EDGE('',*,*,#2925,.T.);
#2925 = EDGE_CURVE('',#2916,#2926,#2928,.T.);
#2926 = VERTEX_POINT('',#2927);
#2927 = CARTESIAN_POINT('',(143.54267658086,228.39549032325,0.));
#2928 = LINE('',#2929,#2930);
#2929 = CARTESIAN_POINT('',(228.39549032325,143.54267658086,0.));
#2930 = VECTOR('',#2931,1.);
#2931 = DIRECTION('',(-0.707106781187,0.707106781187,0.));
#2932 = ORIENTED_EDGE('',*,*,#2933,.T.);
#2933 = EDGE_CURVE('',#2926,#2934,#2936,.T.);
#2934 = VERTEX_POINT('',#2935);
#2935 = CARTESIAN_POINT('',(143.54267658086,228.39549032325,18.));
#2936 = LINE('',#2937,#2938);
#2937 = CARTESIAN_POINT('',(143.54267658086,228.39549032325,0.));
#2938 = VECTOR('',#2939,1.);
#2939 = DIRECTION('',(0.,0.,1.));
#2940 = ORIENTED_EDGE('',*,*,#2941,.F.);
#2941 = EDGE_CURVE('',#2918,#2934,#2942,.T.);
#2942 = LINE('',#2943,#2944);
#2943 = CARTESIAN_POINT('',(228.39549032325,143.54267658086,18.));
#2944 = VECTOR('',#2945,1.);
#2945 = DIRECTION('',(-0.707106781187,0.707106781187,0.));
#2946 = PLANE('',#2947);
#2947 = AXIS2_PLACEMENT_3D('',#2948,#2949,#2950);
#2948 = CARTESIAN_POINT('',(228.39549032325,143.54267658086,0.));
#2949 = DIRECTION('',(0.707106781187,0.707106781187,0.));
#2950 = DIRECTION('',(0.,0.,1.));
#2951 = ADVANCED_FACE('',(#2952),#2986,.T.);
#2952 = FACE_BOUND('',#2953,.T.);
#2953 = EDGE_LOOP('',(#2954,#2964,#2972,#2980));
#2954 = ORIENTED_EDGE('',*,*,#2955,.F.);
#2955 = EDGE_CURVE('',#2956,#2958,#2960,.T.);
#2956 = VERTEX_POINT('',#2957);
#2957 = CARTESIAN_POINT('',(245.36605307173,160.51323932934,0.));
#2958 = VERTEX_POINT('',#2959);
#2959 = CARTESIAN_POINT('',(245.36605307173,160.51323932934,18.));
#2960 = LINE('',#2961,#2962);
#2961 = CARTESIAN_POINT('',(245.36605307173,160.51323932934,0.));
#2962 = VECTOR('',#2963,1.);
#2963 = DIRECTION('',(0.,0.,1.));
#2964 = ORIENTED_EDGE('',*,*,#2965,.T.);
#2965 = EDGE_CURVE('',#2956,#2966,#2968,.T.);
#2966 = VERTEX_POINT('',#2967);
#2967 = CARTESIAN_POINT('',(160.51323932934,245.36605307173,0.));
#2968 = LINE('',#2969,#2970);
#2969 = CARTESIAN_POINT('',(245.36605307173,160.51323932934,0.));
#2970 = VECTOR('',#2971,1.);
#2971 = DIRECTION('',(-0.707106781187,0.707106781187,0.));
#2972 = ORIENTED_EDGE('',*,*,#2973,.T.);
#2973 = EDGE_CURVE('',#2966,#2974,#2976,.T.);
#2974 = VERTEX_POINT('',#2975);
#2975 = CARTESIAN_POINT('',(160.51323932934,245.36605307173,18.));
#2976 = LINE('',#2977,#2978);
#2977 = CARTESIAN_POINT('',(160.51323932934,245.36605307173,0.));
#2978 = VECTOR('',#2979,1.);
#2979 = DIRECTION('',(0.,0.,1.));
#2980 = ORIENTED_EDGE('',*,*,#2981,.F.);
#2981 = EDGE_CURVE('',#2958,#2974,#2982,.T.);
#2982 = LINE('',#2983,#2984);
#2983 = CARTESIAN_POINT('',(245.36605307173,160.51323932934,18.));
#2984 = VECTOR('',#2985,1.);
#2985 = DIRECTION('',(-0.707106781187,0.707106781187,0.));
#2986 = PLANE('',#2987);
#2987 = AXIS2_PLACEMENT_3D('',#2988,#2989,#2990);
#2988 = CARTESIAN_POINT('',(245.36605307173,160.51323932934,0.));
#2989 = DIRECTION('',(0.707106781187,0.707106781187,0.));
#2990 = DIRECTION('',(0.,0.,1.));
#2991 = ADVANCED_FACE('',(#2992),#3008,.F.);
#2992 = FACE_BOUND('',#2993,.F.);
#2993 = EDGE_LOOP('',(#2994,#3000,#3001,#3007));
#2994 = ORIENTED_EDGE('',*,*,#2995,.F.);
#2995 = EDGE_CURVE('',#2916,#2956,#2996,.T.);
#2996 = LINE('',#2997,#2998);
#2997 = CARTESIAN_POINT('',(228.39549032325,143.54267658086,0.));
#2998 = VECTOR('',#2999,1.);
#2999 = DIRECTION('',(0.707106781187,0.707106781187,0.));
#3000 = ORIENTED_EDGE('',*,*,#2915,.T.);
#3001 = ORIENTED_EDGE('',*,*,#3002,.T.);
#3002 = EDGE_CURVE('',#2918,#2958,#3003,.T.);
#3003 = LINE('',#3004,#3005);
#3004 = CARTESIAN_POINT('',(228.39549032325,143.54267658086,18.));
#3005 = VECTOR('',#3006,1.);
#3006 = DIRECTION('',(0.707106781187,0.707106781187,0.));
#3007 = ORIENTED_EDGE('',*,*,#2955,.F.);
#3008 = PLANE('',#3009);
#3009 = AXIS2_PLACEMENT_3D('',#3010,#3011,#3012);
#3010 = CARTESIAN_POINT('',(228.39549032325,143.54267658086,0.));
#3011 = DIRECTION('',(-0.707106781187,0.707106781187,0.));
#3012 = DIRECTION('',(0.,0.,1.));
#3013 = ADVANCED_FACE('',(#3014),#3030,.T.);
#3014 = FACE_BOUND('',#3015,.T.);
#3015 = EDGE_LOOP('',(#3016,#3022,#3023,#3029));
#3016 = ORIENTED_EDGE('',*,*,#3017,.F.);
#3017 = EDGE_CURVE('',#2926,#2966,#3018,.T.);
#3018 = LINE('',#3019,#3020);
#3019 = CARTESIAN_POINT('',(143.54267658086,228.39549032325,0.));
#3020 = VECTOR('',#3021,1.);
#3021 = DIRECTION('',(0.707106781187,0.707106781187,0.));
#3022 = ORIENTED_EDGE('',*,*,#2933,.T.);
#3023 = ORIENTED_EDGE('',*,*,#3024,.T.);
#3024 = EDGE_CURVE('',#2934,#2974,#3025,.T.);
#3025 = LINE('',#3026,#3027);
#3026 = CARTESIAN_POINT('',(143.54267658086,228.39549032325,18.));
#3027 = VECTOR('',#3028,1.);
#3028 = DIRECTION('',(0.707106781187,0.707106781187,0.));
#3029 = ORIENTED_EDGE('',*,*,#2973,.F.);
#3030 = PLANE('',#3031);
#3031 = AXIS2_PLACEMENT_3D('',#3032,#3033,#3034);
#3032 = CARTESIAN_POINT('',(143.54267658086,228.39549032325,0.));
#3033 = DIRECTION('',(-0.707106781187,0.707106781187,0.));
#3034 = DIRECTION('',(0.,0.,1.));
#3035 = ADVANCED_FACE('',(#3036),#3042,.F.);
#3036 = FACE_BOUND('',#3037,.F.);
#3037 = EDGE_LOOP('',(#3038,#3039,#3040,#3041));
#3038 = ORIENTED_EDGE('',*,*,#2925,.F.);
#3039 = ORIENTED_EDGE('',*,*,#2995,.T.);
#3040 = ORIENTED_EDGE('',*,*,#2965,.T.);
#3041 = ORIENTED_EDGE('',*,*,#3017,.F.);
#3042 = PLANE('',#3043);
#3043 = AXIS2_PLACEMENT_3D('',#3044,#3045,#3046);
#3044 = CARTESIAN_POINT('',(228.39549032325,143.54267658086,0.));
#3045 = DIRECTION('',(0.,0.,1.));
#3046 = DIRECTION('',(0.707106781187,0.707106781187,0.));
#3047 = ADVANCED_FACE('',(#3048),#3054,.T.);
#3048 = FACE_BOUND('',#3049,.T.);
#3049 = EDGE_LOOP('',(#3050,#3051,#3052,#3053));
#3050 = ORIENTED_EDGE('',*,*,#2941,.F.);
#3051 = ORIENTED_EDGE('',*,*,#3002,.T.);
#3052 = ORIENTED_EDGE('',*,*,#2981,.T.);
#3053 = ORIENTED_EDGE('',*,*,#3024,.F.);
#3054 = PLANE('',#3055);
#3055 = AXIS2_PLACEMENT_3D('',#3056,#3057,#3058);
#3056 = CARTESIAN_POINT('',(228.39549032325,143.54267658086,18.));
#3057 = DIRECTION('',(0.,0.,1.));
#3058 = DIRECTION('',(0.707106781187,0.707106781187,0.));
#3059 = ( GEOMETRIC_REPRESENTATION_CONTEXT(3) 
GLOBAL_UNCERTAINTY_ASSIGNED_CONTEXT((#3063)) 
GLOBAL_UNIT_ASSIGNED_CONTEXT((#3060,#3061,#3062)) REPRESENTATION_CONTEXT
('Context #1','3D Context with UNIT and UNCERTAINTY') );
#3060 = ( LENGTH_UNIT() NAMED_UNIT(*) SI_UNIT(.MILLI.,.METRE.) );
#3061 = ( NAMED_UNIT(*) PLANE_ANGLE_UNIT() SI_UNIT($,.RADIAN.) );
#3062 = ( NAMED_UNIT(*) SI_UNIT($,.STERADIAN.) SOLID_ANGLE_UNIT() );
#3063 = UNCERTAINTY_MEASURE_WITH_UNIT(LENGTH_MEASURE(1.E-07),#3060,
  'distance_accuracy_value','confusion accuracy');
#3064 = CONTEXT_DEPENDENT_SHAPE_REPRESENTATION(#3065,#3067);
#3065 = ( REPRESENTATION_RELATIONSHIP('','',#2908,#10) 
REPRESENTATION_RELATIONSHIP_WITH_TRANSFORMATION(#3066) 
SHAPE_REPRESENTATION_RELATIONSHIP() );
#3066 = ITEM_DEFINED_TRANSFORMATION('','',#11,#63);
#3067 = PRODUCT_DEFINITION_SHAPE('Placement','Placement of an item',
  #3068);
#3068 = NEXT_ASSEMBLY_USAGE_OCCURRENCE('13','P13 Foot shoe 45','',#5,
  #2903,$);
#3069 = PRODUCT_RELATED_PRODUCT_CATEGORY('part',$,(#2905));
#3070 = SHAPE_DEFINITION_REPRESENTATION(#3071,#3077);
#3071 = PRODUCT_DEFINITION_SHAPE('','',#3072);
#3072 = PRODUCT_DEFINITION('design','',#3073,#3076);
#3073 = PRODUCT_DEFINITION_FORMATION('','',#3074);
#3074 = PRODUCT('P14 Arched blade 135 / maple segment 1',
  'P14 Arched blade 135 / maple segment 1','',(#3075));
#3075 = PRODUCT_CONTEXT('',#2,'mechanical');
#3076 = PRODUCT_DEFINITION_CONTEXT('part definition',#2,'design');
#3077 = ADVANCED_BREP_SHAPE_REPRESENTATION('',(#11,#3078),#3594);
#3078 = MANIFOLD_SOLID_BREP('',#3079);
#3079 = CLOSED_SHELL('',(#3080,#3152,#3216,#3240,#3297,#3321,#3378,#3402
    ,#3459,#3476,#3492,#3509,#3526,#3543,#3560,#3577));
#3080 = ADVANCED_FACE('',(#3081),#3147,.F.);
#3081 = FACE_BOUND('',#3082,.F.);
#3082 = EDGE_LOOP('',(#3083,#3093,#3101,#3109,#3117,#3125,#3133,#3141));
#3083 = ORIENTED_EDGE('',*,*,#3084,.F.);
#3084 = EDGE_CURVE('',#3085,#3087,#3089,.T.);
#3085 = VERTEX_POINT('',#3086);
#3086 = CARTESIAN_POINT('',(-144.9568901432,229.80970388562,18.));
#3087 = VERTEX_POINT('',#3088);
#3088 = CARTESIAN_POINT('',(-144.9568901432,229.80970388562,
    353.90524980688));
#3089 = LINE('',#3090,#3091);
#3090 = CARTESIAN_POINT('',(-144.9568901432,229.80970388562,18.));
#3091 = VECTOR('',#3092,1.);
#3092 = DIRECTION('',(0.,0.,1.));
#3093 = ORIENTED_EDGE('',*,*,#3094,.T.);
#3094 = EDGE_CURVE('',#3085,#3095,#3097,.T.);
#3095 = VERTEX_POINT('',#3096);
#3096 = CARTESIAN_POINT('',(-176.0695885154,198.69700551342,18.));
#3097 = LINE('',#3098,#3099);
#3098 = CARTESIAN_POINT('',(-144.9568901432,229.80970388562,18.));
#3099 = VECTOR('',#3100,1.);
#3100 = DIRECTION('',(-0.707106781187,-0.707106781187,0.));
#3101 = ORIENTED_EDGE('',*,*,#3102,.T.);
#3102 = EDGE_CURVE('',#3095,#3103,#3105,.T.);
#3103 = VERTEX_POINT('',#3104);
#3104 = CARTESIAN_POINT('',(-176.0695885154,198.69700551342,284.));
#3105 = LINE('',#3106,#3107);
#3106 = CARTESIAN_POINT('',(-176.0695885154,198.69700551342,18.));
#3107 = VECTOR('',#3108,1.);
#3108 = DIRECTION('',(0.,0.,1.));
#3109 = ORIENTED_EDGE('',*,*,#3110,.F.);
#3110 = EDGE_CURVE('',#3111,#3103,#3113,.T.);
#3111 = VERTEX_POINT('',#3112);
#3112 = CARTESIAN_POINT('',(-198.6970055134,176.06958851545,284.));
#3113 = LINE('',#3114,#3115);
#3114 = CARTESIAN_POINT('',(-160.5132393293,214.25335469952,284.));
#3115 = VECTOR('',#3116,1.);
#3116 = DIRECTION('',(0.707106781187,0.707106781187,0.));
#3117 = ORIENTED_EDGE('',*,*,#3118,.F.);
#3118 = EDGE_CURVE('',#3119,#3111,#3121,.T.);
#3119 = VERTEX_POINT('',#3120);
#3120 = CARTESIAN_POINT('',(-198.6970055134,176.06958851545,18.));
#3121 = LINE('',#3122,#3123);
#3122 = CARTESIAN_POINT('',(-198.6970055134,176.06958851545,18.));
#3123 = VECTOR('',#3124,1.);
#3124 = DIRECTION('',(0.,0.,1.));
#3125 = ORIENTED_EDGE('',*,*,#3126,.T.);
#3126 = EDGE_CURVE('',#3119,#3127,#3129,.T.);
#3127 = VERTEX_POINT('',#3128);
#3128 = CARTESIAN_POINT('',(-229.8097038856,144.95689014324,18.));
#3129 = LINE('',#3130,#3131);
#3130 = CARTESIAN_POINT('',(-144.9568901432,229.80970388562,18.));
#3131 = VECTOR('',#3132,1.);
#3132 = DIRECTION('',(-0.707106781187,-0.707106781187,0.));
#3133 = ORIENTED_EDGE('',*,*,#3134,.T.);
#3134 = EDGE_CURVE('',#3127,#3135,#3137,.T.);
#3135 = VERTEX_POINT('',#3136);
#3136 = CARTESIAN_POINT('',(-229.8097038856,144.95689014324,
    353.90524980688));
#3137 = LINE('',#3138,#3139);
#3138 = CARTESIAN_POINT('',(-229.8097038856,144.95689014324,18.));
#3139 = VECTOR('',#3140,1.);
#3140 = DIRECTION('',(0.,0.,1.));
#3141 = ORIENTED_EDGE('',*,*,#3142,.F.);
#3142 = EDGE_CURVE('',#3087,#3135,#3143,.T.);
#3143 = LINE('',#3144,#3145);
#3144 = CARTESIAN_POINT('',(-144.9568901432,229.80970388562,
    353.90524980688));
#3145 = VECTOR('',#3146,1.);
#3146 = DIRECTION('',(-0.707106781187,-0.707106781187,0.));
#3147 = PLANE('',#3148);
#3148 = AXIS2_PLACEMENT_3D('',#3149,#3150,#3151);
#3149 = CARTESIAN_POINT('',(-144.9568901432,229.80970388562,18.));
#3150 = DIRECTION('',(-0.707106781187,0.707106781187,0.));
#3151 = DIRECTION('',(0.,0.,1.));
#3152 = ADVANCED_FACE('',(#3153,#3178,#3189,#3200),#3211,.F.);
#3153 = FACE_BOUND('',#3154,.F.);
#3154 = EDGE_LOOP('',(#3155,#3163,#3164,#3172));
#3155 = ORIENTED_EDGE('',*,*,#3156,.F.);
#3156 = EDGE_CURVE('',#3085,#3157,#3159,.T.);
#3157 = VERTEX_POINT('',#3158);
#3158 = CARTESIAN_POINT('',(-159.0990257669,243.95183950935,18.));
#3159 = LINE('',#3160,#3161);
#3160 = CARTESIAN_POINT('',(-144.9568901432,229.80970388562,18.));
#3161 = VECTOR('',#3162,1.);
#3162 = DIRECTION('',(-0.707106781187,0.707106781187,0.));
#3163 = ORIENTED_EDGE('',*,*,#3084,.T.);
#3164 = ORIENTED_EDGE('',*,*,#3165,.T.);
#3165 = EDGE_CURVE('',#3087,#3166,#3168,.T.);
#3166 = VERTEX_POINT('',#3167);
#3167 = CARTESIAN_POINT('',(-159.0990257669,243.95183950935,
    353.90524980688));
#3168 = LINE('',#3169,#3170);
#3169 = CARTESIAN_POINT('',(-144.9568901432,229.80970388562,
    353.90524980688));
#3170 = VECTOR('',#3171,1.);
#3171 = DIRECTION('',(-0.707106781187,0.707106781187,0.));
#3172 = ORIENTED_EDGE('',*,*,#3173,.F.);
#3173 = EDGE_CURVE('',#3157,#3166,#3174,.T.);
#3174 = LINE('',#3175,#3176);
#3175 = CARTESIAN_POINT('',(-159.0990257669,243.95183950935,18.));
#3176 = VECTOR('',#3177,1.);
#3177 = DIRECTION('',(0.,0.,1.));
#3178 = FACE_BOUND('',#3179,.F.);
#3179 = EDGE_LOOP('',(#3180));
#3180 = ORIENTED_EDGE('',*,*,#3181,.F.);
#3181 = EDGE_CURVE('',#3182,#3182,#3184,.T.);
#3182 = VERTEX_POINT('',#3183);
#3183 = CARTESIAN_POINT('',(-152.0279579551,236.88077169749,220.));
#3184 = CIRCLE('',#3185,3.);
#3185 = AXIS2_PLACEMENT_3D('',#3186,#3187,#3188);
#3186 = CARTESIAN_POINT('',(-152.0279579551,236.88077169749,217.));
#3187 = DIRECTION('',(-0.707106781187,-0.707106781187,0.));
#3188 = DIRECTION('',(0.,0.,1.));
#3189 = FACE_BOUND('',#3190,.F.);
#3190 = EDGE_LOOP('',(#3191));
#3191 = ORIENTED_EDGE('',*,*,#3192,.F.);
#3192 = EDGE_CURVE('',#3193,#3193,#3195,.T.);
#3193 = VERTEX_POINT('',#3194);
#3194 = CARTESIAN_POINT('',(-152.0279579551,236.88077169749,248.));
#3195 = CIRCLE('',#3196,3.);
#3196 = AXIS2_PLACEMENT_3D('',#3197,#3198,#3199);
#3197 = CARTESIAN_POINT('',(-152.0279579551,236.88077169749,245.));
#3198 = DIRECTION('',(-0.707106781187,-0.707106781187,0.));
#3199 = DIRECTION('',(0.,0.,1.));
#3200 = FACE_BOUND('',#3201,.F.);
#3201 = EDGE_LOOP('',(#3202));
#3202 = ORIENTED_EDGE('',*,*,#3203,.F.);
#3203 = EDGE_CURVE('',#3204,#3204,#3206,.T.);
#3204 = VERTEX_POINT('',#3205);
#3205 = CARTESIAN_POINT('',(-152.0279579551,236.88077169749,276.));
#3206 = CIRCLE('',#3207,3.);
#3207 = AXIS2_PLACEMENT_3D('',#3208,#3209,#3210);
#3208 = CARTESIAN_POINT('',(-152.0279579551,236.88077169749,273.));
#3209 = DIRECTION('',(-0.707106781187,-0.707106781187,0.));
#3210 = DIRECTION('',(0.,0.,1.));
#3211 = PLANE('',#3212);
#3212 = AXIS2_PLACEMENT_3D('',#3213,#3214,#3215);
#3213 = CARTESIAN_POINT('',(-144.9568901432,229.80970388562,18.));
#3214 = DIRECTION('',(-0.707106781187,-0.707106781187,0.));
#3215 = DIRECTION('',(0.,0.,1.));
#3216 = ADVANCED_FACE('',(#3217),#3235,.T.);
#3217 = FACE_BOUND('',#3218,.T.);
#3218 = EDGE_LOOP('',(#3219,#3220,#3221,#3229));
#3219 = ORIENTED_EDGE('',*,*,#3142,.F.);
#3220 = ORIENTED_EDGE('',*,*,#3165,.T.);
#3221 = ORIENTED_EDGE('',*,*,#3222,.T.);
#3222 = EDGE_CURVE('',#3166,#3223,#3225,.T.);
#3223 = VERTEX_POINT('',#3224);
#3224 = CARTESIAN_POINT('',(-243.9518395093,159.09902576697,
    353.90524980688));
#3225 = LINE('',#3226,#3227);
#3226 = CARTESIAN_POINT('',(-159.0990257669,243.95183950935,
    353.90524980688));
#3227 = VECTOR('',#3228,1.);
#3228 = DIRECTION('',(-0.707106781187,-0.707106781187,0.));
#3229 = ORIENTED_EDGE('',*,*,#3230,.F.);
#3230 = EDGE_CURVE('',#3135,#3223,#3231,.T.);
#3231 = LINE('',#3232,#3233);
#3232 = CARTESIAN_POINT('',(-229.8097038856,144.95689014324,
    353.90524980688));
#3233 = VECTOR('',#3234,1.);
#3234 = DIRECTION('',(-0.707106781187,0.707106781187,0.));
#3235 = PLANE('',#3236);
#3236 = AXIS2_PLACEMENT_3D('',#3237,#3238,#3239);
#3237 = CARTESIAN_POINT('',(-144.9568901432,229.80970388562,
    353.90524980688));
#3238 = DIRECTION('',(0.,0.,1.));
#3239 = DIRECTION('',(-0.707106781187,0.707106781187,0.));
#3240 = ADVANCED_FACE('',(#3241,#3259,#3270,#3281),#3292,.T.);
#3241 = FACE_BOUND('',#3242,.T.);
#3242 = EDGE_LOOP('',(#3243,#3251,#3252,#3253));
#3243 = ORIENTED_EDGE('',*,*,#3244,.F.);
#3244 = EDGE_CURVE('',#3127,#3245,#3247,.T.);
#3245 = VERTEX_POINT('',#3246);
#3246 = CARTESIAN_POINT('',(-243.9518395093,159.09902576697,18.));
#3247 = LINE('',#3248,#3249);
#3248 = CARTESIAN_POINT('',(-229.8097038856,144.95689014324,18.));
#3249 = VECTOR('',#3250,1.);
#3250 = DIRECTION('',(-0.707106781187,0.707106781187,0.));
#3251 = ORIENTED_EDGE('',*,*,#3134,.T.);
#3252 = ORIENTED_EDGE('',*,*,#3230,.T.);
#3253 = ORIENTED_EDGE('',*,*,#3254,.F.);
#3254 = EDGE_CURVE('',#3245,#3223,#3255,.T.);
#3255 = LINE('',#3256,#3257);
#3256 = CARTESIAN_POINT('',(-243.9518395093,159.09902576697,18.));
#3257 = VECTOR('',#3258,1.);
#3258 = DIRECTION('',(0.,0.,1.));
#3259 = FACE_BOUND('',#3260,.T.);
#3260 = EDGE_LOOP('',(#3261));
#3261 = ORIENTED_EDGE('',*,*,#3262,.F.);
#3262 = EDGE_CURVE('',#3263,#3263,#3265,.T.);
#3263 = VERTEX_POINT('',#3264);
#3264 = CARTESIAN_POINT('',(-236.8807716974,152.0279579551,220.));
#3265 = CIRCLE('',#3266,3.);
#3266 = AXIS2_PLACEMENT_3D('',#3267,#3268,#3269);
#3267 = CARTESIAN_POINT('',(-236.8807716974,152.0279579551,217.));
#3268 = DIRECTION('',(-0.707106781187,-0.707106781187,0.));
#3269 = DIRECTION('',(0.,0.,1.));
#3270 = FACE_BOUND('',#3271,.T.);
#3271 = EDGE_LOOP('',(#3272));
#3272 = ORIENTED_EDGE('',*,*,#3273,.F.);
#3273 = EDGE_CURVE('',#3274,#3274,#3276,.T.);
#3274 = VERTEX_POINT('',#3275);
#3275 = CARTESIAN_POINT('',(-236.8807716974,152.0279579551,248.));
#3276 = CIRCLE('',#3277,3.);
#3277 = AXIS2_PLACEMENT_3D('',#3278,#3279,#3280);
#3278 = CARTESIAN_POINT('',(-236.8807716974,152.0279579551,245.));
#3279 = DIRECTION('',(-0.707106781187,-0.707106781187,0.));
#3280 = DIRECTION('',(0.,0.,1.));
#3281 = FACE_BOUND('',#3282,.T.);
#3282 = EDGE_LOOP('',(#3283));
#3283 = ORIENTED_EDGE('',*,*,#3284,.F.);
#3284 = EDGE_CURVE('',#3285,#3285,#3287,.T.);
#3285 = VERTEX_POINT('',#3286);
#3286 = CARTESIAN_POINT('',(-236.8807716974,152.0279579551,276.));
#3287 = CIRCLE('',#3288,3.);
#3288 = AXIS2_PLACEMENT_3D('',#3289,#3290,#3291);
#3289 = CARTESIAN_POINT('',(-236.8807716974,152.0279579551,273.));
#3290 = DIRECTION('',(-0.707106781187,-0.707106781187,0.));
#3291 = DIRECTION('',(0.,0.,1.));
#3292 = PLANE('',#3293);
#3293 = AXIS2_PLACEMENT_3D('',#3294,#3295,#3296);
#3294 = CARTESIAN_POINT('',(-229.8097038856,144.95689014324,18.));
#3295 = DIRECTION('',(-0.707106781187,-0.707106781187,0.));
#3296 = DIRECTION('',(0.,0.,1.));
#3297 = ADVANCED_FACE('',(#3298),#3316,.F.);
#3298 = FACE_BOUND('',#3299,.F.);
#3299 = EDGE_LOOP('',(#3300,#3301,#3309,#3315));
#3300 = ORIENTED_EDGE('',*,*,#3126,.F.);
#3301 = ORIENTED_EDGE('',*,*,#3302,.T.);
#3302 = EDGE_CURVE('',#3119,#3303,#3305,.T.);
#3303 = VERTEX_POINT('',#3304);
#3304 = CARTESIAN_POINT('',(-212.8391411371,190.21172413918,18.));
#3305 = LINE('',#3306,#3307);
#3306 = CARTESIAN_POINT('',(-197.9898987322,175.36248173426,18.));
#3307 = VECTOR('',#3308,1.);
#3308 = DIRECTION('',(-0.707106781187,0.707106781187,0.));
#3309 = ORIENTED_EDGE('',*,*,#3310,.T.);
#3310 = EDGE_CURVE('',#3303,#3245,#3311,.T.);
#3311 = LINE('',#3312,#3313);
#3312 = CARTESIAN_POINT('',(-159.0990257669,243.95183950935,18.));
#3313 = VECTOR('',#3314,1.);
#3314 = DIRECTION('',(-0.707106781187,-0.707106781187,0.));
#3315 = ORIENTED_EDGE('',*,*,#3244,.F.);
#3316 = PLANE('',#3317);
#3317 = AXIS2_PLACEMENT_3D('',#3318,#3319,#3320);
#3318 = CARTESIAN_POINT('',(-144.9568901432,229.80970388562,18.));
#3319 = DIRECTION('',(0.,0.,1.));
#3320 = DIRECTION('',(-0.707106781187,0.707106781187,0.));
#3321 = ADVANCED_FACE('',(#3322,#3340,#3351,#3362),#3373,.F.);
#3322 = FACE_BOUND('',#3323,.F.);
#3323 = EDGE_LOOP('',(#3324,#3325,#3326,#3334));
#3324 = ORIENTED_EDGE('',*,*,#3302,.F.);
#3325 = ORIENTED_EDGE('',*,*,#3118,.T.);
#3326 = ORIENTED_EDGE('',*,*,#3327,.T.);
#3327 = EDGE_CURVE('',#3111,#3328,#3330,.T.);
#3328 = VERTEX_POINT('',#3329);
#3329 = CARTESIAN_POINT('',(-212.8391411371,190.21172413918,284.));
#3330 = LINE('',#3331,#3332);
#3331 = CARTESIAN_POINT('',(-197.9898987322,175.36248173426,284.));
#3332 = VECTOR('',#3333,1.);
#3333 = DIRECTION('',(-0.707106781187,0.707106781187,0.));
#3334 = ORIENTED_EDGE('',*,*,#3335,.F.);
#3335 = EDGE_CURVE('',#3303,#3328,#3336,.T.);
#3336 = LINE('',#3337,#3338);
#3337 = CARTESIAN_POINT('',(-212.8391411371,190.21172413918,18.));
#3338 = VECTOR('',#3339,1.);
#3339 = DIRECTION('',(0.,0.,1.));
#3340 = FACE_BOUND('',#3341,.F.);
#3341 = EDGE_LOOP('',(#3342));
#3342 = ORIENTED_EDGE('',*,*,#3343,.F.);
#3343 = EDGE_CURVE('',#3344,#3344,#3346,.T.);
#3344 = VERTEX_POINT('',#3345);
#3345 = CARTESIAN_POINT('',(-205.7680733252,183.14065632731,220.));
#3346 = CIRCLE('',#3347,3.);
#3347 = AXIS2_PLACEMENT_3D('',#3348,#3349,#3350);
#3348 = CARTESIAN_POINT('',(-205.7680733252,183.14065632731,217.));
#3349 = DIRECTION('',(-0.707106781187,-0.707106781187,0.));
#3350 = DIRECTION('',(0.,0.,1.));
#3351 = FACE_BOUND('',#3352,.F.);
#3352 = EDGE_LOOP('',(#3353));
#3353 = ORIENTED_EDGE('',*,*,#3354,.F.);
#3354 = EDGE_CURVE('',#3355,#3355,#3357,.T.);
#3355 = VERTEX_POINT('',#3356);
#3356 = CARTESIAN_POINT('',(-205.7680733252,183.14065632731,248.));
#3357 = CIRCLE('',#3358,3.);
#3358 = AXIS2_PLACEMENT_3D('',#3359,#3360,#3361);
#3359 = CARTESIAN_POINT('',(-205.7680733252,183.14065632731,245.));
#3360 = DIRECTION('',(-0.707106781187,-0.707106781187,0.));
#3361 = DIRECTION('',(0.,0.,1.));
#3362 = FACE_BOUND('',#3363,.F.);
#3363 = EDGE_LOOP('',(#3364));
#3364 = ORIENTED_EDGE('',*,*,#3365,.F.);
#3365 = EDGE_CURVE('',#3366,#3366,#3368,.T.);
#3366 = VERTEX_POINT('',#3367);
#3367 = CARTESIAN_POINT('',(-205.7680733252,183.14065632731,276.));
#3368 = CIRCLE('',#3369,3.);
#3369 = AXIS2_PLACEMENT_3D('',#3370,#3371,#3372);
#3370 = CARTESIAN_POINT('',(-205.7680733252,183.14065632731,273.));
#3371 = DIRECTION('',(-0.707106781187,-0.707106781187,0.));
#3372 = DIRECTION('',(0.,0.,1.));
#3373 = PLANE('',#3374);
#3374 = AXIS2_PLACEMENT_3D('',#3375,#3376,#3377);
#3375 = CARTESIAN_POINT('',(-197.9898987322,175.36248173426,18.));
#3376 = DIRECTION('',(-0.707106781187,-0.707106781187,0.));
#3377 = DIRECTION('',(0.,0.,1.));
#3378 = ADVANCED_FACE('',(#3379),#3397,.F.);
#3379 = FACE_BOUND('',#3380,.F.);
#3380 = EDGE_LOOP('',(#3381,#3382,#3383,#3391));
#3381 = ORIENTED_EDGE('',*,*,#3327,.F.);
#3382 = ORIENTED_EDGE('',*,*,#3110,.T.);
#3383 = ORIENTED_EDGE('',*,*,#3384,.T.);
#3384 = EDGE_CURVE('',#3103,#3385,#3387,.T.);
#3385 = VERTEX_POINT('',#3386);
#3386 = CARTESIAN_POINT('',(-190.2117241391,212.83914113715,284.));
#3387 = LINE('',#3388,#3389);
#3388 = CARTESIAN_POINT('',(-175.3624817342,197.98989873223,284.));
#3389 = VECTOR('',#3390,1.);
#3390 = DIRECTION('',(-0.707106781187,0.707106781187,0.));
#3391 = ORIENTED_EDGE('',*,*,#3392,.F.);
#3392 = EDGE_CURVE('',#3328,#3385,#3393,.T.);
#3393 = LINE('',#3394,#3395);
#3394 = CARTESIAN_POINT('',(-174.655374953,228.39549032325,284.));
#3395 = VECTOR('',#3396,1.);
#3396 = DIRECTION('',(0.707106781187,0.707106781187,0.));
#3397 = PLANE('',#3398);
#3398 = AXIS2_PLACEMENT_3D('',#3399,#3400,#3401);
#3399 = CARTESIAN_POINT('',(-175.3624817342,197.98989873223,284.));
#3400 = DIRECTION('',(0.,0.,1.));
#3401 = DIRECTION('',(-0.707106781187,0.707106781187,0.));
#3402 = ADVANCED_FACE('',(#3403,#3421,#3432,#3443),#3454,.T.);
#3403 = FACE_BOUND('',#3404,.T.);
#3404 = EDGE_LOOP('',(#3405,#3413,#3414,#3415));
#3405 = ORIENTED_EDGE('',*,*,#3406,.F.);
#3406 = EDGE_CURVE('',#3095,#3407,#3409,.T.);
#3407 = VERTEX_POINT('',#3408);
#3408 = CARTESIAN_POINT('',(-190.2117241391,212.83914113715,18.));
#3409 = LINE('',#3410,#3411);
#3410 = CARTESIAN_POINT('',(-175.3624817342,197.98989873223,18.));
#3411 = VECTOR('',#3412,1.);
#3412 = DIRECTION('',(-0.707106781187,0.707106781187,0.));
#3413 = ORIENTED_EDGE('',*,*,#3102,.T.);
#3414 = ORIENTED_EDGE('',*,*,#3384,.T.);
#3415 = ORIENTED_EDGE('',*,*,#3416,.F.);
#3416 = EDGE_CURVE('',#3407,#3385,#3417,.T.);
#3417 = LINE('',#3418,#3419);
#3418 = CARTESIAN_POINT('',(-190.2117241391,212.83914113715,18.));
#3419 = VECTOR('',#3420,1.);
#3420 = DIRECTION('',(0.,0.,1.));
#3421 = FACE_BOUND('',#3422,.T.);
#3422 = EDGE_LOOP('',(#3423));
#3423 = ORIENTED_EDGE('',*,*,#3424,.F.);
#3424 = EDGE_CURVE('',#3425,#3425,#3427,.T.);
#3425 = VERTEX_POINT('',#3426);
#3426 = CARTESIAN_POINT('',(-183.1406563273,205.76807332528,220.));
#3427 = CIRCLE('',#3428,3.);
#3428 = AXIS2_PLACEMENT_3D('',#3429,#3430,#3431);
#3429 = CARTESIAN_POINT('',(-183.1406563273,205.76807332528,217.));
#3430 = DIRECTION('',(-0.707106781187,-0.707106781187,0.));
#3431 = DIRECTION('',(0.,0.,1.));
#3432 = FACE_BOUND('',#3433,.T.);
#3433 = EDGE_LOOP('',(#3434));
#3434 = ORIENTED_EDGE('',*,*,#3435,.F.);
#3435 = EDGE_CURVE('',#3436,#3436,#3438,.T.);
#3436 = VERTEX_POINT('',#3437);
#3437 = CARTESIAN_POINT('',(-183.1406563273,205.76807332528,248.));
#3438 = CIRCLE('',#3439,3.);
#3439 = AXIS2_PLACEMENT_3D('',#3440,#3441,#3442);
#3440 = CARTESIAN_POINT('',(-183.1406563273,205.76807332528,245.));
#3441 = DIRECTION('',(-0.707106781187,-0.707106781187,0.));
#3442 = DIRECTION('',(0.,0.,1.));
#3443 = FACE_BOUND('',#3444,.T.);
#3444 = EDGE_LOOP('',(#3445));
#3445 = ORIENTED_EDGE('',*,*,#3446,.F.);
#3446 = EDGE_CURVE('',#3447,#3447,#3449,.T.);
#3447 = VERTEX_POINT('',#3448);
#3448 = CARTESIAN_POINT('',(-183.1406563273,205.76807332528,276.));
#3449 = CIRCLE('',#3450,3.);
#3450 = AXIS2_PLACEMENT_3D('',#3451,#3452,#3453);
#3451 = CARTESIAN_POINT('',(-183.1406563273,205.76807332528,273.));
#3452 = DIRECTION('',(-0.707106781187,-0.707106781187,0.));
#3453 = DIRECTION('',(0.,0.,1.));
#3454 = PLANE('',#3455);
#3455 = AXIS2_PLACEMENT_3D('',#3456,#3457,#3458);
#3456 = CARTESIAN_POINT('',(-175.3624817342,197.98989873223,18.));
#3457 = DIRECTION('',(-0.707106781187,-0.707106781187,0.));
#3458 = DIRECTION('',(0.,0.,1.));
#3459 = ADVANCED_FACE('',(#3460),#3471,.F.);
#3460 = FACE_BOUND('',#3461,.F.);
#3461 = EDGE_LOOP('',(#3462,#3463,#3464,#3470));
#3462 = ORIENTED_EDGE('',*,*,#3094,.F.);
#3463 = ORIENTED_EDGE('',*,*,#3156,.T.);
#3464 = ORIENTED_EDGE('',*,*,#3465,.T.);
#3465 = EDGE_CURVE('',#3157,#3407,#3466,.T.);
#3466 = LINE('',#3467,#3468);
#3467 = CARTESIAN_POINT('',(-159.0990257669,243.95183950935,18.));
#3468 = VECTOR('',#3469,1.);
#3469 = DIRECTION('',(-0.707106781187,-0.707106781187,0.));
#3470 = ORIENTED_EDGE('',*,*,#3406,.F.);
#3471 = PLANE('',#3472);
#3472 = AXIS2_PLACEMENT_3D('',#3473,#3474,#3475);
#3473 = CARTESIAN_POINT('',(-144.9568901432,229.80970388562,18.));
#3474 = DIRECTION('',(0.,0.,1.));
#3475 = DIRECTION('',(-0.707106781187,0.707106781187,0.));
#3476 = ADVANCED_FACE('',(#3477),#3487,.T.);
#3477 = FACE_BOUND('',#3478,.T.);
#3478 = EDGE_LOOP('',(#3479,#3480,#3481,#3482,#3483,#3484,#3485,#3486));
#3479 = ORIENTED_EDGE('',*,*,#3173,.F.);
#3480 = ORIENTED_EDGE('',*,*,#3465,.T.);
#3481 = ORIENTED_EDGE('',*,*,#3416,.T.);
#3482 = ORIENTED_EDGE('',*,*,#3392,.F.);
#3483 = ORIENTED_EDGE('',*,*,#3335,.F.);
#3484 = ORIENTED_EDGE('',*,*,#3310,.T.);
#3485 = ORIENTED_EDGE('',*,*,#3254,.T.);
#3486 = ORIENTED_EDGE('',*,*,#3222,.F.);
#3487 = PLANE('',#3488);
#3488 = AXIS2_PLACEMENT_3D('',#3489,#3490,#3491);
#3489 = CARTESIAN_POINT('',(-159.0990257669,243.95183950935,18.));
#3490 = DIRECTION('',(-0.707106781187,0.707106781187,0.));
#3491 = DIRECTION('',(0.,0.,1.));
#3492 = ADVANCED_FACE('',(#3493),#3504,.F.);
#3493 = FACE_BOUND('',#3494,.F.);
#3494 = EDGE_LOOP('',(#3495,#3496,#3502,#3503));
#3495 = ORIENTED_EDGE('',*,*,#3424,.F.);
#3496 = ORIENTED_EDGE('',*,*,#3497,.F.);
#3497 = EDGE_CURVE('',#3182,#3425,#3498,.T.);
#3498 = LINE('',#3499,#3500);
#3499 = CARTESIAN_POINT('',(-152.0279579551,236.88077169749,220.));
#3500 = VECTOR('',#3501,1.);
#3501 = DIRECTION('',(-0.707106781187,-0.707106781187,0.));
#3502 = ORIENTED_EDGE('',*,*,#3181,.T.);
#3503 = ORIENTED_EDGE('',*,*,#3497,.T.);
#3504 = CYLINDRICAL_SURFACE('',#3505,3.);
#3505 = AXIS2_PLACEMENT_3D('',#3506,#3507,#3508);
#3506 = CARTESIAN_POINT('',(-152.0279579551,236.88077169749,217.));
#3507 = DIRECTION('',(-0.707106781187,-0.707106781187,0.));
#3508 = DIRECTION('',(0.,0.,1.));
#3509 = ADVANCED_FACE('',(#3510),#3521,.F.);
#3510 = FACE_BOUND('',#3511,.F.);
#3511 = EDGE_LOOP('',(#3512,#3513,#3519,#3520));
#3512 = ORIENTED_EDGE('',*,*,#3435,.F.);
#3513 = ORIENTED_EDGE('',*,*,#3514,.F.);
#3514 = EDGE_CURVE('',#3193,#3436,#3515,.T.);
#3515 = LINE('',#3516,#3517);
#3516 = CARTESIAN_POINT('',(-152.0279579551,236.88077169749,248.));
#3517 = VECTOR('',#3518,1.);
#3518 = DIRECTION('',(-0.707106781187,-0.707106781187,0.));
#3519 = ORIENTED_EDGE('',*,*,#3192,.T.);
#3520 = ORIENTED_EDGE('',*,*,#3514,.T.);
#3521 = CYLINDRICAL_SURFACE('',#3522,3.);
#3522 = AXIS2_PLACEMENT_3D('',#3523,#3524,#3525);
#3523 = CARTESIAN_POINT('',(-152.0279579551,236.88077169749,245.));
#3524 = DIRECTION('',(-0.707106781187,-0.707106781187,0.));
#3525 = DIRECTION('',(0.,0.,1.));
#3526 = ADVANCED_FACE('',(#3527),#3538,.F.);
#3527 = FACE_BOUND('',#3528,.F.);
#3528 = EDGE_LOOP('',(#3529,#3530,#3536,#3537));
#3529 = ORIENTED_EDGE('',*,*,#3446,.F.);
#3530 = ORIENTED_EDGE('',*,*,#3531,.F.);
#3531 = EDGE_CURVE('',#3204,#3447,#3532,.T.);
#3532 = LINE('',#3533,#3534);
#3533 = CARTESIAN_POINT('',(-152.0279579551,236.88077169749,276.));
#3534 = VECTOR('',#3535,1.);
#3535 = DIRECTION('',(-0.707106781187,-0.707106781187,0.));
#3536 = ORIENTED_EDGE('',*,*,#3203,.T.);
#3537 = ORIENTED_EDGE('',*,*,#3531,.T.);
#3538 = CYLINDRICAL_SURFACE('',#3539,3.);
#3539 = AXIS2_PLACEMENT_3D('',#3540,#3541,#3542);
#3540 = CARTESIAN_POINT('',(-152.0279579551,236.88077169749,273.));
#3541 = DIRECTION('',(-0.707106781187,-0.707106781187,0.));
#3542 = DIRECTION('',(0.,0.,1.));
#3543 = ADVANCED_FACE('',(#3544),#3555,.F.);
#3544 = FACE_BOUND('',#3545,.F.);
#3545 = EDGE_LOOP('',(#3546,#3552,#3553,#3554));
#3546 = ORIENTED_EDGE('',*,*,#3547,.T.);
#3547 = EDGE_CURVE('',#3344,#3263,#3548,.T.);
#3548 = LINE('',#3549,#3550);
#3549 = CARTESIAN_POINT('',(-152.0279579551,236.88077169749,220.));
#3550 = VECTOR('',#3551,1.);
#3551 = DIRECTION('',(-0.707106781187,-0.707106781187,0.));
#3552 = ORIENTED_EDGE('',*,*,#3262,.F.);
#3553 = ORIENTED_EDGE('',*,*,#3547,.F.);
#3554 = ORIENTED_EDGE('',*,*,#3343,.T.);
#3555 = CYLINDRICAL_SURFACE('',#3556,3.);
#3556 = AXIS2_PLACEMENT_3D('',#3557,#3558,#3559);
#3557 = CARTESIAN_POINT('',(-152.0279579551,236.88077169749,217.));
#3558 = DIRECTION('',(-0.707106781187,-0.707106781187,0.));
#3559 = DIRECTION('',(0.,0.,1.));
#3560 = ADVANCED_FACE('',(#3561),#3572,.F.);
#3561 = FACE_BOUND('',#3562,.F.);
#3562 = EDGE_LOOP('',(#3563,#3569,#3570,#3571));
#3563 = ORIENTED_EDGE('',*,*,#3564,.T.);
#3564 = EDGE_CURVE('',#3355,#3274,#3565,.T.);
#3565 = LINE('',#3566,#3567);
#3566 = CARTESIAN_POINT('',(-152.0279579551,236.88077169749,248.));
#3567 = VECTOR('',#3568,1.);
#3568 = DIRECTION('',(-0.707106781187,-0.707106781187,0.));
#3569 = ORIENTED_EDGE('',*,*,#3273,.F.);
#3570 = ORIENTED_EDGE('',*,*,#3564,.F.);
#3571 = ORIENTED_EDGE('',*,*,#3354,.T.);
#3572 = CYLINDRICAL_SURFACE('',#3573,3.);
#3573 = AXIS2_PLACEMENT_3D('',#3574,#3575,#3576);
#3574 = CARTESIAN_POINT('',(-152.0279579551,236.88077169749,245.));
#3575 = DIRECTION('',(-0.707106781187,-0.707106781187,0.));
#3576 = DIRECTION('',(0.,0.,1.));
#3577 = ADVANCED_FACE('',(#3578),#3589,.F.);
#3578 = FACE_BOUND('',#3579,.F.);
#3579 = EDGE_LOOP('',(#3580,#3586,#3587,#3588));
#3580 = ORIENTED_EDGE('',*,*,#3581,.T.);
#3581 = EDGE_CURVE('',#3366,#3285,#3582,.T.);
#3582 = LINE('',#3583,#3584);
#3583 = CARTESIAN_POINT('',(-152.0279579551,236.88077169749,276.));
#3584 = VECTOR('',#3585,1.);
#3585 = DIRECTION('',(-0.707106781187,-0.707106781187,0.));
#3586 = ORIENTED_EDGE('',*,*,#3284,.F.);
#3587 = ORIENTED_EDGE('',*,*,#3581,.F.);
#3588 = ORIENTED_EDGE('',*,*,#3365,.T.);
#3589 = CYLINDRICAL_SURFACE('',#3590,3.);
#3590 = AXIS2_PLACEMENT_3D('',#3591,#3592,#3593);
#3591 = CARTESIAN_POINT('',(-152.0279579551,236.88077169749,273.));
#3592 = DIRECTION('',(-0.707106781187,-0.707106781187,0.));
#3593 = DIRECTION('',(0.,0.,1.));
#3594 = ( GEOMETRIC_REPRESENTATION_CONTEXT(3) 
GLOBAL_UNCERTAINTY_ASSIGNED_CONTEXT((#3598)) 
GLOBAL_UNIT_ASSIGNED_CONTEXT((#3595,#3596,#3597)) REPRESENTATION_CONTEXT
('Context #1','3D Context with UNIT and UNCERTAINTY') );
#3595 = ( LENGTH_UNIT() NAMED_UNIT(*) SI_UNIT(.MILLI.,.METRE.) );
#3596 = ( NAMED_UNIT(*) PLANE_ANGLE_UNIT() SI_UNIT($,.RADIAN.) );
#3597 = ( NAMED_UNIT(*) SI_UNIT($,.STERADIAN.) SOLID_ANGLE_UNIT() );
#3598 = UNCERTAINTY_MEASURE_WITH_UNIT(LENGTH_MEASURE(1.E-07),#3595,
  'distance_accuracy_value','confusion accuracy');
#3599 = CONTEXT_DEPENDENT_SHAPE_REPRESENTATION(#3600,#3602);
#3600 = ( REPRESENTATION_RELATIONSHIP('','',#3077,#10) 
REPRESENTATION_RELATIONSHIP_WITH_TRANSFORMATION(#3601) 
SHAPE_REPRESENTATION_RELATIONSHIP() );
#3601 = ITEM_DEFINED_TRANSFORMATION('','',#11,#67);
#3602 = PRODUCT_DEFINITION_SHAPE('Placement','Placement of an item',
  #3603);
#3603 = NEXT_ASSEMBLY_USAGE_OCCURRENCE('14',
  'P14 Arched blade 135 / maple segment 1','',#5,#3072,$);
#3604 = PRODUCT_RELATED_PRODUCT_CATEGORY('part',$,(#3074));
#3605 = SHAPE_DEFINITION_REPRESENTATION(#3606,#3612);
#3606 = PRODUCT_DEFINITION_SHAPE('','',#3607);
#3607 = PRODUCT_DEFINITION('design','',#3608,#3611);
#3608 = PRODUCT_DEFINITION_FORMATION('','',#3609);
#3609 = PRODUCT('P15 Arched blade 135 / maple segment 2',
  'P15 Arched blade 135 / maple segment 2','',(#3610));
#3610 = PRODUCT_CONTEXT('',#2,'mechanical');
#3611 = PRODUCT_DEFINITION_CONTEXT('part definition',#2,'design');
#3612 = ADVANCED_BREP_SHAPE_REPRESENTATION('',(#11,#3613),#3763);
#3613 = MANIFOLD_SOLID_BREP('',#3614);
#3614 = CLOSED_SHELL('',(#3615,#3655,#3686,#3710,#3734,#3751));
#3615 = ADVANCED_FACE('',(#3616),#3650,.F.);
#3616 = FACE_BOUND('',#3617,.F.);
#3617 = EDGE_LOOP('',(#3618,#3628,#3636,#3644));
#3618 = ORIENTED_EDGE('',*,*,#3619,.F.);
#3619 = EDGE_CURVE('',#3620,#3622,#3624,.T.);
#3620 = VERTEX_POINT('',#3621);
#3621 = CARTESIAN_POINT('',(-144.9568901432,229.80970388562,
    367.90524980688));
#3622 = VERTEX_POINT('',#3623);
#3623 = CARTESIAN_POINT('',(-144.9568901432,229.80970388562,
    381.90524980688));
#3624 = LINE('',#3625,#3626);
#3625 = CARTESIAN_POINT('',(-144.9568901432,229.80970388562,18.));
#3626 = VECTOR('',#3627,1.);
#3627 = DIRECTION('',(0.,0.,1.));
#3628 = ORIENTED_EDGE('',*,*,#3629,.T.);
#3629 = EDGE_CURVE('',#3620,#3630,#3632,.T.);
#3630 = VERTEX_POINT('',#3631);
#3631 = CARTESIAN_POINT('',(-229.8097038856,144.95689014324,
    367.90524980688));
#3632 = LINE('',#3633,#3634);
#3633 = CARTESIAN_POINT('',(-144.9568901432,229.80970388562,
    367.90524980688));
#3634 = VECTOR('',#3635,1.);
#3635 = DIRECTION('',(-0.707106781187,-0.707106781187,0.));
#3636 = ORIENTED_EDGE('',*,*,#3637,.T.);
#3637 = EDGE_CURVE('',#3630,#3638,#3640,.T.);
#3638 = VERTEX_POINT('',#3639);
#3639 = CARTESIAN_POINT('',(-229.8097038856,144.95689014324,
    381.90524980688));
#3640 = LINE('',#3641,#3642);
#3641 = CARTESIAN_POINT('',(-229.8097038856,144.95689014324,18.));
#3642 = VECTOR('',#3643,1.);
#3643 = DIRECTION('',(0.,0.,1.));
#3644 = ORIENTED_EDGE('',*,*,#3645,.F.);
#3645 = EDGE_CURVE('',#3622,#3638,#3646,.T.);
#3646 = LINE('',#3647,#3648);
#3647 = CARTESIAN_POINT('',(-144.9568901432,229.80970388562,
    381.90524980688));
#3648 = VECTOR('',#3649,1.);
#3649 = DIRECTION('',(-0.707106781187,-0.707106781187,0.));
#3650 = PLANE('',#3651);
#3651 = AXIS2_PLACEMENT_3D('',#3652,#3653,#3654);
#3652 = CARTESIAN_POINT('',(-144.9568901432,229.80970388562,18.));
#3653 = DIRECTION('',(-0.707106781187,0.707106781187,0.));
#3654 = DIRECTION('',(0.,0.,1.));
#3655 = ADVANCED_FACE('',(#3656),#3681,.F.);
#3656 = FACE_BOUND('',#3657,.F.);
#3657 = EDGE_LOOP('',(#3658,#3666,#3667,#3675));
#3658 = ORIENTED_EDGE('',*,*,#3659,.F.);
#3659 = EDGE_CURVE('',#3620,#3660,#3662,.T.);
#3660 = VERTEX_POINT('',#3661);
#3661 = CARTESIAN_POINT('',(-159.0990257669,243.95183950935,
    367.90524980688));
#3662 = LINE('',#3663,#3664);
#3663 = CARTESIAN_POINT('',(-144.9568901432,229.80970388562,
    367.90524980688));
#3664 = VECTOR('',#3665,1.);
#3665 = DIRECTION('',(-0.707106781187,0.707106781187,0.));
#3666 = ORIENTED_EDGE('',*,*,#3619,.T.);
#3667 = ORIENTED_EDGE('',*,*,#3668,.T.);
#3668 = EDGE_CURVE('',#3622,#3669,#3671,.T.);
#3669 = VERTEX_POINT('',#3670);
#3670 = CARTESIAN_POINT('',(-159.0990257669,243.95183950935,
    381.90524980688));
#3671 = LINE('',#3672,#3673);
#3672 = CARTESIAN_POINT('',(-144.9568901432,229.80970388562,
    381.90524980688));
#3673 = VECTOR('',#3674,1.);
#3674 = DIRECTION('',(-0.707106781187,0.707106781187,0.));
#3675 = ORIENTED_EDGE('',*,*,#3676,.F.);
#3676 = EDGE_CURVE('',#3660,#3669,#3677,.T.);
#3677 = LINE('',#3678,#3679);
#3678 = CARTESIAN_POINT('',(-159.0990257669,243.95183950935,18.));
#3679 = VECTOR('',#3680,1.);
#3680 = DIRECTION('',(0.,0.,1.));
#3681 = PLANE('',#3682);
#3682 = AXIS2_PLACEMENT_3D('',#3683,#3684,#3685);
#3683 = CARTESIAN_POINT('',(-144.9568901432,229.80970388562,18.));
#3684 = DIRECTION('',(-0.707106781187,-0.707106781187,0.));
#3685 = DIRECTION('',(0.,0.,1.));
#3686 = ADVANCED_FACE('',(#3687),#3705,.T.);
#3687 = FACE_BOUND('',#3688,.T.);
#3688 = EDGE_LOOP('',(#3689,#3690,#3691,#3699));
#3689 = ORIENTED_EDGE('',*,*,#3645,.F.);
#3690 = ORIENTED_EDGE('',*,*,#3668,.T.);
#3691 = ORIENTED_EDGE('',*,*,#3692,.T.);
#3692 = EDGE_CURVE('',#3669,#3693,#3695,.T.);
#3693 = VERTEX_POINT('',#3694);
#3694 = CARTESIAN_POINT('',(-243.9518395093,159.09902576697,
    381.90524980688));
#3695 = LINE('',#3696,#3697);
#3696 = CARTESIAN_POINT('',(-159.0990257669,243.95183950935,
    381.90524980688));
#3697 = VECTOR('',#3698,1.);
#3698 = DIRECTION('',(-0.707106781187,-0.707106781187,0.));
#3699 = ORIENTED_EDGE('',*,*,#3700,.F.);
#3700 = EDGE_CURVE('',#3638,#3693,#3701,.T.);
#3701 = LINE('',#3702,#3703);
#3702 = CARTESIAN_POINT('',(-229.8097038856,144.95689014324,
    381.90524980688));
#3703 = VECTOR('',#3704,1.);
#3704 = DIRECTION('',(-0.707106781187,0.707106781187,0.));
#3705 = PLANE('',#3706);
#3706 = AXIS2_PLACEMENT_3D('',#3707,#3708,#3709);
#3707 = CARTESIAN_POINT('',(-144.9568901432,229.80970388562,
    381.90524980688));
#3708 = DIRECTION('',(0.,0.,1.));
#3709 = DIRECTION('',(-0.707106781187,0.707106781187,0.));
#3710 = ADVANCED_FACE('',(#3711),#3729,.T.);
#3711 = FACE_BOUND('',#3712,.T.);
#3712 = EDGE_LOOP('',(#3713,#3721,#3722,#3723));
#3713 = ORIENTED_EDGE('',*,*,#3714,.F.);
#3714 = EDGE_CURVE('',#3630,#3715,#3717,.T.);
#3715 = VERTEX_POINT('',#3716);
#3716 = CARTESIAN_POINT('',(-243.9518395093,159.09902576697,
    367.90524980688));
#3717 = LINE('',#3718,#3719);
#3718 = CARTESIAN_POINT('',(-229.8097038856,144.95689014324,
    367.90524980688));
#3719 = VECTOR('',#3720,1.);
#3720 = DIRECTION('',(-0.707106781187,0.707106781187,0.));
#3721 = ORIENTED_EDGE('',*,*,#3637,.T.);
#3722 = ORIENTED_EDGE('',*,*,#3700,.T.);
#3723 = ORIENTED_EDGE('',*,*,#3724,.F.);
#3724 = EDGE_CURVE('',#3715,#3693,#3725,.T.);
#3725 = LINE('',#3726,#3727);
#3726 = CARTESIAN_POINT('',(-243.9518395093,159.09902576697,18.));
#3727 = VECTOR('',#3728,1.);
#3728 = DIRECTION('',(0.,0.,1.));
#3729 = PLANE('',#3730);
#3730 = AXIS2_PLACEMENT_3D('',#3731,#3732,#3733);
#3731 = CARTESIAN_POINT('',(-229.8097038856,144.95689014324,18.));
#3732 = DIRECTION('',(-0.707106781187,-0.707106781187,0.));
#3733 = DIRECTION('',(0.,0.,1.));
#3734 = ADVANCED_FACE('',(#3735),#3746,.F.);
#3735 = FACE_BOUND('',#3736,.F.);
#3736 = EDGE_LOOP('',(#3737,#3738,#3739,#3745));
#3737 = ORIENTED_EDGE('',*,*,#3629,.F.);
#3738 = ORIENTED_EDGE('',*,*,#3659,.T.);
#3739 = ORIENTED_EDGE('',*,*,#3740,.T.);
#3740 = EDGE_CURVE('',#3660,#3715,#3741,.T.);
#3741 = LINE('',#3742,#3743);
#3742 = CARTESIAN_POINT('',(-159.0990257669,243.95183950935,
    367.90524980688));
#3743 = VECTOR('',#3744,1.);
#3744 = DIRECTION('',(-0.707106781187,-0.707106781187,0.));
#3745 = ORIENTED_EDGE('',*,*,#3714,.F.);
#3746 = PLANE('',#3747);
#3747 = AXIS2_PLACEMENT_3D('',#3748,#3749,#3750);
#3748 = CARTESIAN_POINT('',(-144.9568901432,229.80970388562,
    367.90524980688));
#3749 = DIRECTION('',(0.,0.,1.));
#3750 = DIRECTION('',(-0.707106781187,0.707106781187,0.));
#3751 = ADVANCED_FACE('',(#3752),#3758,.T.);
#3752 = FACE_BOUND('',#3753,.T.);
#3753 = EDGE_LOOP('',(#3754,#3755,#3756,#3757));
#3754 = ORIENTED_EDGE('',*,*,#3676,.F.);
#3755 = ORIENTED_EDGE('',*,*,#3740,.T.);
#3756 = ORIENTED_EDGE('',*,*,#3724,.T.);
#3757 = ORIENTED_EDGE('',*,*,#3692,.F.);
#3758 = PLANE('',#3759);
#3759 = AXIS2_PLACEMENT_3D('',#3760,#3761,#3762);
#3760 = CARTESIAN_POINT('',(-159.0990257669,243.95183950935,18.));
#3761 = DIRECTION('',(-0.707106781187,0.707106781187,0.));
#3762 = DIRECTION('',(0.,0.,1.));
#3763 = ( GEOMETRIC_REPRESENTATION_CONTEXT(3) 
GLOBAL_UNCERTAINTY_ASSIGNED_CONTEXT((#3767)) 
GLOBAL_UNIT_ASSIGNED_CONTEXT((#3764,#3765,#3766)) REPRESENTATION_CONTEXT
('Context #1','3D Context with UNIT and UNCERTAINTY') );
#3764 = ( LENGTH_UNIT() NAMED_UNIT(*) SI_UNIT(.MILLI.,.METRE.) );
#3765 = ( NAMED_UNIT(*) PLANE_ANGLE_UNIT() SI_UNIT($,.RADIAN.) );
#3766 = ( NAMED_UNIT(*) SI_UNIT($,.STERADIAN.) SOLID_ANGLE_UNIT() );
#3767 = UNCERTAINTY_MEASURE_WITH_UNIT(LENGTH_MEASURE(1.E-07),#3764,
  'distance_accuracy_value','confusion accuracy');
#3768 = CONTEXT_DEPENDENT_SHAPE_REPRESENTATION(#3769,#3771);
#3769 = ( REPRESENTATION_RELATIONSHIP('','',#3612,#10) 
REPRESENTATION_RELATIONSHIP_WITH_TRANSFORMATION(#3770) 
SHAPE_REPRESENTATION_RELATIONSHIP() );
#3770 = ITEM_DEFINED_TRANSFORMATION('','',#11,#71);
#3771 = PRODUCT_DEFINITION_SHAPE('Placement','Placement of an item',
  #3772);
#3772 = NEXT_ASSEMBLY_USAGE_OCCURRENCE('15',
  'P15 Arched blade 135 / maple segment 2','',#5,#3607,$);
#3773 = PRODUCT_RELATED_PRODUCT_CATEGORY('part',$,(#3609));
#3774 = SHAPE_DEFINITION_REPRESENTATION(#3775,#3781);
#3775 = PRODUCT_DEFINITION_SHAPE('','',#3776);
#3776 = PRODUCT_DEFINITION('design','',#3777,#3780);
#3777 = PRODUCT_DEFINITION_FORMATION('','',#3778);
#3778 = PRODUCT('P16 Arched blade 135 / maple segment 3',
  'P16 Arched blade 135 / maple segment 3','',(#3779));
#3779 = PRODUCT_CONTEXT('',#2,'mechanical');
#3780 = PRODUCT_DEFINITION_CONTEXT('part definition',#2,'design');
#3781 = ADVANCED_BREP_SHAPE_REPRESENTATION('',(#11,#3782),#4002);
#3782 = MANIFOLD_SOLID_BREP('',#3783);
#3783 = CLOSED_SHELL('',(#3784,#3824,#3855,#3886,#3919,#3952,#3974,#3988
    ));
#3784 = ADVANCED_FACE('',(#3785),#3819,.T.);
#3785 = FACE_BOUND('',#3786,.T.);
#3786 = EDGE_LOOP('',(#3787,#3797,#3805,#3813));
#3787 = ORIENTED_EDGE('',*,*,#3788,.F.);
#3788 = EDGE_CURVE('',#3789,#3791,#3793,.T.);
#3789 = VERTEX_POINT('',#3790);
#3790 = CARTESIAN_POINT('',(-229.8097038856,144.95689014324,
    395.90524980688));
#3791 = VERTEX_POINT('',#3792);
#3792 = CARTESIAN_POINT('',(-243.9518395093,159.09902576697,
    395.90524980688));
#3793 = LINE('',#3794,#3795);
#3794 = CARTESIAN_POINT('',(-229.8097038856,144.95689014324,
    395.90524980688));
#3795 = VECTOR('',#3796,1.);
#3796 = DIRECTION('',(-0.707106781187,0.707106781187,0.));
#3797 = ORIENTED_EDGE('',*,*,#3798,.T.);
#3798 = EDGE_CURVE('',#3789,#3799,#3801,.T.);
#3799 = VERTEX_POINT('',#3800);
#3800 = CARTESIAN_POINT('',(-229.8097038856,144.95689014324,
    471.90524980688));
#3801 = LINE('',#3802,#3803);
#3802 = CARTESIAN_POINT('',(-229.8097038856,144.95689014324,18.));
#3803 = VECTOR('',#3804,1.);
#3804 = DIRECTION('',(0.,0.,1.));
#3805 = ORIENTED_EDGE('',*,*,#3806,.T.);
#3806 = EDGE_CURVE('',#3799,#3807,#3809,.T.);
#3807 = VERTEX_POINT('',#3808);
#3808 = CARTESIAN_POINT('',(-243.9518395093,159.09902576697,
    471.90524980688));
#3809 = LINE('',#3810,#3811);
#3810 = CARTESIAN_POINT('',(-229.8097038856,144.95689014324,
    471.90524980688));
#3811 = VECTOR('',#3812,1.);
#3812 = DIRECTION('',(-0.707106781187,0.707106781187,0.));
#3813 = ORIENTED_EDGE('',*,*,#3814,.F.);
#3814 = EDGE_CURVE('',#3791,#3807,#3815,.T.);
#3815 = LINE('',#3816,#3817);
#3816 = CARTESIAN_POINT('',(-243.9518395093,159.09902576697,18.));
#3817 = VECTOR('',#3818,1.);
#3818 = DIRECTION('',(0.,0.,1.));
#3819 = PLANE('',#3820);
#3820 = AXIS2_PLACEMENT_3D('',#3821,#3822,#3823);
#3821 = CARTESIAN_POINT('',(-229.8097038856,144.95689014324,18.));
#3822 = DIRECTION('',(-0.707106781187,-0.707106781187,0.));
#3823 = DIRECTION('',(0.,0.,1.));
#3824 = ADVANCED_FACE('',(#3825),#3850,.F.);
#3825 = FACE_BOUND('',#3826,.F.);
#3826 = EDGE_LOOP('',(#3827,#3835,#3843,#3849));
#3827 = ORIENTED_EDGE('',*,*,#3828,.F.);
#3828 = EDGE_CURVE('',#3829,#3789,#3831,.T.);
#3829 = VERTEX_POINT('',#3830);
#3830 = CARTESIAN_POINT('',(-144.9568901432,229.80970388562,
    395.90524980688));
#3831 = LINE('',#3832,#3833);
#3832 = CARTESIAN_POINT('',(-144.9568901432,229.80970388562,
    395.90524980688));
#3833 = VECTOR('',#3834,1.);
#3834 = DIRECTION('',(-0.707106781187,-0.707106781187,0.));
#3835 = ORIENTED_EDGE('',*,*,#3836,.T.);
#3836 = EDGE_CURVE('',#3829,#3837,#3839,.T.);
#3837 = VERTEX_POINT('',#3838);
#3838 = CARTESIAN_POINT('',(-159.0990257669,243.95183950935,
    395.90524980688));
#3839 = LINE('',#3840,#3841);
#3840 = CARTESIAN_POINT('',(-144.9568901432,229.80970388562,
    395.90524980688));
#3841 = VECTOR('',#3842,1.);
#3842 = DIRECTION('',(-0.707106781187,0.707106781187,0.));
#3843 = ORIENTED_EDGE('',*,*,#3844,.T.);
#3844 = EDGE_CURVE('',#3837,#3791,#3845,.T.);
#3845 = LINE('',#3846,#3847);
#3846 = CARTESIAN_POINT('',(-159.0990257669,243.95183950935,
    395.90524980688));
#3847 = VECTOR('',#3848,1.);
#3848 = DIRECTION('',(-0.707106781187,-0.707106781187,0.));
#3849 = ORIENTED_EDGE('',*,*,#3788,.F.);
#3850 = PLANE('',#3851);
#3851 = AXIS2_PLACEMENT_3D('',#3852,#3853,#3854);
#3852 = CARTESIAN_POINT('',(-144.9568901432,229.80970388562,
    395.90524980688));
#3853 = DIRECTION('',(0.,0.,1.));
#3854 = DIRECTION('',(-0.707106781187,0.707106781187,0.));
#3855 = ADVANCED_FACE('',(#3856),#3881,.F.);
#3856 = FACE_BOUND('',#3857,.F.);
#3857 = EDGE_LOOP('',(#3858,#3859,#3867,#3875));
#3858 = ORIENTED_EDGE('',*,*,#3836,.F.);
#3859 = ORIENTED_EDGE('',*,*,#3860,.T.);
#3860 = EDGE_CURVE('',#3829,#3861,#3863,.T.);
#3861 = VERTEX_POINT('',#3862);
#3862 = CARTESIAN_POINT('',(-144.9568901432,229.80970388562,
    471.90524980688));
#3863 = LINE('',#3864,#3865);
#3864 = CARTESIAN_POINT('',(-144.9568901432,229.80970388562,18.));
#3865 = VECTOR('',#3866,1.);
#3866 = DIRECTION('',(0.,0.,1.));
#3867 = ORIENTED_EDGE('',*,*,#3868,.T.);
#3868 = EDGE_CURVE('',#3861,#3869,#3871,.T.);
#3869 = VERTEX_POINT('',#3870);
#3870 = CARTESIAN_POINT('',(-159.0990257669,243.95183950935,
    471.90524980688));
#3871 = LINE('',#3872,#3873);
#3872 = CARTESIAN_POINT('',(-144.9568901432,229.80970388562,
    471.90524980688));
#3873 = VECTOR('',#3874,1.);
#3874 = DIRECTION('',(-0.707106781187,0.707106781187,0.));
#3875 = ORIENTED_EDGE('',*,*,#3876,.F.);
#3876 = EDGE_CURVE('',#3837,#3869,#3877,.T.);
#3877 = LINE('',#3878,#3879);
#3878 = CARTESIAN_POINT('',(-159.0990257669,243.95183950935,18.));
#3879 = VECTOR('',#3880,1.);
#3880 = DIRECTION('',(0.,0.,1.));
#3881 = PLANE('',#3882);
#3882 = AXIS2_PLACEMENT_3D('',#3883,#3884,#3885);
#3883 = CARTESIAN_POINT('',(-144.9568901432,229.80970388562,18.));
#3884 = DIRECTION('',(-0.707106781187,-0.707106781187,0.));
#3885 = DIRECTION('',(0.,0.,1.));
#3886 = ADVANCED_FACE('',(#3887),#3914,.T.);
#3887 = FACE_BOUND('',#3888,.T.);
#3888 = EDGE_LOOP('',(#3889,#3898,#3906,#3913));
#3889 = ORIENTED_EDGE('',*,*,#3890,.F.);
#3890 = EDGE_CURVE('',#3891,#3869,#3893,.T.);
#3891 = VERTEX_POINT('',#3892);
#3892 = CARTESIAN_POINT('',(-190.9188309203,212.13203435596,530.));
#3893 = CIRCLE('',#3894,60.);
#3894 = AXIS2_PLACEMENT_3D('',#3895,#3896,#3897);
#3895 = CARTESIAN_POINT('',(-201.5254326381,201.52543263816,
    471.90524980688));
#3896 = DIRECTION('',(-0.707106781187,0.707106781187,0.));
#3897 = DIRECTION('',(0.,0.,1.));
#3898 = ORIENTED_EDGE('',*,*,#3899,.F.);
#3899 = EDGE_CURVE('',#3900,#3891,#3902,.T.);
#3900 = VERTEX_POINT('',#3901);
#3901 = CARTESIAN_POINT('',(-176.7766952966,197.98989873223,530.));
#3902 = LINE('',#3903,#3904);
#3903 = CARTESIAN_POINT('',(-176.7766952966,197.98989873223,530.));
#3904 = VECTOR('',#3905,1.);
#3905 = DIRECTION('',(-0.707106781187,0.707106781187,0.));
#3906 = ORIENTED_EDGE('',*,*,#3907,.T.);
#3907 = EDGE_CURVE('',#3900,#3861,#3908,.T.);
#3908 = CIRCLE('',#3909,60.);
#3909 = AXIS2_PLACEMENT_3D('',#3910,#3911,#3912);
#3910 = CARTESIAN_POINT('',(-187.3832970144,187.38329701443,
    471.90524980688));
#3911 = DIRECTION('',(-0.707106781187,0.707106781187,0.));
#3912 = DIRECTION('',(0.,0.,1.));
#3913 = ORIENTED_EDGE('',*,*,#3868,.T.);
#3914 = CYLINDRICAL_SURFACE('',#3915,60.);
#3915 = AXIS2_PLACEMENT_3D('',#3916,#3917,#3918);
#3916 = CARTESIAN_POINT('',(-187.3832970144,187.38329701443,
    471.90524980688));
#3917 = DIRECTION('',(-0.707106781187,0.707106781187,0.));
#3918 = DIRECTION('',(0.,0.,1.));
#3919 = ADVANCED_FACE('',(#3920),#3947,.T.);
#3920 = FACE_BOUND('',#3921,.T.);
#3921 = EDGE_LOOP('',(#3922,#3932,#3939,#3940));
#3922 = ORIENTED_EDGE('',*,*,#3923,.T.);
#3923 = EDGE_CURVE('',#3924,#3926,#3928,.T.);
#3924 = VERTEX_POINT('',#3925);
#3925 = CARTESIAN_POINT('',(-197.9898987322,176.77669529663,530.));
#3926 = VERTEX_POINT('',#3927);
#3927 = CARTESIAN_POINT('',(-212.1320343559,190.91883092036,530.));
#3928 = LINE('',#3929,#3930);
#3929 = CARTESIAN_POINT('',(-197.9898987322,176.77669529663,530.));
#3930 = VECTOR('',#3931,1.);
#3931 = DIRECTION('',(-0.707106781187,0.707106781187,0.));
#3932 = ORIENTED_EDGE('',*,*,#3933,.F.);
#3933 = EDGE_CURVE('',#3807,#3926,#3934,.T.);
#3934 = CIRCLE('',#3935,60.);
#3935 = AXIS2_PLACEMENT_3D('',#3936,#3937,#3938);
#3936 = CARTESIAN_POINT('',(-201.5254326381,201.52543263816,
    471.90524980688));
#3937 = DIRECTION('',(-0.707106781187,0.707106781187,0.));
#3938 = DIRECTION('',(0.,0.,1.));
#3939 = ORIENTED_EDGE('',*,*,#3806,.F.);
#3940 = ORIENTED_EDGE('',*,*,#3941,.T.);
#3941 = EDGE_CURVE('',#3799,#3924,#3942,.T.);
#3942 = CIRCLE('',#3943,60.);
#3943 = AXIS2_PLACEMENT_3D('',#3944,#3945,#3946);
#3944 = CARTESIAN_POINT('',(-187.3832970144,187.38329701443,
    471.90524980688));
#3945 = DIRECTION('',(-0.707106781187,0.707106781187,0.));
#3946 = DIRECTION('',(0.,0.,1.));
#3947 = CYLINDRICAL_SURFACE('',#3948,60.);
#3948 = AXIS2_PLACEMENT_3D('',#3949,#3950,#3951);
#3949 = CARTESIAN_POINT('',(-187.3832970144,187.38329701443,
    471.90524980688));
#3950 = DIRECTION('',(-0.707106781187,0.707106781187,0.));
#3951 = DIRECTION('',(0.,0.,1.));
#3952 = ADVANCED_FACE('',(#3953),#3969,.T.);
#3953 = FACE_BOUND('',#3954,.T.);
#3954 = EDGE_LOOP('',(#3955,#3961,#3962,#3968));
#3955 = ORIENTED_EDGE('',*,*,#3956,.F.);
#3956 = EDGE_CURVE('',#3900,#3924,#3957,.T.);
#3957 = LINE('',#3958,#3959);
#3958 = CARTESIAN_POINT('',(-144.9568901432,229.80970388562,530.));
#3959 = VECTOR('',#3960,1.);
#3960 = DIRECTION('',(-0.707106781187,-0.707106781187,0.));
#3961 = ORIENTED_EDGE('',*,*,#3899,.T.);
#3962 = ORIENTED_EDGE('',*,*,#3963,.T.);
#3963 = EDGE_CURVE('',#3891,#3926,#3964,.T.);
#3964 = LINE('',#3965,#3966);
#3965 = CARTESIAN_POINT('',(-159.0990257669,243.95183950935,530.));
#3966 = VECTOR('',#3967,1.);
#3967 = DIRECTION('',(-0.707106781187,-0.707106781187,0.));
#3968 = ORIENTED_EDGE('',*,*,#3923,.F.);
#3969 = PLANE('',#3970);
#3970 = AXIS2_PLACEMENT_3D('',#3971,#3972,#3973);
#3971 = CARTESIAN_POINT('',(-144.9568901432,229.80970388562,530.));
#3972 = DIRECTION('',(0.,0.,1.));
#3973 = DIRECTION('',(-0.707106781187,0.707106781187,0.));
#3974 = ADVANCED_FACE('',(#3975),#3983,.T.);
#3975 = FACE_BOUND('',#3976,.T.);
#3976 = EDGE_LOOP('',(#3977,#3978,#3979,#3980,#3981,#3982));
#3977 = ORIENTED_EDGE('',*,*,#3860,.T.);
#3978 = ORIENTED_EDGE('',*,*,#3907,.F.);
#3979 = ORIENTED_EDGE('',*,*,#3956,.T.);
#3980 = ORIENTED_EDGE('',*,*,#3941,.F.);
#3981 = ORIENTED_EDGE('',*,*,#3798,.F.);
#3982 = ORIENTED_EDGE('',*,*,#3828,.F.);
#3983 = PLANE('',#3984);
#3984 = AXIS2_PLACEMENT_3D('',#3985,#3986,#3987);
#3985 = CARTESIAN_POINT('',(-187.3832970144,187.38329701443,
    454.72751870174));
#3986 = DIRECTION('',(0.707106781187,-0.707106781187,-0.));
#3987 = DIRECTION('',(-0.707106781187,-0.707106781187,0.));
#3988 = ADVANCED_FACE('',(#3989),#3997,.T.);
#3989 = FACE_BOUND('',#3990,.T.);
#3990 = EDGE_LOOP('',(#3991,#3992,#3993,#3994,#3995,#3996));
#3991 = ORIENTED_EDGE('',*,*,#3876,.F.);
#3992 = ORIENTED_EDGE('',*,*,#3844,.T.);
#3993 = ORIENTED_EDGE('',*,*,#3814,.T.);
#3994 = ORIENTED_EDGE('',*,*,#3933,.T.);
#3995 = ORIENTED_EDGE('',*,*,#3963,.F.);
#3996 = ORIENTED_EDGE('',*,*,#3890,.T.);
#3997 = PLANE('',#3998);
#3998 = AXIS2_PLACEMENT_3D('',#3999,#4000,#4001);
#3999 = CARTESIAN_POINT('',(-201.5254326381,201.52543263816,
    454.72751870174));
#4000 = DIRECTION('',(-0.707106781187,0.707106781187,0.));
#4001 = DIRECTION('',(0.707106781187,0.707106781187,0.));
#4002 = ( GEOMETRIC_REPRESENTATION_CONTEXT(3) 
GLOBAL_UNCERTAINTY_ASSIGNED_CONTEXT((#4006)) 
GLOBAL_UNIT_ASSIGNED_CONTEXT((#4003,#4004,#4005)) REPRESENTATION_CONTEXT
('Context #1','3D Context with UNIT and UNCERTAINTY') );
#4003 = ( LENGTH_UNIT() NAMED_UNIT(*) SI_UNIT(.MILLI.,.METRE.) );
#4004 = ( NAMED_UNIT(*) PLANE_ANGLE_UNIT() SI_UNIT($,.RADIAN.) );
#4005 = ( NAMED_UNIT(*) SI_UNIT($,.STERADIAN.) SOLID_ANGLE_UNIT() );
#4006 = UNCERTAINTY_MEASURE_WITH_UNIT(LENGTH_MEASURE(1.E-07),#4003,
  'distance_accuracy_value','confusion accuracy');
#4007 = CONTEXT_DEPENDENT_SHAPE_REPRESENTATION(#4008,#4010);
#4008 = ( REPRESENTATION_RELATIONSHIP('','',#3781,#10) 
REPRESENTATION_RELATIONSHIP_WITH_TRANSFORMATION(#4009) 
SHAPE_REPRESENTATION_RELATIONSHIP() );
#4009 = ITEM_DEFINED_TRANSFORMATION('','',#11,#75);
#4010 = PRODUCT_DEFINITION_SHAPE('Placement','Placement of an item',
  #4011);
#4011 = NEXT_ASSEMBLY_USAGE_OCCURRENCE('16',
  'P16 Arched blade 135 / maple segment 3','',#5,#3776,$);
#4012 = PRODUCT_RELATED_PRODUCT_CATEGORY('part',$,(#3778));
#4013 = SHAPE_DEFINITION_REPRESENTATION(#4014,#4020);
#4014 = PRODUCT_DEFINITION_SHAPE('','',#4015);
#4015 = PRODUCT_DEFINITION('design','',#4016,#4019);
#4016 = PRODUCT_DEFINITION_FORMATION('','',#4017);
#4017 = PRODUCT('P17 Slot jamb 135 / -1','P17 Slot jamb 135 / -1','',(
    #4018));
#4018 = PRODUCT_CONTEXT('',#2,'mechanical');
#4019 = PRODUCT_DEFINITION_CONTEXT('part definition',#2,'design');
#4020 = ADVANCED_BREP_SHAPE_REPRESENTATION('',(#11,#4021),#4288);
#4021 = MANIFOLD_SOLID_BREP('',#4022);
#4022 = CLOSED_SHELL('',(#4023,#4063,#4127,#4151,#4208,#4225,#4237,#4254
    ,#4271));
#4023 = ADVANCED_FACE('',(#4024),#4058,.F.);
#4024 = FACE_BOUND('',#4025,.F.);
#4025 = EDGE_LOOP('',(#4026,#4036,#4044,#4052));
#4026 = ORIENTED_EDGE('',*,*,#4027,.F.);
#4027 = EDGE_CURVE('',#4028,#4030,#4032,.T.);
#4028 = VERTEX_POINT('',#4029);
#4029 = CARTESIAN_POINT('',(-176.0695885154,198.69700551342,18.));
#4030 = VERTEX_POINT('',#4031);
#4031 = CARTESIAN_POINT('',(-176.0695885154,198.69700551342,280.));
#4032 = LINE('',#4033,#4034);
#4033 = CARTESIAN_POINT('',(-176.0695885154,198.69700551342,18.));
#4034 = VECTOR('',#4035,1.);
#4035 = DIRECTION('',(0.,0.,1.));
#4036 = ORIENTED_EDGE('',*,*,#4037,.T.);
#4037 = EDGE_CURVE('',#4028,#4038,#4040,.T.);
#4038 = VERTEX_POINT('',#4039);
#4039 = CARTESIAN_POINT('',(-178.8980156401,195.86857838867,18.));
#4040 = LINE('',#4041,#4042);
#4041 = CARTESIAN_POINT('',(-176.0695885154,198.69700551342,18.));
#4042 = VECTOR('',#4043,1.);
#4043 = DIRECTION('',(-0.707106781187,-0.707106781187,0.));
#4044 = ORIENTED_EDGE('',*,*,#4045,.T.);
#4045 = EDGE_CURVE('',#4038,#4046,#4048,.T.);
#4046 = VERTEX_POINT('',#4047);
#4047 = CARTESIAN_POINT('',(-178.8980156401,195.86857838867,280.));
#4048 = LINE('',#4049,#4050);
#4049 = CARTESIAN_POINT('',(-178.8980156401,195.86857838867,18.));
#4050 = VECTOR('',#4051,1.);
#4051 = DIRECTION('',(0.,0.,1.));
#4052 = ORIENTED_EDGE('',*,*,#4053,.F.);
#4053 = EDGE_CURVE('',#4030,#4046,#4054,.T.);
#4054 = LINE('',#4055,#4056);
#4055 = CARTESIAN_POINT('',(-176.0695885154,198.69700551342,280.));
#4056 = VECTOR('',#4057,1.);
#4057 = DIRECTION('',(-0.707106781187,-0.707106781187,0.));
#4058 = PLANE('',#4059);
#4059 = AXIS2_PLACEMENT_3D('',#4060,#4061,#4062);
#4060 = CARTESIAN_POINT('',(-176.0695885154,198.69700551342,18.));
#4061 = DIRECTION('',(-0.707106781187,0.707106781187,0.));
#4062 = DIRECTION('',(0.,0.,1.));
#4063 = ADVANCED_FACE('',(#4064,#4089,#4100,#4111),#4122,.F.);
#4064 = FACE_BOUND('',#4065,.F.);
#4065 = EDGE_LOOP('',(#4066,#4074,#4075,#4083));
#4066 = ORIENTED_EDGE('',*,*,#4067,.F.);
#4067 = EDGE_CURVE('',#4028,#4068,#4070,.T.);
#4068 = VERTEX_POINT('',#4069);
#4069 = CARTESIAN_POINT('',(-190.2117241391,212.83914113715,18.));
#4070 = LINE('',#4071,#4072);
#4071 = CARTESIAN_POINT('',(-176.0695885154,198.69700551342,18.));
#4072 = VECTOR('',#4073,1.);
#4073 = DIRECTION('',(-0.707106781187,0.707106781187,0.));
#4074 = ORIENTED_EDGE('',*,*,#4027,.T.);
#4075 = ORIENTED_EDGE('',*,*,#4076,.T.);
#4076 = EDGE_CURVE('',#4030,#4077,#4079,.T.);
#4077 = VERTEX_POINT('',#4078);
#4078 = CARTESIAN_POINT('',(-190.2117241391,212.83914113715,280.));
#4079 = LINE('',#4080,#4081);
#4080 = CARTESIAN_POINT('',(-176.0695885154,198.69700551342,280.));
#4081 = VECTOR('',#4082,1.);
#4082 = DIRECTION('',(-0.707106781187,0.707106781187,0.));
#4083 = ORIENTED_EDGE('',*,*,#4084,.F.);
#4084 = EDGE_CURVE('',#4068,#4077,#4085,.T.);
#4085 = LINE('',#4086,#4087);
#4086 = CARTESIAN_POINT('',(-190.2117241391,212.83914113715,18.));
#4087 = VECTOR('',#4088,1.);
#4088 = DIRECTION('',(0.,0.,1.));
#4089 = FACE_BOUND('',#4090,.F.);
#4090 = EDGE_LOOP('',(#4091));
#4091 = ORIENTED_EDGE('',*,*,#4092,.F.);
#4092 = EDGE_CURVE('',#4093,#4093,#4095,.T.);
#4093 = VERTEX_POINT('',#4094);
#4094 = CARTESIAN_POINT('',(-183.1406563273,205.76807332528,220.));
#4095 = CIRCLE('',#4096,3.);
#4096 = AXIS2_PLACEMENT_3D('',#4097,#4098,#4099);
#4097 = CARTESIAN_POINT('',(-183.1406563273,205.76807332528,217.));
#4098 = DIRECTION('',(-0.707106781187,-0.707106781187,0.));
#4099 = DIRECTION('',(0.,0.,1.));
#4100 = FACE_BOUND('',#4101,.F.);
#4101 = EDGE_LOOP('',(#4102));
#4102 = ORIENTED_EDGE('',*,*,#4103,.F.);
#4103 = EDGE_CURVE('',#4104,#4104,#4106,.T.);
#4104 = VERTEX_POINT('',#4105);
#4105 = CARTESIAN_POINT('',(-183.1406563273,205.76807332528,248.));
#4106 = CIRCLE('',#4107,3.);
#4107 = AXIS2_PLACEMENT_3D('',#4108,#4109,#4110);
#4108 = CARTESIAN_POINT('',(-183.1406563273,205.76807332528,245.));
#4109 = DIRECTION('',(-0.707106781187,-0.707106781187,0.));
#4110 = DIRECTION('',(0.,0.,1.));
#4111 = FACE_BOUND('',#4112,.F.);
#4112 = EDGE_LOOP('',(#4113));
#4113 = ORIENTED_EDGE('',*,*,#4114,.F.);
#4114 = EDGE_CURVE('',#4115,#4115,#4117,.T.);
#4115 = VERTEX_POINT('',#4116);
#4116 = CARTESIAN_POINT('',(-183.1406563273,205.76807332528,276.));
#4117 = CIRCLE('',#4118,3.);
#4118 = AXIS2_PLACEMENT_3D('',#4119,#4120,#4121);
#4119 = CARTESIAN_POINT('',(-183.1406563273,205.76807332528,273.));
#4120 = DIRECTION('',(-0.707106781187,-0.707106781187,0.));
#4121 = DIRECTION('',(0.,0.,1.));
#4122 = PLANE('',#4123);
#4123 = AXIS2_PLACEMENT_3D('',#4124,#4125,#4126);
#4124 = CARTESIAN_POINT('',(-176.0695885154,198.69700551342,18.));
#4125 = DIRECTION('',(-0.707106781187,-0.707106781187,0.));
#4126 = DIRECTION('',(0.,0.,1.));
#4127 = ADVANCED_FACE('',(#4128),#4146,.T.);
#4128 = FACE_BOUND('',#4129,.T.);
#4129 = EDGE_LOOP('',(#4130,#4131,#4132,#4140));
#4130 = ORIENTED_EDGE('',*,*,#4053,.F.);
#4131 = ORIENTED_EDGE('',*,*,#4076,.T.);
#4132 = ORIENTED_EDGE('',*,*,#4133,.T.);
#4133 = EDGE_CURVE('',#4077,#4134,#4136,.T.);
#4134 = VERTEX_POINT('',#4135);
#4135 = CARTESIAN_POINT('',(-193.0401512639,210.0107140124,280.));
#4136 = LINE('',#4137,#4138);
#4137 = CARTESIAN_POINT('',(-190.2117241391,212.83914113715,280.));
#4138 = VECTOR('',#4139,1.);
#4139 = DIRECTION('',(-0.707106781187,-0.707106781187,0.));
#4140 = ORIENTED_EDGE('',*,*,#4141,.F.);
#4141 = EDGE_CURVE('',#4046,#4134,#4142,.T.);
#4142 = LINE('',#4143,#4144);
#4143 = CARTESIAN_POINT('',(-178.8980156401,195.86857838867,280.));
#4144 = VECTOR('',#4145,1.);
#4145 = DIRECTION('',(-0.707106781187,0.707106781187,0.));
#4146 = PLANE('',#4147);
#4147 = AXIS2_PLACEMENT_3D('',#4148,#4149,#4150);
#4148 = CARTESIAN_POINT('',(-176.0695885154,198.69700551342,280.));
#4149 = DIRECTION('',(0.,0.,1.));
#4150 = DIRECTION('',(-0.707106781187,0.707106781187,0.));
#4151 = ADVANCED_FACE('',(#4152,#4170,#4181,#4192),#4203,.T.);
#4152 = FACE_BOUND('',#4153,.T.);
#4153 = EDGE_LOOP('',(#4154,#4162,#4163,#4164));
#4154 = ORIENTED_EDGE('',*,*,#4155,.F.);
#4155 = EDGE_CURVE('',#4038,#4156,#4158,.T.);
#4156 = VERTEX_POINT('',#4157);
#4157 = CARTESIAN_POINT('',(-193.0401512639,210.0107140124,18.));
#4158 = LINE('',#4159,#4160);
#4159 = CARTESIAN_POINT('',(-178.8980156401,195.86857838867,18.));
#4160 = VECTOR('',#4161,1.);
#4161 = DIRECTION('',(-0.707106781187,0.707106781187,0.));
#4162 = ORIENTED_EDGE('',*,*,#4045,.T.);
#4163 = ORIENTED_EDGE('',*,*,#4141,.T.);
#4164 = ORIENTED_EDGE('',*,*,#4165,.F.);
#4165 = EDGE_CURVE('',#4156,#4134,#4166,.T.);
#4166 = LINE('',#4167,#4168);
#4167 = CARTESIAN_POINT('',(-193.0401512639,210.0107140124,18.));
#4168 = VECTOR('',#4169,1.);
#4169 = DIRECTION('',(0.,0.,1.));
#4170 = FACE_BOUND('',#4171,.T.);
#4171 = EDGE_LOOP('',(#4172));
#4172 = ORIENTED_EDGE('',*,*,#4173,.F.);
#4173 = EDGE_CURVE('',#4174,#4174,#4176,.T.);
#4174 = VERTEX_POINT('',#4175);
#4175 = CARTESIAN_POINT('',(-185.969083452,202.93964620053,220.));
#4176 = CIRCLE('',#4177,3.);
#4177 = AXIS2_PLACEMENT_3D('',#4178,#4179,#4180);
#4178 = CARTESIAN_POINT('',(-185.969083452,202.93964620053,217.));
#4179 = DIRECTION('',(-0.707106781187,-0.707106781187,0.));
#4180 = DIRECTION('',(0.,0.,1.));
#4181 = FACE_BOUND('',#4182,.T.);
#4182 = EDGE_LOOP('',(#4183));
#4183 = ORIENTED_EDGE('',*,*,#4184,.F.);
#4184 = EDGE_CURVE('',#4185,#4185,#4187,.T.);
#4185 = VERTEX_POINT('',#4186);
#4186 = CARTESIAN_POINT('',(-185.969083452,202.93964620053,248.));
#4187 = CIRCLE('',#4188,3.);
#4188 = AXIS2_PLACEMENT_3D('',#4189,#4190,#4191);
#4189 = CARTESIAN_POINT('',(-185.969083452,202.93964620053,245.));
#4190 = DIRECTION('',(-0.707106781187,-0.707106781187,0.));
#4191 = DIRECTION('',(0.,0.,1.));
#4192 = FACE_BOUND('',#4193,.T.);
#4193 = EDGE_LOOP('',(#4194));
#4194 = ORIENTED_EDGE('',*,*,#4195,.F.);
#4195 = EDGE_CURVE('',#4196,#4196,#4198,.T.);
#4196 = VERTEX_POINT('',#4197);
#4197 = CARTESIAN_POINT('',(-185.969083452,202.93964620053,276.));
#4198 = CIRCLE('',#4199,3.);
#4199 = AXIS2_PLACEMENT_3D('',#4200,#4201,#4202);
#4200 = CARTESIAN_POINT('',(-185.969083452,202.93964620053,273.));
#4201 = DIRECTION('',(-0.707106781187,-0.707106781187,0.));
#4202 = DIRECTION('',(0.,0.,1.));
#4203 = PLANE('',#4204);
#4204 = AXIS2_PLACEMENT_3D('',#4205,#4206,#4207);
#4205 = CARTESIAN_POINT('',(-178.8980156401,195.86857838867,18.));
#4206 = DIRECTION('',(-0.707106781187,-0.707106781187,0.));
#4207 = DIRECTION('',(0.,0.,1.));
#4208 = ADVANCED_FACE('',(#4209),#4220,.F.);
#4209 = FACE_BOUND('',#4210,.F.);
#4210 = EDGE_LOOP('',(#4211,#4212,#4213,#4219));
#4211 = ORIENTED_EDGE('',*,*,#4037,.F.);
#4212 = ORIENTED_EDGE('',*,*,#4067,.T.);
#4213 = ORIENTED_EDGE('',*,*,#4214,.T.);
#4214 = EDGE_CURVE('',#4068,#4156,#4215,.T.);
#4215 = LINE('',#4216,#4217);
#4216 = CARTESIAN_POINT('',(-190.2117241391,212.83914113715,18.));
#4217 = VECTOR('',#4218,1.);
#4218 = DIRECTION('',(-0.707106781187,-0.707106781187,0.));
#4219 = ORIENTED_EDGE('',*,*,#4155,.F.);
#4220 = PLANE('',#4221);
#4221 = AXIS2_PLACEMENT_3D('',#4222,#4223,#4224);
#4222 = CARTESIAN_POINT('',(-176.0695885154,198.69700551342,18.));
#4223 = DIRECTION('',(0.,0.,1.));
#4224 = DIRECTION('',(-0.707106781187,0.707106781187,0.));
#4225 = ADVANCED_FACE('',(#4226),#4232,.T.);
#4226 = FACE_BOUND('',#4227,.T.);
#4227 = EDGE_LOOP('',(#4228,#4229,#4230,#4231));
#4228 = ORIENTED_EDGE('',*,*,#4084,.F.);
#4229 = ORIENTED_EDGE('',*,*,#4214,.T.);
#4230 = ORIENTED_EDGE('',*,*,#4165,.T.);
#4231 = ORIENTED_EDGE('',*,*,#4133,.F.);
#4232 = PLANE('',#4233);
#4233 = AXIS2_PLACEMENT_3D('',#4234,#4235,#4236);
#4234 = CARTESIAN_POINT('',(-190.2117241391,212.83914113715,18.));
#4235 = DIRECTION('',(-0.707106781187,0.707106781187,0.));
#4236 = DIRECTION('',(0.,0.,1.));
#4237 = ADVANCED_FACE('',(#4238),#4249,.F.);
#4238 = FACE_BOUND('',#4239,.F.);
#4239 = EDGE_LOOP('',(#4240,#4241,#4247,#4248));
#4240 = ORIENTED_EDGE('',*,*,#4173,.F.);
#4241 = ORIENTED_EDGE('',*,*,#4242,.F.);
#4242 = EDGE_CURVE('',#4093,#4174,#4243,.T.);
#4243 = LINE('',#4244,#4245);
#4244 = CARTESIAN_POINT('',(-152.0279579551,236.88077169749,220.));
#4245 = VECTOR('',#4246,1.);
#4246 = DIRECTION('',(-0.707106781187,-0.707106781187,0.));
#4247 = ORIENTED_EDGE('',*,*,#4092,.T.);
#4248 = ORIENTED_EDGE('',*,*,#4242,.T.);
#4249 = CYLINDRICAL_SURFACE('',#4250,3.);
#4250 = AXIS2_PLACEMENT_3D('',#4251,#4252,#4253);
#4251 = CARTESIAN_POINT('',(-152.0279579551,236.88077169749,217.));
#4252 = DIRECTION('',(-0.707106781187,-0.707106781187,0.));
#4253 = DIRECTION('',(0.,0.,1.));
#4254 = ADVANCED_FACE('',(#4255),#4266,.F.);
#4255 = FACE_BOUND('',#4256,.F.);
#4256 = EDGE_LOOP('',(#4257,#4258,#4264,#4265));
#4257 = ORIENTED_EDGE('',*,*,#4184,.F.);
#4258 = ORIENTED_EDGE('',*,*,#4259,.F.);
#4259 = EDGE_CURVE('',#4104,#4185,#4260,.T.);
#4260 = LINE('',#4261,#4262);
#4261 = CARTESIAN_POINT('',(-152.0279579551,236.88077169749,248.));
#4262 = VECTOR('',#4263,1.);
#4263 = DIRECTION('',(-0.707106781187,-0.707106781187,0.));
#4264 = ORIENTED_EDGE('',*,*,#4103,.T.);
#4265 = ORIENTED_EDGE('',*,*,#4259,.T.);
#4266 = CYLINDRICAL_SURFACE('',#4267,3.);
#4267 = AXIS2_PLACEMENT_3D('',#4268,#4269,#4270);
#4268 = CARTESIAN_POINT('',(-152.0279579551,236.88077169749,245.));
#4269 = DIRECTION('',(-0.707106781187,-0.707106781187,0.));
#4270 = DIRECTION('',(0.,0.,1.));
#4271 = ADVANCED_FACE('',(#4272),#4283,.F.);
#4272 = FACE_BOUND('',#4273,.F.);
#4273 = EDGE_LOOP('',(#4274,#4275,#4281,#4282));
#4274 = ORIENTED_EDGE('',*,*,#4195,.F.);
#4275 = ORIENTED_EDGE('',*,*,#4276,.F.);
#4276 = EDGE_CURVE('',#4115,#4196,#4277,.T.);
#4277 = LINE('',#4278,#4279);
#4278 = CARTESIAN_POINT('',(-152.0279579551,236.88077169749,276.));
#4279 = VECTOR('',#4280,1.);
#4280 = DIRECTION('',(-0.707106781187,-0.707106781187,0.));
#4281 = ORIENTED_EDGE('',*,*,#4114,.T.);
#4282 = ORIENTED_EDGE('',*,*,#4276,.T.);
#4283 = CYLINDRICAL_SURFACE('',#4284,3.);
#4284 = AXIS2_PLACEMENT_3D('',#4285,#4286,#4287);
#4285 = CARTESIAN_POINT('',(-152.0279579551,236.88077169749,273.));
#4286 = DIRECTION('',(-0.707106781187,-0.707106781187,0.));
#4287 = DIRECTION('',(0.,0.,1.));
#4288 = ( GEOMETRIC_REPRESENTATION_CONTEXT(3) 
GLOBAL_UNCERTAINTY_ASSIGNED_CONTEXT((#4292)) 
GLOBAL_UNIT_ASSIGNED_CONTEXT((#4289,#4290,#4291)) REPRESENTATION_CONTEXT
('Context #1','3D Context with UNIT and UNCERTAINTY') );
#4289 = ( LENGTH_UNIT() NAMED_UNIT(*) SI_UNIT(.MILLI.,.METRE.) );
#4290 = ( NAMED_UNIT(*) PLANE_ANGLE_UNIT() SI_UNIT($,.RADIAN.) );
#4291 = ( NAMED_UNIT(*) SI_UNIT($,.STERADIAN.) SOLID_ANGLE_UNIT() );
#4292 = UNCERTAINTY_MEASURE_WITH_UNIT(LENGTH_MEASURE(1.E-07),#4289,
  'distance_accuracy_value','confusion accuracy');
#4293 = CONTEXT_DEPENDENT_SHAPE_REPRESENTATION(#4294,#4296);
#4294 = ( REPRESENTATION_RELATIONSHIP('','',#4020,#10) 
REPRESENTATION_RELATIONSHIP_WITH_TRANSFORMATION(#4295) 
SHAPE_REPRESENTATION_RELATIONSHIP() );
#4295 = ITEM_DEFINED_TRANSFORMATION('','',#11,#79);
#4296 = PRODUCT_DEFINITION_SHAPE('Placement','Placement of an item',
  #4297);
#4297 = NEXT_ASSEMBLY_USAGE_OCCURRENCE('17','P17 Slot jamb 135 / -1','',
  #5,#4015,$);
#4298 = PRODUCT_RELATED_PRODUCT_CATEGORY('part',$,(#4017));
#4299 = SHAPE_DEFINITION_REPRESENTATION(#4300,#4306);
#4300 = PRODUCT_DEFINITION_SHAPE('','',#4301);
#4301 = PRODUCT_DEFINITION('design','',#4302,#4305);
#4302 = PRODUCT_DEFINITION_FORMATION('','',#4303);
#4303 = PRODUCT('P18 Slot jamb 135 / 1','P18 Slot jamb 135 / 1','',(
    #4304));
#4304 = PRODUCT_CONTEXT('',#2,'mechanical');
#4305 = PRODUCT_DEFINITION_CONTEXT('part definition',#2,'design');
#4306 = ADVANCED_BREP_SHAPE_REPRESENTATION('',(#11,#4307),#4574);
#4307 = MANIFOLD_SOLID_BREP('',#4308);
#4308 = CLOSED_SHELL('',(#4309,#4349,#4413,#4437,#4494,#4511,#4523,#4540
    ,#4557));
#4309 = ADVANCED_FACE('',(#4310),#4344,.F.);
#4310 = FACE_BOUND('',#4311,.F.);
#4311 = EDGE_LOOP('',(#4312,#4322,#4330,#4338));
#4312 = ORIENTED_EDGE('',*,*,#4313,.F.);
#4313 = EDGE_CURVE('',#4314,#4316,#4318,.T.);
#4314 = VERTEX_POINT('',#4315);
#4315 = CARTESIAN_POINT('',(-195.8685783886,178.89801564019,18.));
#4316 = VERTEX_POINT('',#4317);
#4317 = CARTESIAN_POINT('',(-195.8685783886,178.89801564019,280.));
#4318 = LINE('',#4319,#4320);
#4319 = CARTESIAN_POINT('',(-195.8685783886,178.89801564019,18.));
#4320 = VECTOR('',#4321,1.);
#4321 = DIRECTION('',(0.,0.,1.));
#4322 = ORIENTED_EDGE('',*,*,#4323,.T.);
#4323 = EDGE_CURVE('',#4314,#4324,#4326,.T.);
#4324 = VERTEX_POINT('',#4325);
#4325 = CARTESIAN_POINT('',(-198.6970055134,176.06958851545,18.));
#4326 = LINE('',#4327,#4328);
#4327 = CARTESIAN_POINT('',(-195.8685783886,178.89801564019,18.));
#4328 = VECTOR('',#4329,1.);
#4329 = DIRECTION('',(-0.707106781187,-0.707106781187,0.));
#4330 = ORIENTED_EDGE('',*,*,#4331,.T.);
#4331 = EDGE_CURVE('',#4324,#4332,#4334,.T.);
#4332 = VERTEX_POINT('',#4333);
#4333 = CARTESIAN_POINT('',(-198.6970055134,176.06958851545,280.));
#4334 = LINE('',#4335,#4336);
#4335 = CARTESIAN_POINT('',(-198.6970055134,176.06958851545,18.));
#4336 = VECTOR('',#4337,1.);
#4337 = DIRECTION('',(0.,0.,1.));
#4338 = ORIENTED_EDGE('',*,*,#4339,.F.);
#4339 = EDGE_CURVE('',#4316,#4332,#4340,.T.);
#4340 = LINE('',#4341,#4342);
#4341 = CARTESIAN_POINT('',(-195.8685783886,178.89801564019,280.));
#4342 = VECTOR('',#4343,1.);
#4343 = DIRECTION('',(-0.707106781187,-0.707106781187,0.));
#4344 = PLANE('',#4345);
#4345 = AXIS2_PLACEMENT_3D('',#4346,#4347,#4348);
#4346 = CARTESIAN_POINT('',(-195.8685783886,178.89801564019,18.));
#4347 = DIRECTION('',(-0.707106781187,0.707106781187,0.));
#4348 = DIRECTION('',(0.,0.,1.));
#4349 = ADVANCED_FACE('',(#4350,#4375,#4386,#4397),#4408,.F.);
#4350 = FACE_BOUND('',#4351,.F.);
#4351 = EDGE_LOOP('',(#4352,#4360,#4361,#4369));
#4352 = ORIENTED_EDGE('',*,*,#4353,.F.);
#4353 = EDGE_CURVE('',#4314,#4354,#4356,.T.);
#4354 = VERTEX_POINT('',#4355);
#4355 = CARTESIAN_POINT('',(-210.0107140124,193.04015126392,18.));
#4356 = LINE('',#4357,#4358);
#4357 = CARTESIAN_POINT('',(-195.8685783886,178.89801564019,18.));
#4358 = VECTOR('',#4359,1.);
#4359 = DIRECTION('',(-0.707106781187,0.707106781187,0.));
#4360 = ORIENTED_EDGE('',*,*,#4313,.T.);
#4361 = ORIENTED_EDGE('',*,*,#4362,.T.);
#4362 = EDGE_CURVE('',#4316,#4363,#4365,.T.);
#4363 = VERTEX_POINT('',#4364);
#4364 = CARTESIAN_POINT('',(-210.0107140124,193.04015126392,280.));
#4365 = LINE('',#4366,#4367);
#4366 = CARTESIAN_POINT('',(-195.8685783886,178.89801564019,280.));
#4367 = VECTOR('',#4368,1.);
#4368 = DIRECTION('',(-0.707106781187,0.707106781187,0.));
#4369 = ORIENTED_EDGE('',*,*,#4370,.F.);
#4370 = EDGE_CURVE('',#4354,#4363,#4371,.T.);
#4371 = LINE('',#4372,#4373);
#4372 = CARTESIAN_POINT('',(-210.0107140124,193.04015126392,18.));
#4373 = VECTOR('',#4374,1.);
#4374 = DIRECTION('',(0.,0.,1.));
#4375 = FACE_BOUND('',#4376,.F.);
#4376 = EDGE_LOOP('',(#4377));
#4377 = ORIENTED_EDGE('',*,*,#4378,.F.);
#4378 = EDGE_CURVE('',#4379,#4379,#4381,.T.);
#4379 = VERTEX_POINT('',#4380);
#4380 = CARTESIAN_POINT('',(-202.9396462005,185.96908345206,220.));
#4381 = CIRCLE('',#4382,3.);
#4382 = AXIS2_PLACEMENT_3D('',#4383,#4384,#4385);
#4383 = CARTESIAN_POINT('',(-202.9396462005,185.96908345206,217.));
#4384 = DIRECTION('',(-0.707106781187,-0.707106781187,0.));
#4385 = DIRECTION('',(0.,0.,1.));
#4386 = FACE_BOUND('',#4387,.F.);
#4387 = EDGE_LOOP('',(#4388));
#4388 = ORIENTED_EDGE('',*,*,#4389,.F.);
#4389 = EDGE_CURVE('',#4390,#4390,#4392,.T.);
#4390 = VERTEX_POINT('',#4391);
#4391 = CARTESIAN_POINT('',(-202.9396462005,185.96908345206,248.));
#4392 = CIRCLE('',#4393,3.);
#4393 = AXIS2_PLACEMENT_3D('',#4394,#4395,#4396);
#4394 = CARTESIAN_POINT('',(-202.9396462005,185.96908345206,245.));
#4395 = DIRECTION('',(-0.707106781187,-0.707106781187,0.));
#4396 = DIRECTION('',(0.,0.,1.));
#4397 = FACE_BOUND('',#4398,.F.);
#4398 = EDGE_LOOP('',(#4399));
#4399 = ORIENTED_EDGE('',*,*,#4400,.F.);
#4400 = EDGE_CURVE('',#4401,#4401,#4403,.T.);
#4401 = VERTEX_POINT('',#4402);
#4402 = CARTESIAN_POINT('',(-202.9396462005,185.96908345206,276.));
#4403 = CIRCLE('',#4404,3.);
#4404 = AXIS2_PLACEMENT_3D('',#4405,#4406,#4407);
#4405 = CARTESIAN_POINT('',(-202.9396462005,185.96908345206,273.));
#4406 = DIRECTION('',(-0.707106781187,-0.707106781187,0.));
#4407 = DIRECTION('',(0.,0.,1.));
#4408 = PLANE('',#4409);
#4409 = AXIS2_PLACEMENT_3D('',#4410,#4411,#4412);
#4410 = CARTESIAN_POINT('',(-195.8685783886,178.89801564019,18.));
#4411 = DIRECTION('',(-0.707106781187,-0.707106781187,0.));
#4412 = DIRECTION('',(0.,0.,1.));
#4413 = ADVANCED_FACE('',(#4414),#4432,.T.);
#4414 = FACE_BOUND('',#4415,.T.);
#4415 = EDGE_LOOP('',(#4416,#4417,#4418,#4426));
#4416 = ORIENTED_EDGE('',*,*,#4339,.F.);
#4417 = ORIENTED_EDGE('',*,*,#4362,.T.);
#4418 = ORIENTED_EDGE('',*,*,#4419,.T.);
#4419 = EDGE_CURVE('',#4363,#4420,#4422,.T.);
#4420 = VERTEX_POINT('',#4421);
#4421 = CARTESIAN_POINT('',(-212.8391411371,190.21172413918,280.));
#4422 = LINE('',#4423,#4424);
#4423 = CARTESIAN_POINT('',(-210.0107140124,193.04015126392,280.));
#4424 = VECTOR('',#4425,1.);
#4425 = DIRECTION('',(-0.707106781187,-0.707106781187,0.));
#4426 = ORIENTED_EDGE('',*,*,#4427,.F.);
#4427 = EDGE_CURVE('',#4332,#4420,#4428,.T.);
#4428 = LINE('',#4429,#4430);
#4429 = CARTESIAN_POINT('',(-198.6970055134,176.06958851545,280.));
#4430 = VECTOR('',#4431,1.);
#4431 = DIRECTION('',(-0.707106781187,0.707106781187,0.));
#4432 = PLANE('',#4433);
#4433 = AXIS2_PLACEMENT_3D('',#4434,#4435,#4436);
#4434 = CARTESIAN_POINT('',(-195.8685783886,178.89801564019,280.));
#4435 = DIRECTION('',(0.,0.,1.));
#4436 = DIRECTION('',(-0.707106781187,0.707106781187,0.));
#4437 = ADVANCED_FACE('',(#4438,#4456,#4467,#4478),#4489,.T.);
#4438 = FACE_BOUND('',#4439,.T.);
#4439 = EDGE_LOOP('',(#4440,#4448,#4449,#4450));
#4440 = ORIENTED_EDGE('',*,*,#4441,.F.);
#4441 = EDGE_CURVE('',#4324,#4442,#4444,.T.);
#4442 = VERTEX_POINT('',#4443);
#4443 = CARTESIAN_POINT('',(-212.8391411371,190.21172413918,18.));
#4444 = LINE('',#4445,#4446);
#4445 = CARTESIAN_POINT('',(-198.6970055134,176.06958851545,18.));
#4446 = VECTOR('',#4447,1.);
#4447 = DIRECTION('',(-0.707106781187,0.707106781187,0.));
#4448 = ORIENTED_EDGE('',*,*,#4331,.T.);
#4449 = ORIENTED_EDGE('',*,*,#4427,.T.);
#4450 = ORIENTED_EDGE('',*,*,#4451,.F.);
#4451 = EDGE_CURVE('',#4442,#4420,#4452,.T.);
#4452 = LINE('',#4453,#4454);
#4453 = CARTESIAN_POINT('',(-212.8391411371,190.21172413918,18.));
#4454 = VECTOR('',#4455,1.);
#4455 = DIRECTION('',(0.,0.,1.));
#4456 = FACE_BOUND('',#4457,.T.);
#4457 = EDGE_LOOP('',(#4458));
#4458 = ORIENTED_EDGE('',*,*,#4459,.F.);
#4459 = EDGE_CURVE('',#4460,#4460,#4462,.T.);
#4460 = VERTEX_POINT('',#4461);
#4461 = CARTESIAN_POINT('',(-205.7680733252,183.14065632731,220.));
#4462 = CIRCLE('',#4463,3.);
#4463 = AXIS2_PLACEMENT_3D('',#4464,#4465,#4466);
#4464 = CARTESIAN_POINT('',(-205.7680733252,183.14065632731,217.));
#4465 = DIRECTION('',(-0.707106781187,-0.707106781187,0.));
#4466 = DIRECTION('',(0.,0.,1.));
#4467 = FACE_BOUND('',#4468,.T.);
#4468 = EDGE_LOOP('',(#4469));
#4469 = ORIENTED_EDGE('',*,*,#4470,.F.);
#4470 = EDGE_CURVE('',#4471,#4471,#4473,.T.);
#4471 = VERTEX_POINT('',#4472);
#4472 = CARTESIAN_POINT('',(-205.7680733252,183.14065632731,248.));
#4473 = CIRCLE('',#4474,3.);
#4474 = AXIS2_PLACEMENT_3D('',#4475,#4476,#4477);
#4475 = CARTESIAN_POINT('',(-205.7680733252,183.14065632731,245.));
#4476 = DIRECTION('',(-0.707106781187,-0.707106781187,0.));
#4477 = DIRECTION('',(0.,0.,1.));
#4478 = FACE_BOUND('',#4479,.T.);
#4479 = EDGE_LOOP('',(#4480));
#4480 = ORIENTED_EDGE('',*,*,#4481,.F.);
#4481 = EDGE_CURVE('',#4482,#4482,#4484,.T.);
#4482 = VERTEX_POINT('',#4483);
#4483 = CARTESIAN_POINT('',(-205.7680733252,183.14065632731,276.));
#4484 = CIRCLE('',#4485,3.);
#4485 = AXIS2_PLACEMENT_3D('',#4486,#4487,#4488);
#4486 = CARTESIAN_POINT('',(-205.7680733252,183.14065632731,273.));
#4487 = DIRECTION('',(-0.707106781187,-0.707106781187,0.));
#4488 = DIRECTION('',(0.,0.,1.));
#4489 = PLANE('',#4490);
#4490 = AXIS2_PLACEMENT_3D('',#4491,#4492,#4493);
#4491 = CARTESIAN_POINT('',(-198.6970055134,176.06958851545,18.));
#4492 = DIRECTION('',(-0.707106781187,-0.707106781187,0.));
#4493 = DIRECTION('',(0.,0.,1.));
#4494 = ADVANCED_FACE('',(#4495),#4506,.F.);
#4495 = FACE_BOUND('',#4496,.F.);
#4496 = EDGE_LOOP('',(#4497,#4498,#4499,#4505));
#4497 = ORIENTED_EDGE('',*,*,#4323,.F.);
#4498 = ORIENTED_EDGE('',*,*,#4353,.T.);
#4499 = ORIENTED_EDGE('',*,*,#4500,.T.);
#4500 = EDGE_CURVE('',#4354,#4442,#4501,.T.);
#4501 = LINE('',#4502,#4503);
#4502 = CARTESIAN_POINT('',(-210.0107140124,193.04015126392,18.));
#4503 = VECTOR('',#4504,1.);
#4504 = DIRECTION('',(-0.707106781187,-0.707106781187,0.));
#4505 = ORIENTED_EDGE('',*,*,#4441,.F.);
#4506 = PLANE('',#4507);
#4507 = AXIS2_PLACEMENT_3D('',#4508,#4509,#4510);
#4508 = CARTESIAN_POINT('',(-195.8685783886,178.89801564019,18.));
#4509 = DIRECTION('',(0.,0.,1.));
#4510 = DIRECTION('',(-0.707106781187,0.707106781187,0.));
#4511 = ADVANCED_FACE('',(#4512),#4518,.T.);
#4512 = FACE_BOUND('',#4513,.T.);
#4513 = EDGE_LOOP('',(#4514,#4515,#4516,#4517));
#4514 = ORIENTED_EDGE('',*,*,#4370,.F.);
#4515 = ORIENTED_EDGE('',*,*,#4500,.T.);
#4516 = ORIENTED_EDGE('',*,*,#4451,.T.);
#4517 = ORIENTED_EDGE('',*,*,#4419,.F.);
#4518 = PLANE('',#4519);
#4519 = AXIS2_PLACEMENT_3D('',#4520,#4521,#4522);
#4520 = CARTESIAN_POINT('',(-210.0107140124,193.04015126392,18.));
#4521 = DIRECTION('',(-0.707106781187,0.707106781187,0.));
#4522 = DIRECTION('',(0.,0.,1.));
#4523 = ADVANCED_FACE('',(#4524),#4535,.F.);
#4524 = FACE_BOUND('',#4525,.F.);
#4525 = EDGE_LOOP('',(#4526,#4527,#4533,#4534));
#4526 = ORIENTED_EDGE('',*,*,#4459,.F.);
#4527 = ORIENTED_EDGE('',*,*,#4528,.F.);
#4528 = EDGE_CURVE('',#4379,#4460,#4529,.T.);
#4529 = LINE('',#4530,#4531);
#4530 = CARTESIAN_POINT('',(-152.0279579551,236.88077169749,220.));
#4531 = VECTOR('',#4532,1.);
#4532 = DIRECTION('',(-0.707106781187,-0.707106781187,0.));
#4533 = ORIENTED_EDGE('',*,*,#4378,.T.);
#4534 = ORIENTED_EDGE('',*,*,#4528,.T.);
#4535 = CYLINDRICAL_SURFACE('',#4536,3.);
#4536 = AXIS2_PLACEMENT_3D('',#4537,#4538,#4539);
#4537 = CARTESIAN_POINT('',(-152.0279579551,236.88077169749,217.));
#4538 = DIRECTION('',(-0.707106781187,-0.707106781187,0.));
#4539 = DIRECTION('',(0.,0.,1.));
#4540 = ADVANCED_FACE('',(#4541),#4552,.F.);
#4541 = FACE_BOUND('',#4542,.F.);
#4542 = EDGE_LOOP('',(#4543,#4544,#4550,#4551));
#4543 = ORIENTED_EDGE('',*,*,#4470,.F.);
#4544 = ORIENTED_EDGE('',*,*,#4545,.F.);
#4545 = EDGE_CURVE('',#4390,#4471,#4546,.T.);
#4546 = LINE('',#4547,#4548);
#4547 = CARTESIAN_POINT('',(-152.0279579551,236.88077169749,248.));
#4548 = VECTOR('',#4549,1.);
#4549 = DIRECTION('',(-0.707106781187,-0.707106781187,0.));
#4550 = ORIENTED_EDGE('',*,*,#4389,.T.);
#4551 = ORIENTED_EDGE('',*,*,#4545,.T.);
#4552 = CYLINDRICAL_SURFACE('',#4553,3.);
#4553 = AXIS2_PLACEMENT_3D('',#4554,#4555,#4556);
#4554 = CARTESIAN_POINT('',(-152.0279579551,236.88077169749,245.));
#4555 = DIRECTION('',(-0.707106781187,-0.707106781187,0.));
#4556 = DIRECTION('',(0.,0.,1.));
#4557 = ADVANCED_FACE('',(#4558),#4569,.F.);
#4558 = FACE_BOUND('',#4559,.F.);
#4559 = EDGE_LOOP('',(#4560,#4561,#4567,#4568));
#4560 = ORIENTED_EDGE('',*,*,#4481,.F.);
#4561 = ORIENTED_EDGE('',*,*,#4562,.F.);
#4562 = EDGE_CURVE('',#4401,#4482,#4563,.T.);
#4563 = LINE('',#4564,#4565);
#4564 = CARTESIAN_POINT('',(-152.0279579551,236.88077169749,276.));
#4565 = VECTOR('',#4566,1.);
#4566 = DIRECTION('',(-0.707106781187,-0.707106781187,0.));
#4567 = ORIENTED_EDGE('',*,*,#4400,.T.);
#4568 = ORIENTED_EDGE('',*,*,#4562,.T.);
#4569 = CYLINDRICAL_SURFACE('',#4570,3.);
#4570 = AXIS2_PLACEMENT_3D('',#4571,#4572,#4573);
#4571 = CARTESIAN_POINT('',(-152.0279579551,236.88077169749,273.));
#4572 = DIRECTION('',(-0.707106781187,-0.707106781187,0.));
#4573 = DIRECTION('',(0.,0.,1.));
#4574 = ( GEOMETRIC_REPRESENTATION_CONTEXT(3) 
GLOBAL_UNCERTAINTY_ASSIGNED_CONTEXT((#4578)) 
GLOBAL_UNIT_ASSIGNED_CONTEXT((#4575,#4576,#4577)) REPRESENTATION_CONTEXT
('Context #1','3D Context with UNIT and UNCERTAINTY') );
#4575 = ( LENGTH_UNIT() NAMED_UNIT(*) SI_UNIT(.MILLI.,.METRE.) );
#4576 = ( NAMED_UNIT(*) PLANE_ANGLE_UNIT() SI_UNIT($,.RADIAN.) );
#4577 = ( NAMED_UNIT(*) SI_UNIT($,.STERADIAN.) SOLID_ANGLE_UNIT() );
#4578 = UNCERTAINTY_MEASURE_WITH_UNIT(LENGTH_MEASURE(1.E-07),#4575,
  'distance_accuracy_value','confusion accuracy');
#4579 = CONTEXT_DEPENDENT_SHAPE_REPRESENTATION(#4580,#4582);
#4580 = ( REPRESENTATION_RELATIONSHIP('','',#4306,#10) 
REPRESENTATION_RELATIONSHIP_WITH_TRANSFORMATION(#4581) 
SHAPE_REPRESENTATION_RELATIONSHIP() );
#4581 = ITEM_DEFINED_TRANSFORMATION('','',#11,#83);
#4582 = PRODUCT_DEFINITION_SHAPE('Placement','Placement of an item',
  #4583);
#4583 = NEXT_ASSEMBLY_USAGE_OCCURRENCE('18','P18 Slot jamb 135 / 1','',
  #5,#4301,$);
#4584 = PRODUCT_RELATED_PRODUCT_CATEGORY('part',$,(#4303));
#4585 = SHAPE_DEFINITION_REPRESENTATION(#4586,#4592);
#4586 = PRODUCT_DEFINITION_SHAPE('','',#4587);
#4587 = PRODUCT_DEFINITION('design','',#4588,#4591);
#4588 = PRODUCT_DEFINITION_FORMATION('','',#4589);
#4589 = PRODUCT('P19 Slot lintel 135','P19 Slot lintel 135','',(#4590));
#4590 = PRODUCT_CONTEXT('',#2,'mechanical');
#4591 = PRODUCT_DEFINITION_CONTEXT('part definition',#2,'design');
#4592 = ADVANCED_BREP_SHAPE_REPRESENTATION('',(#11,#4593),#4743);
#4593 = MANIFOLD_SOLID_BREP('',#4594);
#4594 = CLOSED_SHELL('',(#4595,#4635,#4675,#4697,#4719,#4731));
#4595 = ADVANCED_FACE('',(#4596),#4630,.F.);
#4596 = FACE_BOUND('',#4597,.F.);
#4597 = EDGE_LOOP('',(#4598,#4608,#4616,#4624));
#4598 = ORIENTED_EDGE('',*,*,#4599,.F.);
#4599 = EDGE_CURVE('',#4600,#4602,#4604,.T.);
#4600 = VERTEX_POINT('',#4601);
#4601 = CARTESIAN_POINT('',(-176.0695885154,198.69700551342,280.));
#4602 = VERTEX_POINT('',#4603);
#4603 = CARTESIAN_POINT('',(-176.0695885154,198.69700551342,284.));
#4604 = LINE('',#4605,#4606);
#4605 = CARTESIAN_POINT('',(-176.0695885154,198.69700551342,280.));
#4606 = VECTOR('',#4607,1.);
#4607 = DIRECTION('',(0.,0.,1.));
#4608 = ORIENTED_EDGE('',*,*,#4609,.T.);
#4609 = EDGE_CURVE('',#4600,#4610,#4612,.T.);
#4610 = VERTEX_POINT('',#4611);
#4611 = CARTESIAN_POINT('',(-198.6970055134,176.06958851545,280.));
#4612 = LINE('',#4613,#4614);
#4613 = CARTESIAN_POINT('',(-176.0695885154,198.69700551342,280.));
#4614 = VECTOR('',#4615,1.);
#4615 = DIRECTION('',(-0.707106781187,-0.707106781187,0.));
#4616 = ORIENTED_EDGE('',*,*,#4617,.T.);
#4617 = EDGE_CURVE('',#4610,#4618,#4620,.T.);
#4618 = VERTEX_POINT('',#4619);
#4619 = CARTESIAN_POINT('',(-198.6970055134,176.06958851545,284.));
#4620 = LINE('',#4621,#4622);
#4621 = CARTESIAN_POINT('',(-198.6970055134,176.06958851545,280.));
#4622 = VECTOR('',#4623,1.);
#4623 = DIRECTION('',(0.,0.,1.));
#4624 = ORIENTED_EDGE('',*,*,#4625,.F.);
#4625 = EDGE_CURVE('',#4602,#4618,#4626,.T.);
#4626 = LINE('',#4627,#4628);
#4627 = CARTESIAN_POINT('',(-176.0695885154,198.69700551342,284.));
#4628 = VECTOR('',#4629,1.);
#4629 = DIRECTION('',(-0.707106781187,-0.707106781187,0.));
#4630 = PLANE('',#4631);
#4631 = AXIS2_PLACEMENT_3D('',#4632,#4633,#4634);
#4632 = CARTESIAN_POINT('',(-176.0695885154,198.69700551342,280.));
#4633 = DIRECTION('',(-0.707106781187,0.707106781187,0.));
#4634 = DIRECTION('',(0.,0.,1.));
#4635 = ADVANCED_FACE('',(#4636),#4670,.T.);
#4636 = FACE_BOUND('',#4637,.T.);
#4637 = EDGE_LOOP('',(#4638,#4648,#4656,#4664));
#4638 = ORIENTED_EDGE('',*,*,#4639,.F.);
#4639 = EDGE_CURVE('',#4640,#4642,#4644,.T.);
#4640 = VERTEX_POINT('',#4641);
#4641 = CARTESIAN_POINT('',(-190.2117241391,212.83914113715,280.));
#4642 = VERTEX_POINT('',#4643);
#4643 = CARTESIAN_POINT('',(-190.2117241391,212.83914113715,284.));
#4644 = LINE('',#4645,#4646);
#4645 = CARTESIAN_POINT('',(-190.2117241391,212.83914113715,280.));
#4646 = VECTOR('',#4647,1.);
#4647 = DIRECTION('',(0.,0.,1.));
#4648 = ORIENTED_EDGE('',*,*,#4649,.T.);
#4649 = EDGE_CURVE('',#4640,#4650,#4652,.T.);
#4650 = VERTEX_POINT('',#4651);
#4651 = CARTESIAN_POINT('',(-212.8391411371,190.21172413918,280.));
#4652 = LINE('',#4653,#4654);
#4653 = CARTESIAN_POINT('',(-190.2117241391,212.83914113715,280.));
#4654 = VECTOR('',#4655,1.);
#4655 = DIRECTION('',(-0.707106781187,-0.707106781187,0.));
#4656 = ORIENTED_EDGE('',*,*,#4657,.T.);
#4657 = EDGE_CURVE('',#4650,#4658,#4660,.T.);
#4658 = VERTEX_POINT('',#4659);
#4659 = CARTESIAN_POINT('',(-212.8391411371,190.21172413918,284.));
#4660 = LINE('',#4661,#4662);
#4661 = CARTESIAN_POINT('',(-212.8391411371,190.21172413918,280.));
#4662 = VECTOR('',#4663,1.);
#4663 = DIRECTION('',(0.,0.,1.));
#4664 = ORIENTED_EDGE('',*,*,#4665,.F.);
#4665 = EDGE_CURVE('',#4642,#4658,#4666,.T.);
#4666 = LINE('',#4667,#4668);
#4667 = CARTESIAN_POINT('',(-190.2117241391,212.83914113715,284.));
#4668 = VECTOR('',#4669,1.);
#4669 = DIRECTION('',(-0.707106781187,-0.707106781187,0.));
#4670 = PLANE('',#4671);
#4671 = AXIS2_PLACEMENT_3D('',#4672,#4673,#4674);
#4672 = CARTESIAN_POINT('',(-190.2117241391,212.83914113715,280.));
#4673 = DIRECTION('',(-0.707106781187,0.707106781187,0.));
#4674 = DIRECTION('',(0.,0.,1.));
#4675 = ADVANCED_FACE('',(#4676),#4692,.F.);
#4676 = FACE_BOUND('',#4677,.F.);
#4677 = EDGE_LOOP('',(#4678,#4684,#4685,#4691));
#4678 = ORIENTED_EDGE('',*,*,#4679,.F.);
#4679 = EDGE_CURVE('',#4600,#4640,#4680,.T.);
#4680 = LINE('',#4681,#4682);
#4681 = CARTESIAN_POINT('',(-176.0695885154,198.69700551342,280.));
#4682 = VECTOR('',#4683,1.);
#4683 = DIRECTION('',(-0.707106781187,0.707106781187,0.));
#4684 = ORIENTED_EDGE('',*,*,#4599,.T.);
#4685 = ORIENTED_EDGE('',*,*,#4686,.T.);
#4686 = EDGE_CURVE('',#4602,#4642,#4687,.T.);
#4687 = LINE('',#4688,#4689);
#4688 = CARTESIAN_POINT('',(-176.0695885154,198.69700551342,284.));
#4689 = VECTOR('',#4690,1.);
#4690 = DIRECTION('',(-0.707106781187,0.707106781187,0.));
#4691 = ORIENTED_EDGE('',*,*,#4639,.F.);
#4692 = PLANE('',#4693);
#4693 = AXIS2_PLACEMENT_3D('',#4694,#4695,#4696);
#4694 = CARTESIAN_POINT('',(-176.0695885154,198.69700551342,280.));
#4695 = DIRECTION('',(-0.707106781187,-0.707106781187,0.));
#4696 = DIRECTION('',(0.,0.,1.));
#4697 = ADVANCED_FACE('',(#4698),#4714,.T.);
#4698 = FACE_BOUND('',#4699,.T.);
#4699 = EDGE_LOOP('',(#4700,#4706,#4707,#4713));
#4700 = ORIENTED_EDGE('',*,*,#4701,.F.);
#4701 = EDGE_CURVE('',#4610,#4650,#4702,.T.);
#4702 = LINE('',#4703,#4704);
#4703 = CARTESIAN_POINT('',(-198.6970055134,176.06958851545,280.));
#4704 = VECTOR('',#4705,1.);
#4705 = DIRECTION('',(-0.707106781187,0.707106781187,0.));
#4706 = ORIENTED_EDGE('',*,*,#4617,.T.);
#4707 = ORIENTED_EDGE('',*,*,#4708,.T.);
#4708 = EDGE_CURVE('',#4618,#4658,#4709,.T.);
#4709 = LINE('',#4710,#4711);
#4710 = CARTESIAN_POINT('',(-198.6970055134,176.06958851545,284.));
#4711 = VECTOR('',#4712,1.);
#4712 = DIRECTION('',(-0.707106781187,0.707106781187,0.));
#4713 = ORIENTED_EDGE('',*,*,#4657,.F.);
#4714 = PLANE('',#4715);
#4715 = AXIS2_PLACEMENT_3D('',#4716,#4717,#4718);
#4716 = CARTESIAN_POINT('',(-198.6970055134,176.06958851545,280.));
#4717 = DIRECTION('',(-0.707106781187,-0.707106781187,0.));
#4718 = DIRECTION('',(0.,0.,1.));
#4719 = ADVANCED_FACE('',(#4720),#4726,.F.);
#4720 = FACE_BOUND('',#4721,.F.);
#4721 = EDGE_LOOP('',(#4722,#4723,#4724,#4725));
#4722 = ORIENTED_EDGE('',*,*,#4609,.F.);
#4723 = ORIENTED_EDGE('',*,*,#4679,.T.);
#4724 = ORIENTED_EDGE('',*,*,#4649,.T.);
#4725 = ORIENTED_EDGE('',*,*,#4701,.F.);
#4726 = PLANE('',#4727);
#4727 = AXIS2_PLACEMENT_3D('',#4728,#4729,#4730);
#4728 = CARTESIAN_POINT('',(-176.0695885154,198.69700551342,280.));
#4729 = DIRECTION('',(0.,0.,1.));
#4730 = DIRECTION('',(-0.707106781187,0.707106781187,0.));
#4731 = ADVANCED_FACE('',(#4732),#4738,.T.);
#4732 = FACE_BOUND('',#4733,.T.);
#4733 = EDGE_LOOP('',(#4734,#4735,#4736,#4737));
#4734 = ORIENTED_EDGE('',*,*,#4625,.F.);
#4735 = ORIENTED_EDGE('',*,*,#4686,.T.);
#4736 = ORIENTED_EDGE('',*,*,#4665,.T.);
#4737 = ORIENTED_EDGE('',*,*,#4708,.F.);
#4738 = PLANE('',#4739);
#4739 = AXIS2_PLACEMENT_3D('',#4740,#4741,#4742);
#4740 = CARTESIAN_POINT('',(-176.0695885154,198.69700551342,284.));
#4741 = DIRECTION('',(0.,0.,1.));
#4742 = DIRECTION('',(-0.707106781187,0.707106781187,0.));
#4743 = ( GEOMETRIC_REPRESENTATION_CONTEXT(3) 
GLOBAL_UNCERTAINTY_ASSIGNED_CONTEXT((#4747)) 
GLOBAL_UNIT_ASSIGNED_CONTEXT((#4744,#4745,#4746)) REPRESENTATION_CONTEXT
('Context #1','3D Context with UNIT and UNCERTAINTY') );
#4744 = ( LENGTH_UNIT() NAMED_UNIT(*) SI_UNIT(.MILLI.,.METRE.) );
#4745 = ( NAMED_UNIT(*) PLANE_ANGLE_UNIT() SI_UNIT($,.RADIAN.) );
#4746 = ( NAMED_UNIT(*) SI_UNIT($,.STERADIAN.) SOLID_ANGLE_UNIT() );
#4747 = UNCERTAINTY_MEASURE_WITH_UNIT(LENGTH_MEASURE(1.E-07),#4744,
  'distance_accuracy_value','confusion accuracy');
#4748 = CONTEXT_DEPENDENT_SHAPE_REPRESENTATION(#4749,#4751);
#4749 = ( REPRESENTATION_RELATIONSHIP('','',#4592,#10) 
REPRESENTATION_RELATIONSHIP_WITH_TRANSFORMATION(#4750) 
SHAPE_REPRESENTATION_RELATIONSHIP() );
#4750 = ITEM_DEFINED_TRANSFORMATION('','',#11,#87);
#4751 = PRODUCT_DEFINITION_SHAPE('Placement','Placement of an item',
  #4752);
#4752 = NEXT_ASSEMBLY_USAGE_OCCURRENCE('19','P19 Slot lintel 135','',#5,
  #4587,$);
#4753 = PRODUCT_RELATED_PRODUCT_CATEGORY('part',$,(#4589));
#4754 = SHAPE_DEFINITION_REPRESENTATION(#4755,#4761);
#4755 = PRODUCT_DEFINITION_SHAPE('','',#4756);
#4756 = PRODUCT_DEFINITION('design','',#4757,#4760);
#4757 = PRODUCT_DEFINITION_FORMATION('','',#4758);
#4758 = PRODUCT('P20 Foot shoe 135','P20 Foot shoe 135','',(#4759));
#4759 = PRODUCT_CONTEXT('',#2,'mechanical');
#4760 = PRODUCT_DEFINITION_CONTEXT('part definition',#2,'design');
#4761 = ADVANCED_BREP_SHAPE_REPRESENTATION('',(#11,#4762),#4912);
#4762 = MANIFOLD_SOLID_BREP('',#4763);
#4763 = CLOSED_SHELL('',(#4764,#4804,#4844,#4866,#4888,#4900));
#4764 = ADVANCED_FACE('',(#4765),#4799,.F.);
#4765 = FACE_BOUND('',#4766,.F.);
#4766 = EDGE_LOOP('',(#4767,#4777,#4785,#4793));
#4767 = ORIENTED_EDGE('',*,*,#4768,.F.);
#4768 = EDGE_CURVE('',#4769,#4771,#4773,.T.);
#4769 = VERTEX_POINT('',#4770);
#4770 = CARTESIAN_POINT('',(-143.5426765808,228.39549032325,0.));
#4771 = VERTEX_POINT('',#4772);
#4772 = CARTESIAN_POINT('',(-143.5426765808,228.39549032325,18.));
#4773 = LINE('',#4774,#4775);
#4774 = CARTESIAN_POINT('',(-143.5426765808,228.39549032325,0.));
#4775 = VECTOR('',#4776,1.);
#4776 = DIRECTION('',(0.,0.,1.));
#4777 = ORIENTED_EDGE('',*,*,#4778,.T.);
#4778 = EDGE_CURVE('',#4769,#4779,#4781,.T.);
#4779 = VERTEX_POINT('',#4780);
#4780 = CARTESIAN_POINT('',(-228.3954903232,143.54267658086,0.));
#4781 = LINE('',#4782,#4783);
#4782 = CARTESIAN_POINT('',(-143.5426765808,228.39549032325,0.));
#4783 = VECTOR('',#4784,1.);
#4784 = DIRECTION('',(-0.707106781187,-0.707106781187,0.));
#4785 = ORIENTED_EDGE('',*,*,#4786,.T.);
#4786 = EDGE_CURVE('',#4779,#4787,#4789,.T.);
#4787 = VERTEX_POINT('',#4788);
#4788 = CARTESIAN_POINT('',(-228.3954903232,143.54267658086,18.));
#4789 = LINE('',#4790,#4791);
#4790 = CARTESIAN_POINT('',(-228.3954903232,143.54267658086,0.));
#4791 = VECTOR('',#4792,1.);
#4792 = DIRECTION('',(0.,0.,1.));
#4793 = ORIENTED_EDGE('',*,*,#4794,.F.);
#4794 = EDGE_CURVE('',#4771,#4787,#4795,.T.);
#4795 = LINE('',#4796,#4797);
#4796 = CARTESIAN_POINT('',(-143.5426765808,228.39549032325,18.));
#4797 = VECTOR('',#4798,1.);
#4798 = DIRECTION('',(-0.707106781187,-0.707106781187,0.));
#4799 = PLANE('',#4800);
#4800 = AXIS2_PLACEMENT_3D('',#4801,#4802,#4803);
#4801 = CARTESIAN_POINT('',(-143.5426765808,228.39549032325,0.));
#4802 = DIRECTION('',(-0.707106781187,0.707106781187,0.));
#4803 = DIRECTION('',(0.,0.,1.));
#4804 = ADVANCED_FACE('',(#4805),#4839,.T.);
#4805 = FACE_BOUND('',#4806,.T.);
#4806 = EDGE_LOOP('',(#4807,#4817,#4825,#4833));
#4807 = ORIENTED_EDGE('',*,*,#4808,.F.);
#4808 = EDGE_CURVE('',#4809,#4811,#4813,.T.);
#4809 = VERTEX_POINT('',#4810);
#4810 = CARTESIAN_POINT('',(-160.5132393293,245.36605307173,0.));
#4811 = VERTEX_POINT('',#4812);
#4812 = CARTESIAN_POINT('',(-160.5132393293,245.36605307173,18.));
#4813 = LINE('',#4814,#4815);
#4814 = CARTESIAN_POINT('',(-160.5132393293,245.36605307173,0.));
#4815 = VECTOR('',#4816,1.);
#4816 = DIRECTION('',(0.,0.,1.));
#4817 = ORIENTED_EDGE('',*,*,#4818,.T.);
#4818 = EDGE_CURVE('',#4809,#4819,#4821,.T.);
#4819 = VERTEX_POINT('',#4820);
#4820 = CARTESIAN_POINT('',(-245.3660530717,160.51323932934,0.));
#4821 = LINE('',#4822,#4823);
#4822 = CARTESIAN_POINT('',(-160.5132393293,245.36605307173,0.));
#4823 = VECTOR('',#4824,1.);
#4824 = DIRECTION('',(-0.707106781187,-0.707106781187,0.));
#4825 = ORIENTED_EDGE('',*,*,#4826,.T.);
#4826 = EDGE_CURVE('',#4819,#4827,#4829,.T.);
#4827 = VERTEX_POINT('',#4828);
#4828 = CARTESIAN_POINT('',(-245.3660530717,160.51323932934,18.));
#4829 = LINE('',#4830,#4831);
#4830 = CARTESIAN_POINT('',(-245.3660530717,160.51323932934,0.));
#4831 = VECTOR('',#4832,1.);
#4832 = DIRECTION('',(0.,0.,1.));
#4833 = ORIENTED_EDGE('',*,*,#4834,.F.);
#4834 = EDGE_CURVE('',#4811,#4827,#4835,.T.);
#4835 = LINE('',#4836,#4837);
#4836 = CARTESIAN_POINT('',(-160.5132393293,245.36605307173,18.));
#4837 = VECTOR('',#4838,1.);
#4838 = DIRECTION('',(-0.707106781187,-0.707106781187,0.));
#4839 = PLANE('',#4840);
#4840 = AXIS2_PLACEMENT_3D('',#4841,#4842,#4843);
#4841 = CARTESIAN_POINT('',(-160.5132393293,245.36605307173,0.));
#4842 = DIRECTION('',(-0.707106781187,0.707106781187,0.));
#4843 = DIRECTION('',(0.,0.,1.));
#4844 = ADVANCED_FACE('',(#4845),#4861,.F.);
#4845 = FACE_BOUND('',#4846,.F.);
#4846 = EDGE_LOOP('',(#4847,#4853,#4854,#4860));
#4847 = ORIENTED_EDGE('',*,*,#4848,.F.);
#4848 = EDGE_CURVE('',#4769,#4809,#4849,.T.);
#4849 = LINE('',#4850,#4851);
#4850 = CARTESIAN_POINT('',(-143.5426765808,228.39549032325,0.));
#4851 = VECTOR('',#4852,1.);
#4852 = DIRECTION('',(-0.707106781187,0.707106781187,0.));
#4853 = ORIENTED_EDGE('',*,*,#4768,.T.);
#4854 = ORIENTED_EDGE('',*,*,#4855,.T.);
#4855 = EDGE_CURVE('',#4771,#4811,#4856,.T.);
#4856 = LINE('',#4857,#4858);
#4857 = CARTESIAN_POINT('',(-143.5426765808,228.39549032325,18.));
#4858 = VECTOR('',#4859,1.);
#4859 = DIRECTION('',(-0.707106781187,0.707106781187,0.));
#4860 = ORIENTED_EDGE('',*,*,#4808,.F.);
#4861 = PLANE('',#4862);
#4862 = AXIS2_PLACEMENT_3D('',#4863,#4864,#4865);
#4863 = CARTESIAN_POINT('',(-143.5426765808,228.39549032325,0.));
#4864 = DIRECTION('',(-0.707106781187,-0.707106781187,0.));
#4865 = DIRECTION('',(0.,0.,1.));
#4866 = ADVANCED_FACE('',(#4867),#4883,.T.);
#4867 = FACE_BOUND('',#4868,.T.);
#4868 = EDGE_LOOP('',(#4869,#4875,#4876,#4882));
#4869 = ORIENTED_EDGE('',*,*,#4870,.F.);
#4870 = EDGE_CURVE('',#4779,#4819,#4871,.T.);
#4871 = LINE('',#4872,#4873);
#4872 = CARTESIAN_POINT('',(-228.3954903232,143.54267658086,0.));
#4873 = VECTOR('',#4874,1.);
#4874 = DIRECTION('',(-0.707106781187,0.707106781187,0.));
#4875 = ORIENTED_EDGE('',*,*,#4786,.T.);
#4876 = ORIENTED_EDGE('',*,*,#4877,.T.);
#4877 = EDGE_CURVE('',#4787,#4827,#4878,.T.);
#4878 = LINE('',#4879,#4880);
#4879 = CARTESIAN_POINT('',(-228.3954903232,143.54267658086,18.));
#4880 = VECTOR('',#4881,1.);
#4881 = DIRECTION('',(-0.707106781187,0.707106781187,0.));
#4882 = ORIENTED_EDGE('',*,*,#4826,.F.);
#4883 = PLANE('',#4884);
#4884 = AXIS2_PLACEMENT_3D('',#4885,#4886,#4887);
#4885 = CARTESIAN_POINT('',(-228.3954903232,143.54267658086,0.));
#4886 = DIRECTION('',(-0.707106781187,-0.707106781187,0.));
#4887 = DIRECTION('',(0.,0.,1.));
#4888 = ADVANCED_FACE('',(#4889),#4895,.F.);
#4889 = FACE_BOUND('',#4890,.F.);
#4890 = EDGE_LOOP('',(#4891,#4892,#4893,#4894));
#4891 = ORIENTED_EDGE('',*,*,#4778,.F.);
#4892 = ORIENTED_EDGE('',*,*,#4848,.T.);
#4893 = ORIENTED_EDGE('',*,*,#4818,.T.);
#4894 = ORIENTED_EDGE('',*,*,#4870,.F.);
#4895 = PLANE('',#4896);
#4896 = AXIS2_PLACEMENT_3D('',#4897,#4898,#4899);
#4897 = CARTESIAN_POINT('',(-143.5426765808,228.39549032325,0.));
#4898 = DIRECTION('',(0.,0.,1.));
#4899 = DIRECTION('',(-0.707106781187,0.707106781187,0.));
#4900 = ADVANCED_FACE('',(#4901),#4907,.T.);
#4901 = FACE_BOUND('',#4902,.T.);
#4902 = EDGE_LOOP('',(#4903,#4904,#4905,#4906));
#4903 = ORIENTED_EDGE('',*,*,#4794,.F.);
#4904 = ORIENTED_EDGE('',*,*,#4855,.T.);
#4905 = ORIENTED_EDGE('',*,*,#4834,.T.);
#4906 = ORIENTED_EDGE('',*,*,#4877,.F.);
#4907 = PLANE('',#4908);
#4908 = AXIS2_PLACEMENT_3D('',#4909,#4910,#4911);
#4909 = CARTESIAN_POINT('',(-143.5426765808,228.39549032325,18.));
#4910 = DIRECTION('',(0.,0.,1.));
#4911 = DIRECTION('',(-0.707106781187,0.707106781187,0.));
#4912 = ( GEOMETRIC_REPRESENTATION_CONTEXT(3) 
GLOBAL_UNCERTAINTY_ASSIGNED_CONTEXT((#4916)) 
GLOBAL_UNIT_ASSIGNED_CONTEXT((#4913,#4914,#4915)) REPRESENTATION_CONTEXT
('Context #1','3D Context with UNIT and UNCERTAINTY') );
#4913 = ( LENGTH_UNIT() NAMED_UNIT(*) SI_UNIT(.MILLI.,.METRE.) );
#4914 = ( NAMED_UNIT(*) PLANE_ANGLE_UNIT() SI_UNIT($,.RADIAN.) );
#4915 = ( NAMED_UNIT(*) SI_UNIT($,.STERADIAN.) SOLID_ANGLE_UNIT() );
#4916 = UNCERTAINTY_MEASURE_WITH_UNIT(LENGTH_MEASURE(1.E-07),#4913,
  'distance_accuracy_value','confusion accuracy');
#4917 = CONTEXT_DEPENDENT_SHAPE_REPRESENTATION(#4918,#4920);
#4918 = ( REPRESENTATION_RELATIONSHIP('','',#4761,#10) 
REPRESENTATION_RELATIONSHIP_WITH_TRANSFORMATION(#4919) 
SHAPE_REPRESENTATION_RELATIONSHIP() );
#4919 = ITEM_DEFINED_TRANSFORMATION('','',#11,#91);
#4920 = PRODUCT_DEFINITION_SHAPE('Placement','Placement of an item',
  #4921);
#4921 = NEXT_ASSEMBLY_USAGE_OCCURRENCE('20','P20 Foot shoe 135','',#5,
  #4756,$);
#4922 = PRODUCT_RELATED_PRODUCT_CATEGORY('part',$,(#4758));
#4923 = SHAPE_DEFINITION_REPRESENTATION(#4924,#4930);
#4924 = PRODUCT_DEFINITION_SHAPE('','',#4925);
#4925 = PRODUCT_DEFINITION('design','',#4926,#4929);
#4926 = PRODUCT_DEFINITION_FORMATION('','',#4927);
#4927 = PRODUCT('P21 Arched blade 225 / maple segment 1',
  'P21 Arched blade 225 / maple segment 1','',(#4928));
#4928 = PRODUCT_CONTEXT('',#2,'mechanical');
#4929 = PRODUCT_DEFINITION_CONTEXT('part definition',#2,'design');
#4930 = ADVANCED_BREP_SHAPE_REPRESENTATION('',(#11,#4931),#5447);
#4931 = MANIFOLD_SOLID_BREP('',#4932);
#4932 = CLOSED_SHELL('',(#4933,#5005,#5069,#5093,#5150,#5174,#5231,#5255
    ,#5312,#5329,#5345,#5362,#5379,#5396,#5413,#5430));
#4933 = ADVANCED_FACE('',(#4934),#5000,.F.);
#4934 = FACE_BOUND('',#4935,.F.);
#4935 = EDGE_LOOP('',(#4936,#4946,#4954,#4962,#4970,#4978,#4986,#4994));
#4936 = ORIENTED_EDGE('',*,*,#4937,.F.);
#4937 = EDGE_CURVE('',#4938,#4940,#4942,.T.);
#4938 = VERTEX_POINT('',#4939);
#4939 = CARTESIAN_POINT('',(-229.8097038856,-144.9568901432,18.));
#4940 = VERTEX_POINT('',#4941);
#4941 = CARTESIAN_POINT('',(-229.8097038856,-144.9568901432,
    353.90524980688));
#4942 = LINE('',#4943,#4944);
#4943 = CARTESIAN_POINT('',(-229.8097038856,-144.9568901432,18.));
#4944 = VECTOR('',#4945,1.);
#4945 = DIRECTION('',(0.,0.,1.));
#4946 = ORIENTED_EDGE('',*,*,#4947,.T.);
#4947 = EDGE_CURVE('',#4938,#4948,#4950,.T.);
#4948 = VERTEX_POINT('',#4949);
#4949 = CARTESIAN_POINT('',(-198.6970055134,-176.0695885154,18.));
#4950 = LINE('',#4951,#4952);
#4951 = CARTESIAN_POINT('',(-229.8097038856,-144.9568901432,18.));
#4952 = VECTOR('',#4953,1.);
#4953 = DIRECTION('',(0.707106781187,-0.707106781187,0.));
#4954 = ORIENTED_EDGE('',*,*,#4955,.T.);
#4955 = EDGE_CURVE('',#4948,#4956,#4958,.T.);
#4956 = VERTEX_POINT('',#4957);
#4957 = CARTESIAN_POINT('',(-198.6970055134,-176.0695885154,284.));
#4958 = LINE('',#4959,#4960);
#4959 = CARTESIAN_POINT('',(-198.6970055134,-176.0695885154,18.));
#4960 = VECTOR('',#4961,1.);
#4961 = DIRECTION('',(0.,0.,1.));
#4962 = ORIENTED_EDGE('',*,*,#4963,.F.);
#4963 = EDGE_CURVE('',#4964,#4956,#4966,.T.);
#4964 = VERTEX_POINT('',#4965);
#4965 = CARTESIAN_POINT('',(-176.0695885154,-198.6970055134,284.));
#4966 = LINE('',#4967,#4968);
#4967 = CARTESIAN_POINT('',(-214.2533546995,-160.5132393293,284.));
#4968 = VECTOR('',#4969,1.);
#4969 = DIRECTION('',(-0.707106781187,0.707106781187,0.));
#4970 = ORIENTED_EDGE('',*,*,#4971,.F.);
#4971 = EDGE_CURVE('',#4972,#4964,#4974,.T.);
#4972 = VERTEX_POINT('',#4973);
#4973 = CARTESIAN_POINT('',(-176.0695885154,-198.6970055134,18.));
#4974 = LINE('',#4975,#4976);
#4975 = CARTESIAN_POINT('',(-176.0695885154,-198.6970055134,18.));
#4976 = VECTOR('',#4977,1.);
#4977 = DIRECTION('',(0.,0.,1.));
#4978 = ORIENTED_EDGE('',*,*,#4979,.T.);
#4979 = EDGE_CURVE('',#4972,#4980,#4982,.T.);
#4980 = VERTEX_POINT('',#4981);
#4981 = CARTESIAN_POINT('',(-144.9568901432,-229.8097038856,18.));
#4982 = LINE('',#4983,#4984);
#4983 = CARTESIAN_POINT('',(-229.8097038856,-144.9568901432,18.));
#4984 = VECTOR('',#4985,1.);
#4985 = DIRECTION('',(0.707106781187,-0.707106781187,0.));
#4986 = ORIENTED_EDGE('',*,*,#4987,.T.);
#4987 = EDGE_CURVE('',#4980,#4988,#4990,.T.);
#4988 = VERTEX_POINT('',#4989);
#4989 = CARTESIAN_POINT('',(-144.9568901432,-229.8097038856,
    353.90524980688));
#4990 = LINE('',#4991,#4992);
#4991 = CARTESIAN_POINT('',(-144.9568901432,-229.8097038856,18.));
#4992 = VECTOR('',#4993,1.);
#4993 = DIRECTION('',(0.,0.,1.));
#4994 = ORIENTED_EDGE('',*,*,#4995,.F.);
#4995 = EDGE_CURVE('',#4940,#4988,#4996,.T.);
#4996 = LINE('',#4997,#4998);
#4997 = CARTESIAN_POINT('',(-229.8097038856,-144.9568901432,
    353.90524980688));
#4998 = VECTOR('',#4999,1.);
#4999 = DIRECTION('',(0.707106781187,-0.707106781187,0.));
#5000 = PLANE('',#5001);
#5001 = AXIS2_PLACEMENT_3D('',#5002,#5003,#5004);
#5002 = CARTESIAN_POINT('',(-229.8097038856,-144.9568901432,18.));
#5003 = DIRECTION('',(-0.707106781187,-0.707106781187,0.));
#5004 = DIRECTION('',(0.,0.,1.));
#5005 = ADVANCED_FACE('',(#5006,#5031,#5042,#5053),#5064,.F.);
#5006 = FACE_BOUND('',#5007,.F.);
#5007 = EDGE_LOOP('',(#5008,#5016,#5017,#5025));
#5008 = ORIENTED_EDGE('',*,*,#5009,.F.);
#5009 = EDGE_CURVE('',#4938,#5010,#5012,.T.);
#5010 = VERTEX_POINT('',#5011);
#5011 = CARTESIAN_POINT('',(-243.9518395093,-159.0990257669,18.));
#5012 = LINE('',#5013,#5014);
#5013 = CARTESIAN_POINT('',(-229.8097038856,-144.9568901432,18.));
#5014 = VECTOR('',#5015,1.);
#5015 = DIRECTION('',(-0.707106781187,-0.707106781187,0.));
#5016 = ORIENTED_EDGE('',*,*,#4937,.T.);
#5017 = ORIENTED_EDGE('',*,*,#5018,.T.);
#5018 = EDGE_CURVE('',#4940,#5019,#5021,.T.);
#5019 = VERTEX_POINT('',#5020);
#5020 = CARTESIAN_POINT('',(-243.9518395093,-159.0990257669,
    353.90524980688));
#5021 = LINE('',#5022,#5023);
#5022 = CARTESIAN_POINT('',(-229.8097038856,-144.9568901432,
    353.90524980688));
#5023 = VECTOR('',#5024,1.);
#5024 = DIRECTION('',(-0.707106781187,-0.707106781187,0.));
#5025 = ORIENTED_EDGE('',*,*,#5026,.F.);
#5026 = EDGE_CURVE('',#5010,#5019,#5027,.T.);
#5027 = LINE('',#5028,#5029);
#5028 = CARTESIAN_POINT('',(-243.9518395093,-159.0990257669,18.));
#5029 = VECTOR('',#5030,1.);
#5030 = DIRECTION('',(0.,0.,1.));
#5031 = FACE_BOUND('',#5032,.F.);
#5032 = EDGE_LOOP('',(#5033));
#5033 = ORIENTED_EDGE('',*,*,#5034,.F.);
#5034 = EDGE_CURVE('',#5035,#5035,#5037,.T.);
#5035 = VERTEX_POINT('',#5036);
#5036 = CARTESIAN_POINT('',(-236.8807716974,-152.0279579551,220.));
#5037 = CIRCLE('',#5038,3.);
#5038 = AXIS2_PLACEMENT_3D('',#5039,#5040,#5041);
#5039 = CARTESIAN_POINT('',(-236.8807716974,-152.0279579551,217.));
#5040 = DIRECTION('',(0.707106781187,-0.707106781187,0.));
#5041 = DIRECTION('',(0.,0.,1.));
#5042 = FACE_BOUND('',#5043,.F.);
#5043 = EDGE_LOOP('',(#5044));
#5044 = ORIENTED_EDGE('',*,*,#5045,.F.);
#5045 = EDGE_CURVE('',#5046,#5046,#5048,.T.);
#5046 = VERTEX_POINT('',#5047);
#5047 = CARTESIAN_POINT('',(-236.8807716974,-152.0279579551,248.));
#5048 = CIRCLE('',#5049,3.);
#5049 = AXIS2_PLACEMENT_3D('',#5050,#5051,#5052);
#5050 = CARTESIAN_POINT('',(-236.8807716974,-152.0279579551,245.));
#5051 = DIRECTION('',(0.707106781187,-0.707106781187,0.));
#5052 = DIRECTION('',(0.,0.,1.));
#5053 = FACE_BOUND('',#5054,.F.);
#5054 = EDGE_LOOP('',(#5055));
#5055 = ORIENTED_EDGE('',*,*,#5056,.F.);
#5056 = EDGE_CURVE('',#5057,#5057,#5059,.T.);
#5057 = VERTEX_POINT('',#5058);
#5058 = CARTESIAN_POINT('',(-236.8807716974,-152.0279579551,276.));
#5059 = CIRCLE('',#5060,3.);
#5060 = AXIS2_PLACEMENT_3D('',#5061,#5062,#5063);
#5061 = CARTESIAN_POINT('',(-236.8807716974,-152.0279579551,273.));
#5062 = DIRECTION('',(0.707106781187,-0.707106781187,0.));
#5063 = DIRECTION('',(0.,0.,1.));
#5064 = PLANE('',#5065);
#5065 = AXIS2_PLACEMENT_3D('',#5066,#5067,#5068);
#5066 = CARTESIAN_POINT('',(-229.8097038856,-144.9568901432,18.));
#5067 = DIRECTION('',(0.707106781187,-0.707106781187,0.));
#5068 = DIRECTION('',(0.,0.,1.));
#5069 = ADVANCED_FACE('',(#5070),#5088,.T.);
#5070 = FACE_BOUND('',#5071,.T.);
#5071 = EDGE_LOOP('',(#5072,#5073,#5074,#5082));
#5072 = ORIENTED_EDGE('',*,*,#4995,.F.);
#5073 = ORIENTED_EDGE('',*,*,#5018,.T.);
#5074 = ORIENTED_EDGE('',*,*,#5075,.T.);
#5075 = EDGE_CURVE('',#5019,#5076,#5078,.T.);
#5076 = VERTEX_POINT('',#5077);
#5077 = CARTESIAN_POINT('',(-159.0990257669,-243.9518395093,
    353.90524980688));
#5078 = LINE('',#5079,#5080);
#5079 = CARTESIAN_POINT('',(-243.9518395093,-159.0990257669,
    353.90524980688));
#5080 = VECTOR('',#5081,1.);
#5081 = DIRECTION('',(0.707106781187,-0.707106781187,0.));
#5082 = ORIENTED_EDGE('',*,*,#5083,.F.);
#5083 = EDGE_CURVE('',#4988,#5076,#5084,.T.);
#5084 = LINE('',#5085,#5086);
#5085 = CARTESIAN_POINT('',(-144.9568901432,-229.8097038856,
    353.90524980688));
#5086 = VECTOR('',#5087,1.);
#5087 = DIRECTION('',(-0.707106781187,-0.707106781187,0.));
#5088 = PLANE('',#5089);
#5089 = AXIS2_PLACEMENT_3D('',#5090,#5091,#5092);
#5090 = CARTESIAN_POINT('',(-229.8097038856,-144.9568901432,
    353.90524980688));
#5091 = DIRECTION('',(0.,0.,1.));
#5092 = DIRECTION('',(-0.707106781187,-0.707106781187,0.));
#5093 = ADVANCED_FACE('',(#5094,#5112,#5123,#5134),#5145,.T.);
#5094 = FACE_BOUND('',#5095,.T.);
#5095 = EDGE_LOOP('',(#5096,#5104,#5105,#5106));
#5096 = ORIENTED_EDGE('',*,*,#5097,.F.);
#5097 = EDGE_CURVE('',#4980,#5098,#5100,.T.);
#5098 = VERTEX_POINT('',#5099);
#5099 = CARTESIAN_POINT('',(-159.0990257669,-243.9518395093,18.));
#5100 = LINE('',#5101,#5102);
#5101 = CARTESIAN_POINT('',(-144.9568901432,-229.8097038856,18.));
#5102 = VECTOR('',#5103,1.);
#5103 = DIRECTION('',(-0.707106781187,-0.707106781187,0.));
#5104 = ORIENTED_EDGE('',*,*,#4987,.T.);
#5105 = ORIENTED_EDGE('',*,*,#5083,.T.);
#5106 = ORIENTED_EDGE('',*,*,#5107,.F.);
#5107 = EDGE_CURVE('',#5098,#5076,#5108,.T.);
#5108 = LINE('',#5109,#5110);
#5109 = CARTESIAN_POINT('',(-159.0990257669,-243.9518395093,18.));
#5110 = VECTOR('',#5111,1.);
#5111 = DIRECTION('',(0.,0.,1.));
#5112 = FACE_BOUND('',#5113,.T.);
#5113 = EDGE_LOOP('',(#5114));
#5114 = ORIENTED_EDGE('',*,*,#5115,.F.);
#5115 = EDGE_CURVE('',#5116,#5116,#5118,.T.);
#5116 = VERTEX_POINT('',#5117);
#5117 = CARTESIAN_POINT('',(-152.0279579551,-236.8807716974,220.));
#5118 = CIRCLE('',#5119,3.);
#5119 = AXIS2_PLACEMENT_3D('',#5120,#5121,#5122);
#5120 = CARTESIAN_POINT('',(-152.0279579551,-236.8807716974,217.));
#5121 = DIRECTION('',(0.707106781187,-0.707106781187,0.));
#5122 = DIRECTION('',(0.,0.,1.));
#5123 = FACE_BOUND('',#5124,.T.);
#5124 = EDGE_LOOP('',(#5125));
#5125 = ORIENTED_EDGE('',*,*,#5126,.F.);
#5126 = EDGE_CURVE('',#5127,#5127,#5129,.T.);
#5127 = VERTEX_POINT('',#5128);
#5128 = CARTESIAN_POINT('',(-152.0279579551,-236.8807716974,248.));
#5129 = CIRCLE('',#5130,3.);
#5130 = AXIS2_PLACEMENT_3D('',#5131,#5132,#5133);
#5131 = CARTESIAN_POINT('',(-152.0279579551,-236.8807716974,245.));
#5132 = DIRECTION('',(0.707106781187,-0.707106781187,0.));
#5133 = DIRECTION('',(0.,0.,1.));
#5134 = FACE_BOUND('',#5135,.T.);
#5135 = EDGE_LOOP('',(#5136));
#5136 = ORIENTED_EDGE('',*,*,#5137,.F.);
#5137 = EDGE_CURVE('',#5138,#5138,#5140,.T.);
#5138 = VERTEX_POINT('',#5139);
#5139 = CARTESIAN_POINT('',(-152.0279579551,-236.8807716974,276.));
#5140 = CIRCLE('',#5141,3.);
#5141 = AXIS2_PLACEMENT_3D('',#5142,#5143,#5144);
#5142 = CARTESIAN_POINT('',(-152.0279579551,-236.8807716974,273.));
#5143 = DIRECTION('',(0.707106781187,-0.707106781187,0.));
#5144 = DIRECTION('',(0.,0.,1.));
#5145 = PLANE('',#5146);
#5146 = AXIS2_PLACEMENT_3D('',#5147,#5148,#5149);
#5147 = CARTESIAN_POINT('',(-144.9568901432,-229.8097038856,18.));
#5148 = DIRECTION('',(0.707106781187,-0.707106781187,0.));
#5149 = DIRECTION('',(0.,0.,1.));
#5150 = ADVANCED_FACE('',(#5151),#5169,.F.);
#5151 = FACE_BOUND('',#5152,.F.);
#5152 = EDGE_LOOP('',(#5153,#5154,#5162,#5168));
#5153 = ORIENTED_EDGE('',*,*,#4979,.F.);
#5154 = ORIENTED_EDGE('',*,*,#5155,.T.);
#5155 = EDGE_CURVE('',#4972,#5156,#5158,.T.);
#5156 = VERTEX_POINT('',#5157);
#5157 = CARTESIAN_POINT('',(-190.2117241391,-212.8391411371,18.));
#5158 = LINE('',#5159,#5160);
#5159 = CARTESIAN_POINT('',(-175.3624817342,-197.9898987322,18.));
#5160 = VECTOR('',#5161,1.);
#5161 = DIRECTION('',(-0.707106781187,-0.707106781187,0.));
#5162 = ORIENTED_EDGE('',*,*,#5163,.T.);
#5163 = EDGE_CURVE('',#5156,#5098,#5164,.T.);
#5164 = LINE('',#5165,#5166);
#5165 = CARTESIAN_POINT('',(-243.9518395093,-159.0990257669,18.));
#5166 = VECTOR('',#5167,1.);
#5167 = DIRECTION('',(0.707106781187,-0.707106781187,0.));
#5168 = ORIENTED_EDGE('',*,*,#5097,.F.);
#5169 = PLANE('',#5170);
#5170 = AXIS2_PLACEMENT_3D('',#5171,#5172,#5173);
#5171 = CARTESIAN_POINT('',(-229.8097038856,-144.9568901432,18.));
#5172 = DIRECTION('',(0.,0.,1.));
#5173 = DIRECTION('',(-0.707106781187,-0.707106781187,0.));
#5174 = ADVANCED_FACE('',(#5175,#5193,#5204,#5215),#5226,.F.);
#5175 = FACE_BOUND('',#5176,.F.);
#5176 = EDGE_LOOP('',(#5177,#5178,#5179,#5187));
#5177 = ORIENTED_EDGE('',*,*,#5155,.F.);
#5178 = ORIENTED_EDGE('',*,*,#4971,.T.);
#5179 = ORIENTED_EDGE('',*,*,#5180,.T.);
#5180 = EDGE_CURVE('',#4964,#5181,#5183,.T.);
#5181 = VERTEX_POINT('',#5182);
#5182 = CARTESIAN_POINT('',(-190.2117241391,-212.8391411371,284.));
#5183 = LINE('',#5184,#5185);
#5184 = CARTESIAN_POINT('',(-175.3624817342,-197.9898987322,284.));
#5185 = VECTOR('',#5186,1.);
#5186 = DIRECTION('',(-0.707106781187,-0.707106781187,0.));
#5187 = ORIENTED_EDGE('',*,*,#5188,.F.);
#5188 = EDGE_CURVE('',#5156,#5181,#5189,.T.);
#5189 = LINE('',#5190,#5191);
#5190 = CARTESIAN_POINT('',(-190.2117241391,-212.8391411371,18.));
#5191 = VECTOR('',#5192,1.);
#5192 = DIRECTION('',(0.,0.,1.));
#5193 = FACE_BOUND('',#5194,.F.);
#5194 = EDGE_LOOP('',(#5195));
#5195 = ORIENTED_EDGE('',*,*,#5196,.F.);
#5196 = EDGE_CURVE('',#5197,#5197,#5199,.T.);
#5197 = VERTEX_POINT('',#5198);
#5198 = CARTESIAN_POINT('',(-183.1406563273,-205.7680733252,220.));
#5199 = CIRCLE('',#5200,3.);
#5200 = AXIS2_PLACEMENT_3D('',#5201,#5202,#5203);
#5201 = CARTESIAN_POINT('',(-183.1406563273,-205.7680733252,217.));
#5202 = DIRECTION('',(0.707106781187,-0.707106781187,0.));
#5203 = DIRECTION('',(0.,0.,1.));
#5204 = FACE_BOUND('',#5205,.F.);
#5205 = EDGE_LOOP('',(#5206));
#5206 = ORIENTED_EDGE('',*,*,#5207,.F.);
#5207 = EDGE_CURVE('',#5208,#5208,#5210,.T.);
#5208 = VERTEX_POINT('',#5209);
#5209 = CARTESIAN_POINT('',(-183.1406563273,-205.7680733252,248.));
#5210 = CIRCLE('',#5211,3.);
#5211 = AXIS2_PLACEMENT_3D('',#5212,#5213,#5214);
#5212 = CARTESIAN_POINT('',(-183.1406563273,-205.7680733252,245.));
#5213 = DIRECTION('',(0.707106781187,-0.707106781187,0.));
#5214 = DIRECTION('',(0.,0.,1.));
#5215 = FACE_BOUND('',#5216,.F.);
#5216 = EDGE_LOOP('',(#5217));
#5217 = ORIENTED_EDGE('',*,*,#5218,.F.);
#5218 = EDGE_CURVE('',#5219,#5219,#5221,.T.);
#5219 = VERTEX_POINT('',#5220);
#5220 = CARTESIAN_POINT('',(-183.1406563273,-205.7680733252,276.));
#5221 = CIRCLE('',#5222,3.);
#5222 = AXIS2_PLACEMENT_3D('',#5223,#5224,#5225);
#5223 = CARTESIAN_POINT('',(-183.1406563273,-205.7680733252,273.));
#5224 = DIRECTION('',(0.707106781187,-0.707106781187,0.));
#5225 = DIRECTION('',(0.,0.,1.));
#5226 = PLANE('',#5227);
#5227 = AXIS2_PLACEMENT_3D('',#5228,#5229,#5230);
#5228 = CARTESIAN_POINT('',(-175.3624817342,-197.9898987322,18.));
#5229 = DIRECTION('',(0.707106781187,-0.707106781187,0.));
#5230 = DIRECTION('',(0.,0.,1.));
#5231 = ADVANCED_FACE('',(#5232),#5250,.F.);
#5232 = FACE_BOUND('',#5233,.F.);
#5233 = EDGE_LOOP('',(#5234,#5235,#5236,#5244));
#5234 = ORIENTED_EDGE('',*,*,#5180,.F.);
#5235 = ORIENTED_EDGE('',*,*,#4963,.T.);
#5236 = ORIENTED_EDGE('',*,*,#5237,.T.);
#5237 = EDGE_CURVE('',#4956,#5238,#5240,.T.);
#5238 = VERTEX_POINT('',#5239);
#5239 = CARTESIAN_POINT('',(-212.8391411371,-190.2117241391,284.));
#5240 = LINE('',#5241,#5242);
#5241 = CARTESIAN_POINT('',(-197.9898987322,-175.3624817342,284.));
#5242 = VECTOR('',#5243,1.);
#5243 = DIRECTION('',(-0.707106781187,-0.707106781187,0.));
#5244 = ORIENTED_EDGE('',*,*,#5245,.F.);
#5245 = EDGE_CURVE('',#5181,#5238,#5246,.T.);
#5246 = LINE('',#5247,#5248);
#5247 = CARTESIAN_POINT('',(-228.3954903232,-174.655374953,284.));
#5248 = VECTOR('',#5249,1.);
#5249 = DIRECTION('',(-0.707106781187,0.707106781187,0.));
#5250 = PLANE('',#5251);
#5251 = AXIS2_PLACEMENT_3D('',#5252,#5253,#5254);
#5252 = CARTESIAN_POINT('',(-197.9898987322,-175.3624817342,284.));
#5253 = DIRECTION('',(0.,0.,1.));
#5254 = DIRECTION('',(-0.707106781187,-0.707106781187,0.));
#5255 = ADVANCED_FACE('',(#5256,#5274,#5285,#5296),#5307,.T.);
#5256 = FACE_BOUND('',#5257,.T.);
#5257 = EDGE_LOOP('',(#5258,#5266,#5267,#5268));
#5258 = ORIENTED_EDGE('',*,*,#5259,.F.);
#5259 = EDGE_CURVE('',#4948,#5260,#5262,.T.);
#5260 = VERTEX_POINT('',#5261);
#5261 = CARTESIAN_POINT('',(-212.8391411371,-190.2117241391,18.));
#5262 = LINE('',#5263,#5264);
#5263 = CARTESIAN_POINT('',(-197.9898987322,-175.3624817342,18.));
#5264 = VECTOR('',#5265,1.);
#5265 = DIRECTION('',(-0.707106781187,-0.707106781187,0.));
#5266 = ORIENTED_EDGE('',*,*,#4955,.T.);
#5267 = ORIENTED_EDGE('',*,*,#5237,.T.);
#5268 = ORIENTED_EDGE('',*,*,#5269,.F.);
#5269 = EDGE_CURVE('',#5260,#5238,#5270,.T.);
#5270 = LINE('',#5271,#5272);
#5271 = CARTESIAN_POINT('',(-212.8391411371,-190.2117241391,18.));
#5272 = VECTOR('',#5273,1.);
#5273 = DIRECTION('',(0.,0.,1.));
#5274 = FACE_BOUND('',#5275,.T.);
#5275 = EDGE_LOOP('',(#5276));
#5276 = ORIENTED_EDGE('',*,*,#5277,.F.);
#5277 = EDGE_CURVE('',#5278,#5278,#5280,.T.);
#5278 = VERTEX_POINT('',#5279);
#5279 = CARTESIAN_POINT('',(-205.7680733252,-183.1406563273,220.));
#5280 = CIRCLE('',#5281,3.);
#5281 = AXIS2_PLACEMENT_3D('',#5282,#5283,#5284);
#5282 = CARTESIAN_POINT('',(-205.7680733252,-183.1406563273,217.));
#5283 = DIRECTION('',(0.707106781187,-0.707106781187,0.));
#5284 = DIRECTION('',(0.,0.,1.));
#5285 = FACE_BOUND('',#5286,.T.);
#5286 = EDGE_LOOP('',(#5287));
#5287 = ORIENTED_EDGE('',*,*,#5288,.F.);
#5288 = EDGE_CURVE('',#5289,#5289,#5291,.T.);
#5289 = VERTEX_POINT('',#5290);
#5290 = CARTESIAN_POINT('',(-205.7680733252,-183.1406563273,248.));
#5291 = CIRCLE('',#5292,3.);
#5292 = AXIS2_PLACEMENT_3D('',#5293,#5294,#5295);
#5293 = CARTESIAN_POINT('',(-205.7680733252,-183.1406563273,245.));
#5294 = DIRECTION('',(0.707106781187,-0.707106781187,0.));
#5295 = DIRECTION('',(0.,0.,1.));
#5296 = FACE_BOUND('',#5297,.T.);
#5297 = EDGE_LOOP('',(#5298));
#5298 = ORIENTED_EDGE('',*,*,#5299,.F.);
#5299 = EDGE_CURVE('',#5300,#5300,#5302,.T.);
#5300 = VERTEX_POINT('',#5301);
#5301 = CARTESIAN_POINT('',(-205.7680733252,-183.1406563273,276.));
#5302 = CIRCLE('',#5303,3.);
#5303 = AXIS2_PLACEMENT_3D('',#5304,#5305,#5306);
#5304 = CARTESIAN_POINT('',(-205.7680733252,-183.1406563273,273.));
#5305 = DIRECTION('',(0.707106781187,-0.707106781187,0.));
#5306 = DIRECTION('',(0.,0.,1.));
#5307 = PLANE('',#5308);
#5308 = AXIS2_PLACEMENT_3D('',#5309,#5310,#5311);
#5309 = CARTESIAN_POINT('',(-197.9898987322,-175.3624817342,18.));
#5310 = DIRECTION('',(0.707106781187,-0.707106781187,0.));
#5311 = DIRECTION('',(0.,0.,1.));
#5312 = ADVANCED_FACE('',(#5313),#5324,.F.);
#5313 = FACE_BOUND('',#5314,.F.);
#5314 = EDGE_LOOP('',(#5315,#5316,#5317,#5323));
#5315 = ORIENTED_EDGE('',*,*,#4947,.F.);
#5316 = ORIENTED_EDGE('',*,*,#5009,.T.);
#5317 = ORIENTED_EDGE('',*,*,#5318,.T.);
#5318 = EDGE_CURVE('',#5010,#5260,#5319,.T.);
#5319 = LINE('',#5320,#5321);
#5320 = CARTESIAN_POINT('',(-243.9518395093,-159.0990257669,18.));
#5321 = VECTOR('',#5322,1.);
#5322 = DIRECTION('',(0.707106781187,-0.707106781187,0.));
#5323 = ORIENTED_EDGE('',*,*,#5259,.F.);
#5324 = PLANE('',#5325);
#5325 = AXIS2_PLACEMENT_3D('',#5326,#5327,#5328);
#5326 = CARTESIAN_POINT('',(-229.8097038856,-144.9568901432,18.));
#5327 = DIRECTION('',(0.,0.,1.));
#5328 = DIRECTION('',(-0.707106781187,-0.707106781187,0.));
#5329 = ADVANCED_FACE('',(#5330),#5340,.T.);
#5330 = FACE_BOUND('',#5331,.T.);
#5331 = EDGE_LOOP('',(#5332,#5333,#5334,#5335,#5336,#5337,#5338,#5339));
#5332 = ORIENTED_EDGE('',*,*,#5026,.F.);
#5333 = ORIENTED_EDGE('',*,*,#5318,.T.);
#5334 = ORIENTED_EDGE('',*,*,#5269,.T.);
#5335 = ORIENTED_EDGE('',*,*,#5245,.F.);
#5336 = ORIENTED_EDGE('',*,*,#5188,.F.);
#5337 = ORIENTED_EDGE('',*,*,#5163,.T.);
#5338 = ORIENTED_EDGE('',*,*,#5107,.T.);
#5339 = ORIENTED_EDGE('',*,*,#5075,.F.);
#5340 = PLANE('',#5341);
#5341 = AXIS2_PLACEMENT_3D('',#5342,#5343,#5344);
#5342 = CARTESIAN_POINT('',(-243.9518395093,-159.0990257669,18.));
#5343 = DIRECTION('',(-0.707106781187,-0.707106781187,0.));
#5344 = DIRECTION('',(0.,0.,1.));
#5345 = ADVANCED_FACE('',(#5346),#5357,.F.);
#5346 = FACE_BOUND('',#5347,.F.);
#5347 = EDGE_LOOP('',(#5348,#5349,#5355,#5356));
#5348 = ORIENTED_EDGE('',*,*,#5277,.F.);
#5349 = ORIENTED_EDGE('',*,*,#5350,.F.);
#5350 = EDGE_CURVE('',#5035,#5278,#5351,.T.);
#5351 = LINE('',#5352,#5353);
#5352 = CARTESIAN_POINT('',(-236.8807716974,-152.0279579551,220.));
#5353 = VECTOR('',#5354,1.);
#5354 = DIRECTION('',(0.707106781187,-0.707106781187,0.));
#5355 = ORIENTED_EDGE('',*,*,#5034,.T.);
#5356 = ORIENTED_EDGE('',*,*,#5350,.T.);
#5357 = CYLINDRICAL_SURFACE('',#5358,3.);
#5358 = AXIS2_PLACEMENT_3D('',#5359,#5360,#5361);
#5359 = CARTESIAN_POINT('',(-236.8807716974,-152.0279579551,217.));
#5360 = DIRECTION('',(0.707106781187,-0.707106781187,0.));
#5361 = DIRECTION('',(0.,0.,1.));
#5362 = ADVANCED_FACE('',(#5363),#5374,.F.);
#5363 = FACE_BOUND('',#5364,.F.);
#5364 = EDGE_LOOP('',(#5365,#5366,#5372,#5373));
#5365 = ORIENTED_EDGE('',*,*,#5288,.F.);
#5366 = ORIENTED_EDGE('',*,*,#5367,.F.);
#5367 = EDGE_CURVE('',#5046,#5289,#5368,.T.);
#5368 = LINE('',#5369,#5370);
#5369 = CARTESIAN_POINT('',(-236.8807716974,-152.0279579551,248.));
#5370 = VECTOR('',#5371,1.);
#5371 = DIRECTION('',(0.707106781187,-0.707106781187,0.));
#5372 = ORIENTED_EDGE('',*,*,#5045,.T.);
#5373 = ORIENTED_EDGE('',*,*,#5367,.T.);
#5374 = CYLINDRICAL_SURFACE('',#5375,3.);
#5375 = AXIS2_PLACEMENT_3D('',#5376,#5377,#5378);
#5376 = CARTESIAN_POINT('',(-236.8807716974,-152.0279579551,245.));
#5377 = DIRECTION('',(0.707106781187,-0.707106781187,0.));
#5378 = DIRECTION('',(0.,0.,1.));
#5379 = ADVANCED_FACE('',(#5380),#5391,.F.);
#5380 = FACE_BOUND('',#5381,.F.);
#5381 = EDGE_LOOP('',(#5382,#5383,#5389,#5390));
#5382 = ORIENTED_EDGE('',*,*,#5299,.F.);
#5383 = ORIENTED_EDGE('',*,*,#5384,.F.);
#5384 = EDGE_CURVE('',#5057,#5300,#5385,.T.);
#5385 = LINE('',#5386,#5387);
#5386 = CARTESIAN_POINT('',(-236.8807716974,-152.0279579551,276.));
#5387 = VECTOR('',#5388,1.);
#5388 = DIRECTION('',(0.707106781187,-0.707106781187,0.));
#5389 = ORIENTED_EDGE('',*,*,#5056,.T.);
#5390 = ORIENTED_EDGE('',*,*,#5384,.T.);
#5391 = CYLINDRICAL_SURFACE('',#5392,3.);
#5392 = AXIS2_PLACEMENT_3D('',#5393,#5394,#5395);
#5393 = CARTESIAN_POINT('',(-236.8807716974,-152.0279579551,273.));
#5394 = DIRECTION('',(0.707106781187,-0.707106781187,0.));
#5395 = DIRECTION('',(0.,0.,1.));
#5396 = ADVANCED_FACE('',(#5397),#5408,.F.);
#5397 = FACE_BOUND('',#5398,.F.);
#5398 = EDGE_LOOP('',(#5399,#5405,#5406,#5407));
#5399 = ORIENTED_EDGE('',*,*,#5400,.T.);
#5400 = EDGE_CURVE('',#5197,#5116,#5401,.T.);
#5401 = LINE('',#5402,#5403);
#5402 = CARTESIAN_POINT('',(-236.8807716974,-152.0279579551,220.));
#5403 = VECTOR('',#5404,1.);
#5404 = DIRECTION('',(0.707106781187,-0.707106781187,0.));
#5405 = ORIENTED_EDGE('',*,*,#5115,.F.);
#5406 = ORIENTED_EDGE('',*,*,#5400,.F.);
#5407 = ORIENTED_EDGE('',*,*,#5196,.T.);
#5408 = CYLINDRICAL_SURFACE('',#5409,3.);
#5409 = AXIS2_PLACEMENT_3D('',#5410,#5411,#5412);
#5410 = CARTESIAN_POINT('',(-236.8807716974,-152.0279579551,217.));
#5411 = DIRECTION('',(0.707106781187,-0.707106781187,0.));
#5412 = DIRECTION('',(0.,0.,1.));
#5413 = ADVANCED_FACE('',(#5414),#5425,.F.);
#5414 = FACE_BOUND('',#5415,.F.);
#5415 = EDGE_LOOP('',(#5416,#5422,#5423,#5424));
#5416 = ORIENTED_EDGE('',*,*,#5417,.T.);
#5417 = EDGE_CURVE('',#5208,#5127,#5418,.T.);
#5418 = LINE('',#5419,#5420);
#5419 = CARTESIAN_POINT('',(-236.8807716974,-152.0279579551,248.));
#5420 = VECTOR('',#5421,1.);
#5421 = DIRECTION('',(0.707106781187,-0.707106781187,0.));
#5422 = ORIENTED_EDGE('',*,*,#5126,.F.);
#5423 = ORIENTED_EDGE('',*,*,#5417,.F.);
#5424 = ORIENTED_EDGE('',*,*,#5207,.T.);
#5425 = CYLINDRICAL_SURFACE('',#5426,3.);
#5426 = AXIS2_PLACEMENT_3D('',#5427,#5428,#5429);
#5427 = CARTESIAN_POINT('',(-236.8807716974,-152.0279579551,245.));
#5428 = DIRECTION('',(0.707106781187,-0.707106781187,0.));
#5429 = DIRECTION('',(0.,0.,1.));
#5430 = ADVANCED_FACE('',(#5431),#5442,.F.);
#5431 = FACE_BOUND('',#5432,.F.);
#5432 = EDGE_LOOP('',(#5433,#5439,#5440,#5441));
#5433 = ORIENTED_EDGE('',*,*,#5434,.T.);
#5434 = EDGE_CURVE('',#5219,#5138,#5435,.T.);
#5435 = LINE('',#5436,#5437);
#5436 = CARTESIAN_POINT('',(-236.8807716974,-152.0279579551,276.));
#5437 = VECTOR('',#5438,1.);
#5438 = DIRECTION('',(0.707106781187,-0.707106781187,0.));
#5439 = ORIENTED_EDGE('',*,*,#5137,.F.);
#5440 = ORIENTED_EDGE('',*,*,#5434,.F.);
#5441 = ORIENTED_EDGE('',*,*,#5218,.T.);
#5442 = CYLINDRICAL_SURFACE('',#5443,3.);
#5443 = AXIS2_PLACEMENT_3D('',#5444,#5445,#5446);
#5444 = CARTESIAN_POINT('',(-236.8807716974,-152.0279579551,273.));
#5445 = DIRECTION('',(0.707106781187,-0.707106781187,0.));
#5446 = DIRECTION('',(0.,0.,1.));
#5447 = ( GEOMETRIC_REPRESENTATION_CONTEXT(3) 
GLOBAL_UNCERTAINTY_ASSIGNED_CONTEXT((#5451)) 
GLOBAL_UNIT_ASSIGNED_CONTEXT((#5448,#5449,#5450)) REPRESENTATION_CONTEXT
('Context #1','3D Context with UNIT and UNCERTAINTY') );
#5448 = ( LENGTH_UNIT() NAMED_UNIT(*) SI_UNIT(.MILLI.,.METRE.) );
#5449 = ( NAMED_UNIT(*) PLANE_ANGLE_UNIT() SI_UNIT($,.RADIAN.) );
#5450 = ( NAMED_UNIT(*) SI_UNIT($,.STERADIAN.) SOLID_ANGLE_UNIT() );
#5451 = UNCERTAINTY_MEASURE_WITH_UNIT(LENGTH_MEASURE(1.E-07),#5448,
  'distance_accuracy_value','confusion accuracy');
#5452 = CONTEXT_DEPENDENT_SHAPE_REPRESENTATION(#5453,#5455);
#5453 = ( REPRESENTATION_RELATIONSHIP('','',#4930,#10) 
REPRESENTATION_RELATIONSHIP_WITH_TRANSFORMATION(#5454) 
SHAPE_REPRESENTATION_RELATIONSHIP() );
#5454 = ITEM_DEFINED_TRANSFORMATION('','',#11,#95);
#5455 = PRODUCT_DEFINITION_SHAPE('Placement','Placement of an item',
  #5456);
#5456 = NEXT_ASSEMBLY_USAGE_OCCURRENCE('21',
  'P21 Arched blade 225 / maple segment 1','',#5,#4925,$);
#5457 = PRODUCT_RELATED_PRODUCT_CATEGORY('part',$,(#4927));
#5458 = SHAPE_DEFINITION_REPRESENTATION(#5459,#5465);
#5459 = PRODUCT_DEFINITION_SHAPE('','',#5460);
#5460 = PRODUCT_DEFINITION('design','',#5461,#5464);
#5461 = PRODUCT_DEFINITION_FORMATION('','',#5462);
#5462 = PRODUCT('P22 Arched blade 225 / maple segment 2',
  'P22 Arched blade 225 / maple segment 2','',(#5463));
#5463 = PRODUCT_CONTEXT('',#2,'mechanical');
#5464 = PRODUCT_DEFINITION_CONTEXT('part definition',#2,'design');
#5465 = ADVANCED_BREP_SHAPE_REPRESENTATION('',(#11,#5466),#5616);
#5466 = MANIFOLD_SOLID_BREP('',#5467);
#5467 = CLOSED_SHELL('',(#5468,#5508,#5539,#5563,#5587,#5604));
#5468 = ADVANCED_FACE('',(#5469),#5503,.F.);
#5469 = FACE_BOUND('',#5470,.F.);
#5470 = EDGE_LOOP('',(#5471,#5481,#5489,#5497));
#5471 = ORIENTED_EDGE('',*,*,#5472,.F.);
#5472 = EDGE_CURVE('',#5473,#5475,#5477,.T.);
#5473 = VERTEX_POINT('',#5474);
#5474 = CARTESIAN_POINT('',(-229.8097038856,-144.9568901432,
    367.90524980688));
#5475 = VERTEX_POINT('',#5476);
#5476 = CARTESIAN_POINT('',(-229.8097038856,-144.9568901432,
    381.90524980688));
#5477 = LINE('',#5478,#5479);
#5478 = CARTESIAN_POINT('',(-229.8097038856,-144.9568901432,18.));
#5479 = VECTOR('',#5480,1.);
#5480 = DIRECTION('',(0.,0.,1.));
#5481 = ORIENTED_EDGE('',*,*,#5482,.T.);
#5482 = EDGE_CURVE('',#5473,#5483,#5485,.T.);
#5483 = VERTEX_POINT('',#5484);
#5484 = CARTESIAN_POINT('',(-144.9568901432,-229.8097038856,
    367.90524980688));
#5485 = LINE('',#5486,#5487);
#5486 = CARTESIAN_POINT('',(-229.8097038856,-144.9568901432,
    367.90524980688));
#5487 = VECTOR('',#5488,1.);
#5488 = DIRECTION('',(0.707106781187,-0.707106781187,0.));
#5489 = ORIENTED_EDGE('',*,*,#5490,.T.);
#5490 = EDGE_CURVE('',#5483,#5491,#5493,.T.);
#5491 = VERTEX_POINT('',#5492);
#5492 = CARTESIAN_POINT('',(-144.9568901432,-229.8097038856,
    381.90524980688));
#5493 = LINE('',#5494,#5495);
#5494 = CARTESIAN_POINT('',(-144.9568901432,-229.8097038856,18.));
#5495 = VECTOR('',#5496,1.);
#5496 = DIRECTION('',(0.,0.,1.));
#5497 = ORIENTED_EDGE('',*,*,#5498,.F.);
#5498 = EDGE_CURVE('',#5475,#5491,#5499,.T.);
#5499 = LINE('',#5500,#5501);
#5500 = CARTESIAN_POINT('',(-229.8097038856,-144.9568901432,
    381.90524980688));
#5501 = VECTOR('',#5502,1.);
#5502 = DIRECTION('',(0.707106781187,-0.707106781187,0.));
#5503 = PLANE('',#5504);
#5504 = AXIS2_PLACEMENT_3D('',#5505,#5506,#5507);
#5505 = CARTESIAN_POINT('',(-229.8097038856,-144.9568901432,18.));
#5506 = DIRECTION('',(-0.707106781187,-0.707106781187,0.));
#5507 = DIRECTION('',(0.,0.,1.));
#5508 = ADVANCED_FACE('',(#5509),#5534,.F.);
#5509 = FACE_BOUND('',#5510,.F.);
#5510 = EDGE_LOOP('',(#5511,#5519,#5520,#5528));
#5511 = ORIENTED_EDGE('',*,*,#5512,.F.);
#5512 = EDGE_CURVE('',#5473,#5513,#5515,.T.);
#5513 = VERTEX_POINT('',#5514);
#5514 = CARTESIAN_POINT('',(-243.9518395093,-159.0990257669,
    367.90524980688));
#5515 = LINE('',#5516,#5517);
#5516 = CARTESIAN_POINT('',(-229.8097038856,-144.9568901432,
    367.90524980688));
#5517 = VECTOR('',#5518,1.);
#5518 = DIRECTION('',(-0.707106781187,-0.707106781187,0.));
#5519 = ORIENTED_EDGE('',*,*,#5472,.T.);
#5520 = ORIENTED_EDGE('',*,*,#5521,.T.);
#5521 = EDGE_CURVE('',#5475,#5522,#5524,.T.);
#5522 = VERTEX_POINT('',#5523);
#5523 = CARTESIAN_POINT('',(-243.9518395093,-159.0990257669,
    381.90524980688));
#5524 = LINE('',#5525,#5526);
#5525 = CARTESIAN_POINT('',(-229.8097038856,-144.9568901432,
    381.90524980688));
#5526 = VECTOR('',#5527,1.);
#5527 = DIRECTION('',(-0.707106781187,-0.707106781187,0.));
#5528 = ORIENTED_EDGE('',*,*,#5529,.F.);
#5529 = EDGE_CURVE('',#5513,#5522,#5530,.T.);
#5530 = LINE('',#5531,#5532);
#5531 = CARTESIAN_POINT('',(-243.9518395093,-159.0990257669,18.));
#5532 = VECTOR('',#5533,1.);
#5533 = DIRECTION('',(0.,0.,1.));
#5534 = PLANE('',#5535);
#5535 = AXIS2_PLACEMENT_3D('',#5536,#5537,#5538);
#5536 = CARTESIAN_POINT('',(-229.8097038856,-144.9568901432,18.));
#5537 = DIRECTION('',(0.707106781187,-0.707106781187,0.));
#5538 = DIRECTION('',(0.,0.,1.));
#5539 = ADVANCED_FACE('',(#5540),#5558,.T.);
#5540 = FACE_BOUND('',#5541,.T.);
#5541 = EDGE_LOOP('',(#5542,#5543,#5544,#5552));
#5542 = ORIENTED_EDGE('',*,*,#5498,.F.);
#5543 = ORIENTED_EDGE('',*,*,#5521,.T.);
#5544 = ORIENTED_EDGE('',*,*,#5545,.T.);
#5545 = EDGE_CURVE('',#5522,#5546,#5548,.T.);
#5546 = VERTEX_POINT('',#5547);
#5547 = CARTESIAN_POINT('',(-159.0990257669,-243.9518395093,
    381.90524980688));
#5548 = LINE('',#5549,#5550);
#5549 = CARTESIAN_POINT('',(-243.9518395093,-159.0990257669,
    381.90524980688));
#5550 = VECTOR('',#5551,1.);
#5551 = DIRECTION('',(0.707106781187,-0.707106781187,0.));
#5552 = ORIENTED_EDGE('',*,*,#5553,.F.);
#5553 = EDGE_CURVE('',#5491,#5546,#5554,.T.);
#5554 = LINE('',#5555,#5556);
#5555 = CARTESIAN_POINT('',(-144.9568901432,-229.8097038856,
    381.90524980688));
#5556 = VECTOR('',#5557,1.);
#5557 = DIRECTION('',(-0.707106781187,-0.707106781187,0.));
#5558 = PLANE('',#5559);
#5559 = AXIS2_PLACEMENT_3D('',#5560,#5561,#5562);
#5560 = CARTESIAN_POINT('',(-229.8097038856,-144.9568901432,
    381.90524980688));
#5561 = DIRECTION('',(0.,0.,1.));
#5562 = DIRECTION('',(-0.707106781187,-0.707106781187,0.));
#5563 = ADVANCED_FACE('',(#5564),#5582,.T.);
#5564 = FACE_BOUND('',#5565,.T.);
#5565 = EDGE_LOOP('',(#5566,#5574,#5575,#5576));
#5566 = ORIENTED_EDGE('',*,*,#5567,.F.);
#5567 = EDGE_CURVE('',#5483,#5568,#5570,.T.);
#5568 = VERTEX_POINT('',#5569);
#5569 = CARTESIAN_POINT('',(-159.0990257669,-243.9518395093,
    367.90524980688));
#5570 = LINE('',#5571,#5572);
#5571 = CARTESIAN_POINT('',(-144.9568901432,-229.8097038856,
    367.90524980688));
#5572 = VECTOR('',#5573,1.);
#5573 = DIRECTION('',(-0.707106781187,-0.707106781187,0.));
#5574 = ORIENTED_EDGE('',*,*,#5490,.T.);
#5575 = ORIENTED_EDGE('',*,*,#5553,.T.);
#5576 = ORIENTED_EDGE('',*,*,#5577,.F.);
#5577 = EDGE_CURVE('',#5568,#5546,#5578,.T.);
#5578 = LINE('',#5579,#5580);
#5579 = CARTESIAN_POINT('',(-159.0990257669,-243.9518395093,18.));
#5580 = VECTOR('',#5581,1.);
#5581 = DIRECTION('',(0.,0.,1.));
#5582 = PLANE('',#5583);
#5583 = AXIS2_PLACEMENT_3D('',#5584,#5585,#5586);
#5584 = CARTESIAN_POINT('',(-144.9568901432,-229.8097038856,18.));
#5585 = DIRECTION('',(0.707106781187,-0.707106781187,0.));
#5586 = DIRECTION('',(0.,0.,1.));
#5587 = ADVANCED_FACE('',(#5588),#5599,.F.);
#5588 = FACE_BOUND('',#5589,.F.);
#5589 = EDGE_LOOP('',(#5590,#5591,#5592,#5598));
#5590 = ORIENTED_EDGE('',*,*,#5482,.F.);
#5591 = ORIENTED_EDGE('',*,*,#5512,.T.);
#5592 = ORIENTED_EDGE('',*,*,#5593,.T.);
#5593 = EDGE_CURVE('',#5513,#5568,#5594,.T.);
#5594 = LINE('',#5595,#5596);
#5595 = CARTESIAN_POINT('',(-243.9518395093,-159.0990257669,
    367.90524980688));
#5596 = VECTOR('',#5597,1.);
#5597 = DIRECTION('',(0.707106781187,-0.707106781187,0.));
#5598 = ORIENTED_EDGE('',*,*,#5567,.F.);
#5599 = PLANE('',#5600);
#5600 = AXIS2_PLACEMENT_3D('',#5601,#5602,#5603);
#5601 = CARTESIAN_POINT('',(-229.8097038856,-144.9568901432,
    367.90524980688));
#5602 = DIRECTION('',(0.,0.,1.));
#5603 = DIRECTION('',(-0.707106781187,-0.707106781187,0.));
#5604 = ADVANCED_FACE('',(#5605),#5611,.T.);
#5605 = FACE_BOUND('',#5606,.T.);
#5606 = EDGE_LOOP('',(#5607,#5608,#5609,#5610));
#5607 = ORIENTED_EDGE('',*,*,#5529,.F.);
#5608 = ORIENTED_EDGE('',*,*,#5593,.T.);
#5609 = ORIENTED_EDGE('',*,*,#5577,.T.);
#5610 = ORIENTED_EDGE('',*,*,#5545,.F.);
#5611 = PLANE('',#5612);
#5612 = AXIS2_PLACEMENT_3D('',#5613,#5614,#5615);
#5613 = CARTESIAN_POINT('',(-243.9518395093,-159.0990257669,18.));
#5614 = DIRECTION('',(-0.707106781187,-0.707106781187,0.));
#5615 = DIRECTION('',(0.,0.,1.));
#5616 = ( GEOMETRIC_REPRESENTATION_CONTEXT(3) 
GLOBAL_UNCERTAINTY_ASSIGNED_CONTEXT((#5620)) 
GLOBAL_UNIT_ASSIGNED_CONTEXT((#5617,#5618,#5619)) REPRESENTATION_CONTEXT
('Context #1','3D Context with UNIT and UNCERTAINTY') );
#5617 = ( LENGTH_UNIT() NAMED_UNIT(*) SI_UNIT(.MILLI.,.METRE.) );
#5618 = ( NAMED_UNIT(*) PLANE_ANGLE_UNIT() SI_UNIT($,.RADIAN.) );
#5619 = ( NAMED_UNIT(*) SI_UNIT($,.STERADIAN.) SOLID_ANGLE_UNIT() );
#5620 = UNCERTAINTY_MEASURE_WITH_UNIT(LENGTH_MEASURE(1.E-07),#5617,
  'distance_accuracy_value','confusion accuracy');
#5621 = CONTEXT_DEPENDENT_SHAPE_REPRESENTATION(#5622,#5624);
#5622 = ( REPRESENTATION_RELATIONSHIP('','',#5465,#10) 
REPRESENTATION_RELATIONSHIP_WITH_TRANSFORMATION(#5623) 
SHAPE_REPRESENTATION_RELATIONSHIP() );
#5623 = ITEM_DEFINED_TRANSFORMATION('','',#11,#99);
#5624 = PRODUCT_DEFINITION_SHAPE('Placement','Placement of an item',
  #5625);
#5625 = NEXT_ASSEMBLY_USAGE_OCCURRENCE('22',
  'P22 Arched blade 225 / maple segment 2','',#5,#5460,$);
#5626 = PRODUCT_RELATED_PRODUCT_CATEGORY('part',$,(#5462));
#5627 = SHAPE_DEFINITION_REPRESENTATION(#5628,#5634);
#5628 = PRODUCT_DEFINITION_SHAPE('','',#5629);
#5629 = PRODUCT_DEFINITION('design','',#5630,#5633);
#5630 = PRODUCT_DEFINITION_FORMATION('','',#5631);
#5631 = PRODUCT('P23 Arched blade 225 / maple segment 3',
  'P23 Arched blade 225 / maple segment 3','',(#5632));
#5632 = PRODUCT_CONTEXT('',#2,'mechanical');
#5633 = PRODUCT_DEFINITION_CONTEXT('part definition',#2,'design');
#5634 = ADVANCED_BREP_SHAPE_REPRESENTATION('',(#11,#5635),#5855);
#5635 = MANIFOLD_SOLID_BREP('',#5636);
#5636 = CLOSED_SHELL('',(#5637,#5677,#5708,#5739,#5772,#5805,#5827,#5841
    ));
#5637 = ADVANCED_FACE('',(#5638),#5672,.T.);
#5638 = FACE_BOUND('',#5639,.T.);
#5639 = EDGE_LOOP('',(#5640,#5650,#5658,#5666));
#5640 = ORIENTED_EDGE('',*,*,#5641,.F.);
#5641 = EDGE_CURVE('',#5642,#5644,#5646,.T.);
#5642 = VERTEX_POINT('',#5643);
#5643 = CARTESIAN_POINT('',(-144.9568901432,-229.8097038856,
    395.90524980688));
#5644 = VERTEX_POINT('',#5645);
#5645 = CARTESIAN_POINT('',(-159.0990257669,-243.9518395093,
    395.90524980688));
#5646 = LINE('',#5647,#5648);
#5647 = CARTESIAN_POINT('',(-144.9568901432,-229.8097038856,
    395.90524980688));
#5648 = VECTOR('',#5649,1.);
#5649 = DIRECTION('',(-0.707106781187,-0.707106781187,0.));
#5650 = ORIENTED_EDGE('',*,*,#5651,.T.);
#5651 = EDGE_CURVE('',#5642,#5652,#5654,.T.);
#5652 = VERTEX_POINT('',#5653);
#5653 = CARTESIAN_POINT('',(-144.9568901432,-229.8097038856,
    471.90524980688));
#5654 = LINE('',#5655,#5656);
#5655 = CARTESIAN_POINT('',(-144.9568901432,-229.8097038856,18.));
#5656 = VECTOR('',#5657,1.);
#5657 = DIRECTION('',(0.,0.,1.));
#5658 = ORIENTED_EDGE('',*,*,#5659,.T.);
#5659 = EDGE_CURVE('',#5652,#5660,#5662,.T.);
#5660 = VERTEX_POINT('',#5661);
#5661 = CARTESIAN_POINT('',(-159.0990257669,-243.9518395093,
    471.90524980688));
#5662 = LINE('',#5663,#5664);
#5663 = CARTESIAN_POINT('',(-144.9568901432,-229.8097038856,
    471.90524980688));
#5664 = VECTOR('',#5665,1.);
#5665 = DIRECTION('',(-0.707106781187,-0.707106781187,0.));
#5666 = ORIENTED_EDGE('',*,*,#5667,.F.);
#5667 = EDGE_CURVE('',#5644,#5660,#5668,.T.);
#5668 = LINE('',#5669,#5670);
#5669 = CARTESIAN_POINT('',(-159.0990257669,-243.9518395093,18.));
#5670 = VECTOR('',#5671,1.);
#5671 = DIRECTION('',(0.,0.,1.));
#5672 = PLANE('',#5673);
#5673 = AXIS2_PLACEMENT_3D('',#5674,#5675,#5676);
#5674 = CARTESIAN_POINT('',(-144.9568901432,-229.8097038856,18.));
#5675 = DIRECTION('',(0.707106781187,-0.707106781187,0.));
#5676 = DIRECTION('',(0.,0.,1.));
#5677 = ADVANCED_FACE('',(#5678),#5703,.F.);
#5678 = FACE_BOUND('',#5679,.F.);
#5679 = EDGE_LOOP('',(#5680,#5688,#5696,#5702));
#5680 = ORIENTED_EDGE('',*,*,#5681,.F.);
#5681 = EDGE_CURVE('',#5682,#5642,#5684,.T.);
#5682 = VERTEX_POINT('',#5683);
#5683 = CARTESIAN_POINT('',(-229.8097038856,-144.9568901432,
    395.90524980688));
#5684 = LINE('',#5685,#5686);
#5685 = CARTESIAN_POINT('',(-229.8097038856,-144.9568901432,
    395.90524980688));
#5686 = VECTOR('',#5687,1.);
#5687 = DIRECTION('',(0.707106781187,-0.707106781187,0.));
#5688 = ORIENTED_EDGE('',*,*,#5689,.T.);
#5689 = EDGE_CURVE('',#5682,#5690,#5692,.T.);
#5690 = VERTEX_POINT('',#5691);
#5691 = CARTESIAN_POINT('',(-243.9518395093,-159.0990257669,
    395.90524980688));
#5692 = LINE('',#5693,#5694);
#5693 = CARTESIAN_POINT('',(-229.8097038856,-144.9568901432,
    395.90524980688));
#5694 = VECTOR('',#5695,1.);
#5695 = DIRECTION('',(-0.707106781187,-0.707106781187,0.));
#5696 = ORIENTED_EDGE('',*,*,#5697,.T.);
#5697 = EDGE_CURVE('',#5690,#5644,#5698,.T.);
#5698 = LINE('',#5699,#5700);
#5699 = CARTESIAN_POINT('',(-243.9518395093,-159.0990257669,
    395.90524980688));
#5700 = VECTOR('',#5701,1.);
#5701 = DIRECTION('',(0.707106781187,-0.707106781187,0.));
#5702 = ORIENTED_EDGE('',*,*,#5641,.F.);
#5703 = PLANE('',#5704);
#5704 = AXIS2_PLACEMENT_3D('',#5705,#5706,#5707);
#5705 = CARTESIAN_POINT('',(-229.8097038856,-144.9568901432,
    395.90524980688));
#5706 = DIRECTION('',(0.,0.,1.));
#5707 = DIRECTION('',(-0.707106781187,-0.707106781187,0.));
#5708 = ADVANCED_FACE('',(#5709),#5734,.F.);
#5709 = FACE_BOUND('',#5710,.F.);
#5710 = EDGE_LOOP('',(#5711,#5712,#5720,#5728));
#5711 = ORIENTED_EDGE('',*,*,#5689,.F.);
#5712 = ORIENTED_EDGE('',*,*,#5713,.T.);
#5713 = EDGE_CURVE('',#5682,#5714,#5716,.T.);
#5714 = VERTEX_POINT('',#5715);
#5715 = CARTESIAN_POINT('',(-229.8097038856,-144.9568901432,
    471.90524980688));
#5716 = LINE('',#5717,#5718);
#5717 = CARTESIAN_POINT('',(-229.8097038856,-144.9568901432,18.));
#5718 = VECTOR('',#5719,1.);
#5719 = DIRECTION('',(0.,0.,1.));
#5720 = ORIENTED_EDGE('',*,*,#5721,.T.);
#5721 = EDGE_CURVE('',#5714,#5722,#5724,.T.);
#5722 = VERTEX_POINT('',#5723);
#5723 = CARTESIAN_POINT('',(-243.9518395093,-159.0990257669,
    471.90524980688));
#5724 = LINE('',#5725,#5726);
#5725 = CARTESIAN_POINT('',(-229.8097038856,-144.9568901432,
    471.90524980688));
#5726 = VECTOR('',#5727,1.);
#5727 = DIRECTION('',(-0.707106781187,-0.707106781187,0.));
#5728 = ORIENTED_EDGE('',*,*,#5729,.F.);
#5729 = EDGE_CURVE('',#5690,#5722,#5730,.T.);
#5730 = LINE('',#5731,#5732);
#5731 = CARTESIAN_POINT('',(-243.9518395093,-159.0990257669,18.));
#5732 = VECTOR('',#5733,1.);
#5733 = DIRECTION('',(0.,0.,1.));
#5734 = PLANE('',#5735);
#5735 = AXIS2_PLACEMENT_3D('',#5736,#5737,#5738);
#5736 = CARTESIAN_POINT('',(-229.8097038856,-144.9568901432,18.));
#5737 = DIRECTION('',(0.707106781187,-0.707106781187,0.));
#5738 = DIRECTION('',(0.,0.,1.));
#5739 = ADVANCED_FACE('',(#5740),#5767,.T.);
#5740 = FACE_BOUND('',#5741,.T.);
#5741 = EDGE_LOOP('',(#5742,#5751,#5759,#5766));
#5742 = ORIENTED_EDGE('',*,*,#5743,.F.);
#5743 = EDGE_CURVE('',#5744,#5722,#5746,.T.);
#5744 = VERTEX_POINT('',#5745);
#5745 = CARTESIAN_POINT('',(-212.1320343559,-190.9188309203,530.));
#5746 = CIRCLE('',#5747,60.);
#5747 = AXIS2_PLACEMENT_3D('',#5748,#5749,#5750);
#5748 = CARTESIAN_POINT('',(-201.5254326381,-201.5254326381,
    471.90524980688));
#5749 = DIRECTION('',(-0.707106781187,-0.707106781187,0.));
#5750 = DIRECTION('',(0.,0.,1.));
#5751 = ORIENTED_EDGE('',*,*,#5752,.F.);
#5752 = EDGE_CURVE('',#5753,#5744,#5755,.T.);
#5753 = VERTEX_POINT('',#5754);
#5754 = CARTESIAN_POINT('',(-197.9898987322,-176.7766952966,530.));
#5755 = LINE('',#5756,#5757);
#5756 = CARTESIAN_POINT('',(-197.9898987322,-176.7766952966,530.));
#5757 = VECTOR('',#5758,1.);
#5758 = DIRECTION('',(-0.707106781187,-0.707106781187,0.));
#5759 = ORIENTED_EDGE('',*,*,#5760,.T.);
#5760 = EDGE_CURVE('',#5753,#5714,#5761,.T.);
#5761 = CIRCLE('',#5762,60.);
#5762 = AXIS2_PLACEMENT_3D('',#5763,#5764,#5765);
#5763 = CARTESIAN_POINT('',(-187.3832970144,-187.3832970144,
    471.90524980688));
#5764 = DIRECTION('',(-0.707106781187,-0.707106781187,0.));
#5765 = DIRECTION('',(0.,0.,1.));
#5766 = ORIENTED_EDGE('',*,*,#5721,.T.);
#5767 = CYLINDRICAL_SURFACE('',#5768,60.);
#5768 = AXIS2_PLACEMENT_3D('',#5769,#5770,#5771);
#5769 = CARTESIAN_POINT('',(-187.3832970144,-187.3832970144,
    471.90524980688));
#5770 = DIRECTION('',(-0.707106781187,-0.707106781187,0.));
#5771 = DIRECTION('',(0.,0.,1.));
#5772 = ADVANCED_FACE('',(#5773),#5800,.T.);
#5773 = FACE_BOUND('',#5774,.T.);
#5774 = EDGE_LOOP('',(#5775,#5785,#5792,#5793));
#5775 = ORIENTED_EDGE('',*,*,#5776,.T.);
#5776 = EDGE_CURVE('',#5777,#5779,#5781,.T.);
#5777 = VERTEX_POINT('',#5778);
#5778 = CARTESIAN_POINT('',(-176.7766952966,-197.9898987322,530.));
#5779 = VERTEX_POINT('',#5780);
#5780 = CARTESIAN_POINT('',(-190.9188309203,-212.1320343559,530.));
#5781 = LINE('',#5782,#5783);
#5782 = CARTESIAN_POINT('',(-176.7766952966,-197.9898987322,530.));
#5783 = VECTOR('',#5784,1.);
#5784 = DIRECTION('',(-0.707106781187,-0.707106781187,0.));
#5785 = ORIENTED_EDGE('',*,*,#5786,.F.);
#5786 = EDGE_CURVE('',#5660,#5779,#5787,.T.);
#5787 = CIRCLE('',#5788,60.);
#5788 = AXIS2_PLACEMENT_3D('',#5789,#5790,#5791);
#5789 = CARTESIAN_POINT('',(-201.5254326381,-201.5254326381,
    471.90524980688));
#5790 = DIRECTION('',(-0.707106781187,-0.707106781187,0.));
#5791 = DIRECTION('',(0.,0.,1.));
#5792 = ORIENTED_EDGE('',*,*,#5659,.F.);
#5793 = ORIENTED_EDGE('',*,*,#5794,.T.);
#5794 = EDGE_CURVE('',#5652,#5777,#5795,.T.);
#5795 = CIRCLE('',#5796,60.);
#5796 = AXIS2_PLACEMENT_3D('',#5797,#5798,#5799);
#5797 = CARTESIAN_POINT('',(-187.3832970144,-187.3832970144,
    471.90524980688));
#5798 = DIRECTION('',(-0.707106781187,-0.707106781187,0.));
#5799 = DIRECTION('',(0.,0.,1.));
#5800 = CYLINDRICAL_SURFACE('',#5801,60.);
#5801 = AXIS2_PLACEMENT_3D('',#5802,#5803,#5804);
#5802 = CARTESIAN_POINT('',(-187.3832970144,-187.3832970144,
    471.90524980688));
#5803 = DIRECTION('',(-0.707106781187,-0.707106781187,0.));
#5804 = DIRECTION('',(0.,0.,1.));
#5805 = ADVANCED_FACE('',(#5806),#5822,.T.);
#5806 = FACE_BOUND('',#5807,.T.);
#5807 = EDGE_LOOP('',(#5808,#5814,#5815,#5821));
#5808 = ORIENTED_EDGE('',*,*,#5809,.F.);
#5809 = EDGE_CURVE('',#5753,#5777,#5810,.T.);
#5810 = LINE('',#5811,#5812);
#5811 = CARTESIAN_POINT('',(-229.8097038856,-144.9568901432,530.));
#5812 = VECTOR('',#5813,1.);
#5813 = DIRECTION('',(0.707106781187,-0.707106781187,0.));
#5814 = ORIENTED_EDGE('',*,*,#5752,.T.);
#5815 = ORIENTED_EDGE('',*,*,#5816,.T.);
#5816 = EDGE_CURVE('',#5744,#5779,#5817,.T.);
#5817 = LINE('',#5818,#5819);
#5818 = CARTESIAN_POINT('',(-243.9518395093,-159.0990257669,530.));
#5819 = VECTOR('',#5820,1.);
#5820 = DIRECTION('',(0.707106781187,-0.707106781187,0.));
#5821 = ORIENTED_EDGE('',*,*,#5776,.F.);
#5822 = PLANE('',#5823);
#5823 = AXIS2_PLACEMENT_3D('',#5824,#5825,#5826);
#5824 = CARTESIAN_POINT('',(-229.8097038856,-144.9568901432,530.));
#5825 = DIRECTION('',(0.,0.,1.));
#5826 = DIRECTION('',(-0.707106781187,-0.707106781187,0.));
#5827 = ADVANCED_FACE('',(#5828),#5836,.T.);
#5828 = FACE_BOUND('',#5829,.T.);
#5829 = EDGE_LOOP('',(#5830,#5831,#5832,#5833,#5834,#5835));
#5830 = ORIENTED_EDGE('',*,*,#5713,.T.);
#5831 = ORIENTED_EDGE('',*,*,#5760,.F.);
#5832 = ORIENTED_EDGE('',*,*,#5809,.T.);
#5833 = ORIENTED_EDGE('',*,*,#5794,.F.);
#5834 = ORIENTED_EDGE('',*,*,#5651,.F.);
#5835 = ORIENTED_EDGE('',*,*,#5681,.F.);
#5836 = PLANE('',#5837);
#5837 = AXIS2_PLACEMENT_3D('',#5838,#5839,#5840);
#5838 = CARTESIAN_POINT('',(-187.3832970144,-187.3832970144,
    454.72751870174));
#5839 = DIRECTION('',(0.707106781187,0.707106781187,0.));
#5840 = DIRECTION('',(-0.707106781187,0.707106781187,0.));
#5841 = ADVANCED_FACE('',(#5842),#5850,.T.);
#5842 = FACE_BOUND('',#5843,.T.);
#5843 = EDGE_LOOP('',(#5844,#5845,#5846,#5847,#5848,#5849));
#5844 = ORIENTED_EDGE('',*,*,#5729,.F.);
#5845 = ORIENTED_EDGE('',*,*,#5697,.T.);
#5846 = ORIENTED_EDGE('',*,*,#5667,.T.);
#5847 = ORIENTED_EDGE('',*,*,#5786,.T.);
#5848 = ORIENTED_EDGE('',*,*,#5816,.F.);
#5849 = ORIENTED_EDGE('',*,*,#5743,.T.);
#5850 = PLANE('',#5851);
#5851 = AXIS2_PLACEMENT_3D('',#5852,#5853,#5854);
#5852 = CARTESIAN_POINT('',(-201.5254326381,-201.5254326381,
    454.72751870174));
#5853 = DIRECTION('',(-0.707106781187,-0.707106781187,-0.));
#5854 = DIRECTION('',(0.707106781187,-0.707106781187,0.));
#5855 = ( GEOMETRIC_REPRESENTATION_CONTEXT(3) 
GLOBAL_UNCERTAINTY_ASSIGNED_CONTEXT((#5859)) 
GLOBAL_UNIT_ASSIGNED_CONTEXT((#5856,#5857,#5858)) REPRESENTATION_CONTEXT
('Context #1','3D Context with UNIT and UNCERTAINTY') );
#5856 = ( LENGTH_UNIT() NAMED_UNIT(*) SI_UNIT(.MILLI.,.METRE.) );
#5857 = ( NAMED_UNIT(*) PLANE_ANGLE_UNIT() SI_UNIT($,.RADIAN.) );
#5858 = ( NAMED_UNIT(*) SI_UNIT($,.STERADIAN.) SOLID_ANGLE_UNIT() );
#5859 = UNCERTAINTY_MEASURE_WITH_UNIT(LENGTH_MEASURE(1.E-07),#5856,
  'distance_accuracy_value','confusion accuracy');
#5860 = CONTEXT_DEPENDENT_SHAPE_REPRESENTATION(#5861,#5863);
#5861 = ( REPRESENTATION_RELATIONSHIP('','',#5634,#10) 
REPRESENTATION_RELATIONSHIP_WITH_TRANSFORMATION(#5862) 
SHAPE_REPRESENTATION_RELATIONSHIP() );
#5862 = ITEM_DEFINED_TRANSFORMATION('','',#11,#103);
#5863 = PRODUCT_DEFINITION_SHAPE('Placement','Placement of an item',
  #5864);
#5864 = NEXT_ASSEMBLY_USAGE_OCCURRENCE('23',
  'P23 Arched blade 225 / maple segment 3','',#5,#5629,$);
#5865 = PRODUCT_RELATED_PRODUCT_CATEGORY('part',$,(#5631));
#5866 = SHAPE_DEFINITION_REPRESENTATION(#5867,#5873);
#5867 = PRODUCT_DEFINITION_SHAPE('','',#5868);
#5868 = PRODUCT_DEFINITION('design','',#5869,#5872);
#5869 = PRODUCT_DEFINITION_FORMATION('','',#5870);
#5870 = PRODUCT('P24 Slot jamb 225 / -1','P24 Slot jamb 225 / -1','',(
    #5871));
#5871 = PRODUCT_CONTEXT('',#2,'mechanical');
#5872 = PRODUCT_DEFINITION_CONTEXT('part definition',#2,'design');
#5873 = ADVANCED_BREP_SHAPE_REPRESENTATION('',(#11,#5874),#6141);
#5874 = MANIFOLD_SOLID_BREP('',#5875);
#5875 = CLOSED_SHELL('',(#5876,#5916,#5980,#6004,#6061,#6078,#6090,#6107
    ,#6124));
#5876 = ADVANCED_FACE('',(#5877),#5911,.F.);
#5877 = FACE_BOUND('',#5878,.F.);
#5878 = EDGE_LOOP('',(#5879,#5889,#5897,#5905));
#5879 = ORIENTED_EDGE('',*,*,#5880,.F.);
#5880 = EDGE_CURVE('',#5881,#5883,#5885,.T.);
#5881 = VERTEX_POINT('',#5882);
#5882 = CARTESIAN_POINT('',(-198.6970055134,-176.0695885154,18.));
#5883 = VERTEX_POINT('',#5884);
#5884 = CARTESIAN_POINT('',(-198.6970055134,-176.0695885154,280.));
#5885 = LINE('',#5886,#5887);
#5886 = CARTESIAN_POINT('',(-198.6970055134,-176.0695885154,18.));
#5887 = VECTOR('',#5888,1.);
#5888 = DIRECTION('',(0.,0.,1.));
#5889 = ORIENTED_EDGE('',*,*,#5890,.T.);
#5890 = EDGE_CURVE('',#5881,#5891,#5893,.T.);
#5891 = VERTEX_POINT('',#5892);
#5892 = CARTESIAN_POINT('',(-195.8685783886,-178.8980156401,18.));
#5893 = LINE('',#5894,#5895);
#5894 = CARTESIAN_POINT('',(-198.6970055134,-176.0695885154,18.));
#5895 = VECTOR('',#5896,1.);
#5896 = DIRECTION('',(0.707106781187,-0.707106781187,0.));
#5897 = ORIENTED_EDGE('',*,*,#5898,.T.);
#5898 = EDGE_CURVE('',#5891,#5899,#5901,.T.);
#5899 = VERTEX_POINT('',#5900);
#5900 = CARTESIAN_POINT('',(-195.8685783886,-178.8980156401,280.));
#5901 = LINE('',#5902,#5903);
#5902 = CARTESIAN_POINT('',(-195.8685783886,-178.8980156401,18.));
#5903 = VECTOR('',#5904,1.);
#5904 = DIRECTION('',(0.,0.,1.));
#5905 = ORIENTED_EDGE('',*,*,#5906,.F.);
#5906 = EDGE_CURVE('',#5883,#5899,#5907,.T.);
#5907 = LINE('',#5908,#5909);
#5908 = CARTESIAN_POINT('',(-198.6970055134,-176.0695885154,280.));
#5909 = VECTOR('',#5910,1.);
#5910 = DIRECTION('',(0.707106781187,-0.707106781187,0.));
#5911 = PLANE('',#5912);
#5912 = AXIS2_PLACEMENT_3D('',#5913,#5914,#5915);
#5913 = CARTESIAN_POINT('',(-198.6970055134,-176.0695885154,18.));
#5914 = DIRECTION('',(-0.707106781187,-0.707106781187,0.));
#5915 = DIRECTION('',(0.,0.,1.));
#5916 = ADVANCED_FACE('',(#5917,#5942,#5953,#5964),#5975,.F.);
#5917 = FACE_BOUND('',#5918,.F.);
#5918 = EDGE_LOOP('',(#5919,#5927,#5928,#5936));
#5919 = ORIENTED_EDGE('',*,*,#5920,.F.);
#5920 = EDGE_CURVE('',#5881,#5921,#5923,.T.);
#5921 = VERTEX_POINT('',#5922);
#5922 = CARTESIAN_POINT('',(-212.8391411371,-190.2117241391,18.));
#5923 = LINE('',#5924,#5925);
#5924 = CARTESIAN_POINT('',(-198.6970055134,-176.0695885154,18.));
#5925 = VECTOR('',#5926,1.);
#5926 = DIRECTION('',(-0.707106781187,-0.707106781187,0.));
#5927 = ORIENTED_EDGE('',*,*,#5880,.T.);
#5928 = ORIENTED_EDGE('',*,*,#5929,.T.);
#5929 = EDGE_CURVE('',#5883,#5930,#5932,.T.);
#5930 = VERTEX_POINT('',#5931);
#5931 = CARTESIAN_POINT('',(-212.8391411371,-190.2117241391,280.));
#5932 = LINE('',#5933,#5934);
#5933 = CARTESIAN_POINT('',(-198.6970055134,-176.0695885154,280.));
#5934 = VECTOR('',#5935,1.);
#5935 = DIRECTION('',(-0.707106781187,-0.707106781187,0.));
#5936 = ORIENTED_EDGE('',*,*,#5937,.F.);
#5937 = EDGE_CURVE('',#5921,#5930,#5938,.T.);
#5938 = LINE('',#5939,#5940);
#5939 = CARTESIAN_POINT('',(-212.8391411371,-190.2117241391,18.));
#5940 = VECTOR('',#5941,1.);
#5941 = DIRECTION('',(0.,0.,1.));
#5942 = FACE_BOUND('',#5943,.F.);
#5943 = EDGE_LOOP('',(#5944));
#5944 = ORIENTED_EDGE('',*,*,#5945,.F.);
#5945 = EDGE_CURVE('',#5946,#5946,#5948,.T.);
#5946 = VERTEX_POINT('',#5947);
#5947 = CARTESIAN_POINT('',(-205.7680733252,-183.1406563273,220.));
#5948 = CIRCLE('',#5949,3.);
#5949 = AXIS2_PLACEMENT_3D('',#5950,#5951,#5952);
#5950 = CARTESIAN_POINT('',(-205.7680733252,-183.1406563273,217.));
#5951 = DIRECTION('',(0.707106781187,-0.707106781187,0.));
#5952 = DIRECTION('',(0.,0.,1.));
#5953 = FACE_BOUND('',#5954,.F.);
#5954 = EDGE_LOOP('',(#5955));
#5955 = ORIENTED_EDGE('',*,*,#5956,.F.);
#5956 = EDGE_CURVE('',#5957,#5957,#5959,.T.);
#5957 = VERTEX_POINT('',#5958);
#5958 = CARTESIAN_POINT('',(-205.7680733252,-183.1406563273,248.));
#5959 = CIRCLE('',#5960,3.);
#5960 = AXIS2_PLACEMENT_3D('',#5961,#5962,#5963);
#5961 = CARTESIAN_POINT('',(-205.7680733252,-183.1406563273,245.));
#5962 = DIRECTION('',(0.707106781187,-0.707106781187,0.));
#5963 = DIRECTION('',(0.,0.,1.));
#5964 = FACE_BOUND('',#5965,.F.);
#5965 = EDGE_LOOP('',(#5966));
#5966 = ORIENTED_EDGE('',*,*,#5967,.F.);
#5967 = EDGE_CURVE('',#5968,#5968,#5970,.T.);
#5968 = VERTEX_POINT('',#5969);
#5969 = CARTESIAN_POINT('',(-205.7680733252,-183.1406563273,276.));
#5970 = CIRCLE('',#5971,3.);
#5971 = AXIS2_PLACEMENT_3D('',#5972,#5973,#5974);
#5972 = CARTESIAN_POINT('',(-205.7680733252,-183.1406563273,273.));
#5973 = DIRECTION('',(0.707106781187,-0.707106781187,0.));
#5974 = DIRECTION('',(0.,0.,1.));
#5975 = PLANE('',#5976);
#5976 = AXIS2_PLACEMENT_3D('',#5977,#5978,#5979);
#5977 = CARTESIAN_POINT('',(-198.6970055134,-176.0695885154,18.));
#5978 = DIRECTION('',(0.707106781187,-0.707106781187,0.));
#5979 = DIRECTION('',(0.,0.,1.));
#5980 = ADVANCED_FACE('',(#5981),#5999,.T.);
#5981 = FACE_BOUND('',#5982,.T.);
#5982 = EDGE_LOOP('',(#5983,#5984,#5985,#5993));
#5983 = ORIENTED_EDGE('',*,*,#5906,.F.);
#5984 = ORIENTED_EDGE('',*,*,#5929,.T.);
#5985 = ORIENTED_EDGE('',*,*,#5986,.T.);
#5986 = EDGE_CURVE('',#5930,#5987,#5989,.T.);
#5987 = VERTEX_POINT('',#5988);
#5988 = CARTESIAN_POINT('',(-210.0107140124,-193.0401512639,280.));
#5989 = LINE('',#5990,#5991);
#5990 = CARTESIAN_POINT('',(-212.8391411371,-190.2117241391,280.));
#5991 = VECTOR('',#5992,1.);
#5992 = DIRECTION('',(0.707106781187,-0.707106781187,0.));
#5993 = ORIENTED_EDGE('',*,*,#5994,.F.);
#5994 = EDGE_CURVE('',#5899,#5987,#5995,.T.);
#5995 = LINE('',#5996,#5997);
#5996 = CARTESIAN_POINT('',(-195.8685783886,-178.8980156401,280.));
#5997 = VECTOR('',#5998,1.);
#5998 = DIRECTION('',(-0.707106781187,-0.707106781187,0.));
#5999 = PLANE('',#6000);
#6000 = AXIS2_PLACEMENT_3D('',#6001,#6002,#6003);
#6001 = CARTESIAN_POINT('',(-198.6970055134,-176.0695885154,280.));
#6002 = DIRECTION('',(0.,0.,1.));
#6003 = DIRECTION('',(-0.707106781187,-0.707106781187,0.));
#6004 = ADVANCED_FACE('',(#6005,#6023,#6034,#6045),#6056,.T.);
#6005 = FACE_BOUND('',#6006,.T.);
#6006 = EDGE_LOOP('',(#6007,#6015,#6016,#6017));
#6007 = ORIENTED_EDGE('',*,*,#6008,.F.);
#6008 = EDGE_CURVE('',#5891,#6009,#6011,.T.);
#6009 = VERTEX_POINT('',#6010);
#6010 = CARTESIAN_POINT('',(-210.0107140124,-193.0401512639,18.));
#6011 = LINE('',#6012,#6013);
#6012 = CARTESIAN_POINT('',(-195.8685783886,-178.8980156401,18.));
#6013 = VECTOR('',#6014,1.);
#6014 = DIRECTION('',(-0.707106781187,-0.707106781187,0.));
#6015 = ORIENTED_EDGE('',*,*,#5898,.T.);
#6016 = ORIENTED_EDGE('',*,*,#5994,.T.);
#6017 = ORIENTED_EDGE('',*,*,#6018,.F.);
#6018 = EDGE_CURVE('',#6009,#5987,#6019,.T.);
#6019 = LINE('',#6020,#6021);
#6020 = CARTESIAN_POINT('',(-210.0107140124,-193.0401512639,18.));
#6021 = VECTOR('',#6022,1.);
#6022 = DIRECTION('',(0.,0.,1.));
#6023 = FACE_BOUND('',#6024,.T.);
#6024 = EDGE_LOOP('',(#6025));
#6025 = ORIENTED_EDGE('',*,*,#6026,.F.);
#6026 = EDGE_CURVE('',#6027,#6027,#6029,.T.);
#6027 = VERTEX_POINT('',#6028);
#6028 = CARTESIAN_POINT('',(-202.9396462005,-185.969083452,220.));
#6029 = CIRCLE('',#6030,3.);
#6030 = AXIS2_PLACEMENT_3D('',#6031,#6032,#6033);
#6031 = CARTESIAN_POINT('',(-202.9396462005,-185.969083452,217.));
#6032 = DIRECTION('',(0.707106781187,-0.707106781187,0.));
#6033 = DIRECTION('',(0.,0.,1.));
#6034 = FACE_BOUND('',#6035,.T.);
#6035 = EDGE_LOOP('',(#6036));
#6036 = ORIENTED_EDGE('',*,*,#6037,.F.);
#6037 = EDGE_CURVE('',#6038,#6038,#6040,.T.);
#6038 = VERTEX_POINT('',#6039);
#6039 = CARTESIAN_POINT('',(-202.9396462005,-185.969083452,248.));
#6040 = CIRCLE('',#6041,3.);
#6041 = AXIS2_PLACEMENT_3D('',#6042,#6043,#6044);
#6042 = CARTESIAN_POINT('',(-202.9396462005,-185.969083452,245.));
#6043 = DIRECTION('',(0.707106781187,-0.707106781187,0.));
#6044 = DIRECTION('',(0.,0.,1.));
#6045 = FACE_BOUND('',#6046,.T.);
#6046 = EDGE_LOOP('',(#6047));
#6047 = ORIENTED_EDGE('',*,*,#6048,.F.);
#6048 = EDGE_CURVE('',#6049,#6049,#6051,.T.);
#6049 = VERTEX_POINT('',#6050);
#6050 = CARTESIAN_POINT('',(-202.9396462005,-185.969083452,276.));
#6051 = CIRCLE('',#6052,3.);
#6052 = AXIS2_PLACEMENT_3D('',#6053,#6054,#6055);
#6053 = CARTESIAN_POINT('',(-202.9396462005,-185.969083452,273.));
#6054 = DIRECTION('',(0.707106781187,-0.707106781187,0.));
#6055 = DIRECTION('',(0.,0.,1.));
#6056 = PLANE('',#6057);
#6057 = AXIS2_PLACEMENT_3D('',#6058,#6059,#6060);
#6058 = CARTESIAN_POINT('',(-195.8685783886,-178.8980156401,18.));
#6059 = DIRECTION('',(0.707106781187,-0.707106781187,0.));
#6060 = DIRECTION('',(0.,0.,1.));
#6061 = ADVANCED_FACE('',(#6062),#6073,.F.);
#6062 = FACE_BOUND('',#6063,.F.);
#6063 = EDGE_LOOP('',(#6064,#6065,#6066,#6072));
#6064 = ORIENTED_EDGE('',*,*,#5890,.F.);
#6065 = ORIENTED_EDGE('',*,*,#5920,.T.);
#6066 = ORIENTED_EDGE('',*,*,#6067,.T.);
#6067 = EDGE_CURVE('',#5921,#6009,#6068,.T.);
#6068 = LINE('',#6069,#6070);
#6069 = CARTESIAN_POINT('',(-212.8391411371,-190.2117241391,18.));
#6070 = VECTOR('',#6071,1.);
#6071 = DIRECTION('',(0.707106781187,-0.707106781187,0.));
#6072 = ORIENTED_EDGE('',*,*,#6008,.F.);
#6073 = PLANE('',#6074);
#6074 = AXIS2_PLACEMENT_3D('',#6075,#6076,#6077);
#6075 = CARTESIAN_POINT('',(-198.6970055134,-176.0695885154,18.));
#6076 = DIRECTION('',(0.,0.,1.));
#6077 = DIRECTION('',(-0.707106781187,-0.707106781187,0.));
#6078 = ADVANCED_FACE('',(#6079),#6085,.T.);
#6079 = FACE_BOUND('',#6080,.T.);
#6080 = EDGE_LOOP('',(#6081,#6082,#6083,#6084));
#6081 = ORIENTED_EDGE('',*,*,#5937,.F.);
#6082 = ORIENTED_EDGE('',*,*,#6067,.T.);
#6083 = ORIENTED_EDGE('',*,*,#6018,.T.);
#6084 = ORIENTED_EDGE('',*,*,#5986,.F.);
#6085 = PLANE('',#6086);
#6086 = AXIS2_PLACEMENT_3D('',#6087,#6088,#6089);
#6087 = CARTESIAN_POINT('',(-212.8391411371,-190.2117241391,18.));
#6088 = DIRECTION('',(-0.707106781187,-0.707106781187,0.));
#6089 = DIRECTION('',(0.,0.,1.));
#6090 = ADVANCED_FACE('',(#6091),#6102,.F.);
#6091 = FACE_BOUND('',#6092,.F.);
#6092 = EDGE_LOOP('',(#6093,#6094,#6100,#6101));
#6093 = ORIENTED_EDGE('',*,*,#6026,.F.);
#6094 = ORIENTED_EDGE('',*,*,#6095,.F.);
#6095 = EDGE_CURVE('',#5946,#6027,#6096,.T.);
#6096 = LINE('',#6097,#6098);
#6097 = CARTESIAN_POINT('',(-236.8807716974,-152.0279579551,220.));
#6098 = VECTOR('',#6099,1.);
#6099 = DIRECTION('',(0.707106781187,-0.707106781187,0.));
#6100 = ORIENTED_EDGE('',*,*,#5945,.T.);
#6101 = ORIENTED_EDGE('',*,*,#6095,.T.);
#6102 = CYLINDRICAL_SURFACE('',#6103,3.);
#6103 = AXIS2_PLACEMENT_3D('',#6104,#6105,#6106);
#6104 = CARTESIAN_POINT('',(-236.8807716974,-152.0279579551,217.));
#6105 = DIRECTION('',(0.707106781187,-0.707106781187,0.));
#6106 = DIRECTION('',(0.,0.,1.));
#6107 = ADVANCED_FACE('',(#6108),#6119,.F.);
#6108 = FACE_BOUND('',#6109,.F.);
#6109 = EDGE_LOOP('',(#6110,#6111,#6117,#6118));
#6110 = ORIENTED_EDGE('',*,*,#6037,.F.);
#6111 = ORIENTED_EDGE('',*,*,#6112,.F.);
#6112 = EDGE_CURVE('',#5957,#6038,#6113,.T.);
#6113 = LINE('',#6114,#6115);
#6114 = CARTESIAN_POINT('',(-236.8807716974,-152.0279579551,248.));
#6115 = VECTOR('',#6116,1.);
#6116 = DIRECTION('',(0.707106781187,-0.707106781187,0.));
#6117 = ORIENTED_EDGE('',*,*,#5956,.T.);
#6118 = ORIENTED_EDGE('',*,*,#6112,.T.);
#6119 = CYLINDRICAL_SURFACE('',#6120,3.);
#6120 = AXIS2_PLACEMENT_3D('',#6121,#6122,#6123);
#6121 = CARTESIAN_POINT('',(-236.8807716974,-152.0279579551,245.));
#6122 = DIRECTION('',(0.707106781187,-0.707106781187,0.));
#6123 = DIRECTION('',(0.,0.,1.));
#6124 = ADVANCED_FACE('',(#6125),#6136,.F.);
#6125 = FACE_BOUND('',#6126,.F.);
#6126 = EDGE_LOOP('',(#6127,#6128,#6134,#6135));
#6127 = ORIENTED_EDGE('',*,*,#6048,.F.);
#6128 = ORIENTED_EDGE('',*,*,#6129,.F.);
#6129 = EDGE_CURVE('',#5968,#6049,#6130,.T.);
#6130 = LINE('',#6131,#6132);
#6131 = CARTESIAN_POINT('',(-236.8807716974,-152.0279579551,276.));
#6132 = VECTOR('',#6133,1.);
#6133 = DIRECTION('',(0.707106781187,-0.707106781187,0.));
#6134 = ORIENTED_EDGE('',*,*,#5967,.T.);
#6135 = ORIENTED_EDGE('',*,*,#6129,.T.);
#6136 = CYLINDRICAL_SURFACE('',#6137,3.);
#6137 = AXIS2_PLACEMENT_3D('',#6138,#6139,#6140);
#6138 = CARTESIAN_POINT('',(-236.8807716974,-152.0279579551,273.));
#6139 = DIRECTION('',(0.707106781187,-0.707106781187,0.));
#6140 = DIRECTION('',(0.,0.,1.));
#6141 = ( GEOMETRIC_REPRESENTATION_CONTEXT(3) 
GLOBAL_UNCERTAINTY_ASSIGNED_CONTEXT((#6145)) 
GLOBAL_UNIT_ASSIGNED_CONTEXT((#6142,#6143,#6144)) REPRESENTATION_CONTEXT
('Context #1','3D Context with UNIT and UNCERTAINTY') );
#6142 = ( LENGTH_UNIT() NAMED_UNIT(*) SI_UNIT(.MILLI.,.METRE.) );
#6143 = ( NAMED_UNIT(*) PLANE_ANGLE_UNIT() SI_UNIT($,.RADIAN.) );
#6144 = ( NAMED_UNIT(*) SI_UNIT($,.STERADIAN.) SOLID_ANGLE_UNIT() );
#6145 = UNCERTAINTY_MEASURE_WITH_UNIT(LENGTH_MEASURE(1.E-07),#6142,
  'distance_accuracy_value','confusion accuracy');
#6146 = CONTEXT_DEPENDENT_SHAPE_REPRESENTATION(#6147,#6149);
#6147 = ( REPRESENTATION_RELATIONSHIP('','',#5873,#10) 
REPRESENTATION_RELATIONSHIP_WITH_TRANSFORMATION(#6148) 
SHAPE_REPRESENTATION_RELATIONSHIP() );
#6148 = ITEM_DEFINED_TRANSFORMATION('','',#11,#107);
#6149 = PRODUCT_DEFINITION_SHAPE('Placement','Placement of an item',
  #6150);
#6150 = NEXT_ASSEMBLY_USAGE_OCCURRENCE('24','P24 Slot jamb 225 / -1','',
  #5,#5868,$);
#6151 = PRODUCT_RELATED_PRODUCT_CATEGORY('part',$,(#5870));
#6152 = SHAPE_DEFINITION_REPRESENTATION(#6153,#6159);
#6153 = PRODUCT_DEFINITION_SHAPE('','',#6154);
#6154 = PRODUCT_DEFINITION('design','',#6155,#6158);
#6155 = PRODUCT_DEFINITION_FORMATION('','',#6156);
#6156 = PRODUCT('P25 Slot jamb 225 / 1','P25 Slot jamb 225 / 1','',(
    #6157));
#6157 = PRODUCT_CONTEXT('',#2,'mechanical');
#6158 = PRODUCT_DEFINITION_CONTEXT('part definition',#2,'design');
#6159 = ADVANCED_BREP_SHAPE_REPRESENTATION('',(#11,#6160),#6427);
#6160 = MANIFOLD_SOLID_BREP('',#6161);
#6161 = CLOSED_SHELL('',(#6162,#6202,#6266,#6290,#6347,#6364,#6376,#6393
    ,#6410));
#6162 = ADVANCED_FACE('',(#6163),#6197,.F.);
#6163 = FACE_BOUND('',#6164,.F.);
#6164 = EDGE_LOOP('',(#6165,#6175,#6183,#6191));
#6165 = ORIENTED_EDGE('',*,*,#6166,.F.);
#6166 = EDGE_CURVE('',#6167,#6169,#6171,.T.);
#6167 = VERTEX_POINT('',#6168);
#6168 = CARTESIAN_POINT('',(-178.8980156401,-195.8685783886,18.));
#6169 = VERTEX_POINT('',#6170);
#6170 = CARTESIAN_POINT('',(-178.8980156401,-195.8685783886,280.));
#6171 = LINE('',#6172,#6173);
#6172 = CARTESIAN_POINT('',(-178.8980156401,-195.8685783886,18.));
#6173 = VECTOR('',#6174,1.);
#6174 = DIRECTION('',(0.,0.,1.));
#6175 = ORIENTED_EDGE('',*,*,#6176,.T.);
#6176 = EDGE_CURVE('',#6167,#6177,#6179,.T.);
#6177 = VERTEX_POINT('',#6178);
#6178 = CARTESIAN_POINT('',(-176.0695885154,-198.6970055134,18.));
#6179 = LINE('',#6180,#6181);
#6180 = CARTESIAN_POINT('',(-178.8980156401,-195.8685783886,18.));
#6181 = VECTOR('',#6182,1.);
#6182 = DIRECTION('',(0.707106781187,-0.707106781187,0.));
#6183 = ORIENTED_EDGE('',*,*,#6184,.T.);
#6184 = EDGE_CURVE('',#6177,#6185,#6187,.T.);
#6185 = VERTEX_POINT('',#6186);
#6186 = CARTESIAN_POINT('',(-176.0695885154,-198.6970055134,280.));
#6187 = LINE('',#6188,#6189);
#6188 = CARTESIAN_POINT('',(-176.0695885154,-198.6970055134,18.));
#6189 = VECTOR('',#6190,1.);
#6190 = DIRECTION('',(0.,0.,1.));
#6191 = ORIENTED_EDGE('',*,*,#6192,.F.);
#6192 = EDGE_CURVE('',#6169,#6185,#6193,.T.);
#6193 = LINE('',#6194,#6195);
#6194 = CARTESIAN_POINT('',(-178.8980156401,-195.8685783886,280.));
#6195 = VECTOR('',#6196,1.);
#6196 = DIRECTION('',(0.707106781187,-0.707106781187,0.));
#6197 = PLANE('',#6198);
#6198 = AXIS2_PLACEMENT_3D('',#6199,#6200,#6201);
#6199 = CARTESIAN_POINT('',(-178.8980156401,-195.8685783886,18.));
#6200 = DIRECTION('',(-0.707106781187,-0.707106781187,0.));
#6201 = DIRECTION('',(0.,0.,1.));
#6202 = ADVANCED_FACE('',(#6203,#6228,#6239,#6250),#6261,.F.);
#6203 = FACE_BOUND('',#6204,.F.);
#6204 = EDGE_LOOP('',(#6205,#6213,#6214,#6222));
#6205 = ORIENTED_EDGE('',*,*,#6206,.F.);
#6206 = EDGE_CURVE('',#6167,#6207,#6209,.T.);
#6207 = VERTEX_POINT('',#6208);
#6208 = CARTESIAN_POINT('',(-193.0401512639,-210.0107140124,18.));
#6209 = LINE('',#6210,#6211);
#6210 = CARTESIAN_POINT('',(-178.8980156401,-195.8685783886,18.));
#6211 = VECTOR('',#6212,1.);
#6212 = DIRECTION('',(-0.707106781187,-0.707106781187,0.));
#6213 = ORIENTED_EDGE('',*,*,#6166,.T.);
#6214 = ORIENTED_EDGE('',*,*,#6215,.T.);
#6215 = EDGE_CURVE('',#6169,#6216,#6218,.T.);
#6216 = VERTEX_POINT('',#6217);
#6217 = CARTESIAN_POINT('',(-193.0401512639,-210.0107140124,280.));
#6218 = LINE('',#6219,#6220);
#6219 = CARTESIAN_POINT('',(-178.8980156401,-195.8685783886,280.));
#6220 = VECTOR('',#6221,1.);
#6221 = DIRECTION('',(-0.707106781187,-0.707106781187,0.));
#6222 = ORIENTED_EDGE('',*,*,#6223,.F.);
#6223 = EDGE_CURVE('',#6207,#6216,#6224,.T.);
#6224 = LINE('',#6225,#6226);
#6225 = CARTESIAN_POINT('',(-193.0401512639,-210.0107140124,18.));
#6226 = VECTOR('',#6227,1.);
#6227 = DIRECTION('',(0.,0.,1.));
#6228 = FACE_BOUND('',#6229,.F.);
#6229 = EDGE_LOOP('',(#6230));
#6230 = ORIENTED_EDGE('',*,*,#6231,.F.);
#6231 = EDGE_CURVE('',#6232,#6232,#6234,.T.);
#6232 = VERTEX_POINT('',#6233);
#6233 = CARTESIAN_POINT('',(-185.969083452,-202.9396462005,220.));
#6234 = CIRCLE('',#6235,3.);
#6235 = AXIS2_PLACEMENT_3D('',#6236,#6237,#6238);
#6236 = CARTESIAN_POINT('',(-185.969083452,-202.9396462005,217.));
#6237 = DIRECTION('',(0.707106781187,-0.707106781187,0.));
#6238 = DIRECTION('',(0.,0.,1.));
#6239 = FACE_BOUND('',#6240,.F.);
#6240 = EDGE_LOOP('',(#6241));
#6241 = ORIENTED_EDGE('',*,*,#6242,.F.);
#6242 = EDGE_CURVE('',#6243,#6243,#6245,.T.);
#6243 = VERTEX_POINT('',#6244);
#6244 = CARTESIAN_POINT('',(-185.969083452,-202.9396462005,248.));
#6245 = CIRCLE('',#6246,3.);
#6246 = AXIS2_PLACEMENT_3D('',#6247,#6248,#6249);
#6247 = CARTESIAN_POINT('',(-185.969083452,-202.9396462005,245.));
#6248 = DIRECTION('',(0.707106781187,-0.707106781187,0.));
#6249 = DIRECTION('',(0.,0.,1.));
#6250 = FACE_BOUND('',#6251,.F.);
#6251 = EDGE_LOOP('',(#6252));
#6252 = ORIENTED_EDGE('',*,*,#6253,.F.);
#6253 = EDGE_CURVE('',#6254,#6254,#6256,.T.);
#6254 = VERTEX_POINT('',#6255);
#6255 = CARTESIAN_POINT('',(-185.969083452,-202.9396462005,276.));
#6256 = CIRCLE('',#6257,3.);
#6257 = AXIS2_PLACEMENT_3D('',#6258,#6259,#6260);
#6258 = CARTESIAN_POINT('',(-185.969083452,-202.9396462005,273.));
#6259 = DIRECTION('',(0.707106781187,-0.707106781187,0.));
#6260 = DIRECTION('',(0.,0.,1.));
#6261 = PLANE('',#6262);
#6262 = AXIS2_PLACEMENT_3D('',#6263,#6264,#6265);
#6263 = CARTESIAN_POINT('',(-178.8980156401,-195.8685783886,18.));
#6264 = DIRECTION('',(0.707106781187,-0.707106781187,0.));
#6265 = DIRECTION('',(0.,0.,1.));
#6266 = ADVANCED_FACE('',(#6267),#6285,.T.);
#6267 = FACE_BOUND('',#6268,.T.);
#6268 = EDGE_LOOP('',(#6269,#6270,#6271,#6279));
#6269 = ORIENTED_EDGE('',*,*,#6192,.F.);
#6270 = ORIENTED_EDGE('',*,*,#6215,.T.);
#6271 = ORIENTED_EDGE('',*,*,#6272,.T.);
#6272 = EDGE_CURVE('',#6216,#6273,#6275,.T.);
#6273 = VERTEX_POINT('',#6274);
#6274 = CARTESIAN_POINT('',(-190.2117241391,-212.8391411371,280.));
#6275 = LINE('',#6276,#6277);
#6276 = CARTESIAN_POINT('',(-193.0401512639,-210.0107140124,280.));
#6277 = VECTOR('',#6278,1.);
#6278 = DIRECTION('',(0.707106781187,-0.707106781187,0.));
#6279 = ORIENTED_EDGE('',*,*,#6280,.F.);
#6280 = EDGE_CURVE('',#6185,#6273,#6281,.T.);
#6281 = LINE('',#6282,#6283);
#6282 = CARTESIAN_POINT('',(-176.0695885154,-198.6970055134,280.));
#6283 = VECTOR('',#6284,1.);
#6284 = DIRECTION('',(-0.707106781187,-0.707106781187,0.));
#6285 = PLANE('',#6286);
#6286 = AXIS2_PLACEMENT_3D('',#6287,#6288,#6289);
#6287 = CARTESIAN_POINT('',(-178.8980156401,-195.8685783886,280.));
#6288 = DIRECTION('',(0.,0.,1.));
#6289 = DIRECTION('',(-0.707106781187,-0.707106781187,0.));
#6290 = ADVANCED_FACE('',(#6291,#6309,#6320,#6331),#6342,.T.);
#6291 = FACE_BOUND('',#6292,.T.);
#6292 = EDGE_LOOP('',(#6293,#6301,#6302,#6303));
#6293 = ORIENTED_EDGE('',*,*,#6294,.F.);
#6294 = EDGE_CURVE('',#6177,#6295,#6297,.T.);
#6295 = VERTEX_POINT('',#6296);
#6296 = CARTESIAN_POINT('',(-190.2117241391,-212.8391411371,18.));
#6297 = LINE('',#6298,#6299);
#6298 = CARTESIAN_POINT('',(-176.0695885154,-198.6970055134,18.));
#6299 = VECTOR('',#6300,1.);
#6300 = DIRECTION('',(-0.707106781187,-0.707106781187,0.));
#6301 = ORIENTED_EDGE('',*,*,#6184,.T.);
#6302 = ORIENTED_EDGE('',*,*,#6280,.T.);
#6303 = ORIENTED_EDGE('',*,*,#6304,.F.);
#6304 = EDGE_CURVE('',#6295,#6273,#6305,.T.);
#6305 = LINE('',#6306,#6307);
#6306 = CARTESIAN_POINT('',(-190.2117241391,-212.8391411371,18.));
#6307 = VECTOR('',#6308,1.);
#6308 = DIRECTION('',(0.,0.,1.));
#6309 = FACE_BOUND('',#6310,.T.);
#6310 = EDGE_LOOP('',(#6311));
#6311 = ORIENTED_EDGE('',*,*,#6312,.F.);
#6312 = EDGE_CURVE('',#6313,#6313,#6315,.T.);
#6313 = VERTEX_POINT('',#6314);
#6314 = CARTESIAN_POINT('',(-183.1406563273,-205.7680733252,220.));
#6315 = CIRCLE('',#6316,3.);
#6316 = AXIS2_PLACEMENT_3D('',#6317,#6318,#6319);
#6317 = CARTESIAN_POINT('',(-183.1406563273,-205.7680733252,217.));
#6318 = DIRECTION('',(0.707106781187,-0.707106781187,0.));
#6319 = DIRECTION('',(0.,0.,1.));
#6320 = FACE_BOUND('',#6321,.T.);
#6321 = EDGE_LOOP('',(#6322));
#6322 = ORIENTED_EDGE('',*,*,#6323,.F.);
#6323 = EDGE_CURVE('',#6324,#6324,#6326,.T.);
#6324 = VERTEX_POINT('',#6325);
#6325 = CARTESIAN_POINT('',(-183.1406563273,-205.7680733252,248.));
#6326 = CIRCLE('',#6327,3.);
#6327 = AXIS2_PLACEMENT_3D('',#6328,#6329,#6330);
#6328 = CARTESIAN_POINT('',(-183.1406563273,-205.7680733252,245.));
#6329 = DIRECTION('',(0.707106781187,-0.707106781187,0.));
#6330 = DIRECTION('',(0.,0.,1.));
#6331 = FACE_BOUND('',#6332,.T.);
#6332 = EDGE_LOOP('',(#6333));
#6333 = ORIENTED_EDGE('',*,*,#6334,.F.);
#6334 = EDGE_CURVE('',#6335,#6335,#6337,.T.);
#6335 = VERTEX_POINT('',#6336);
#6336 = CARTESIAN_POINT('',(-183.1406563273,-205.7680733252,276.));
#6337 = CIRCLE('',#6338,3.);
#6338 = AXIS2_PLACEMENT_3D('',#6339,#6340,#6341);
#6339 = CARTESIAN_POINT('',(-183.1406563273,-205.7680733252,273.));
#6340 = DIRECTION('',(0.707106781187,-0.707106781187,0.));
#6341 = DIRECTION('',(0.,0.,1.));
#6342 = PLANE('',#6343);
#6343 = AXIS2_PLACEMENT_3D('',#6344,#6345,#6346);
#6344 = CARTESIAN_POINT('',(-176.0695885154,-198.6970055134,18.));
#6345 = DIRECTION('',(0.707106781187,-0.707106781187,0.));
#6346 = DIRECTION('',(0.,0.,1.));
#6347 = ADVANCED_FACE('',(#6348),#6359,.F.);
#6348 = FACE_BOUND('',#6349,.F.);
#6349 = EDGE_LOOP('',(#6350,#6351,#6352,#6358));
#6350 = ORIENTED_EDGE('',*,*,#6176,.F.);
#6351 = ORIENTED_EDGE('',*,*,#6206,.T.);
#6352 = ORIENTED_EDGE('',*,*,#6353,.T.);
#6353 = EDGE_CURVE('',#6207,#6295,#6354,.T.);
#6354 = LINE('',#6355,#6356);
#6355 = CARTESIAN_POINT('',(-193.0401512639,-210.0107140124,18.));
#6356 = VECTOR('',#6357,1.);
#6357 = DIRECTION('',(0.707106781187,-0.707106781187,0.));
#6358 = ORIENTED_EDGE('',*,*,#6294,.F.);
#6359 = PLANE('',#6360);
#6360 = AXIS2_PLACEMENT_3D('',#6361,#6362,#6363);
#6361 = CARTESIAN_POINT('',(-178.8980156401,-195.8685783886,18.));
#6362 = DIRECTION('',(0.,0.,1.));
#6363 = DIRECTION('',(-0.707106781187,-0.707106781187,0.));
#6364 = ADVANCED_FACE('',(#6365),#6371,.T.);
#6365 = FACE_BOUND('',#6366,.T.);
#6366 = EDGE_LOOP('',(#6367,#6368,#6369,#6370));
#6367 = ORIENTED_EDGE('',*,*,#6223,.F.);
#6368 = ORIENTED_EDGE('',*,*,#6353,.T.);
#6369 = ORIENTED_EDGE('',*,*,#6304,.T.);
#6370 = ORIENTED_EDGE('',*,*,#6272,.F.);
#6371 = PLANE('',#6372);
#6372 = AXIS2_PLACEMENT_3D('',#6373,#6374,#6375);
#6373 = CARTESIAN_POINT('',(-193.0401512639,-210.0107140124,18.));
#6374 = DIRECTION('',(-0.707106781187,-0.707106781187,0.));
#6375 = DIRECTION('',(0.,0.,1.));
#6376 = ADVANCED_FACE('',(#6377),#6388,.F.);
#6377 = FACE_BOUND('',#6378,.F.);
#6378 = EDGE_LOOP('',(#6379,#6380,#6386,#6387));
#6379 = ORIENTED_EDGE('',*,*,#6312,.F.);
#6380 = ORIENTED_EDGE('',*,*,#6381,.F.);
#6381 = EDGE_CURVE('',#6232,#6313,#6382,.T.);
#6382 = LINE('',#6383,#6384);
#6383 = CARTESIAN_POINT('',(-236.8807716974,-152.0279579551,220.));
#6384 = VECTOR('',#6385,1.);
#6385 = DIRECTION('',(0.707106781187,-0.707106781187,0.));
#6386 = ORIENTED_EDGE('',*,*,#6231,.T.);
#6387 = ORIENTED_EDGE('',*,*,#6381,.T.);
#6388 = CYLINDRICAL_SURFACE('',#6389,3.);
#6389 = AXIS2_PLACEMENT_3D('',#6390,#6391,#6392);
#6390 = CARTESIAN_POINT('',(-236.8807716974,-152.0279579551,217.));
#6391 = DIRECTION('',(0.707106781187,-0.707106781187,0.));
#6392 = DIRECTION('',(0.,0.,1.));
#6393 = ADVANCED_FACE('',(#6394),#6405,.F.);
#6394 = FACE_BOUND('',#6395,.F.);
#6395 = EDGE_LOOP('',(#6396,#6397,#6403,#6404));
#6396 = ORIENTED_EDGE('',*,*,#6323,.F.);
#6397 = ORIENTED_EDGE('',*,*,#6398,.F.);
#6398 = EDGE_CURVE('',#6243,#6324,#6399,.T.);
#6399 = LINE('',#6400,#6401);
#6400 = CARTESIAN_POINT('',(-236.8807716974,-152.0279579551,248.));
#6401 = VECTOR('',#6402,1.);
#6402 = DIRECTION('',(0.707106781187,-0.707106781187,0.));
#6403 = ORIENTED_EDGE('',*,*,#6242,.T.);
#6404 = ORIENTED_EDGE('',*,*,#6398,.T.);
#6405 = CYLINDRICAL_SURFACE('',#6406,3.);
#6406 = AXIS2_PLACEMENT_3D('',#6407,#6408,#6409);
#6407 = CARTESIAN_POINT('',(-236.8807716974,-152.0279579551,245.));
#6408 = DIRECTION('',(0.707106781187,-0.707106781187,0.));
#6409 = DIRECTION('',(0.,0.,1.));
#6410 = ADVANCED_FACE('',(#6411),#6422,.F.);
#6411 = FACE_BOUND('',#6412,.F.);
#6412 = EDGE_LOOP('',(#6413,#6414,#6420,#6421));
#6413 = ORIENTED_EDGE('',*,*,#6334,.F.);
#6414 = ORIENTED_EDGE('',*,*,#6415,.F.);
#6415 = EDGE_CURVE('',#6254,#6335,#6416,.T.);
#6416 = LINE('',#6417,#6418);
#6417 = CARTESIAN_POINT('',(-236.8807716974,-152.0279579551,276.));
#6418 = VECTOR('',#6419,1.);
#6419 = DIRECTION('',(0.707106781187,-0.707106781187,0.));
#6420 = ORIENTED_EDGE('',*,*,#6253,.T.);
#6421 = ORIENTED_EDGE('',*,*,#6415,.T.);
#6422 = CYLINDRICAL_SURFACE('',#6423,3.);
#6423 = AXIS2_PLACEMENT_3D('',#6424,#6425,#6426);
#6424 = CARTESIAN_POINT('',(-236.8807716974,-152.0279579551,273.));
#6425 = DIRECTION('',(0.707106781187,-0.707106781187,0.));
#6426 = DIRECTION('',(0.,0.,1.));
#6427 = ( GEOMETRIC_REPRESENTATION_CONTEXT(3) 
GLOBAL_UNCERTAINTY_ASSIGNED_CONTEXT((#6431)) 
GLOBAL_UNIT_ASSIGNED_CONTEXT((#6428,#6429,#6430)) REPRESENTATION_CONTEXT
('Context #1','3D Context with UNIT and UNCERTAINTY') );
#6428 = ( LENGTH_UNIT() NAMED_UNIT(*) SI_UNIT(.MILLI.,.METRE.) );
#6429 = ( NAMED_UNIT(*) PLANE_ANGLE_UNIT() SI_UNIT($,.RADIAN.) );
#6430 = ( NAMED_UNIT(*) SI_UNIT($,.STERADIAN.) SOLID_ANGLE_UNIT() );
#6431 = UNCERTAINTY_MEASURE_WITH_UNIT(LENGTH_MEASURE(1.E-07),#6428,
  'distance_accuracy_value','confusion accuracy');
#6432 = CONTEXT_DEPENDENT_SHAPE_REPRESENTATION(#6433,#6435);
#6433 = ( REPRESENTATION_RELATIONSHIP('','',#6159,#10) 
REPRESENTATION_RELATIONSHIP_WITH_TRANSFORMATION(#6434) 
SHAPE_REPRESENTATION_RELATIONSHIP() );
#6434 = ITEM_DEFINED_TRANSFORMATION('','',#11,#111);
#6435 = PRODUCT_DEFINITION_SHAPE('Placement','Placement of an item',
  #6436);
#6436 = NEXT_ASSEMBLY_USAGE_OCCURRENCE('25','P25 Slot jamb 225 / 1','',
  #5,#6154,$);
#6437 = PRODUCT_RELATED_PRODUCT_CATEGORY('part',$,(#6156));
#6438 = SHAPE_DEFINITION_REPRESENTATION(#6439,#6445);
#6439 = PRODUCT_DEFINITION_SHAPE('','',#6440);
#6440 = PRODUCT_DEFINITION('design','',#6441,#6444);
#6441 = PRODUCT_DEFINITION_FORMATION('','',#6442);
#6442 = PRODUCT('P26 Slot lintel 225','P26 Slot lintel 225','',(#6443));
#6443 = PRODUCT_CONTEXT('',#2,'mechanical');
#6444 = PRODUCT_DEFINITION_CONTEXT('part definition',#2,'design');
#6445 = ADVANCED_BREP_SHAPE_REPRESENTATION('',(#11,#6446),#6596);
#6446 = MANIFOLD_SOLID_BREP('',#6447);
#6447 = CLOSED_SHELL('',(#6448,#6488,#6528,#6550,#6572,#6584));
#6448 = ADVANCED_FACE('',(#6449),#6483,.F.);
#6449 = FACE_BOUND('',#6450,.F.);
#6450 = EDGE_LOOP('',(#6451,#6461,#6469,#6477));
#6451 = ORIENTED_EDGE('',*,*,#6452,.F.);
#6452 = EDGE_CURVE('',#6453,#6455,#6457,.T.);
#6453 = VERTEX_POINT('',#6454);
#6454 = CARTESIAN_POINT('',(-198.6970055134,-176.0695885154,280.));
#6455 = VERTEX_POINT('',#6456);
#6456 = CARTESIAN_POINT('',(-198.6970055134,-176.0695885154,284.));
#6457 = LINE('',#6458,#6459);
#6458 = CARTESIAN_POINT('',(-198.6970055134,-176.0695885154,280.));
#6459 = VECTOR('',#6460,1.);
#6460 = DIRECTION('',(0.,0.,1.));
#6461 = ORIENTED_EDGE('',*,*,#6462,.T.);
#6462 = EDGE_CURVE('',#6453,#6463,#6465,.T.);
#6463 = VERTEX_POINT('',#6464);
#6464 = CARTESIAN_POINT('',(-176.0695885154,-198.6970055134,280.));
#6465 = LINE('',#6466,#6467);
#6466 = CARTESIAN_POINT('',(-198.6970055134,-176.0695885154,280.));
#6467 = VECTOR('',#6468,1.);
#6468 = DIRECTION('',(0.707106781187,-0.707106781187,0.));
#6469 = ORIENTED_EDGE('',*,*,#6470,.T.);
#6470 = EDGE_CURVE('',#6463,#6471,#6473,.T.);
#6471 = VERTEX_POINT('',#6472);
#6472 = CARTESIAN_POINT('',(-176.0695885154,-198.6970055134,284.));
#6473 = LINE('',#6474,#6475);
#6474 = CARTESIAN_POINT('',(-176.0695885154,-198.6970055134,280.));
#6475 = VECTOR('',#6476,1.);
#6476 = DIRECTION('',(0.,0.,1.));
#6477 = ORIENTED_EDGE('',*,*,#6478,.F.);
#6478 = EDGE_CURVE('',#6455,#6471,#6479,.T.);
#6479 = LINE('',#6480,#6481);
#6480 = CARTESIAN_POINT('',(-198.6970055134,-176.0695885154,284.));
#6481 = VECTOR('',#6482,1.);
#6482 = DIRECTION('',(0.707106781187,-0.707106781187,0.));
#6483 = PLANE('',#6484);
#6484 = AXIS2_PLACEMENT_3D('',#6485,#6486,#6487);
#6485 = CARTESIAN_POINT('',(-198.6970055134,-176.0695885154,280.));
#6486 = DIRECTION('',(-0.707106781187,-0.707106781187,0.));
#6487 = DIRECTION('',(0.,0.,1.));
#6488 = ADVANCED_FACE('',(#6489),#6523,.T.);
#6489 = FACE_BOUND('',#6490,.T.);
#6490 = EDGE_LOOP('',(#6491,#6501,#6509,#6517));
#6491 = ORIENTED_EDGE('',*,*,#6492,.F.);
#6492 = EDGE_CURVE('',#6493,#6495,#6497,.T.);
#6493 = VERTEX_POINT('',#6494);
#6494 = CARTESIAN_POINT('',(-212.8391411371,-190.2117241391,280.));
#6495 = VERTEX_POINT('',#6496);
#6496 = CARTESIAN_POINT('',(-212.8391411371,-190.2117241391,284.));
#6497 = LINE('',#6498,#6499);
#6498 = CARTESIAN_POINT('',(-212.8391411371,-190.2117241391,280.));
#6499 = VECTOR('',#6500,1.);
#6500 = DIRECTION('',(0.,0.,1.));
#6501 = ORIENTED_EDGE('',*,*,#6502,.T.);
#6502 = EDGE_CURVE('',#6493,#6503,#6505,.T.);
#6503 = VERTEX_POINT('',#6504);
#6504 = CARTESIAN_POINT('',(-190.2117241391,-212.8391411371,280.));
#6505 = LINE('',#6506,#6507);
#6506 = CARTESIAN_POINT('',(-212.8391411371,-190.2117241391,280.));
#6507 = VECTOR('',#6508,1.);
#6508 = DIRECTION('',(0.707106781187,-0.707106781187,0.));
#6509 = ORIENTED_EDGE('',*,*,#6510,.T.);
#6510 = EDGE_CURVE('',#6503,#6511,#6513,.T.);
#6511 = VERTEX_POINT('',#6512);
#6512 = CARTESIAN_POINT('',(-190.2117241391,-212.8391411371,284.));
#6513 = LINE('',#6514,#6515);
#6514 = CARTESIAN_POINT('',(-190.2117241391,-212.8391411371,280.));
#6515 = VECTOR('',#6516,1.);
#6516 = DIRECTION('',(0.,0.,1.));
#6517 = ORIENTED_EDGE('',*,*,#6518,.F.);
#6518 = EDGE_CURVE('',#6495,#6511,#6519,.T.);
#6519 = LINE('',#6520,#6521);
#6520 = CARTESIAN_POINT('',(-212.8391411371,-190.2117241391,284.));
#6521 = VECTOR('',#6522,1.);
#6522 = DIRECTION('',(0.707106781187,-0.707106781187,0.));
#6523 = PLANE('',#6524);
#6524 = AXIS2_PLACEMENT_3D('',#6525,#6526,#6527);
#6525 = CARTESIAN_POINT('',(-212.8391411371,-190.2117241391,280.));
#6526 = DIRECTION('',(-0.707106781187,-0.707106781187,0.));
#6527 = DIRECTION('',(0.,0.,1.));
#6528 = ADVANCED_FACE('',(#6529),#6545,.F.);
#6529 = FACE_BOUND('',#6530,.F.);
#6530 = EDGE_LOOP('',(#6531,#6537,#6538,#6544));
#6531 = ORIENTED_EDGE('',*,*,#6532,.F.);
#6532 = EDGE_CURVE('',#6453,#6493,#6533,.T.);
#6533 = LINE('',#6534,#6535);
#6534 = CARTESIAN_POINT('',(-198.6970055134,-176.0695885154,280.));
#6535 = VECTOR('',#6536,1.);
#6536 = DIRECTION('',(-0.707106781187,-0.707106781187,0.));
#6537 = ORIENTED_EDGE('',*,*,#6452,.T.);
#6538 = ORIENTED_EDGE('',*,*,#6539,.T.);
#6539 = EDGE_CURVE('',#6455,#6495,#6540,.T.);
#6540 = LINE('',#6541,#6542);
#6541 = CARTESIAN_POINT('',(-198.6970055134,-176.0695885154,284.));
#6542 = VECTOR('',#6543,1.);
#6543 = DIRECTION('',(-0.707106781187,-0.707106781187,0.));
#6544 = ORIENTED_EDGE('',*,*,#6492,.F.);
#6545 = PLANE('',#6546);
#6546 = AXIS2_PLACEMENT_3D('',#6547,#6548,#6549);
#6547 = CARTESIAN_POINT('',(-198.6970055134,-176.0695885154,280.));
#6548 = DIRECTION('',(0.707106781187,-0.707106781187,0.));
#6549 = DIRECTION('',(0.,0.,1.));
#6550 = ADVANCED_FACE('',(#6551),#6567,.T.);
#6551 = FACE_BOUND('',#6552,.T.);
#6552 = EDGE_LOOP('',(#6553,#6559,#6560,#6566));
#6553 = ORIENTED_EDGE('',*,*,#6554,.F.);
#6554 = EDGE_CURVE('',#6463,#6503,#6555,.T.);
#6555 = LINE('',#6556,#6557);
#6556 = CARTESIAN_POINT('',(-176.0695885154,-198.6970055134,280.));
#6557 = VECTOR('',#6558,1.);
#6558 = DIRECTION('',(-0.707106781187,-0.707106781187,0.));
#6559 = ORIENTED_EDGE('',*,*,#6470,.T.);
#6560 = ORIENTED_EDGE('',*,*,#6561,.T.);
#6561 = EDGE_CURVE('',#6471,#6511,#6562,.T.);
#6562 = LINE('',#6563,#6564);
#6563 = CARTESIAN_POINT('',(-176.0695885154,-198.6970055134,284.));
#6564 = VECTOR('',#6565,1.);
#6565 = DIRECTION('',(-0.707106781187,-0.707106781187,0.));
#6566 = ORIENTED_EDGE('',*,*,#6510,.F.);
#6567 = PLANE('',#6568);
#6568 = AXIS2_PLACEMENT_3D('',#6569,#6570,#6571);
#6569 = CARTESIAN_POINT('',(-176.0695885154,-198.6970055134,280.));
#6570 = DIRECTION('',(0.707106781187,-0.707106781187,0.));
#6571 = DIRECTION('',(0.,0.,1.));
#6572 = ADVANCED_FACE('',(#6573),#6579,.F.);
#6573 = FACE_BOUND('',#6574,.F.);
#6574 = EDGE_LOOP('',(#6575,#6576,#6577,#6578));
#6575 = ORIENTED_EDGE('',*,*,#6462,.F.);
#6576 = ORIENTED_EDGE('',*,*,#6532,.T.);
#6577 = ORIENTED_EDGE('',*,*,#6502,.T.);
#6578 = ORIENTED_EDGE('',*,*,#6554,.F.);
#6579 = PLANE('',#6580);
#6580 = AXIS2_PLACEMENT_3D('',#6581,#6582,#6583);
#6581 = CARTESIAN_POINT('',(-198.6970055134,-176.0695885154,280.));
#6582 = DIRECTION('',(0.,0.,1.));
#6583 = DIRECTION('',(-0.707106781187,-0.707106781187,0.));
#6584 = ADVANCED_FACE('',(#6585),#6591,.T.);
#6585 = FACE_BOUND('',#6586,.T.);
#6586 = EDGE_LOOP('',(#6587,#6588,#6589,#6590));
#6587 = ORIENTED_EDGE('',*,*,#6478,.F.);
#6588 = ORIENTED_EDGE('',*,*,#6539,.T.);
#6589 = ORIENTED_EDGE('',*,*,#6518,.T.);
#6590 = ORIENTED_EDGE('',*,*,#6561,.F.);
#6591 = PLANE('',#6592);
#6592 = AXIS2_PLACEMENT_3D('',#6593,#6594,#6595);
#6593 = CARTESIAN_POINT('',(-198.6970055134,-176.0695885154,284.));
#6594 = DIRECTION('',(0.,0.,1.));
#6595 = DIRECTION('',(-0.707106781187,-0.707106781187,0.));
#6596 = ( GEOMETRIC_REPRESENTATION_CONTEXT(3) 
GLOBAL_UNCERTAINTY_ASSIGNED_CONTEXT((#6600)) 
GLOBAL_UNIT_ASSIGNED_CONTEXT((#6597,#6598,#6599)) REPRESENTATION_CONTEXT
('Context #1','3D Context with UNIT and UNCERTAINTY') );
#6597 = ( LENGTH_UNIT() NAMED_UNIT(*) SI_UNIT(.MILLI.,.METRE.) );
#6598 = ( NAMED_UNIT(*) PLANE_ANGLE_UNIT() SI_UNIT($,.RADIAN.) );
#6599 = ( NAMED_UNIT(*) SI_UNIT($,.STERADIAN.) SOLID_ANGLE_UNIT() );
#6600 = UNCERTAINTY_MEASURE_WITH_UNIT(LENGTH_MEASURE(1.E-07),#6597,
  'distance_accuracy_value','confusion accuracy');
#6601 = CONTEXT_DEPENDENT_SHAPE_REPRESENTATION(#6602,#6604);
#6602 = ( REPRESENTATION_RELATIONSHIP('','',#6445,#10) 
REPRESENTATION_RELATIONSHIP_WITH_TRANSFORMATION(#6603) 
SHAPE_REPRESENTATION_RELATIONSHIP() );
#6603 = ITEM_DEFINED_TRANSFORMATION('','',#11,#115);
#6604 = PRODUCT_DEFINITION_SHAPE('Placement','Placement of an item',
  #6605);
#6605 = NEXT_ASSEMBLY_USAGE_OCCURRENCE('26','P26 Slot lintel 225','',#5,
  #6440,$);
#6606 = PRODUCT_RELATED_PRODUCT_CATEGORY('part',$,(#6442));
#6607 = SHAPE_DEFINITION_REPRESENTATION(#6608,#6614);
#6608 = PRODUCT_DEFINITION_SHAPE('','',#6609);
#6609 = PRODUCT_DEFINITION('design','',#6610,#6613);
#6610 = PRODUCT_DEFINITION_FORMATION('','',#6611);
#6611 = PRODUCT('P27 Foot shoe 225','P27 Foot shoe 225','',(#6612));
#6612 = PRODUCT_CONTEXT('',#2,'mechanical');
#6613 = PRODUCT_DEFINITION_CONTEXT('part definition',#2,'design');
#6614 = ADVANCED_BREP_SHAPE_REPRESENTATION('',(#11,#6615),#6765);
#6615 = MANIFOLD_SOLID_BREP('',#6616);
#6616 = CLOSED_SHELL('',(#6617,#6657,#6697,#6719,#6741,#6753));
#6617 = ADVANCED_FACE('',(#6618),#6652,.F.);
#6618 = FACE_BOUND('',#6619,.F.);
#6619 = EDGE_LOOP('',(#6620,#6630,#6638,#6646));
#6620 = ORIENTED_EDGE('',*,*,#6621,.F.);
#6621 = EDGE_CURVE('',#6622,#6624,#6626,.T.);
#6622 = VERTEX_POINT('',#6623);
#6623 = CARTESIAN_POINT('',(-228.3954903232,-143.5426765808,0.));
#6624 = VERTEX_POINT('',#6625);
#6625 = CARTESIAN_POINT('',(-228.3954903232,-143.5426765808,18.));
#6626 = LINE('',#6627,#6628);
#6627 = CARTESIAN_POINT('',(-228.3954903232,-143.5426765808,0.));
#6628 = VECTOR('',#6629,1.);
#6629 = DIRECTION('',(0.,0.,1.));
#6630 = ORIENTED_EDGE('',*,*,#6631,.T.);
#6631 = EDGE_CURVE('',#6622,#6632,#6634,.T.);
#6632 = VERTEX_POINT('',#6633);
#6633 = CARTESIAN_POINT('',(-143.5426765808,-228.3954903232,0.));
#6634 = LINE('',#6635,#6636);
#6635 = CARTESIAN_POINT('',(-228.3954903232,-143.5426765808,0.));
#6636 = VECTOR('',#6637,1.);
#6637 = DIRECTION('',(0.707106781187,-0.707106781187,0.));
#6638 = ORIENTED_EDGE('',*,*,#6639,.T.);
#6639 = EDGE_CURVE('',#6632,#6640,#6642,.T.);
#6640 = VERTEX_POINT('',#6641);
#6641 = CARTESIAN_POINT('',(-143.5426765808,-228.3954903232,18.));
#6642 = LINE('',#6643,#6644);
#6643 = CARTESIAN_POINT('',(-143.5426765808,-228.3954903232,0.));
#6644 = VECTOR('',#6645,1.);
#6645 = DIRECTION('',(0.,0.,1.));
#6646 = ORIENTED_EDGE('',*,*,#6647,.F.);
#6647 = EDGE_CURVE('',#6624,#6640,#6648,.T.);
#6648 = LINE('',#6649,#6650);
#6649 = CARTESIAN_POINT('',(-228.3954903232,-143.5426765808,18.));
#6650 = VECTOR('',#6651,1.);
#6651 = DIRECTION('',(0.707106781187,-0.707106781187,0.));
#6652 = PLANE('',#6653);
#6653 = AXIS2_PLACEMENT_3D('',#6654,#6655,#6656);
#6654 = CARTESIAN_POINT('',(-228.3954903232,-143.5426765808,0.));
#6655 = DIRECTION('',(-0.707106781187,-0.707106781187,0.));
#6656 = DIRECTION('',(0.,0.,1.));
#6657 = ADVANCED_FACE('',(#6658),#6692,.T.);
#6658 = FACE_BOUND('',#6659,.T.);
#6659 = EDGE_LOOP('',(#6660,#6670,#6678,#6686));
#6660 = ORIENTED_EDGE('',*,*,#6661,.F.);
#6661 = EDGE_CURVE('',#6662,#6664,#6666,.T.);
#6662 = VERTEX_POINT('',#6663);
#6663 = CARTESIAN_POINT('',(-245.3660530717,-160.5132393293,0.));
#6664 = VERTEX_POINT('',#6665);
#6665 = CARTESIAN_POINT('',(-245.3660530717,-160.5132393293,18.));
#6666 = LINE('',#6667,#6668);
#6667 = CARTESIAN_POINT('',(-245.3660530717,-160.5132393293,0.));
#6668 = VECTOR('',#6669,1.);
#6669 = DIRECTION('',(0.,0.,1.));
#6670 = ORIENTED_EDGE('',*,*,#6671,.T.);
#6671 = EDGE_CURVE('',#6662,#6672,#6674,.T.);
#6672 = VERTEX_POINT('',#6673);
#6673 = CARTESIAN_POINT('',(-160.5132393293,-245.3660530717,0.));
#6674 = LINE('',#6675,#6676);
#6675 = CARTESIAN_POINT('',(-245.3660530717,-160.5132393293,0.));
#6676 = VECTOR('',#6677,1.);
#6677 = DIRECTION('',(0.707106781187,-0.707106781187,0.));
#6678 = ORIENTED_EDGE('',*,*,#6679,.T.);
#6679 = EDGE_CURVE('',#6672,#6680,#6682,.T.);
#6680 = VERTEX_POINT('',#6681);
#6681 = CARTESIAN_POINT('',(-160.5132393293,-245.3660530717,18.));
#6682 = LINE('',#6683,#6684);
#6683 = CARTESIAN_POINT('',(-160.5132393293,-245.3660530717,0.));
#6684 = VECTOR('',#6685,1.);
#6685 = DIRECTION('',(0.,0.,1.));
#6686 = ORIENTED_EDGE('',*,*,#6687,.F.);
#6687 = EDGE_CURVE('',#6664,#6680,#6688,.T.);
#6688 = LINE('',#6689,#6690);
#6689 = CARTESIAN_POINT('',(-245.3660530717,-160.5132393293,18.));
#6690 = VECTOR('',#6691,1.);
#6691 = DIRECTION('',(0.707106781187,-0.707106781187,0.));
#6692 = PLANE('',#6693);
#6693 = AXIS2_PLACEMENT_3D('',#6694,#6695,#6696);
#6694 = CARTESIAN_POINT('',(-245.3660530717,-160.5132393293,0.));
#6695 = DIRECTION('',(-0.707106781187,-0.707106781187,0.));
#6696 = DIRECTION('',(0.,0.,1.));
#6697 = ADVANCED_FACE('',(#6698),#6714,.F.);
#6698 = FACE_BOUND('',#6699,.F.);
#6699 = EDGE_LOOP('',(#6700,#6706,#6707,#6713));
#6700 = ORIENTED_EDGE('',*,*,#6701,.F.);
#6701 = EDGE_CURVE('',#6622,#6662,#6702,.T.);
#6702 = LINE('',#6703,#6704);
#6703 = CARTESIAN_POINT('',(-228.3954903232,-143.5426765808,0.));
#6704 = VECTOR('',#6705,1.);
#6705 = DIRECTION('',(-0.707106781187,-0.707106781187,0.));
#6706 = ORIENTED_EDGE('',*,*,#6621,.T.);
#6707 = ORIENTED_EDGE('',*,*,#6708,.T.);
#6708 = EDGE_CURVE('',#6624,#6664,#6709,.T.);
#6709 = LINE('',#6710,#6711);
#6710 = CARTESIAN_POINT('',(-228.3954903232,-143.5426765808,18.));
#6711 = VECTOR('',#6712,1.);
#6712 = DIRECTION('',(-0.707106781187,-0.707106781187,0.));
#6713 = ORIENTED_EDGE('',*,*,#6661,.F.);
#6714 = PLANE('',#6715);
#6715 = AXIS2_PLACEMENT_3D('',#6716,#6717,#6718);
#6716 = CARTESIAN_POINT('',(-228.3954903232,-143.5426765808,0.));
#6717 = DIRECTION('',(0.707106781187,-0.707106781187,0.));
#6718 = DIRECTION('',(0.,0.,1.));
#6719 = ADVANCED_FACE('',(#6720),#6736,.T.);
#6720 = FACE_BOUND('',#6721,.T.);
#6721 = EDGE_LOOP('',(#6722,#6728,#6729,#6735));
#6722 = ORIENTED_EDGE('',*,*,#6723,.F.);
#6723 = EDGE_CURVE('',#6632,#6672,#6724,.T.);
#6724 = LINE('',#6725,#6726);
#6725 = CARTESIAN_POINT('',(-143.5426765808,-228.3954903232,0.));
#6726 = VECTOR('',#6727,1.);
#6727 = DIRECTION('',(-0.707106781187,-0.707106781187,0.));
#6728 = ORIENTED_EDGE('',*,*,#6639,.T.);
#6729 = ORIENTED_EDGE('',*,*,#6730,.T.);
#6730 = EDGE_CURVE('',#6640,#6680,#6731,.T.);
#6731 = LINE('',#6732,#6733);
#6732 = CARTESIAN_POINT('',(-143.5426765808,-228.3954903232,18.));
#6733 = VECTOR('',#6734,1.);
#6734 = DIRECTION('',(-0.707106781187,-0.707106781187,0.));
#6735 = ORIENTED_EDGE('',*,*,#6679,.F.);
#6736 = PLANE('',#6737);
#6737 = AXIS2_PLACEMENT_3D('',#6738,#6739,#6740);
#6738 = CARTESIAN_POINT('',(-143.5426765808,-228.3954903232,0.));
#6739 = DIRECTION('',(0.707106781187,-0.707106781187,0.));
#6740 = DIRECTION('',(0.,0.,1.));
#6741 = ADVANCED_FACE('',(#6742),#6748,.F.);
#6742 = FACE_BOUND('',#6743,.F.);
#6743 = EDGE_LOOP('',(#6744,#6745,#6746,#6747));
#6744 = ORIENTED_EDGE('',*,*,#6631,.F.);
#6745 = ORIENTED_EDGE('',*,*,#6701,.T.);
#6746 = ORIENTED_EDGE('',*,*,#6671,.T.);
#6747 = ORIENTED_EDGE('',*,*,#6723,.F.);
#6748 = PLANE('',#6749);
#6749 = AXIS2_PLACEMENT_3D('',#6750,#6751,#6752);
#6750 = CARTESIAN_POINT('',(-228.3954903232,-143.5426765808,0.));
#6751 = DIRECTION('',(0.,0.,1.));
#6752 = DIRECTION('',(-0.707106781187,-0.707106781187,0.));
#6753 = ADVANCED_FACE('',(#6754),#6760,.T.);
#6754 = FACE_BOUND('',#6755,.T.);
#6755 = EDGE_LOOP('',(#6756,#6757,#6758,#6759));
#6756 = ORIENTED_EDGE('',*,*,#6647,.F.);
#6757 = ORIENTED_EDGE('',*,*,#6708,.T.);
#6758 = ORIENTED_EDGE('',*,*,#6687,.T.);
#6759 = ORIENTED_EDGE('',*,*,#6730,.F.);
#6760 = PLANE('',#6761);
#6761 = AXIS2_PLACEMENT_3D('',#6762,#6763,#6764);
#6762 = CARTESIAN_POINT('',(-228.3954903232,-143.5426765808,18.));
#6763 = DIRECTION('',(0.,0.,1.));
#6764 = DIRECTION('',(-0.707106781187,-0.707106781187,0.));
#6765 = ( GEOMETRIC_REPRESENTATION_CONTEXT(3) 
GLOBAL_UNCERTAINTY_ASSIGNED_CONTEXT((#6769)) 
GLOBAL_UNIT_ASSIGNED_CONTEXT((#6766,#6767,#6768)) REPRESENTATION_CONTEXT
('Context #1','3D Context with UNIT and UNCERTAINTY') );
#6766 = ( LENGTH_UNIT() NAMED_UNIT(*) SI_UNIT(.MILLI.,.METRE.) );
#6767 = ( NAMED_UNIT(*) PLANE_ANGLE_UNIT() SI_UNIT($,.RADIAN.) );
#6768 = ( NAMED_UNIT(*) SI_UNIT($,.STERADIAN.) SOLID_ANGLE_UNIT() );
#6769 = UNCERTAINTY_MEASURE_WITH_UNIT(LENGTH_MEASURE(1.E-07),#6766,
  'distance_accuracy_value','confusion accuracy');
#6770 = CONTEXT_DEPENDENT_SHAPE_REPRESENTATION(#6771,#6773);
#6771 = ( REPRESENTATION_RELATIONSHIP('','',#6614,#10) 
REPRESENTATION_RELATIONSHIP_WITH_TRANSFORMATION(#6772) 
SHAPE_REPRESENTATION_RELATIONSHIP() );
#6772 = ITEM_DEFINED_TRANSFORMATION('','',#11,#119);
#6773 = PRODUCT_DEFINITION_SHAPE('Placement','Placement of an item',
  #6774);
#6774 = NEXT_ASSEMBLY_USAGE_OCCURRENCE('27','P27 Foot shoe 225','',#5,
  #6609,$);
#6775 = PRODUCT_RELATED_PRODUCT_CATEGORY('part',$,(#6611));
#6776 = SHAPE_DEFINITION_REPRESENTATION(#6777,#6783);
#6777 = PRODUCT_DEFINITION_SHAPE('','',#6778);
#6778 = PRODUCT_DEFINITION('design','',#6779,#6782);
#6779 = PRODUCT_DEFINITION_FORMATION('','',#6780);
#6780 = PRODUCT('P28 Arched blade 315 / maple segment 1',
  'P28 Arched blade 315 / maple segment 1','',(#6781));
#6781 = PRODUCT_CONTEXT('',#2,'mechanical');
#6782 = PRODUCT_DEFINITION_CONTEXT('part definition',#2,'design');
#6783 = ADVANCED_BREP_SHAPE_REPRESENTATION('',(#11,#6784),#7300);
#6784 = MANIFOLD_SOLID_BREP('',#6785);
#6785 = CLOSED_SHELL('',(#6786,#6858,#6922,#6946,#7003,#7027,#7084,#7108
    ,#7165,#7182,#7198,#7215,#7232,#7249,#7266,#7283));
#6786 = ADVANCED_FACE('',(#6787),#6853,.F.);
#6787 = FACE_BOUND('',#6788,.F.);
#6788 = EDGE_LOOP('',(#6789,#6799,#6807,#6815,#6823,#6831,#6839,#6847));
#6789 = ORIENTED_EDGE('',*,*,#6790,.F.);
#6790 = EDGE_CURVE('',#6791,#6793,#6795,.T.);
#6791 = VERTEX_POINT('',#6792);
#6792 = CARTESIAN_POINT('',(144.95689014324,-229.8097038856,18.));
#6793 = VERTEX_POINT('',#6794);
#6794 = CARTESIAN_POINT('',(144.95689014324,-229.8097038856,
    353.90524980688));
#6795 = LINE('',#6796,#6797);
#6796 = CARTESIAN_POINT('',(144.95689014324,-229.8097038856,18.));
#6797 = VECTOR('',#6798,1.);
#6798 = DIRECTION('',(0.,0.,1.));
#6799 = ORIENTED_EDGE('',*,*,#6800,.T.);
#6800 = EDGE_CURVE('',#6791,#6801,#6803,.T.);
#6801 = VERTEX_POINT('',#6802);
#6802 = CARTESIAN_POINT('',(176.06958851545,-198.6970055134,18.));
#6803 = LINE('',#6804,#6805);
#6804 = CARTESIAN_POINT('',(144.95689014324,-229.8097038856,18.));
#6805 = VECTOR('',#6806,1.);
#6806 = DIRECTION('',(0.707106781187,0.707106781187,0.));
#6807 = ORIENTED_EDGE('',*,*,#6808,.T.);
#6808 = EDGE_CURVE('',#6801,#6809,#6811,.T.);
#6809 = VERTEX_POINT('',#6810);
#6810 = CARTESIAN_POINT('',(176.06958851545,-198.6970055134,284.));
#6811 = LINE('',#6812,#6813);
#6812 = CARTESIAN_POINT('',(176.06958851545,-198.6970055134,18.));
#6813 = VECTOR('',#6814,1.);
#6814 = DIRECTION('',(0.,0.,1.));
#6815 = ORIENTED_EDGE('',*,*,#6816,.F.);
#6816 = EDGE_CURVE('',#6817,#6809,#6819,.T.);
#6817 = VERTEX_POINT('',#6818);
#6818 = CARTESIAN_POINT('',(198.69700551342,-176.0695885154,284.));
#6819 = LINE('',#6820,#6821);
#6820 = CARTESIAN_POINT('',(160.51323932934,-214.2533546995,284.));
#6821 = VECTOR('',#6822,1.);
#6822 = DIRECTION('',(-0.707106781187,-0.707106781187,0.));
#6823 = ORIENTED_EDGE('',*,*,#6824,.F.);
#6824 = EDGE_CURVE('',#6825,#6817,#6827,.T.);
#6825 = VERTEX_POINT('',#6826);
#6826 = CARTESIAN_POINT('',(198.69700551342,-176.0695885154,18.));
#6827 = LINE('',#6828,#6829);
#6828 = CARTESIAN_POINT('',(198.69700551342,-176.0695885154,18.));
#6829 = VECTOR('',#6830,1.);
#6830 = DIRECTION('',(0.,0.,1.));
#6831 = ORIENTED_EDGE('',*,*,#6832,.T.);
#6832 = EDGE_CURVE('',#6825,#6833,#6835,.T.);
#6833 = VERTEX_POINT('',#6834);
#6834 = CARTESIAN_POINT('',(229.80970388562,-144.9568901432,18.));
#6835 = LINE('',#6836,#6837);
#6836 = CARTESIAN_POINT('',(144.95689014324,-229.8097038856,18.));
#6837 = VECTOR('',#6838,1.);
#6838 = DIRECTION('',(0.707106781187,0.707106781187,0.));
#6839 = ORIENTED_EDGE('',*,*,#6840,.T.);
#6840 = EDGE_CURVE('',#6833,#6841,#6843,.T.);
#6841 = VERTEX_POINT('',#6842);
#6842 = CARTESIAN_POINT('',(229.80970388562,-144.9568901432,
    353.90524980688));
#6843 = LINE('',#6844,#6845);
#6844 = CARTESIAN_POINT('',(229.80970388562,-144.9568901432,18.));
#6845 = VECTOR('',#6846,1.);
#6846 = DIRECTION('',(0.,0.,1.));
#6847 = ORIENTED_EDGE('',*,*,#6848,.F.);
#6848 = EDGE_CURVE('',#6793,#6841,#6849,.T.);
#6849 = LINE('',#6850,#6851);
#6850 = CARTESIAN_POINT('',(144.95689014324,-229.8097038856,
    353.90524980688));
#6851 = VECTOR('',#6852,1.);
#6852 = DIRECTION('',(0.707106781187,0.707106781187,0.));
#6853 = PLANE('',#6854);
#6854 = AXIS2_PLACEMENT_3D('',#6855,#6856,#6857);
#6855 = CARTESIAN_POINT('',(144.95689014324,-229.8097038856,18.));
#6856 = DIRECTION('',(0.707106781187,-0.707106781187,0.));
#6857 = DIRECTION('',(0.,0.,1.));
#6858 = ADVANCED_FACE('',(#6859,#6884,#6895,#6906),#6917,.F.);
#6859 = FACE_BOUND('',#6860,.F.);
#6860 = EDGE_LOOP('',(#6861,#6869,#6870,#6878));
#6861 = ORIENTED_EDGE('',*,*,#6862,.F.);
#6862 = EDGE_CURVE('',#6791,#6863,#6865,.T.);
#6863 = VERTEX_POINT('',#6864);
#6864 = CARTESIAN_POINT('',(159.09902576697,-243.9518395093,18.));
#6865 = LINE('',#6866,#6867);
#6866 = CARTESIAN_POINT('',(144.95689014324,-229.8097038856,18.));
#6867 = VECTOR('',#6868,1.);
#6868 = DIRECTION('',(0.707106781187,-0.707106781187,0.));
#6869 = ORIENTED_EDGE('',*,*,#6790,.T.);
#6870 = ORIENTED_EDGE('',*,*,#6871,.T.);
#6871 = EDGE_CURVE('',#6793,#6872,#6874,.T.);
#6872 = VERTEX_POINT('',#6873);
#6873 = CARTESIAN_POINT('',(159.09902576697,-243.9518395093,
    353.90524980688));
#6874 = LINE('',#6875,#6876);
#6875 = CARTESIAN_POINT('',(144.95689014324,-229.8097038856,
    353.90524980688));
#6876 = VECTOR('',#6877,1.);
#6877 = DIRECTION('',(0.707106781187,-0.707106781187,0.));
#6878 = ORIENTED_EDGE('',*,*,#6879,.F.);
#6879 = EDGE_CURVE('',#6863,#6872,#6880,.T.);
#6880 = LINE('',#6881,#6882);
#6881 = CARTESIAN_POINT('',(159.09902576697,-243.9518395093,18.));
#6882 = VECTOR('',#6883,1.);
#6883 = DIRECTION('',(0.,0.,1.));
#6884 = FACE_BOUND('',#6885,.F.);
#6885 = EDGE_LOOP('',(#6886));
#6886 = ORIENTED_EDGE('',*,*,#6887,.F.);
#6887 = EDGE_CURVE('',#6888,#6888,#6890,.T.);
#6888 = VERTEX_POINT('',#6889);
#6889 = CARTESIAN_POINT('',(152.0279579551,-236.8807716974,220.));
#6890 = CIRCLE('',#6891,3.);
#6891 = AXIS2_PLACEMENT_3D('',#6892,#6893,#6894);
#6892 = CARTESIAN_POINT('',(152.0279579551,-236.8807716974,217.));
#6893 = DIRECTION('',(0.707106781187,0.707106781187,-0.));
#6894 = DIRECTION('',(0.,0.,1.));
#6895 = FACE_BOUND('',#6896,.F.);
#6896 = EDGE_LOOP('',(#6897));
#6897 = ORIENTED_EDGE('',*,*,#6898,.F.);
#6898 = EDGE_CURVE('',#6899,#6899,#6901,.T.);
#6899 = VERTEX_POINT('',#6900);
#6900 = CARTESIAN_POINT('',(152.0279579551,-236.8807716974,248.));
#6901 = CIRCLE('',#6902,3.);
#6902 = AXIS2_PLACEMENT_3D('',#6903,#6904,#6905);
#6903 = CARTESIAN_POINT('',(152.0279579551,-236.8807716974,245.));
#6904 = DIRECTION('',(0.707106781187,0.707106781187,-0.));
#6905 = DIRECTION('',(0.,0.,1.));
#6906 = FACE_BOUND('',#6907,.F.);
#6907 = EDGE_LOOP('',(#6908));
#6908 = ORIENTED_EDGE('',*,*,#6909,.F.);
#6909 = EDGE_CURVE('',#6910,#6910,#6912,.T.);
#6910 = VERTEX_POINT('',#6911);
#6911 = CARTESIAN_POINT('',(152.0279579551,-236.8807716974,276.));
#6912 = CIRCLE('',#6913,3.);
#6913 = AXIS2_PLACEMENT_3D('',#6914,#6915,#6916);
#6914 = CARTESIAN_POINT('',(152.0279579551,-236.8807716974,273.));
#6915 = DIRECTION('',(0.707106781187,0.707106781187,-0.));
#6916 = DIRECTION('',(0.,0.,1.));
#6917 = PLANE('',#6918);
#6918 = AXIS2_PLACEMENT_3D('',#6919,#6920,#6921);
#6919 = CARTESIAN_POINT('',(144.95689014324,-229.8097038856,18.));
#6920 = DIRECTION('',(0.707106781187,0.707106781187,0.));
#6921 = DIRECTION('',(0.,0.,1.));
#6922 = ADVANCED_FACE('',(#6923),#6941,.T.);
#6923 = FACE_BOUND('',#6924,.T.);
#6924 = EDGE_LOOP('',(#6925,#6926,#6927,#6935));
#6925 = ORIENTED_EDGE('',*,*,#6848,.F.);
#6926 = ORIENTED_EDGE('',*,*,#6871,.T.);
#6927 = ORIENTED_EDGE('',*,*,#6928,.T.);
#6928 = EDGE_CURVE('',#6872,#6929,#6931,.T.);
#6929 = VERTEX_POINT('',#6930);
#6930 = CARTESIAN_POINT('',(243.95183950935,-159.0990257669,
    353.90524980688));
#6931 = LINE('',#6932,#6933);
#6932 = CARTESIAN_POINT('',(159.09902576697,-243.9518395093,
    353.90524980688));
#6933 = VECTOR('',#6934,1.);
#6934 = DIRECTION('',(0.707106781187,0.707106781187,0.));
#6935 = ORIENTED_EDGE('',*,*,#6936,.F.);
#6936 = EDGE_CURVE('',#6841,#6929,#6937,.T.);
#6937 = LINE('',#6938,#6939);
#6938 = CARTESIAN_POINT('',(229.80970388562,-144.9568901432,
    353.90524980688));
#6939 = VECTOR('',#6940,1.);
#6940 = DIRECTION('',(0.707106781187,-0.707106781187,0.));
#6941 = PLANE('',#6942);
#6942 = AXIS2_PLACEMENT_3D('',#6943,#6944,#6945);
#6943 = CARTESIAN_POINT('',(144.95689014324,-229.8097038856,
    353.90524980688));
#6944 = DIRECTION('',(0.,0.,1.));
#6945 = DIRECTION('',(0.707106781187,-0.707106781187,0.));
#6946 = ADVANCED_FACE('',(#6947,#6965,#6976,#6987),#6998,.T.);
#6947 = FACE_BOUND('',#6948,.T.);
#6948 = EDGE_LOOP('',(#6949,#6957,#6958,#6959));
#6949 = ORIENTED_EDGE('',*,*,#6950,.F.);
#6950 = EDGE_CURVE('',#6833,#6951,#6953,.T.);
#6951 = VERTEX_POINT('',#6952);
#6952 = CARTESIAN_POINT('',(243.95183950935,-159.0990257669,18.));
#6953 = LINE('',#6954,#6955);
#6954 = CARTESIAN_POINT('',(229.80970388562,-144.9568901432,18.));
#6955 = VECTOR('',#6956,1.);
#6956 = DIRECTION('',(0.707106781187,-0.707106781187,0.));
#6957 = ORIENTED_EDGE('',*,*,#6840,.T.);
#6958 = ORIENTED_EDGE('',*,*,#6936,.T.);
#6959 = ORIENTED_EDGE('',*,*,#6960,.F.);
#6960 = EDGE_CURVE('',#6951,#6929,#6961,.T.);
#6961 = LINE('',#6962,#6963);
#6962 = CARTESIAN_POINT('',(243.95183950935,-159.0990257669,18.));
#6963 = VECTOR('',#6964,1.);
#6964 = DIRECTION('',(0.,0.,1.));
#6965 = FACE_BOUND('',#6966,.T.);
#6966 = EDGE_LOOP('',(#6967));
#6967 = ORIENTED_EDGE('',*,*,#6968,.F.);
#6968 = EDGE_CURVE('',#6969,#6969,#6971,.T.);
#6969 = VERTEX_POINT('',#6970);
#6970 = CARTESIAN_POINT('',(236.88077169749,-152.0279579551,220.));
#6971 = CIRCLE('',#6972,3.);
#6972 = AXIS2_PLACEMENT_3D('',#6973,#6974,#6975);
#6973 = CARTESIAN_POINT('',(236.88077169749,-152.0279579551,217.));
#6974 = DIRECTION('',(0.707106781187,0.707106781187,-0.));
#6975 = DIRECTION('',(0.,0.,1.));
#6976 = FACE_BOUND('',#6977,.T.);
#6977 = EDGE_LOOP('',(#6978));
#6978 = ORIENTED_EDGE('',*,*,#6979,.F.);
#6979 = EDGE_CURVE('',#6980,#6980,#6982,.T.);
#6980 = VERTEX_POINT('',#6981);
#6981 = CARTESIAN_POINT('',(236.88077169749,-152.0279579551,248.));
#6982 = CIRCLE('',#6983,3.);
#6983 = AXIS2_PLACEMENT_3D('',#6984,#6985,#6986);
#6984 = CARTESIAN_POINT('',(236.88077169749,-152.0279579551,245.));
#6985 = DIRECTION('',(0.707106781187,0.707106781187,-0.));
#6986 = DIRECTION('',(0.,0.,1.));
#6987 = FACE_BOUND('',#6988,.T.);
#6988 = EDGE_LOOP('',(#6989));
#6989 = ORIENTED_EDGE('',*,*,#6990,.F.);
#6990 = EDGE_CURVE('',#6991,#6991,#6993,.T.);
#6991 = VERTEX_POINT('',#6992);
#6992 = CARTESIAN_POINT('',(236.88077169749,-152.0279579551,276.));
#6993 = CIRCLE('',#6994,3.);
#6994 = AXIS2_PLACEMENT_3D('',#6995,#6996,#6997);
#6995 = CARTESIAN_POINT('',(236.88077169749,-152.0279579551,273.));
#6996 = DIRECTION('',(0.707106781187,0.707106781187,-0.));
#6997 = DIRECTION('',(0.,0.,1.));
#6998 = PLANE('',#6999);
#6999 = AXIS2_PLACEMENT_3D('',#7000,#7001,#7002);
#7000 = CARTESIAN_POINT('',(229.80970388562,-144.9568901432,18.));
#7001 = DIRECTION('',(0.707106781187,0.707106781187,0.));
#7002 = DIRECTION('',(0.,0.,1.));
#7003 = ADVANCED_FACE('',(#7004),#7022,.F.);
#7004 = FACE_BOUND('',#7005,.F.);
#7005 = EDGE_LOOP('',(#7006,#7007,#7015,#7021));
#7006 = ORIENTED_EDGE('',*,*,#6832,.F.);
#7007 = ORIENTED_EDGE('',*,*,#7008,.T.);
#7008 = EDGE_CURVE('',#6825,#7009,#7011,.T.);
#7009 = VERTEX_POINT('',#7010);
#7010 = CARTESIAN_POINT('',(212.83914113715,-190.2117241391,18.));
#7011 = LINE('',#7012,#7013);
#7012 = CARTESIAN_POINT('',(197.98989873223,-175.3624817342,18.));
#7013 = VECTOR('',#7014,1.);
#7014 = DIRECTION('',(0.707106781187,-0.707106781187,0.));
#7015 = ORIENTED_EDGE('',*,*,#7016,.T.);
#7016 = EDGE_CURVE('',#7009,#6951,#7017,.T.);
#7017 = LINE('',#7018,#7019);
#7018 = CARTESIAN_POINT('',(159.09902576697,-243.9518395093,18.));
#7019 = VECTOR('',#7020,1.);
#7020 = DIRECTION('',(0.707106781187,0.707106781187,0.));
#7021 = ORIENTED_EDGE('',*,*,#6950,.F.);
#7022 = PLANE('',#7023);
#7023 = AXIS2_PLACEMENT_3D('',#7024,#7025,#7026);
#7024 = CARTESIAN_POINT('',(144.95689014324,-229.8097038856,18.));
#7025 = DIRECTION('',(0.,0.,1.));
#7026 = DIRECTION('',(0.707106781187,-0.707106781187,0.));
#7027 = ADVANCED_FACE('',(#7028,#7046,#7057,#7068),#7079,.F.);
#7028 = FACE_BOUND('',#7029,.F.);
#7029 = EDGE_LOOP('',(#7030,#7031,#7032,#7040));
#7030 = ORIENTED_EDGE('',*,*,#7008,.F.);
#7031 = ORIENTED_EDGE('',*,*,#6824,.T.);
#7032 = ORIENTED_EDGE('',*,*,#7033,.T.);
#7033 = EDGE_CURVE('',#6817,#7034,#7036,.T.);
#7034 = VERTEX_POINT('',#7035);
#7035 = CARTESIAN_POINT('',(212.83914113715,-190.2117241391,284.));
#7036 = LINE('',#7037,#7038);
#7037 = CARTESIAN_POINT('',(197.98989873223,-175.3624817342,284.));
#7038 = VECTOR('',#7039,1.);
#7039 = DIRECTION('',(0.707106781187,-0.707106781187,0.));
#7040 = ORIENTED_EDGE('',*,*,#7041,.F.);
#7041 = EDGE_CURVE('',#7009,#7034,#7042,.T.);
#7042 = LINE('',#7043,#7044);
#7043 = CARTESIAN_POINT('',(212.83914113715,-190.2117241391,18.));
#7044 = VECTOR('',#7045,1.);
#7045 = DIRECTION('',(0.,0.,1.));
#7046 = FACE_BOUND('',#7047,.F.);
#7047 = EDGE_LOOP('',(#7048));
#7048 = ORIENTED_EDGE('',*,*,#7049,.F.);
#7049 = EDGE_CURVE('',#7050,#7050,#7052,.T.);
#7050 = VERTEX_POINT('',#7051);
#7051 = CARTESIAN_POINT('',(205.76807332528,-183.1406563273,220.));
#7052 = CIRCLE('',#7053,3.);
#7053 = AXIS2_PLACEMENT_3D('',#7054,#7055,#7056);
#7054 = CARTESIAN_POINT('',(205.76807332528,-183.1406563273,217.));
#7055 = DIRECTION('',(0.707106781187,0.707106781187,-0.));
#7056 = DIRECTION('',(0.,0.,1.));
#7057 = FACE_BOUND('',#7058,.F.);
#7058 = EDGE_LOOP('',(#7059));
#7059 = ORIENTED_EDGE('',*,*,#7060,.F.);
#7060 = EDGE_CURVE('',#7061,#7061,#7063,.T.);
#7061 = VERTEX_POINT('',#7062);
#7062 = CARTESIAN_POINT('',(205.76807332528,-183.1406563273,248.));
#7063 = CIRCLE('',#7064,3.);
#7064 = AXIS2_PLACEMENT_3D('',#7065,#7066,#7067);
#7065 = CARTESIAN_POINT('',(205.76807332528,-183.1406563273,245.));
#7066 = DIRECTION('',(0.707106781187,0.707106781187,-0.));
#7067 = DIRECTION('',(0.,0.,1.));
#7068 = FACE_BOUND('',#7069,.F.);
#7069 = EDGE_LOOP('',(#7070));
#7070 = ORIENTED_EDGE('',*,*,#7071,.F.);
#7071 = EDGE_CURVE('',#7072,#7072,#7074,.T.);
#7072 = VERTEX_POINT('',#7073);
#7073 = CARTESIAN_POINT('',(205.76807332528,-183.1406563273,276.));
#7074 = CIRCLE('',#7075,3.);
#7075 = AXIS2_PLACEMENT_3D('',#7076,#7077,#7078);
#7076 = CARTESIAN_POINT('',(205.76807332528,-183.1406563273,273.));
#7077 = DIRECTION('',(0.707106781187,0.707106781187,-0.));
#7078 = DIRECTION('',(0.,0.,1.));
#7079 = PLANE('',#7080);
#7080 = AXIS2_PLACEMENT_3D('',#7081,#7082,#7083);
#7081 = CARTESIAN_POINT('',(197.98989873223,-175.3624817342,18.));
#7082 = DIRECTION('',(0.707106781187,0.707106781187,0.));
#7083 = DIRECTION('',(0.,0.,1.));
#7084 = ADVANCED_FACE('',(#7085),#7103,.F.);
#7085 = FACE_BOUND('',#7086,.F.);
#7086 = EDGE_LOOP('',(#7087,#7088,#7089,#7097));
#7087 = ORIENTED_EDGE('',*,*,#7033,.F.);
#7088 = ORIENTED_EDGE('',*,*,#6816,.T.);
#7089 = ORIENTED_EDGE('',*,*,#7090,.T.);
#7090 = EDGE_CURVE('',#6809,#7091,#7093,.T.);
#7091 = VERTEX_POINT('',#7092);
#7092 = CARTESIAN_POINT('',(190.21172413918,-212.8391411371,284.));
#7093 = LINE('',#7094,#7095);
#7094 = CARTESIAN_POINT('',(175.36248173426,-197.9898987322,284.));
#7095 = VECTOR('',#7096,1.);
#7096 = DIRECTION('',(0.707106781187,-0.707106781187,0.));
#7097 = ORIENTED_EDGE('',*,*,#7098,.F.);
#7098 = EDGE_CURVE('',#7034,#7091,#7099,.T.);
#7099 = LINE('',#7100,#7101);
#7100 = CARTESIAN_POINT('',(174.65537495307,-228.3954903232,284.));
#7101 = VECTOR('',#7102,1.);
#7102 = DIRECTION('',(-0.707106781187,-0.707106781187,0.));
#7103 = PLANE('',#7104);
#7104 = AXIS2_PLACEMENT_3D('',#7105,#7106,#7107);
#7105 = CARTESIAN_POINT('',(175.36248173426,-197.9898987322,284.));
#7106 = DIRECTION('',(0.,0.,1.));
#7107 = DIRECTION('',(0.707106781187,-0.707106781187,0.));
#7108 = ADVANCED_FACE('',(#7109,#7127,#7138,#7149),#7160,.T.);
#7109 = FACE_BOUND('',#7110,.T.);
#7110 = EDGE_LOOP('',(#7111,#7119,#7120,#7121));
#7111 = ORIENTED_EDGE('',*,*,#7112,.F.);
#7112 = EDGE_CURVE('',#6801,#7113,#7115,.T.);
#7113 = VERTEX_POINT('',#7114);
#7114 = CARTESIAN_POINT('',(190.21172413918,-212.8391411371,18.));
#7115 = LINE('',#7116,#7117);
#7116 = CARTESIAN_POINT('',(175.36248173426,-197.9898987322,18.));
#7117 = VECTOR('',#7118,1.);
#7118 = DIRECTION('',(0.707106781187,-0.707106781187,0.));
#7119 = ORIENTED_EDGE('',*,*,#6808,.T.);
#7120 = ORIENTED_EDGE('',*,*,#7090,.T.);
#7121 = ORIENTED_EDGE('',*,*,#7122,.F.);
#7122 = EDGE_CURVE('',#7113,#7091,#7123,.T.);
#7123 = LINE('',#7124,#7125);
#7124 = CARTESIAN_POINT('',(190.21172413918,-212.8391411371,18.));
#7125 = VECTOR('',#7126,1.);
#7126 = DIRECTION('',(0.,0.,1.));
#7127 = FACE_BOUND('',#7128,.T.);
#7128 = EDGE_LOOP('',(#7129));
#7129 = ORIENTED_EDGE('',*,*,#7130,.F.);
#7130 = EDGE_CURVE('',#7131,#7131,#7133,.T.);
#7131 = VERTEX_POINT('',#7132);
#7132 = CARTESIAN_POINT('',(183.14065632731,-205.7680733252,220.));
#7133 = CIRCLE('',#7134,3.);
#7134 = AXIS2_PLACEMENT_3D('',#7135,#7136,#7137);
#7135 = CARTESIAN_POINT('',(183.14065632731,-205.7680733252,217.));
#7136 = DIRECTION('',(0.707106781187,0.707106781187,-0.));
#7137 = DIRECTION('',(0.,0.,1.));
#7138 = FACE_BOUND('',#7139,.T.);
#7139 = EDGE_LOOP('',(#7140));
#7140 = ORIENTED_EDGE('',*,*,#7141,.F.);
#7141 = EDGE_CURVE('',#7142,#7142,#7144,.T.);
#7142 = VERTEX_POINT('',#7143);
#7143 = CARTESIAN_POINT('',(183.14065632731,-205.7680733252,248.));
#7144 = CIRCLE('',#7145,3.);
#7145 = AXIS2_PLACEMENT_3D('',#7146,#7147,#7148);
#7146 = CARTESIAN_POINT('',(183.14065632731,-205.7680733252,245.));
#7147 = DIRECTION('',(0.707106781187,0.707106781187,-0.));
#7148 = DIRECTION('',(0.,0.,1.));
#7149 = FACE_BOUND('',#7150,.T.);
#7150 = EDGE_LOOP('',(#7151));
#7151 = ORIENTED_EDGE('',*,*,#7152,.F.);
#7152 = EDGE_CURVE('',#7153,#7153,#7155,.T.);
#7153 = VERTEX_POINT('',#7154);
#7154 = CARTESIAN_POINT('',(183.14065632731,-205.7680733252,276.));
#7155 = CIRCLE('',#7156,3.);
#7156 = AXIS2_PLACEMENT_3D('',#7157,#7158,#7159);
#7157 = CARTESIAN_POINT('',(183.14065632731,-205.7680733252,273.));
#7158 = DIRECTION('',(0.707106781187,0.707106781187,-0.));
#7159 = DIRECTION('',(0.,0.,1.));
#7160 = PLANE('',#7161);
#7161 = AXIS2_PLACEMENT_3D('',#7162,#7163,#7164);
#7162 = CARTESIAN_POINT('',(175.36248173426,-197.9898987322,18.));
#7163 = DIRECTION('',(0.707106781187,0.707106781187,0.));
#7164 = DIRECTION('',(0.,0.,1.));
#7165 = ADVANCED_FACE('',(#7166),#7177,.F.);
#7166 = FACE_BOUND('',#7167,.F.);
#7167 = EDGE_LOOP('',(#7168,#7169,#7170,#7176));
#7168 = ORIENTED_EDGE('',*,*,#6800,.F.);
#7169 = ORIENTED_EDGE('',*,*,#6862,.T.);
#7170 = ORIENTED_EDGE('',*,*,#7171,.T.);
#7171 = EDGE_CURVE('',#6863,#7113,#7172,.T.);
#7172 = LINE('',#7173,#7174);
#7173 = CARTESIAN_POINT('',(159.09902576697,-243.9518395093,18.));
#7174 = VECTOR('',#7175,1.);
#7175 = DIRECTION('',(0.707106781187,0.707106781187,0.));
#7176 = ORIENTED_EDGE('',*,*,#7112,.F.);
#7177 = PLANE('',#7178);
#7178 = AXIS2_PLACEMENT_3D('',#7179,#7180,#7181);
#7179 = CARTESIAN_POINT('',(144.95689014324,-229.8097038856,18.));
#7180 = DIRECTION('',(0.,0.,1.));
#7181 = DIRECTION('',(0.707106781187,-0.707106781187,0.));
#7182 = ADVANCED_FACE('',(#7183),#7193,.T.);
#7183 = FACE_BOUND('',#7184,.T.);
#7184 = EDGE_LOOP('',(#7185,#7186,#7187,#7188,#7189,#7190,#7191,#7192));
#7185 = ORIENTED_EDGE('',*,*,#6879,.F.);
#7186 = ORIENTED_EDGE('',*,*,#7171,.T.);
#7187 = ORIENTED_EDGE('',*,*,#7122,.T.);
#7188 = ORIENTED_EDGE('',*,*,#7098,.F.);
#7189 = ORIENTED_EDGE('',*,*,#7041,.F.);
#7190 = ORIENTED_EDGE('',*,*,#7016,.T.);
#7191 = ORIENTED_EDGE('',*,*,#6960,.T.);
#7192 = ORIENTED_EDGE('',*,*,#6928,.F.);
#7193 = PLANE('',#7194);
#7194 = AXIS2_PLACEMENT_3D('',#7195,#7196,#7197);
#7195 = CARTESIAN_POINT('',(159.09902576697,-243.9518395093,18.));
#7196 = DIRECTION('',(0.707106781187,-0.707106781187,0.));
#7197 = DIRECTION('',(0.,0.,1.));
#7198 = ADVANCED_FACE('',(#7199),#7210,.F.);
#7199 = FACE_BOUND('',#7200,.F.);
#7200 = EDGE_LOOP('',(#7201,#7202,#7208,#7209));
#7201 = ORIENTED_EDGE('',*,*,#7130,.F.);
#7202 = ORIENTED_EDGE('',*,*,#7203,.F.);
#7203 = EDGE_CURVE('',#6888,#7131,#7204,.T.);
#7204 = LINE('',#7205,#7206);
#7205 = CARTESIAN_POINT('',(152.0279579551,-236.8807716974,220.));
#7206 = VECTOR('',#7207,1.);
#7207 = DIRECTION('',(0.707106781187,0.707106781187,0.));
#7208 = ORIENTED_EDGE('',*,*,#6887,.T.);
#7209 = ORIENTED_EDGE('',*,*,#7203,.T.);
#7210 = CYLINDRICAL_SURFACE('',#7211,3.);
#7211 = AXIS2_PLACEMENT_3D('',#7212,#7213,#7214);
#7212 = CARTESIAN_POINT('',(152.0279579551,-236.8807716974,217.));
#7213 = DIRECTION('',(0.707106781187,0.707106781187,0.));
#7214 = DIRECTION('',(0.,0.,1.));
#7215 = ADVANCED_FACE('',(#7216),#7227,.F.);
#7216 = FACE_BOUND('',#7217,.F.);
#7217 = EDGE_LOOP('',(#7218,#7219,#7225,#7226));
#7218 = ORIENTED_EDGE('',*,*,#7141,.F.);
#7219 = ORIENTED_EDGE('',*,*,#7220,.F.);
#7220 = EDGE_CURVE('',#6899,#7142,#7221,.T.);
#7221 = LINE('',#7222,#7223);
#7222 = CARTESIAN_POINT('',(152.0279579551,-236.8807716974,248.));
#7223 = VECTOR('',#7224,1.);
#7224 = DIRECTION('',(0.707106781187,0.707106781187,0.));
#7225 = ORIENTED_EDGE('',*,*,#6898,.T.);
#7226 = ORIENTED_EDGE('',*,*,#7220,.T.);
#7227 = CYLINDRICAL_SURFACE('',#7228,3.);
#7228 = AXIS2_PLACEMENT_3D('',#7229,#7230,#7231);
#7229 = CARTESIAN_POINT('',(152.0279579551,-236.8807716974,245.));
#7230 = DIRECTION('',(0.707106781187,0.707106781187,0.));
#7231 = DIRECTION('',(0.,0.,1.));
#7232 = ADVANCED_FACE('',(#7233),#7244,.F.);
#7233 = FACE_BOUND('',#7234,.F.);
#7234 = EDGE_LOOP('',(#7235,#7236,#7242,#7243));
#7235 = ORIENTED_EDGE('',*,*,#7152,.F.);
#7236 = ORIENTED_EDGE('',*,*,#7237,.F.);
#7237 = EDGE_CURVE('',#6910,#7153,#7238,.T.);
#7238 = LINE('',#7239,#7240);
#7239 = CARTESIAN_POINT('',(152.0279579551,-236.8807716974,276.));
#7240 = VECTOR('',#7241,1.);
#7241 = DIRECTION('',(0.707106781187,0.707106781187,0.));
#7242 = ORIENTED_EDGE('',*,*,#6909,.T.);
#7243 = ORIENTED_EDGE('',*,*,#7237,.T.);
#7244 = CYLINDRICAL_SURFACE('',#7245,3.);
#7245 = AXIS2_PLACEMENT_3D('',#7246,#7247,#7248);
#7246 = CARTESIAN_POINT('',(152.0279579551,-236.8807716974,273.));
#7247 = DIRECTION('',(0.707106781187,0.707106781187,0.));
#7248 = DIRECTION('',(0.,0.,1.));
#7249 = ADVANCED_FACE('',(#7250),#7261,.F.);
#7250 = FACE_BOUND('',#7251,.F.);
#7251 = EDGE_LOOP('',(#7252,#7258,#7259,#7260));
#7252 = ORIENTED_EDGE('',*,*,#7253,.T.);
#7253 = EDGE_CURVE('',#7050,#6969,#7254,.T.);
#7254 = LINE('',#7255,#7256);
#7255 = CARTESIAN_POINT('',(152.0279579551,-236.8807716974,220.));
#7256 = VECTOR('',#7257,1.);
#7257 = DIRECTION('',(0.707106781187,0.707106781187,0.));
#7258 = ORIENTED_EDGE('',*,*,#6968,.F.);
#7259 = ORIENTED_EDGE('',*,*,#7253,.F.);
#7260 = ORIENTED_EDGE('',*,*,#7049,.T.);
#7261 = CYLINDRICAL_SURFACE('',#7262,3.);
#7262 = AXIS2_PLACEMENT_3D('',#7263,#7264,#7265);
#7263 = CARTESIAN_POINT('',(152.0279579551,-236.8807716974,217.));
#7264 = DIRECTION('',(0.707106781187,0.707106781187,0.));
#7265 = DIRECTION('',(0.,0.,1.));
#7266 = ADVANCED_FACE('',(#7267),#7278,.F.);
#7267 = FACE_BOUND('',#7268,.F.);
#7268 = EDGE_LOOP('',(#7269,#7275,#7276,#7277));
#7269 = ORIENTED_EDGE('',*,*,#7270,.T.);
#7270 = EDGE_CURVE('',#7061,#6980,#7271,.T.);
#7271 = LINE('',#7272,#7273);
#7272 = CARTESIAN_POINT('',(152.0279579551,-236.8807716974,248.));
#7273 = VECTOR('',#7274,1.);
#7274 = DIRECTION('',(0.707106781187,0.707106781187,0.));
#7275 = ORIENTED_EDGE('',*,*,#6979,.F.);
#7276 = ORIENTED_EDGE('',*,*,#7270,.F.);
#7277 = ORIENTED_EDGE('',*,*,#7060,.T.);
#7278 = CYLINDRICAL_SURFACE('',#7279,3.);
#7279 = AXIS2_PLACEMENT_3D('',#7280,#7281,#7282);
#7280 = CARTESIAN_POINT('',(152.0279579551,-236.8807716974,245.));
#7281 = DIRECTION('',(0.707106781187,0.707106781187,0.));
#7282 = DIRECTION('',(0.,0.,1.));
#7283 = ADVANCED_FACE('',(#7284),#7295,.F.);
#7284 = FACE_BOUND('',#7285,.F.);
#7285 = EDGE_LOOP('',(#7286,#7292,#7293,#7294));
#7286 = ORIENTED_EDGE('',*,*,#7287,.T.);
#7287 = EDGE_CURVE('',#7072,#6991,#7288,.T.);
#7288 = LINE('',#7289,#7290);
#7289 = CARTESIAN_POINT('',(152.0279579551,-236.8807716974,276.));
#7290 = VECTOR('',#7291,1.);
#7291 = DIRECTION('',(0.707106781187,0.707106781187,0.));
#7292 = ORIENTED_EDGE('',*,*,#6990,.F.);
#7293 = ORIENTED_EDGE('',*,*,#7287,.F.);
#7294 = ORIENTED_EDGE('',*,*,#7071,.T.);
#7295 = CYLINDRICAL_SURFACE('',#7296,3.);
#7296 = AXIS2_PLACEMENT_3D('',#7297,#7298,#7299);
#7297 = CARTESIAN_POINT('',(152.0279579551,-236.8807716974,273.));
#7298 = DIRECTION('',(0.707106781187,0.707106781187,0.));
#7299 = DIRECTION('',(0.,0.,1.));
#7300 = ( GEOMETRIC_REPRESENTATION_CONTEXT(3) 
GLOBAL_UNCERTAINTY_ASSIGNED_CONTEXT((#7304)) 
GLOBAL_UNIT_ASSIGNED_CONTEXT((#7301,#7302,#7303)) REPRESENTATION_CONTEXT
('Context #1','3D Context with UNIT and UNCERTAINTY') );
#7301 = ( LENGTH_UNIT() NAMED_UNIT(*) SI_UNIT(.MILLI.,.METRE.) );
#7302 = ( NAMED_UNIT(*) PLANE_ANGLE_UNIT() SI_UNIT($,.RADIAN.) );
#7303 = ( NAMED_UNIT(*) SI_UNIT($,.STERADIAN.) SOLID_ANGLE_UNIT() );
#7304 = UNCERTAINTY_MEASURE_WITH_UNIT(LENGTH_MEASURE(1.E-07),#7301,
  'distance_accuracy_value','confusion accuracy');
#7305 = CONTEXT_DEPENDENT_SHAPE_REPRESENTATION(#7306,#7308);
#7306 = ( REPRESENTATION_RELATIONSHIP('','',#6783,#10) 
REPRESENTATION_RELATIONSHIP_WITH_TRANSFORMATION(#7307) 
SHAPE_REPRESENTATION_RELATIONSHIP() );
#7307 = ITEM_DEFINED_TRANSFORMATION('','',#11,#123);
#7308 = PRODUCT_DEFINITION_SHAPE('Placement','Placement of an item',
  #7309);
#7309 = NEXT_ASSEMBLY_USAGE_OCCURRENCE('28',
  'P28 Arched blade 315 / maple segment 1','',#5,#6778,$);
#7310 = PRODUCT_RELATED_PRODUCT_CATEGORY('part',$,(#6780));
#7311 = SHAPE_DEFINITION_REPRESENTATION(#7312,#7318);
#7312 = PRODUCT_DEFINITION_SHAPE('','',#7313);
#7313 = PRODUCT_DEFINITION('design','',#7314,#7317);
#7314 = PRODUCT_DEFINITION_FORMATION('','',#7315);
#7315 = PRODUCT('P29 Arched blade 315 / maple segment 2',
  'P29 Arched blade 315 / maple segment 2','',(#7316));
#7316 = PRODUCT_CONTEXT('',#2,'mechanical');
#7317 = PRODUCT_DEFINITION_CONTEXT('part definition',#2,'design');
#7318 = ADVANCED_BREP_SHAPE_REPRESENTATION('',(#11,#7319),#7469);
#7319 = MANIFOLD_SOLID_BREP('',#7320);
#7320 = CLOSED_SHELL('',(#7321,#7361,#7392,#7416,#7440,#7457));
#7321 = ADVANCED_FACE('',(#7322),#7356,.F.);
#7322 = FACE_BOUND('',#7323,.F.);
#7323 = EDGE_LOOP('',(#7324,#7334,#7342,#7350));
#7324 = ORIENTED_EDGE('',*,*,#7325,.F.);
#7325 = EDGE_CURVE('',#7326,#7328,#7330,.T.);
#7326 = VERTEX_POINT('',#7327);
#7327 = CARTESIAN_POINT('',(144.95689014324,-229.8097038856,
    367.90524980688));
#7328 = VERTEX_POINT('',#7329);
#7329 = CARTESIAN_POINT('',(144.95689014324,-229.8097038856,
    381.90524980688));
#7330 = LINE('',#7331,#7332);
#7331 = CARTESIAN_POINT('',(144.95689014324,-229.8097038856,18.));
#7332 = VECTOR('',#7333,1.);
#7333 = DIRECTION('',(0.,0.,1.));
#7334 = ORIENTED_EDGE('',*,*,#7335,.T.);
#7335 = EDGE_CURVE('',#7326,#7336,#7338,.T.);
#7336 = VERTEX_POINT('',#7337);
#7337 = CARTESIAN_POINT('',(229.80970388562,-144.9568901432,
    367.90524980688));
#7338 = LINE('',#7339,#7340);
#7339 = CARTESIAN_POINT('',(144.95689014324,-229.8097038856,
    367.90524980688));
#7340 = VECTOR('',#7341,1.);
#7341 = DIRECTION('',(0.707106781187,0.707106781187,0.));
#7342 = ORIENTED_EDGE('',*,*,#7343,.T.);
#7343 = EDGE_CURVE('',#7336,#7344,#7346,.T.);
#7344 = VERTEX_POINT('',#7345);
#7345 = CARTESIAN_POINT('',(229.80970388562,-144.9568901432,
    381.90524980688));
#7346 = LINE('',#7347,#7348);
#7347 = CARTESIAN_POINT('',(229.80970388562,-144.9568901432,18.));
#7348 = VECTOR('',#7349,1.);
#7349 = DIRECTION('',(0.,0.,1.));
#7350 = ORIENTED_EDGE('',*,*,#7351,.F.);
#7351 = EDGE_CURVE('',#7328,#7344,#7352,.T.);
#7352 = LINE('',#7353,#7354);
#7353 = CARTESIAN_POINT('',(144.95689014324,-229.8097038856,
    381.90524980688));
#7354 = VECTOR('',#7355,1.);
#7355 = DIRECTION('',(0.707106781187,0.707106781187,0.));
#7356 = PLANE('',#7357);
#7357 = AXIS2_PLACEMENT_3D('',#7358,#7359,#7360);
#7358 = CARTESIAN_POINT('',(144.95689014324,-229.8097038856,18.));
#7359 = DIRECTION('',(0.707106781187,-0.707106781187,0.));
#7360 = DIRECTION('',(0.,0.,1.));
#7361 = ADVANCED_FACE('',(#7362),#7387,.F.);
#7362 = FACE_BOUND('',#7363,.F.);
#7363 = EDGE_LOOP('',(#7364,#7372,#7373,#7381));
#7364 = ORIENTED_EDGE('',*,*,#7365,.F.);
#7365 = EDGE_CURVE('',#7326,#7366,#7368,.T.);
#7366 = VERTEX_POINT('',#7367);
#7367 = CARTESIAN_POINT('',(159.09902576697,-243.9518395093,
    367.90524980688));
#7368 = LINE('',#7369,#7370);
#7369 = CARTESIAN_POINT('',(144.95689014324,-229.8097038856,
    367.90524980688));
#7370 = VECTOR('',#7371,1.);
#7371 = DIRECTION('',(0.707106781187,-0.707106781187,0.));
#7372 = ORIENTED_EDGE('',*,*,#7325,.T.);
#7373 = ORIENTED_EDGE('',*,*,#7374,.T.);
#7374 = EDGE_CURVE('',#7328,#7375,#7377,.T.);
#7375 = VERTEX_POINT('',#7376);
#7376 = CARTESIAN_POINT('',(159.09902576697,-243.9518395093,
    381.90524980688));
#7377 = LINE('',#7378,#7379);
#7378 = CARTESIAN_POINT('',(144.95689014324,-229.8097038856,
    381.90524980688));
#7379 = VECTOR('',#7380,1.);
#7380 = DIRECTION('',(0.707106781187,-0.707106781187,0.));
#7381 = ORIENTED_EDGE('',*,*,#7382,.F.);
#7382 = EDGE_CURVE('',#7366,#7375,#7383,.T.);
#7383 = LINE('',#7384,#7385);
#7384 = CARTESIAN_POINT('',(159.09902576697,-243.9518395093,18.));
#7385 = VECTOR('',#7386,1.);
#7386 = DIRECTION('',(0.,0.,1.));
#7387 = PLANE('',#7388);
#7388 = AXIS2_PLACEMENT_3D('',#7389,#7390,#7391);
#7389 = CARTESIAN_POINT('',(144.95689014324,-229.8097038856,18.));
#7390 = DIRECTION('',(0.707106781187,0.707106781187,0.));
#7391 = DIRECTION('',(0.,0.,1.));
#7392 = ADVANCED_FACE('',(#7393),#7411,.T.);
#7393 = FACE_BOUND('',#7394,.T.);
#7394 = EDGE_LOOP('',(#7395,#7396,#7397,#7405));
#7395 = ORIENTED_EDGE('',*,*,#7351,.F.);
#7396 = ORIENTED_EDGE('',*,*,#7374,.T.);
#7397 = ORIENTED_EDGE('',*,*,#7398,.T.);
#7398 = EDGE_CURVE('',#7375,#7399,#7401,.T.);
#7399 = VERTEX_POINT('',#7400);
#7400 = CARTESIAN_POINT('',(243.95183950935,-159.0990257669,
    381.90524980688));
#7401 = LINE('',#7402,#7403);
#7402 = CARTESIAN_POINT('',(159.09902576697,-243.9518395093,
    381.90524980688));
#7403 = VECTOR('',#7404,1.);
#7404 = DIRECTION('',(0.707106781187,0.707106781187,0.));
#7405 = ORIENTED_EDGE('',*,*,#7406,.F.);
#7406 = EDGE_CURVE('',#7344,#7399,#7407,.T.);
#7407 = LINE('',#7408,#7409);
#7408 = CARTESIAN_POINT('',(229.80970388562,-144.9568901432,
    381.90524980688));
#7409 = VECTOR('',#7410,1.);
#7410 = DIRECTION('',(0.707106781187,-0.707106781187,0.));
#7411 = PLANE('',#7412);
#7412 = AXIS2_PLACEMENT_3D('',#7413,#7414,#7415);
#7413 = CARTESIAN_POINT('',(144.95689014324,-229.8097038856,
    381.90524980688));
#7414 = DIRECTION('',(0.,0.,1.));
#7415 = DIRECTION('',(0.707106781187,-0.707106781187,0.));
#7416 = ADVANCED_FACE('',(#7417),#7435,.T.);
#7417 = FACE_BOUND('',#7418,.T.);
#7418 = EDGE_LOOP('',(#7419,#7427,#7428,#7429));
#7419 = ORIENTED_EDGE('',*,*,#7420,.F.);
#7420 = EDGE_CURVE('',#7336,#7421,#7423,.T.);
#7421 = VERTEX_POINT('',#7422);
#7422 = CARTESIAN_POINT('',(243.95183950935,-159.0990257669,
    367.90524980688));
#7423 = LINE('',#7424,#7425);
#7424 = CARTESIAN_POINT('',(229.80970388562,-144.9568901432,
    367.90524980688));
#7425 = VECTOR('',#7426,1.);
#7426 = DIRECTION('',(0.707106781187,-0.707106781187,0.));
#7427 = ORIENTED_EDGE('',*,*,#7343,.T.);
#7428 = ORIENTED_EDGE('',*,*,#7406,.T.);
#7429 = ORIENTED_EDGE('',*,*,#7430,.F.);
#7430 = EDGE_CURVE('',#7421,#7399,#7431,.T.);
#7431 = LINE('',#7432,#7433);
#7432 = CARTESIAN_POINT('',(243.95183950935,-159.0990257669,18.));
#7433 = VECTOR('',#7434,1.);
#7434 = DIRECTION('',(0.,0.,1.));
#7435 = PLANE('',#7436);
#7436 = AXIS2_PLACEMENT_3D('',#7437,#7438,#7439);
#7437 = CARTESIAN_POINT('',(229.80970388562,-144.9568901432,18.));
#7438 = DIRECTION('',(0.707106781187,0.707106781187,0.));
#7439 = DIRECTION('',(0.,0.,1.));
#7440 = ADVANCED_FACE('',(#7441),#7452,.F.);
#7441 = FACE_BOUND('',#7442,.F.);
#7442 = EDGE_LOOP('',(#7443,#7444,#7445,#7451));
#7443 = ORIENTED_EDGE('',*,*,#7335,.F.);
#7444 = ORIENTED_EDGE('',*,*,#7365,.T.);
#7445 = ORIENTED_EDGE('',*,*,#7446,.T.);
#7446 = EDGE_CURVE('',#7366,#7421,#7447,.T.);
#7447 = LINE('',#7448,#7449);
#7448 = CARTESIAN_POINT('',(159.09902576697,-243.9518395093,
    367.90524980688));
#7449 = VECTOR('',#7450,1.);
#7450 = DIRECTION('',(0.707106781187,0.707106781187,0.));
#7451 = ORIENTED_EDGE('',*,*,#7420,.F.);
#7452 = PLANE('',#7453);
#7453 = AXIS2_PLACEMENT_3D('',#7454,#7455,#7456);
#7454 = CARTESIAN_POINT('',(144.95689014324,-229.8097038856,
    367.90524980688));
#7455 = DIRECTION('',(0.,0.,1.));
#7456 = DIRECTION('',(0.707106781187,-0.707106781187,0.));
#7457 = ADVANCED_FACE('',(#7458),#7464,.T.);
#7458 = FACE_BOUND('',#7459,.T.);
#7459 = EDGE_LOOP('',(#7460,#7461,#7462,#7463));
#7460 = ORIENTED_EDGE('',*,*,#7382,.F.);
#7461 = ORIENTED_EDGE('',*,*,#7446,.T.);
#7462 = ORIENTED_EDGE('',*,*,#7430,.T.);
#7463 = ORIENTED_EDGE('',*,*,#7398,.F.);
#7464 = PLANE('',#7465);
#7465 = AXIS2_PLACEMENT_3D('',#7466,#7467,#7468);
#7466 = CARTESIAN_POINT('',(159.09902576697,-243.9518395093,18.));
#7467 = DIRECTION('',(0.707106781187,-0.707106781187,0.));
#7468 = DIRECTION('',(0.,0.,1.));
#7469 = ( GEOMETRIC_REPRESENTATION_CONTEXT(3) 
GLOBAL_UNCERTAINTY_ASSIGNED_CONTEXT((#7473)) 
GLOBAL_UNIT_ASSIGNED_CONTEXT((#7470,#7471,#7472)) REPRESENTATION_CONTEXT
('Context #1','3D Context with UNIT and UNCERTAINTY') );
#7470 = ( LENGTH_UNIT() NAMED_UNIT(*) SI_UNIT(.MILLI.,.METRE.) );
#7471 = ( NAMED_UNIT(*) PLANE_ANGLE_UNIT() SI_UNIT($,.RADIAN.) );
#7472 = ( NAMED_UNIT(*) SI_UNIT($,.STERADIAN.) SOLID_ANGLE_UNIT() );
#7473 = UNCERTAINTY_MEASURE_WITH_UNIT(LENGTH_MEASURE(1.E-07),#7470,
  'distance_accuracy_value','confusion accuracy');
#7474 = CONTEXT_DEPENDENT_SHAPE_REPRESENTATION(#7475,#7477);
#7475 = ( REPRESENTATION_RELATIONSHIP('','',#7318,#10) 
REPRESENTATION_RELATIONSHIP_WITH_TRANSFORMATION(#7476) 
SHAPE_REPRESENTATION_RELATIONSHIP() );
#7476 = ITEM_DEFINED_TRANSFORMATION('','',#11,#127);
#7477 = PRODUCT_DEFINITION_SHAPE('Placement','Placement of an item',
  #7478);
#7478 = NEXT_ASSEMBLY_USAGE_OCCURRENCE('29',
  'P29 Arched blade 315 / maple segment 2','',#5,#7313,$);
#7479 = PRODUCT_RELATED_PRODUCT_CATEGORY('part',$,(#7315));
#7480 = SHAPE_DEFINITION_REPRESENTATION(#7481,#7487);
#7481 = PRODUCT_DEFINITION_SHAPE('','',#7482);
#7482 = PRODUCT_DEFINITION('design','',#7483,#7486);
#7483 = PRODUCT_DEFINITION_FORMATION('','',#7484);
#7484 = PRODUCT('P30 Arched blade 315 / maple segment 3',
  'P30 Arched blade 315 / maple segment 3','',(#7485));
#7485 = PRODUCT_CONTEXT('',#2,'mechanical');
#7486 = PRODUCT_DEFINITION_CONTEXT('part definition',#2,'design');
#7487 = ADVANCED_BREP_SHAPE_REPRESENTATION('',(#11,#7488),#7708);
#7488 = MANIFOLD_SOLID_BREP('',#7489);
#7489 = CLOSED_SHELL('',(#7490,#7530,#7561,#7592,#7625,#7658,#7680,#7694
    ));
#7490 = ADVANCED_FACE('',(#7491),#7525,.T.);
#7491 = FACE_BOUND('',#7492,.T.);
#7492 = EDGE_LOOP('',(#7493,#7503,#7511,#7519));
#7493 = ORIENTED_EDGE('',*,*,#7494,.F.);
#7494 = EDGE_CURVE('',#7495,#7497,#7499,.T.);
#7495 = VERTEX_POINT('',#7496);
#7496 = CARTESIAN_POINT('',(229.80970388562,-144.9568901432,
    395.90524980688));
#7497 = VERTEX_POINT('',#7498);
#7498 = CARTESIAN_POINT('',(243.95183950935,-159.0990257669,
    395.90524980688));
#7499 = LINE('',#7500,#7501);
#7500 = CARTESIAN_POINT('',(229.80970388562,-144.9568901432,
    395.90524980688));
#7501 = VECTOR('',#7502,1.);
#7502 = DIRECTION('',(0.707106781187,-0.707106781187,0.));
#7503 = ORIENTED_EDGE('',*,*,#7504,.T.);
#7504 = EDGE_CURVE('',#7495,#7505,#7507,.T.);
#7505 = VERTEX_POINT('',#7506);
#7506 = CARTESIAN_POINT('',(229.80970388562,-144.9568901432,
    471.90524980688));
#7507 = LINE('',#7508,#7509);
#7508 = CARTESIAN_POINT('',(229.80970388562,-144.9568901432,18.));
#7509 = VECTOR('',#7510,1.);
#7510 = DIRECTION('',(0.,0.,1.));
#7511 = ORIENTED_EDGE('',*,*,#7512,.T.);
#7512 = EDGE_CURVE('',#7505,#7513,#7515,.T.);
#7513 = VERTEX_POINT('',#7514);
#7514 = CARTESIAN_POINT('',(243.95183950935,-159.0990257669,
    471.90524980688));
#7515 = LINE('',#7516,#7517);
#7516 = CARTESIAN_POINT('',(229.80970388562,-144.9568901432,
    471.90524980688));
#7517 = VECTOR('',#7518,1.);
#7518 = DIRECTION('',(0.707106781187,-0.707106781187,0.));
#7519 = ORIENTED_EDGE('',*,*,#7520,.F.);
#7520 = EDGE_CURVE('',#7497,#7513,#7521,.T.);
#7521 = LINE('',#7522,#7523);
#7522 = CARTESIAN_POINT('',(243.95183950935,-159.0990257669,18.));
#7523 = VECTOR('',#7524,1.);
#7524 = DIRECTION('',(0.,0.,1.));
#7525 = PLANE('',#7526);
#7526 = AXIS2_PLACEMENT_3D('',#7527,#7528,#7529);
#7527 = CARTESIAN_POINT('',(229.80970388562,-144.9568901432,18.));
#7528 = DIRECTION('',(0.707106781187,0.707106781187,0.));
#7529 = DIRECTION('',(0.,0.,1.));
#7530 = ADVANCED_FACE('',(#7531),#7556,.F.);
#7531 = FACE_BOUND('',#7532,.F.);
#7532 = EDGE_LOOP('',(#7533,#7541,#7549,#7555));
#7533 = ORIENTED_EDGE('',*,*,#7534,.F.);
#7534 = EDGE_CURVE('',#7535,#7495,#7537,.T.);
#7535 = VERTEX_POINT('',#7536);
#7536 = CARTESIAN_POINT('',(144.95689014324,-229.8097038856,
    395.90524980688));
#7537 = LINE('',#7538,#7539);
#7538 = CARTESIAN_POINT('',(144.95689014324,-229.8097038856,
    395.90524980688));
#7539 = VECTOR('',#7540,1.);
#7540 = DIRECTION('',(0.707106781187,0.707106781187,0.));
#7541 = ORIENTED_EDGE('',*,*,#7542,.T.);
#7542 = EDGE_CURVE('',#7535,#7543,#7545,.T.);
#7543 = VERTEX_POINT('',#7544);
#7544 = CARTESIAN_POINT('',(159.09902576697,-243.9518395093,
    395.90524980688));
#7545 = LINE('',#7546,#7547);
#7546 = CARTESIAN_POINT('',(144.95689014324,-229.8097038856,
    395.90524980688));
#7547 = VECTOR('',#7548,1.);
#7548 = DIRECTION('',(0.707106781187,-0.707106781187,0.));
#7549 = ORIENTED_EDGE('',*,*,#7550,.T.);
#7550 = EDGE_CURVE('',#7543,#7497,#7551,.T.);
#7551 = LINE('',#7552,#7553);
#7552 = CARTESIAN_POINT('',(159.09902576697,-243.9518395093,
    395.90524980688));
#7553 = VECTOR('',#7554,1.);
#7554 = DIRECTION('',(0.707106781187,0.707106781187,0.));
#7555 = ORIENTED_EDGE('',*,*,#7494,.F.);
#7556 = PLANE('',#7557);
#7557 = AXIS2_PLACEMENT_3D('',#7558,#7559,#7560);
#7558 = CARTESIAN_POINT('',(144.95689014324,-229.8097038856,
    395.90524980688));
#7559 = DIRECTION('',(0.,0.,1.));
#7560 = DIRECTION('',(0.707106781187,-0.707106781187,0.));
#7561 = ADVANCED_FACE('',(#7562),#7587,.F.);
#7562 = FACE_BOUND('',#7563,.F.);
#7563 = EDGE_LOOP('',(#7564,#7565,#7573,#7581));
#7564 = ORIENTED_EDGE('',*,*,#7542,.F.);
#7565 = ORIENTED_EDGE('',*,*,#7566,.T.);
#7566 = EDGE_CURVE('',#7535,#7567,#7569,.T.);
#7567 = VERTEX_POINT('',#7568);
#7568 = CARTESIAN_POINT('',(144.95689014324,-229.8097038856,
    471.90524980688));
#7569 = LINE('',#7570,#7571);
#7570 = CARTESIAN_POINT('',(144.95689014324,-229.8097038856,18.));
#7571 = VECTOR('',#7572,1.);
#7572 = DIRECTION('',(0.,0.,1.));
#7573 = ORIENTED_EDGE('',*,*,#7574,.T.);
#7574 = EDGE_CURVE('',#7567,#7575,#7577,.T.);
#7575 = VERTEX_POINT('',#7576);
#7576 = CARTESIAN_POINT('',(159.09902576697,-243.9518395093,
    471.90524980688));
#7577 = LINE('',#7578,#7579);
#7578 = CARTESIAN_POINT('',(144.95689014324,-229.8097038856,
    471.90524980688));
#7579 = VECTOR('',#7580,1.);
#7580 = DIRECTION('',(0.707106781187,-0.707106781187,0.));
#7581 = ORIENTED_EDGE('',*,*,#7582,.F.);
#7582 = EDGE_CURVE('',#7543,#7575,#7583,.T.);
#7583 = LINE('',#7584,#7585);
#7584 = CARTESIAN_POINT('',(159.09902576697,-243.9518395093,18.));
#7585 = VECTOR('',#7586,1.);
#7586 = DIRECTION('',(0.,0.,1.));
#7587 = PLANE('',#7588);
#7588 = AXIS2_PLACEMENT_3D('',#7589,#7590,#7591);
#7589 = CARTESIAN_POINT('',(144.95689014324,-229.8097038856,18.));
#7590 = DIRECTION('',(0.707106781187,0.707106781187,0.));
#7591 = DIRECTION('',(0.,0.,1.));
#7592 = ADVANCED_FACE('',(#7593),#7620,.T.);
#7593 = FACE_BOUND('',#7594,.T.);
#7594 = EDGE_LOOP('',(#7595,#7604,#7612,#7619));
#7595 = ORIENTED_EDGE('',*,*,#7596,.F.);
#7596 = EDGE_CURVE('',#7597,#7575,#7599,.T.);
#7597 = VERTEX_POINT('',#7598);
#7598 = CARTESIAN_POINT('',(190.91883092036,-212.1320343559,530.));
#7599 = CIRCLE('',#7600,60.);
#7600 = AXIS2_PLACEMENT_3D('',#7601,#7602,#7603);
#7601 = CARTESIAN_POINT('',(201.52543263816,-201.5254326381,
    471.90524980688));
#7602 = DIRECTION('',(0.707106781187,-0.707106781187,0.));
#7603 = DIRECTION('',(0.,0.,1.));
#7604 = ORIENTED_EDGE('',*,*,#7605,.F.);
#7605 = EDGE_CURVE('',#7606,#7597,#7608,.T.);
#7606 = VERTEX_POINT('',#7607);
#7607 = CARTESIAN_POINT('',(176.77669529663,-197.9898987322,530.));
#7608 = LINE('',#7609,#7610);
#7609 = CARTESIAN_POINT('',(176.77669529663,-197.9898987322,530.));
#7610 = VECTOR('',#7611,1.);
#7611 = DIRECTION('',(0.707106781187,-0.707106781187,0.));
#7612 = ORIENTED_EDGE('',*,*,#7613,.T.);
#7613 = EDGE_CURVE('',#7606,#7567,#7614,.T.);
#7614 = CIRCLE('',#7615,60.);
#7615 = AXIS2_PLACEMENT_3D('',#7616,#7617,#7618);
#7616 = CARTESIAN_POINT('',(187.38329701443,-187.3832970144,
    471.90524980688));
#7617 = DIRECTION('',(0.707106781187,-0.707106781187,0.));
#7618 = DIRECTION('',(0.,0.,1.));
#7619 = ORIENTED_EDGE('',*,*,#7574,.T.);
#7620 = CYLINDRICAL_SURFACE('',#7621,60.);
#7621 = AXIS2_PLACEMENT_3D('',#7622,#7623,#7624);
#7622 = CARTESIAN_POINT('',(187.38329701443,-187.3832970144,
    471.90524980688));
#7623 = DIRECTION('',(0.707106781187,-0.707106781187,0.));
#7624 = DIRECTION('',(0.,0.,1.));
#7625 = ADVANCED_FACE('',(#7626),#7653,.T.);
#7626 = FACE_BOUND('',#7627,.T.);
#7627 = EDGE_LOOP('',(#7628,#7638,#7645,#7646));
#7628 = ORIENTED_EDGE('',*,*,#7629,.T.);
#7629 = EDGE_CURVE('',#7630,#7632,#7634,.T.);
#7630 = VERTEX_POINT('',#7631);
#7631 = CARTESIAN_POINT('',(197.98989873223,-176.7766952966,530.));
#7632 = VERTEX_POINT('',#7633);
#7633 = CARTESIAN_POINT('',(212.13203435596,-190.9188309203,530.));
#7634 = LINE('',#7635,#7636);
#7635 = CARTESIAN_POINT('',(197.98989873223,-176.7766952966,530.));
#7636 = VECTOR('',#7637,1.);
#7637 = DIRECTION('',(0.707106781187,-0.707106781187,0.));
#7638 = ORIENTED_EDGE('',*,*,#7639,.F.);
#7639 = EDGE_CURVE('',#7513,#7632,#7640,.T.);
#7640 = CIRCLE('',#7641,60.);
#7641 = AXIS2_PLACEMENT_3D('',#7642,#7643,#7644);
#7642 = CARTESIAN_POINT('',(201.52543263816,-201.5254326381,
    471.90524980688));
#7643 = DIRECTION('',(0.707106781187,-0.707106781187,0.));
#7644 = DIRECTION('',(0.,0.,1.));
#7645 = ORIENTED_EDGE('',*,*,#7512,.F.);
#7646 = ORIENTED_EDGE('',*,*,#7647,.T.);
#7647 = EDGE_CURVE('',#7505,#7630,#7648,.T.);
#7648 = CIRCLE('',#7649,60.);
#7649 = AXIS2_PLACEMENT_3D('',#7650,#7651,#7652);
#7650 = CARTESIAN_POINT('',(187.38329701443,-187.3832970144,
    471.90524980688));
#7651 = DIRECTION('',(0.707106781187,-0.707106781187,0.));
#7652 = DIRECTION('',(0.,0.,1.));
#7653 = CYLINDRICAL_SURFACE('',#7654,60.);
#7654 = AXIS2_PLACEMENT_3D('',#7655,#7656,#7657);
#7655 = CARTESIAN_POINT('',(187.38329701443,-187.3832970144,
    471.90524980688));
#7656 = DIRECTION('',(0.707106781187,-0.707106781187,0.));
#7657 = DIRECTION('',(0.,0.,1.));
#7658 = ADVANCED_FACE('',(#7659),#7675,.T.);
#7659 = FACE_BOUND('',#7660,.T.);
#7660 = EDGE_LOOP('',(#7661,#7667,#7668,#7674));
#7661 = ORIENTED_EDGE('',*,*,#7662,.F.);
#7662 = EDGE_CURVE('',#7606,#7630,#7663,.T.);
#7663 = LINE('',#7664,#7665);
#7664 = CARTESIAN_POINT('',(144.95689014324,-229.8097038856,530.));
#7665 = VECTOR('',#7666,1.);
#7666 = DIRECTION('',(0.707106781187,0.707106781187,0.));
#7667 = ORIENTED_EDGE('',*,*,#7605,.T.);
#7668 = ORIENTED_EDGE('',*,*,#7669,.T.);
#7669 = EDGE_CURVE('',#7597,#7632,#7670,.T.);
#7670 = LINE('',#7671,#7672);
#7671 = CARTESIAN_POINT('',(159.09902576697,-243.9518395093,530.));
#7672 = VECTOR('',#7673,1.);
#7673 = DIRECTION('',(0.707106781187,0.707106781187,0.));
#7674 = ORIENTED_EDGE('',*,*,#7629,.F.);
#7675 = PLANE('',#7676);
#7676 = AXIS2_PLACEMENT_3D('',#7677,#7678,#7679);
#7677 = CARTESIAN_POINT('',(144.95689014324,-229.8097038856,530.));
#7678 = DIRECTION('',(0.,0.,1.));
#7679 = DIRECTION('',(0.707106781187,-0.707106781187,0.));
#7680 = ADVANCED_FACE('',(#7681),#7689,.T.);
#7681 = FACE_BOUND('',#7682,.T.);
#7682 = EDGE_LOOP('',(#7683,#7684,#7685,#7686,#7687,#7688));
#7683 = ORIENTED_EDGE('',*,*,#7566,.T.);
#7684 = ORIENTED_EDGE('',*,*,#7613,.F.);
#7685 = ORIENTED_EDGE('',*,*,#7662,.T.);
#7686 = ORIENTED_EDGE('',*,*,#7647,.F.);
#7687 = ORIENTED_EDGE('',*,*,#7504,.F.);
#7688 = ORIENTED_EDGE('',*,*,#7534,.F.);
#7689 = PLANE('',#7690);
#7690 = AXIS2_PLACEMENT_3D('',#7691,#7692,#7693);
#7691 = CARTESIAN_POINT('',(187.38329701443,-187.3832970144,
    454.72751870174));
#7692 = DIRECTION('',(-0.707106781187,0.707106781187,0.));
#7693 = DIRECTION('',(0.707106781187,0.707106781187,0.));
#7694 = ADVANCED_FACE('',(#7695),#7703,.T.);
#7695 = FACE_BOUND('',#7696,.T.);
#7696 = EDGE_LOOP('',(#7697,#7698,#7699,#7700,#7701,#7702));
#7697 = ORIENTED_EDGE('',*,*,#7582,.F.);
#7698 = ORIENTED_EDGE('',*,*,#7550,.T.);
#7699 = ORIENTED_EDGE('',*,*,#7520,.T.);
#7700 = ORIENTED_EDGE('',*,*,#7639,.T.);
#7701 = ORIENTED_EDGE('',*,*,#7669,.F.);
#7702 = ORIENTED_EDGE('',*,*,#7596,.T.);
#7703 = PLANE('',#7704);
#7704 = AXIS2_PLACEMENT_3D('',#7705,#7706,#7707);
#7705 = CARTESIAN_POINT('',(201.52543263816,-201.5254326381,
    454.72751870174));
#7706 = DIRECTION('',(0.707106781187,-0.707106781187,-0.));
#7707 = DIRECTION('',(-0.707106781187,-0.707106781187,0.));
#7708 = ( GEOMETRIC_REPRESENTATION_CONTEXT(3) 
GLOBAL_UNCERTAINTY_ASSIGNED_CONTEXT((#7712)) 
GLOBAL_UNIT_ASSIGNED_CONTEXT((#7709,#7710,#7711)) REPRESENTATION_CONTEXT
('Context #1','3D Context with UNIT and UNCERTAINTY') );
#7709 = ( LENGTH_UNIT() NAMED_UNIT(*) SI_UNIT(.MILLI.,.METRE.) );
#7710 = ( NAMED_UNIT(*) PLANE_ANGLE_UNIT() SI_UNIT($,.RADIAN.) );
#7711 = ( NAMED_UNIT(*) SI_UNIT($,.STERADIAN.) SOLID_ANGLE_UNIT() );
#7712 = UNCERTAINTY_MEASURE_WITH_UNIT(LENGTH_MEASURE(1.E-07),#7709,
  'distance_accuracy_value','confusion accuracy');
#7713 = CONTEXT_DEPENDENT_SHAPE_REPRESENTATION(#7714,#7716);
#7714 = ( REPRESENTATION_RELATIONSHIP('','',#7487,#10) 
REPRESENTATION_RELATIONSHIP_WITH_TRANSFORMATION(#7715) 
SHAPE_REPRESENTATION_RELATIONSHIP() );
#7715 = ITEM_DEFINED_TRANSFORMATION('','',#11,#131);
#7716 = PRODUCT_DEFINITION_SHAPE('Placement','Placement of an item',
  #7717);
#7717 = NEXT_ASSEMBLY_USAGE_OCCURRENCE('30',
  'P30 Arched blade 315 / maple segment 3','',#5,#7482,$);
#7718 = PRODUCT_RELATED_PRODUCT_CATEGORY('part',$,(#7484));
#7719 = SHAPE_DEFINITION_REPRESENTATION(#7720,#7726);
#7720 = PRODUCT_DEFINITION_SHAPE('','',#7721);
#7721 = PRODUCT_DEFINITION('design','',#7722,#7725);
#7722 = PRODUCT_DEFINITION_FORMATION('','',#7723);
#7723 = PRODUCT('P31 Slot jamb 315 / -1','P31 Slot jamb 315 / -1','',(
    #7724));
#7724 = PRODUCT_CONTEXT('',#2,'mechanical');
#7725 = PRODUCT_DEFINITION_CONTEXT('part definition',#2,'design');
#7726 = ADVANCED_BREP_SHAPE_REPRESENTATION('',(#11,#7727),#7994);
#7727 = MANIFOLD_SOLID_BREP('',#7728);
#7728 = CLOSED_SHELL('',(#7729,#7769,#7833,#7857,#7914,#7931,#7943,#7960
    ,#7977));
#7729 = ADVANCED_FACE('',(#7730),#7764,.F.);
#7730 = FACE_BOUND('',#7731,.F.);
#7731 = EDGE_LOOP('',(#7732,#7742,#7750,#7758));
#7732 = ORIENTED_EDGE('',*,*,#7733,.F.);
#7733 = EDGE_CURVE('',#7734,#7736,#7738,.T.);
#7734 = VERTEX_POINT('',#7735);
#7735 = CARTESIAN_POINT('',(176.06958851545,-198.6970055134,18.));
#7736 = VERTEX_POINT('',#7737);
#7737 = CARTESIAN_POINT('',(176.06958851545,-198.6970055134,280.));
#7738 = LINE('',#7739,#7740);
#7739 = CARTESIAN_POINT('',(176.06958851545,-198.6970055134,18.));
#7740 = VECTOR('',#7741,1.);
#7741 = DIRECTION('',(0.,0.,1.));
#7742 = ORIENTED_EDGE('',*,*,#7743,.T.);
#7743 = EDGE_CURVE('',#7734,#7744,#7746,.T.);
#7744 = VERTEX_POINT('',#7745);
#7745 = CARTESIAN_POINT('',(178.89801564019,-195.8685783886,18.));
#7746 = LINE('',#7747,#7748);
#7747 = CARTESIAN_POINT('',(176.06958851545,-198.6970055134,18.));
#7748 = VECTOR('',#7749,1.);
#7749 = DIRECTION('',(0.707106781187,0.707106781187,0.));
#7750 = ORIENTED_EDGE('',*,*,#7751,.T.);
#7751 = EDGE_CURVE('',#7744,#7752,#7754,.T.);
#7752 = VERTEX_POINT('',#7753);
#7753 = CARTESIAN_POINT('',(178.89801564019,-195.8685783886,280.));
#7754 = LINE('',#7755,#7756);
#7755 = CARTESIAN_POINT('',(178.89801564019,-195.8685783886,18.));
#7756 = VECTOR('',#7757,1.);
#7757 = DIRECTION('',(0.,0.,1.));
#7758 = ORIENTED_EDGE('',*,*,#7759,.F.);
#7759 = EDGE_CURVE('',#7736,#7752,#7760,.T.);
#7760 = LINE('',#7761,#7762);
#7761 = CARTESIAN_POINT('',(176.06958851545,-198.6970055134,280.));
#7762 = VECTOR('',#7763,1.);
#7763 = DIRECTION('',(0.707106781187,0.707106781187,0.));
#7764 = PLANE('',#7765);
#7765 = AXIS2_PLACEMENT_3D('',#7766,#7767,#7768);
#7766 = CARTESIAN_POINT('',(176.06958851545,-198.6970055134,18.));
#7767 = DIRECTION('',(0.707106781187,-0.707106781187,0.));
#7768 = DIRECTION('',(0.,0.,1.));
#7769 = ADVANCED_FACE('',(#7770,#7795,#7806,#7817),#7828,.F.);
#7770 = FACE_BOUND('',#7771,.F.);
#7771 = EDGE_LOOP('',(#7772,#7780,#7781,#7789));
#7772 = ORIENTED_EDGE('',*,*,#7773,.F.);
#7773 = EDGE_CURVE('',#7734,#7774,#7776,.T.);
#7774 = VERTEX_POINT('',#7775);
#7775 = CARTESIAN_POINT('',(190.21172413918,-212.8391411371,18.));
#7776 = LINE('',#7777,#7778);
#7777 = CARTESIAN_POINT('',(176.06958851545,-198.6970055134,18.));
#7778 = VECTOR('',#7779,1.);
#7779 = DIRECTION('',(0.707106781187,-0.707106781187,0.));
#7780 = ORIENTED_EDGE('',*,*,#7733,.T.);
#7781 = ORIENTED_EDGE('',*,*,#7782,.T.);
#7782 = EDGE_CURVE('',#7736,#7783,#7785,.T.);
#7783 = VERTEX_POINT('',#7784);
#7784 = CARTESIAN_POINT('',(190.21172413918,-212.8391411371,280.));
#7785 = LINE('',#7786,#7787);
#7786 = CARTESIAN_POINT('',(176.06958851545,-198.6970055134,280.));
#7787 = VECTOR('',#7788,1.);
#7788 = DIRECTION('',(0.707106781187,-0.707106781187,0.));
#7789 = ORIENTED_EDGE('',*,*,#7790,.F.);
#7790 = EDGE_CURVE('',#7774,#7783,#7791,.T.);
#7791 = LINE('',#7792,#7793);
#7792 = CARTESIAN_POINT('',(190.21172413918,-212.8391411371,18.));
#7793 = VECTOR('',#7794,1.);
#7794 = DIRECTION('',(0.,0.,1.));
#7795 = FACE_BOUND('',#7796,.F.);
#7796 = EDGE_LOOP('',(#7797));
#7797 = ORIENTED_EDGE('',*,*,#7798,.F.);
#7798 = EDGE_CURVE('',#7799,#7799,#7801,.T.);
#7799 = VERTEX_POINT('',#7800);
#7800 = CARTESIAN_POINT('',(183.14065632731,-205.7680733252,220.));
#7801 = CIRCLE('',#7802,3.);
#7802 = AXIS2_PLACEMENT_3D('',#7803,#7804,#7805);
#7803 = CARTESIAN_POINT('',(183.14065632731,-205.7680733252,217.));
#7804 = DIRECTION('',(0.707106781187,0.707106781187,-0.));
#7805 = DIRECTION('',(0.,0.,1.));
#7806 = FACE_BOUND('',#7807,.F.);
#7807 = EDGE_LOOP('',(#7808));
#7808 = ORIENTED_EDGE('',*,*,#7809,.F.);
#7809 = EDGE_CURVE('',#7810,#7810,#7812,.T.);
#7810 = VERTEX_POINT('',#7811);
#7811 = CARTESIAN_POINT('',(183.14065632731,-205.7680733252,248.));
#7812 = CIRCLE('',#7813,3.);
#7813 = AXIS2_PLACEMENT_3D('',#7814,#7815,#7816);
#7814 = CARTESIAN_POINT('',(183.14065632731,-205.7680733252,245.));
#7815 = DIRECTION('',(0.707106781187,0.707106781187,-0.));
#7816 = DIRECTION('',(0.,0.,1.));
#7817 = FACE_BOUND('',#7818,.F.);
#7818 = EDGE_LOOP('',(#7819));
#7819 = ORIENTED_EDGE('',*,*,#7820,.F.);
#7820 = EDGE_CURVE('',#7821,#7821,#7823,.T.);
#7821 = VERTEX_POINT('',#7822);
#7822 = CARTESIAN_POINT('',(183.14065632731,-205.7680733252,276.));
#7823 = CIRCLE('',#7824,3.);
#7824 = AXIS2_PLACEMENT_3D('',#7825,#7826,#7827);
#7825 = CARTESIAN_POINT('',(183.14065632731,-205.7680733252,273.));
#7826 = DIRECTION('',(0.707106781187,0.707106781187,-0.));
#7827 = DIRECTION('',(0.,0.,1.));
#7828 = PLANE('',#7829);
#7829 = AXIS2_PLACEMENT_3D('',#7830,#7831,#7832);
#7830 = CARTESIAN_POINT('',(176.06958851545,-198.6970055134,18.));
#7831 = DIRECTION('',(0.707106781187,0.707106781187,0.));
#7832 = DIRECTION('',(0.,0.,1.));
#7833 = ADVANCED_FACE('',(#7834),#7852,.T.);
#7834 = FACE_BOUND('',#7835,.T.);
#7835 = EDGE_LOOP('',(#7836,#7837,#7838,#7846));
#7836 = ORIENTED_EDGE('',*,*,#7759,.F.);
#7837 = ORIENTED_EDGE('',*,*,#7782,.T.);
#7838 = ORIENTED_EDGE('',*,*,#7839,.T.);
#7839 = EDGE_CURVE('',#7783,#7840,#7842,.T.);
#7840 = VERTEX_POINT('',#7841);
#7841 = CARTESIAN_POINT('',(193.04015126392,-210.0107140124,280.));
#7842 = LINE('',#7843,#7844);
#7843 = CARTESIAN_POINT('',(190.21172413918,-212.8391411371,280.));
#7844 = VECTOR('',#7845,1.);
#7845 = DIRECTION('',(0.707106781187,0.707106781187,0.));
#7846 = ORIENTED_EDGE('',*,*,#7847,.F.);
#7847 = EDGE_CURVE('',#7752,#7840,#7848,.T.);
#7848 = LINE('',#7849,#7850);
#7849 = CARTESIAN_POINT('',(178.89801564019,-195.8685783886,280.));
#7850 = VECTOR('',#7851,1.);
#7851 = DIRECTION('',(0.707106781187,-0.707106781187,0.));
#7852 = PLANE('',#7853);
#7853 = AXIS2_PLACEMENT_3D('',#7854,#7855,#7856);
#7854 = CARTESIAN_POINT('',(176.06958851545,-198.6970055134,280.));
#7855 = DIRECTION('',(0.,0.,1.));
#7856 = DIRECTION('',(0.707106781187,-0.707106781187,0.));
#7857 = ADVANCED_FACE('',(#7858,#7876,#7887,#7898),#7909,.T.);
#7858 = FACE_BOUND('',#7859,.T.);
#7859 = EDGE_LOOP('',(#7860,#7868,#7869,#7870));
#7860 = ORIENTED_EDGE('',*,*,#7861,.F.);
#7861 = EDGE_CURVE('',#7744,#7862,#7864,.T.);
#7862 = VERTEX_POINT('',#7863);
#7863 = CARTESIAN_POINT('',(193.04015126392,-210.0107140124,18.));
#7864 = LINE('',#7865,#7866);
#7865 = CARTESIAN_POINT('',(178.89801564019,-195.8685783886,18.));
#7866 = VECTOR('',#7867,1.);
#7867 = DIRECTION('',(0.707106781187,-0.707106781187,0.));
#7868 = ORIENTED_EDGE('',*,*,#7751,.T.);
#7869 = ORIENTED_EDGE('',*,*,#7847,.T.);
#7870 = ORIENTED_EDGE('',*,*,#7871,.F.);
#7871 = EDGE_CURVE('',#7862,#7840,#7872,.T.);
#7872 = LINE('',#7873,#7874);
#7873 = CARTESIAN_POINT('',(193.04015126392,-210.0107140124,18.));
#7874 = VECTOR('',#7875,1.);
#7875 = DIRECTION('',(0.,0.,1.));
#7876 = FACE_BOUND('',#7877,.T.);
#7877 = EDGE_LOOP('',(#7878));
#7878 = ORIENTED_EDGE('',*,*,#7879,.F.);
#7879 = EDGE_CURVE('',#7880,#7880,#7882,.T.);
#7880 = VERTEX_POINT('',#7881);
#7881 = CARTESIAN_POINT('',(185.96908345206,-202.9396462005,220.));
#7882 = CIRCLE('',#7883,3.);
#7883 = AXIS2_PLACEMENT_3D('',#7884,#7885,#7886);
#7884 = CARTESIAN_POINT('',(185.96908345206,-202.9396462005,217.));
#7885 = DIRECTION('',(0.707106781187,0.707106781187,-0.));
#7886 = DIRECTION('',(0.,0.,1.));
#7887 = FACE_BOUND('',#7888,.T.);
#7888 = EDGE_LOOP('',(#7889));
#7889 = ORIENTED_EDGE('',*,*,#7890,.F.);
#7890 = EDGE_CURVE('',#7891,#7891,#7893,.T.);
#7891 = VERTEX_POINT('',#7892);
#7892 = CARTESIAN_POINT('',(185.96908345206,-202.9396462005,248.));
#7893 = CIRCLE('',#7894,3.);
#7894 = AXIS2_PLACEMENT_3D('',#7895,#7896,#7897);
#7895 = CARTESIAN_POINT('',(185.96908345206,-202.9396462005,245.));
#7896 = DIRECTION('',(0.707106781187,0.707106781187,-0.));
#7897 = DIRECTION('',(0.,0.,1.));
#7898 = FACE_BOUND('',#7899,.T.);
#7899 = EDGE_LOOP('',(#7900));
#7900 = ORIENTED_EDGE('',*,*,#7901,.F.);
#7901 = EDGE_CURVE('',#7902,#7902,#7904,.T.);
#7902 = VERTEX_POINT('',#7903);
#7903 = CARTESIAN_POINT('',(185.96908345206,-202.9396462005,276.));
#7904 = CIRCLE('',#7905,3.);
#7905 = AXIS2_PLACEMENT_3D('',#7906,#7907,#7908);
#7906 = CARTESIAN_POINT('',(185.96908345206,-202.9396462005,273.));
#7907 = DIRECTION('',(0.707106781187,0.707106781187,-0.));
#7908 = DIRECTION('',(0.,0.,1.));
#7909 = PLANE('',#7910);
#7910 = AXIS2_PLACEMENT_3D('',#7911,#7912,#7913);
#7911 = CARTESIAN_POINT('',(178.89801564019,-195.8685783886,18.));
#7912 = DIRECTION('',(0.707106781187,0.707106781187,0.));
#7913 = DIRECTION('',(0.,0.,1.));
#7914 = ADVANCED_FACE('',(#7915),#7926,.F.);
#7915 = FACE_BOUND('',#7916,.F.);
#7916 = EDGE_LOOP('',(#7917,#7918,#7919,#7925));
#7917 = ORIENTED_EDGE('',*,*,#7743,.F.);
#7918 = ORIENTED_EDGE('',*,*,#7773,.T.);
#7919 = ORIENTED_EDGE('',*,*,#7920,.T.);
#7920 = EDGE_CURVE('',#7774,#7862,#7921,.T.);
#7921 = LINE('',#7922,#7923);
#7922 = CARTESIAN_POINT('',(190.21172413918,-212.8391411371,18.));
#7923 = VECTOR('',#7924,1.);
#7924 = DIRECTION('',(0.707106781187,0.707106781187,0.));
#7925 = ORIENTED_EDGE('',*,*,#7861,.F.);
#7926 = PLANE('',#7927);
#7927 = AXIS2_PLACEMENT_3D('',#7928,#7929,#7930);
#7928 = CARTESIAN_POINT('',(176.06958851545,-198.6970055134,18.));
#7929 = DIRECTION('',(0.,0.,1.));
#7930 = DIRECTION('',(0.707106781187,-0.707106781187,0.));
#7931 = ADVANCED_FACE('',(#7932),#7938,.T.);
#7932 = FACE_BOUND('',#7933,.T.);
#7933 = EDGE_LOOP('',(#7934,#7935,#7936,#7937));
#7934 = ORIENTED_EDGE('',*,*,#7790,.F.);
#7935 = ORIENTED_EDGE('',*,*,#7920,.T.);
#7936 = ORIENTED_EDGE('',*,*,#7871,.T.);
#7937 = ORIENTED_EDGE('',*,*,#7839,.F.);
#7938 = PLANE('',#7939);
#7939 = AXIS2_PLACEMENT_3D('',#7940,#7941,#7942);
#7940 = CARTESIAN_POINT('',(190.21172413918,-212.8391411371,18.));
#7941 = DIRECTION('',(0.707106781187,-0.707106781187,0.));
#7942 = DIRECTION('',(0.,0.,1.));
#7943 = ADVANCED_FACE('',(#7944),#7955,.F.);
#7944 = FACE_BOUND('',#7945,.F.);
#7945 = EDGE_LOOP('',(#7946,#7947,#7953,#7954));
#7946 = ORIENTED_EDGE('',*,*,#7879,.F.);
#7947 = ORIENTED_EDGE('',*,*,#7948,.F.);
#7948 = EDGE_CURVE('',#7799,#7880,#7949,.T.);
#7949 = LINE('',#7950,#7951);
#7950 = CARTESIAN_POINT('',(152.0279579551,-236.8807716974,220.));
#7951 = VECTOR('',#7952,1.);
#7952 = DIRECTION('',(0.707106781187,0.707106781187,0.));
#7953 = ORIENTED_EDGE('',*,*,#7798,.T.);
#7954 = ORIENTED_EDGE('',*,*,#7948,.T.);
#7955 = CYLINDRICAL_SURFACE('',#7956,3.);
#7956 = AXIS2_PLACEMENT_3D('',#7957,#7958,#7959);
#7957 = CARTESIAN_POINT('',(152.0279579551,-236.8807716974,217.));
#7958 = DIRECTION('',(0.707106781187,0.707106781187,0.));
#7959 = DIRECTION('',(0.,0.,1.));
#7960 = ADVANCED_FACE('',(#7961),#7972,.F.);
#7961 = FACE_BOUND('',#7962,.F.);
#7962 = EDGE_LOOP('',(#7963,#7964,#7970,#7971));
#7963 = ORIENTED_EDGE('',*,*,#7890,.F.);
#7964 = ORIENTED_EDGE('',*,*,#7965,.F.);
#7965 = EDGE_CURVE('',#7810,#7891,#7966,.T.);
#7966 = LINE('',#7967,#7968);
#7967 = CARTESIAN_POINT('',(152.0279579551,-236.8807716974,248.));
#7968 = VECTOR('',#7969,1.);
#7969 = DIRECTION('',(0.707106781187,0.707106781187,0.));
#7970 = ORIENTED_EDGE('',*,*,#7809,.T.);
#7971 = ORIENTED_EDGE('',*,*,#7965,.T.);
#7972 = CYLINDRICAL_SURFACE('',#7973,3.);
#7973 = AXIS2_PLACEMENT_3D('',#7974,#7975,#7976);
#7974 = CARTESIAN_POINT('',(152.0279579551,-236.8807716974,245.));
#7975 = DIRECTION('',(0.707106781187,0.707106781187,0.));
#7976 = DIRECTION('',(0.,0.,1.));
#7977 = ADVANCED_FACE('',(#7978),#7989,.F.);
#7978 = FACE_BOUND('',#7979,.F.);
#7979 = EDGE_LOOP('',(#7980,#7981,#7987,#7988));
#7980 = ORIENTED_EDGE('',*,*,#7901,.F.);
#7981 = ORIENTED_EDGE('',*,*,#7982,.F.);
#7982 = EDGE_CURVE('',#7821,#7902,#7983,.T.);
#7983 = LINE('',#7984,#7985);
#7984 = CARTESIAN_POINT('',(152.0279579551,-236.8807716974,276.));
#7985 = VECTOR('',#7986,1.);
#7986 = DIRECTION('',(0.707106781187,0.707106781187,0.));
#7987 = ORIENTED_EDGE('',*,*,#7820,.T.);
#7988 = ORIENTED_EDGE('',*,*,#7982,.T.);
#7989 = CYLINDRICAL_SURFACE('',#7990,3.);
#7990 = AXIS2_PLACEMENT_3D('',#7991,#7992,#7993);
#7991 = CARTESIAN_POINT('',(152.0279579551,-236.8807716974,273.));
#7992 = DIRECTION('',(0.707106781187,0.707106781187,0.));
#7993 = DIRECTION('',(0.,0.,1.));
#7994 = ( GEOMETRIC_REPRESENTATION_CONTEXT(3) 
GLOBAL_UNCERTAINTY_ASSIGNED_CONTEXT((#7998)) 
GLOBAL_UNIT_ASSIGNED_CONTEXT((#7995,#7996,#7997)) REPRESENTATION_CONTEXT
('Context #1','3D Context with UNIT and UNCERTAINTY') );
#7995 = ( LENGTH_UNIT() NAMED_UNIT(*) SI_UNIT(.MILLI.,.METRE.) );
#7996 = ( NAMED_UNIT(*) PLANE_ANGLE_UNIT() SI_UNIT($,.RADIAN.) );
#7997 = ( NAMED_UNIT(*) SI_UNIT($,.STERADIAN.) SOLID_ANGLE_UNIT() );
#7998 = UNCERTAINTY_MEASURE_WITH_UNIT(LENGTH_MEASURE(1.E-07),#7995,
  'distance_accuracy_value','confusion accuracy');
#7999 = CONTEXT_DEPENDENT_SHAPE_REPRESENTATION(#8000,#8002);
#8000 = ( REPRESENTATION_RELATIONSHIP('','',#7726,#10) 
REPRESENTATION_RELATIONSHIP_WITH_TRANSFORMATION(#8001) 
SHAPE_REPRESENTATION_RELATIONSHIP() );
#8001 = ITEM_DEFINED_TRANSFORMATION('','',#11,#135);
#8002 = PRODUCT_DEFINITION_SHAPE('Placement','Placement of an item',
  #8003);
#8003 = NEXT_ASSEMBLY_USAGE_OCCURRENCE('31','P31 Slot jamb 315 / -1','',
  #5,#7721,$);
#8004 = PRODUCT_RELATED_PRODUCT_CATEGORY('part',$,(#7723));
#8005 = SHAPE_DEFINITION_REPRESENTATION(#8006,#8012);
#8006 = PRODUCT_DEFINITION_SHAPE('','',#8007);
#8007 = PRODUCT_DEFINITION('design','',#8008,#8011);
#8008 = PRODUCT_DEFINITION_FORMATION('','',#8009);
#8009 = PRODUCT('P32 Slot jamb 315 / 1','P32 Slot jamb 315 / 1','',(
    #8010));
#8010 = PRODUCT_CONTEXT('',#2,'mechanical');
#8011 = PRODUCT_DEFINITION_CONTEXT('part definition',#2,'design');
#8012 = ADVANCED_BREP_SHAPE_REPRESENTATION('',(#11,#8013),#8280);
#8013 = MANIFOLD_SOLID_BREP('',#8014);
#8014 = CLOSED_SHELL('',(#8015,#8055,#8119,#8143,#8200,#8217,#8229,#8246
    ,#8263));
#8015 = ADVANCED_FACE('',(#8016),#8050,.F.);
#8016 = FACE_BOUND('',#8017,.F.);
#8017 = EDGE_LOOP('',(#8018,#8028,#8036,#8044));
#8018 = ORIENTED_EDGE('',*,*,#8019,.F.);
#8019 = EDGE_CURVE('',#8020,#8022,#8024,.T.);
#8020 = VERTEX_POINT('',#8021);
#8021 = CARTESIAN_POINT('',(195.86857838867,-178.8980156401,18.));
#8022 = VERTEX_POINT('',#8023);
#8023 = CARTESIAN_POINT('',(195.86857838867,-178.8980156401,280.));
#8024 = LINE('',#8025,#8026);
#8025 = CARTESIAN_POINT('',(195.86857838867,-178.8980156401,18.));
#8026 = VECTOR('',#8027,1.);
#8027 = DIRECTION('',(0.,0.,1.));
#8028 = ORIENTED_EDGE('',*,*,#8029,.T.);
#8029 = EDGE_CURVE('',#8020,#8030,#8032,.T.);
#8030 = VERTEX_POINT('',#8031);
#8031 = CARTESIAN_POINT('',(198.69700551342,-176.0695885154,18.));
#8032 = LINE('',#8033,#8034);
#8033 = CARTESIAN_POINT('',(195.86857838867,-178.8980156401,18.));
#8034 = VECTOR('',#8035,1.);
#8035 = DIRECTION('',(0.707106781187,0.707106781187,0.));
#8036 = ORIENTED_EDGE('',*,*,#8037,.T.);
#8037 = EDGE_CURVE('',#8030,#8038,#8040,.T.);
#8038 = VERTEX_POINT('',#8039);
#8039 = CARTESIAN_POINT('',(198.69700551342,-176.0695885154,280.));
#8040 = LINE('',#8041,#8042);
#8041 = CARTESIAN_POINT('',(198.69700551342,-176.0695885154,18.));
#8042 = VECTOR('',#8043,1.);
#8043 = DIRECTION('',(0.,0.,1.));
#8044 = ORIENTED_EDGE('',*,*,#8045,.F.);
#8045 = EDGE_CURVE('',#8022,#8038,#8046,.T.);
#8046 = LINE('',#8047,#8048);
#8047 = CARTESIAN_POINT('',(195.86857838867,-178.8980156401,280.));
#8048 = VECTOR('',#8049,1.);
#8049 = DIRECTION('',(0.707106781187,0.707106781187,0.));
#8050 = PLANE('',#8051);
#8051 = AXIS2_PLACEMENT_3D('',#8052,#8053,#8054);
#8052 = CARTESIAN_POINT('',(195.86857838867,-178.8980156401,18.));
#8053 = DIRECTION('',(0.707106781187,-0.707106781187,0.));
#8054 = DIRECTION('',(0.,0.,1.));
#8055 = ADVANCED_FACE('',(#8056,#8081,#8092,#8103),#8114,.F.);
#8056 = FACE_BOUND('',#8057,.F.);
#8057 = EDGE_LOOP('',(#8058,#8066,#8067,#8075));
#8058 = ORIENTED_EDGE('',*,*,#8059,.F.);
#8059 = EDGE_CURVE('',#8020,#8060,#8062,.T.);
#8060 = VERTEX_POINT('',#8061);
#8061 = CARTESIAN_POINT('',(210.0107140124,-193.0401512639,18.));
#8062 = LINE('',#8063,#8064);
#8063 = CARTESIAN_POINT('',(195.86857838867,-178.8980156401,18.));
#8064 = VECTOR('',#8065,1.);
#8065 = DIRECTION('',(0.707106781187,-0.707106781187,0.));
#8066 = ORIENTED_EDGE('',*,*,#8019,.T.);
#8067 = ORIENTED_EDGE('',*,*,#8068,.T.);
#8068 = EDGE_CURVE('',#8022,#8069,#8071,.T.);
#8069 = VERTEX_POINT('',#8070);
#8070 = CARTESIAN_POINT('',(210.0107140124,-193.0401512639,280.));
#8071 = LINE('',#8072,#8073);
#8072 = CARTESIAN_POINT('',(195.86857838867,-178.8980156401,280.));
#8073 = VECTOR('',#8074,1.);
#8074 = DIRECTION('',(0.707106781187,-0.707106781187,0.));
#8075 = ORIENTED_EDGE('',*,*,#8076,.F.);
#8076 = EDGE_CURVE('',#8060,#8069,#8077,.T.);
#8077 = LINE('',#8078,#8079);
#8078 = CARTESIAN_POINT('',(210.0107140124,-193.0401512639,18.));
#8079 = VECTOR('',#8080,1.);
#8080 = DIRECTION('',(0.,0.,1.));
#8081 = FACE_BOUND('',#8082,.F.);
#8082 = EDGE_LOOP('',(#8083));
#8083 = ORIENTED_EDGE('',*,*,#8084,.F.);
#8084 = EDGE_CURVE('',#8085,#8085,#8087,.T.);
#8085 = VERTEX_POINT('',#8086);
#8086 = CARTESIAN_POINT('',(202.93964620053,-185.969083452,220.));
#8087 = CIRCLE('',#8088,3.);
#8088 = AXIS2_PLACEMENT_3D('',#8089,#8090,#8091);
#8089 = CARTESIAN_POINT('',(202.93964620053,-185.969083452,217.));
#8090 = DIRECTION('',(0.707106781187,0.707106781187,-0.));
#8091 = DIRECTION('',(0.,0.,1.));
#8092 = FACE_BOUND('',#8093,.F.);
#8093 = EDGE_LOOP('',(#8094));
#8094 = ORIENTED_EDGE('',*,*,#8095,.F.);
#8095 = EDGE_CURVE('',#8096,#8096,#8098,.T.);
#8096 = VERTEX_POINT('',#8097);
#8097 = CARTESIAN_POINT('',(202.93964620053,-185.969083452,248.));
#8098 = CIRCLE('',#8099,3.);
#8099 = AXIS2_PLACEMENT_3D('',#8100,#8101,#8102);
#8100 = CARTESIAN_POINT('',(202.93964620053,-185.969083452,245.));
#8101 = DIRECTION('',(0.707106781187,0.707106781187,-0.));
#8102 = DIRECTION('',(0.,0.,1.));
#8103 = FACE_BOUND('',#8104,.F.);
#8104 = EDGE_LOOP('',(#8105));
#8105 = ORIENTED_EDGE('',*,*,#8106,.F.);
#8106 = EDGE_CURVE('',#8107,#8107,#8109,.T.);
#8107 = VERTEX_POINT('',#8108);
#8108 = CARTESIAN_POINT('',(202.93964620053,-185.969083452,276.));
#8109 = CIRCLE('',#8110,3.);
#8110 = AXIS2_PLACEMENT_3D('',#8111,#8112,#8113);
#8111 = CARTESIAN_POINT('',(202.93964620053,-185.969083452,273.));
#8112 = DIRECTION('',(0.707106781187,0.707106781187,-0.));
#8113 = DIRECTION('',(0.,0.,1.));
#8114 = PLANE('',#8115);
#8115 = AXIS2_PLACEMENT_3D('',#8116,#8117,#8118);
#8116 = CARTESIAN_POINT('',(195.86857838867,-178.8980156401,18.));
#8117 = DIRECTION('',(0.707106781187,0.707106781187,0.));
#8118 = DIRECTION('',(0.,0.,1.));
#8119 = ADVANCED_FACE('',(#8120),#8138,.T.);
#8120 = FACE_BOUND('',#8121,.T.);
#8121 = EDGE_LOOP('',(#8122,#8123,#8124,#8132));
#8122 = ORIENTED_EDGE('',*,*,#8045,.F.);
#8123 = ORIENTED_EDGE('',*,*,#8068,.T.);
#8124 = ORIENTED_EDGE('',*,*,#8125,.T.);
#8125 = EDGE_CURVE('',#8069,#8126,#8128,.T.);
#8126 = VERTEX_POINT('',#8127);
#8127 = CARTESIAN_POINT('',(212.83914113715,-190.2117241391,280.));
#8128 = LINE('',#8129,#8130);
#8129 = CARTESIAN_POINT('',(210.0107140124,-193.0401512639,280.));
#8130 = VECTOR('',#8131,1.);
#8131 = DIRECTION('',(0.707106781187,0.707106781187,0.));
#8132 = ORIENTED_EDGE('',*,*,#8133,.F.);
#8133 = EDGE_CURVE('',#8038,#8126,#8134,.T.);
#8134 = LINE('',#8135,#8136);
#8135 = CARTESIAN_POINT('',(198.69700551342,-176.0695885154,280.));
#8136 = VECTOR('',#8137,1.);
#8137 = DIRECTION('',(0.707106781187,-0.707106781187,0.));
#8138 = PLANE('',#8139);
#8139 = AXIS2_PLACEMENT_3D('',#8140,#8141,#8142);
#8140 = CARTESIAN_POINT('',(195.86857838867,-178.8980156401,280.));
#8141 = DIRECTION('',(0.,0.,1.));
#8142 = DIRECTION('',(0.707106781187,-0.707106781187,0.));
#8143 = ADVANCED_FACE('',(#8144,#8162,#8173,#8184),#8195,.T.);
#8144 = FACE_BOUND('',#8145,.T.);
#8145 = EDGE_LOOP('',(#8146,#8154,#8155,#8156));
#8146 = ORIENTED_EDGE('',*,*,#8147,.F.);
#8147 = EDGE_CURVE('',#8030,#8148,#8150,.T.);
#8148 = VERTEX_POINT('',#8149);
#8149 = CARTESIAN_POINT('',(212.83914113715,-190.2117241391,18.));
#8150 = LINE('',#8151,#8152);
#8151 = CARTESIAN_POINT('',(198.69700551342,-176.0695885154,18.));
#8152 = VECTOR('',#8153,1.);
#8153 = DIRECTION('',(0.707106781187,-0.707106781187,0.));
#8154 = ORIENTED_EDGE('',*,*,#8037,.T.);
#8155 = ORIENTED_EDGE('',*,*,#8133,.T.);
#8156 = ORIENTED_EDGE('',*,*,#8157,.F.);
#8157 = EDGE_CURVE('',#8148,#8126,#8158,.T.);
#8158 = LINE('',#8159,#8160);
#8159 = CARTESIAN_POINT('',(212.83914113715,-190.2117241391,18.));
#8160 = VECTOR('',#8161,1.);
#8161 = DIRECTION('',(0.,0.,1.));
#8162 = FACE_BOUND('',#8163,.T.);
#8163 = EDGE_LOOP('',(#8164));
#8164 = ORIENTED_EDGE('',*,*,#8165,.F.);
#8165 = EDGE_CURVE('',#8166,#8166,#8168,.T.);
#8166 = VERTEX_POINT('',#8167);
#8167 = CARTESIAN_POINT('',(205.76807332528,-183.1406563273,220.));
#8168 = CIRCLE('',#8169,3.);
#8169 = AXIS2_PLACEMENT_3D('',#8170,#8171,#8172);
#8170 = CARTESIAN_POINT('',(205.76807332528,-183.1406563273,217.));
#8171 = DIRECTION('',(0.707106781187,0.707106781187,-0.));
#8172 = DIRECTION('',(0.,0.,1.));
#8173 = FACE_BOUND('',#8174,.T.);
#8174 = EDGE_LOOP('',(#8175));
#8175 = ORIENTED_EDGE('',*,*,#8176,.F.);
#8176 = EDGE_CURVE('',#8177,#8177,#8179,.T.);
#8177 = VERTEX_POINT('',#8178);
#8178 = CARTESIAN_POINT('',(205.76807332528,-183.1406563273,248.));
#8179 = CIRCLE('',#8180,3.);
#8180 = AXIS2_PLACEMENT_3D('',#8181,#8182,#8183);
#8181 = CARTESIAN_POINT('',(205.76807332528,-183.1406563273,245.));
#8182 = DIRECTION('',(0.707106781187,0.707106781187,-0.));
#8183 = DIRECTION('',(0.,0.,1.));
#8184 = FACE_BOUND('',#8185,.T.);
#8185 = EDGE_LOOP('',(#8186));
#8186 = ORIENTED_EDGE('',*,*,#8187,.F.);
#8187 = EDGE_CURVE('',#8188,#8188,#8190,.T.);
#8188 = VERTEX_POINT('',#8189);
#8189 = CARTESIAN_POINT('',(205.76807332528,-183.1406563273,276.));
#8190 = CIRCLE('',#8191,3.);
#8191 = AXIS2_PLACEMENT_3D('',#8192,#8193,#8194);
#8192 = CARTESIAN_POINT('',(205.76807332528,-183.1406563273,273.));
#8193 = DIRECTION('',(0.707106781187,0.707106781187,-0.));
#8194 = DIRECTION('',(0.,0.,1.));
#8195 = PLANE('',#8196);
#8196 = AXIS2_PLACEMENT_3D('',#8197,#8198,#8199);
#8197 = CARTESIAN_POINT('',(198.69700551342,-176.0695885154,18.));
#8198 = DIRECTION('',(0.707106781187,0.707106781187,0.));
#8199 = DIRECTION('',(0.,0.,1.));
#8200 = ADVANCED_FACE('',(#8201),#8212,.F.);
#8201 = FACE_BOUND('',#8202,.F.);
#8202 = EDGE_LOOP('',(#8203,#8204,#8205,#8211));
#8203 = ORIENTED_EDGE('',*,*,#8029,.F.);
#8204 = ORIENTED_EDGE('',*,*,#8059,.T.);
#8205 = ORIENTED_EDGE('',*,*,#8206,.T.);
#8206 = EDGE_CURVE('',#8060,#8148,#8207,.T.);
#8207 = LINE('',#8208,#8209);
#8208 = CARTESIAN_POINT('',(210.0107140124,-193.0401512639,18.));
#8209 = VECTOR('',#8210,1.);
#8210 = DIRECTION('',(0.707106781187,0.707106781187,0.));
#8211 = ORIENTED_EDGE('',*,*,#8147,.F.);
#8212 = PLANE('',#8213);
#8213 = AXIS2_PLACEMENT_3D('',#8214,#8215,#8216);
#8214 = CARTESIAN_POINT('',(195.86857838867,-178.8980156401,18.));
#8215 = DIRECTION('',(0.,0.,1.));
#8216 = DIRECTION('',(0.707106781187,-0.707106781187,0.));
#8217 = ADVANCED_FACE('',(#8218),#8224,.T.);
#8218 = FACE_BOUND('',#8219,.T.);
#8219 = EDGE_LOOP('',(#8220,#8221,#8222,#8223));
#8220 = ORIENTED_EDGE('',*,*,#8076,.F.);
#8221 = ORIENTED_EDGE('',*,*,#8206,.T.);
#8222 = ORIENTED_EDGE('',*,*,#8157,.T.);
#8223 = ORIENTED_EDGE('',*,*,#8125,.F.);
#8224 = PLANE('',#8225);
#8225 = AXIS2_PLACEMENT_3D('',#8226,#8227,#8228);
#8226 = CARTESIAN_POINT('',(210.0107140124,-193.0401512639,18.));
#8227 = DIRECTION('',(0.707106781187,-0.707106781187,0.));
#8228 = DIRECTION('',(0.,0.,1.));
#8229 = ADVANCED_FACE('',(#8230),#8241,.F.);
#8230 = FACE_BOUND('',#8231,.F.);
#8231 = EDGE_LOOP('',(#8232,#8233,#8239,#8240));
#8232 = ORIENTED_EDGE('',*,*,#8165,.F.);
#8233 = ORIENTED_EDGE('',*,*,#8234,.F.);
#8234 = EDGE_CURVE('',#8085,#8166,#8235,.T.);
#8235 = LINE('',#8236,#8237);
#8236 = CARTESIAN_POINT('',(152.0279579551,-236.8807716974,220.));
#8237 = VECTOR('',#8238,1.);
#8238 = DIRECTION('',(0.707106781187,0.707106781187,0.));
#8239 = ORIENTED_EDGE('',*,*,#8084,.T.);
#8240 = ORIENTED_EDGE('',*,*,#8234,.T.);
#8241 = CYLINDRICAL_SURFACE('',#8242,3.);
#8242 = AXIS2_PLACEMENT_3D('',#8243,#8244,#8245);
#8243 = CARTESIAN_POINT('',(152.0279579551,-236.8807716974,217.));
#8244 = DIRECTION('',(0.707106781187,0.707106781187,0.));
#8245 = DIRECTION('',(0.,0.,1.));
#8246 = ADVANCED_FACE('',(#8247),#8258,.F.);
#8247 = FACE_BOUND('',#8248,.F.);
#8248 = EDGE_LOOP('',(#8249,#8250,#8256,#8257));
#8249 = ORIENTED_EDGE('',*,*,#8176,.F.);
#8250 = ORIENTED_EDGE('',*,*,#8251,.F.);
#8251 = EDGE_CURVE('',#8096,#8177,#8252,.T.);
#8252 = LINE('',#8253,#8254);
#8253 = CARTESIAN_POINT('',(152.0279579551,-236.8807716974,248.));
#8254 = VECTOR('',#8255,1.);
#8255 = DIRECTION('',(0.707106781187,0.707106781187,0.));
#8256 = ORIENTED_EDGE('',*,*,#8095,.T.);
#8257 = ORIENTED_EDGE('',*,*,#8251,.T.);
#8258 = CYLINDRICAL_SURFACE('',#8259,3.);
#8259 = AXIS2_PLACEMENT_3D('',#8260,#8261,#8262);
#8260 = CARTESIAN_POINT('',(152.0279579551,-236.8807716974,245.));
#8261 = DIRECTION('',(0.707106781187,0.707106781187,0.));
#8262 = DIRECTION('',(0.,0.,1.));
#8263 = ADVANCED_FACE('',(#8264),#8275,.F.);
#8264 = FACE_BOUND('',#8265,.F.);
#8265 = EDGE_LOOP('',(#8266,#8267,#8273,#8274));
#8266 = ORIENTED_EDGE('',*,*,#8187,.F.);
#8267 = ORIENTED_EDGE('',*,*,#8268,.F.);
#8268 = EDGE_CURVE('',#8107,#8188,#8269,.T.);
#8269 = LINE('',#8270,#8271);
#8270 = CARTESIAN_POINT('',(152.0279579551,-236.8807716974,276.));
#8271 = VECTOR('',#8272,1.);
#8272 = DIRECTION('',(0.707106781187,0.707106781187,0.));
#8273 = ORIENTED_EDGE('',*,*,#8106,.T.);
#8274 = ORIENTED_EDGE('',*,*,#8268,.T.);
#8275 = CYLINDRICAL_SURFACE('',#8276,3.);
#8276 = AXIS2_PLACEMENT_3D('',#8277,#8278,#8279);
#8277 = CARTESIAN_POINT('',(152.0279579551,-236.8807716974,273.));
#8278 = DIRECTION('',(0.707106781187,0.707106781187,0.));
#8279 = DIRECTION('',(0.,0.,1.));
#8280 = ( GEOMETRIC_REPRESENTATION_CONTEXT(3) 
GLOBAL_UNCERTAINTY_ASSIGNED_CONTEXT((#8284)) 
GLOBAL_UNIT_ASSIGNED_CONTEXT((#8281,#8282,#8283)) REPRESENTATION_CONTEXT
('Context #1','3D Context with UNIT and UNCERTAINTY') );
#8281 = ( LENGTH_UNIT() NAMED_UNIT(*) SI_UNIT(.MILLI.,.METRE.) );
#8282 = ( NAMED_UNIT(*) PLANE_ANGLE_UNIT() SI_UNIT($,.RADIAN.) );
#8283 = ( NAMED_UNIT(*) SI_UNIT($,.STERADIAN.) SOLID_ANGLE_UNIT() );
#8284 = UNCERTAINTY_MEASURE_WITH_UNIT(LENGTH_MEASURE(1.E-07),#8281,
  'distance_accuracy_value','confusion accuracy');
#8285 = CONTEXT_DEPENDENT_SHAPE_REPRESENTATION(#8286,#8288);
#8286 = ( REPRESENTATION_RELATIONSHIP('','',#8012,#10) 
REPRESENTATION_RELATIONSHIP_WITH_TRANSFORMATION(#8287) 
SHAPE_REPRESENTATION_RELATIONSHIP() );
#8287 = ITEM_DEFINED_TRANSFORMATION('','',#11,#139);
#8288 = PRODUCT_DEFINITION_SHAPE('Placement','Placement of an item',
  #8289);
#8289 = NEXT_ASSEMBLY_USAGE_OCCURRENCE('32','P32 Slot jamb 315 / 1','',
  #5,#8007,$);
#8290 = PRODUCT_RELATED_PRODUCT_CATEGORY('part',$,(#8009));
#8291 = SHAPE_DEFINITION_REPRESENTATION(#8292,#8298);
#8292 = PRODUCT_DEFINITION_SHAPE('','',#8293);
#8293 = PRODUCT_DEFINITION('design','',#8294,#8297);
#8294 = PRODUCT_DEFINITION_FORMATION('','',#8295);
#8295 = PRODUCT('P33 Slot lintel 315','P33 Slot lintel 315','',(#8296));
#8296 = PRODUCT_CONTEXT('',#2,'mechanical');
#8297 = PRODUCT_DEFINITION_CONTEXT('part definition',#2,'design');
#8298 = ADVANCED_BREP_SHAPE_REPRESENTATION('',(#11,#8299),#8449);
#8299 = MANIFOLD_SOLID_BREP('',#8300);
#8300 = CLOSED_SHELL('',(#8301,#8341,#8381,#8403,#8425,#8437));
#8301 = ADVANCED_FACE('',(#8302),#8336,.F.);
#8302 = FACE_BOUND('',#8303,.F.);
#8303 = EDGE_LOOP('',(#8304,#8314,#8322,#8330));
#8304 = ORIENTED_EDGE('',*,*,#8305,.F.);
#8305 = EDGE_CURVE('',#8306,#8308,#8310,.T.);
#8306 = VERTEX_POINT('',#8307);
#8307 = CARTESIAN_POINT('',(176.06958851545,-198.6970055134,280.));
#8308 = VERTEX_POINT('',#8309);
#8309 = CARTESIAN_POINT('',(176.06958851545,-198.6970055134,284.));
#8310 = LINE('',#8311,#8312);
#8311 = CARTESIAN_POINT('',(176.06958851545,-198.6970055134,280.));
#8312 = VECTOR('',#8313,1.);
#8313 = DIRECTION('',(0.,0.,1.));
#8314 = ORIENTED_EDGE('',*,*,#8315,.T.);
#8315 = EDGE_CURVE('',#8306,#8316,#8318,.T.);
#8316 = VERTEX_POINT('',#8317);
#8317 = CARTESIAN_POINT('',(198.69700551342,-176.0695885154,280.));
#8318 = LINE('',#8319,#8320);
#8319 = CARTESIAN_POINT('',(176.06958851545,-198.6970055134,280.));
#8320 = VECTOR('',#8321,1.);
#8321 = DIRECTION('',(0.707106781187,0.707106781187,0.));
#8322 = ORIENTED_EDGE('',*,*,#8323,.T.);
#8323 = EDGE_CURVE('',#8316,#8324,#8326,.T.);
#8324 = VERTEX_POINT('',#8325);
#8325 = CARTESIAN_POINT('',(198.69700551342,-176.0695885154,284.));
#8326 = LINE('',#8327,#8328);
#8327 = CARTESIAN_POINT('',(198.69700551342,-176.0695885154,280.));
#8328 = VECTOR('',#8329,1.);
#8329 = DIRECTION('',(0.,0.,1.));
#8330 = ORIENTED_EDGE('',*,*,#8331,.F.);
#8331 = EDGE_CURVE('',#8308,#8324,#8332,.T.);
#8332 = LINE('',#8333,#8334);
#8333 = CARTESIAN_POINT('',(176.06958851545,-198.6970055134,284.));
#8334 = VECTOR('',#8335,1.);
#8335 = DIRECTION('',(0.707106781187,0.707106781187,0.));
#8336 = PLANE('',#8337);
#8337 = AXIS2_PLACEMENT_3D('',#8338,#8339,#8340);
#8338 = CARTESIAN_POINT('',(176.06958851545,-198.6970055134,280.));
#8339 = DIRECTION('',(0.707106781187,-0.707106781187,0.));
#8340 = DIRECTION('',(0.,0.,1.));
#8341 = ADVANCED_FACE('',(#8342),#8376,.T.);
#8342 = FACE_BOUND('',#8343,.T.);
#8343 = EDGE_LOOP('',(#8344,#8354,#8362,#8370));
#8344 = ORIENTED_EDGE('',*,*,#8345,.F.);
#8345 = EDGE_CURVE('',#8346,#8348,#8350,.T.);
#8346 = VERTEX_POINT('',#8347);
#8347 = CARTESIAN_POINT('',(190.21172413918,-212.8391411371,280.));
#8348 = VERTEX_POINT('',#8349);
#8349 = CARTESIAN_POINT('',(190.21172413918,-212.8391411371,284.));
#8350 = LINE('',#8351,#8352);
#8351 = CARTESIAN_POINT('',(190.21172413918,-212.8391411371,280.));
#8352 = VECTOR('',#8353,1.);
#8353 = DIRECTION('',(0.,0.,1.));
#8354 = ORIENTED_EDGE('',*,*,#8355,.T.);
#8355 = EDGE_CURVE('',#8346,#8356,#8358,.T.);
#8356 = VERTEX_POINT('',#8357);
#8357 = CARTESIAN_POINT('',(212.83914113715,-190.2117241391,280.));
#8358 = LINE('',#8359,#8360);
#8359 = CARTESIAN_POINT('',(190.21172413918,-212.8391411371,280.));
#8360 = VECTOR('',#8361,1.);
#8361 = DIRECTION('',(0.707106781187,0.707106781187,0.));
#8362 = ORIENTED_EDGE('',*,*,#8363,.T.);
#8363 = EDGE_CURVE('',#8356,#8364,#8366,.T.);
#8364 = VERTEX_POINT('',#8365);
#8365 = CARTESIAN_POINT('',(212.83914113715,-190.2117241391,284.));
#8366 = LINE('',#8367,#8368);
#8367 = CARTESIAN_POINT('',(212.83914113715,-190.2117241391,280.));
#8368 = VECTOR('',#8369,1.);
#8369 = DIRECTION('',(0.,0.,1.));
#8370 = ORIENTED_EDGE('',*,*,#8371,.F.);
#8371 = EDGE_CURVE('',#8348,#8364,#8372,.T.);
#8372 = LINE('',#8373,#8374);
#8373 = CARTESIAN_POINT('',(190.21172413918,-212.8391411371,284.));
#8374 = VECTOR('',#8375,1.);
#8375 = DIRECTION('',(0.707106781187,0.707106781187,0.));
#8376 = PLANE('',#8377);
#8377 = AXIS2_PLACEMENT_3D('',#8378,#8379,#8380);
#8378 = CARTESIAN_POINT('',(190.21172413918,-212.8391411371,280.));
#8379 = DIRECTION('',(0.707106781187,-0.707106781187,0.));
#8380 = DIRECTION('',(0.,0.,1.));
#8381 = ADVANCED_FACE('',(#8382),#8398,.F.);
#8382 = FACE_BOUND('',#8383,.F.);
#8383 = EDGE_LOOP('',(#8384,#8390,#8391,#8397));
#8384 = ORIENTED_EDGE('',*,*,#8385,.F.);
#8385 = EDGE_CURVE('',#8306,#8346,#8386,.T.);
#8386 = LINE('',#8387,#8388);
#8387 = CARTESIAN_POINT('',(176.06958851545,-198.6970055134,280.));
#8388 = VECTOR('',#8389,1.);
#8389 = DIRECTION('',(0.707106781187,-0.707106781187,0.));
#8390 = ORIENTED_EDGE('',*,*,#8305,.T.);
#8391 = ORIENTED_EDGE('',*,*,#8392,.T.);
#8392 = EDGE_CURVE('',#8308,#8348,#8393,.T.);
#8393 = LINE('',#8394,#8395);
#8394 = CARTESIAN_POINT('',(176.06958851545,-198.6970055134,284.));
#8395 = VECTOR('',#8396,1.);
#8396 = DIRECTION('',(0.707106781187,-0.707106781187,0.));
#8397 = ORIENTED_EDGE('',*,*,#8345,.F.);
#8398 = PLANE('',#8399);
#8399 = AXIS2_PLACEMENT_3D('',#8400,#8401,#8402);
#8400 = CARTESIAN_POINT('',(176.06958851545,-198.6970055134,280.));
#8401 = DIRECTION('',(0.707106781187,0.707106781187,0.));
#8402 = DIRECTION('',(0.,0.,1.));
#8403 = ADVANCED_FACE('',(#8404),#8420,.T.);
#8404 = FACE_BOUND('',#8405,.T.);
#8405 = EDGE_LOOP('',(#8406,#8412,#8413,#8419));
#8406 = ORIENTED_EDGE('',*,*,#8407,.F.);
#8407 = EDGE_CURVE('',#8316,#8356,#8408,.T.);
#8408 = LINE('',#8409,#8410);
#8409 = CARTESIAN_POINT('',(198.69700551342,-176.0695885154,280.));
#8410 = VECTOR('',#8411,1.);
#8411 = DIRECTION('',(0.707106781187,-0.707106781187,0.));
#8412 = ORIENTED_EDGE('',*,*,#8323,.T.);
#8413 = ORIENTED_EDGE('',*,*,#8414,.T.);
#8414 = EDGE_CURVE('',#8324,#8364,#8415,.T.);
#8415 = LINE('',#8416,#8417);
#8416 = CARTESIAN_POINT('',(198.69700551342,-176.0695885154,284.));
#8417 = VECTOR('',#8418,1.);
#8418 = DIRECTION('',(0.707106781187,-0.707106781187,0.));
#8419 = ORIENTED_EDGE('',*,*,#8363,.F.);
#8420 = PLANE('',#8421);
#8421 = AXIS2_PLACEMENT_3D('',#8422,#8423,#8424);
#8422 = CARTESIAN_POINT('',(198.69700551342,-176.0695885154,280.));
#8423 = DIRECTION('',(0.707106781187,0.707106781187,0.));
#8424 = DIRECTION('',(0.,0.,1.));
#8425 = ADVANCED_FACE('',(#8426),#8432,.F.);
#8426 = FACE_BOUND('',#8427,.F.);
#8427 = EDGE_LOOP('',(#8428,#8429,#8430,#8431));
#8428 = ORIENTED_EDGE('',*,*,#8315,.F.);
#8429 = ORIENTED_EDGE('',*,*,#8385,.T.);
#8430 = ORIENTED_EDGE('',*,*,#8355,.T.);
#8431 = ORIENTED_EDGE('',*,*,#8407,.F.);
#8432 = PLANE('',#8433);
#8433 = AXIS2_PLACEMENT_3D('',#8434,#8435,#8436);
#8434 = CARTESIAN_POINT('',(176.06958851545,-198.6970055134,280.));
#8435 = DIRECTION('',(0.,0.,1.));
#8436 = DIRECTION('',(0.707106781187,-0.707106781187,0.));
#8437 = ADVANCED_FACE('',(#8438),#8444,.T.);
#8438 = FACE_BOUND('',#8439,.T.);
#8439 = EDGE_LOOP('',(#8440,#8441,#8442,#8443));
#8440 = ORIENTED_EDGE('',*,*,#8331,.F.);
#8441 = ORIENTED_EDGE('',*,*,#8392,.T.);
#8442 = ORIENTED_EDGE('',*,*,#8371,.T.);
#8443 = ORIENTED_EDGE('',*,*,#8414,.F.);
#8444 = PLANE('',#8445);
#8445 = AXIS2_PLACEMENT_3D('',#8446,#8447,#8448);
#8446 = CARTESIAN_POINT('',(176.06958851545,-198.6970055134,284.));
#8447 = DIRECTION('',(0.,0.,1.));
#8448 = DIRECTION('',(0.707106781187,-0.707106781187,0.));
#8449 = ( GEOMETRIC_REPRESENTATION_CONTEXT(3) 
GLOBAL_UNCERTAINTY_ASSIGNED_CONTEXT((#8453)) 
GLOBAL_UNIT_ASSIGNED_CONTEXT((#8450,#8451,#8452)) REPRESENTATION_CONTEXT
('Context #1','3D Context with UNIT and UNCERTAINTY') );
#8450 = ( LENGTH_UNIT() NAMED_UNIT(*) SI_UNIT(.MILLI.,.METRE.) );
#8451 = ( NAMED_UNIT(*) PLANE_ANGLE_UNIT() SI_UNIT($,.RADIAN.) );
#8452 = ( NAMED_UNIT(*) SI_UNIT($,.STERADIAN.) SOLID_ANGLE_UNIT() );
#8453 = UNCERTAINTY_MEASURE_WITH_UNIT(LENGTH_MEASURE(1.E-07),#8450,
  'distance_accuracy_value','confusion accuracy');
#8454 = CONTEXT_DEPENDENT_SHAPE_REPRESENTATION(#8455,#8457);
#8455 = ( REPRESENTATION_RELATIONSHIP('','',#8298,#10) 
REPRESENTATION_RELATIONSHIP_WITH_TRANSFORMATION(#8456) 
SHAPE_REPRESENTATION_RELATIONSHIP() );
#8456 = ITEM_DEFINED_TRANSFORMATION('','',#11,#143);
#8457 = PRODUCT_DEFINITION_SHAPE('Placement','Placement of an item',
  #8458);
#8458 = NEXT_ASSEMBLY_USAGE_OCCURRENCE('33','P33 Slot lintel 315','',#5,
  #8293,$);
#8459 = PRODUCT_RELATED_PRODUCT_CATEGORY('part',$,(#8295));
#8460 = SHAPE_DEFINITION_REPRESENTATION(#8461,#8467);
#8461 = PRODUCT_DEFINITION_SHAPE('','',#8462);
#8462 = PRODUCT_DEFINITION('design','',#8463,#8466);
#8463 = PRODUCT_DEFINITION_FORMATION('','',#8464);
#8464 = PRODUCT('P34 Foot shoe 315','P34 Foot shoe 315','',(#8465));
#8465 = PRODUCT_CONTEXT('',#2,'mechanical');
#8466 = PRODUCT_DEFINITION_CONTEXT('part definition',#2,'design');
#8467 = ADVANCED_BREP_SHAPE_REPRESENTATION('',(#11,#8468),#8618);
#8468 = MANIFOLD_SOLID_BREP('',#8469);
#8469 = CLOSED_SHELL('',(#8470,#8510,#8550,#8572,#8594,#8606));
#8470 = ADVANCED_FACE('',(#8471),#8505,.F.);
#8471 = FACE_BOUND('',#8472,.F.);
#8472 = EDGE_LOOP('',(#8473,#8483,#8491,#8499));
#8473 = ORIENTED_EDGE('',*,*,#8474,.F.);
#8474 = EDGE_CURVE('',#8475,#8477,#8479,.T.);
#8475 = VERTEX_POINT('',#8476);
#8476 = CARTESIAN_POINT('',(143.54267658086,-228.3954903232,0.));
#8477 = VERTEX_POINT('',#8478);
#8478 = CARTESIAN_POINT('',(143.54267658086,-228.3954903232,18.));
#8479 = LINE('',#8480,#8481);
#8480 = CARTESIAN_POINT('',(143.54267658086,-228.3954903232,0.));
#8481 = VECTOR('',#8482,1.);
#8482 = DIRECTION('',(0.,0.,1.));
#8483 = ORIENTED_EDGE('',*,*,#8484,.T.);
#8484 = EDGE_CURVE('',#8475,#8485,#8487,.T.);
#8485 = VERTEX_POINT('',#8486);
#8486 = CARTESIAN_POINT('',(228.39549032325,-143.5426765808,0.));
#8487 = LINE('',#8488,#8489);
#8488 = CARTESIAN_POINT('',(143.54267658086,-228.3954903232,0.));
#8489 = VECTOR('',#8490,1.);
#8490 = DIRECTION('',(0.707106781187,0.707106781187,0.));
#8491 = ORIENTED_EDGE('',*,*,#8492,.T.);
#8492 = EDGE_CURVE('',#8485,#8493,#8495,.T.);
#8493 = VERTEX_POINT('',#8494);
#8494 = CARTESIAN_POINT('',(228.39549032325,-143.5426765808,18.));
#8495 = LINE('',#8496,#8497);
#8496 = CARTESIAN_POINT('',(228.39549032325,-143.5426765808,0.));
#8497 = VECTOR('',#8498,1.);
#8498 = DIRECTION('',(0.,0.,1.));
#8499 = ORIENTED_EDGE('',*,*,#8500,.F.);
#8500 = EDGE_CURVE('',#8477,#8493,#8501,.T.);
#8501 = LINE('',#8502,#8503);
#8502 = CARTESIAN_POINT('',(143.54267658086,-228.3954903232,18.));
#8503 = VECTOR('',#8504,1.);
#8504 = DIRECTION('',(0.707106781187,0.707106781187,0.));
#8505 = PLANE('',#8506);
#8506 = AXIS2_PLACEMENT_3D('',#8507,#8508,#8509);
#8507 = CARTESIAN_POINT('',(143.54267658086,-228.3954903232,0.));
#8508 = DIRECTION('',(0.707106781187,-0.707106781187,0.));
#8509 = DIRECTION('',(0.,0.,1.));
#8510 = ADVANCED_FACE('',(#8511),#8545,.T.);
#8511 = FACE_BOUND('',#8512,.T.);
#8512 = EDGE_LOOP('',(#8513,#8523,#8531,#8539));
#8513 = ORIENTED_EDGE('',*,*,#8514,.F.);
#8514 = EDGE_CURVE('',#8515,#8517,#8519,.T.);
#8515 = VERTEX_POINT('',#8516);
#8516 = CARTESIAN_POINT('',(160.51323932934,-245.3660530717,0.));
#8517 = VERTEX_POINT('',#8518);
#8518 = CARTESIAN_POINT('',(160.51323932934,-245.3660530717,18.));
#8519 = LINE('',#8520,#8521);
#8520 = CARTESIAN_POINT('',(160.51323932934,-245.3660530717,0.));
#8521 = VECTOR('',#8522,1.);
#8522 = DIRECTION('',(0.,0.,1.));
#8523 = ORIENTED_EDGE('',*,*,#8524,.T.);
#8524 = EDGE_CURVE('',#8515,#8525,#8527,.T.);
#8525 = VERTEX_POINT('',#8526);
#8526 = CARTESIAN_POINT('',(245.36605307173,-160.5132393293,0.));
#8527 = LINE('',#8528,#8529);
#8528 = CARTESIAN_POINT('',(160.51323932934,-245.3660530717,0.));
#8529 = VECTOR('',#8530,1.);
#8530 = DIRECTION('',(0.707106781187,0.707106781187,0.));
#8531 = ORIENTED_EDGE('',*,*,#8532,.T.);
#8532 = EDGE_CURVE('',#8525,#8533,#8535,.T.);
#8533 = VERTEX_POINT('',#8534);
#8534 = CARTESIAN_POINT('',(245.36605307173,-160.5132393293,18.));
#8535 = LINE('',#8536,#8537);
#8536 = CARTESIAN_POINT('',(245.36605307173,-160.5132393293,0.));
#8537 = VECTOR('',#8538,1.);
#8538 = DIRECTION('',(0.,0.,1.));
#8539 = ORIENTED_EDGE('',*,*,#8540,.F.);
#8540 = EDGE_CURVE('',#8517,#8533,#8541,.T.);
#8541 = LINE('',#8542,#8543);
#8542 = CARTESIAN_POINT('',(160.51323932934,-245.3660530717,18.));
#8543 = VECTOR('',#8544,1.);
#8544 = DIRECTION('',(0.707106781187,0.707106781187,0.));
#8545 = PLANE('',#8546);
#8546 = AXIS2_PLACEMENT_3D('',#8547,#8548,#8549);
#8547 = CARTESIAN_POINT('',(160.51323932934,-245.3660530717,0.));
#8548 = DIRECTION('',(0.707106781187,-0.707106781187,0.));
#8549 = DIRECTION('',(0.,0.,1.));
#8550 = ADVANCED_FACE('',(#8551),#8567,.F.);
#8551 = FACE_BOUND('',#8552,.F.);
#8552 = EDGE_LOOP('',(#8553,#8559,#8560,#8566));
#8553 = ORIENTED_EDGE('',*,*,#8554,.F.);
#8554 = EDGE_CURVE('',#8475,#8515,#8555,.T.);
#8555 = LINE('',#8556,#8557);
#8556 = CARTESIAN_POINT('',(143.54267658086,-228.3954903232,0.));
#8557 = VECTOR('',#8558,1.);
#8558 = DIRECTION('',(0.707106781187,-0.707106781187,0.));
#8559 = ORIENTED_EDGE('',*,*,#8474,.T.);
#8560 = ORIENTED_EDGE('',*,*,#8561,.T.);
#8561 = EDGE_CURVE('',#8477,#8517,#8562,.T.);
#8562 = LINE('',#8563,#8564);
#8563 = CARTESIAN_POINT('',(143.54267658086,-228.3954903232,18.));
#8564 = VECTOR('',#8565,1.);
#8565 = DIRECTION('',(0.707106781187,-0.707106781187,0.));
#8566 = ORIENTED_EDGE('',*,*,#8514,.F.);
#8567 = PLANE('',#8568);
#8568 = AXIS2_PLACEMENT_3D('',#8569,#8570,#8571);
#8569 = CARTESIAN_POINT('',(143.54267658086,-228.3954903232,0.));
#8570 = DIRECTION('',(0.707106781187,0.707106781187,0.));
#8571 = DIRECTION('',(0.,0.,1.));
#8572 = ADVANCED_FACE('',(#8573),#8589,.T.);
#8573 = FACE_BOUND('',#8574,.T.);
#8574 = EDGE_LOOP('',(#8575,#8581,#8582,#8588));
#8575 = ORIENTED_EDGE('',*,*,#8576,.F.);
#8576 = EDGE_CURVE('',#8485,#8525,#8577,.T.);
#8577 = LINE('',#8578,#8579);
#8578 = CARTESIAN_POINT('',(228.39549032325,-143.5426765808,0.));
#8579 = VECTOR('',#8580,1.);
#8580 = DIRECTION('',(0.707106781187,-0.707106781187,0.));
#8581 = ORIENTED_EDGE('',*,*,#8492,.T.);
#8582 = ORIENTED_EDGE('',*,*,#8583,.T.);
#8583 = EDGE_CURVE('',#8493,#8533,#8584,.T.);
#8584 = LINE('',#8585,#8586);
#8585 = CARTESIAN_POINT('',(228.39549032325,-143.5426765808,18.));
#8586 = VECTOR('',#8587,1.);
#8587 = DIRECTION('',(0.707106781187,-0.707106781187,0.));
#8588 = ORIENTED_EDGE('',*,*,#8532,.F.);
#8589 = PLANE('',#8590);
#8590 = AXIS2_PLACEMENT_3D('',#8591,#8592,#8593);
#8591 = CARTESIAN_POINT('',(228.39549032325,-143.5426765808,0.));
#8592 = DIRECTION('',(0.707106781187,0.707106781187,0.));
#8593 = DIRECTION('',(0.,0.,1.));
#8594 = ADVANCED_FACE('',(#8595),#8601,.F.);
#8595 = FACE_BOUND('',#8596,.F.);
#8596 = EDGE_LOOP('',(#8597,#8598,#8599,#8600));
#8597 = ORIENTED_EDGE('',*,*,#8484,.F.);
#8598 = ORIENTED_EDGE('',*,*,#8554,.T.);
#8599 = ORIENTED_EDGE('',*,*,#8524,.T.);
#8600 = ORIENTED_EDGE('',*,*,#8576,.F.);
#8601 = PLANE('',#8602);
#8602 = AXIS2_PLACEMENT_3D('',#8603,#8604,#8605);
#8603 = CARTESIAN_POINT('',(143.54267658086,-228.3954903232,0.));
#8604 = DIRECTION('',(0.,0.,1.));
#8605 = DIRECTION('',(0.707106781187,-0.707106781187,0.));
#8606 = ADVANCED_FACE('',(#8607),#8613,.T.);
#8607 = FACE_BOUND('',#8608,.T.);
#8608 = EDGE_LOOP('',(#8609,#8610,#8611,#8612));
#8609 = ORIENTED_EDGE('',*,*,#8500,.F.);
#8610 = ORIENTED_EDGE('',*,*,#8561,.T.);
#8611 = ORIENTED_EDGE('',*,*,#8540,.T.);
#8612 = ORIENTED_EDGE('',*,*,#8583,.F.);
#8613 = PLANE('',#8614);
#8614 = AXIS2_PLACEMENT_3D('',#8615,#8616,#8617);
#8615 = CARTESIAN_POINT('',(143.54267658086,-228.3954903232,18.));
#8616 = DIRECTION('',(0.,0.,1.));
#8617 = DIRECTION('',(0.707106781187,-0.707106781187,0.));
#8618 = ( GEOMETRIC_REPRESENTATION_CONTEXT(3) 
GLOBAL_UNCERTAINTY_ASSIGNED_CONTEXT((#8622)) 
GLOBAL_UNIT_ASSIGNED_CONTEXT((#8619,#8620,#8621)) REPRESENTATION_CONTEXT
('Context #1','3D Context with UNIT and UNCERTAINTY') );
#8619 = ( LENGTH_UNIT() NAMED_UNIT(*) SI_UNIT(.MILLI.,.METRE.) );
#8620 = ( NAMED_UNIT(*) PLANE_ANGLE_UNIT() SI_UNIT($,.RADIAN.) );
#8621 = ( NAMED_UNIT(*) SI_UNIT($,.STERADIAN.) SOLID_ANGLE_UNIT() );
#8622 = UNCERTAINTY_MEASURE_WITH_UNIT(LENGTH_MEASURE(1.E-07),#8619,
  'distance_accuracy_value','confusion accuracy');
#8623 = CONTEXT_DEPENDENT_SHAPE_REPRESENTATION(#8624,#8626);
#8624 = ( REPRESENTATION_RELATIONSHIP('','',#8467,#10) 
REPRESENTATION_RELATIONSHIP_WITH_TRANSFORMATION(#8625) 
SHAPE_REPRESENTATION_RELATIONSHIP() );
#8625 = ITEM_DEFINED_TRANSFORMATION('','',#11,#147);
#8626 = PRODUCT_DEFINITION_SHAPE('Placement','Placement of an item',
  #8627);
#8627 = NEXT_ASSEMBLY_USAGE_OCCURRENCE('34','P34 Foot shoe 315','',#5,
  #8462,$);
#8628 = PRODUCT_RELATED_PRODUCT_CATEGORY('part',$,(#8464));
#8629 = SHAPE_DEFINITION_REPRESENTATION(#8630,#8636);
#8630 = PRODUCT_DEFINITION_SHAPE('','',#8631);
#8631 = PRODUCT_DEFINITION('design','',#8632,#8635);
#8632 = PRODUCT_DEFINITION_FORMATION('','',#8633);
#8633 = PRODUCT('P35 X level 1 beam 1','P35 X level 1 beam 1','',(#8634)
  );
#8634 = PRODUCT_CONTEXT('',#2,'mechanical');
#8635 = PRODUCT_DEFINITION_CONTEXT('part definition',#2,'design');
#8636 = ADVANCED_BREP_SHAPE_REPRESENTATION('',(#11,#8637),#8997);
#8637 = MANIFOLD_SOLID_BREP('',#8638);
#8638 = CLOSED_SHELL('',(#8639,#8679,#8764,#8788,#8866,#8883,#8900,#8917
    ,#8934,#8951,#8963,#8980));
#8639 = ADVANCED_FACE('',(#8640),#8674,.F.);
#8640 = FACE_BOUND('',#8641,.F.);
#8641 = EDGE_LOOP('',(#8642,#8652,#8660,#8668));
#8642 = ORIENTED_EDGE('',*,*,#8643,.F.);
#8643 = EDGE_CURVE('',#8644,#8646,#8648,.T.);
#8644 = VERTEX_POINT('',#8645);
#8645 = CARTESIAN_POINT('',(-200.8183258569,-213.5462479183,266.));
#8646 = VERTEX_POINT('',#8647);
#8647 = CARTESIAN_POINT('',(-200.8183258569,-213.5462479183,280.));
#8648 = LINE('',#8649,#8650);
#8649 = CARTESIAN_POINT('',(-200.8183258569,-213.5462479183,266.));
#8650 = VECTOR('',#8651,1.);
#8651 = DIRECTION('',(0.,0.,1.));
#8652 = ORIENTED_EDGE('',*,*,#8653,.T.);
#8653 = EDGE_CURVE('',#8644,#8654,#8656,.T.);
#8654 = VERTEX_POINT('',#8655);
#8655 = CARTESIAN_POINT('',(-213.5462479183,-200.8183258569,266.));
#8656 = LINE('',#8657,#8658);
#8657 = CARTESIAN_POINT('',(-200.8183258569,-213.5462479183,266.));
#8658 = VECTOR('',#8659,1.);
#8659 = DIRECTION('',(-0.707106781187,0.707106781187,0.));
#8660 = ORIENTED_EDGE('',*,*,#8661,.T.);
#8661 = EDGE_CURVE('',#8654,#8662,#8664,.T.);
#8662 = VERTEX_POINT('',#8663);
#8663 = CARTESIAN_POINT('',(-213.5462479183,-200.8183258569,280.));
#8664 = LINE('',#8665,#8666);
#8665 = CARTESIAN_POINT('',(-213.5462479183,-200.8183258569,266.));
#8666 = VECTOR('',#8667,1.);
#8667 = DIRECTION('',(0.,0.,1.));
#8668 = ORIENTED_EDGE('',*,*,#8669,.F.);
#8669 = EDGE_CURVE('',#8646,#8662,#8670,.T.);
#8670 = LINE('',#8671,#8672);
#8671 = CARTESIAN_POINT('',(-200.8183258569,-213.5462479183,280.));
#8672 = VECTOR('',#8673,1.);
#8673 = DIRECTION('',(-0.707106781187,0.707106781187,0.));
#8674 = PLANE('',#8675);
#8675 = AXIS2_PLACEMENT_3D('',#8676,#8677,#8678);
#8676 = CARTESIAN_POINT('',(-200.8183258569,-213.5462479183,266.));
#8677 = DIRECTION('',(0.707106781187,0.707106781187,0.));
#8678 = DIRECTION('',(0.,0.,1.));
#8679 = ADVANCED_FACE('',(#8680,#8737,#8748),#8759,.F.);
#8680 = FACE_BOUND('',#8681,.F.);
#8681 = EDGE_LOOP('',(#8682,#8692,#8698,#8699,#8707,#8715,#8723,#8731));
#8682 = ORIENTED_EDGE('',*,*,#8683,.F.);
#8683 = EDGE_CURVE('',#8684,#8686,#8688,.T.);
#8684 = VERTEX_POINT('',#8685);
#8685 = CARTESIAN_POINT('',(213.54624791833,200.81832585697,266.));
#8686 = VERTEX_POINT('',#8687);
#8687 = CARTESIAN_POINT('',(213.54624791833,200.81832585697,280.));
#8688 = LINE('',#8689,#8690);
#8689 = CARTESIAN_POINT('',(213.54624791833,200.81832585697,266.));
#8690 = VECTOR('',#8691,1.);
#8691 = DIRECTION('',(0.,0.,1.));
#8692 = ORIENTED_EDGE('',*,*,#8693,.F.);
#8693 = EDGE_CURVE('',#8644,#8684,#8694,.T.);
#8694 = LINE('',#8695,#8696);
#8695 = CARTESIAN_POINT('',(-200.8183258569,-213.5462479183,266.));
#8696 = VECTOR('',#8697,1.);
#8697 = DIRECTION('',(0.707106781187,0.707106781187,0.));
#8698 = ORIENTED_EDGE('',*,*,#8643,.T.);
#8699 = ORIENTED_EDGE('',*,*,#8700,.T.);
#8700 = EDGE_CURVE('',#8646,#8701,#8703,.T.);
#8701 = VERTEX_POINT('',#8702);
#8702 = CARTESIAN_POINT('',(-5.551115123126E-16,-12.72792206135,280.));
#8703 = LINE('',#8704,#8705);
#8704 = CARTESIAN_POINT('',(-200.8183258569,-213.5462479183,280.));
#8705 = VECTOR('',#8706,1.);
#8706 = DIRECTION('',(0.707106781187,0.707106781187,0.));
#8707 = ORIENTED_EDGE('',*,*,#8708,.T.);
#8708 = EDGE_CURVE('',#8701,#8709,#8711,.T.);
#8709 = VERTEX_POINT('',#8710);
#8710 = CARTESIAN_POINT('',(-5.551115123126E-16,-12.72792206135,273.));
#8711 = LINE('',#8712,#8713);
#8712 = CARTESIAN_POINT('',(-5.551115123126E-16,-12.72792206135,269.5));
#8713 = VECTOR('',#8714,1.);
#8714 = DIRECTION('',(-0.,0.,-1.));
#8715 = ORIENTED_EDGE('',*,*,#8716,.T.);
#8716 = EDGE_CURVE('',#8709,#8717,#8719,.T.);
#8717 = VERTEX_POINT('',#8718);
#8718 = CARTESIAN_POINT('',(12.727922061358,-1.33226762955E-15,273.));
#8719 = LINE('',#8720,#8721);
#8720 = CARTESIAN_POINT('',(-100.4091629284,-113.1370849898,273.));
#8721 = VECTOR('',#8722,1.);
#8722 = DIRECTION('',(0.707106781187,0.707106781187,0.));
#8723 = ORIENTED_EDGE('',*,*,#8724,.F.);
#8724 = EDGE_CURVE('',#8725,#8717,#8727,.T.);
#8725 = VERTEX_POINT('',#8726);
#8726 = CARTESIAN_POINT('',(12.727922061358,-1.33226762955E-15,280.));
#8727 = LINE('',#8728,#8729);
#8728 = CARTESIAN_POINT('',(12.727922061358,-1.33226762955E-15,269.5));
#8729 = VECTOR('',#8730,1.);
#8730 = DIRECTION('',(-0.,0.,-1.));
#8731 = ORIENTED_EDGE('',*,*,#8732,.T.);
#8732 = EDGE_CURVE('',#8725,#8686,#8733,.T.);
#8733 = LINE('',#8734,#8735);
#8734 = CARTESIAN_POINT('',(-200.8183258569,-213.5462479183,280.));
#8735 = VECTOR('',#8736,1.);
#8736 = DIRECTION('',(0.707106781187,0.707106781187,0.));
#8737 = FACE_BOUND('',#8738,.F.);
#8738 = EDGE_LOOP('',(#8739));
#8739 = ORIENTED_EDGE('',*,*,#8740,.F.);
#8740 = EDGE_CURVE('',#8741,#8741,#8743,.T.);
#8741 = VERTEX_POINT('',#8742);
#8742 = CARTESIAN_POINT('',(-188.0904037956,-200.8183258569,276.));
#8743 = CIRCLE('',#8744,3.);
#8744 = AXIS2_PLACEMENT_3D('',#8745,#8746,#8747);
#8745 = CARTESIAN_POINT('',(-188.0904037956,-200.8183258569,273.));
#8746 = DIRECTION('',(-0.707106781187,0.707106781187,0.));
#8747 = DIRECTION('',(0.,0.,1.));
#8748 = FACE_BOUND('',#8749,.F.);
#8749 = EDGE_LOOP('',(#8750));
#8750 = ORIENTED_EDGE('',*,*,#8751,.F.);
#8751 = EDGE_CURVE('',#8752,#8752,#8754,.T.);
#8752 = VERTEX_POINT('',#8753);
#8753 = CARTESIAN_POINT('',(200.81832585697,188.09040379562,276.));
#8754 = CIRCLE('',#8755,3.);
#8755 = AXIS2_PLACEMENT_3D('',#8756,#8757,#8758);
#8756 = CARTESIAN_POINT('',(200.81832585697,188.09040379562,273.));
#8757 = DIRECTION('',(-0.707106781187,0.707106781187,0.));
#8758 = DIRECTION('',(0.,0.,1.));
#8759 = PLANE('',#8760);
#8760 = AXIS2_PLACEMENT_3D('',#8761,#8762,#8763);
#8761 = CARTESIAN_POINT('',(-200.8183258569,-213.5462479183,266.));
#8762 = DIRECTION('',(-0.707106781187,0.707106781187,0.));
#8763 = DIRECTION('',(0.,0.,1.));
#8764 = ADVANCED_FACE('',(#8765),#8783,.T.);
#8765 = FACE_BOUND('',#8766,.T.);
#8766 = EDGE_LOOP('',(#8767,#8775,#8776,#8777));
#8767 = ORIENTED_EDGE('',*,*,#8768,.F.);
#8768 = EDGE_CURVE('',#8662,#8769,#8771,.T.);
#8769 = VERTEX_POINT('',#8770);
#8770 = CARTESIAN_POINT('',(-12.72792206135,1.33226762955E-15,280.));
#8771 = LINE('',#8772,#8773);
#8772 = CARTESIAN_POINT('',(-213.5462479183,-200.8183258569,280.));
#8773 = VECTOR('',#8774,1.);
#8774 = DIRECTION('',(0.707106781187,0.707106781187,0.));
#8775 = ORIENTED_EDGE('',*,*,#8669,.F.);
#8776 = ORIENTED_EDGE('',*,*,#8700,.T.);
#8777 = ORIENTED_EDGE('',*,*,#8778,.T.);
#8778 = EDGE_CURVE('',#8701,#8769,#8779,.T.);
#8779 = LINE('',#8780,#8781);
#8780 = CARTESIAN_POINT('',(0.707106781187,-13.43502884254,280.));
#8781 = VECTOR('',#8782,1.);
#8782 = DIRECTION('',(-0.707106781187,0.707106781187,0.));
#8783 = PLANE('',#8784);
#8784 = AXIS2_PLACEMENT_3D('',#8785,#8786,#8787);
#8785 = CARTESIAN_POINT('',(-200.8183258569,-213.5462479183,280.));
#8786 = DIRECTION('',(0.,0.,1.));
#8787 = DIRECTION('',(0.707106781187,0.707106781187,0.));
#8788 = ADVANCED_FACE('',(#8789,#8839,#8850),#8861,.T.);
#8789 = FACE_BOUND('',#8790,.T.);
#8790 = EDGE_LOOP('',(#8791,#8801,#8807,#8808,#8809,#8817,#8825,#8833));
#8791 = ORIENTED_EDGE('',*,*,#8792,.F.);
#8792 = EDGE_CURVE('',#8793,#8795,#8797,.T.);
#8793 = VERTEX_POINT('',#8794);
#8794 = CARTESIAN_POINT('',(200.81832585697,213.54624791833,266.));
#8795 = VERTEX_POINT('',#8796);
#8796 = CARTESIAN_POINT('',(200.81832585697,213.54624791833,280.));
#8797 = LINE('',#8798,#8799);
#8798 = CARTESIAN_POINT('',(200.81832585697,213.54624791833,266.));
#8799 = VECTOR('',#8800,1.);
#8800 = DIRECTION('',(0.,0.,1.));
#8801 = ORIENTED_EDGE('',*,*,#8802,.F.);
#8802 = EDGE_CURVE('',#8654,#8793,#8803,.T.);
#8803 = LINE('',#8804,#8805);
#8804 = CARTESIAN_POINT('',(-213.5462479183,-200.8183258569,266.));
#8805 = VECTOR('',#8806,1.);
#8806 = DIRECTION('',(0.707106781187,0.707106781187,0.));
#8807 = ORIENTED_EDGE('',*,*,#8661,.T.);
#8808 = ORIENTED_EDGE('',*,*,#8768,.T.);
#8809 = ORIENTED_EDGE('',*,*,#8810,.T.);
#8810 = EDGE_CURVE('',#8769,#8811,#8813,.T.);
#8811 = VERTEX_POINT('',#8812);
#8812 = CARTESIAN_POINT('',(-12.72792206135,1.33226762955E-15,273.));
#8813 = LINE('',#8814,#8815);
#8814 = CARTESIAN_POINT('',(-12.72792206135,1.33226762955E-15,269.5));
#8815 = VECTOR('',#8816,1.);
#8816 = DIRECTION('',(-0.,0.,-1.));
#8817 = ORIENTED_EDGE('',*,*,#8818,.T.);
#8818 = EDGE_CURVE('',#8811,#8819,#8821,.T.);
#8819 = VERTEX_POINT('',#8820);
#8820 = CARTESIAN_POINT('',(5.551115123126E-16,12.727922061358,273.));
#8821 = LINE('',#8822,#8823);
#8822 = CARTESIAN_POINT('',(-113.1370849898,-100.4091629284,273.));
#8823 = VECTOR('',#8824,1.);
#8824 = DIRECTION('',(0.707106781187,0.707106781187,0.));
#8825 = ORIENTED_EDGE('',*,*,#8826,.F.);
#8826 = EDGE_CURVE('',#8827,#8819,#8829,.T.);
#8827 = VERTEX_POINT('',#8828);
#8828 = CARTESIAN_POINT('',(5.551115123126E-16,12.727922061358,280.));
#8829 = LINE('',#8830,#8831);
#8830 = CARTESIAN_POINT('',(5.551115123126E-16,12.727922061358,269.5));
#8831 = VECTOR('',#8832,1.);
#8832 = DIRECTION('',(-0.,0.,-1.));
#8833 = ORIENTED_EDGE('',*,*,#8834,.T.);
#8834 = EDGE_CURVE('',#8827,#8795,#8835,.T.);
#8835 = LINE('',#8836,#8837);
#8836 = CARTESIAN_POINT('',(-213.5462479183,-200.8183258569,280.));
#8837 = VECTOR('',#8838,1.);
#8838 = DIRECTION('',(0.707106781187,0.707106781187,0.));
#8839 = FACE_BOUND('',#8840,.T.);
#8840 = EDGE_LOOP('',(#8841));
#8841 = ORIENTED_EDGE('',*,*,#8842,.F.);
#8842 = EDGE_CURVE('',#8843,#8843,#8845,.T.);
#8843 = VERTEX_POINT('',#8844);
#8844 = CARTESIAN_POINT('',(-200.8183258569,-188.0904037956,276.));
#8845 = CIRCLE('',#8846,3.);
#8846 = AXIS2_PLACEMENT_3D('',#8847,#8848,#8849);
#8847 = CARTESIAN_POINT('',(-200.8183258569,-188.0904037956,273.));
#8848 = DIRECTION('',(-0.707106781187,0.707106781187,0.));
#8849 = DIRECTION('',(0.,0.,1.));
#8850 = FACE_BOUND('',#8851,.T.);
#8851 = EDGE_LOOP('',(#8852));
#8852 = ORIENTED_EDGE('',*,*,#8853,.F.);
#8853 = EDGE_CURVE('',#8854,#8854,#8856,.T.);
#8854 = VERTEX_POINT('',#8855);
#8855 = CARTESIAN_POINT('',(188.09040379562,200.81832585697,276.));
#8856 = CIRCLE('',#8857,3.);
#8857 = AXIS2_PLACEMENT_3D('',#8858,#8859,#8860);
#8858 = CARTESIAN_POINT('',(188.09040379562,200.81832585697,273.));
#8859 = DIRECTION('',(-0.707106781187,0.707106781187,0.));
#8860 = DIRECTION('',(0.,0.,1.));
#8861 = PLANE('',#8862);
#8862 = AXIS2_PLACEMENT_3D('',#8863,#8864,#8865);
#8863 = CARTESIAN_POINT('',(-213.5462479183,-200.8183258569,266.));
#8864 = DIRECTION('',(-0.707106781187,0.707106781187,0.));
#8865 = DIRECTION('',(0.,0.,1.));
#8866 = ADVANCED_FACE('',(#8867),#8878,.F.);
#8867 = FACE_BOUND('',#8868,.F.);
#8868 = EDGE_LOOP('',(#8869,#8870,#8871,#8877));
#8869 = ORIENTED_EDGE('',*,*,#8653,.F.);
#8870 = ORIENTED_EDGE('',*,*,#8693,.T.);
#8871 = ORIENTED_EDGE('',*,*,#8872,.T.);
#8872 = EDGE_CURVE('',#8684,#8793,#8873,.T.);
#8873 = LINE('',#8874,#8875);
#8874 = CARTESIAN_POINT('',(213.54624791833,200.81832585697,266.));
#8875 = VECTOR('',#8876,1.);
#8876 = DIRECTION('',(-0.707106781187,0.707106781187,0.));
#8877 = ORIENTED_EDGE('',*,*,#8802,.F.);
#8878 = PLANE('',#8879);
#8879 = AXIS2_PLACEMENT_3D('',#8880,#8881,#8882);
#8880 = CARTESIAN_POINT('',(-200.8183258569,-213.5462479183,266.));
#8881 = DIRECTION('',(0.,0.,1.));
#8882 = DIRECTION('',(0.707106781187,0.707106781187,0.));
#8883 = ADVANCED_FACE('',(#8884),#8895,.T.);
#8884 = FACE_BOUND('',#8885,.T.);
#8885 = EDGE_LOOP('',(#8886,#8887,#8888,#8889));
#8886 = ORIENTED_EDGE('',*,*,#8683,.F.);
#8887 = ORIENTED_EDGE('',*,*,#8872,.T.);
#8888 = ORIENTED_EDGE('',*,*,#8792,.T.);
#8889 = ORIENTED_EDGE('',*,*,#8890,.F.);
#8890 = EDGE_CURVE('',#8686,#8795,#8891,.T.);
#8891 = LINE('',#8892,#8893);
#8892 = CARTESIAN_POINT('',(213.54624791833,200.81832585697,280.));
#8893 = VECTOR('',#8894,1.);
#8894 = DIRECTION('',(-0.707106781187,0.707106781187,0.));
#8895 = PLANE('',#8896);
#8896 = AXIS2_PLACEMENT_3D('',#8897,#8898,#8899);
#8897 = CARTESIAN_POINT('',(213.54624791833,200.81832585697,266.));
#8898 = DIRECTION('',(0.707106781187,0.707106781187,0.));
#8899 = DIRECTION('',(0.,0.,1.));
#8900 = ADVANCED_FACE('',(#8901),#8912,.T.);
#8901 = FACE_BOUND('',#8902,.T.);
#8902 = EDGE_LOOP('',(#8903,#8904,#8910,#8911));
#8903 = ORIENTED_EDGE('',*,*,#8834,.F.);
#8904 = ORIENTED_EDGE('',*,*,#8905,.F.);
#8905 = EDGE_CURVE('',#8725,#8827,#8906,.T.);
#8906 = LINE('',#8907,#8908);
#8907 = CARTESIAN_POINT('',(13.435028842544,-0.707106781187,280.));
#8908 = VECTOR('',#8909,1.);
#8909 = DIRECTION('',(-0.707106781187,0.707106781187,0.));
#8910 = ORIENTED_EDGE('',*,*,#8732,.T.);
#8911 = ORIENTED_EDGE('',*,*,#8890,.T.);
#8912 = PLANE('',#8913);
#8913 = AXIS2_PLACEMENT_3D('',#8914,#8915,#8916);
#8914 = CARTESIAN_POINT('',(-200.8183258569,-213.5462479183,280.));
#8915 = DIRECTION('',(0.,0.,1.));
#8916 = DIRECTION('',(0.707106781187,0.707106781187,0.));
#8917 = ADVANCED_FACE('',(#8918),#8929,.F.);
#8918 = FACE_BOUND('',#8919,.F.);
#8919 = EDGE_LOOP('',(#8920,#8921,#8922,#8928));
#8920 = ORIENTED_EDGE('',*,*,#8905,.F.);
#8921 = ORIENTED_EDGE('',*,*,#8724,.T.);
#8922 = ORIENTED_EDGE('',*,*,#8923,.T.);
#8923 = EDGE_CURVE('',#8717,#8819,#8924,.T.);
#8924 = LINE('',#8925,#8926);
#8925 = CARTESIAN_POINT('',(13.435028842544,-0.707106781187,273.));
#8926 = VECTOR('',#8927,1.);
#8927 = DIRECTION('',(-0.707106781187,0.707106781187,0.));
#8928 = ORIENTED_EDGE('',*,*,#8826,.F.);
#8929 = PLANE('',#8930);
#8930 = AXIS2_PLACEMENT_3D('',#8931,#8932,#8933);
#8931 = CARTESIAN_POINT('',(13.435028842544,-0.707106781187,273.));
#8932 = DIRECTION('',(0.707106781187,0.707106781187,0.));
#8933 = DIRECTION('',(0.,0.,1.));
#8934 = ADVANCED_FACE('',(#8935),#8946,.T.);
#8935 = FACE_BOUND('',#8936,.T.);
#8936 = EDGE_LOOP('',(#8937,#8943,#8944,#8945));
#8937 = ORIENTED_EDGE('',*,*,#8938,.F.);
#8938 = EDGE_CURVE('',#8709,#8811,#8939,.T.);
#8939 = LINE('',#8940,#8941);
#8940 = CARTESIAN_POINT('',(0.707106781187,-13.43502884254,273.));
#8941 = VECTOR('',#8942,1.);
#8942 = DIRECTION('',(-0.707106781187,0.707106781187,0.));
#8943 = ORIENTED_EDGE('',*,*,#8716,.T.);
#8944 = ORIENTED_EDGE('',*,*,#8923,.T.);
#8945 = ORIENTED_EDGE('',*,*,#8818,.F.);
#8946 = PLANE('',#8947);
#8947 = AXIS2_PLACEMENT_3D('',#8948,#8949,#8950);
#8948 = CARTESIAN_POINT('',(0.707106781187,-13.43502884254,273.));
#8949 = DIRECTION('',(0.,0.,1.));
#8950 = DIRECTION('',(0.707106781187,0.707106781187,0.));
#8951 = ADVANCED_FACE('',(#8952),#8958,.T.);
#8952 = FACE_BOUND('',#8953,.T.);
#8953 = EDGE_LOOP('',(#8954,#8955,#8956,#8957));
#8954 = ORIENTED_EDGE('',*,*,#8778,.F.);
#8955 = ORIENTED_EDGE('',*,*,#8708,.T.);
#8956 = ORIENTED_EDGE('',*,*,#8938,.T.);
#8957 = ORIENTED_EDGE('',*,*,#8810,.F.);
#8958 = PLANE('',#8959);
#8959 = AXIS2_PLACEMENT_3D('',#8960,#8961,#8962);
#8960 = CARTESIAN_POINT('',(0.707106781187,-13.43502884254,273.));
#8961 = DIRECTION('',(0.707106781187,0.707106781187,0.));
#8962 = DIRECTION('',(0.,0.,1.));
#8963 = ADVANCED_FACE('',(#8964),#8975,.F.);
#8964 = FACE_BOUND('',#8965,.F.);
#8965 = EDGE_LOOP('',(#8966,#8967,#8973,#8974));
#8966 = ORIENTED_EDGE('',*,*,#8842,.F.);
#8967 = ORIENTED_EDGE('',*,*,#8968,.F.);
#8968 = EDGE_CURVE('',#8741,#8843,#8969,.T.);
#8969 = LINE('',#8970,#8971);
#8970 = CARTESIAN_POINT('',(-188.0904037956,-200.8183258569,276.));
#8971 = VECTOR('',#8972,1.);
#8972 = DIRECTION('',(-0.707106781187,0.707106781187,0.));
#8973 = ORIENTED_EDGE('',*,*,#8740,.T.);
#8974 = ORIENTED_EDGE('',*,*,#8968,.T.);
#8975 = CYLINDRICAL_SURFACE('',#8976,3.);
#8976 = AXIS2_PLACEMENT_3D('',#8977,#8978,#8979);
#8977 = CARTESIAN_POINT('',(-188.0904037956,-200.8183258569,273.));
#8978 = DIRECTION('',(-0.707106781187,0.707106781187,0.));
#8979 = DIRECTION('',(0.,0.,1.));
#8980 = ADVANCED_FACE('',(#8981),#8992,.F.);
#8981 = FACE_BOUND('',#8982,.F.);
#8982 = EDGE_LOOP('',(#8983,#8984,#8990,#8991));
#8983 = ORIENTED_EDGE('',*,*,#8853,.F.);
#8984 = ORIENTED_EDGE('',*,*,#8985,.F.);
#8985 = EDGE_CURVE('',#8752,#8854,#8986,.T.);
#8986 = LINE('',#8987,#8988);
#8987 = CARTESIAN_POINT('',(200.81832585697,188.09040379562,276.));
#8988 = VECTOR('',#8989,1.);
#8989 = DIRECTION('',(-0.707106781187,0.707106781187,0.));
#8990 = ORIENTED_EDGE('',*,*,#8751,.T.);
#8991 = ORIENTED_EDGE('',*,*,#8985,.T.);
#8992 = CYLINDRICAL_SURFACE('',#8993,3.);
#8993 = AXIS2_PLACEMENT_3D('',#8994,#8995,#8996);
#8994 = CARTESIAN_POINT('',(200.81832585697,188.09040379562,273.));
#8995 = DIRECTION('',(-0.707106781187,0.707106781187,0.));
#8996 = DIRECTION('',(0.,0.,1.));
#8997 = ( GEOMETRIC_REPRESENTATION_CONTEXT(3) 
GLOBAL_UNCERTAINTY_ASSIGNED_CONTEXT((#9001)) 
GLOBAL_UNIT_ASSIGNED_CONTEXT((#8998,#8999,#9000)) REPRESENTATION_CONTEXT
('Context #1','3D Context with UNIT and UNCERTAINTY') );
#8998 = ( LENGTH_UNIT() NAMED_UNIT(*) SI_UNIT(.MILLI.,.METRE.) );
#8999 = ( NAMED_UNIT(*) PLANE_ANGLE_UNIT() SI_UNIT($,.RADIAN.) );
#9000 = ( NAMED_UNIT(*) SI_UNIT($,.STERADIAN.) SOLID_ANGLE_UNIT() );
#9001 = UNCERTAINTY_MEASURE_WITH_UNIT(LENGTH_MEASURE(1.E-07),#8998,
  'distance_accuracy_value','confusion accuracy');
#9002 = CONTEXT_DEPENDENT_SHAPE_REPRESENTATION(#9003,#9005);
#9003 = ( REPRESENTATION_RELATIONSHIP('','',#8636,#10) 
REPRESENTATION_RELATIONSHIP_WITH_TRANSFORMATION(#9004) 
SHAPE_REPRESENTATION_RELATIONSHIP() );
#9004 = ITEM_DEFINED_TRANSFORMATION('','',#11,#151);
#9005 = PRODUCT_DEFINITION_SHAPE('Placement','Placement of an item',
  #9006);
#9006 = NEXT_ASSEMBLY_USAGE_OCCURRENCE('35','P35 X level 1 beam 1','',#5
  ,#8631,$);
#9007 = PRODUCT_RELATED_PRODUCT_CATEGORY('part',$,(#8633));
#9008 = SHAPE_DEFINITION_REPRESENTATION(#9009,#9015);
#9009 = PRODUCT_DEFINITION_SHAPE('','',#9010);
#9010 = PRODUCT_DEFINITION('design','',#9011,#9014);
#9011 = PRODUCT_DEFINITION_FORMATION('','',#9012);
#9012 = PRODUCT('P36 X level 1 beam 2','P36 X level 1 beam 2','',(#9013)
  );
#9013 = PRODUCT_CONTEXT('',#2,'mechanical');
#9014 = PRODUCT_DEFINITION_CONTEXT('part definition',#2,'design');
#9015 = ADVANCED_BREP_SHAPE_REPRESENTATION('',(#11,#9016),#9376);
#9016 = MANIFOLD_SOLID_BREP('',#9017);
#9017 = CLOSED_SHELL('',(#9018,#9058,#9143,#9167,#9245,#9262,#9279,#9296
    ,#9313,#9330,#9342,#9359));
#9018 = ADVANCED_FACE('',(#9019),#9053,.F.);
#9019 = FACE_BOUND('',#9020,.F.);
#9020 = EDGE_LOOP('',(#9021,#9031,#9039,#9047));
#9021 = ORIENTED_EDGE('',*,*,#9022,.F.);
#9022 = EDGE_CURVE('',#9023,#9025,#9027,.T.);
#9023 = VERTEX_POINT('',#9024);
#9024 = CARTESIAN_POINT('',(213.54624791833,-200.8183258569,266.));
#9025 = VERTEX_POINT('',#9026);
#9026 = CARTESIAN_POINT('',(213.54624791833,-200.8183258569,280.));
#9027 = LINE('',#9028,#9029);
#9028 = CARTESIAN_POINT('',(213.54624791833,-200.8183258569,266.));
#9029 = VECTOR('',#9030,1.);
#9030 = DIRECTION('',(0.,0.,1.));
#9031 = ORIENTED_EDGE('',*,*,#9032,.T.);
#9032 = EDGE_CURVE('',#9023,#9033,#9035,.T.);
#9033 = VERTEX_POINT('',#9034);
#9034 = CARTESIAN_POINT('',(200.81832585697,-213.5462479183,266.));
#9035 = LINE('',#9036,#9037);
#9036 = CARTESIAN_POINT('',(213.54624791833,-200.8183258569,266.));
#9037 = VECTOR('',#9038,1.);
#9038 = DIRECTION('',(-0.707106781187,-0.707106781187,0.));
#9039 = ORIENTED_EDGE('',*,*,#9040,.T.);
#9040 = EDGE_CURVE('',#9033,#9041,#9043,.T.);
#9041 = VERTEX_POINT('',#9042);
#9042 = CARTESIAN_POINT('',(200.81832585697,-213.5462479183,280.));
#9043 = LINE('',#9044,#9045);
#9044 = CARTESIAN_POINT('',(200.81832585697,-213.5462479183,266.));
#9045 = VECTOR('',#9046,1.);
#9046 = DIRECTION('',(0.,0.,1.));
#9047 = ORIENTED_EDGE('',*,*,#9048,.F.);
#9048 = EDGE_CURVE('',#9025,#9041,#9049,.T.);
#9049 = LINE('',#9050,#9051);
#9050 = CARTESIAN_POINT('',(213.54624791833,-200.8183258569,280.));
#9051 = VECTOR('',#9052,1.);
#9052 = DIRECTION('',(-0.707106781187,-0.707106781187,0.));
#9053 = PLANE('',#9054);
#9054 = AXIS2_PLACEMENT_3D('',#9055,#9056,#9057);
#9055 = CARTESIAN_POINT('',(213.54624791833,-200.8183258569,266.));
#9056 = DIRECTION('',(-0.707106781187,0.707106781187,0.));
#9057 = DIRECTION('',(0.,0.,1.));
#9058 = ADVANCED_FACE('',(#9059,#9116,#9127),#9138,.F.);
#9059 = FACE_BOUND('',#9060,.F.);
#9060 = EDGE_LOOP('',(#9061,#9069,#9070,#9078,#9086,#9094,#9102,#9110));
#9061 = ORIENTED_EDGE('',*,*,#9062,.F.);
#9062 = EDGE_CURVE('',#9023,#9063,#9065,.T.);
#9063 = VERTEX_POINT('',#9064);
#9064 = CARTESIAN_POINT('',(12.727922061358,-5.551115123126E-16,266.));
#9065 = LINE('',#9066,#9067);
#9066 = CARTESIAN_POINT('',(213.54624791833,-200.8183258569,266.));
#9067 = VECTOR('',#9068,1.);
#9068 = DIRECTION('',(-0.707106781187,0.707106781187,0.));
#9069 = ORIENTED_EDGE('',*,*,#9022,.T.);
#9070 = ORIENTED_EDGE('',*,*,#9071,.T.);
#9071 = EDGE_CURVE('',#9025,#9072,#9074,.T.);
#9072 = VERTEX_POINT('',#9073);
#9073 = CARTESIAN_POINT('',(-200.8183258569,213.54624791833,280.));
#9074 = LINE('',#9075,#9076);
#9075 = CARTESIAN_POINT('',(213.54624791833,-200.8183258569,280.));
#9076 = VECTOR('',#9077,1.);
#9077 = DIRECTION('',(-0.707106781187,0.707106781187,0.));
#9078 = ORIENTED_EDGE('',*,*,#9079,.F.);
#9079 = EDGE_CURVE('',#9080,#9072,#9082,.T.);
#9080 = VERTEX_POINT('',#9081);
#9081 = CARTESIAN_POINT('',(-200.8183258569,213.54624791833,266.));
#9082 = LINE('',#9083,#9084);
#9083 = CARTESIAN_POINT('',(-200.8183258569,213.54624791833,266.));
#9084 = VECTOR('',#9085,1.);
#9085 = DIRECTION('',(0.,0.,1.));
#9086 = ORIENTED_EDGE('',*,*,#9087,.F.);
#9087 = EDGE_CURVE('',#9088,#9080,#9090,.T.);
#9088 = VERTEX_POINT('',#9089);
#9089 = CARTESIAN_POINT('',(1.33226762955E-15,12.727922061358,266.));
#9090 = LINE('',#9091,#9092);
#9091 = CARTESIAN_POINT('',(213.54624791833,-200.8183258569,266.));
#9092 = VECTOR('',#9093,1.);
#9093 = DIRECTION('',(-0.707106781187,0.707106781187,0.));
#9094 = ORIENTED_EDGE('',*,*,#9095,.F.);
#9095 = EDGE_CURVE('',#9096,#9088,#9098,.T.);
#9096 = VERTEX_POINT('',#9097);
#9097 = CARTESIAN_POINT('',(1.33226762955E-15,12.727922061358,273.));
#9098 = LINE('',#9099,#9100);
#9099 = CARTESIAN_POINT('',(1.33226762955E-15,12.727922061358,266.));
#9100 = VECTOR('',#9101,1.);
#9101 = DIRECTION('',(0.,-0.,-1.));
#9102 = ORIENTED_EDGE('',*,*,#9103,.F.);
#9103 = EDGE_CURVE('',#9104,#9096,#9106,.T.);
#9104 = VERTEX_POINT('',#9105);
#9105 = CARTESIAN_POINT('',(12.727922061358,-5.551115123126E-16,273.));
#9106 = LINE('',#9107,#9108);
#9107 = CARTESIAN_POINT('',(113.13708498984,-100.4091629284,273.));
#9108 = VECTOR('',#9109,1.);
#9109 = DIRECTION('',(-0.707106781187,0.707106781187,0.));
#9110 = ORIENTED_EDGE('',*,*,#9111,.T.);
#9111 = EDGE_CURVE('',#9104,#9063,#9112,.T.);
#9112 = LINE('',#9113,#9114);
#9113 = CARTESIAN_POINT('',(12.727922061358,-5.551115123126E-16,266.));
#9114 = VECTOR('',#9115,1.);
#9115 = DIRECTION('',(0.,-0.,-1.));
#9116 = FACE_BOUND('',#9117,.F.);
#9117 = EDGE_LOOP('',(#9118));
#9118 = ORIENTED_EDGE('',*,*,#9119,.F.);
#9119 = EDGE_CURVE('',#9120,#9120,#9122,.T.);
#9120 = VERTEX_POINT('',#9121);
#9121 = CARTESIAN_POINT('',(200.81832585697,-188.0904037956,276.));
#9122 = CIRCLE('',#9123,3.);
#9123 = AXIS2_PLACEMENT_3D('',#9124,#9125,#9126);
#9124 = CARTESIAN_POINT('',(200.81832585697,-188.0904037956,273.));
#9125 = DIRECTION('',(-0.707106781187,-0.707106781187,0.));
#9126 = DIRECTION('',(0.,0.,1.));
#9127 = FACE_BOUND('',#9128,.F.);
#9128 = EDGE_LOOP('',(#9129));
#9129 = ORIENTED_EDGE('',*,*,#9130,.F.);
#9130 = EDGE_CURVE('',#9131,#9131,#9133,.T.);
#9131 = VERTEX_POINT('',#9132);
#9132 = CARTESIAN_POINT('',(-188.0904037956,200.81832585697,276.));
#9133 = CIRCLE('',#9134,3.);
#9134 = AXIS2_PLACEMENT_3D('',#9135,#9136,#9137);
#9135 = CARTESIAN_POINT('',(-188.0904037956,200.81832585697,273.));
#9136 = DIRECTION('',(-0.707106781187,-0.707106781187,0.));
#9137 = DIRECTION('',(0.,0.,1.));
#9138 = PLANE('',#9139);
#9139 = AXIS2_PLACEMENT_3D('',#9140,#9141,#9142);
#9140 = CARTESIAN_POINT('',(213.54624791833,-200.8183258569,266.));
#9141 = DIRECTION('',(-0.707106781187,-0.707106781187,0.));
#9142 = DIRECTION('',(0.,0.,1.));
#9143 = ADVANCED_FACE('',(#9144),#9162,.T.);
#9144 = FACE_BOUND('',#9145,.T.);
#9145 = EDGE_LOOP('',(#9146,#9147,#9148,#9156));
#9146 = ORIENTED_EDGE('',*,*,#9048,.F.);
#9147 = ORIENTED_EDGE('',*,*,#9071,.T.);
#9148 = ORIENTED_EDGE('',*,*,#9149,.T.);
#9149 = EDGE_CURVE('',#9072,#9150,#9152,.T.);
#9150 = VERTEX_POINT('',#9151);
#9151 = CARTESIAN_POINT('',(-213.5462479183,200.81832585697,280.));
#9152 = LINE('',#9153,#9154);
#9153 = CARTESIAN_POINT('',(-200.8183258569,213.54624791833,280.));
#9154 = VECTOR('',#9155,1.);
#9155 = DIRECTION('',(-0.707106781187,-0.707106781187,0.));
#9156 = ORIENTED_EDGE('',*,*,#9157,.F.);
#9157 = EDGE_CURVE('',#9041,#9150,#9158,.T.);
#9158 = LINE('',#9159,#9160);
#9159 = CARTESIAN_POINT('',(200.81832585697,-213.5462479183,280.));
#9160 = VECTOR('',#9161,1.);
#9161 = DIRECTION('',(-0.707106781187,0.707106781187,0.));
#9162 = PLANE('',#9163);
#9163 = AXIS2_PLACEMENT_3D('',#9164,#9165,#9166);
#9164 = CARTESIAN_POINT('',(213.54624791833,-200.8183258569,280.));
#9165 = DIRECTION('',(0.,0.,1.));
#9166 = DIRECTION('',(-0.707106781187,0.707106781187,0.));
#9167 = ADVANCED_FACE('',(#9168,#9218,#9229),#9240,.T.);
#9168 = FACE_BOUND('',#9169,.T.);
#9169 = EDGE_LOOP('',(#9170,#9178,#9179,#9180,#9188,#9196,#9204,#9212));
#9170 = ORIENTED_EDGE('',*,*,#9171,.F.);
#9171 = EDGE_CURVE('',#9033,#9172,#9174,.T.);
#9172 = VERTEX_POINT('',#9173);
#9173 = CARTESIAN_POINT('',(-1.33226762955E-15,-12.72792206135,266.));
#9174 = LINE('',#9175,#9176);
#9175 = CARTESIAN_POINT('',(200.81832585697,-213.5462479183,266.));
#9176 = VECTOR('',#9177,1.);
#9177 = DIRECTION('',(-0.707106781187,0.707106781187,0.));
#9178 = ORIENTED_EDGE('',*,*,#9040,.T.);
#9179 = ORIENTED_EDGE('',*,*,#9157,.T.);
#9180 = ORIENTED_EDGE('',*,*,#9181,.F.);
#9181 = EDGE_CURVE('',#9182,#9150,#9184,.T.);
#9182 = VERTEX_POINT('',#9183);
#9183 = CARTESIAN_POINT('',(-213.5462479183,200.81832585697,266.));
#9184 = LINE('',#9185,#9186);
#9185 = CARTESIAN_POINT('',(-213.5462479183,200.81832585697,266.));
#9186 = VECTOR('',#9187,1.);
#9187 = DIRECTION('',(0.,0.,1.));
#9188 = ORIENTED_EDGE('',*,*,#9189,.F.);
#9189 = EDGE_CURVE('',#9190,#9182,#9192,.T.);
#9190 = VERTEX_POINT('',#9191);
#9191 = CARTESIAN_POINT('',(-12.72792206135,5.551115123126E-16,266.));
#9192 = LINE('',#9193,#9194);
#9193 = CARTESIAN_POINT('',(200.81832585697,-213.5462479183,266.));
#9194 = VECTOR('',#9195,1.);
#9195 = DIRECTION('',(-0.707106781187,0.707106781187,0.));
#9196 = ORIENTED_EDGE('',*,*,#9197,.F.);
#9197 = EDGE_CURVE('',#9198,#9190,#9200,.T.);
#9198 = VERTEX_POINT('',#9199);
#9199 = CARTESIAN_POINT('',(-12.72792206135,5.551115123126E-16,273.));
#9200 = LINE('',#9201,#9202);
#9201 = CARTESIAN_POINT('',(-12.72792206135,5.551115123126E-16,266.));
#9202 = VECTOR('',#9203,1.);
#9203 = DIRECTION('',(0.,-0.,-1.));
#9204 = ORIENTED_EDGE('',*,*,#9205,.F.);
#9205 = EDGE_CURVE('',#9206,#9198,#9208,.T.);
#9206 = VERTEX_POINT('',#9207);
#9207 = CARTESIAN_POINT('',(-1.33226762955E-15,-12.72792206135,273.));
#9208 = LINE('',#9209,#9210);
#9209 = CARTESIAN_POINT('',(100.40916292849,-113.1370849898,273.));
#9210 = VECTOR('',#9211,1.);
#9211 = DIRECTION('',(-0.707106781187,0.707106781187,0.));
#9212 = ORIENTED_EDGE('',*,*,#9213,.T.);
#9213 = EDGE_CURVE('',#9206,#9172,#9214,.T.);
#9214 = LINE('',#9215,#9216);
#9215 = CARTESIAN_POINT('',(-1.33226762955E-15,-12.72792206135,266.));
#9216 = VECTOR('',#9217,1.);
#9217 = DIRECTION('',(0.,-0.,-1.));
#9218 = FACE_BOUND('',#9219,.T.);
#9219 = EDGE_LOOP('',(#9220));
#9220 = ORIENTED_EDGE('',*,*,#9221,.F.);
#9221 = EDGE_CURVE('',#9222,#9222,#9224,.T.);
#9222 = VERTEX_POINT('',#9223);
#9223 = CARTESIAN_POINT('',(188.09040379562,-200.8183258569,276.));
#9224 = CIRCLE('',#9225,3.);
#9225 = AXIS2_PLACEMENT_3D('',#9226,#9227,#9228);
#9226 = CARTESIAN_POINT('',(188.09040379562,-200.8183258569,273.));
#9227 = DIRECTION('',(-0.707106781187,-0.707106781187,0.));
#9228 = DIRECTION('',(0.,0.,1.));
#9229 = FACE_BOUND('',#9230,.T.);
#9230 = EDGE_LOOP('',(#9231));
#9231 = ORIENTED_EDGE('',*,*,#9232,.F.);
#9232 = EDGE_CURVE('',#9233,#9233,#9235,.T.);
#9233 = VERTEX_POINT('',#9234);
#9234 = CARTESIAN_POINT('',(-200.8183258569,188.09040379562,276.));
#9235 = CIRCLE('',#9236,3.);
#9236 = AXIS2_PLACEMENT_3D('',#9237,#9238,#9239);
#9237 = CARTESIAN_POINT('',(-200.8183258569,188.09040379562,273.));
#9238 = DIRECTION('',(-0.707106781187,-0.707106781187,0.));
#9239 = DIRECTION('',(0.,0.,1.));
#9240 = PLANE('',#9241);
#9241 = AXIS2_PLACEMENT_3D('',#9242,#9243,#9244);
#9242 = CARTESIAN_POINT('',(200.81832585697,-213.5462479183,266.));
#9243 = DIRECTION('',(-0.707106781187,-0.707106781187,0.));
#9244 = DIRECTION('',(0.,0.,1.));
#9245 = ADVANCED_FACE('',(#9246),#9257,.F.);
#9246 = FACE_BOUND('',#9247,.F.);
#9247 = EDGE_LOOP('',(#9248,#9249,#9250,#9251));
#9248 = ORIENTED_EDGE('',*,*,#9171,.F.);
#9249 = ORIENTED_EDGE('',*,*,#9032,.F.);
#9250 = ORIENTED_EDGE('',*,*,#9062,.T.);
#9251 = ORIENTED_EDGE('',*,*,#9252,.T.);
#9252 = EDGE_CURVE('',#9063,#9172,#9253,.T.);
#9253 = LINE('',#9254,#9255);
#9254 = CARTESIAN_POINT('',(13.435028842544,0.707106781187,266.));
#9255 = VECTOR('',#9256,1.);
#9256 = DIRECTION('',(-0.707106781187,-0.707106781187,0.));
#9257 = PLANE('',#9258);
#9258 = AXIS2_PLACEMENT_3D('',#9259,#9260,#9261);
#9259 = CARTESIAN_POINT('',(213.54624791833,-200.8183258569,266.));
#9260 = DIRECTION('',(0.,0.,1.));
#9261 = DIRECTION('',(-0.707106781187,0.707106781187,0.));
#9262 = ADVANCED_FACE('',(#9263),#9274,.T.);
#9263 = FACE_BOUND('',#9264,.T.);
#9264 = EDGE_LOOP('',(#9265,#9271,#9272,#9273));
#9265 = ORIENTED_EDGE('',*,*,#9266,.F.);
#9266 = EDGE_CURVE('',#9104,#9206,#9267,.T.);
#9267 = LINE('',#9268,#9269);
#9268 = CARTESIAN_POINT('',(13.435028842544,0.707106781187,273.));
#9269 = VECTOR('',#9270,1.);
#9270 = DIRECTION('',(-0.707106781187,-0.707106781187,0.));
#9271 = ORIENTED_EDGE('',*,*,#9111,.T.);
#9272 = ORIENTED_EDGE('',*,*,#9252,.T.);
#9273 = ORIENTED_EDGE('',*,*,#9213,.F.);
#9274 = PLANE('',#9275);
#9275 = AXIS2_PLACEMENT_3D('',#9276,#9277,#9278);
#9276 = CARTESIAN_POINT('',(13.435028842544,0.707106781187,266.));
#9277 = DIRECTION('',(-0.707106781187,0.707106781187,0.));
#9278 = DIRECTION('',(0.,0.,1.));
#9279 = ADVANCED_FACE('',(#9280),#9291,.F.);
#9280 = FACE_BOUND('',#9281,.F.);
#9281 = EDGE_LOOP('',(#9282,#9283,#9284,#9290));
#9282 = ORIENTED_EDGE('',*,*,#9266,.F.);
#9283 = ORIENTED_EDGE('',*,*,#9103,.T.);
#9284 = ORIENTED_EDGE('',*,*,#9285,.T.);
#9285 = EDGE_CURVE('',#9096,#9198,#9286,.T.);
#9286 = LINE('',#9287,#9288);
#9287 = CARTESIAN_POINT('',(0.707106781187,13.435028842544,273.));
#9288 = VECTOR('',#9289,1.);
#9289 = DIRECTION('',(-0.707106781187,-0.707106781187,0.));
#9290 = ORIENTED_EDGE('',*,*,#9205,.F.);
#9291 = PLANE('',#9292);
#9292 = AXIS2_PLACEMENT_3D('',#9293,#9294,#9295);
#9293 = CARTESIAN_POINT('',(13.435028842544,0.707106781187,273.));
#9294 = DIRECTION('',(0.,0.,1.));
#9295 = DIRECTION('',(-0.707106781187,0.707106781187,0.));
#9296 = ADVANCED_FACE('',(#9297),#9308,.T.);
#9297 = FACE_BOUND('',#9298,.T.);
#9298 = EDGE_LOOP('',(#9299,#9300,#9306,#9307));
#9299 = ORIENTED_EDGE('',*,*,#9079,.F.);
#9300 = ORIENTED_EDGE('',*,*,#9301,.T.);
#9301 = EDGE_CURVE('',#9080,#9182,#9302,.T.);
#9302 = LINE('',#9303,#9304);
#9303 = CARTESIAN_POINT('',(-200.8183258569,213.54624791833,266.));
#9304 = VECTOR('',#9305,1.);
#9305 = DIRECTION('',(-0.707106781187,-0.707106781187,0.));
#9306 = ORIENTED_EDGE('',*,*,#9181,.T.);
#9307 = ORIENTED_EDGE('',*,*,#9149,.F.);
#9308 = PLANE('',#9309);
#9309 = AXIS2_PLACEMENT_3D('',#9310,#9311,#9312);
#9310 = CARTESIAN_POINT('',(-200.8183258569,213.54624791833,266.));
#9311 = DIRECTION('',(-0.707106781187,0.707106781187,0.));
#9312 = DIRECTION('',(0.,0.,1.));
#9313 = ADVANCED_FACE('',(#9314),#9325,.F.);
#9314 = FACE_BOUND('',#9315,.F.);
#9315 = EDGE_LOOP('',(#9316,#9317,#9318,#9324));
#9316 = ORIENTED_EDGE('',*,*,#9285,.F.);
#9317 = ORIENTED_EDGE('',*,*,#9095,.T.);
#9318 = ORIENTED_EDGE('',*,*,#9319,.T.);
#9319 = EDGE_CURVE('',#9088,#9190,#9320,.T.);
#9320 = LINE('',#9321,#9322);
#9321 = CARTESIAN_POINT('',(0.707106781187,13.435028842544,266.));
#9322 = VECTOR('',#9323,1.);
#9323 = DIRECTION('',(-0.707106781187,-0.707106781187,0.));
#9324 = ORIENTED_EDGE('',*,*,#9197,.F.);
#9325 = PLANE('',#9326);
#9326 = AXIS2_PLACEMENT_3D('',#9327,#9328,#9329);
#9327 = CARTESIAN_POINT('',(0.707106781187,13.435028842544,266.));
#9328 = DIRECTION('',(-0.707106781187,0.707106781187,0.));
#9329 = DIRECTION('',(0.,0.,1.));
#9330 = ADVANCED_FACE('',(#9331),#9337,.F.);
#9331 = FACE_BOUND('',#9332,.F.);
#9332 = EDGE_LOOP('',(#9333,#9334,#9335,#9336));
#9333 = ORIENTED_EDGE('',*,*,#9189,.F.);
#9334 = ORIENTED_EDGE('',*,*,#9319,.F.);
#9335 = ORIENTED_EDGE('',*,*,#9087,.T.);
#9336 = ORIENTED_EDGE('',*,*,#9301,.T.);
#9337 = PLANE('',#9338);
#9338 = AXIS2_PLACEMENT_3D('',#9339,#9340,#9341);
#9339 = CARTESIAN_POINT('',(213.54624791833,-200.8183258569,266.));
#9340 = DIRECTION('',(0.,0.,1.));
#9341 = DIRECTION('',(-0.707106781187,0.707106781187,0.));
#9342 = ADVANCED_FACE('',(#9343),#9354,.F.);
#9343 = FACE_BOUND('',#9344,.F.);
#9344 = EDGE_LOOP('',(#9345,#9346,#9352,#9353));
#9345 = ORIENTED_EDGE('',*,*,#9221,.F.);
#9346 = ORIENTED_EDGE('',*,*,#9347,.F.);
#9347 = EDGE_CURVE('',#9120,#9222,#9348,.T.);
#9348 = LINE('',#9349,#9350);
#9349 = CARTESIAN_POINT('',(200.81832585697,-188.0904037956,276.));
#9350 = VECTOR('',#9351,1.);
#9351 = DIRECTION('',(-0.707106781187,-0.707106781187,0.));
#9352 = ORIENTED_EDGE('',*,*,#9119,.T.);
#9353 = ORIENTED_EDGE('',*,*,#9347,.T.);
#9354 = CYLINDRICAL_SURFACE('',#9355,3.);
#9355 = AXIS2_PLACEMENT_3D('',#9356,#9357,#9358);
#9356 = CARTESIAN_POINT('',(200.81832585697,-188.0904037956,273.));
#9357 = DIRECTION('',(-0.707106781187,-0.707106781187,0.));
#9358 = DIRECTION('',(0.,0.,1.));
#9359 = ADVANCED_FACE('',(#9360),#9371,.F.);
#9360 = FACE_BOUND('',#9361,.F.);
#9361 = EDGE_LOOP('',(#9362,#9363,#9369,#9370));
#9362 = ORIENTED_EDGE('',*,*,#9232,.F.);
#9363 = ORIENTED_EDGE('',*,*,#9364,.F.);
#9364 = EDGE_CURVE('',#9131,#9233,#9365,.T.);
#9365 = LINE('',#9366,#9367);
#9366 = CARTESIAN_POINT('',(-188.0904037956,200.81832585697,276.));
#9367 = VECTOR('',#9368,1.);
#9368 = DIRECTION('',(-0.707106781187,-0.707106781187,0.));
#9369 = ORIENTED_EDGE('',*,*,#9130,.T.);
#9370 = ORIENTED_EDGE('',*,*,#9364,.T.);
#9371 = CYLINDRICAL_SURFACE('',#9372,3.);
#9372 = AXIS2_PLACEMENT_3D('',#9373,#9374,#9375);
#9373 = CARTESIAN_POINT('',(-188.0904037956,200.81832585697,273.));
#9374 = DIRECTION('',(-0.707106781187,-0.707106781187,0.));
#9375 = DIRECTION('',(0.,0.,1.));
#9376 = ( GEOMETRIC_REPRESENTATION_CONTEXT(3) 
GLOBAL_UNCERTAINTY_ASSIGNED_CONTEXT((#9380)) 
GLOBAL_UNIT_ASSIGNED_CONTEXT((#9377,#9378,#9379)) REPRESENTATION_CONTEXT
('Context #1','3D Context with UNIT and UNCERTAINTY') );
#9377 = ( LENGTH_UNIT() NAMED_UNIT(*) SI_UNIT(.MILLI.,.METRE.) );
#9378 = ( NAMED_UNIT(*) PLANE_ANGLE_UNIT() SI_UNIT($,.RADIAN.) );
#9379 = ( NAMED_UNIT(*) SI_UNIT($,.STERADIAN.) SOLID_ANGLE_UNIT() );
#9380 = UNCERTAINTY_MEASURE_WITH_UNIT(LENGTH_MEASURE(1.E-07),#9377,
  'distance_accuracy_value','confusion accuracy');
#9381 = CONTEXT_DEPENDENT_SHAPE_REPRESENTATION(#9382,#9384);
#9382 = ( REPRESENTATION_RELATIONSHIP('','',#9015,#10) 
REPRESENTATION_RELATIONSHIP_WITH_TRANSFORMATION(#9383) 
SHAPE_REPRESENTATION_RELATIONSHIP() );
#9383 = ITEM_DEFINED_TRANSFORMATION('','',#11,#155);
#9384 = PRODUCT_DEFINITION_SHAPE('Placement','Placement of an item',
  #9385);
#9385 = NEXT_ASSEMBLY_USAGE_OCCURRENCE('36','P36 X level 1 beam 2','',#5
  ,#9010,$);
#9386 = PRODUCT_RELATED_PRODUCT_CATEGORY('part',$,(#9012));
#9387 = SHAPE_DEFINITION_REPRESENTATION(#9388,#9394);
#9388 = PRODUCT_DEFINITION_SHAPE('','',#9389);
#9389 = PRODUCT_DEFINITION('design','',#9390,#9393);
#9390 = PRODUCT_DEFINITION_FORMATION('','',#9391);
#9391 = PRODUCT('P37 X level 2 beam 1','P37 X level 2 beam 1','',(#9392)
  );
#9392 = PRODUCT_CONTEXT('',#2,'mechanical');
#9393 = PRODUCT_DEFINITION_CONTEXT('part definition',#2,'design');
#9394 = ADVANCED_BREP_SHAPE_REPRESENTATION('',(#11,#9395),#9755);
#9395 = MANIFOLD_SOLID_BREP('',#9396);
#9396 = CLOSED_SHELL('',(#9397,#9437,#9522,#9546,#9624,#9641,#9658,#9675
    ,#9692,#9709,#9721,#9738));
#9397 = ADVANCED_FACE('',(#9398),#9432,.F.);
#9398 = FACE_BOUND('',#9399,.F.);
#9399 = EDGE_LOOP('',(#9400,#9410,#9418,#9426));
#9400 = ORIENTED_EDGE('',*,*,#9401,.F.);
#9401 = EDGE_CURVE('',#9402,#9404,#9406,.T.);
#9402 = VERTEX_POINT('',#9403);
#9403 = CARTESIAN_POINT('',(-200.8183258569,-213.5462479183,238.));
#9404 = VERTEX_POINT('',#9405);
#9405 = CARTESIAN_POINT('',(-200.8183258569,-213.5462479183,252.));
#9406 = LINE('',#9407,#9408);
#9407 = CARTESIAN_POINT('',(-200.8183258569,-213.5462479183,238.));
#9408 = VECTOR('',#9409,1.);
#9409 = DIRECTION('',(0.,0.,1.));
#9410 = ORIENTED_EDGE('',*,*,#9411,.T.);
#9411 = EDGE_CURVE('',#9402,#9412,#9414,.T.);
#9412 = VERTEX_POINT('',#9413);
#9413 = CARTESIAN_POINT('',(-213.5462479183,-200.8183258569,238.));
#9414 = LINE('',#9415,#9416);
#9415 = CARTESIAN_POINT('',(-200.8183258569,-213.5462479183,238.));
#9416 = VECTOR('',#9417,1.);
#9417 = DIRECTION('',(-0.707106781187,0.707106781187,0.));
#9418 = ORIENTED_EDGE('',*,*,#9419,.T.);
#9419 = EDGE_CURVE('',#9412,#9420,#9422,.T.);
#9420 = VERTEX_POINT('',#9421);
#9421 = CARTESIAN_POINT('',(-213.5462479183,-200.8183258569,252.));
#9422 = LINE('',#9423,#9424);
#9423 = CARTESIAN_POINT('',(-213.5462479183,-200.8183258569,238.));
#9424 = VECTOR('',#9425,1.);
#9425 = DIRECTION('',(0.,0.,1.));
#9426 = ORIENTED_EDGE('',*,*,#9427,.F.);
#9427 = EDGE_CURVE('',#9404,#9420,#9428,.T.);
#9428 = LINE('',#9429,#9430);
#9429 = CARTESIAN_POINT('',(-200.8183258569,-213.5462479183,252.));
#9430 = VECTOR('',#9431,1.);
#9431 = DIRECTION('',(-0.707106781187,0.707106781187,0.));
#9432 = PLANE('',#9433);
#9433 = AXIS2_PLACEMENT_3D('',#9434,#9435,#9436);
#9434 = CARTESIAN_POINT('',(-200.8183258569,-213.5462479183,238.));
#9435 = DIRECTION('',(0.707106781187,0.707106781187,0.));
#9436 = DIRECTION('',(0.,0.,1.));
#9437 = ADVANCED_FACE('',(#9438,#9495,#9506),#9517,.F.);
#9438 = FACE_BOUND('',#9439,.F.);
#9439 = EDGE_LOOP('',(#9440,#9450,#9456,#9457,#9465,#9473,#9481,#9489));
#9440 = ORIENTED_EDGE('',*,*,#9441,.F.);
#9441 = EDGE_CURVE('',#9442,#9444,#9446,.T.);
#9442 = VERTEX_POINT('',#9443);
#9443 = CARTESIAN_POINT('',(213.54624791833,200.81832585697,238.));
#9444 = VERTEX_POINT('',#9445);
#9445 = CARTESIAN_POINT('',(213.54624791833,200.81832585697,252.));
#9446 = LINE('',#9447,#9448);
#9447 = CARTESIAN_POINT('',(213.54624791833,200.81832585697,238.));
#9448 = VECTOR('',#9449,1.);
#9449 = DIRECTION('',(0.,0.,1.));
#9450 = ORIENTED_EDGE('',*,*,#9451,.F.);
#9451 = EDGE_CURVE('',#9402,#9442,#9452,.T.);
#9452 = LINE('',#9453,#9454);
#9453 = CARTESIAN_POINT('',(-200.8183258569,-213.5462479183,238.));
#9454 = VECTOR('',#9455,1.);
#9455 = DIRECTION('',(0.707106781187,0.707106781187,0.));
#9456 = ORIENTED_EDGE('',*,*,#9401,.T.);
#9457 = ORIENTED_EDGE('',*,*,#9458,.T.);
#9458 = EDGE_CURVE('',#9404,#9459,#9461,.T.);
#9459 = VERTEX_POINT('',#9460);
#9460 = CARTESIAN_POINT('',(-5.551115123126E-16,-12.72792206135,252.));
#9461 = LINE('',#9462,#9463);
#9462 = CARTESIAN_POINT('',(-200.8183258569,-213.5462479183,252.));
#9463 = VECTOR('',#9464,1.);
#9464 = DIRECTION('',(0.707106781187,0.707106781187,0.));
#9465 = ORIENTED_EDGE('',*,*,#9466,.T.);
#9466 = EDGE_CURVE('',#9459,#9467,#9469,.T.);
#9467 = VERTEX_POINT('',#9468);
#9468 = CARTESIAN_POINT('',(-5.551115123126E-16,-12.72792206135,245.));
#9469 = LINE('',#9470,#9471);
#9470 = CARTESIAN_POINT('',(-5.551115123126E-16,-12.72792206135,241.5));
#9471 = VECTOR('',#9472,1.);
#9472 = DIRECTION('',(-0.,0.,-1.));
#9473 = ORIENTED_EDGE('',*,*,#9474,.T.);
#9474 = EDGE_CURVE('',#9467,#9475,#9477,.T.);
#9475 = VERTEX_POINT('',#9476);
#9476 = CARTESIAN_POINT('',(12.727922061358,-1.33226762955E-15,245.));
#9477 = LINE('',#9478,#9479);
#9478 = CARTESIAN_POINT('',(-100.4091629284,-113.1370849898,245.));
#9479 = VECTOR('',#9480,1.);
#9480 = DIRECTION('',(0.707106781187,0.707106781187,0.));
#9481 = ORIENTED_EDGE('',*,*,#9482,.F.);
#9482 = EDGE_CURVE('',#9483,#9475,#9485,.T.);
#9483 = VERTEX_POINT('',#9484);
#9484 = CARTESIAN_POINT('',(12.727922061358,-1.33226762955E-15,252.));
#9485 = LINE('',#9486,#9487);
#9486 = CARTESIAN_POINT('',(12.727922061358,-1.33226762955E-15,241.5));
#9487 = VECTOR('',#9488,1.);
#9488 = DIRECTION('',(-0.,0.,-1.));
#9489 = ORIENTED_EDGE('',*,*,#9490,.T.);
#9490 = EDGE_CURVE('',#9483,#9444,#9491,.T.);
#9491 = LINE('',#9492,#9493);
#9492 = CARTESIAN_POINT('',(-200.8183258569,-213.5462479183,252.));
#9493 = VECTOR('',#9494,1.);
#9494 = DIRECTION('',(0.707106781187,0.707106781187,0.));
#9495 = FACE_BOUND('',#9496,.F.);
#9496 = EDGE_LOOP('',(#9497));
#9497 = ORIENTED_EDGE('',*,*,#9498,.F.);
#9498 = EDGE_CURVE('',#9499,#9499,#9501,.T.);
#9499 = VERTEX_POINT('',#9500);
#9500 = CARTESIAN_POINT('',(-188.0904037956,-200.8183258569,248.));
#9501 = CIRCLE('',#9502,3.);
#9502 = AXIS2_PLACEMENT_3D('',#9503,#9504,#9505);
#9503 = CARTESIAN_POINT('',(-188.0904037956,-200.8183258569,245.));
#9504 = DIRECTION('',(-0.707106781187,0.707106781187,0.));
#9505 = DIRECTION('',(0.,0.,1.));
#9506 = FACE_BOUND('',#9507,.F.);
#9507 = EDGE_LOOP('',(#9508));
#9508 = ORIENTED_EDGE('',*,*,#9509,.F.);
#9509 = EDGE_CURVE('',#9510,#9510,#9512,.T.);
#9510 = VERTEX_POINT('',#9511);
#9511 = CARTESIAN_POINT('',(200.81832585697,188.09040379562,248.));
#9512 = CIRCLE('',#9513,3.);
#9513 = AXIS2_PLACEMENT_3D('',#9514,#9515,#9516);
#9514 = CARTESIAN_POINT('',(200.81832585697,188.09040379562,245.));
#9515 = DIRECTION('',(-0.707106781187,0.707106781187,0.));
#9516 = DIRECTION('',(0.,0.,1.));
#9517 = PLANE('',#9518);
#9518 = AXIS2_PLACEMENT_3D('',#9519,#9520,#9521);
#9519 = CARTESIAN_POINT('',(-200.8183258569,-213.5462479183,238.));
#9520 = DIRECTION('',(-0.707106781187,0.707106781187,0.));
#9521 = DIRECTION('',(0.,0.,1.));
#9522 = ADVANCED_FACE('',(#9523),#9541,.T.);
#9523 = FACE_BOUND('',#9524,.T.);
#9524 = EDGE_LOOP('',(#9525,#9533,#9534,#9535));
#9525 = ORIENTED_EDGE('',*,*,#9526,.F.);
#9526 = EDGE_CURVE('',#9420,#9527,#9529,.T.);
#9527 = VERTEX_POINT('',#9528);
#9528 = CARTESIAN_POINT('',(-12.72792206135,1.33226762955E-15,252.));
#9529 = LINE('',#9530,#9531);
#9530 = CARTESIAN_POINT('',(-213.5462479183,-200.8183258569,252.));
#9531 = VECTOR('',#9532,1.);
#9532 = DIRECTION('',(0.707106781187,0.707106781187,0.));
#9533 = ORIENTED_EDGE('',*,*,#9427,.F.);
#9534 = ORIENTED_EDGE('',*,*,#9458,.T.);
#9535 = ORIENTED_EDGE('',*,*,#9536,.T.);
#9536 = EDGE_CURVE('',#9459,#9527,#9537,.T.);
#9537 = LINE('',#9538,#9539);
#9538 = CARTESIAN_POINT('',(0.707106781187,-13.43502884254,252.));
#9539 = VECTOR('',#9540,1.);
#9540 = DIRECTION('',(-0.707106781187,0.707106781187,0.));
#9541 = PLANE('',#9542);
#9542 = AXIS2_PLACEMENT_3D('',#9543,#9544,#9545);
#9543 = CARTESIAN_POINT('',(-200.8183258569,-213.5462479183,252.));
#9544 = DIRECTION('',(0.,0.,1.));
#9545 = DIRECTION('',(0.707106781187,0.707106781187,0.));
#9546 = ADVANCED_FACE('',(#9547,#9597,#9608),#9619,.T.);
#9547 = FACE_BOUND('',#9548,.T.);
#9548 = EDGE_LOOP('',(#9549,#9559,#9565,#9566,#9567,#9575,#9583,#9591));
#9549 = ORIENTED_EDGE('',*,*,#9550,.F.);
#9550 = EDGE_CURVE('',#9551,#9553,#9555,.T.);
#9551 = VERTEX_POINT('',#9552);
#9552 = CARTESIAN_POINT('',(200.81832585697,213.54624791833,238.));
#9553 = VERTEX_POINT('',#9554);
#9554 = CARTESIAN_POINT('',(200.81832585697,213.54624791833,252.));
#9555 = LINE('',#9556,#9557);
#9556 = CARTESIAN_POINT('',(200.81832585697,213.54624791833,238.));
#9557 = VECTOR('',#9558,1.);
#9558 = DIRECTION('',(0.,0.,1.));
#9559 = ORIENTED_EDGE('',*,*,#9560,.F.);
#9560 = EDGE_CURVE('',#9412,#9551,#9561,.T.);
#9561 = LINE('',#9562,#9563);
#9562 = CARTESIAN_POINT('',(-213.5462479183,-200.8183258569,238.));
#9563 = VECTOR('',#9564,1.);
#9564 = DIRECTION('',(0.707106781187,0.707106781187,0.));
#9565 = ORIENTED_EDGE('',*,*,#9419,.T.);
#9566 = ORIENTED_EDGE('',*,*,#9526,.T.);
#9567 = ORIENTED_EDGE('',*,*,#9568,.T.);
#9568 = EDGE_CURVE('',#9527,#9569,#9571,.T.);
#9569 = VERTEX_POINT('',#9570);
#9570 = CARTESIAN_POINT('',(-12.72792206135,1.33226762955E-15,245.));
#9571 = LINE('',#9572,#9573);
#9572 = CARTESIAN_POINT('',(-12.72792206135,1.33226762955E-15,241.5));
#9573 = VECTOR('',#9574,1.);
#9574 = DIRECTION('',(-0.,0.,-1.));
#9575 = ORIENTED_EDGE('',*,*,#9576,.T.);
#9576 = EDGE_CURVE('',#9569,#9577,#9579,.T.);
#9577 = VERTEX_POINT('',#9578);
#9578 = CARTESIAN_POINT('',(5.551115123126E-16,12.727922061358,245.));
#9579 = LINE('',#9580,#9581);
#9580 = CARTESIAN_POINT('',(-113.1370849898,-100.4091629284,245.));
#9581 = VECTOR('',#9582,1.);
#9582 = DIRECTION('',(0.707106781187,0.707106781187,0.));
#9583 = ORIENTED_EDGE('',*,*,#9584,.F.);
#9584 = EDGE_CURVE('',#9585,#9577,#9587,.T.);
#9585 = VERTEX_POINT('',#9586);
#9586 = CARTESIAN_POINT('',(5.551115123126E-16,12.727922061358,252.));
#9587 = LINE('',#9588,#9589);
#9588 = CARTESIAN_POINT('',(5.551115123126E-16,12.727922061358,241.5));
#9589 = VECTOR('',#9590,1.);
#9590 = DIRECTION('',(-0.,0.,-1.));
#9591 = ORIENTED_EDGE('',*,*,#9592,.T.);
#9592 = EDGE_CURVE('',#9585,#9553,#9593,.T.);
#9593 = LINE('',#9594,#9595);
#9594 = CARTESIAN_POINT('',(-213.5462479183,-200.8183258569,252.));
#9595 = VECTOR('',#9596,1.);
#9596 = DIRECTION('',(0.707106781187,0.707106781187,0.));
#9597 = FACE_BOUND('',#9598,.T.);
#9598 = EDGE_LOOP('',(#9599));
#9599 = ORIENTED_EDGE('',*,*,#9600,.F.);
#9600 = EDGE_CURVE('',#9601,#9601,#9603,.T.);
#9601 = VERTEX_POINT('',#9602);
#9602 = CARTESIAN_POINT('',(-200.8183258569,-188.0904037956,248.));
#9603 = CIRCLE('',#9604,3.);
#9604 = AXIS2_PLACEMENT_3D('',#9605,#9606,#9607);
#9605 = CARTESIAN_POINT('',(-200.8183258569,-188.0904037956,245.));
#9606 = DIRECTION('',(-0.707106781187,0.707106781187,0.));
#9607 = DIRECTION('',(0.,0.,1.));
#9608 = FACE_BOUND('',#9609,.T.);
#9609 = EDGE_LOOP('',(#9610));
#9610 = ORIENTED_EDGE('',*,*,#9611,.F.);
#9611 = EDGE_CURVE('',#9612,#9612,#9614,.T.);
#9612 = VERTEX_POINT('',#9613);
#9613 = CARTESIAN_POINT('',(188.09040379562,200.81832585697,248.));
#9614 = CIRCLE('',#9615,3.);
#9615 = AXIS2_PLACEMENT_3D('',#9616,#9617,#9618);
#9616 = CARTESIAN_POINT('',(188.09040379562,200.81832585697,245.));
#9617 = DIRECTION('',(-0.707106781187,0.707106781187,0.));
#9618 = DIRECTION('',(0.,0.,1.));
#9619 = PLANE('',#9620);
#9620 = AXIS2_PLACEMENT_3D('',#9621,#9622,#9623);
#9621 = CARTESIAN_POINT('',(-213.5462479183,-200.8183258569,238.));
#9622 = DIRECTION('',(-0.707106781187,0.707106781187,0.));
#9623 = DIRECTION('',(0.,0.,1.));
#9624 = ADVANCED_FACE('',(#9625),#9636,.F.);
#9625 = FACE_BOUND('',#9626,.F.);
#9626 = EDGE_LOOP('',(#9627,#9628,#9629,#9635));
#9627 = ORIENTED_EDGE('',*,*,#9411,.F.);
#9628 = ORIENTED_EDGE('',*,*,#9451,.T.);
#9629 = ORIENTED_EDGE('',*,*,#9630,.T.);
#9630 = EDGE_CURVE('',#9442,#9551,#9631,.T.);
#9631 = LINE('',#9632,#9633);
#9632 = CARTESIAN_POINT('',(213.54624791833,200.81832585697,238.));
#9633 = VECTOR('',#9634,1.);
#9634 = DIRECTION('',(-0.707106781187,0.707106781187,0.));
#9635 = ORIENTED_EDGE('',*,*,#9560,.F.);
#9636 = PLANE('',#9637);
#9637 = AXIS2_PLACEMENT_3D('',#9638,#9639,#9640);
#9638 = CARTESIAN_POINT('',(-200.8183258569,-213.5462479183,238.));
#9639 = DIRECTION('',(0.,0.,1.));
#9640 = DIRECTION('',(0.707106781187,0.707106781187,0.));
#9641 = ADVANCED_FACE('',(#9642),#9653,.T.);
#9642 = FACE_BOUND('',#9643,.T.);
#9643 = EDGE_LOOP('',(#9644,#9645,#9646,#9647));
#9644 = ORIENTED_EDGE('',*,*,#9441,.F.);
#9645 = ORIENTED_EDGE('',*,*,#9630,.T.);
#9646 = ORIENTED_EDGE('',*,*,#9550,.T.);
#9647 = ORIENTED_EDGE('',*,*,#9648,.F.);
#9648 = EDGE_CURVE('',#9444,#9553,#9649,.T.);
#9649 = LINE('',#9650,#9651);
#9650 = CARTESIAN_POINT('',(213.54624791833,200.81832585697,252.));
#9651 = VECTOR('',#9652,1.);
#9652 = DIRECTION('',(-0.707106781187,0.707106781187,0.));
#9653 = PLANE('',#9654);
#9654 = AXIS2_PLACEMENT_3D('',#9655,#9656,#9657);
#9655 = CARTESIAN_POINT('',(213.54624791833,200.81832585697,238.));
#9656 = DIRECTION('',(0.707106781187,0.707106781187,0.));
#9657 = DIRECTION('',(0.,0.,1.));
#9658 = ADVANCED_FACE('',(#9659),#9670,.T.);
#9659 = FACE_BOUND('',#9660,.T.);
#9660 = EDGE_LOOP('',(#9661,#9662,#9668,#9669));
#9661 = ORIENTED_EDGE('',*,*,#9592,.F.);
#9662 = ORIENTED_EDGE('',*,*,#9663,.F.);
#9663 = EDGE_CURVE('',#9483,#9585,#9664,.T.);
#9664 = LINE('',#9665,#9666);
#9665 = CARTESIAN_POINT('',(13.435028842544,-0.707106781187,252.));
#9666 = VECTOR('',#9667,1.);
#9667 = DIRECTION('',(-0.707106781187,0.707106781187,0.));
#9668 = ORIENTED_EDGE('',*,*,#9490,.T.);
#9669 = ORIENTED_EDGE('',*,*,#9648,.T.);
#9670 = PLANE('',#9671);
#9671 = AXIS2_PLACEMENT_3D('',#9672,#9673,#9674);
#9672 = CARTESIAN_POINT('',(-200.8183258569,-213.5462479183,252.));
#9673 = DIRECTION('',(0.,0.,1.));
#9674 = DIRECTION('',(0.707106781187,0.707106781187,0.));
#9675 = ADVANCED_FACE('',(#9676),#9687,.F.);
#9676 = FACE_BOUND('',#9677,.F.);
#9677 = EDGE_LOOP('',(#9678,#9679,#9680,#9686));
#9678 = ORIENTED_EDGE('',*,*,#9663,.F.);
#9679 = ORIENTED_EDGE('',*,*,#9482,.T.);
#9680 = ORIENTED_EDGE('',*,*,#9681,.T.);
#9681 = EDGE_CURVE('',#9475,#9577,#9682,.T.);
#9682 = LINE('',#9683,#9684);
#9683 = CARTESIAN_POINT('',(13.435028842544,-0.707106781187,245.));
#9684 = VECTOR('',#9685,1.);
#9685 = DIRECTION('',(-0.707106781187,0.707106781187,0.));
#9686 = ORIENTED_EDGE('',*,*,#9584,.F.);
#9687 = PLANE('',#9688);
#9688 = AXIS2_PLACEMENT_3D('',#9689,#9690,#9691);
#9689 = CARTESIAN_POINT('',(13.435028842544,-0.707106781187,245.));
#9690 = DIRECTION('',(0.707106781187,0.707106781187,0.));
#9691 = DIRECTION('',(0.,0.,1.));
#9692 = ADVANCED_FACE('',(#9693),#9704,.T.);
#9693 = FACE_BOUND('',#9694,.T.);
#9694 = EDGE_LOOP('',(#9695,#9701,#9702,#9703));
#9695 = ORIENTED_EDGE('',*,*,#9696,.F.);
#9696 = EDGE_CURVE('',#9467,#9569,#9697,.T.);
#9697 = LINE('',#9698,#9699);
#9698 = CARTESIAN_POINT('',(0.707106781187,-13.43502884254,245.));
#9699 = VECTOR('',#9700,1.);
#9700 = DIRECTION('',(-0.707106781187,0.707106781187,0.));
#9701 = ORIENTED_EDGE('',*,*,#9474,.T.);
#9702 = ORIENTED_EDGE('',*,*,#9681,.T.);
#9703 = ORIENTED_EDGE('',*,*,#9576,.F.);
#9704 = PLANE('',#9705);
#9705 = AXIS2_PLACEMENT_3D('',#9706,#9707,#9708);
#9706 = CARTESIAN_POINT('',(0.707106781187,-13.43502884254,245.));
#9707 = DIRECTION('',(0.,0.,1.));
#9708 = DIRECTION('',(0.707106781187,0.707106781187,0.));
#9709 = ADVANCED_FACE('',(#9710),#9716,.T.);
#9710 = FACE_BOUND('',#9711,.T.);
#9711 = EDGE_LOOP('',(#9712,#9713,#9714,#9715));
#9712 = ORIENTED_EDGE('',*,*,#9536,.F.);
#9713 = ORIENTED_EDGE('',*,*,#9466,.T.);
#9714 = ORIENTED_EDGE('',*,*,#9696,.T.);
#9715 = ORIENTED_EDGE('',*,*,#9568,.F.);
#9716 = PLANE('',#9717);
#9717 = AXIS2_PLACEMENT_3D('',#9718,#9719,#9720);
#9718 = CARTESIAN_POINT('',(0.707106781187,-13.43502884254,245.));
#9719 = DIRECTION('',(0.707106781187,0.707106781187,0.));
#9720 = DIRECTION('',(0.,0.,1.));
#9721 = ADVANCED_FACE('',(#9722),#9733,.F.);
#9722 = FACE_BOUND('',#9723,.F.);
#9723 = EDGE_LOOP('',(#9724,#9725,#9731,#9732));
#9724 = ORIENTED_EDGE('',*,*,#9600,.F.);
#9725 = ORIENTED_EDGE('',*,*,#9726,.F.);
#9726 = EDGE_CURVE('',#9499,#9601,#9727,.T.);
#9727 = LINE('',#9728,#9729);
#9728 = CARTESIAN_POINT('',(-188.0904037956,-200.8183258569,248.));
#9729 = VECTOR('',#9730,1.);
#9730 = DIRECTION('',(-0.707106781187,0.707106781187,0.));
#9731 = ORIENTED_EDGE('',*,*,#9498,.T.);
#9732 = ORIENTED_EDGE('',*,*,#9726,.T.);
#9733 = CYLINDRICAL_SURFACE('',#9734,3.);
#9734 = AXIS2_PLACEMENT_3D('',#9735,#9736,#9737);
#9735 = CARTESIAN_POINT('',(-188.0904037956,-200.8183258569,245.));
#9736 = DIRECTION('',(-0.707106781187,0.707106781187,0.));
#9737 = DIRECTION('',(0.,0.,1.));
#9738 = ADVANCED_FACE('',(#9739),#9750,.F.);
#9739 = FACE_BOUND('',#9740,.F.);
#9740 = EDGE_LOOP('',(#9741,#9742,#9748,#9749));
#9741 = ORIENTED_EDGE('',*,*,#9611,.F.);
#9742 = ORIENTED_EDGE('',*,*,#9743,.F.);
#9743 = EDGE_CURVE('',#9510,#9612,#9744,.T.);
#9744 = LINE('',#9745,#9746);
#9745 = CARTESIAN_POINT('',(200.81832585697,188.09040379562,248.));
#9746 = VECTOR('',#9747,1.);
#9747 = DIRECTION('',(-0.707106781187,0.707106781187,0.));
#9748 = ORIENTED_EDGE('',*,*,#9509,.T.);
#9749 = ORIENTED_EDGE('',*,*,#9743,.T.);
#9750 = CYLINDRICAL_SURFACE('',#9751,3.);
#9751 = AXIS2_PLACEMENT_3D('',#9752,#9753,#9754);
#9752 = CARTESIAN_POINT('',(200.81832585697,188.09040379562,245.));
#9753 = DIRECTION('',(-0.707106781187,0.707106781187,0.));
#9754 = DIRECTION('',(0.,0.,1.));
#9755 = ( GEOMETRIC_REPRESENTATION_CONTEXT(3) 
GLOBAL_UNCERTAINTY_ASSIGNED_CONTEXT((#9759)) 
GLOBAL_UNIT_ASSIGNED_CONTEXT((#9756,#9757,#9758)) REPRESENTATION_CONTEXT
('Context #1','3D Context with UNIT and UNCERTAINTY') );
#9756 = ( LENGTH_UNIT() NAMED_UNIT(*) SI_UNIT(.MILLI.,.METRE.) );
#9757 = ( NAMED_UNIT(*) PLANE_ANGLE_UNIT() SI_UNIT($,.RADIAN.) );
#9758 = ( NAMED_UNIT(*) SI_UNIT($,.STERADIAN.) SOLID_ANGLE_UNIT() );
#9759 = UNCERTAINTY_MEASURE_WITH_UNIT(LENGTH_MEASURE(1.E-07),#9756,
  'distance_accuracy_value','confusion accuracy');
#9760 = CONTEXT_DEPENDENT_SHAPE_REPRESENTATION(#9761,#9763);
#9761 = ( REPRESENTATION_RELATIONSHIP('','',#9394,#10) 
REPRESENTATION_RELATIONSHIP_WITH_TRANSFORMATION(#9762) 
SHAPE_REPRESENTATION_RELATIONSHIP() );
#9762 = ITEM_DEFINED_TRANSFORMATION('','',#11,#159);
#9763 = PRODUCT_DEFINITION_SHAPE('Placement','Placement of an item',
  #9764);
#9764 = NEXT_ASSEMBLY_USAGE_OCCURRENCE('37','P37 X level 2 beam 1','',#5
  ,#9389,$);
#9765 = PRODUCT_RELATED_PRODUCT_CATEGORY('part',$,(#9391));
#9766 = SHAPE_DEFINITION_REPRESENTATION(#9767,#9773);
#9767 = PRODUCT_DEFINITION_SHAPE('','',#9768);
#9768 = PRODUCT_DEFINITION('design','',#9769,#9772);
#9769 = PRODUCT_DEFINITION_FORMATION('','',#9770);
#9770 = PRODUCT('P38 X level 2 beam 2','P38 X level 2 beam 2','',(#9771)
  );
#9771 = PRODUCT_CONTEXT('',#2,'mechanical');
#9772 = PRODUCT_DEFINITION_CONTEXT('part definition',#2,'design');
#9773 = ADVANCED_BREP_SHAPE_REPRESENTATION('',(#11,#9774),#10134);
#9774 = MANIFOLD_SOLID_BREP('',#9775);
#9775 = CLOSED_SHELL('',(#9776,#9816,#9901,#9925,#10003,#10020,#10037,
    #10054,#10071,#10088,#10100,#10117));
#9776 = ADVANCED_FACE('',(#9777),#9811,.F.);
#9777 = FACE_BOUND('',#9778,.F.);
#9778 = EDGE_LOOP('',(#9779,#9789,#9797,#9805));
#9779 = ORIENTED_EDGE('',*,*,#9780,.F.);
#9780 = EDGE_CURVE('',#9781,#9783,#9785,.T.);
#9781 = VERTEX_POINT('',#9782);
#9782 = CARTESIAN_POINT('',(213.54624791833,-200.8183258569,238.));
#9783 = VERTEX_POINT('',#9784);
#9784 = CARTESIAN_POINT('',(213.54624791833,-200.8183258569,252.));
#9785 = LINE('',#9786,#9787);
#9786 = CARTESIAN_POINT('',(213.54624791833,-200.8183258569,238.));
#9787 = VECTOR('',#9788,1.);
#9788 = DIRECTION('',(0.,0.,1.));
#9789 = ORIENTED_EDGE('',*,*,#9790,.T.);
#9790 = EDGE_CURVE('',#9781,#9791,#9793,.T.);
#9791 = VERTEX_POINT('',#9792);
#9792 = CARTESIAN_POINT('',(200.81832585697,-213.5462479183,238.));
#9793 = LINE('',#9794,#9795);
#9794 = CARTESIAN_POINT('',(213.54624791833,-200.8183258569,238.));
#9795 = VECTOR('',#9796,1.);
#9796 = DIRECTION('',(-0.707106781187,-0.707106781187,0.));
#9797 = ORIENTED_EDGE('',*,*,#9798,.T.);
#9798 = EDGE_CURVE('',#9791,#9799,#9801,.T.);
#9799 = VERTEX_POINT('',#9800);
#9800 = CARTESIAN_POINT('',(200.81832585697,-213.5462479183,252.));
#9801 = LINE('',#9802,#9803);
#9802 = CARTESIAN_POINT('',(200.81832585697,-213.5462479183,238.));
#9803 = VECTOR('',#9804,1.);
#9804 = DIRECTION('',(0.,0.,1.));
#9805 = ORIENTED_EDGE('',*,*,#9806,.F.);
#9806 = EDGE_CURVE('',#9783,#9799,#9807,.T.);
#9807 = LINE('',#9808,#9809);
#9808 = CARTESIAN_POINT('',(213.54624791833,-200.8183258569,252.));
#9809 = VECTOR('',#9810,1.);
#9810 = DIRECTION('',(-0.707106781187,-0.707106781187,0.));
#9811 = PLANE('',#9812);
#9812 = AXIS2_PLACEMENT_3D('',#9813,#9814,#9815);
#9813 = CARTESIAN_POINT('',(213.54624791833,-200.8183258569,238.));
#9814 = DIRECTION('',(-0.707106781187,0.707106781187,0.));
#9815 = DIRECTION('',(0.,0.,1.));
#9816 = ADVANCED_FACE('',(#9817,#9874,#9885),#9896,.F.);
#9817 = FACE_BOUND('',#9818,.F.);
#9818 = EDGE_LOOP('',(#9819,#9827,#9828,#9836,#9844,#9852,#9860,#9868));
#9819 = ORIENTED_EDGE('',*,*,#9820,.F.);
#9820 = EDGE_CURVE('',#9781,#9821,#9823,.T.);
#9821 = VERTEX_POINT('',#9822);
#9822 = CARTESIAN_POINT('',(12.727922061358,-5.551115123126E-16,238.));
#9823 = LINE('',#9824,#9825);
#9824 = CARTESIAN_POINT('',(213.54624791833,-200.8183258569,238.));
#9825 = VECTOR('',#9826,1.);
#9826 = DIRECTION('',(-0.707106781187,0.707106781187,0.));
#9827 = ORIENTED_EDGE('',*,*,#9780,.T.);
#9828 = ORIENTED_EDGE('',*,*,#9829,.T.);
#9829 = EDGE_CURVE('',#9783,#9830,#9832,.T.);
#9830 = VERTEX_POINT('',#9831);
#9831 = CARTESIAN_POINT('',(-200.8183258569,213.54624791833,252.));
#9832 = LINE('',#9833,#9834);
#9833 = CARTESIAN_POINT('',(213.54624791833,-200.8183258569,252.));
#9834 = VECTOR('',#9835,1.);
#9835 = DIRECTION('',(-0.707106781187,0.707106781187,0.));
#9836 = ORIENTED_EDGE('',*,*,#9837,.F.);
#9837 = EDGE_CURVE('',#9838,#9830,#9840,.T.);
#9838 = VERTEX_POINT('',#9839);
#9839 = CARTESIAN_POINT('',(-200.8183258569,213.54624791833,238.));
#9840 = LINE('',#9841,#9842);
#9841 = CARTESIAN_POINT('',(-200.8183258569,213.54624791833,238.));
#9842 = VECTOR('',#9843,1.);
#9843 = DIRECTION('',(0.,0.,1.));
#9844 = ORIENTED_EDGE('',*,*,#9845,.F.);
#9845 = EDGE_CURVE('',#9846,#9838,#9848,.T.);
#9846 = VERTEX_POINT('',#9847);
#9847 = CARTESIAN_POINT('',(1.33226762955E-15,12.727922061358,238.));
#9848 = LINE('',#9849,#9850);
#9849 = CARTESIAN_POINT('',(213.54624791833,-200.8183258569,238.));
#9850 = VECTOR('',#9851,1.);
#9851 = DIRECTION('',(-0.707106781187,0.707106781187,0.));
#9852 = ORIENTED_EDGE('',*,*,#9853,.F.);
#9853 = EDGE_CURVE('',#9854,#9846,#9856,.T.);
#9854 = VERTEX_POINT('',#9855);
#9855 = CARTESIAN_POINT('',(1.33226762955E-15,12.727922061358,245.));
#9856 = LINE('',#9857,#9858);
#9857 = CARTESIAN_POINT('',(1.33226762955E-15,12.727922061358,238.));
#9858 = VECTOR('',#9859,1.);
#9859 = DIRECTION('',(0.,-0.,-1.));
#9860 = ORIENTED_EDGE('',*,*,#9861,.F.);
#9861 = EDGE_CURVE('',#9862,#9854,#9864,.T.);
#9862 = VERTEX_POINT('',#9863);
#9863 = CARTESIAN_POINT('',(12.727922061358,-5.551115123126E-16,245.));
#9864 = LINE('',#9865,#9866);
#9865 = CARTESIAN_POINT('',(113.13708498984,-100.4091629284,245.));
#9866 = VECTOR('',#9867,1.);
#9867 = DIRECTION('',(-0.707106781187,0.707106781187,0.));
#9868 = ORIENTED_EDGE('',*,*,#9869,.T.);
#9869 = EDGE_CURVE('',#9862,#9821,#9870,.T.);
#9870 = LINE('',#9871,#9872);
#9871 = CARTESIAN_POINT('',(12.727922061358,-5.551115123126E-16,238.));
#9872 = VECTOR('',#9873,1.);
#9873 = DIRECTION('',(0.,-0.,-1.));
#9874 = FACE_BOUND('',#9875,.F.);
#9875 = EDGE_LOOP('',(#9876));
#9876 = ORIENTED_EDGE('',*,*,#9877,.F.);
#9877 = EDGE_CURVE('',#9878,#9878,#9880,.T.);
#9878 = VERTEX_POINT('',#9879);
#9879 = CARTESIAN_POINT('',(200.81832585697,-188.0904037956,248.));
#9880 = CIRCLE('',#9881,3.);
#9881 = AXIS2_PLACEMENT_3D('',#9882,#9883,#9884);
#9882 = CARTESIAN_POINT('',(200.81832585697,-188.0904037956,245.));
#9883 = DIRECTION('',(-0.707106781187,-0.707106781187,0.));
#9884 = DIRECTION('',(0.,0.,1.));
#9885 = FACE_BOUND('',#9886,.F.);
#9886 = EDGE_LOOP('',(#9887));
#9887 = ORIENTED_EDGE('',*,*,#9888,.F.);
#9888 = EDGE_CURVE('',#9889,#9889,#9891,.T.);
#9889 = VERTEX_POINT('',#9890);
#9890 = CARTESIAN_POINT('',(-188.0904037956,200.81832585697,248.));
#9891 = CIRCLE('',#9892,3.);
#9892 = AXIS2_PLACEMENT_3D('',#9893,#9894,#9895);
#9893 = CARTESIAN_POINT('',(-188.0904037956,200.81832585697,245.));
#9894 = DIRECTION('',(-0.707106781187,-0.707106781187,0.));
#9895 = DIRECTION('',(0.,0.,1.));
#9896 = PLANE('',#9897);
#9897 = AXIS2_PLACEMENT_3D('',#9898,#9899,#9900);
#9898 = CARTESIAN_POINT('',(213.54624791833,-200.8183258569,238.));
#9899 = DIRECTION('',(-0.707106781187,-0.707106781187,0.));
#9900 = DIRECTION('',(0.,0.,1.));
#9901 = ADVANCED_FACE('',(#9902),#9920,.T.);
#9902 = FACE_BOUND('',#9903,.T.);
#9903 = EDGE_LOOP('',(#9904,#9905,#9906,#9914));
#9904 = ORIENTED_EDGE('',*,*,#9806,.F.);
#9905 = ORIENTED_EDGE('',*,*,#9829,.T.);
#9906 = ORIENTED_EDGE('',*,*,#9907,.T.);
#9907 = EDGE_CURVE('',#9830,#9908,#9910,.T.);
#9908 = VERTEX_POINT('',#9909);
#9909 = CARTESIAN_POINT('',(-213.5462479183,200.81832585697,252.));
#9910 = LINE('',#9911,#9912);
#9911 = CARTESIAN_POINT('',(-200.8183258569,213.54624791833,252.));
#9912 = VECTOR('',#9913,1.);
#9913 = DIRECTION('',(-0.707106781187,-0.707106781187,0.));
#9914 = ORIENTED_EDGE('',*,*,#9915,.F.);
#9915 = EDGE_CURVE('',#9799,#9908,#9916,.T.);
#9916 = LINE('',#9917,#9918);
#9917 = CARTESIAN_POINT('',(200.81832585697,-213.5462479183,252.));
#9918 = VECTOR('',#9919,1.);
#9919 = DIRECTION('',(-0.707106781187,0.707106781187,0.));
#9920 = PLANE('',#9921);
#9921 = AXIS2_PLACEMENT_3D('',#9922,#9923,#9924);
#9922 = CARTESIAN_POINT('',(213.54624791833,-200.8183258569,252.));
#9923 = DIRECTION('',(0.,0.,1.));
#9924 = DIRECTION('',(-0.707106781187,0.707106781187,0.));
#9925 = ADVANCED_FACE('',(#9926,#9976,#9987),#9998,.T.);
#9926 = FACE_BOUND('',#9927,.T.);
#9927 = EDGE_LOOP('',(#9928,#9936,#9937,#9938,#9946,#9954,#9962,#9970));
#9928 = ORIENTED_EDGE('',*,*,#9929,.F.);
#9929 = EDGE_CURVE('',#9791,#9930,#9932,.T.);
#9930 = VERTEX_POINT('',#9931);
#9931 = CARTESIAN_POINT('',(-1.33226762955E-15,-12.72792206135,238.));
#9932 = LINE('',#9933,#9934);
#9933 = CARTESIAN_POINT('',(200.81832585697,-213.5462479183,238.));
#9934 = VECTOR('',#9935,1.);
#9935 = DIRECTION('',(-0.707106781187,0.707106781187,0.));
#9936 = ORIENTED_EDGE('',*,*,#9798,.T.);
#9937 = ORIENTED_EDGE('',*,*,#9915,.T.);
#9938 = ORIENTED_EDGE('',*,*,#9939,.F.);
#9939 = EDGE_CURVE('',#9940,#9908,#9942,.T.);
#9940 = VERTEX_POINT('',#9941);
#9941 = CARTESIAN_POINT('',(-213.5462479183,200.81832585697,238.));
#9942 = LINE('',#9943,#9944);
#9943 = CARTESIAN_POINT('',(-213.5462479183,200.81832585697,238.));
#9944 = VECTOR('',#9945,1.);
#9945 = DIRECTION('',(0.,0.,1.));
#9946 = ORIENTED_EDGE('',*,*,#9947,.F.);
#9947 = EDGE_CURVE('',#9948,#9940,#9950,.T.);
#9948 = VERTEX_POINT('',#9949);
#9949 = CARTESIAN_POINT('',(-12.72792206135,5.551115123126E-16,238.));
#9950 = LINE('',#9951,#9952);
#9951 = CARTESIAN_POINT('',(200.81832585697,-213.5462479183,238.));
#9952 = VECTOR('',#9953,1.);
#9953 = DIRECTION('',(-0.707106781187,0.707106781187,0.));
#9954 = ORIENTED_EDGE('',*,*,#9955,.F.);
#9955 = EDGE_CURVE('',#9956,#9948,#9958,.T.);
#9956 = VERTEX_POINT('',#9957);
#9957 = CARTESIAN_POINT('',(-12.72792206135,5.551115123126E-16,245.));
#9958 = LINE('',#9959,#9960);
#9959 = CARTESIAN_POINT('',(-12.72792206135,5.551115123126E-16,238.));
#9960 = VECTOR('',#9961,1.);
#9961 = DIRECTION('',(0.,-0.,-1.));
#9962 = ORIENTED_EDGE('',*,*,#9963,.F.);
#9963 = EDGE_CURVE('',#9964,#9956,#9966,.T.);
#9964 = VERTEX_POINT('',#9965);
#9965 = CARTESIAN_POINT('',(-1.33226762955E-15,-12.72792206135,245.));
#9966 = LINE('',#9967,#9968);
#9967 = CARTESIAN_POINT('',(100.40916292849,-113.1370849898,245.));
#9968 = VECTOR('',#9969,1.);
#9969 = DIRECTION('',(-0.707106781187,0.707106781187,0.));
#9970 = ORIENTED_EDGE('',*,*,#9971,.T.);
#9971 = EDGE_CURVE('',#9964,#9930,#9972,.T.);
#9972 = LINE('',#9973,#9974);
#9973 = CARTESIAN_POINT('',(-1.33226762955E-15,-12.72792206135,238.));
#9974 = VECTOR('',#9975,1.);
#9975 = DIRECTION('',(0.,-0.,-1.));
#9976 = FACE_BOUND('',#9977,.T.);
#9977 = EDGE_LOOP('',(#9978));
#9978 = ORIENTED_EDGE('',*,*,#9979,.F.);
#9979 = EDGE_CURVE('',#9980,#9980,#9982,.T.);
#9980 = VERTEX_POINT('',#9981);
#9981 = CARTESIAN_POINT('',(188.09040379562,-200.8183258569,248.));
#9982 = CIRCLE('',#9983,3.);
#9983 = AXIS2_PLACEMENT_3D('',#9984,#9985,#9986);
#9984 = CARTESIAN_POINT('',(188.09040379562,-200.8183258569,245.));
#9985 = DIRECTION('',(-0.707106781187,-0.707106781187,0.));
#9986 = DIRECTION('',(0.,0.,1.));
#9987 = FACE_BOUND('',#9988,.T.);
#9988 = EDGE_LOOP('',(#9989));
#9989 = ORIENTED_EDGE('',*,*,#9990,.F.);
#9990 = EDGE_CURVE('',#9991,#9991,#9993,.T.);
#9991 = VERTEX_POINT('',#9992);
#9992 = CARTESIAN_POINT('',(-200.8183258569,188.09040379562,248.));
#9993 = CIRCLE('',#9994,3.);
#9994 = AXIS2_PLACEMENT_3D('',#9995,#9996,#9997);
#9995 = CARTESIAN_POINT('',(-200.8183258569,188.09040379562,245.));
#9996 = DIRECTION('',(-0.707106781187,-0.707106781187,0.));
#9997 = DIRECTION('',(0.,0.,1.));
#9998 = PLANE('',#9999);
#9999 = AXIS2_PLACEMENT_3D('',#10000,#10001,#10002);
#10000 = CARTESIAN_POINT('',(200.81832585697,-213.5462479183,238.));
#10001 = DIRECTION('',(-0.707106781187,-0.707106781187,0.));
#10002 = DIRECTION('',(0.,0.,1.));
#10003 = ADVANCED_FACE('',(#10004),#10015,.F.);
#10004 = FACE_BOUND('',#10005,.F.);
#10005 = EDGE_LOOP('',(#10006,#10007,#10008,#10009));
#10006 = ORIENTED_EDGE('',*,*,#9929,.F.);
#10007 = ORIENTED_EDGE('',*,*,#9790,.F.);
#10008 = ORIENTED_EDGE('',*,*,#9820,.T.);
#10009 = ORIENTED_EDGE('',*,*,#10010,.T.);
#10010 = EDGE_CURVE('',#9821,#9930,#10011,.T.);
#10011 = LINE('',#10012,#10013);
#10012 = CARTESIAN_POINT('',(13.435028842544,0.707106781187,238.));
#10013 = VECTOR('',#10014,1.);
#10014 = DIRECTION('',(-0.707106781187,-0.707106781187,0.));
#10015 = PLANE('',#10016);
#10016 = AXIS2_PLACEMENT_3D('',#10017,#10018,#10019);
#10017 = CARTESIAN_POINT('',(213.54624791833,-200.8183258569,238.));
#10018 = DIRECTION('',(0.,0.,1.));
#10019 = DIRECTION('',(-0.707106781187,0.707106781187,0.));
#10020 = ADVANCED_FACE('',(#10021),#10032,.T.);
#10021 = FACE_BOUND('',#10022,.T.);
#10022 = EDGE_LOOP('',(#10023,#10029,#10030,#10031));
#10023 = ORIENTED_EDGE('',*,*,#10024,.F.);
#10024 = EDGE_CURVE('',#9862,#9964,#10025,.T.);
#10025 = LINE('',#10026,#10027);
#10026 = CARTESIAN_POINT('',(13.435028842544,0.707106781187,245.));
#10027 = VECTOR('',#10028,1.);
#10028 = DIRECTION('',(-0.707106781187,-0.707106781187,0.));
#10029 = ORIENTED_EDGE('',*,*,#9869,.T.);
#10030 = ORIENTED_EDGE('',*,*,#10010,.T.);
#10031 = ORIENTED_EDGE('',*,*,#9971,.F.);
#10032 = PLANE('',#10033);
#10033 = AXIS2_PLACEMENT_3D('',#10034,#10035,#10036);
#10034 = CARTESIAN_POINT('',(13.435028842544,0.707106781187,238.));
#10035 = DIRECTION('',(-0.707106781187,0.707106781187,0.));
#10036 = DIRECTION('',(0.,0.,1.));
#10037 = ADVANCED_FACE('',(#10038),#10049,.F.);
#10038 = FACE_BOUND('',#10039,.F.);
#10039 = EDGE_LOOP('',(#10040,#10041,#10042,#10048));
#10040 = ORIENTED_EDGE('',*,*,#10024,.F.);
#10041 = ORIENTED_EDGE('',*,*,#9861,.T.);
#10042 = ORIENTED_EDGE('',*,*,#10043,.T.);
#10043 = EDGE_CURVE('',#9854,#9956,#10044,.T.);
#10044 = LINE('',#10045,#10046);
#10045 = CARTESIAN_POINT('',(0.707106781187,13.435028842544,245.));
#10046 = VECTOR('',#10047,1.);
#10047 = DIRECTION('',(-0.707106781187,-0.707106781187,0.));
#10048 = ORIENTED_EDGE('',*,*,#9963,.F.);
#10049 = PLANE('',#10050);
#10050 = AXIS2_PLACEMENT_3D('',#10051,#10052,#10053);
#10051 = CARTESIAN_POINT('',(13.435028842544,0.707106781187,245.));
#10052 = DIRECTION('',(0.,0.,1.));
#10053 = DIRECTION('',(-0.707106781187,0.707106781187,0.));
#10054 = ADVANCED_FACE('',(#10055),#10066,.T.);
#10055 = FACE_BOUND('',#10056,.T.);
#10056 = EDGE_LOOP('',(#10057,#10058,#10064,#10065));
#10057 = ORIENTED_EDGE('',*,*,#9837,.F.);
#10058 = ORIENTED_EDGE('',*,*,#10059,.T.);
#10059 = EDGE_CURVE('',#9838,#9940,#10060,.T.);
#10060 = LINE('',#10061,#10062);
#10061 = CARTESIAN_POINT('',(-200.8183258569,213.54624791833,238.));
#10062 = VECTOR('',#10063,1.);
#10063 = DIRECTION('',(-0.707106781187,-0.707106781187,0.));
#10064 = ORIENTED_EDGE('',*,*,#9939,.T.);
#10065 = ORIENTED_EDGE('',*,*,#9907,.F.);
#10066 = PLANE('',#10067);
#10067 = AXIS2_PLACEMENT_3D('',#10068,#10069,#10070);
#10068 = CARTESIAN_POINT('',(-200.8183258569,213.54624791833,238.));
#10069 = DIRECTION('',(-0.707106781187,0.707106781187,0.));
#10070 = DIRECTION('',(0.,0.,1.));
#10071 = ADVANCED_FACE('',(#10072),#10083,.F.);
#10072 = FACE_BOUND('',#10073,.F.);
#10073 = EDGE_LOOP('',(#10074,#10075,#10076,#10082));
#10074 = ORIENTED_EDGE('',*,*,#10043,.F.);
#10075 = ORIENTED_EDGE('',*,*,#9853,.T.);
#10076 = ORIENTED_EDGE('',*,*,#10077,.T.);
#10077 = EDGE_CURVE('',#9846,#9948,#10078,.T.);
#10078 = LINE('',#10079,#10080);
#10079 = CARTESIAN_POINT('',(0.707106781187,13.435028842544,238.));
#10080 = VECTOR('',#10081,1.);
#10081 = DIRECTION('',(-0.707106781187,-0.707106781187,0.));
#10082 = ORIENTED_EDGE('',*,*,#9955,.F.);
#10083 = PLANE('',#10084);
#10084 = AXIS2_PLACEMENT_3D('',#10085,#10086,#10087);
#10085 = CARTESIAN_POINT('',(0.707106781187,13.435028842544,238.));
#10086 = DIRECTION('',(-0.707106781187,0.707106781187,0.));
#10087 = DIRECTION('',(0.,0.,1.));
#10088 = ADVANCED_FACE('',(#10089),#10095,.F.);
#10089 = FACE_BOUND('',#10090,.F.);
#10090 = EDGE_LOOP('',(#10091,#10092,#10093,#10094));
#10091 = ORIENTED_EDGE('',*,*,#9947,.F.);
#10092 = ORIENTED_EDGE('',*,*,#10077,.F.);
#10093 = ORIENTED_EDGE('',*,*,#9845,.T.);
#10094 = ORIENTED_EDGE('',*,*,#10059,.T.);
#10095 = PLANE('',#10096);
#10096 = AXIS2_PLACEMENT_3D('',#10097,#10098,#10099);
#10097 = CARTESIAN_POINT('',(213.54624791833,-200.8183258569,238.));
#10098 = DIRECTION('',(0.,0.,1.));
#10099 = DIRECTION('',(-0.707106781187,0.707106781187,0.));
#10100 = ADVANCED_FACE('',(#10101),#10112,.F.);
#10101 = FACE_BOUND('',#10102,.F.);
#10102 = EDGE_LOOP('',(#10103,#10104,#10110,#10111));
#10103 = ORIENTED_EDGE('',*,*,#9979,.F.);
#10104 = ORIENTED_EDGE('',*,*,#10105,.F.);
#10105 = EDGE_CURVE('',#9878,#9980,#10106,.T.);
#10106 = LINE('',#10107,#10108);
#10107 = CARTESIAN_POINT('',(200.81832585697,-188.0904037956,248.));
#10108 = VECTOR('',#10109,1.);
#10109 = DIRECTION('',(-0.707106781187,-0.707106781187,0.));
#10110 = ORIENTED_EDGE('',*,*,#9877,.T.);
#10111 = ORIENTED_EDGE('',*,*,#10105,.T.);
#10112 = CYLINDRICAL_SURFACE('',#10113,3.);
#10113 = AXIS2_PLACEMENT_3D('',#10114,#10115,#10116);
#10114 = CARTESIAN_POINT('',(200.81832585697,-188.0904037956,245.));
#10115 = DIRECTION('',(-0.707106781187,-0.707106781187,0.));
#10116 = DIRECTION('',(0.,0.,1.));
#10117 = ADVANCED_FACE('',(#10118),#10129,.F.);
#10118 = FACE_BOUND('',#10119,.F.);
#10119 = EDGE_LOOP('',(#10120,#10121,#10127,#10128));
#10120 = ORIENTED_EDGE('',*,*,#9990,.F.);
#10121 = ORIENTED_EDGE('',*,*,#10122,.F.);
#10122 = EDGE_CURVE('',#9889,#9991,#10123,.T.);
#10123 = LINE('',#10124,#10125);
#10124 = CARTESIAN_POINT('',(-188.0904037956,200.81832585697,248.));
#10125 = VECTOR('',#10126,1.);
#10126 = DIRECTION('',(-0.707106781187,-0.707106781187,0.));
#10127 = ORIENTED_EDGE('',*,*,#9888,.T.);
#10128 = ORIENTED_EDGE('',*,*,#10122,.T.);
#10129 = CYLINDRICAL_SURFACE('',#10130,3.);
#10130 = AXIS2_PLACEMENT_3D('',#10131,#10132,#10133);
#10131 = CARTESIAN_POINT('',(-188.0904037956,200.81832585697,245.));
#10132 = DIRECTION('',(-0.707106781187,-0.707106781187,0.));
#10133 = DIRECTION('',(0.,0.,1.));
#10134 = ( GEOMETRIC_REPRESENTATION_CONTEXT(3) 
GLOBAL_UNCERTAINTY_ASSIGNED_CONTEXT((#10138)) 
GLOBAL_UNIT_ASSIGNED_CONTEXT((#10135,#10136,#10137)) 
REPRESENTATION_CONTEXT('Context #1',
  '3D Context with UNIT and UNCERTAINTY') );
#10135 = ( LENGTH_UNIT() NAMED_UNIT(*) SI_UNIT(.MILLI.,.METRE.) );
#10136 = ( NAMED_UNIT(*) PLANE_ANGLE_UNIT() SI_UNIT($,.RADIAN.) );
#10137 = ( NAMED_UNIT(*) SI_UNIT($,.STERADIAN.) SOLID_ANGLE_UNIT() );
#10138 = UNCERTAINTY_MEASURE_WITH_UNIT(LENGTH_MEASURE(1.E-07),#10135,
  'distance_accuracy_value','confusion accuracy');
#10139 = CONTEXT_DEPENDENT_SHAPE_REPRESENTATION(#10140,#10142);
#10140 = ( REPRESENTATION_RELATIONSHIP('','',#9773,#10) 
REPRESENTATION_RELATIONSHIP_WITH_TRANSFORMATION(#10141) 
SHAPE_REPRESENTATION_RELATIONSHIP() );
#10141 = ITEM_DEFINED_TRANSFORMATION('','',#11,#163);
#10142 = PRODUCT_DEFINITION_SHAPE('Placement','Placement of an item',
  #10143);
#10143 = NEXT_ASSEMBLY_USAGE_OCCURRENCE('38','P38 X level 2 beam 2','',
  #5,#9768,$);
#10144 = PRODUCT_RELATED_PRODUCT_CATEGORY('part',$,(#9770));
#10145 = SHAPE_DEFINITION_REPRESENTATION(#10146,#10152);
#10146 = PRODUCT_DEFINITION_SHAPE('','',#10147);
#10147 = PRODUCT_DEFINITION('design','',#10148,#10151);
#10148 = PRODUCT_DEFINITION_FORMATION('','',#10149);
#10149 = PRODUCT('P39 X level 3 beam 1','P39 X level 3 beam 1','',(
    #10150));
#10150 = PRODUCT_CONTEXT('',#2,'mechanical');
#10151 = PRODUCT_DEFINITION_CONTEXT('part definition',#2,'design');
#10152 = ADVANCED_BREP_SHAPE_REPRESENTATION('',(#11,#10153),#10513);
#10153 = MANIFOLD_SOLID_BREP('',#10154);
#10154 = CLOSED_SHELL('',(#10155,#10195,#10280,#10304,#10382,#10399,
    #10416,#10433,#10450,#10467,#10479,#10496));
#10155 = ADVANCED_FACE('',(#10156),#10190,.F.);
#10156 = FACE_BOUND('',#10157,.F.);
#10157 = EDGE_LOOP('',(#10158,#10168,#10176,#10184));
#10158 = ORIENTED_EDGE('',*,*,#10159,.F.);
#10159 = EDGE_CURVE('',#10160,#10162,#10164,.T.);
#10160 = VERTEX_POINT('',#10161);
#10161 = CARTESIAN_POINT('',(-200.8183258569,-213.5462479183,210.));
#10162 = VERTEX_POINT('',#10163);
#10163 = CARTESIAN_POINT('',(-200.8183258569,-213.5462479183,224.));
#10164 = LINE('',#10165,#10166);
#10165 = CARTESIAN_POINT('',(-200.8183258569,-213.5462479183,210.));
#10166 = VECTOR('',#10167,1.);
#10167 = DIRECTION('',(0.,0.,1.));
#10168 = ORIENTED_EDGE('',*,*,#10169,.T.);
#10169 = EDGE_CURVE('',#10160,#10170,#10172,.T.);
#10170 = VERTEX_POINT('',#10171);
#10171 = CARTESIAN_POINT('',(-213.5462479183,-200.8183258569,210.));
#10172 = LINE('',#10173,#10174);
#10173 = CARTESIAN_POINT('',(-200.8183258569,-213.5462479183,210.));
#10174 = VECTOR('',#10175,1.);
#10175 = DIRECTION('',(-0.707106781187,0.707106781187,0.));
#10176 = ORIENTED_EDGE('',*,*,#10177,.T.);
#10177 = EDGE_CURVE('',#10170,#10178,#10180,.T.);
#10178 = VERTEX_POINT('',#10179);
#10179 = CARTESIAN_POINT('',(-213.5462479183,-200.8183258569,224.));
#10180 = LINE('',#10181,#10182);
#10181 = CARTESIAN_POINT('',(-213.5462479183,-200.8183258569,210.));
#10182 = VECTOR('',#10183,1.);
#10183 = DIRECTION('',(0.,0.,1.));
#10184 = ORIENTED_EDGE('',*,*,#10185,.F.);
#10185 = EDGE_CURVE('',#10162,#10178,#10186,.T.);
#10186 = LINE('',#10187,#10188);
#10187 = CARTESIAN_POINT('',(-200.8183258569,-213.5462479183,224.));
#10188 = VECTOR('',#10189,1.);
#10189 = DIRECTION('',(-0.707106781187,0.707106781187,0.));
#10190 = PLANE('',#10191);
#10191 = AXIS2_PLACEMENT_3D('',#10192,#10193,#10194);
#10192 = CARTESIAN_POINT('',(-200.8183258569,-213.5462479183,210.));
#10193 = DIRECTION('',(0.707106781187,0.707106781187,0.));
#10194 = DIRECTION('',(0.,0.,1.));
#10195 = ADVANCED_FACE('',(#10196,#10253,#10264),#10275,.F.);
#10196 = FACE_BOUND('',#10197,.F.);
#10197 = EDGE_LOOP('',(#10198,#10208,#10214,#10215,#10223,#10231,#10239,
    #10247));
#10198 = ORIENTED_EDGE('',*,*,#10199,.F.);
#10199 = EDGE_CURVE('',#10200,#10202,#10204,.T.);
#10200 = VERTEX_POINT('',#10201);
#10201 = CARTESIAN_POINT('',(213.54624791833,200.81832585697,210.));
#10202 = VERTEX_POINT('',#10203);
#10203 = CARTESIAN_POINT('',(213.54624791833,200.81832585697,224.));
#10204 = LINE('',#10205,#10206);
#10205 = CARTESIAN_POINT('',(213.54624791833,200.81832585697,210.));
#10206 = VECTOR('',#10207,1.);
#10207 = DIRECTION('',(0.,0.,1.));
#10208 = ORIENTED_EDGE('',*,*,#10209,.F.);
#10209 = EDGE_CURVE('',#10160,#10200,#10210,.T.);
#10210 = LINE('',#10211,#10212);
#10211 = CARTESIAN_POINT('',(-200.8183258569,-213.5462479183,210.));
#10212 = VECTOR('',#10213,1.);
#10213 = DIRECTION('',(0.707106781187,0.707106781187,0.));
#10214 = ORIENTED_EDGE('',*,*,#10159,.T.);
#10215 = ORIENTED_EDGE('',*,*,#10216,.T.);
#10216 = EDGE_CURVE('',#10162,#10217,#10219,.T.);
#10217 = VERTEX_POINT('',#10218);
#10218 = CARTESIAN_POINT('',(-5.551115123126E-16,-12.72792206135,224.));
#10219 = LINE('',#10220,#10221);
#10220 = CARTESIAN_POINT('',(-200.8183258569,-213.5462479183,224.));
#10221 = VECTOR('',#10222,1.);
#10222 = DIRECTION('',(0.707106781187,0.707106781187,0.));
#10223 = ORIENTED_EDGE('',*,*,#10224,.T.);
#10224 = EDGE_CURVE('',#10217,#10225,#10227,.T.);
#10225 = VERTEX_POINT('',#10226);
#10226 = CARTESIAN_POINT('',(-5.551115123126E-16,-12.72792206135,217.));
#10227 = LINE('',#10228,#10229);
#10228 = CARTESIAN_POINT('',(-5.551115123126E-16,-12.72792206135,213.5)
  );
#10229 = VECTOR('',#10230,1.);
#10230 = DIRECTION('',(-0.,0.,-1.));
#10231 = ORIENTED_EDGE('',*,*,#10232,.T.);
#10232 = EDGE_CURVE('',#10225,#10233,#10235,.T.);
#10233 = VERTEX_POINT('',#10234);
#10234 = CARTESIAN_POINT('',(12.727922061358,-1.33226762955E-15,217.));
#10235 = LINE('',#10236,#10237);
#10236 = CARTESIAN_POINT('',(-100.4091629284,-113.1370849898,217.));
#10237 = VECTOR('',#10238,1.);
#10238 = DIRECTION('',(0.707106781187,0.707106781187,0.));
#10239 = ORIENTED_EDGE('',*,*,#10240,.F.);
#10240 = EDGE_CURVE('',#10241,#10233,#10243,.T.);
#10241 = VERTEX_POINT('',#10242);
#10242 = CARTESIAN_POINT('',(12.727922061358,-1.33226762955E-15,224.));
#10243 = LINE('',#10244,#10245);
#10244 = CARTESIAN_POINT('',(12.727922061358,-1.33226762955E-15,213.5));
#10245 = VECTOR('',#10246,1.);
#10246 = DIRECTION('',(-0.,0.,-1.));
#10247 = ORIENTED_EDGE('',*,*,#10248,.T.);
#10248 = EDGE_CURVE('',#10241,#10202,#10249,.T.);
#10249 = LINE('',#10250,#10251);
#10250 = CARTESIAN_POINT('',(-200.8183258569,-213.5462479183,224.));
#10251 = VECTOR('',#10252,1.);
#10252 = DIRECTION('',(0.707106781187,0.707106781187,0.));
#10253 = FACE_BOUND('',#10254,.F.);
#10254 = EDGE_LOOP('',(#10255));
#10255 = ORIENTED_EDGE('',*,*,#10256,.F.);
#10256 = EDGE_CURVE('',#10257,#10257,#10259,.T.);
#10257 = VERTEX_POINT('',#10258);
#10258 = CARTESIAN_POINT('',(-188.0904037956,-200.8183258569,220.));
#10259 = CIRCLE('',#10260,3.);
#10260 = AXIS2_PLACEMENT_3D('',#10261,#10262,#10263);
#10261 = CARTESIAN_POINT('',(-188.0904037956,-200.8183258569,217.));
#10262 = DIRECTION('',(-0.707106781187,0.707106781187,0.));
#10263 = DIRECTION('',(0.,0.,1.));
#10264 = FACE_BOUND('',#10265,.F.);
#10265 = EDGE_LOOP('',(#10266));
#10266 = ORIENTED_EDGE('',*,*,#10267,.F.);
#10267 = EDGE_CURVE('',#10268,#10268,#10270,.T.);
#10268 = VERTEX_POINT('',#10269);
#10269 = CARTESIAN_POINT('',(200.81832585697,188.09040379562,220.));
#10270 = CIRCLE('',#10271,3.);
#10271 = AXIS2_PLACEMENT_3D('',#10272,#10273,#10274);
#10272 = CARTESIAN_POINT('',(200.81832585697,188.09040379562,217.));
#10273 = DIRECTION('',(-0.707106781187,0.707106781187,0.));
#10274 = DIRECTION('',(0.,0.,1.));
#10275 = PLANE('',#10276);
#10276 = AXIS2_PLACEMENT_3D('',#10277,#10278,#10279);
#10277 = CARTESIAN_POINT('',(-200.8183258569,-213.5462479183,210.));
#10278 = DIRECTION('',(-0.707106781187,0.707106781187,0.));
#10279 = DIRECTION('',(0.,0.,1.));
#10280 = ADVANCED_FACE('',(#10281),#10299,.T.);
#10281 = FACE_BOUND('',#10282,.T.);
#10282 = EDGE_LOOP('',(#10283,#10291,#10292,#10293));
#10283 = ORIENTED_EDGE('',*,*,#10284,.F.);
#10284 = EDGE_CURVE('',#10178,#10285,#10287,.T.);
#10285 = VERTEX_POINT('',#10286);
#10286 = CARTESIAN_POINT('',(-12.72792206135,1.33226762955E-15,224.));
#10287 = LINE('',#10288,#10289);
#10288 = CARTESIAN_POINT('',(-213.5462479183,-200.8183258569,224.));
#10289 = VECTOR('',#10290,1.);
#10290 = DIRECTION('',(0.707106781187,0.707106781187,0.));
#10291 = ORIENTED_EDGE('',*,*,#10185,.F.);
#10292 = ORIENTED_EDGE('',*,*,#10216,.T.);
#10293 = ORIENTED_EDGE('',*,*,#10294,.T.);
#10294 = EDGE_CURVE('',#10217,#10285,#10295,.T.);
#10295 = LINE('',#10296,#10297);
#10296 = CARTESIAN_POINT('',(0.707106781187,-13.43502884254,224.));
#10297 = VECTOR('',#10298,1.);
#10298 = DIRECTION('',(-0.707106781187,0.707106781187,0.));
#10299 = PLANE('',#10300);
#10300 = AXIS2_PLACEMENT_3D('',#10301,#10302,#10303);
#10301 = CARTESIAN_POINT('',(-200.8183258569,-213.5462479183,224.));
#10302 = DIRECTION('',(0.,0.,1.));
#10303 = DIRECTION('',(0.707106781187,0.707106781187,0.));
#10304 = ADVANCED_FACE('',(#10305,#10355,#10366),#10377,.T.);
#10305 = FACE_BOUND('',#10306,.T.);
#10306 = EDGE_LOOP('',(#10307,#10317,#10323,#10324,#10325,#10333,#10341,
    #10349));
#10307 = ORIENTED_EDGE('',*,*,#10308,.F.);
#10308 = EDGE_CURVE('',#10309,#10311,#10313,.T.);
#10309 = VERTEX_POINT('',#10310);
#10310 = CARTESIAN_POINT('',(200.81832585697,213.54624791833,210.));
#10311 = VERTEX_POINT('',#10312);
#10312 = CARTESIAN_POINT('',(200.81832585697,213.54624791833,224.));
#10313 = LINE('',#10314,#10315);
#10314 = CARTESIAN_POINT('',(200.81832585697,213.54624791833,210.));
#10315 = VECTOR('',#10316,1.);
#10316 = DIRECTION('',(0.,0.,1.));
#10317 = ORIENTED_EDGE('',*,*,#10318,.F.);
#10318 = EDGE_CURVE('',#10170,#10309,#10319,.T.);
#10319 = LINE('',#10320,#10321);
#10320 = CARTESIAN_POINT('',(-213.5462479183,-200.8183258569,210.));
#10321 = VECTOR('',#10322,1.);
#10322 = DIRECTION('',(0.707106781187,0.707106781187,0.));
#10323 = ORIENTED_EDGE('',*,*,#10177,.T.);
#10324 = ORIENTED_EDGE('',*,*,#10284,.T.);
#10325 = ORIENTED_EDGE('',*,*,#10326,.T.);
#10326 = EDGE_CURVE('',#10285,#10327,#10329,.T.);
#10327 = VERTEX_POINT('',#10328);
#10328 = CARTESIAN_POINT('',(-12.72792206135,1.33226762955E-15,217.));
#10329 = LINE('',#10330,#10331);
#10330 = CARTESIAN_POINT('',(-12.72792206135,1.33226762955E-15,213.5));
#10331 = VECTOR('',#10332,1.);
#10332 = DIRECTION('',(-0.,0.,-1.));
#10333 = ORIENTED_EDGE('',*,*,#10334,.T.);
#10334 = EDGE_CURVE('',#10327,#10335,#10337,.T.);
#10335 = VERTEX_POINT('',#10336);
#10336 = CARTESIAN_POINT('',(5.551115123126E-16,12.727922061358,217.));
#10337 = LINE('',#10338,#10339);
#10338 = CARTESIAN_POINT('',(-113.1370849898,-100.4091629284,217.));
#10339 = VECTOR('',#10340,1.);
#10340 = DIRECTION('',(0.707106781187,0.707106781187,0.));
#10341 = ORIENTED_EDGE('',*,*,#10342,.F.);
#10342 = EDGE_CURVE('',#10343,#10335,#10345,.T.);
#10343 = VERTEX_POINT('',#10344);
#10344 = CARTESIAN_POINT('',(5.551115123126E-16,12.727922061358,224.));
#10345 = LINE('',#10346,#10347);
#10346 = CARTESIAN_POINT('',(5.551115123126E-16,12.727922061358,213.5));
#10347 = VECTOR('',#10348,1.);
#10348 = DIRECTION('',(-0.,0.,-1.));
#10349 = ORIENTED_EDGE('',*,*,#10350,.T.);
#10350 = EDGE_CURVE('',#10343,#10311,#10351,.T.);
#10351 = LINE('',#10352,#10353);
#10352 = CARTESIAN_POINT('',(-213.5462479183,-200.8183258569,224.));
#10353 = VECTOR('',#10354,1.);
#10354 = DIRECTION('',(0.707106781187,0.707106781187,0.));
#10355 = FACE_BOUND('',#10356,.T.);
#10356 = EDGE_LOOP('',(#10357));
#10357 = ORIENTED_EDGE('',*,*,#10358,.F.);
#10358 = EDGE_CURVE('',#10359,#10359,#10361,.T.);
#10359 = VERTEX_POINT('',#10360);
#10360 = CARTESIAN_POINT('',(-200.8183258569,-188.0904037956,220.));
#10361 = CIRCLE('',#10362,3.);
#10362 = AXIS2_PLACEMENT_3D('',#10363,#10364,#10365);
#10363 = CARTESIAN_POINT('',(-200.8183258569,-188.0904037956,217.));
#10364 = DIRECTION('',(-0.707106781187,0.707106781187,0.));
#10365 = DIRECTION('',(0.,0.,1.));
#10366 = FACE_BOUND('',#10367,.T.);
#10367 = EDGE_LOOP('',(#10368));
#10368 = ORIENTED_EDGE('',*,*,#10369,.F.);
#10369 = EDGE_CURVE('',#10370,#10370,#10372,.T.);
#10370 = VERTEX_POINT('',#10371);
#10371 = CARTESIAN_POINT('',(188.09040379562,200.81832585697,220.));
#10372 = CIRCLE('',#10373,3.);
#10373 = AXIS2_PLACEMENT_3D('',#10374,#10375,#10376);
#10374 = CARTESIAN_POINT('',(188.09040379562,200.81832585697,217.));
#10375 = DIRECTION('',(-0.707106781187,0.707106781187,0.));
#10376 = DIRECTION('',(0.,0.,1.));
#10377 = PLANE('',#10378);
#10378 = AXIS2_PLACEMENT_3D('',#10379,#10380,#10381);
#10379 = CARTESIAN_POINT('',(-213.5462479183,-200.8183258569,210.));
#10380 = DIRECTION('',(-0.707106781187,0.707106781187,0.));
#10381 = DIRECTION('',(0.,0.,1.));
#10382 = ADVANCED_FACE('',(#10383),#10394,.F.);
#10383 = FACE_BOUND('',#10384,.F.);
#10384 = EDGE_LOOP('',(#10385,#10386,#10387,#10393));
#10385 = ORIENTED_EDGE('',*,*,#10169,.F.);
#10386 = ORIENTED_EDGE('',*,*,#10209,.T.);
#10387 = ORIENTED_EDGE('',*,*,#10388,.T.);
#10388 = EDGE_CURVE('',#10200,#10309,#10389,.T.);
#10389 = LINE('',#10390,#10391);
#10390 = CARTESIAN_POINT('',(213.54624791833,200.81832585697,210.));
#10391 = VECTOR('',#10392,1.);
#10392 = DIRECTION('',(-0.707106781187,0.707106781187,0.));
#10393 = ORIENTED_EDGE('',*,*,#10318,.F.);
#10394 = PLANE('',#10395);
#10395 = AXIS2_PLACEMENT_3D('',#10396,#10397,#10398);
#10396 = CARTESIAN_POINT('',(-200.8183258569,-213.5462479183,210.));
#10397 = DIRECTION('',(0.,0.,1.));
#10398 = DIRECTION('',(0.707106781187,0.707106781187,0.));
#10399 = ADVANCED_FACE('',(#10400),#10411,.T.);
#10400 = FACE_BOUND('',#10401,.T.);
#10401 = EDGE_LOOP('',(#10402,#10403,#10404,#10405));
#10402 = ORIENTED_EDGE('',*,*,#10199,.F.);
#10403 = ORIENTED_EDGE('',*,*,#10388,.T.);
#10404 = ORIENTED_EDGE('',*,*,#10308,.T.);
#10405 = ORIENTED_EDGE('',*,*,#10406,.F.);
#10406 = EDGE_CURVE('',#10202,#10311,#10407,.T.);
#10407 = LINE('',#10408,#10409);
#10408 = CARTESIAN_POINT('',(213.54624791833,200.81832585697,224.));
#10409 = VECTOR('',#10410,1.);
#10410 = DIRECTION('',(-0.707106781187,0.707106781187,0.));
#10411 = PLANE('',#10412);
#10412 = AXIS2_PLACEMENT_3D('',#10413,#10414,#10415);
#10413 = CARTESIAN_POINT('',(213.54624791833,200.81832585697,210.));
#10414 = DIRECTION('',(0.707106781187,0.707106781187,0.));
#10415 = DIRECTION('',(0.,0.,1.));
#10416 = ADVANCED_FACE('',(#10417),#10428,.T.);
#10417 = FACE_BOUND('',#10418,.T.);
#10418 = EDGE_LOOP('',(#10419,#10420,#10426,#10427));
#10419 = ORIENTED_EDGE('',*,*,#10350,.F.);
#10420 = ORIENTED_EDGE('',*,*,#10421,.F.);
#10421 = EDGE_CURVE('',#10241,#10343,#10422,.T.);
#10422 = LINE('',#10423,#10424);
#10423 = CARTESIAN_POINT('',(13.435028842544,-0.707106781187,224.));
#10424 = VECTOR('',#10425,1.);
#10425 = DIRECTION('',(-0.707106781187,0.707106781187,0.));
#10426 = ORIENTED_EDGE('',*,*,#10248,.T.);
#10427 = ORIENTED_EDGE('',*,*,#10406,.T.);
#10428 = PLANE('',#10429);
#10429 = AXIS2_PLACEMENT_3D('',#10430,#10431,#10432);
#10430 = CARTESIAN_POINT('',(-200.8183258569,-213.5462479183,224.));
#10431 = DIRECTION('',(0.,0.,1.));
#10432 = DIRECTION('',(0.707106781187,0.707106781187,0.));
#10433 = ADVANCED_FACE('',(#10434),#10445,.F.);
#10434 = FACE_BOUND('',#10435,.F.);
#10435 = EDGE_LOOP('',(#10436,#10437,#10438,#10444));
#10436 = ORIENTED_EDGE('',*,*,#10421,.F.);
#10437 = ORIENTED_EDGE('',*,*,#10240,.T.);
#10438 = ORIENTED_EDGE('',*,*,#10439,.T.);
#10439 = EDGE_CURVE('',#10233,#10335,#10440,.T.);
#10440 = LINE('',#10441,#10442);
#10441 = CARTESIAN_POINT('',(13.435028842544,-0.707106781187,217.));
#10442 = VECTOR('',#10443,1.);
#10443 = DIRECTION('',(-0.707106781187,0.707106781187,0.));
#10444 = ORIENTED_EDGE('',*,*,#10342,.F.);
#10445 = PLANE('',#10446);
#10446 = AXIS2_PLACEMENT_3D('',#10447,#10448,#10449);
#10447 = CARTESIAN_POINT('',(13.435028842544,-0.707106781187,217.));
#10448 = DIRECTION('',(0.707106781187,0.707106781187,0.));
#10449 = DIRECTION('',(0.,0.,1.));
#10450 = ADVANCED_FACE('',(#10451),#10462,.T.);
#10451 = FACE_BOUND('',#10452,.T.);
#10452 = EDGE_LOOP('',(#10453,#10459,#10460,#10461));
#10453 = ORIENTED_EDGE('',*,*,#10454,.F.);
#10454 = EDGE_CURVE('',#10225,#10327,#10455,.T.);
#10455 = LINE('',#10456,#10457);
#10456 = CARTESIAN_POINT('',(0.707106781187,-13.43502884254,217.));
#10457 = VECTOR('',#10458,1.);
#10458 = DIRECTION('',(-0.707106781187,0.707106781187,0.));
#10459 = ORIENTED_EDGE('',*,*,#10232,.T.);
#10460 = ORIENTED_EDGE('',*,*,#10439,.T.);
#10461 = ORIENTED_EDGE('',*,*,#10334,.F.);
#10462 = PLANE('',#10463);
#10463 = AXIS2_PLACEMENT_3D('',#10464,#10465,#10466);
#10464 = CARTESIAN_POINT('',(0.707106781187,-13.43502884254,217.));
#10465 = DIRECTION('',(0.,0.,1.));
#10466 = DIRECTION('',(0.707106781187,0.707106781187,0.));
#10467 = ADVANCED_FACE('',(#10468),#10474,.T.);
#10468 = FACE_BOUND('',#10469,.T.);
#10469 = EDGE_LOOP('',(#10470,#10471,#10472,#10473));
#10470 = ORIENTED_EDGE('',*,*,#10294,.F.);
#10471 = ORIENTED_EDGE('',*,*,#10224,.T.);
#10472 = ORIENTED_EDGE('',*,*,#10454,.T.);
#10473 = ORIENTED_EDGE('',*,*,#10326,.F.);
#10474 = PLANE('',#10475);
#10475 = AXIS2_PLACEMENT_3D('',#10476,#10477,#10478);
#10476 = CARTESIAN_POINT('',(0.707106781187,-13.43502884254,217.));
#10477 = DIRECTION('',(0.707106781187,0.707106781187,0.));
#10478 = DIRECTION('',(0.,0.,1.));
#10479 = ADVANCED_FACE('',(#10480),#10491,.F.);
#10480 = FACE_BOUND('',#10481,.F.);
#10481 = EDGE_LOOP('',(#10482,#10483,#10489,#10490));
#10482 = ORIENTED_EDGE('',*,*,#10358,.F.);
#10483 = ORIENTED_EDGE('',*,*,#10484,.F.);
#10484 = EDGE_CURVE('',#10257,#10359,#10485,.T.);
#10485 = LINE('',#10486,#10487);
#10486 = CARTESIAN_POINT('',(-188.0904037956,-200.8183258569,220.));
#10487 = VECTOR('',#10488,1.);
#10488 = DIRECTION('',(-0.707106781187,0.707106781187,0.));
#10489 = ORIENTED_EDGE('',*,*,#10256,.T.);
#10490 = ORIENTED_EDGE('',*,*,#10484,.T.);
#10491 = CYLINDRICAL_SURFACE('',#10492,3.);
#10492 = AXIS2_PLACEMENT_3D('',#10493,#10494,#10495);
#10493 = CARTESIAN_POINT('',(-188.0904037956,-200.8183258569,217.));
#10494 = DIRECTION('',(-0.707106781187,0.707106781187,0.));
#10495 = DIRECTION('',(0.,0.,1.));
#10496 = ADVANCED_FACE('',(#10497),#10508,.F.);
#10497 = FACE_BOUND('',#10498,.F.);
#10498 = EDGE_LOOP('',(#10499,#10500,#10506,#10507));
#10499 = ORIENTED_EDGE('',*,*,#10369,.F.);
#10500 = ORIENTED_EDGE('',*,*,#10501,.F.);
#10501 = EDGE_CURVE('',#10268,#10370,#10502,.T.);
#10502 = LINE('',#10503,#10504);
#10503 = CARTESIAN_POINT('',(200.81832585697,188.09040379562,220.));
#10504 = VECTOR('',#10505,1.);
#10505 = DIRECTION('',(-0.707106781187,0.707106781187,0.));
#10506 = ORIENTED_EDGE('',*,*,#10267,.T.);
#10507 = ORIENTED_EDGE('',*,*,#10501,.T.);
#10508 = CYLINDRICAL_SURFACE('',#10509,3.);
#10509 = AXIS2_PLACEMENT_3D('',#10510,#10511,#10512);
#10510 = CARTESIAN_POINT('',(200.81832585697,188.09040379562,217.));
#10511 = DIRECTION('',(-0.707106781187,0.707106781187,0.));
#10512 = DIRECTION('',(0.,0.,1.));
#10513 = ( GEOMETRIC_REPRESENTATION_CONTEXT(3) 
GLOBAL_UNCERTAINTY_ASSIGNED_CONTEXT((#10517)) 
GLOBAL_UNIT_ASSIGNED_CONTEXT((#10514,#10515,#10516)) 
REPRESENTATION_CONTEXT('Context #1',
  '3D Context with UNIT and UNCERTAINTY') );
#10514 = ( LENGTH_UNIT() NAMED_UNIT(*) SI_UNIT(.MILLI.,.METRE.) );
#10515 = ( NAMED_UNIT(*) PLANE_ANGLE_UNIT() SI_UNIT($,.RADIAN.) );
#10516 = ( NAMED_UNIT(*) SI_UNIT($,.STERADIAN.) SOLID_ANGLE_UNIT() );
#10517 = UNCERTAINTY_MEASURE_WITH_UNIT(LENGTH_MEASURE(1.E-07),#10514,
  'distance_accuracy_value','confusion accuracy');
#10518 = CONTEXT_DEPENDENT_SHAPE_REPRESENTATION(#10519,#10521);
#10519 = ( REPRESENTATION_RELATIONSHIP('','',#10152,#10) 
REPRESENTATION_RELATIONSHIP_WITH_TRANSFORMATION(#10520) 
SHAPE_REPRESENTATION_RELATIONSHIP() );
#10520 = ITEM_DEFINED_TRANSFORMATION('','',#11,#167);
#10521 = PRODUCT_DEFINITION_SHAPE('Placement','Placement of an item',
  #10522);
#10522 = NEXT_ASSEMBLY_USAGE_OCCURRENCE('39','P39 X level 3 beam 1','',
  #5,#10147,$);
#10523 = PRODUCT_RELATED_PRODUCT_CATEGORY('part',$,(#10149));
#10524 = SHAPE_DEFINITION_REPRESENTATION(#10525,#10531);
#10525 = PRODUCT_DEFINITION_SHAPE('','',#10526);
#10526 = PRODUCT_DEFINITION('design','',#10527,#10530);
#10527 = PRODUCT_DEFINITION_FORMATION('','',#10528);
#10528 = PRODUCT('P40 X level 3 beam 2','P40 X level 3 beam 2','',(
    #10529));
#10529 = PRODUCT_CONTEXT('',#2,'mechanical');
#10530 = PRODUCT_DEFINITION_CONTEXT('part definition',#2,'design');
#10531 = ADVANCED_BREP_SHAPE_REPRESENTATION('',(#11,#10532),#10892);
#10532 = MANIFOLD_SOLID_BREP('',#10533);
#10533 = CLOSED_SHELL('',(#10534,#10574,#10659,#10683,#10761,#10778,
    #10795,#10812,#10829,#10846,#10858,#10875));
#10534 = ADVANCED_FACE('',(#10535),#10569,.F.);
#10535 = FACE_BOUND('',#10536,.F.);
#10536 = EDGE_LOOP('',(#10537,#10547,#10555,#10563));
#10537 = ORIENTED_EDGE('',*,*,#10538,.F.);
#10538 = EDGE_CURVE('',#10539,#10541,#10543,.T.);
#10539 = VERTEX_POINT('',#10540);
#10540 = CARTESIAN_POINT('',(213.54624791833,-200.8183258569,210.));
#10541 = VERTEX_POINT('',#10542);
#10542 = CARTESIAN_POINT('',(213.54624791833,-200.8183258569,224.));
#10543 = LINE('',#10544,#10545);
#10544 = CARTESIAN_POINT('',(213.54624791833,-200.8183258569,210.));
#10545 = VECTOR('',#10546,1.);
#10546 = DIRECTION('',(0.,0.,1.));
#10547 = ORIENTED_EDGE('',*,*,#10548,.T.);
#10548 = EDGE_CURVE('',#10539,#10549,#10551,.T.);
#10549 = VERTEX_POINT('',#10550);
#10550 = CARTESIAN_POINT('',(200.81832585697,-213.5462479183,210.));
#10551 = LINE('',#10552,#10553);
#10552 = CARTESIAN_POINT('',(213.54624791833,-200.8183258569,210.));
#10553 = VECTOR('',#10554,1.);
#10554 = DIRECTION('',(-0.707106781187,-0.707106781187,0.));
#10555 = ORIENTED_EDGE('',*,*,#10556,.T.);
#10556 = EDGE_CURVE('',#10549,#10557,#10559,.T.);
#10557 = VERTEX_POINT('',#10558);
#10558 = CARTESIAN_POINT('',(200.81832585697,-213.5462479183,224.));
#10559 = LINE('',#10560,#10561);
#10560 = CARTESIAN_POINT('',(200.81832585697,-213.5462479183,210.));
#10561 = VECTOR('',#10562,1.);
#10562 = DIRECTION('',(0.,0.,1.));
#10563 = ORIENTED_EDGE('',*,*,#10564,.F.);
#10564 = EDGE_CURVE('',#10541,#10557,#10565,.T.);
#10565 = LINE('',#10566,#10567);
#10566 = CARTESIAN_POINT('',(213.54624791833,-200.8183258569,224.));
#10567 = VECTOR('',#10568,1.);
#10568 = DIRECTION('',(-0.707106781187,-0.707106781187,0.));
#10569 = PLANE('',#10570);
#10570 = AXIS2_PLACEMENT_3D('',#10571,#10572,#10573);
#10571 = CARTESIAN_POINT('',(213.54624791833,-200.8183258569,210.));
#10572 = DIRECTION('',(-0.707106781187,0.707106781187,0.));
#10573 = DIRECTION('',(0.,0.,1.));
#10574 = ADVANCED_FACE('',(#10575,#10632,#10643),#10654,.F.);
#10575 = FACE_BOUND('',#10576,.F.);
#10576 = EDGE_LOOP('',(#10577,#10585,#10586,#10594,#10602,#10610,#10618,
    #10626));
#10577 = ORIENTED_EDGE('',*,*,#10578,.F.);
#10578 = EDGE_CURVE('',#10539,#10579,#10581,.T.);
#10579 = VERTEX_POINT('',#10580);
#10580 = CARTESIAN_POINT('',(12.727922061358,-5.551115123126E-16,210.));
#10581 = LINE('',#10582,#10583);
#10582 = CARTESIAN_POINT('',(213.54624791833,-200.8183258569,210.));
#10583 = VECTOR('',#10584,1.);
#10584 = DIRECTION('',(-0.707106781187,0.707106781187,0.));
#10585 = ORIENTED_EDGE('',*,*,#10538,.T.);
#10586 = ORIENTED_EDGE('',*,*,#10587,.T.);
#10587 = EDGE_CURVE('',#10541,#10588,#10590,.T.);
#10588 = VERTEX_POINT('',#10589);
#10589 = CARTESIAN_POINT('',(-200.8183258569,213.54624791833,224.));
#10590 = LINE('',#10591,#10592);
#10591 = CARTESIAN_POINT('',(213.54624791833,-200.8183258569,224.));
#10592 = VECTOR('',#10593,1.);
#10593 = DIRECTION('',(-0.707106781187,0.707106781187,0.));
#10594 = ORIENTED_EDGE('',*,*,#10595,.F.);
#10595 = EDGE_CURVE('',#10596,#10588,#10598,.T.);
#10596 = VERTEX_POINT('',#10597);
#10597 = CARTESIAN_POINT('',(-200.8183258569,213.54624791833,210.));
#10598 = LINE('',#10599,#10600);
#10599 = CARTESIAN_POINT('',(-200.8183258569,213.54624791833,210.));
#10600 = VECTOR('',#10601,1.);
#10601 = DIRECTION('',(0.,0.,1.));
#10602 = ORIENTED_EDGE('',*,*,#10603,.F.);
#10603 = EDGE_CURVE('',#10604,#10596,#10606,.T.);
#10604 = VERTEX_POINT('',#10605);
#10605 = CARTESIAN_POINT('',(1.33226762955E-15,12.727922061358,210.));
#10606 = LINE('',#10607,#10608);
#10607 = CARTESIAN_POINT('',(213.54624791833,-200.8183258569,210.));
#10608 = VECTOR('',#10609,1.);
#10609 = DIRECTION('',(-0.707106781187,0.707106781187,0.));
#10610 = ORIENTED_EDGE('',*,*,#10611,.F.);
#10611 = EDGE_CURVE('',#10612,#10604,#10614,.T.);
#10612 = VERTEX_POINT('',#10613);
#10613 = CARTESIAN_POINT('',(1.33226762955E-15,12.727922061358,217.));
#10614 = LINE('',#10615,#10616);
#10615 = CARTESIAN_POINT('',(1.33226762955E-15,12.727922061358,210.));
#10616 = VECTOR('',#10617,1.);
#10617 = DIRECTION('',(0.,-0.,-1.));
#10618 = ORIENTED_EDGE('',*,*,#10619,.F.);
#10619 = EDGE_CURVE('',#10620,#10612,#10622,.T.);
#10620 = VERTEX_POINT('',#10621);
#10621 = CARTESIAN_POINT('',(12.727922061358,-5.551115123126E-16,217.));
#10622 = LINE('',#10623,#10624);
#10623 = CARTESIAN_POINT('',(113.13708498984,-100.4091629284,217.));
#10624 = VECTOR('',#10625,1.);
#10625 = DIRECTION('',(-0.707106781187,0.707106781187,0.));
#10626 = ORIENTED_EDGE('',*,*,#10627,.T.);
#10627 = EDGE_CURVE('',#10620,#10579,#10628,.T.);
#10628 = LINE('',#10629,#10630);
#10629 = CARTESIAN_POINT('',(12.727922061358,-5.551115123126E-16,210.));
#10630 = VECTOR('',#10631,1.);
#10631 = DIRECTION('',(0.,-0.,-1.));
#10632 = FACE_BOUND('',#10633,.F.);
#10633 = EDGE_LOOP('',(#10634));
#10634 = ORIENTED_EDGE('',*,*,#10635,.F.);
#10635 = EDGE_CURVE('',#10636,#10636,#10638,.T.);
#10636 = VERTEX_POINT('',#10637);
#10637 = CARTESIAN_POINT('',(200.81832585697,-188.0904037956,220.));
#10638 = CIRCLE('',#10639,3.);
#10639 = AXIS2_PLACEMENT_3D('',#10640,#10641,#10642);
#10640 = CARTESIAN_POINT('',(200.81832585697,-188.0904037956,217.));
#10641 = DIRECTION('',(-0.707106781187,-0.707106781187,0.));
#10642 = DIRECTION('',(0.,0.,1.));
#10643 = FACE_BOUND('',#10644,.F.);
#10644 = EDGE_LOOP('',(#10645));
#10645 = ORIENTED_EDGE('',*,*,#10646,.F.);
#10646 = EDGE_CURVE('',#10647,#10647,#10649,.T.);
#10647 = VERTEX_POINT('',#10648);
#10648 = CARTESIAN_POINT('',(-188.0904037956,200.81832585697,220.));
#10649 = CIRCLE('',#10650,3.);
#10650 = AXIS2_PLACEMENT_3D('',#10651,#10652,#10653);
#10651 = CARTESIAN_POINT('',(-188.0904037956,200.81832585697,217.));
#10652 = DIRECTION('',(-0.707106781187,-0.707106781187,0.));
#10653 = DIRECTION('',(0.,0.,1.));
#10654 = PLANE('',#10655);
#10655 = AXIS2_PLACEMENT_3D('',#10656,#10657,#10658);
#10656 = CARTESIAN_POINT('',(213.54624791833,-200.8183258569,210.));
#10657 = DIRECTION('',(-0.707106781187,-0.707106781187,0.));
#10658 = DIRECTION('',(0.,0.,1.));
#10659 = ADVANCED_FACE('',(#10660),#10678,.T.);
#10660 = FACE_BOUND('',#10661,.T.);
#10661 = EDGE_LOOP('',(#10662,#10663,#10664,#10672));
#10662 = ORIENTED_EDGE('',*,*,#10564,.F.);
#10663 = ORIENTED_EDGE('',*,*,#10587,.T.);
#10664 = ORIENTED_EDGE('',*,*,#10665,.T.);
#10665 = EDGE_CURVE('',#10588,#10666,#10668,.T.);
#10666 = VERTEX_POINT('',#10667);
#10667 = CARTESIAN_POINT('',(-213.5462479183,200.81832585697,224.));
#10668 = LINE('',#10669,#10670);
#10669 = CARTESIAN_POINT('',(-200.8183258569,213.54624791833,224.));
#10670 = VECTOR('',#10671,1.);
#10671 = DIRECTION('',(-0.707106781187,-0.707106781187,0.));
#10672 = ORIENTED_EDGE('',*,*,#10673,.F.);
#10673 = EDGE_CURVE('',#10557,#10666,#10674,.T.);
#10674 = LINE('',#10675,#10676);
#10675 = CARTESIAN_POINT('',(200.81832585697,-213.5462479183,224.));
#10676 = VECTOR('',#10677,1.);
#10677 = DIRECTION('',(-0.707106781187,0.707106781187,0.));
#10678 = PLANE('',#10679);
#10679 = AXIS2_PLACEMENT_3D('',#10680,#10681,#10682);
#10680 = CARTESIAN_POINT('',(213.54624791833,-200.8183258569,224.));
#10681 = DIRECTION('',(0.,0.,1.));
#10682 = DIRECTION('',(-0.707106781187,0.707106781187,0.));
#10683 = ADVANCED_FACE('',(#10684,#10734,#10745),#10756,.T.);
#10684 = FACE_BOUND('',#10685,.T.);
#10685 = EDGE_LOOP('',(#10686,#10694,#10695,#10696,#10704,#10712,#10720,
    #10728));
#10686 = ORIENTED_EDGE('',*,*,#10687,.F.);
#10687 = EDGE_CURVE('',#10549,#10688,#10690,.T.);
#10688 = VERTEX_POINT('',#10689);
#10689 = CARTESIAN_POINT('',(-1.33226762955E-15,-12.72792206135,210.));
#10690 = LINE('',#10691,#10692);
#10691 = CARTESIAN_POINT('',(200.81832585697,-213.5462479183,210.));
#10692 = VECTOR('',#10693,1.);
#10693 = DIRECTION('',(-0.707106781187,0.707106781187,0.));
#10694 = ORIENTED_EDGE('',*,*,#10556,.T.);
#10695 = ORIENTED_EDGE('',*,*,#10673,.T.);
#10696 = ORIENTED_EDGE('',*,*,#10697,.F.);
#10697 = EDGE_CURVE('',#10698,#10666,#10700,.T.);
#10698 = VERTEX_POINT('',#10699);
#10699 = CARTESIAN_POINT('',(-213.5462479183,200.81832585697,210.));
#10700 = LINE('',#10701,#10702);
#10701 = CARTESIAN_POINT('',(-213.5462479183,200.81832585697,210.));
#10702 = VECTOR('',#10703,1.);
#10703 = DIRECTION('',(0.,0.,1.));
#10704 = ORIENTED_EDGE('',*,*,#10705,.F.);
#10705 = EDGE_CURVE('',#10706,#10698,#10708,.T.);
#10706 = VERTEX_POINT('',#10707);
#10707 = CARTESIAN_POINT('',(-12.72792206135,5.551115123126E-16,210.));
#10708 = LINE('',#10709,#10710);
#10709 = CARTESIAN_POINT('',(200.81832585697,-213.5462479183,210.));
#10710 = VECTOR('',#10711,1.);
#10711 = DIRECTION('',(-0.707106781187,0.707106781187,0.));
#10712 = ORIENTED_EDGE('',*,*,#10713,.F.);
#10713 = EDGE_CURVE('',#10714,#10706,#10716,.T.);
#10714 = VERTEX_POINT('',#10715);
#10715 = CARTESIAN_POINT('',(-12.72792206135,5.551115123126E-16,217.));
#10716 = LINE('',#10717,#10718);
#10717 = CARTESIAN_POINT('',(-12.72792206135,5.551115123126E-16,210.));
#10718 = VECTOR('',#10719,1.);
#10719 = DIRECTION('',(0.,-0.,-1.));
#10720 = ORIENTED_EDGE('',*,*,#10721,.F.);
#10721 = EDGE_CURVE('',#10722,#10714,#10724,.T.);
#10722 = VERTEX_POINT('',#10723);
#10723 = CARTESIAN_POINT('',(-1.33226762955E-15,-12.72792206135,217.));
#10724 = LINE('',#10725,#10726);
#10725 = CARTESIAN_POINT('',(100.40916292849,-113.1370849898,217.));
#10726 = VECTOR('',#10727,1.);
#10727 = DIRECTION('',(-0.707106781187,0.707106781187,0.));
#10728 = ORIENTED_EDGE('',*,*,#10729,.T.);
#10729 = EDGE_CURVE('',#10722,#10688,#10730,.T.);
#10730 = LINE('',#10731,#10732);
#10731 = CARTESIAN_POINT('',(-1.33226762955E-15,-12.72792206135,210.));
#10732 = VECTOR('',#10733,1.);
#10733 = DIRECTION('',(0.,-0.,-1.));
#10734 = FACE_BOUND('',#10735,.T.);
#10735 = EDGE_LOOP('',(#10736));
#10736 = ORIENTED_EDGE('',*,*,#10737,.F.);
#10737 = EDGE_CURVE('',#10738,#10738,#10740,.T.);
#10738 = VERTEX_POINT('',#10739);
#10739 = CARTESIAN_POINT('',(188.09040379562,-200.8183258569,220.));
#10740 = CIRCLE('',#10741,3.);
#10741 = AXIS2_PLACEMENT_3D('',#10742,#10743,#10744);
#10742 = CARTESIAN_POINT('',(188.09040379562,-200.8183258569,217.));
#10743 = DIRECTION('',(-0.707106781187,-0.707106781187,0.));
#10744 = DIRECTION('',(0.,0.,1.));
#10745 = FACE_BOUND('',#10746,.T.);
#10746 = EDGE_LOOP('',(#10747));
#10747 = ORIENTED_EDGE('',*,*,#10748,.F.);
#10748 = EDGE_CURVE('',#10749,#10749,#10751,.T.);
#10749 = VERTEX_POINT('',#10750);
#10750 = CARTESIAN_POINT('',(-200.8183258569,188.09040379562,220.));
#10751 = CIRCLE('',#10752,3.);
#10752 = AXIS2_PLACEMENT_3D('',#10753,#10754,#10755);
#10753 = CARTESIAN_POINT('',(-200.8183258569,188.09040379562,217.));
#10754 = DIRECTION('',(-0.707106781187,-0.707106781187,0.));
#10755 = DIRECTION('',(0.,0.,1.));
#10756 = PLANE('',#10757);
#10757 = AXIS2_PLACEMENT_3D('',#10758,#10759,#10760);
#10758 = CARTESIAN_POINT('',(200.81832585697,-213.5462479183,210.));
#10759 = DIRECTION('',(-0.707106781187,-0.707106781187,0.));
#10760 = DIRECTION('',(0.,0.,1.));
#10761 = ADVANCED_FACE('',(#10762),#10773,.F.);
#10762 = FACE_BOUND('',#10763,.F.);
#10763 = EDGE_LOOP('',(#10764,#10765,#10766,#10767));
#10764 = ORIENTED_EDGE('',*,*,#10687,.F.);
#10765 = ORIENTED_EDGE('',*,*,#10548,.F.);
#10766 = ORIENTED_EDGE('',*,*,#10578,.T.);
#10767 = ORIENTED_EDGE('',*,*,#10768,.T.);
#10768 = EDGE_CURVE('',#10579,#10688,#10769,.T.);
#10769 = LINE('',#10770,#10771);
#10770 = CARTESIAN_POINT('',(13.435028842544,0.707106781187,210.));
#10771 = VECTOR('',#10772,1.);
#10772 = DIRECTION('',(-0.707106781187,-0.707106781187,0.));
#10773 = PLANE('',#10774);
#10774 = AXIS2_PLACEMENT_3D('',#10775,#10776,#10777);
#10775 = CARTESIAN_POINT('',(213.54624791833,-200.8183258569,210.));
#10776 = DIRECTION('',(0.,0.,1.));
#10777 = DIRECTION('',(-0.707106781187,0.707106781187,0.));
#10778 = ADVANCED_FACE('',(#10779),#10790,.T.);
#10779 = FACE_BOUND('',#10780,.T.);
#10780 = EDGE_LOOP('',(#10781,#10787,#10788,#10789));
#10781 = ORIENTED_EDGE('',*,*,#10782,.F.);
#10782 = EDGE_CURVE('',#10620,#10722,#10783,.T.);
#10783 = LINE('',#10784,#10785);
#10784 = CARTESIAN_POINT('',(13.435028842544,0.707106781187,217.));
#10785 = VECTOR('',#10786,1.);
#10786 = DIRECTION('',(-0.707106781187,-0.707106781187,0.));
#10787 = ORIENTED_EDGE('',*,*,#10627,.T.);
#10788 = ORIENTED_EDGE('',*,*,#10768,.T.);
#10789 = ORIENTED_EDGE('',*,*,#10729,.F.);
#10790 = PLANE('',#10791);
#10791 = AXIS2_PLACEMENT_3D('',#10792,#10793,#10794);
#10792 = CARTESIAN_POINT('',(13.435028842544,0.707106781187,210.));
#10793 = DIRECTION('',(-0.707106781187,0.707106781187,0.));
#10794 = DIRECTION('',(0.,0.,1.));
#10795 = ADVANCED_FACE('',(#10796),#10807,.F.);
#10796 = FACE_BOUND('',#10797,.F.);
#10797 = EDGE_LOOP('',(#10798,#10799,#10800,#10806));
#10798 = ORIENTED_EDGE('',*,*,#10782,.F.);
#10799 = ORIENTED_EDGE('',*,*,#10619,.T.);
#10800 = ORIENTED_EDGE('',*,*,#10801,.T.);
#10801 = EDGE_CURVE('',#10612,#10714,#10802,.T.);
#10802 = LINE('',#10803,#10804);
#10803 = CARTESIAN_POINT('',(0.707106781187,13.435028842544,217.));
#10804 = VECTOR('',#10805,1.);
#10805 = DIRECTION('',(-0.707106781187,-0.707106781187,0.));
#10806 = ORIENTED_EDGE('',*,*,#10721,.F.);
#10807 = PLANE('',#10808);
#10808 = AXIS2_PLACEMENT_3D('',#10809,#10810,#10811);
#10809 = CARTESIAN_POINT('',(13.435028842544,0.707106781187,217.));
#10810 = DIRECTION('',(0.,0.,1.));
#10811 = DIRECTION('',(-0.707106781187,0.707106781187,0.));
#10812 = ADVANCED_FACE('',(#10813),#10824,.T.);
#10813 = FACE_BOUND('',#10814,.T.);
#10814 = EDGE_LOOP('',(#10815,#10816,#10822,#10823));
#10815 = ORIENTED_EDGE('',*,*,#10595,.F.);
#10816 = ORIENTED_EDGE('',*,*,#10817,.T.);
#10817 = EDGE_CURVE('',#10596,#10698,#10818,.T.);
#10818 = LINE('',#10819,#10820);
#10819 = CARTESIAN_POINT('',(-200.8183258569,213.54624791833,210.));
#10820 = VECTOR('',#10821,1.);
#10821 = DIRECTION('',(-0.707106781187,-0.707106781187,0.));
#10822 = ORIENTED_EDGE('',*,*,#10697,.T.);
#10823 = ORIENTED_EDGE('',*,*,#10665,.F.);
#10824 = PLANE('',#10825);
#10825 = AXIS2_PLACEMENT_3D('',#10826,#10827,#10828);
#10826 = CARTESIAN_POINT('',(-200.8183258569,213.54624791833,210.));
#10827 = DIRECTION('',(-0.707106781187,0.707106781187,0.));
#10828 = DIRECTION('',(0.,0.,1.));
#10829 = ADVANCED_FACE('',(#10830),#10841,.F.);
#10830 = FACE_BOUND('',#10831,.F.);
#10831 = EDGE_LOOP('',(#10832,#10833,#10834,#10840));
#10832 = ORIENTED_EDGE('',*,*,#10801,.F.);
#10833 = ORIENTED_EDGE('',*,*,#10611,.T.);
#10834 = ORIENTED_EDGE('',*,*,#10835,.T.);
#10835 = EDGE_CURVE('',#10604,#10706,#10836,.T.);
#10836 = LINE('',#10837,#10838);
#10837 = CARTESIAN_POINT('',(0.707106781187,13.435028842544,210.));
#10838 = VECTOR('',#10839,1.);
#10839 = DIRECTION('',(-0.707106781187,-0.707106781187,0.));
#10840 = ORIENTED_EDGE('',*,*,#10713,.F.);
#10841 = PLANE('',#10842);
#10842 = AXIS2_PLACEMENT_3D('',#10843,#10844,#10845);
#10843 = CARTESIAN_POINT('',(0.707106781187,13.435028842544,210.));
#10844 = DIRECTION('',(-0.707106781187,0.707106781187,0.));
#10845 = DIRECTION('',(0.,0.,1.));
#10846 = ADVANCED_FACE('',(#10847),#10853,.F.);
#10847 = FACE_BOUND('',#10848,.F.);
#10848 = EDGE_LOOP('',(#10849,#10850,#10851,#10852));
#10849 = ORIENTED_EDGE('',*,*,#10705,.F.);
#10850 = ORIENTED_EDGE('',*,*,#10835,.F.);
#10851 = ORIENTED_EDGE('',*,*,#10603,.T.);
#10852 = ORIENTED_EDGE('',*,*,#10817,.T.);
#10853 = PLANE('',#10854);
#10854 = AXIS2_PLACEMENT_3D('',#10855,#10856,#10857);
#10855 = CARTESIAN_POINT('',(213.54624791833,-200.8183258569,210.));
#10856 = DIRECTION('',(0.,0.,1.));
#10857 = DIRECTION('',(-0.707106781187,0.707106781187,0.));
#10858 = ADVANCED_FACE('',(#10859),#10870,.F.);
#10859 = FACE_BOUND('',#10860,.F.);
#10860 = EDGE_LOOP('',(#10861,#10862,#10868,#10869));
#10861 = ORIENTED_EDGE('',*,*,#10737,.F.);
#10862 = ORIENTED_EDGE('',*,*,#10863,.F.);
#10863 = EDGE_CURVE('',#10636,#10738,#10864,.T.);
#10864 = LINE('',#10865,#10866);
#10865 = CARTESIAN_POINT('',(200.81832585697,-188.0904037956,220.));
#10866 = VECTOR('',#10867,1.);
#10867 = DIRECTION('',(-0.707106781187,-0.707106781187,0.));
#10868 = ORIENTED_EDGE('',*,*,#10635,.T.);
#10869 = ORIENTED_EDGE('',*,*,#10863,.T.);
#10870 = CYLINDRICAL_SURFACE('',#10871,3.);
#10871 = AXIS2_PLACEMENT_3D('',#10872,#10873,#10874);
#10872 = CARTESIAN_POINT('',(200.81832585697,-188.0904037956,217.));
#10873 = DIRECTION('',(-0.707106781187,-0.707106781187,0.));
#10874 = DIRECTION('',(0.,0.,1.));
#10875 = ADVANCED_FACE('',(#10876),#10887,.F.);
#10876 = FACE_BOUND('',#10877,.F.);
#10877 = EDGE_LOOP('',(#10878,#10879,#10885,#10886));
#10878 = ORIENTED_EDGE('',*,*,#10748,.F.);
#10879 = ORIENTED_EDGE('',*,*,#10880,.F.);
#10880 = EDGE_CURVE('',#10647,#10749,#10881,.T.);
#10881 = LINE('',#10882,#10883);
#10882 = CARTESIAN_POINT('',(-188.0904037956,200.81832585697,220.));
#10883 = VECTOR('',#10884,1.);
#10884 = DIRECTION('',(-0.707106781187,-0.707106781187,0.));
#10885 = ORIENTED_EDGE('',*,*,#10646,.T.);
#10886 = ORIENTED_EDGE('',*,*,#10880,.T.);
#10887 = CYLINDRICAL_SURFACE('',#10888,3.);
#10888 = AXIS2_PLACEMENT_3D('',#10889,#10890,#10891);
#10889 = CARTESIAN_POINT('',(-188.0904037956,200.81832585697,217.));
#10890 = DIRECTION('',(-0.707106781187,-0.707106781187,0.));
#10891 = DIRECTION('',(0.,0.,1.));
#10892 = ( GEOMETRIC_REPRESENTATION_CONTEXT(3) 
GLOBAL_UNCERTAINTY_ASSIGNED_CONTEXT((#10896)) 
GLOBAL_UNIT_ASSIGNED_CONTEXT((#10893,#10894,#10895)) 
REPRESENTATION_CONTEXT('Context #1',
  '3D Context with UNIT and UNCERTAINTY') );
#10893 = ( LENGTH_UNIT() NAMED_UNIT(*) SI_UNIT(.MILLI.,.METRE.) );
#10894 = ( NAMED_UNIT(*) PLANE_ANGLE_UNIT() SI_UNIT($,.RADIAN.) );
#10895 = ( NAMED_UNIT(*) SI_UNIT($,.STERADIAN.) SOLID_ANGLE_UNIT() );
#10896 = UNCERTAINTY_MEASURE_WITH_UNIT(LENGTH_MEASURE(1.E-07),#10893,
  'distance_accuracy_value','confusion accuracy');
#10897 = CONTEXT_DEPENDENT_SHAPE_REPRESENTATION(#10898,#10900);
#10898 = ( REPRESENTATION_RELATIONSHIP('','',#10531,#10) 
REPRESENTATION_RELATIONSHIP_WITH_TRANSFORMATION(#10899) 
SHAPE_REPRESENTATION_RELATIONSHIP() );
#10899 = ITEM_DEFINED_TRANSFORMATION('','',#11,#171);
#10900 = PRODUCT_DEFINITION_SHAPE('Placement','Placement of an item',
  #10901);
#10901 = NEXT_ASSEMBLY_USAGE_OCCURRENCE('40','P40 X level 3 beam 2','',
  #5,#10526,$);
#10902 = PRODUCT_RELATED_PRODUCT_CATEGORY('part',$,(#10528));
#10903 = SHAPE_DEFINITION_REPRESENTATION(#10904,#10910);
#10904 = PRODUCT_DEFINITION_SHAPE('','',#10905);
#10905 = PRODUCT_DEFINITION('design','',#10906,#10909);
#10906 = PRODUCT_DEFINITION_FORMATION('','',#10907);
#10907 = PRODUCT('P41 Upper transition band 45 / 1',
  'P41 Upper transition band 45 / 1','',(#10908));
#10908 = PRODUCT_CONTEXT('',#2,'mechanical');
#10909 = PRODUCT_DEFINITION_CONTEXT('part definition',#2,'design');
#10910 = ADVANCED_BREP_SHAPE_REPRESENTATION('',(#11,#10911),#11061);
#10911 = MANIFOLD_SOLID_BREP('',#10912);
#10912 = CLOSED_SHELL('',(#10913,#10953,#10993,#11015,#11037,#11049));
#10913 = ADVANCED_FACE('',(#10914),#10948,.F.);
#10914 = FACE_BOUND('',#10915,.F.);
#10915 = EDGE_LOOP('',(#10916,#10926,#10934,#10942));
#10916 = ORIENTED_EDGE('',*,*,#10917,.F.);
#10917 = EDGE_CURVE('',#10918,#10920,#10922,.T.);
#10918 = VERTEX_POINT('',#10919);
#10919 = CARTESIAN_POINT('',(229.80970388562,144.95689014324,
    381.90524980688));
#10920 = VERTEX_POINT('',#10921);
#10921 = CARTESIAN_POINT('',(229.80970388562,144.95689014324,
    395.90524980688));
#10922 = LINE('',#10923,#10924);
#10923 = CARTESIAN_POINT('',(229.80970388562,144.95689014324,
    381.90524980688));
#10924 = VECTOR('',#10925,1.);
#10925 = DIRECTION('',(0.,0.,1.));
#10926 = ORIENTED_EDGE('',*,*,#10927,.T.);
#10927 = EDGE_CURVE('',#10918,#10928,#10930,.T.);
#10928 = VERTEX_POINT('',#10929);
#10929 = CARTESIAN_POINT('',(144.95689014324,229.80970388562,
    381.90524980688));
#10930 = LINE('',#10931,#10932);
#10931 = CARTESIAN_POINT('',(229.80970388562,144.95689014324,
    381.90524980688));
#10932 = VECTOR('',#10933,1.);
#10933 = DIRECTION('',(-0.707106781187,0.707106781187,0.));
#10934 = ORIENTED_EDGE('',*,*,#10935,.T.);
#10935 = EDGE_CURVE('',#10928,#10936,#10938,.T.);
#10936 = VERTEX_POINT('',#10937);
#10937 = CARTESIAN_POINT('',(144.95689014324,229.80970388562,
    395.90524980688));
#10938 = LINE('',#10939,#10940);
#10939 = CARTESIAN_POINT('',(144.95689014324,229.80970388562,
    381.90524980688));
#10940 = VECTOR('',#10941,1.);
#10941 = DIRECTION('',(0.,0.,1.));
#10942 = ORIENTED_EDGE('',*,*,#10943,.F.);
#10943 = EDGE_CURVE('',#10920,#10936,#10944,.T.);
#10944 = LINE('',#10945,#10946);
#10945 = CARTESIAN_POINT('',(229.80970388562,144.95689014324,
    395.90524980688));
#10946 = VECTOR('',#10947,1.);
#10947 = DIRECTION('',(-0.707106781187,0.707106781187,0.));
#10948 = PLANE('',#10949);
#10949 = AXIS2_PLACEMENT_3D('',#10950,#10951,#10952);
#10950 = CARTESIAN_POINT('',(229.80970388562,144.95689014324,
    381.90524980688));
#10951 = DIRECTION('',(0.707106781187,0.707106781187,0.));
#10952 = DIRECTION('',(0.,0.,1.));
#10953 = ADVANCED_FACE('',(#10954),#10988,.T.);
#10954 = FACE_BOUND('',#10955,.T.);
#10955 = EDGE_LOOP('',(#10956,#10966,#10974,#10982));
#10956 = ORIENTED_EDGE('',*,*,#10957,.F.);
#10957 = EDGE_CURVE('',#10958,#10960,#10962,.T.);
#10958 = VERTEX_POINT('',#10959);
#10959 = CARTESIAN_POINT('',(243.95183950935,159.09902576697,
    381.90524980688));
#10960 = VERTEX_POINT('',#10961);
#10961 = CARTESIAN_POINT('',(243.95183950935,159.09902576697,
    395.90524980688));
#10962 = LINE('',#10963,#10964);
#10963 = CARTESIAN_POINT('',(243.95183950935,159.09902576697,
    381.90524980688));
#10964 = VECTOR('',#10965,1.);
#10965 = DIRECTION('',(0.,0.,1.));
#10966 = ORIENTED_EDGE('',*,*,#10967,.T.);
#10967 = EDGE_CURVE('',#10958,#10968,#10970,.T.);
#10968 = VERTEX_POINT('',#10969);
#10969 = CARTESIAN_POINT('',(159.09902576697,243.95183950935,
    381.90524980688));
#10970 = LINE('',#10971,#10972);
#10971 = CARTESIAN_POINT('',(243.95183950935,159.09902576697,
    381.90524980688));
#10972 = VECTOR('',#10973,1.);
#10973 = DIRECTION('',(-0.707106781187,0.707106781187,0.));
#10974 = ORIENTED_EDGE('',*,*,#10975,.T.);
#10975 = EDGE_CURVE('',#10968,#10976,#10978,.T.);
#10976 = VERTEX_POINT('',#10977);
#10977 = CARTESIAN_POINT('',(159.09902576697,243.95183950935,
    395.90524980688));
#10978 = LINE('',#10979,#10980);
#10979 = CARTESIAN_POINT('',(159.09902576697,243.95183950935,
    381.90524980688));
#10980 = VECTOR('',#10981,1.);
#10981 = DIRECTION('',(0.,0.,1.));
#10982 = ORIENTED_EDGE('',*,*,#10983,.F.);
#10983 = EDGE_CURVE('',#10960,#10976,#10984,.T.);
#10984 = LINE('',#10985,#10986);
#10985 = CARTESIAN_POINT('',(243.95183950935,159.09902576697,
    395.90524980688));
#10986 = VECTOR('',#10987,1.);
#10987 = DIRECTION('',(-0.707106781187,0.707106781187,0.));
#10988 = PLANE('',#10989);
#10989 = AXIS2_PLACEMENT_3D('',#10990,#10991,#10992);
#10990 = CARTESIAN_POINT('',(243.95183950935,159.09902576697,
    381.90524980688));
#10991 = DIRECTION('',(0.707106781187,0.707106781187,0.));
#10992 = DIRECTION('',(0.,0.,1.));
#10993 = ADVANCED_FACE('',(#10994),#11010,.F.);
#10994 = FACE_BOUND('',#10995,.F.);
#10995 = EDGE_LOOP('',(#10996,#11002,#11003,#11009));
#10996 = ORIENTED_EDGE('',*,*,#10997,.F.);
#10997 = EDGE_CURVE('',#10918,#10958,#10998,.T.);
#10998 = LINE('',#10999,#11000);
#10999 = CARTESIAN_POINT('',(229.80970388562,144.95689014324,
    381.90524980688));
#11000 = VECTOR('',#11001,1.);
#11001 = DIRECTION('',(0.707106781187,0.707106781187,0.));
#11002 = ORIENTED_EDGE('',*,*,#10917,.T.);
#11003 = ORIENTED_EDGE('',*,*,#11004,.T.);
#11004 = EDGE_CURVE('',#10920,#10960,#11005,.T.);
#11005 = LINE('',#11006,#11007);
#11006 = CARTESIAN_POINT('',(229.80970388562,144.95689014324,
    395.90524980688));
#11007 = VECTOR('',#11008,1.);
#11008 = DIRECTION('',(0.707106781187,0.707106781187,0.));
#11009 = ORIENTED_EDGE('',*,*,#10957,.F.);
#11010 = PLANE('',#11011);
#11011 = AXIS2_PLACEMENT_3D('',#11012,#11013,#11014);
#11012 = CARTESIAN_POINT('',(229.80970388562,144.95689014324,
    381.90524980688));
#11013 = DIRECTION('',(-0.707106781187,0.707106781187,0.));
#11014 = DIRECTION('',(0.,0.,1.));
#11015 = ADVANCED_FACE('',(#11016),#11032,.T.);
#11016 = FACE_BOUND('',#11017,.T.);
#11017 = EDGE_LOOP('',(#11018,#11024,#11025,#11031));
#11018 = ORIENTED_EDGE('',*,*,#11019,.F.);
#11019 = EDGE_CURVE('',#10928,#10968,#11020,.T.);
#11020 = LINE('',#11021,#11022);
#11021 = CARTESIAN_POINT('',(144.95689014324,229.80970388562,
    381.90524980688));
#11022 = VECTOR('',#11023,1.);
#11023 = DIRECTION('',(0.707106781187,0.707106781187,0.));
#11024 = ORIENTED_EDGE('',*,*,#10935,.T.);
#11025 = ORIENTED_EDGE('',*,*,#11026,.T.);
#11026 = EDGE_CURVE('',#10936,#10976,#11027,.T.);
#11027 = LINE('',#11028,#11029);
#11028 = CARTESIAN_POINT('',(144.95689014324,229.80970388562,
    395.90524980688));
#11029 = VECTOR('',#11030,1.);
#11030 = DIRECTION('',(0.707106781187,0.707106781187,0.));
#11031 = ORIENTED_EDGE('',*,*,#10975,.F.);
#11032 = PLANE('',#11033);
#11033 = AXIS2_PLACEMENT_3D('',#11034,#11035,#11036);
#11034 = CARTESIAN_POINT('',(144.95689014324,229.80970388562,
    381.90524980688));
#11035 = DIRECTION('',(-0.707106781187,0.707106781187,0.));
#11036 = DIRECTION('',(0.,0.,1.));
#11037 = ADVANCED_FACE('',(#11038),#11044,.F.);
#11038 = FACE_BOUND('',#11039,.F.);
#11039 = EDGE_LOOP('',(#11040,#11041,#11042,#11043));
#11040 = ORIENTED_EDGE('',*,*,#10927,.F.);
#11041 = ORIENTED_EDGE('',*,*,#10997,.T.);
#11042 = ORIENTED_EDGE('',*,*,#10967,.T.);
#11043 = ORIENTED_EDGE('',*,*,#11019,.F.);
#11044 = PLANE('',#11045);
#11045 = AXIS2_PLACEMENT_3D('',#11046,#11047,#11048);
#11046 = CARTESIAN_POINT('',(229.80970388562,144.95689014324,
    381.90524980688));
#11047 = DIRECTION('',(0.,0.,1.));
#11048 = DIRECTION('',(0.707106781187,0.707106781187,0.));
#11049 = ADVANCED_FACE('',(#11050),#11056,.T.);
#11050 = FACE_BOUND('',#11051,.T.);
#11051 = EDGE_LOOP('',(#11052,#11053,#11054,#11055));
#11052 = ORIENTED_EDGE('',*,*,#10943,.F.);
#11053 = ORIENTED_EDGE('',*,*,#11004,.T.);
#11054 = ORIENTED_EDGE('',*,*,#10983,.T.);
#11055 = ORIENTED_EDGE('',*,*,#11026,.F.);
#11056 = PLANE('',#11057);
#11057 = AXIS2_PLACEMENT_3D('',#11058,#11059,#11060);
#11058 = CARTESIAN_POINT('',(229.80970388562,144.95689014324,
    395.90524980688));
#11059 = DIRECTION('',(0.,0.,1.));
#11060 = DIRECTION('',(0.707106781187,0.707106781187,0.));
#11061 = ( GEOMETRIC_REPRESENTATION_CONTEXT(3) 
GLOBAL_UNCERTAINTY_ASSIGNED_CONTEXT((#11065)) 
GLOBAL_UNIT_ASSIGNED_CONTEXT((#11062,#11063,#11064)) 
REPRESENTATION_CONTEXT('Context #1',
  '3D Context with UNIT and UNCERTAINTY') );
#11062 = ( LENGTH_UNIT() NAMED_UNIT(*) SI_UNIT(.MILLI.,.METRE.) );
#11063 = ( NAMED_UNIT(*) PLANE_ANGLE_UNIT() SI_UNIT($,.RADIAN.) );
#11064 = ( NAMED_UNIT(*) SI_UNIT($,.STERADIAN.) SOLID_ANGLE_UNIT() );
#11065 = UNCERTAINTY_MEASURE_WITH_UNIT(LENGTH_MEASURE(1.E-07),#11062,
  'distance_accuracy_value','confusion accuracy');
#11066 = CONTEXT_DEPENDENT_SHAPE_REPRESENTATION(#11067,#11069);
#11067 = ( REPRESENTATION_RELATIONSHIP('','',#10910,#10) 
REPRESENTATION_RELATIONSHIP_WITH_TRANSFORMATION(#11068) 
SHAPE_REPRESENTATION_RELATIONSHIP() );
#11068 = ITEM_DEFINED_TRANSFORMATION('','',#11,#175);
#11069 = PRODUCT_DEFINITION_SHAPE('Placement','Placement of an item',
  #11070);
#11070 = NEXT_ASSEMBLY_USAGE_OCCURRENCE('41',
  'P41 Upper transition band 45 / 1','',#5,#10905,$);
#11071 = PRODUCT_RELATED_PRODUCT_CATEGORY('part',$,(#10907));
#11072 = SHAPE_DEFINITION_REPRESENTATION(#11073,#11079);
#11073 = PRODUCT_DEFINITION_SHAPE('','',#11074);
#11074 = PRODUCT_DEFINITION('design','',#11075,#11078);
#11075 = PRODUCT_DEFINITION_FORMATION('','',#11076);
#11076 = PRODUCT('P42 Upper transition band 45 / 2',
  'P42 Upper transition band 45 / 2','',(#11077));
#11077 = PRODUCT_CONTEXT('',#2,'mechanical');
#11078 = PRODUCT_DEFINITION_CONTEXT('part definition',#2,'design');
#11079 = ADVANCED_BREP_SHAPE_REPRESENTATION('',(#11,#11080),#11230);
#11080 = MANIFOLD_SOLID_BREP('',#11081);
#11081 = CLOSED_SHELL('',(#11082,#11122,#11162,#11184,#11206,#11218));
#11082 = ADVANCED_FACE('',(#11083),#11117,.F.);
#11083 = FACE_BOUND('',#11084,.F.);
#11084 = EDGE_LOOP('',(#11085,#11095,#11103,#11111));
#11085 = ORIENTED_EDGE('',*,*,#11086,.F.);
#11086 = EDGE_CURVE('',#11087,#11089,#11091,.T.);
#11087 = VERTEX_POINT('',#11088);
#11088 = CARTESIAN_POINT('',(229.80970388562,144.95689014324,
    353.90524980688));
#11089 = VERTEX_POINT('',#11090);
#11090 = CARTESIAN_POINT('',(229.80970388562,144.95689014324,
    367.90524980688));
#11091 = LINE('',#11092,#11093);
#11092 = CARTESIAN_POINT('',(229.80970388562,144.95689014324,
    353.90524980688));
#11093 = VECTOR('',#11094,1.);
#11094 = DIRECTION('',(0.,0.,1.));
#11095 = ORIENTED_EDGE('',*,*,#11096,.T.);
#11096 = EDGE_CURVE('',#11087,#11097,#11099,.T.);
#11097 = VERTEX_POINT('',#11098);
#11098 = CARTESIAN_POINT('',(144.95689014324,229.80970388562,
    353.90524980688));
#11099 = LINE('',#11100,#11101);
#11100 = CARTESIAN_POINT('',(229.80970388562,144.95689014324,
    353.90524980688));
#11101 = VECTOR('',#11102,1.);
#11102 = DIRECTION('',(-0.707106781187,0.707106781187,0.));
#11103 = ORIENTED_EDGE('',*,*,#11104,.T.);
#11104 = EDGE_CURVE('',#11097,#11105,#11107,.T.);
#11105 = VERTEX_POINT('',#11106);
#11106 = CARTESIAN_POINT('',(144.95689014324,229.80970388562,
    367.90524980688));
#11107 = LINE('',#11108,#11109);
#11108 = CARTESIAN_POINT('',(144.95689014324,229.80970388562,
    353.90524980688));
#11109 = VECTOR('',#11110,1.);
#11110 = DIRECTION('',(0.,0.,1.));
#11111 = ORIENTED_EDGE('',*,*,#11112,.F.);
#11112 = EDGE_CURVE('',#11089,#11105,#11113,.T.);
#11113 = LINE('',#11114,#11115);
#11114 = CARTESIAN_POINT('',(229.80970388562,144.95689014324,
    367.90524980688));
#11115 = VECTOR('',#11116,1.);
#11116 = DIRECTION('',(-0.707106781187,0.707106781187,0.));
#11117 = PLANE('',#11118);
#11118 = AXIS2_PLACEMENT_3D('',#11119,#11120,#11121);
#11119 = CARTESIAN_POINT('',(229.80970388562,144.95689014324,
    353.90524980688));
#11120 = DIRECTION('',(0.707106781187,0.707106781187,0.));
#11121 = DIRECTION('',(0.,0.,1.));
#11122 = ADVANCED_FACE('',(#11123),#11157,.T.);
#11123 = FACE_BOUND('',#11124,.T.);
#11124 = EDGE_LOOP('',(#11125,#11135,#11143,#11151));
#11125 = ORIENTED_EDGE('',*,*,#11126,.F.);
#11126 = EDGE_CURVE('',#11127,#11129,#11131,.T.);
#11127 = VERTEX_POINT('',#11128);
#11128 = CARTESIAN_POINT('',(243.95183950935,159.09902576697,
    353.90524980688));
#11129 = VERTEX_POINT('',#11130);
#11130 = CARTESIAN_POINT('',(243.95183950935,159.09902576697,
    367.90524980688));
#11131 = LINE('',#11132,#11133);
#11132 = CARTESIAN_POINT('',(243.95183950935,159.09902576697,
    353.90524980688));
#11133 = VECTOR('',#11134,1.);
#11134 = DIRECTION('',(0.,0.,1.));
#11135 = ORIENTED_EDGE('',*,*,#11136,.T.);
#11136 = EDGE_CURVE('',#11127,#11137,#11139,.T.);
#11137 = VERTEX_POINT('',#11138);
#11138 = CARTESIAN_POINT('',(159.09902576697,243.95183950935,
    353.90524980688));
#11139 = LINE('',#11140,#11141);
#11140 = CARTESIAN_POINT('',(243.95183950935,159.09902576697,
    353.90524980688));
#11141 = VECTOR('',#11142,1.);
#11142 = DIRECTION('',(-0.707106781187,0.707106781187,0.));
#11143 = ORIENTED_EDGE('',*,*,#11144,.T.);
#11144 = EDGE_CURVE('',#11137,#11145,#11147,.T.);
#11145 = VERTEX_POINT('',#11146);
#11146 = CARTESIAN_POINT('',(159.09902576697,243.95183950935,
    367.90524980688));
#11147 = LINE('',#11148,#11149);
#11148 = CARTESIAN_POINT('',(159.09902576697,243.95183950935,
    353.90524980688));
#11149 = VECTOR('',#11150,1.);
#11150 = DIRECTION('',(0.,0.,1.));
#11151 = ORIENTED_EDGE('',*,*,#11152,.F.);
#11152 = EDGE_CURVE('',#11129,#11145,#11153,.T.);
#11153 = LINE('',#11154,#11155);
#11154 = CARTESIAN_POINT('',(243.95183950935,159.09902576697,
    367.90524980688));
#11155 = VECTOR('',#11156,1.);
#11156 = DIRECTION('',(-0.707106781187,0.707106781187,0.));
#11157 = PLANE('',#11158);
#11158 = AXIS2_PLACEMENT_3D('',#11159,#11160,#11161);
#11159 = CARTESIAN_POINT('',(243.95183950935,159.09902576697,
    353.90524980688));
#11160 = DIRECTION('',(0.707106781187,0.707106781187,0.));
#11161 = DIRECTION('',(0.,0.,1.));
#11162 = ADVANCED_FACE('',(#11163),#11179,.F.);
#11163 = FACE_BOUND('',#11164,.F.);
#11164 = EDGE_LOOP('',(#11165,#11171,#11172,#11178));
#11165 = ORIENTED_EDGE('',*,*,#11166,.F.);
#11166 = EDGE_CURVE('',#11087,#11127,#11167,.T.);
#11167 = LINE('',#11168,#11169);
#11168 = CARTESIAN_POINT('',(229.80970388562,144.95689014324,
    353.90524980688));
#11169 = VECTOR('',#11170,1.);
#11170 = DIRECTION('',(0.707106781187,0.707106781187,0.));
#11171 = ORIENTED_EDGE('',*,*,#11086,.T.);
#11172 = ORIENTED_EDGE('',*,*,#11173,.T.);
#11173 = EDGE_CURVE('',#11089,#11129,#11174,.T.);
#11174 = LINE('',#11175,#11176);
#11175 = CARTESIAN_POINT('',(229.80970388562,144.95689014324,
    367.90524980688));
#11176 = VECTOR('',#11177,1.);
#11177 = DIRECTION('',(0.707106781187,0.707106781187,0.));
#11178 = ORIENTED_EDGE('',*,*,#11126,.F.);
#11179 = PLANE('',#11180);
#11180 = AXIS2_PLACEMENT_3D('',#11181,#11182,#11183);
#11181 = CARTESIAN_POINT('',(229.80970388562,144.95689014324,
    353.90524980688));
#11182 = DIRECTION('',(-0.707106781187,0.707106781187,0.));
#11183 = DIRECTION('',(0.,0.,1.));
#11184 = ADVANCED_FACE('',(#11185),#11201,.T.);
#11185 = FACE_BOUND('',#11186,.T.);
#11186 = EDGE_LOOP('',(#11187,#11193,#11194,#11200));
#11187 = ORIENTED_EDGE('',*,*,#11188,.F.);
#11188 = EDGE_CURVE('',#11097,#11137,#11189,.T.);
#11189 = LINE('',#11190,#11191);
#11190 = CARTESIAN_POINT('',(144.95689014324,229.80970388562,
    353.90524980688));
#11191 = VECTOR('',#11192,1.);
#11192 = DIRECTION('',(0.707106781187,0.707106781187,0.));
#11193 = ORIENTED_EDGE('',*,*,#11104,.T.);
#11194 = ORIENTED_EDGE('',*,*,#11195,.T.);
#11195 = EDGE_CURVE('',#11105,#11145,#11196,.T.);
#11196 = LINE('',#11197,#11198);
#11197 = CARTESIAN_POINT('',(144.95689014324,229.80970388562,
    367.90524980688));
#11198 = VECTOR('',#11199,1.);
#11199 = DIRECTION('',(0.707106781187,0.707106781187,0.));
#11200 = ORIENTED_EDGE('',*,*,#11144,.F.);
#11201 = PLANE('',#11202);
#11202 = AXIS2_PLACEMENT_3D('',#11203,#11204,#11205);
#11203 = CARTESIAN_POINT('',(144.95689014324,229.80970388562,
    353.90524980688));
#11204 = DIRECTION('',(-0.707106781187,0.707106781187,0.));
#11205 = DIRECTION('',(0.,0.,1.));
#11206 = ADVANCED_FACE('',(#11207),#11213,.F.);
#11207 = FACE_BOUND('',#11208,.F.);
#11208 = EDGE_LOOP('',(#11209,#11210,#11211,#11212));
#11209 = ORIENTED_EDGE('',*,*,#11096,.F.);
#11210 = ORIENTED_EDGE('',*,*,#11166,.T.);
#11211 = ORIENTED_EDGE('',*,*,#11136,.T.);
#11212 = ORIENTED_EDGE('',*,*,#11188,.F.);
#11213 = PLANE('',#11214);
#11214 = AXIS2_PLACEMENT_3D('',#11215,#11216,#11217);
#11215 = CARTESIAN_POINT('',(229.80970388562,144.95689014324,
    353.90524980688));
#11216 = DIRECTION('',(0.,0.,1.));
#11217 = DIRECTION('',(0.707106781187,0.707106781187,0.));
#11218 = ADVANCED_FACE('',(#11219),#11225,.T.);
#11219 = FACE_BOUND('',#11220,.T.);
#11220 = EDGE_LOOP('',(#11221,#11222,#11223,#11224));
#11221 = ORIENTED_EDGE('',*,*,#11112,.F.);
#11222 = ORIENTED_EDGE('',*,*,#11173,.T.);
#11223 = ORIENTED_EDGE('',*,*,#11152,.T.);
#11224 = ORIENTED_EDGE('',*,*,#11195,.F.);
#11225 = PLANE('',#11226);
#11226 = AXIS2_PLACEMENT_3D('',#11227,#11228,#11229);
#11227 = CARTESIAN_POINT('',(229.80970388562,144.95689014324,
    367.90524980688));
#11228 = DIRECTION('',(0.,0.,1.));
#11229 = DIRECTION('',(0.707106781187,0.707106781187,0.));
#11230 = ( GEOMETRIC_REPRESENTATION_CONTEXT(3) 
GLOBAL_UNCERTAINTY_ASSIGNED_CONTEXT((#11234)) 
GLOBAL_UNIT_ASSIGNED_CONTEXT((#11231,#11232,#11233)) 
REPRESENTATION_CONTEXT('Context #1',
  '3D Context with UNIT and UNCERTAINTY') );
#11231 = ( LENGTH_UNIT() NAMED_UNIT(*) SI_UNIT(.MILLI.,.METRE.) );
#11232 = ( NAMED_UNIT(*) PLANE_ANGLE_UNIT() SI_UNIT($,.RADIAN.) );
#11233 = ( NAMED_UNIT(*) SI_UNIT($,.STERADIAN.) SOLID_ANGLE_UNIT() );
#11234 = UNCERTAINTY_MEASURE_WITH_UNIT(LENGTH_MEASURE(1.E-07),#11231,
  'distance_accuracy_value','confusion accuracy');
#11235 = CONTEXT_DEPENDENT_SHAPE_REPRESENTATION(#11236,#11238);
#11236 = ( REPRESENTATION_RELATIONSHIP('','',#11079,#10) 
REPRESENTATION_RELATIONSHIP_WITH_TRANSFORMATION(#11237) 
SHAPE_REPRESENTATION_RELATIONSHIP() );
#11237 = ITEM_DEFINED_TRANSFORMATION('','',#11,#179);
#11238 = PRODUCT_DEFINITION_SHAPE('Placement','Placement of an item',
  #11239);
#11239 = NEXT_ASSEMBLY_USAGE_OCCURRENCE('42',
  'P42 Upper transition band 45 / 2','',#5,#11074,$);
#11240 = PRODUCT_RELATED_PRODUCT_CATEGORY('part',$,(#11076));
#11241 = SHAPE_DEFINITION_REPRESENTATION(#11242,#11248);
#11242 = PRODUCT_DEFINITION_SHAPE('','',#11243);
#11243 = PRODUCT_DEFINITION('design','',#11244,#11247);
#11244 = PRODUCT_DEFINITION_FORMATION('','',#11245);
#11245 = PRODUCT('P43 Upper transition band 135 / 1',
  'P43 Upper transition band 135 / 1','',(#11246));
#11246 = PRODUCT_CONTEXT('',#2,'mechanical');
#11247 = PRODUCT_DEFINITION_CONTEXT('part definition',#2,'design');
#11248 = ADVANCED_BREP_SHAPE_REPRESENTATION('',(#11,#11249),#11399);
#11249 = MANIFOLD_SOLID_BREP('',#11250);
#11250 = CLOSED_SHELL('',(#11251,#11291,#11331,#11353,#11375,#11387));
#11251 = ADVANCED_FACE('',(#11252),#11286,.F.);
#11252 = FACE_BOUND('',#11253,.F.);
#11253 = EDGE_LOOP('',(#11254,#11264,#11272,#11280));
#11254 = ORIENTED_EDGE('',*,*,#11255,.F.);
#11255 = EDGE_CURVE('',#11256,#11258,#11260,.T.);
#11256 = VERTEX_POINT('',#11257);
#11257 = CARTESIAN_POINT('',(-144.9568901432,229.80970388562,
    381.90524980688));
#11258 = VERTEX_POINT('',#11259);
#11259 = CARTESIAN_POINT('',(-144.9568901432,229.80970388562,
    395.90524980688));
#11260 = LINE('',#11261,#11262);
#11261 = CARTESIAN_POINT('',(-144.9568901432,229.80970388562,
    381.90524980688));
#11262 = VECTOR('',#11263,1.);
#11263 = DIRECTION('',(0.,0.,1.));
#11264 = ORIENTED_EDGE('',*,*,#11265,.T.);
#11265 = EDGE_CURVE('',#11256,#11266,#11268,.T.);
#11266 = VERTEX_POINT('',#11267);
#11267 = CARTESIAN_POINT('',(-229.8097038856,144.95689014324,
    381.90524980688));
#11268 = LINE('',#11269,#11270);
#11269 = CARTESIAN_POINT('',(-144.9568901432,229.80970388562,
    381.90524980688));
#11270 = VECTOR('',#11271,1.);
#11271 = DIRECTION('',(-0.707106781187,-0.707106781187,0.));
#11272 = ORIENTED_EDGE('',*,*,#11273,.T.);
#11273 = EDGE_CURVE('',#11266,#11274,#11276,.T.);
#11274 = VERTEX_POINT('',#11275);
#11275 = CARTESIAN_POINT('',(-229.8097038856,144.95689014324,
    395.90524980688));
#11276 = LINE('',#11277,#11278);
#11277 = CARTESIAN_POINT('',(-229.8097038856,144.95689014324,
    381.90524980688));
#11278 = VECTOR('',#11279,1.);
#11279 = DIRECTION('',(0.,0.,1.));
#11280 = ORIENTED_EDGE('',*,*,#11281,.F.);
#11281 = EDGE_CURVE('',#11258,#11274,#11282,.T.);
#11282 = LINE('',#11283,#11284);
#11283 = CARTESIAN_POINT('',(-144.9568901432,229.80970388562,
    395.90524980688));
#11284 = VECTOR('',#11285,1.);
#11285 = DIRECTION('',(-0.707106781187,-0.707106781187,0.));
#11286 = PLANE('',#11287);
#11287 = AXIS2_PLACEMENT_3D('',#11288,#11289,#11290);
#11288 = CARTESIAN_POINT('',(-144.9568901432,229.80970388562,
    381.90524980688));
#11289 = DIRECTION('',(-0.707106781187,0.707106781187,0.));
#11290 = DIRECTION('',(0.,0.,1.));
#11291 = ADVANCED_FACE('',(#11292),#11326,.T.);
#11292 = FACE_BOUND('',#11293,.T.);
#11293 = EDGE_LOOP('',(#11294,#11304,#11312,#11320));
#11294 = ORIENTED_EDGE('',*,*,#11295,.F.);
#11295 = EDGE_CURVE('',#11296,#11298,#11300,.T.);
#11296 = VERTEX_POINT('',#11297);
#11297 = CARTESIAN_POINT('',(-159.0990257669,243.95183950935,
    381.90524980688));
#11298 = VERTEX_POINT('',#11299);
#11299 = CARTESIAN_POINT('',(-159.0990257669,243.95183950935,
    395.90524980688));
#11300 = LINE('',#11301,#11302);
#11301 = CARTESIAN_POINT('',(-159.0990257669,243.95183950935,
    381.90524980688));
#11302 = VECTOR('',#11303,1.);
#11303 = DIRECTION('',(0.,0.,1.));
#11304 = ORIENTED_EDGE('',*,*,#11305,.T.);
#11305 = EDGE_CURVE('',#11296,#11306,#11308,.T.);
#11306 = VERTEX_POINT('',#11307);
#11307 = CARTESIAN_POINT('',(-243.9518395093,159.09902576697,
    381.90524980688));
#11308 = LINE('',#11309,#11310);
#11309 = CARTESIAN_POINT('',(-159.0990257669,243.95183950935,
    381.90524980688));
#11310 = VECTOR('',#11311,1.);
#11311 = DIRECTION('',(-0.707106781187,-0.707106781187,0.));
#11312 = ORIENTED_EDGE('',*,*,#11313,.T.);
#11313 = EDGE_CURVE('',#11306,#11314,#11316,.T.);
#11314 = VERTEX_POINT('',#11315);
#11315 = CARTESIAN_POINT('',(-243.9518395093,159.09902576697,
    395.90524980688));
#11316 = LINE('',#11317,#11318);
#11317 = CARTESIAN_POINT('',(-243.9518395093,159.09902576697,
    381.90524980688));
#11318 = VECTOR('',#11319,1.);
#11319 = DIRECTION('',(0.,0.,1.));
#11320 = ORIENTED_EDGE('',*,*,#11321,.F.);
#11321 = EDGE_CURVE('',#11298,#11314,#11322,.T.);
#11322 = LINE('',#11323,#11324);
#11323 = CARTESIAN_POINT('',(-159.0990257669,243.95183950935,
    395.90524980688));
#11324 = VECTOR('',#11325,1.);
#11325 = DIRECTION('',(-0.707106781187,-0.707106781187,0.));
#11326 = PLANE('',#11327);
#11327 = AXIS2_PLACEMENT_3D('',#11328,#11329,#11330);
#11328 = CARTESIAN_POINT('',(-159.0990257669,243.95183950935,
    381.90524980688));
#11329 = DIRECTION('',(-0.707106781187,0.707106781187,0.));
#11330 = DIRECTION('',(0.,0.,1.));
#11331 = ADVANCED_FACE('',(#11332),#11348,.F.);
#11332 = FACE_BOUND('',#11333,.F.);
#11333 = EDGE_LOOP('',(#11334,#11340,#11341,#11347));
#11334 = ORIENTED_EDGE('',*,*,#11335,.F.);
#11335 = EDGE_CURVE('',#11256,#11296,#11336,.T.);
#11336 = LINE('',#11337,#11338);
#11337 = CARTESIAN_POINT('',(-144.9568901432,229.80970388562,
    381.90524980688));
#11338 = VECTOR('',#11339,1.);
#11339 = DIRECTION('',(-0.707106781187,0.707106781187,0.));
#11340 = ORIENTED_EDGE('',*,*,#11255,.T.);
#11341 = ORIENTED_EDGE('',*,*,#11342,.T.);
#11342 = EDGE_CURVE('',#11258,#11298,#11343,.T.);
#11343 = LINE('',#11344,#11345);
#11344 = CARTESIAN_POINT('',(-144.9568901432,229.80970388562,
    395.90524980688));
#11345 = VECTOR('',#11346,1.);
#11346 = DIRECTION('',(-0.707106781187,0.707106781187,0.));
#11347 = ORIENTED_EDGE('',*,*,#11295,.F.);
#11348 = PLANE('',#11349);
#11349 = AXIS2_PLACEMENT_3D('',#11350,#11351,#11352);
#11350 = CARTESIAN_POINT('',(-144.9568901432,229.80970388562,
    381.90524980688));
#11351 = DIRECTION('',(-0.707106781187,-0.707106781187,0.));
#11352 = DIRECTION('',(0.,0.,1.));
#11353 = ADVANCED_FACE('',(#11354),#11370,.T.);
#11354 = FACE_BOUND('',#11355,.T.);
#11355 = EDGE_LOOP('',(#11356,#11362,#11363,#11369));
#11356 = ORIENTED_EDGE('',*,*,#11357,.F.);
#11357 = EDGE_CURVE('',#11266,#11306,#11358,.T.);
#11358 = LINE('',#11359,#11360);
#11359 = CARTESIAN_POINT('',(-229.8097038856,144.95689014324,
    381.90524980688));
#11360 = VECTOR('',#11361,1.);
#11361 = DIRECTION('',(-0.707106781187,0.707106781187,0.));
#11362 = ORIENTED_EDGE('',*,*,#11273,.T.);
#11363 = ORIENTED_EDGE('',*,*,#11364,.T.);
#11364 = EDGE_CURVE('',#11274,#11314,#11365,.T.);
#11365 = LINE('',#11366,#11367);
#11366 = CARTESIAN_POINT('',(-229.8097038856,144.95689014324,
    395.90524980688));
#11367 = VECTOR('',#11368,1.);
#11368 = DIRECTION('',(-0.707106781187,0.707106781187,0.));
#11369 = ORIENTED_EDGE('',*,*,#11313,.F.);
#11370 = PLANE('',#11371);
#11371 = AXIS2_PLACEMENT_3D('',#11372,#11373,#11374);
#11372 = CARTESIAN_POINT('',(-229.8097038856,144.95689014324,
    381.90524980688));
#11373 = DIRECTION('',(-0.707106781187,-0.707106781187,0.));
#11374 = DIRECTION('',(0.,0.,1.));
#11375 = ADVANCED_FACE('',(#11376),#11382,.F.);
#11376 = FACE_BOUND('',#11377,.F.);
#11377 = EDGE_LOOP('',(#11378,#11379,#11380,#11381));
#11378 = ORIENTED_EDGE('',*,*,#11265,.F.);
#11379 = ORIENTED_EDGE('',*,*,#11335,.T.);
#11380 = ORIENTED_EDGE('',*,*,#11305,.T.);
#11381 = ORIENTED_EDGE('',*,*,#11357,.F.);
#11382 = PLANE('',#11383);
#11383 = AXIS2_PLACEMENT_3D('',#11384,#11385,#11386);
#11384 = CARTESIAN_POINT('',(-144.9568901432,229.80970388562,
    381.90524980688));
#11385 = DIRECTION('',(0.,0.,1.));
#11386 = DIRECTION('',(-0.707106781187,0.707106781187,0.));
#11387 = ADVANCED_FACE('',(#11388),#11394,.T.);
#11388 = FACE_BOUND('',#11389,.T.);
#11389 = EDGE_LOOP('',(#11390,#11391,#11392,#11393));
#11390 = ORIENTED_EDGE('',*,*,#11281,.F.);
#11391 = ORIENTED_EDGE('',*,*,#11342,.T.);
#11392 = ORIENTED_EDGE('',*,*,#11321,.T.);
#11393 = ORIENTED_EDGE('',*,*,#11364,.F.);
#11394 = PLANE('',#11395);
#11395 = AXIS2_PLACEMENT_3D('',#11396,#11397,#11398);
#11396 = CARTESIAN_POINT('',(-144.9568901432,229.80970388562,
    395.90524980688));
#11397 = DIRECTION('',(0.,0.,1.));
#11398 = DIRECTION('',(-0.707106781187,0.707106781187,0.));
#11399 = ( GEOMETRIC_REPRESENTATION_CONTEXT(3) 
GLOBAL_UNCERTAINTY_ASSIGNED_CONTEXT((#11403)) 
GLOBAL_UNIT_ASSIGNED_CONTEXT((#11400,#11401,#11402)) 
REPRESENTATION_CONTEXT('Context #1',
  '3D Context with UNIT and UNCERTAINTY') );
#11400 = ( LENGTH_UNIT() NAMED_UNIT(*) SI_UNIT(.MILLI.,.METRE.) );
#11401 = ( NAMED_UNIT(*) PLANE_ANGLE_UNIT() SI_UNIT($,.RADIAN.) );
#11402 = ( NAMED_UNIT(*) SI_UNIT($,.STERADIAN.) SOLID_ANGLE_UNIT() );
#11403 = UNCERTAINTY_MEASURE_WITH_UNIT(LENGTH_MEASURE(1.E-07),#11400,
  'distance_accuracy_value','confusion accuracy');
#11404 = CONTEXT_DEPENDENT_SHAPE_REPRESENTATION(#11405,#11407);
#11405 = ( REPRESENTATION_RELATIONSHIP('','',#11248,#10) 
REPRESENTATION_RELATIONSHIP_WITH_TRANSFORMATION(#11406) 
SHAPE_REPRESENTATION_RELATIONSHIP() );
#11406 = ITEM_DEFINED_TRANSFORMATION('','',#11,#183);
#11407 = PRODUCT_DEFINITION_SHAPE('Placement','Placement of an item',
  #11408);
#11408 = NEXT_ASSEMBLY_USAGE_OCCURRENCE('43',
  'P43 Upper transition band 135 / 1','',#5,#11243,$);
#11409 = PRODUCT_RELATED_PRODUCT_CATEGORY('part',$,(#11245));
#11410 = SHAPE_DEFINITION_REPRESENTATION(#11411,#11417);
#11411 = PRODUCT_DEFINITION_SHAPE('','',#11412);
#11412 = PRODUCT_DEFINITION('design','',#11413,#11416);
#11413 = PRODUCT_DEFINITION_FORMATION('','',#11414);
#11414 = PRODUCT('P44 Upper transition band 135 / 2',
  'P44 Upper transition band 135 / 2','',(#11415));
#11415 = PRODUCT_CONTEXT('',#2,'mechanical');
#11416 = PRODUCT_DEFINITION_CONTEXT('part definition',#2,'design');
#11417 = ADVANCED_BREP_SHAPE_REPRESENTATION('',(#11,#11418),#11568);
#11418 = MANIFOLD_SOLID_BREP('',#11419);
#11419 = CLOSED_SHELL('',(#11420,#11460,#11500,#11522,#11544,#11556));
#11420 = ADVANCED_FACE('',(#11421),#11455,.F.);
#11421 = FACE_BOUND('',#11422,.F.);
#11422 = EDGE_LOOP('',(#11423,#11433,#11441,#11449));
#11423 = ORIENTED_EDGE('',*,*,#11424,.F.);
#11424 = EDGE_CURVE('',#11425,#11427,#11429,.T.);
#11425 = VERTEX_POINT('',#11426);
#11426 = CARTESIAN_POINT('',(-144.9568901432,229.80970388562,
    353.90524980688));
#11427 = VERTEX_POINT('',#11428);
#11428 = CARTESIAN_POINT('',(-144.9568901432,229.80970388562,
    367.90524980688));
#11429 = LINE('',#11430,#11431);
#11430 = CARTESIAN_POINT('',(-144.9568901432,229.80970388562,
    353.90524980688));
#11431 = VECTOR('',#11432,1.);
#11432 = DIRECTION('',(0.,0.,1.));
#11433 = ORIENTED_EDGE('',*,*,#11434,.T.);
#11434 = EDGE_CURVE('',#11425,#11435,#11437,.T.);
#11435 = VERTEX_POINT('',#11436);
#11436 = CARTESIAN_POINT('',(-229.8097038856,144.95689014324,
    353.90524980688));
#11437 = LINE('',#11438,#11439);
#11438 = CARTESIAN_POINT('',(-144.9568901432,229.80970388562,
    353.90524980688));
#11439 = VECTOR('',#11440,1.);
#11440 = DIRECTION('',(-0.707106781187,-0.707106781187,0.));
#11441 = ORIENTED_EDGE('',*,*,#11442,.T.);
#11442 = EDGE_CURVE('',#11435,#11443,#11445,.T.);
#11443 = VERTEX_POINT('',#11444);
#11444 = CARTESIAN_POINT('',(-229.8097038856,144.95689014324,
    367.90524980688));
#11445 = LINE('',#11446,#11447);
#11446 = CARTESIAN_POINT('',(-229.8097038856,144.95689014324,
    353.90524980688));
#11447 = VECTOR('',#11448,1.);
#11448 = DIRECTION('',(0.,0.,1.));
#11449 = ORIENTED_EDGE('',*,*,#11450,.F.);
#11450 = EDGE_CURVE('',#11427,#11443,#11451,.T.);
#11451 = LINE('',#11452,#11453);
#11452 = CARTESIAN_POINT('',(-144.9568901432,229.80970388562,
    367.90524980688));
#11453 = VECTOR('',#11454,1.);
#11454 = DIRECTION('',(-0.707106781187,-0.707106781187,0.));
#11455 = PLANE('',#11456);
#11456 = AXIS2_PLACEMENT_3D('',#11457,#11458,#11459);
#11457 = CARTESIAN_POINT('',(-144.9568901432,229.80970388562,
    353.90524980688));
#11458 = DIRECTION('',(-0.707106781187,0.707106781187,0.));
#11459 = DIRECTION('',(0.,0.,1.));
#11460 = ADVANCED_FACE('',(#11461),#11495,.T.);
#11461 = FACE_BOUND('',#11462,.T.);
#11462 = EDGE_LOOP('',(#11463,#11473,#11481,#11489));
#11463 = ORIENTED_EDGE('',*,*,#11464,.F.);
#11464 = EDGE_CURVE('',#11465,#11467,#11469,.T.);
#11465 = VERTEX_POINT('',#11466);
#11466 = CARTESIAN_POINT('',(-159.0990257669,243.95183950935,
    353.90524980688));
#11467 = VERTEX_POINT('',#11468);
#11468 = CARTESIAN_POINT('',(-159.0990257669,243.95183950935,
    367.90524980688));
#11469 = LINE('',#11470,#11471);
#11470 = CARTESIAN_POINT('',(-159.0990257669,243.95183950935,
    353.90524980688));
#11471 = VECTOR('',#11472,1.);
#11472 = DIRECTION('',(0.,0.,1.));
#11473 = ORIENTED_EDGE('',*,*,#11474,.T.);
#11474 = EDGE_CURVE('',#11465,#11475,#11477,.T.);
#11475 = VERTEX_POINT('',#11476);
#11476 = CARTESIAN_POINT('',(-243.9518395093,159.09902576697,
    353.90524980688));
#11477 = LINE('',#11478,#11479);
#11478 = CARTESIAN_POINT('',(-159.0990257669,243.95183950935,
    353.90524980688));
#11479 = VECTOR('',#11480,1.);
#11480 = DIRECTION('',(-0.707106781187,-0.707106781187,0.));
#11481 = ORIENTED_EDGE('',*,*,#11482,.T.);
#11482 = EDGE_CURVE('',#11475,#11483,#11485,.T.);
#11483 = VERTEX_POINT('',#11484);
#11484 = CARTESIAN_POINT('',(-243.9518395093,159.09902576697,
    367.90524980688));
#11485 = LINE('',#11486,#11487);
#11486 = CARTESIAN_POINT('',(-243.9518395093,159.09902576697,
    353.90524980688));
#11487 = VECTOR('',#11488,1.);
#11488 = DIRECTION('',(0.,0.,1.));
#11489 = ORIENTED_EDGE('',*,*,#11490,.F.);
#11490 = EDGE_CURVE('',#11467,#11483,#11491,.T.);
#11491 = LINE('',#11492,#11493);
#11492 = CARTESIAN_POINT('',(-159.0990257669,243.95183950935,
    367.90524980688));
#11493 = VECTOR('',#11494,1.);
#11494 = DIRECTION('',(-0.707106781187,-0.707106781187,0.));
#11495 = PLANE('',#11496);
#11496 = AXIS2_PLACEMENT_3D('',#11497,#11498,#11499);
#11497 = CARTESIAN_POINT('',(-159.0990257669,243.95183950935,
    353.90524980688));
#11498 = DIRECTION('',(-0.707106781187,0.707106781187,0.));
#11499 = DIRECTION('',(0.,0.,1.));
#11500 = ADVANCED_FACE('',(#11501),#11517,.F.);
#11501 = FACE_BOUND('',#11502,.F.);
#11502 = EDGE_LOOP('',(#11503,#11509,#11510,#11516));
#11503 = ORIENTED_EDGE('',*,*,#11504,.F.);
#11504 = EDGE_CURVE('',#11425,#11465,#11505,.T.);
#11505 = LINE('',#11506,#11507);
#11506 = CARTESIAN_POINT('',(-144.9568901432,229.80970388562,
    353.90524980688));
#11507 = VECTOR('',#11508,1.);
#11508 = DIRECTION('',(-0.707106781187,0.707106781187,0.));
#11509 = ORIENTED_EDGE('',*,*,#11424,.T.);
#11510 = ORIENTED_EDGE('',*,*,#11511,.T.);
#11511 = EDGE_CURVE('',#11427,#11467,#11512,.T.);
#11512 = LINE('',#11513,#11514);
#11513 = CARTESIAN_POINT('',(-144.9568901432,229.80970388562,
    367.90524980688));
#11514 = VECTOR('',#11515,1.);
#11515 = DIRECTION('',(-0.707106781187,0.707106781187,0.));
#11516 = ORIENTED_EDGE('',*,*,#11464,.F.);
#11517 = PLANE('',#11518);
#11518 = AXIS2_PLACEMENT_3D('',#11519,#11520,#11521);
#11519 = CARTESIAN_POINT('',(-144.9568901432,229.80970388562,
    353.90524980688));
#11520 = DIRECTION('',(-0.707106781187,-0.707106781187,0.));
#11521 = DIRECTION('',(0.,0.,1.));
#11522 = ADVANCED_FACE('',(#11523),#11539,.T.);
#11523 = FACE_BOUND('',#11524,.T.);
#11524 = EDGE_LOOP('',(#11525,#11531,#11532,#11538));
#11525 = ORIENTED_EDGE('',*,*,#11526,.F.);
#11526 = EDGE_CURVE('',#11435,#11475,#11527,.T.);
#11527 = LINE('',#11528,#11529);
#11528 = CARTESIAN_POINT('',(-229.8097038856,144.95689014324,
    353.90524980688));
#11529 = VECTOR('',#11530,1.);
#11530 = DIRECTION('',(-0.707106781187,0.707106781187,0.));
#11531 = ORIENTED_EDGE('',*,*,#11442,.T.);
#11532 = ORIENTED_EDGE('',*,*,#11533,.T.);
#11533 = EDGE_CURVE('',#11443,#11483,#11534,.T.);
#11534 = LINE('',#11535,#11536);
#11535 = CARTESIAN_POINT('',(-229.8097038856,144.95689014324,
    367.90524980688));
#11536 = VECTOR('',#11537,1.);
#11537 = DIRECTION('',(-0.707106781187,0.707106781187,0.));
#11538 = ORIENTED_EDGE('',*,*,#11482,.F.);
#11539 = PLANE('',#11540);
#11540 = AXIS2_PLACEMENT_3D('',#11541,#11542,#11543);
#11541 = CARTESIAN_POINT('',(-229.8097038856,144.95689014324,
    353.90524980688));
#11542 = DIRECTION('',(-0.707106781187,-0.707106781187,0.));
#11543 = DIRECTION('',(0.,0.,1.));
#11544 = ADVANCED_FACE('',(#11545),#11551,.F.);
#11545 = FACE_BOUND('',#11546,.F.);
#11546 = EDGE_LOOP('',(#11547,#11548,#11549,#11550));
#11547 = ORIENTED_EDGE('',*,*,#11434,.F.);
#11548 = ORIENTED_EDGE('',*,*,#11504,.T.);
#11549 = ORIENTED_EDGE('',*,*,#11474,.T.);
#11550 = ORIENTED_EDGE('',*,*,#11526,.F.);
#11551 = PLANE('',#11552);
#11552 = AXIS2_PLACEMENT_3D('',#11553,#11554,#11555);
#11553 = CARTESIAN_POINT('',(-144.9568901432,229.80970388562,
    353.90524980688));
#11554 = DIRECTION('',(0.,0.,1.));
#11555 = DIRECTION('',(-0.707106781187,0.707106781187,0.));
#11556 = ADVANCED_FACE('',(#11557),#11563,.T.);
#11557 = FACE_BOUND('',#11558,.T.);
#11558 = EDGE_LOOP('',(#11559,#11560,#11561,#11562));
#11559 = ORIENTED_EDGE('',*,*,#11450,.F.);
#11560 = ORIENTED_EDGE('',*,*,#11511,.T.);
#11561 = ORIENTED_EDGE('',*,*,#11490,.T.);
#11562 = ORIENTED_EDGE('',*,*,#11533,.F.);
#11563 = PLANE('',#11564);
#11564 = AXIS2_PLACEMENT_3D('',#11565,#11566,#11567);
#11565 = CARTESIAN_POINT('',(-144.9568901432,229.80970388562,
    367.90524980688));
#11566 = DIRECTION('',(0.,0.,1.));
#11567 = DIRECTION('',(-0.707106781187,0.707106781187,0.));
#11568 = ( GEOMETRIC_REPRESENTATION_CONTEXT(3) 
GLOBAL_UNCERTAINTY_ASSIGNED_CONTEXT((#11572)) 
GLOBAL_UNIT_ASSIGNED_CONTEXT((#11569,#11570,#11571)) 
REPRESENTATION_CONTEXT('Context #1',
  '3D Context with UNIT and UNCERTAINTY') );
#11569 = ( LENGTH_UNIT() NAMED_UNIT(*) SI_UNIT(.MILLI.,.METRE.) );
#11570 = ( NAMED_UNIT(*) PLANE_ANGLE_UNIT() SI_UNIT($,.RADIAN.) );
#11571 = ( NAMED_UNIT(*) SI_UNIT($,.STERADIAN.) SOLID_ANGLE_UNIT() );
#11572 = UNCERTAINTY_MEASURE_WITH_UNIT(LENGTH_MEASURE(1.E-07),#11569,
  'distance_accuracy_value','confusion accuracy');
#11573 = CONTEXT_DEPENDENT_SHAPE_REPRESENTATION(#11574,#11576);
#11574 = ( REPRESENTATION_RELATIONSHIP('','',#11417,#10) 
REPRESENTATION_RELATIONSHIP_WITH_TRANSFORMATION(#11575) 
SHAPE_REPRESENTATION_RELATIONSHIP() );
#11575 = ITEM_DEFINED_TRANSFORMATION('','',#11,#187);
#11576 = PRODUCT_DEFINITION_SHAPE('Placement','Placement of an item',
  #11577);
#11577 = NEXT_ASSEMBLY_USAGE_OCCURRENCE('44',
  'P44 Upper transition band 135 / 2','',#5,#11412,$);
#11578 = PRODUCT_RELATED_PRODUCT_CATEGORY('part',$,(#11414));
#11579 = SHAPE_DEFINITION_REPRESENTATION(#11580,#11586);
#11580 = PRODUCT_DEFINITION_SHAPE('','',#11581);
#11581 = PRODUCT_DEFINITION('design','',#11582,#11585);
#11582 = PRODUCT_DEFINITION_FORMATION('','',#11583);
#11583 = PRODUCT('P45 Upper transition band 225 / 1',
  'P45 Upper transition band 225 / 1','',(#11584));
#11584 = PRODUCT_CONTEXT('',#2,'mechanical');
#11585 = PRODUCT_DEFINITION_CONTEXT('part definition',#2,'design');
#11586 = ADVANCED_BREP_SHAPE_REPRESENTATION('',(#11,#11587),#11737);
#11587 = MANIFOLD_SOLID_BREP('',#11588);
#11588 = CLOSED_SHELL('',(#11589,#11629,#11669,#11691,#11713,#11725));
#11589 = ADVANCED_FACE('',(#11590),#11624,.F.);
#11590 = FACE_BOUND('',#11591,.F.);
#11591 = EDGE_LOOP('',(#11592,#11602,#11610,#11618));
#11592 = ORIENTED_EDGE('',*,*,#11593,.F.);
#11593 = EDGE_CURVE('',#11594,#11596,#11598,.T.);
#11594 = VERTEX_POINT('',#11595);
#11595 = CARTESIAN_POINT('',(-229.8097038856,-144.9568901432,
    381.90524980688));
#11596 = VERTEX_POINT('',#11597);
#11597 = CARTESIAN_POINT('',(-229.8097038856,-144.9568901432,
    395.90524980688));
#11598 = LINE('',#11599,#11600);
#11599 = CARTESIAN_POINT('',(-229.8097038856,-144.9568901432,
    381.90524980688));
#11600 = VECTOR('',#11601,1.);
#11601 = DIRECTION('',(0.,0.,1.));
#11602 = ORIENTED_EDGE('',*,*,#11603,.T.);
#11603 = EDGE_CURVE('',#11594,#11604,#11606,.T.);
#11604 = VERTEX_POINT('',#11605);
#11605 = CARTESIAN_POINT('',(-144.9568901432,-229.8097038856,
    381.90524980688));
#11606 = LINE('',#11607,#11608);
#11607 = CARTESIAN_POINT('',(-229.8097038856,-144.9568901432,
    381.90524980688));
#11608 = VECTOR('',#11609,1.);
#11609 = DIRECTION('',(0.707106781187,-0.707106781187,0.));
#11610 = ORIENTED_EDGE('',*,*,#11611,.T.);
#11611 = EDGE_CURVE('',#11604,#11612,#11614,.T.);
#11612 = VERTEX_POINT('',#11613);
#11613 = CARTESIAN_POINT('',(-144.9568901432,-229.8097038856,
    395.90524980688));
#11614 = LINE('',#11615,#11616);
#11615 = CARTESIAN_POINT('',(-144.9568901432,-229.8097038856,
    381.90524980688));
#11616 = VECTOR('',#11617,1.);
#11617 = DIRECTION('',(0.,0.,1.));
#11618 = ORIENTED_EDGE('',*,*,#11619,.F.);
#11619 = EDGE_CURVE('',#11596,#11612,#11620,.T.);
#11620 = LINE('',#11621,#11622);
#11621 = CARTESIAN_POINT('',(-229.8097038856,-144.9568901432,
    395.90524980688));
#11622 = VECTOR('',#11623,1.);
#11623 = DIRECTION('',(0.707106781187,-0.707106781187,0.));
#11624 = PLANE('',#11625);
#11625 = AXIS2_PLACEMENT_3D('',#11626,#11627,#11628);
#11626 = CARTESIAN_POINT('',(-229.8097038856,-144.9568901432,
    381.90524980688));
#11627 = DIRECTION('',(-0.707106781187,-0.707106781187,0.));
#11628 = DIRECTION('',(0.,0.,1.));
#11629 = ADVANCED_FACE('',(#11630),#11664,.T.);
#11630 = FACE_BOUND('',#11631,.T.);
#11631 = EDGE_LOOP('',(#11632,#11642,#11650,#11658));
#11632 = ORIENTED_EDGE('',*,*,#11633,.F.);
#11633 = EDGE_CURVE('',#11634,#11636,#11638,.T.);
#11634 = VERTEX_POINT('',#11635);
#11635 = CARTESIAN_POINT('',(-243.9518395093,-159.0990257669,
    381.90524980688));
#11636 = VERTEX_POINT('',#11637);
#11637 = CARTESIAN_POINT('',(-243.9518395093,-159.0990257669,
    395.90524980688));
#11638 = LINE('',#11639,#11640);
#11639 = CARTESIAN_POINT('',(-243.9518395093,-159.0990257669,
    381.90524980688));
#11640 = VECTOR('',#11641,1.);
#11641 = DIRECTION('',(0.,0.,1.));
#11642 = ORIENTED_EDGE('',*,*,#11643,.T.);
#11643 = EDGE_CURVE('',#11634,#11644,#11646,.T.);
#11644 = VERTEX_POINT('',#11645);
#11645 = CARTESIAN_POINT('',(-159.0990257669,-243.9518395093,
    381.90524980688));
#11646 = LINE('',#11647,#11648);
#11647 = CARTESIAN_POINT('',(-243.9518395093,-159.0990257669,
    381.90524980688));
#11648 = VECTOR('',#11649,1.);
#11649 = DIRECTION('',(0.707106781187,-0.707106781187,0.));
#11650 = ORIENTED_EDGE('',*,*,#11651,.T.);
#11651 = EDGE_CURVE('',#11644,#11652,#11654,.T.);
#11652 = VERTEX_POINT('',#11653);
#11653 = CARTESIAN_POINT('',(-159.0990257669,-243.9518395093,
    395.90524980688));
#11654 = LINE('',#11655,#11656);
#11655 = CARTESIAN_POINT('',(-159.0990257669,-243.9518395093,
    381.90524980688));
#11656 = VECTOR('',#11657,1.);
#11657 = DIRECTION('',(0.,0.,1.));
#11658 = ORIENTED_EDGE('',*,*,#11659,.F.);
#11659 = EDGE_CURVE('',#11636,#11652,#11660,.T.);
#11660 = LINE('',#11661,#11662);
#11661 = CARTESIAN_POINT('',(-243.9518395093,-159.0990257669,
    395.90524980688));
#11662 = VECTOR('',#11663,1.);
#11663 = DIRECTION('',(0.707106781187,-0.707106781187,0.));
#11664 = PLANE('',#11665);
#11665 = AXIS2_PLACEMENT_3D('',#11666,#11667,#11668);
#11666 = CARTESIAN_POINT('',(-243.9518395093,-159.0990257669,
    381.90524980688));
#11667 = DIRECTION('',(-0.707106781187,-0.707106781187,0.));
#11668 = DIRECTION('',(0.,0.,1.));
#11669 = ADVANCED_FACE('',(#11670),#11686,.F.);
#11670 = FACE_BOUND('',#11671,.F.);
#11671 = EDGE_LOOP('',(#11672,#11678,#11679,#11685));
#11672 = ORIENTED_EDGE('',*,*,#11673,.F.);
#11673 = EDGE_CURVE('',#11594,#11634,#11674,.T.);
#11674 = LINE('',#11675,#11676);
#11675 = CARTESIAN_POINT('',(-229.8097038856,-144.9568901432,
    381.90524980688));
#11676 = VECTOR('',#11677,1.);
#11677 = DIRECTION('',(-0.707106781187,-0.707106781187,0.));
#11678 = ORIENTED_EDGE('',*,*,#11593,.T.);
#11679 = ORIENTED_EDGE('',*,*,#11680,.T.);
#11680 = EDGE_CURVE('',#11596,#11636,#11681,.T.);
#11681 = LINE('',#11682,#11683);
#11682 = CARTESIAN_POINT('',(-229.8097038856,-144.9568901432,
    395.90524980688));
#11683 = VECTOR('',#11684,1.);
#11684 = DIRECTION('',(-0.707106781187,-0.707106781187,0.));
#11685 = ORIENTED_EDGE('',*,*,#11633,.F.);
#11686 = PLANE('',#11687);
#11687 = AXIS2_PLACEMENT_3D('',#11688,#11689,#11690);
#11688 = CARTESIAN_POINT('',(-229.8097038856,-144.9568901432,
    381.90524980688));
#11689 = DIRECTION('',(0.707106781187,-0.707106781187,0.));
#11690 = DIRECTION('',(0.,0.,1.));
#11691 = ADVANCED_FACE('',(#11692),#11708,.T.);
#11692 = FACE_BOUND('',#11693,.T.);
#11693 = EDGE_LOOP('',(#11694,#11700,#11701,#11707));
#11694 = ORIENTED_EDGE('',*,*,#11695,.F.);
#11695 = EDGE_CURVE('',#11604,#11644,#11696,.T.);
#11696 = LINE('',#11697,#11698);
#11697 = CARTESIAN_POINT('',(-144.9568901432,-229.8097038856,
    381.90524980688));
#11698 = VECTOR('',#11699,1.);
#11699 = DIRECTION('',(-0.707106781187,-0.707106781187,0.));
#11700 = ORIENTED_EDGE('',*,*,#11611,.T.);
#11701 = ORIENTED_EDGE('',*,*,#11702,.T.);
#11702 = EDGE_CURVE('',#11612,#11652,#11703,.T.);
#11703 = LINE('',#11704,#11705);
#11704 = CARTESIAN_POINT('',(-144.9568901432,-229.8097038856,
    395.90524980688));
#11705 = VECTOR('',#11706,1.);
#11706 = DIRECTION('',(-0.707106781187,-0.707106781187,0.));
#11707 = ORIENTED_EDGE('',*,*,#11651,.F.);
#11708 = PLANE('',#11709);
#11709 = AXIS2_PLACEMENT_3D('',#11710,#11711,#11712);
#11710 = CARTESIAN_POINT('',(-144.9568901432,-229.8097038856,
    381.90524980688));
#11711 = DIRECTION('',(0.707106781187,-0.707106781187,0.));
#11712 = DIRECTION('',(0.,0.,1.));
#11713 = ADVANCED_FACE('',(#11714),#11720,.F.);
#11714 = FACE_BOUND('',#11715,.F.);
#11715 = EDGE_LOOP('',(#11716,#11717,#11718,#11719));
#11716 = ORIENTED_EDGE('',*,*,#11603,.F.);
#11717 = ORIENTED_EDGE('',*,*,#11673,.T.);
#11718 = ORIENTED_EDGE('',*,*,#11643,.T.);
#11719 = ORIENTED_EDGE('',*,*,#11695,.F.);
#11720 = PLANE('',#11721);
#11721 = AXIS2_PLACEMENT_3D('',#11722,#11723,#11724);
#11722 = CARTESIAN_POINT('',(-229.8097038856,-144.9568901432,
    381.90524980688));
#11723 = DIRECTION('',(0.,0.,1.));
#11724 = DIRECTION('',(-0.707106781187,-0.707106781187,0.));
#11725 = ADVANCED_FACE('',(#11726),#11732,.T.);
#11726 = FACE_BOUND('',#11727,.T.);
#11727 = EDGE_LOOP('',(#11728,#11729,#11730,#11731));
#11728 = ORIENTED_EDGE('',*,*,#11619,.F.);
#11729 = ORIENTED_EDGE('',*,*,#11680,.T.);
#11730 = ORIENTED_EDGE('',*,*,#11659,.T.);
#11731 = ORIENTED_EDGE('',*,*,#11702,.F.);
#11732 = PLANE('',#11733);
#11733 = AXIS2_PLACEMENT_3D('',#11734,#11735,#11736);
#11734 = CARTESIAN_POINT('',(-229.8097038856,-144.9568901432,
    395.90524980688));
#11735 = DIRECTION('',(0.,0.,1.));
#11736 = DIRECTION('',(-0.707106781187,-0.707106781187,0.));
#11737 = ( GEOMETRIC_REPRESENTATION_CONTEXT(3) 
GLOBAL_UNCERTAINTY_ASSIGNED_CONTEXT((#11741)) 
GLOBAL_UNIT_ASSIGNED_CONTEXT((#11738,#11739,#11740)) 
REPRESENTATION_CONTEXT('Context #1',
  '3D Context with UNIT and UNCERTAINTY') );
#11738 = ( LENGTH_UNIT() NAMED_UNIT(*) SI_UNIT(.MILLI.,.METRE.) );
#11739 = ( NAMED_UNIT(*) PLANE_ANGLE_UNIT() SI_UNIT($,.RADIAN.) );
#11740 = ( NAMED_UNIT(*) SI_UNIT($,.STERADIAN.) SOLID_ANGLE_UNIT() );
#11741 = UNCERTAINTY_MEASURE_WITH_UNIT(LENGTH_MEASURE(1.E-07),#11738,
  'distance_accuracy_value','confusion accuracy');
#11742 = CONTEXT_DEPENDENT_SHAPE_REPRESENTATION(#11743,#11745);
#11743 = ( REPRESENTATION_RELATIONSHIP('','',#11586,#10) 
REPRESENTATION_RELATIONSHIP_WITH_TRANSFORMATION(#11744) 
SHAPE_REPRESENTATION_RELATIONSHIP() );
#11744 = ITEM_DEFINED_TRANSFORMATION('','',#11,#191);
#11745 = PRODUCT_DEFINITION_SHAPE('Placement','Placement of an item',
  #11746);
#11746 = NEXT_ASSEMBLY_USAGE_OCCURRENCE('45',
  'P45 Upper transition band 225 / 1','',#5,#11581,$);
#11747 = PRODUCT_RELATED_PRODUCT_CATEGORY('part',$,(#11583));
#11748 = SHAPE_DEFINITION_REPRESENTATION(#11749,#11755);
#11749 = PRODUCT_DEFINITION_SHAPE('','',#11750);
#11750 = PRODUCT_DEFINITION('design','',#11751,#11754);
#11751 = PRODUCT_DEFINITION_FORMATION('','',#11752);
#11752 = PRODUCT('P46 Upper transition band 225 / 2',
  'P46 Upper transition band 225 / 2','',(#11753));
#11753 = PRODUCT_CONTEXT('',#2,'mechanical');
#11754 = PRODUCT_DEFINITION_CONTEXT('part definition',#2,'design');
#11755 = ADVANCED_BREP_SHAPE_REPRESENTATION('',(#11,#11756),#11906);
#11756 = MANIFOLD_SOLID_BREP('',#11757);
#11757 = CLOSED_SHELL('',(#11758,#11798,#11838,#11860,#11882,#11894));
#11758 = ADVANCED_FACE('',(#11759),#11793,.F.);
#11759 = FACE_BOUND('',#11760,.F.);
#11760 = EDGE_LOOP('',(#11761,#11771,#11779,#11787));
#11761 = ORIENTED_EDGE('',*,*,#11762,.F.);
#11762 = EDGE_CURVE('',#11763,#11765,#11767,.T.);
#11763 = VERTEX_POINT('',#11764);
#11764 = CARTESIAN_POINT('',(-229.8097038856,-144.9568901432,
    353.90524980688));
#11765 = VERTEX_POINT('',#11766);
#11766 = CARTESIAN_POINT('',(-229.8097038856,-144.9568901432,
    367.90524980688));
#11767 = LINE('',#11768,#11769);
#11768 = CARTESIAN_POINT('',(-229.8097038856,-144.9568901432,
    353.90524980688));
#11769 = VECTOR('',#11770,1.);
#11770 = DIRECTION('',(0.,0.,1.));
#11771 = ORIENTED_EDGE('',*,*,#11772,.T.);
#11772 = EDGE_CURVE('',#11763,#11773,#11775,.T.);
#11773 = VERTEX_POINT('',#11774);
#11774 = CARTESIAN_POINT('',(-144.9568901432,-229.8097038856,
    353.90524980688));
#11775 = LINE('',#11776,#11777);
#11776 = CARTESIAN_POINT('',(-229.8097038856,-144.9568901432,
    353.90524980688));
#11777 = VECTOR('',#11778,1.);
#11778 = DIRECTION('',(0.707106781187,-0.707106781187,0.));
#11779 = ORIENTED_EDGE('',*,*,#11780,.T.);
#11780 = EDGE_CURVE('',#11773,#11781,#11783,.T.);
#11781 = VERTEX_POINT('',#11782);
#11782 = CARTESIAN_POINT('',(-144.9568901432,-229.8097038856,
    367.90524980688));
#11783 = LINE('',#11784,#11785);
#11784 = CARTESIAN_POINT('',(-144.9568901432,-229.8097038856,
    353.90524980688));
#11785 = VECTOR('',#11786,1.);
#11786 = DIRECTION('',(0.,0.,1.));
#11787 = ORIENTED_EDGE('',*,*,#11788,.F.);
#11788 = EDGE_CURVE('',#11765,#11781,#11789,.T.);
#11789 = LINE('',#11790,#11791);
#11790 = CARTESIAN_POINT('',(-229.8097038856,-144.9568901432,
    367.90524980688));
#11791 = VECTOR('',#11792,1.);
#11792 = DIRECTION('',(0.707106781187,-0.707106781187,0.));
#11793 = PLANE('',#11794);
#11794 = AXIS2_PLACEMENT_3D('',#11795,#11796,#11797);
#11795 = CARTESIAN_POINT('',(-229.8097038856,-144.9568901432,
    353.90524980688));
#11796 = DIRECTION('',(-0.707106781187,-0.707106781187,0.));
#11797 = DIRECTION('',(0.,0.,1.));
#11798 = ADVANCED_FACE('',(#11799),#11833,.T.);
#11799 = FACE_BOUND('',#11800,.T.);
#11800 = EDGE_LOOP('',(#11801,#11811,#11819,#11827));
#11801 = ORIENTED_EDGE('',*,*,#11802,.F.);
#11802 = EDGE_CURVE('',#11803,#11805,#11807,.T.);
#11803 = VERTEX_POINT('',#11804);
#11804 = CARTESIAN_POINT('',(-243.9518395093,-159.0990257669,
    353.90524980688));
#11805 = VERTEX_POINT('',#11806);
#11806 = CARTESIAN_POINT('',(-243.9518395093,-159.0990257669,
    367.90524980688));
#11807 = LINE('',#11808,#11809);
#11808 = CARTESIAN_POINT('',(-243.9518395093,-159.0990257669,
    353.90524980688));
#11809 = VECTOR('',#11810,1.);
#11810 = DIRECTION('',(0.,0.,1.));
#11811 = ORIENTED_EDGE('',*,*,#11812,.T.);
#11812 = EDGE_CURVE('',#11803,#11813,#11815,.T.);
#11813 = VERTEX_POINT('',#11814);
#11814 = CARTESIAN_POINT('',(-159.0990257669,-243.9518395093,
    353.90524980688));
#11815 = LINE('',#11816,#11817);
#11816 = CARTESIAN_POINT('',(-243.9518395093,-159.0990257669,
    353.90524980688));
#11817 = VECTOR('',#11818,1.);
#11818 = DIRECTION('',(0.707106781187,-0.707106781187,0.));
#11819 = ORIENTED_EDGE('',*,*,#11820,.T.);
#11820 = EDGE_CURVE('',#11813,#11821,#11823,.T.);
#11821 = VERTEX_POINT('',#11822);
#11822 = CARTESIAN_POINT('',(-159.0990257669,-243.9518395093,
    367.90524980688));
#11823 = LINE('',#11824,#11825);
#11824 = CARTESIAN_POINT('',(-159.0990257669,-243.9518395093,
    353.90524980688));
#11825 = VECTOR('',#11826,1.);
#11826 = DIRECTION('',(0.,0.,1.));
#11827 = ORIENTED_EDGE('',*,*,#11828,.F.);
#11828 = EDGE_CURVE('',#11805,#11821,#11829,.T.);
#11829 = LINE('',#11830,#11831);
#11830 = CARTESIAN_POINT('',(-243.9518395093,-159.0990257669,
    367.90524980688));
#11831 = VECTOR('',#11832,1.);
#11832 = DIRECTION('',(0.707106781187,-0.707106781187,0.));
#11833 = PLANE('',#11834);
#11834 = AXIS2_PLACEMENT_3D('',#11835,#11836,#11837);
#11835 = CARTESIAN_POINT('',(-243.9518395093,-159.0990257669,
    353.90524980688));
#11836 = DIRECTION('',(-0.707106781187,-0.707106781187,0.));
#11837 = DIRECTION('',(0.,0.,1.));
#11838 = ADVANCED_FACE('',(#11839),#11855,.F.);
#11839 = FACE_BOUND('',#11840,.F.);
#11840 = EDGE_LOOP('',(#11841,#11847,#11848,#11854));
#11841 = ORIENTED_EDGE('',*,*,#11842,.F.);
#11842 = EDGE_CURVE('',#11763,#11803,#11843,.T.);
#11843 = LINE('',#11844,#11845);
#11844 = CARTESIAN_POINT('',(-229.8097038856,-144.9568901432,
    353.90524980688));
#11845 = VECTOR('',#11846,1.);
#11846 = DIRECTION('',(-0.707106781187,-0.707106781187,0.));
#11847 = ORIENTED_EDGE('',*,*,#11762,.T.);
#11848 = ORIENTED_EDGE('',*,*,#11849,.T.);
#11849 = EDGE_CURVE('',#11765,#11805,#11850,.T.);
#11850 = LINE('',#11851,#11852);
#11851 = CARTESIAN_POINT('',(-229.8097038856,-144.9568901432,
    367.90524980688));
#11852 = VECTOR('',#11853,1.);
#11853 = DIRECTION('',(-0.707106781187,-0.707106781187,0.));
#11854 = ORIENTED_EDGE('',*,*,#11802,.F.);
#11855 = PLANE('',#11856);
#11856 = AXIS2_PLACEMENT_3D('',#11857,#11858,#11859);
#11857 = CARTESIAN_POINT('',(-229.8097038856,-144.9568901432,
    353.90524980688));
#11858 = DIRECTION('',(0.707106781187,-0.707106781187,0.));
#11859 = DIRECTION('',(0.,0.,1.));
#11860 = ADVANCED_FACE('',(#11861),#11877,.T.);
#11861 = FACE_BOUND('',#11862,.T.);
#11862 = EDGE_LOOP('',(#11863,#11869,#11870,#11876));
#11863 = ORIENTED_EDGE('',*,*,#11864,.F.);
#11864 = EDGE_CURVE('',#11773,#11813,#11865,.T.);
#11865 = LINE('',#11866,#11867);
#11866 = CARTESIAN_POINT('',(-144.9568901432,-229.8097038856,
    353.90524980688));
#11867 = VECTOR('',#11868,1.);
#11868 = DIRECTION('',(-0.707106781187,-0.707106781187,0.));
#11869 = ORIENTED_EDGE('',*,*,#11780,.T.);
#11870 = ORIENTED_EDGE('',*,*,#11871,.T.);
#11871 = EDGE_CURVE('',#11781,#11821,#11872,.T.);
#11872 = LINE('',#11873,#11874);
#11873 = CARTESIAN_POINT('',(-144.9568901432,-229.8097038856,
    367.90524980688));
#11874 = VECTOR('',#11875,1.);
#11875 = DIRECTION('',(-0.707106781187,-0.707106781187,0.));
#11876 = ORIENTED_EDGE('',*,*,#11820,.F.);
#11877 = PLANE('',#11878);
#11878 = AXIS2_PLACEMENT_3D('',#11879,#11880,#11881);
#11879 = CARTESIAN_POINT('',(-144.9568901432,-229.8097038856,
    353.90524980688));
#11880 = DIRECTION('',(0.707106781187,-0.707106781187,0.));
#11881 = DIRECTION('',(0.,0.,1.));
#11882 = ADVANCED_FACE('',(#11883),#11889,.F.);
#11883 = FACE_BOUND('',#11884,.F.);
#11884 = EDGE_LOOP('',(#11885,#11886,#11887,#11888));
#11885 = ORIENTED_EDGE('',*,*,#11772,.F.);
#11886 = ORIENTED_EDGE('',*,*,#11842,.T.);
#11887 = ORIENTED_EDGE('',*,*,#11812,.T.);
#11888 = ORIENTED_EDGE('',*,*,#11864,.F.);
#11889 = PLANE('',#11890);
#11890 = AXIS2_PLACEMENT_3D('',#11891,#11892,#11893);
#11891 = CARTESIAN_POINT('',(-229.8097038856,-144.9568901432,
    353.90524980688));
#11892 = DIRECTION('',(0.,0.,1.));
#11893 = DIRECTION('',(-0.707106781187,-0.707106781187,0.));
#11894 = ADVANCED_FACE('',(#11895),#11901,.T.);
#11895 = FACE_BOUND('',#11896,.T.);
#11896 = EDGE_LOOP('',(#11897,#11898,#11899,#11900));
#11897 = ORIENTED_EDGE('',*,*,#11788,.F.);
#11898 = ORIENTED_EDGE('',*,*,#11849,.T.);
#11899 = ORIENTED_EDGE('',*,*,#11828,.T.);
#11900 = ORIENTED_EDGE('',*,*,#11871,.F.);
#11901 = PLANE('',#11902);
#11902 = AXIS2_PLACEMENT_3D('',#11903,#11904,#11905);
#11903 = CARTESIAN_POINT('',(-229.8097038856,-144.9568901432,
    367.90524980688));
#11904 = DIRECTION('',(0.,0.,1.));
#11905 = DIRECTION('',(-0.707106781187,-0.707106781187,0.));
#11906 = ( GEOMETRIC_REPRESENTATION_CONTEXT(3) 
GLOBAL_UNCERTAINTY_ASSIGNED_CONTEXT((#11910)) 
GLOBAL_UNIT_ASSIGNED_CONTEXT((#11907,#11908,#11909)) 
REPRESENTATION_CONTEXT('Context #1',
  '3D Context with UNIT and UNCERTAINTY') );
#11907 = ( LENGTH_UNIT() NAMED_UNIT(*) SI_UNIT(.MILLI.,.METRE.) );
#11908 = ( NAMED_UNIT(*) PLANE_ANGLE_UNIT() SI_UNIT($,.RADIAN.) );
#11909 = ( NAMED_UNIT(*) SI_UNIT($,.STERADIAN.) SOLID_ANGLE_UNIT() );
#11910 = UNCERTAINTY_MEASURE_WITH_UNIT(LENGTH_MEASURE(1.E-07),#11907,
  'distance_accuracy_value','confusion accuracy');
#11911 = CONTEXT_DEPENDENT_SHAPE_REPRESENTATION(#11912,#11914);
#11912 = ( REPRESENTATION_RELATIONSHIP('','',#11755,#10) 
REPRESENTATION_RELATIONSHIP_WITH_TRANSFORMATION(#11913) 
SHAPE_REPRESENTATION_RELATIONSHIP() );
#11913 = ITEM_DEFINED_TRANSFORMATION('','',#11,#195);
#11914 = PRODUCT_DEFINITION_SHAPE('Placement','Placement of an item',
  #11915);
#11915 = NEXT_ASSEMBLY_USAGE_OCCURRENCE('46',
  'P46 Upper transition band 225 / 2','',#5,#11750,$);
#11916 = PRODUCT_RELATED_PRODUCT_CATEGORY('part',$,(#11752));
#11917 = SHAPE_DEFINITION_REPRESENTATION(#11918,#11924);
#11918 = PRODUCT_DEFINITION_SHAPE('','',#11919);
#11919 = PRODUCT_DEFINITION('design','',#11920,#11923);
#11920 = PRODUCT_DEFINITION_FORMATION('','',#11921);
#11921 = PRODUCT('P47 Upper transition band 315 / 1',
  'P47 Upper transition band 315 / 1','',(#11922));
#11922 = PRODUCT_CONTEXT('',#2,'mechanical');
#11923 = PRODUCT_DEFINITION_CONTEXT('part definition',#2,'design');
#11924 = ADVANCED_BREP_SHAPE_REPRESENTATION('',(#11,#11925),#12075);
#11925 = MANIFOLD_SOLID_BREP('',#11926);
#11926 = CLOSED_SHELL('',(#11927,#11967,#12007,#12029,#12051,#12063));
#11927 = ADVANCED_FACE('',(#11928),#11962,.F.);
#11928 = FACE_BOUND('',#11929,.F.);
#11929 = EDGE_LOOP('',(#11930,#11940,#11948,#11956));
#11930 = ORIENTED_EDGE('',*,*,#11931,.F.);
#11931 = EDGE_CURVE('',#11932,#11934,#11936,.T.);
#11932 = VERTEX_POINT('',#11933);
#11933 = CARTESIAN_POINT('',(144.95689014324,-229.8097038856,
    381.90524980688));
#11934 = VERTEX_POINT('',#11935);
#11935 = CARTESIAN_POINT('',(144.95689014324,-229.8097038856,
    395.90524980688));
#11936 = LINE('',#11937,#11938);
#11937 = CARTESIAN_POINT('',(144.95689014324,-229.8097038856,
    381.90524980688));
#11938 = VECTOR('',#11939,1.);
#11939 = DIRECTION('',(0.,0.,1.));
#11940 = ORIENTED_EDGE('',*,*,#11941,.T.);
#11941 = EDGE_CURVE('',#11932,#11942,#11944,.T.);
#11942 = VERTEX_POINT('',#11943);
#11943 = CARTESIAN_POINT('',(229.80970388562,-144.9568901432,
    381.90524980688));
#11944 = LINE('',#11945,#11946);
#11945 = CARTESIAN_POINT('',(144.95689014324,-229.8097038856,
    381.90524980688));
#11946 = VECTOR('',#11947,1.);
#11947 = DIRECTION('',(0.707106781187,0.707106781187,0.));
#11948 = ORIENTED_EDGE('',*,*,#11949,.T.);
#11949 = EDGE_CURVE('',#11942,#11950,#11952,.T.);
#11950 = VERTEX_POINT('',#11951);
#11951 = CARTESIAN_POINT('',(229.80970388562,-144.9568901432,
    395.90524980688));
#11952 = LINE('',#11953,#11954);
#11953 = CARTESIAN_POINT('',(229.80970388562,-144.9568901432,
    381.90524980688));
#11954 = VECTOR('',#11955,1.);
#11955 = DIRECTION('',(0.,0.,1.));
#11956 = ORIENTED_EDGE('',*,*,#11957,.F.);
#11957 = EDGE_CURVE('',#11934,#11950,#11958,.T.);
#11958 = LINE('',#11959,#11960);
#11959 = CARTESIAN_POINT('',(144.95689014324,-229.8097038856,
    395.90524980688));
#11960 = VECTOR('',#11961,1.);
#11961 = DIRECTION('',(0.707106781187,0.707106781187,0.));
#11962 = PLANE('',#11963);
#11963 = AXIS2_PLACEMENT_3D('',#11964,#11965,#11966);
#11964 = CARTESIAN_POINT('',(144.95689014324,-229.8097038856,
    381.90524980688));
#11965 = DIRECTION('',(0.707106781187,-0.707106781187,0.));
#11966 = DIRECTION('',(0.,0.,1.));
#11967 = ADVANCED_FACE('',(#11968),#12002,.T.);
#11968 = FACE_BOUND('',#11969,.T.);
#11969 = EDGE_LOOP('',(#11970,#11980,#11988,#11996));
#11970 = ORIENTED_EDGE('',*,*,#11971,.F.);
#11971 = EDGE_CURVE('',#11972,#11974,#11976,.T.);
#11972 = VERTEX_POINT('',#11973);
#11973 = CARTESIAN_POINT('',(159.09902576697,-243.9518395093,
    381.90524980688));
#11974 = VERTEX_POINT('',#11975);
#11975 = CARTESIAN_POINT('',(159.09902576697,-243.9518395093,
    395.90524980688));
#11976 = LINE('',#11977,#11978);
#11977 = CARTESIAN_POINT('',(159.09902576697,-243.9518395093,
    381.90524980688));
#11978 = VECTOR('',#11979,1.);
#11979 = DIRECTION('',(0.,0.,1.));
#11980 = ORIENTED_EDGE('',*,*,#11981,.T.);
#11981 = EDGE_CURVE('',#11972,#11982,#11984,.T.);
#11982 = VERTEX_POINT('',#11983);
#11983 = CARTESIAN_POINT('',(243.95183950935,-159.0990257669,
    381.90524980688));
#11984 = LINE('',#11985,#11986);
#11985 = CARTESIAN_POINT('',(159.09902576697,-243.9518395093,
    381.90524980688));
#11986 = VECTOR('',#11987,1.);
#11987 = DIRECTION('',(0.707106781187,0.707106781187,0.));
#11988 = ORIENTED_EDGE('',*,*,#11989,.T.);
#11989 = EDGE_CURVE('',#11982,#11990,#11992,.T.);
#11990 = VERTEX_POINT('',#11991);
#11991 = CARTESIAN_POINT('',(243.95183950935,-159.0990257669,
    395.90524980688));
#11992 = LINE('',#11993,#11994);
#11993 = CARTESIAN_POINT('',(243.95183950935,-159.0990257669,
    381.90524980688));
#11994 = VECTOR('',#11995,1.);
#11995 = DIRECTION('',(0.,0.,1.));
#11996 = ORIENTED_EDGE('',*,*,#11997,.F.);
#11997 = EDGE_CURVE('',#11974,#11990,#11998,.T.);
#11998 = LINE('',#11999,#12000);
#11999 = CARTESIAN_POINT('',(159.09902576697,-243.9518395093,
    395.90524980688));
#12000 = VECTOR('',#12001,1.);
#12001 = DIRECTION('',(0.707106781187,0.707106781187,0.));
#12002 = PLANE('',#12003);
#12003 = AXIS2_PLACEMENT_3D('',#12004,#12005,#12006);
#12004 = CARTESIAN_POINT('',(159.09902576697,-243.9518395093,
    381.90524980688));
#12005 = DIRECTION('',(0.707106781187,-0.707106781187,0.));
#12006 = DIRECTION('',(0.,0.,1.));
#12007 = ADVANCED_FACE('',(#12008),#12024,.F.);
#12008 = FACE_BOUND('',#12009,.F.);
#12009 = EDGE_LOOP('',(#12010,#12016,#12017,#12023));
#12010 = ORIENTED_EDGE('',*,*,#12011,.F.);
#12011 = EDGE_CURVE('',#11932,#11972,#12012,.T.);
#12012 = LINE('',#12013,#12014);
#12013 = CARTESIAN_POINT('',(144.95689014324,-229.8097038856,
    381.90524980688));
#12014 = VECTOR('',#12015,1.);
#12015 = DIRECTION('',(0.707106781187,-0.707106781187,0.));
#12016 = ORIENTED_EDGE('',*,*,#11931,.T.);
#12017 = ORIENTED_EDGE('',*,*,#12018,.T.);
#12018 = EDGE_CURVE('',#11934,#11974,#12019,.T.);
#12019 = LINE('',#12020,#12021);
#12020 = CARTESIAN_POINT('',(144.95689014324,-229.8097038856,
    395.90524980688));
#12021 = VECTOR('',#12022,1.);
#12022 = DIRECTION('',(0.707106781187,-0.707106781187,0.));
#12023 = ORIENTED_EDGE('',*,*,#11971,.F.);
#12024 = PLANE('',#12025);
#12025 = AXIS2_PLACEMENT_3D('',#12026,#12027,#12028);
#12026 = CARTESIAN_POINT('',(144.95689014324,-229.8097038856,
    381.90524980688));
#12027 = DIRECTION('',(0.707106781187,0.707106781187,0.));
#12028 = DIRECTION('',(0.,0.,1.));
#12029 = ADVANCED_FACE('',(#12030),#12046,.T.);
#12030 = FACE_BOUND('',#12031,.T.);
#12031 = EDGE_LOOP('',(#12032,#12038,#12039,#12045));
#12032 = ORIENTED_EDGE('',*,*,#12033,.F.);
#12033 = EDGE_CURVE('',#11942,#11982,#12034,.T.);
#12034 = LINE('',#12035,#12036);
#12035 = CARTESIAN_POINT('',(229.80970388562,-144.9568901432,
    381.90524980688));
#12036 = VECTOR('',#12037,1.);
#12037 = DIRECTION('',(0.707106781187,-0.707106781187,0.));
#12038 = ORIENTED_EDGE('',*,*,#11949,.T.);
#12039 = ORIENTED_EDGE('',*,*,#12040,.T.);
#12040 = EDGE_CURVE('',#11950,#11990,#12041,.T.);
#12041 = LINE('',#12042,#12043);
#12042 = CARTESIAN_POINT('',(229.80970388562,-144.9568901432,
    395.90524980688));
#12043 = VECTOR('',#12044,1.);
#12044 = DIRECTION('',(0.707106781187,-0.707106781187,0.));
#12045 = ORIENTED_EDGE('',*,*,#11989,.F.);
#12046 = PLANE('',#12047);
#12047 = AXIS2_PLACEMENT_3D('',#12048,#12049,#12050);
#12048 = CARTESIAN_POINT('',(229.80970388562,-144.9568901432,
    381.90524980688));
#12049 = DIRECTION('',(0.707106781187,0.707106781187,0.));
#12050 = DIRECTION('',(0.,0.,1.));
#12051 = ADVANCED_FACE('',(#12052),#12058,.F.);
#12052 = FACE_BOUND('',#12053,.F.);
#12053 = EDGE_LOOP('',(#12054,#12055,#12056,#12057));
#12054 = ORIENTED_EDGE('',*,*,#11941,.F.);
#12055 = ORIENTED_EDGE('',*,*,#12011,.T.);
#12056 = ORIENTED_EDGE('',*,*,#11981,.T.);
#12057 = ORIENTED_EDGE('',*,*,#12033,.F.);
#12058 = PLANE('',#12059);
#12059 = AXIS2_PLACEMENT_3D('',#12060,#12061,#12062);
#12060 = CARTESIAN_POINT('',(144.95689014324,-229.8097038856,
    381.90524980688));
#12061 = DIRECTION('',(0.,0.,1.));
#12062 = DIRECTION('',(0.707106781187,-0.707106781187,0.));
#12063 = ADVANCED_FACE('',(#12064),#12070,.T.);
#12064 = FACE_BOUND('',#12065,.T.);
#12065 = EDGE_LOOP('',(#12066,#12067,#12068,#12069));
#12066 = ORIENTED_EDGE('',*,*,#11957,.F.);
#12067 = ORIENTED_EDGE('',*,*,#12018,.T.);
#12068 = ORIENTED_EDGE('',*,*,#11997,.T.);
#12069 = ORIENTED_EDGE('',*,*,#12040,.F.);
#12070 = PLANE('',#12071);
#12071 = AXIS2_PLACEMENT_3D('',#12072,#12073,#12074);
#12072 = CARTESIAN_POINT('',(144.95689014324,-229.8097038856,
    395.90524980688));
#12073 = DIRECTION('',(0.,0.,1.));
#12074 = DIRECTION('',(0.707106781187,-0.707106781187,0.));
#12075 = ( GEOMETRIC_REPRESENTATION_CONTEXT(3) 
GLOBAL_UNCERTAINTY_ASSIGNED_CONTEXT((#12079)) 
GLOBAL_UNIT_ASSIGNED_CONTEXT((#12076,#12077,#12078)) 
REPRESENTATION_CONTEXT('Context #1',
  '3D Context with UNIT and UNCERTAINTY') );
#12076 = ( LENGTH_UNIT() NAMED_UNIT(*) SI_UNIT(.MILLI.,.METRE.) );
#12077 = ( NAMED_UNIT(*) PLANE_ANGLE_UNIT() SI_UNIT($,.RADIAN.) );
#12078 = ( NAMED_UNIT(*) SI_UNIT($,.STERADIAN.) SOLID_ANGLE_UNIT() );
#12079 = UNCERTAINTY_MEASURE_WITH_UNIT(LENGTH_MEASURE(1.E-07),#12076,
  'distance_accuracy_value','confusion accuracy');
#12080 = CONTEXT_DEPENDENT_SHAPE_REPRESENTATION(#12081,#12083);
#12081 = ( REPRESENTATION_RELATIONSHIP('','',#11924,#10) 
REPRESENTATION_RELATIONSHIP_WITH_TRANSFORMATION(#12082) 
SHAPE_REPRESENTATION_RELATIONSHIP() );
#12082 = ITEM_DEFINED_TRANSFORMATION('','',#11,#199);
#12083 = PRODUCT_DEFINITION_SHAPE('Placement','Placement of an item',
  #12084);
#12084 = NEXT_ASSEMBLY_USAGE_OCCURRENCE('47',
  'P47 Upper transition band 315 / 1','',#5,#11919,$);
#12085 = PRODUCT_RELATED_PRODUCT_CATEGORY('part',$,(#11921));
#12086 = SHAPE_DEFINITION_REPRESENTATION(#12087,#12093);
#12087 = PRODUCT_DEFINITION_SHAPE('','',#12088);
#12088 = PRODUCT_DEFINITION('design','',#12089,#12092);
#12089 = PRODUCT_DEFINITION_FORMATION('','',#12090);
#12090 = PRODUCT('P48 Upper transition band 315 / 2',
  'P48 Upper transition band 315 / 2','',(#12091));
#12091 = PRODUCT_CONTEXT('',#2,'mechanical');
#12092 = PRODUCT_DEFINITION_CONTEXT('part definition',#2,'design');
#12093 = ADVANCED_BREP_SHAPE_REPRESENTATION('',(#11,#12094),#12244);
#12094 = MANIFOLD_SOLID_BREP('',#12095);
#12095 = CLOSED_SHELL('',(#12096,#12136,#12176,#12198,#12220,#12232));
#12096 = ADVANCED_FACE('',(#12097),#12131,.F.);
#12097 = FACE_BOUND('',#12098,.F.);
#12098 = EDGE_LOOP('',(#12099,#12109,#12117,#12125));
#12099 = ORIENTED_EDGE('',*,*,#12100,.F.);
#12100 = EDGE_CURVE('',#12101,#12103,#12105,.T.);
#12101 = VERTEX_POINT('',#12102);
#12102 = CARTESIAN_POINT('',(144.95689014324,-229.8097038856,
    353.90524980688));
#12103 = VERTEX_POINT('',#12104);
#12104 = CARTESIAN_POINT('',(144.95689014324,-229.8097038856,
    367.90524980688));
#12105 = LINE('',#12106,#12107);
#12106 = CARTESIAN_POINT('',(144.95689014324,-229.8097038856,
    353.90524980688));
#12107 = VECTOR('',#12108,1.);
#12108 = DIRECTION('',(0.,0.,1.));
#12109 = ORIENTED_EDGE('',*,*,#12110,.T.);
#12110 = EDGE_CURVE('',#12101,#12111,#12113,.T.);
#12111 = VERTEX_POINT('',#12112);
#12112 = CARTESIAN_POINT('',(229.80970388562,-144.9568901432,
    353.90524980688));
#12113 = LINE('',#12114,#12115);
#12114 = CARTESIAN_POINT('',(144.95689014324,-229.8097038856,
    353.90524980688));
#12115 = VECTOR('',#12116,1.);
#12116 = DIRECTION('',(0.707106781187,0.707106781187,0.));
#12117 = ORIENTED_EDGE('',*,*,#12118,.T.);
#12118 = EDGE_CURVE('',#12111,#12119,#12121,.T.);
#12119 = VERTEX_POINT('',#12120);
#12120 = CARTESIAN_POINT('',(229.80970388562,-144.9568901432,
    367.90524980688));
#12121 = LINE('',#12122,#12123);
#12122 = CARTESIAN_POINT('',(229.80970388562,-144.9568901432,
    353.90524980688));
#12123 = VECTOR('',#12124,1.);
#12124 = DIRECTION('',(0.,0.,1.));
#12125 = ORIENTED_EDGE('',*,*,#12126,.F.);
#12126 = EDGE_CURVE('',#12103,#12119,#12127,.T.);
#12127 = LINE('',#12128,#12129);
#12128 = CARTESIAN_POINT('',(144.95689014324,-229.8097038856,
    367.90524980688));
#12129 = VECTOR('',#12130,1.);
#12130 = DIRECTION('',(0.707106781187,0.707106781187,0.));
#12131 = PLANE('',#12132);
#12132 = AXIS2_PLACEMENT_3D('',#12133,#12134,#12135);
#12133 = CARTESIAN_POINT('',(144.95689014324,-229.8097038856,
    353.90524980688));
#12134 = DIRECTION('',(0.707106781187,-0.707106781187,0.));
#12135 = DIRECTION('',(0.,0.,1.));
#12136 = ADVANCED_FACE('',(#12137),#12171,.T.);
#12137 = FACE_BOUND('',#12138,.T.);
#12138 = EDGE_LOOP('',(#12139,#12149,#12157,#12165));
#12139 = ORIENTED_EDGE('',*,*,#12140,.F.);
#12140 = EDGE_CURVE('',#12141,#12143,#12145,.T.);
#12141 = VERTEX_POINT('',#12142);
#12142 = CARTESIAN_POINT('',(159.09902576697,-243.9518395093,
    353.90524980688));
#12143 = VERTEX_POINT('',#12144);
#12144 = CARTESIAN_POINT('',(159.09902576697,-243.9518395093,
    367.90524980688));
#12145 = LINE('',#12146,#12147);
#12146 = CARTESIAN_POINT('',(159.09902576697,-243.9518395093,
    353.90524980688));
#12147 = VECTOR('',#12148,1.);
#12148 = DIRECTION('',(0.,0.,1.));
#12149 = ORIENTED_EDGE('',*,*,#12150,.T.);
#12150 = EDGE_CURVE('',#12141,#12151,#12153,.T.);
#12151 = VERTEX_POINT('',#12152);
#12152 = CARTESIAN_POINT('',(243.95183950935,-159.0990257669,
    353.90524980688));
#12153 = LINE('',#12154,#12155);
#12154 = CARTESIAN_POINT('',(159.09902576697,-243.9518395093,
    353.90524980688));
#12155 = VECTOR('',#12156,1.);
#12156 = DIRECTION('',(0.707106781187,0.707106781187,0.));
#12157 = ORIENTED_EDGE('',*,*,#12158,.T.);
#12158 = EDGE_CURVE('',#12151,#12159,#12161,.T.);
#12159 = VERTEX_POINT('',#12160);
#12160 = CARTESIAN_POINT('',(243.95183950935,-159.0990257669,
    367.90524980688));
#12161 = LINE('',#12162,#12163);
#12162 = CARTESIAN_POINT('',(243.95183950935,-159.0990257669,
    353.90524980688));
#12163 = VECTOR('',#12164,1.);
#12164 = DIRECTION('',(0.,0.,1.));
#12165 = ORIENTED_EDGE('',*,*,#12166,.F.);
#12166 = EDGE_CURVE('',#12143,#12159,#12167,.T.);
#12167 = LINE('',#12168,#12169);
#12168 = CARTESIAN_POINT('',(159.09902576697,-243.9518395093,
    367.90524980688));
#12169 = VECTOR('',#12170,1.);
#12170 = DIRECTION('',(0.707106781187,0.707106781187,0.));
#12171 = PLANE('',#12172);
#12172 = AXIS2_PLACEMENT_3D('',#12173,#12174,#12175);
#12173 = CARTESIAN_POINT('',(159.09902576697,-243.9518395093,
    353.90524980688));
#12174 = DIRECTION('',(0.707106781187,-0.707106781187,0.));
#12175 = DIRECTION('',(0.,0.,1.));
#12176 = ADVANCED_FACE('',(#12177),#12193,.F.);
#12177 = FACE_BOUND('',#12178,.F.);
#12178 = EDGE_LOOP('',(#12179,#12185,#12186,#12192));
#12179 = ORIENTED_EDGE('',*,*,#12180,.F.);
#12180 = EDGE_CURVE('',#12101,#12141,#12181,.T.);
#12181 = LINE('',#12182,#12183);
#12182 = CARTESIAN_POINT('',(144.95689014324,-229.8097038856,
    353.90524980688));
#12183 = VECTOR('',#12184,1.);
#12184 = DIRECTION('',(0.707106781187,-0.707106781187,0.));
#12185 = ORIENTED_EDGE('',*,*,#12100,.T.);
#12186 = ORIENTED_EDGE('',*,*,#12187,.T.);
#12187 = EDGE_CURVE('',#12103,#12143,#12188,.T.);
#12188 = LINE('',#12189,#12190);
#12189 = CARTESIAN_POINT('',(144.95689014324,-229.8097038856,
    367.90524980688));
#12190 = VECTOR('',#12191,1.);
#12191 = DIRECTION('',(0.707106781187,-0.707106781187,0.));
#12192 = ORIENTED_EDGE('',*,*,#12140,.F.);
#12193 = PLANE('',#12194);
#12194 = AXIS2_PLACEMENT_3D('',#12195,#12196,#12197);
#12195 = CARTESIAN_POINT('',(144.95689014324,-229.8097038856,
    353.90524980688));
#12196 = DIRECTION('',(0.707106781187,0.707106781187,0.));
#12197 = DIRECTION('',(0.,0.,1.));
#12198 = ADVANCED_FACE('',(#12199),#12215,.T.);
#12199 = FACE_BOUND('',#12200,.T.);
#12200 = EDGE_LOOP('',(#12201,#12207,#12208,#12214));
#12201 = ORIENTED_EDGE('',*,*,#12202,.F.);
#12202 = EDGE_CURVE('',#12111,#12151,#12203,.T.);
#12203 = LINE('',#12204,#12205);
#12204 = CARTESIAN_POINT('',(229.80970388562,-144.9568901432,
    353.90524980688));
#12205 = VECTOR('',#12206,1.);
#12206 = DIRECTION('',(0.707106781187,-0.707106781187,0.));
#12207 = ORIENTED_EDGE('',*,*,#12118,.T.);
#12208 = ORIENTED_EDGE('',*,*,#12209,.T.);
#12209 = EDGE_CURVE('',#12119,#12159,#12210,.T.);
#12210 = LINE('',#12211,#12212);
#12211 = CARTESIAN_POINT('',(229.80970388562,-144.9568901432,
    367.90524980688));
#12212 = VECTOR('',#12213,1.);
#12213 = DIRECTION('',(0.707106781187,-0.707106781187,0.));
#12214 = ORIENTED_EDGE('',*,*,#12158,.F.);
#12215 = PLANE('',#12216);
#12216 = AXIS2_PLACEMENT_3D('',#12217,#12218,#12219);
#12217 = CARTESIAN_POINT('',(229.80970388562,-144.9568901432,
    353.90524980688));
#12218 = DIRECTION('',(0.707106781187,0.707106781187,0.));
#12219 = DIRECTION('',(0.,0.,1.));
#12220 = ADVANCED_FACE('',(#12221),#12227,.F.);
#12221 = FACE_BOUND('',#12222,.F.);
#12222 = EDGE_LOOP('',(#12223,#12224,#12225,#12226));
#12223 = ORIENTED_EDGE('',*,*,#12110,.F.);
#12224 = ORIENTED_EDGE('',*,*,#12180,.T.);
#12225 = ORIENTED_EDGE('',*,*,#12150,.T.);
#12226 = ORIENTED_EDGE('',*,*,#12202,.F.);
#12227 = PLANE('',#12228);
#12228 = AXIS2_PLACEMENT_3D('',#12229,#12230,#12231);
#12229 = CARTESIAN_POINT('',(144.95689014324,-229.8097038856,
    353.90524980688));
#12230 = DIRECTION('',(0.,0.,1.));
#12231 = DIRECTION('',(0.707106781187,-0.707106781187,0.));
#12232 = ADVANCED_FACE('',(#12233),#12239,.T.);
#12233 = FACE_BOUND('',#12234,.T.);
#12234 = EDGE_LOOP('',(#12235,#12236,#12237,#12238));
#12235 = ORIENTED_EDGE('',*,*,#12126,.F.);
#12236 = ORIENTED_EDGE('',*,*,#12187,.T.);
#12237 = ORIENTED_EDGE('',*,*,#12166,.T.);
#12238 = ORIENTED_EDGE('',*,*,#12209,.F.);
#12239 = PLANE('',#12240);
#12240 = AXIS2_PLACEMENT_3D('',#12241,#12242,#12243);
#12241 = CARTESIAN_POINT('',(144.95689014324,-229.8097038856,
    367.90524980688));
#12242 = DIRECTION('',(0.,0.,1.));
#12243 = DIRECTION('',(0.707106781187,-0.707106781187,0.));
#12244 = ( GEOMETRIC_REPRESENTATION_CONTEXT(3) 
GLOBAL_UNCERTAINTY_ASSIGNED_CONTEXT((#12248)) 
GLOBAL_UNIT_ASSIGNED_CONTEXT((#12245,#12246,#12247)) 
REPRESENTATION_CONTEXT('Context #1',
  '3D Context with UNIT and UNCERTAINTY') );
#12245 = ( LENGTH_UNIT() NAMED_UNIT(*) SI_UNIT(.MILLI.,.METRE.) );
#12246 = ( NAMED_UNIT(*) PLANE_ANGLE_UNIT() SI_UNIT($,.RADIAN.) );
#12247 = ( NAMED_UNIT(*) SI_UNIT($,.STERADIAN.) SOLID_ANGLE_UNIT() );
#12248 = UNCERTAINTY_MEASURE_WITH_UNIT(LENGTH_MEASURE(1.E-07),#12245,
  'distance_accuracy_value','confusion accuracy');
#12249 = CONTEXT_DEPENDENT_SHAPE_REPRESENTATION(#12250,#12252);
#12250 = ( REPRESENTATION_RELATIONSHIP('','',#12093,#10) 
REPRESENTATION_RELATIONSHIP_WITH_TRANSFORMATION(#12251) 
SHAPE_REPRESENTATION_RELATIONSHIP() );
#12251 = ITEM_DEFINED_TRANSFORMATION('','',#11,#203);
#12252 = PRODUCT_DEFINITION_SHAPE('Placement','Placement of an item',
  #12253);
#12253 = NEXT_ASSEMBLY_USAGE_OCCURRENCE('48',
  'P48 Upper transition band 315 / 2','',#5,#12088,$);
#12254 = PRODUCT_RELATED_PRODUCT_CATEGORY('part',$,(#12090));
#12255 = SHAPE_DEFINITION_REPRESENTATION(#12256,#12262);
#12256 = PRODUCT_DEFINITION_SHAPE('','',#12257);
#12257 = PRODUCT_DEFINITION('design','',#12258,#12261);
#12258 = PRODUCT_DEFINITION_FORMATION('','',#12259);
#12259 = PRODUCT('P49 Cross pin 45 / level 1',
  'P49 Cross pin 45 / level 1','',(#12260));
#12260 = PRODUCT_CONTEXT('',#2,'mechanical');
#12261 = PRODUCT_DEFINITION_CONTEXT('part definition',#2,'design');
#12262 = ADVANCED_BREP_SHAPE_REPRESENTATION('',(#11,#12263),#12316);
#12263 = MANIFOLD_SOLID_BREP('',#12264);
#12264 = CLOSED_SHELL('',(#12265,#12298,#12307));
#12265 = ADVANCED_FACE('',(#12266),#12293,.T.);
#12266 = FACE_BOUND('',#12267,.T.);
#12267 = EDGE_LOOP('',(#12268,#12277,#12285,#12292));
#12268 = ORIENTED_EDGE('',*,*,#12269,.F.);
#12269 = EDGE_CURVE('',#12270,#12270,#12272,.T.);
#12270 = VERTEX_POINT('',#12271);
#12271 = CARTESIAN_POINT('',(152.0279579551,236.88077169749,276.));
#12272 = CIRCLE('',#12273,3.);
#12273 = AXIS2_PLACEMENT_3D('',#12274,#12275,#12276);
#12274 = CARTESIAN_POINT('',(152.0279579551,236.88077169749,273.));
#12275 = DIRECTION('',(-0.707106781187,0.707106781187,0.));
#12276 = DIRECTION('',(0.,0.,1.));
#12277 = ORIENTED_EDGE('',*,*,#12278,.F.);
#12278 = EDGE_CURVE('',#12279,#12270,#12281,.T.);
#12279 = VERTEX_POINT('',#12280);
#12280 = CARTESIAN_POINT('',(236.88077169749,152.0279579551,276.));
#12281 = LINE('',#12282,#12283);
#12282 = CARTESIAN_POINT('',(236.88077169749,152.0279579551,276.));
#12283 = VECTOR('',#12284,1.);
#12284 = DIRECTION('',(-0.707106781187,0.707106781187,0.));
#12285 = ORIENTED_EDGE('',*,*,#12286,.T.);
#12286 = EDGE_CURVE('',#12279,#12279,#12287,.T.);
#12287 = CIRCLE('',#12288,3.);
#12288 = AXIS2_PLACEMENT_3D('',#12289,#12290,#12291);
#12289 = CARTESIAN_POINT('',(236.88077169749,152.0279579551,273.));
#12290 = DIRECTION('',(-0.707106781187,0.707106781187,0.));
#12291 = DIRECTION('',(0.,0.,1.));
#12292 = ORIENTED_EDGE('',*,*,#12278,.T.);
#12293 = CYLINDRICAL_SURFACE('',#12294,3.);
#12294 = AXIS2_PLACEMENT_3D('',#12295,#12296,#12297);
#12295 = CARTESIAN_POINT('',(236.88077169749,152.0279579551,273.));
#12296 = DIRECTION('',(-0.707106781187,0.707106781187,0.));
#12297 = DIRECTION('',(0.,0.,1.));
#12298 = ADVANCED_FACE('',(#12299),#12302,.T.);
#12299 = FACE_BOUND('',#12300,.T.);
#12300 = EDGE_LOOP('',(#12301));
#12301 = ORIENTED_EDGE('',*,*,#12269,.T.);
#12302 = PLANE('',#12303);
#12303 = AXIS2_PLACEMENT_3D('',#12304,#12305,#12306);
#12304 = CARTESIAN_POINT('',(152.0279579551,236.88077169749,273.));
#12305 = DIRECTION('',(-0.707106781187,0.707106781187,0.));
#12306 = DIRECTION('',(0.,0.,1.));
#12307 = ADVANCED_FACE('',(#12308),#12311,.F.);
#12308 = FACE_BOUND('',#12309,.T.);
#12309 = EDGE_LOOP('',(#12310));
#12310 = ORIENTED_EDGE('',*,*,#12286,.F.);
#12311 = PLANE('',#12312);
#12312 = AXIS2_PLACEMENT_3D('',#12313,#12314,#12315);
#12313 = CARTESIAN_POINT('',(236.88077169749,152.0279579551,273.));
#12314 = DIRECTION('',(-0.707106781187,0.707106781187,0.));
#12315 = DIRECTION('',(0.,0.,1.));
#12316 = ( GEOMETRIC_REPRESENTATION_CONTEXT(3) 
GLOBAL_UNCERTAINTY_ASSIGNED_CONTEXT((#12320)) 
GLOBAL_UNIT_ASSIGNED_CONTEXT((#12317,#12318,#12319)) 
REPRESENTATION_CONTEXT('Context #1',
  '3D Context with UNIT and UNCERTAINTY') );
#12317 = ( LENGTH_UNIT() NAMED_UNIT(*) SI_UNIT(.MILLI.,.METRE.) );
#12318 = ( NAMED_UNIT(*) PLANE_ANGLE_UNIT() SI_UNIT($,.RADIAN.) );
#12319 = ( NAMED_UNIT(*) SI_UNIT($,.STERADIAN.) SOLID_ANGLE_UNIT() );
#12320 = UNCERTAINTY_MEASURE_WITH_UNIT(LENGTH_MEASURE(1.E-07),#12317,
  'distance_accuracy_value','confusion accuracy');
#12321 = CONTEXT_DEPENDENT_SHAPE_REPRESENTATION(#12322,#12324);
#12322 = ( REPRESENTATION_RELATIONSHIP('','',#12262,#10) 
REPRESENTATION_RELATIONSHIP_WITH_TRANSFORMATION(#12323) 
SHAPE_REPRESENTATION_RELATIONSHIP() );
#12323 = ITEM_DEFINED_TRANSFORMATION('','',#11,#207);
#12324 = PRODUCT_DEFINITION_SHAPE('Placement','Placement of an item',
  #12325);
#12325 = NEXT_ASSEMBLY_USAGE_OCCURRENCE('49',
  'P49 Cross pin 45 / level 1','',#5,#12257,$);
#12326 = PRODUCT_RELATED_PRODUCT_CATEGORY('part',$,(#12259));
#12327 = SHAPE_DEFINITION_REPRESENTATION(#12328,#12334);
#12328 = PRODUCT_DEFINITION_SHAPE('','',#12329);
#12329 = PRODUCT_DEFINITION('design','',#12330,#12333);
#12330 = PRODUCT_DEFINITION_FORMATION('','',#12331);
#12331 = PRODUCT('P50 Cross pin 45 / level 2',
  'P50 Cross pin 45 / level 2','',(#12332));
#12332 = PRODUCT_CONTEXT('',#2,'mechanical');
#12333 = PRODUCT_DEFINITION_CONTEXT('part definition',#2,'design');
#12334 = ADVANCED_BREP_SHAPE_REPRESENTATION('',(#11,#12335),#12388);
#12335 = MANIFOLD_SOLID_BREP('',#12336);
#12336 = CLOSED_SHELL('',(#12337,#12370,#12379));
#12337 = ADVANCED_FACE('',(#12338),#12365,.T.);
#12338 = FACE_BOUND('',#12339,.T.);
#12339 = EDGE_LOOP('',(#12340,#12349,#12357,#12364));
#12340 = ORIENTED_EDGE('',*,*,#12341,.F.);
#12341 = EDGE_CURVE('',#12342,#12342,#12344,.T.);
#12342 = VERTEX_POINT('',#12343);
#12343 = CARTESIAN_POINT('',(152.0279579551,236.88077169749,248.));
#12344 = CIRCLE('',#12345,3.);
#12345 = AXIS2_PLACEMENT_3D('',#12346,#12347,#12348);
#12346 = CARTESIAN_POINT('',(152.0279579551,236.88077169749,245.));
#12347 = DIRECTION('',(-0.707106781187,0.707106781187,0.));
#12348 = DIRECTION('',(0.,0.,1.));
#12349 = ORIENTED_EDGE('',*,*,#12350,.F.);
#12350 = EDGE_CURVE('',#12351,#12342,#12353,.T.);
#12351 = VERTEX_POINT('',#12352);
#12352 = CARTESIAN_POINT('',(236.88077169749,152.0279579551,248.));
#12353 = LINE('',#12354,#12355);
#12354 = CARTESIAN_POINT('',(236.88077169749,152.0279579551,248.));
#12355 = VECTOR('',#12356,1.);
#12356 = DIRECTION('',(-0.707106781187,0.707106781187,0.));
#12357 = ORIENTED_EDGE('',*,*,#12358,.T.);
#12358 = EDGE_CURVE('',#12351,#12351,#12359,.T.);
#12359 = CIRCLE('',#12360,3.);
#12360 = AXIS2_PLACEMENT_3D('',#12361,#12362,#12363);
#12361 = CARTESIAN_POINT('',(236.88077169749,152.0279579551,245.));
#12362 = DIRECTION('',(-0.707106781187,0.707106781187,0.));
#12363 = DIRECTION('',(0.,0.,1.));
#12364 = ORIENTED_EDGE('',*,*,#12350,.T.);
#12365 = CYLINDRICAL_SURFACE('',#12366,3.);
#12366 = AXIS2_PLACEMENT_3D('',#12367,#12368,#12369);
#12367 = CARTESIAN_POINT('',(236.88077169749,152.0279579551,245.));
#12368 = DIRECTION('',(-0.707106781187,0.707106781187,0.));
#12369 = DIRECTION('',(0.,0.,1.));
#12370 = ADVANCED_FACE('',(#12371),#12374,.T.);
#12371 = FACE_BOUND('',#12372,.T.);
#12372 = EDGE_LOOP('',(#12373));
#12373 = ORIENTED_EDGE('',*,*,#12341,.T.);
#12374 = PLANE('',#12375);
#12375 = AXIS2_PLACEMENT_3D('',#12376,#12377,#12378);
#12376 = CARTESIAN_POINT('',(152.0279579551,236.88077169749,245.));
#12377 = DIRECTION('',(-0.707106781187,0.707106781187,0.));
#12378 = DIRECTION('',(0.,0.,1.));
#12379 = ADVANCED_FACE('',(#12380),#12383,.F.);
#12380 = FACE_BOUND('',#12381,.T.);
#12381 = EDGE_LOOP('',(#12382));
#12382 = ORIENTED_EDGE('',*,*,#12358,.F.);
#12383 = PLANE('',#12384);
#12384 = AXIS2_PLACEMENT_3D('',#12385,#12386,#12387);
#12385 = CARTESIAN_POINT('',(236.88077169749,152.0279579551,245.));
#12386 = DIRECTION('',(-0.707106781187,0.707106781187,0.));
#12387 = DIRECTION('',(0.,0.,1.));
#12388 = ( GEOMETRIC_REPRESENTATION_CONTEXT(3) 
GLOBAL_UNCERTAINTY_ASSIGNED_CONTEXT((#12392)) 
GLOBAL_UNIT_ASSIGNED_CONTEXT((#12389,#12390,#12391)) 
REPRESENTATION_CONTEXT('Context #1',
  '3D Context with UNIT and UNCERTAINTY') );
#12389 = ( LENGTH_UNIT() NAMED_UNIT(*) SI_UNIT(.MILLI.,.METRE.) );
#12390 = ( NAMED_UNIT(*) PLANE_ANGLE_UNIT() SI_UNIT($,.RADIAN.) );
#12391 = ( NAMED_UNIT(*) SI_UNIT($,.STERADIAN.) SOLID_ANGLE_UNIT() );
#12392 = UNCERTAINTY_MEASURE_WITH_UNIT(LENGTH_MEASURE(1.E-07),#12389,
  'distance_accuracy_value','confusion accuracy');
#12393 = CONTEXT_DEPENDENT_SHAPE_REPRESENTATION(#12394,#12396);
#12394 = ( REPRESENTATION_RELATIONSHIP('','',#12334,#10) 
REPRESENTATION_RELATIONSHIP_WITH_TRANSFORMATION(#12395) 
SHAPE_REPRESENTATION_RELATIONSHIP() );
#12395 = ITEM_DEFINED_TRANSFORMATION('','',#11,#211);
#12396 = PRODUCT_DEFINITION_SHAPE('Placement','Placement of an item',
  #12397);
#12397 = NEXT_ASSEMBLY_USAGE_OCCURRENCE('50',
  'P50 Cross pin 45 / level 2','',#5,#12329,$);
#12398 = PRODUCT_RELATED_PRODUCT_CATEGORY('part',$,(#12331));
#12399 = SHAPE_DEFINITION_REPRESENTATION(#12400,#12406);
#12400 = PRODUCT_DEFINITION_SHAPE('','',#12401);
#12401 = PRODUCT_DEFINITION('design','',#12402,#12405);
#12402 = PRODUCT_DEFINITION_FORMATION('','',#12403);
#12403 = PRODUCT('P51 Cross pin 45 / level 3',
  'P51 Cross pin 45 / level 3','',(#12404));
#12404 = PRODUCT_CONTEXT('',#2,'mechanical');
#12405 = PRODUCT_DEFINITION_CONTEXT('part definition',#2,'design');
#12406 = ADVANCED_BREP_SHAPE_REPRESENTATION('',(#11,#12407),#12460);
#12407 = MANIFOLD_SOLID_BREP('',#12408);
#12408 = CLOSED_SHELL('',(#12409,#12442,#12451));
#12409 = ADVANCED_FACE('',(#12410),#12437,.T.);
#12410 = FACE_BOUND('',#12411,.T.);
#12411 = EDGE_LOOP('',(#12412,#12421,#12429,#12436));
#12412 = ORIENTED_EDGE('',*,*,#12413,.F.);
#12413 = EDGE_CURVE('',#12414,#12414,#12416,.T.);
#12414 = VERTEX_POINT('',#12415);
#12415 = CARTESIAN_POINT('',(152.0279579551,236.88077169749,220.));
#12416 = CIRCLE('',#12417,3.);
#12417 = AXIS2_PLACEMENT_3D('',#12418,#12419,#12420);
#12418 = CARTESIAN_POINT('',(152.0279579551,236.88077169749,217.));
#12419 = DIRECTION('',(-0.707106781187,0.707106781187,0.));
#12420 = DIRECTION('',(0.,0.,1.));
#12421 = ORIENTED_EDGE('',*,*,#12422,.F.);
#12422 = EDGE_CURVE('',#12423,#12414,#12425,.T.);
#12423 = VERTEX_POINT('',#12424);
#12424 = CARTESIAN_POINT('',(236.88077169749,152.0279579551,220.));
#12425 = LINE('',#12426,#12427);
#12426 = CARTESIAN_POINT('',(236.88077169749,152.0279579551,220.));
#12427 = VECTOR('',#12428,1.);
#12428 = DIRECTION('',(-0.707106781187,0.707106781187,0.));
#12429 = ORIENTED_EDGE('',*,*,#12430,.T.);
#12430 = EDGE_CURVE('',#12423,#12423,#12431,.T.);
#12431 = CIRCLE('',#12432,3.);
#12432 = AXIS2_PLACEMENT_3D('',#12433,#12434,#12435);
#12433 = CARTESIAN_POINT('',(236.88077169749,152.0279579551,217.));
#12434 = DIRECTION('',(-0.707106781187,0.707106781187,0.));
#12435 = DIRECTION('',(0.,0.,1.));
#12436 = ORIENTED_EDGE('',*,*,#12422,.T.);
#12437 = CYLINDRICAL_SURFACE('',#12438,3.);
#12438 = AXIS2_PLACEMENT_3D('',#12439,#12440,#12441);
#12439 = CARTESIAN_POINT('',(236.88077169749,152.0279579551,217.));
#12440 = DIRECTION('',(-0.707106781187,0.707106781187,0.));
#12441 = DIRECTION('',(0.,0.,1.));
#12442 = ADVANCED_FACE('',(#12443),#12446,.T.);
#12443 = FACE_BOUND('',#12444,.T.);
#12444 = EDGE_LOOP('',(#12445));
#12445 = ORIENTED_EDGE('',*,*,#12413,.T.);
#12446 = PLANE('',#12447);
#12447 = AXIS2_PLACEMENT_3D('',#12448,#12449,#12450);
#12448 = CARTESIAN_POINT('',(152.0279579551,236.88077169749,217.));
#12449 = DIRECTION('',(-0.707106781187,0.707106781187,0.));
#12450 = DIRECTION('',(0.,0.,1.));
#12451 = ADVANCED_FACE('',(#12452),#12455,.F.);
#12452 = FACE_BOUND('',#12453,.T.);
#12453 = EDGE_LOOP('',(#12454));
#12454 = ORIENTED_EDGE('',*,*,#12430,.F.);
#12455 = PLANE('',#12456);
#12456 = AXIS2_PLACEMENT_3D('',#12457,#12458,#12459);
#12457 = CARTESIAN_POINT('',(236.88077169749,152.0279579551,217.));
#12458 = DIRECTION('',(-0.707106781187,0.707106781187,0.));
#12459 = DIRECTION('',(0.,0.,1.));
#12460 = ( GEOMETRIC_REPRESENTATION_CONTEXT(3) 
GLOBAL_UNCERTAINTY_ASSIGNED_CONTEXT((#12464)) 
GLOBAL_UNIT_ASSIGNED_CONTEXT((#12461,#12462,#12463)) 
REPRESENTATION_CONTEXT('Context #1',
  '3D Context with UNIT and UNCERTAINTY') );
#12461 = ( LENGTH_UNIT() NAMED_UNIT(*) SI_UNIT(.MILLI.,.METRE.) );
#12462 = ( NAMED_UNIT(*) PLANE_ANGLE_UNIT() SI_UNIT($,.RADIAN.) );
#12463 = ( NAMED_UNIT(*) SI_UNIT($,.STERADIAN.) SOLID_ANGLE_UNIT() );
#12464 = UNCERTAINTY_MEASURE_WITH_UNIT(LENGTH_MEASURE(1.E-07),#12461,
  'distance_accuracy_value','confusion accuracy');
#12465 = CONTEXT_DEPENDENT_SHAPE_REPRESENTATION(#12466,#12468);
#12466 = ( REPRESENTATION_RELATIONSHIP('','',#12406,#10) 
REPRESENTATION_RELATIONSHIP_WITH_TRANSFORMATION(#12467) 
SHAPE_REPRESENTATION_RELATIONSHIP() );
#12467 = ITEM_DEFINED_TRANSFORMATION('','',#11,#215);
#12468 = PRODUCT_DEFINITION_SHAPE('Placement','Placement of an item',
  #12469);
#12469 = NEXT_ASSEMBLY_USAGE_OCCURRENCE('51',
  'P51 Cross pin 45 / level 3','',#5,#12401,$);
#12470 = PRODUCT_RELATED_PRODUCT_CATEGORY('part',$,(#12403));
#12471 = SHAPE_DEFINITION_REPRESENTATION(#12472,#12478);
#12472 = PRODUCT_DEFINITION_SHAPE('','',#12473);
#12473 = PRODUCT_DEFINITION('design','',#12474,#12477);
#12474 = PRODUCT_DEFINITION_FORMATION('','',#12475);
#12475 = PRODUCT('P52 Cross pin 135 / level 1',
  'P52 Cross pin 135 / level 1','',(#12476));
#12476 = PRODUCT_CONTEXT('',#2,'mechanical');
#12477 = PRODUCT_DEFINITION_CONTEXT('part definition',#2,'design');
#12478 = ADVANCED_BREP_SHAPE_REPRESENTATION('',(#11,#12479),#12532);
#12479 = MANIFOLD_SOLID_BREP('',#12480);
#12480 = CLOSED_SHELL('',(#12481,#12514,#12523));
#12481 = ADVANCED_FACE('',(#12482),#12509,.T.);
#12482 = FACE_BOUND('',#12483,.T.);
#12483 = EDGE_LOOP('',(#12484,#12493,#12501,#12508));
#12484 = ORIENTED_EDGE('',*,*,#12485,.F.);
#12485 = EDGE_CURVE('',#12486,#12486,#12488,.T.);
#12486 = VERTEX_POINT('',#12487);
#12487 = CARTESIAN_POINT('',(-236.8807716974,152.0279579551,276.));
#12488 = CIRCLE('',#12489,3.);
#12489 = AXIS2_PLACEMENT_3D('',#12490,#12491,#12492);
#12490 = CARTESIAN_POINT('',(-236.8807716974,152.0279579551,273.));
#12491 = DIRECTION('',(-0.707106781187,-0.707106781187,0.));
#12492 = DIRECTION('',(0.,0.,1.));
#12493 = ORIENTED_EDGE('',*,*,#12494,.F.);
#12494 = EDGE_CURVE('',#12495,#12486,#12497,.T.);
#12495 = VERTEX_POINT('',#12496);
#12496 = CARTESIAN_POINT('',(-152.0279579551,236.88077169749,276.));
#12497 = LINE('',#12498,#12499);
#12498 = CARTESIAN_POINT('',(-152.0279579551,236.88077169749,276.));
#12499 = VECTOR('',#12500,1.);
#12500 = DIRECTION('',(-0.707106781187,-0.707106781187,0.));
#12501 = ORIENTED_EDGE('',*,*,#12502,.T.);
#12502 = EDGE_CURVE('',#12495,#12495,#12503,.T.);
#12503 = CIRCLE('',#12504,3.);
#12504 = AXIS2_PLACEMENT_3D('',#12505,#12506,#12507);
#12505 = CARTESIAN_POINT('',(-152.0279579551,236.88077169749,273.));
#12506 = DIRECTION('',(-0.707106781187,-0.707106781187,0.));
#12507 = DIRECTION('',(0.,0.,1.));
#12508 = ORIENTED_EDGE('',*,*,#12494,.T.);
#12509 = CYLINDRICAL_SURFACE('',#12510,3.);
#12510 = AXIS2_PLACEMENT_3D('',#12511,#12512,#12513);
#12511 = CARTESIAN_POINT('',(-152.0279579551,236.88077169749,273.));
#12512 = DIRECTION('',(-0.707106781187,-0.707106781187,0.));
#12513 = DIRECTION('',(0.,0.,1.));
#12514 = ADVANCED_FACE('',(#12515),#12518,.T.);
#12515 = FACE_BOUND('',#12516,.T.);
#12516 = EDGE_LOOP('',(#12517));
#12517 = ORIENTED_EDGE('',*,*,#12485,.T.);
#12518 = PLANE('',#12519);
#12519 = AXIS2_PLACEMENT_3D('',#12520,#12521,#12522);
#12520 = CARTESIAN_POINT('',(-236.8807716974,152.0279579551,273.));
#12521 = DIRECTION('',(-0.707106781187,-0.707106781187,0.));
#12522 = DIRECTION('',(0.,0.,1.));
#12523 = ADVANCED_FACE('',(#12524),#12527,.F.);
#12524 = FACE_BOUND('',#12525,.T.);
#12525 = EDGE_LOOP('',(#12526));
#12526 = ORIENTED_EDGE('',*,*,#12502,.F.);
#12527 = PLANE('',#12528);
#12528 = AXIS2_PLACEMENT_3D('',#12529,#12530,#12531);
#12529 = CARTESIAN_POINT('',(-152.0279579551,236.88077169749,273.));
#12530 = DIRECTION('',(-0.707106781187,-0.707106781187,0.));
#12531 = DIRECTION('',(0.,0.,1.));
#12532 = ( GEOMETRIC_REPRESENTATION_CONTEXT(3) 
GLOBAL_UNCERTAINTY_ASSIGNED_CONTEXT((#12536)) 
GLOBAL_UNIT_ASSIGNED_CONTEXT((#12533,#12534,#12535)) 
REPRESENTATION_CONTEXT('Context #1',
  '3D Context with UNIT and UNCERTAINTY') );
#12533 = ( LENGTH_UNIT() NAMED_UNIT(*) SI_UNIT(.MILLI.,.METRE.) );
#12534 = ( NAMED_UNIT(*) PLANE_ANGLE_UNIT() SI_UNIT($,.RADIAN.) );
#12535 = ( NAMED_UNIT(*) SI_UNIT($,.STERADIAN.) SOLID_ANGLE_UNIT() );
#12536 = UNCERTAINTY_MEASURE_WITH_UNIT(LENGTH_MEASURE(1.E-07),#12533,
  'distance_accuracy_value','confusion accuracy');
#12537 = CONTEXT_DEPENDENT_SHAPE_REPRESENTATION(#12538,#12540);
#12538 = ( REPRESENTATION_RELATIONSHIP('','',#12478,#10) 
REPRESENTATION_RELATIONSHIP_WITH_TRANSFORMATION(#12539) 
SHAPE_REPRESENTATION_RELATIONSHIP() );
#12539 = ITEM_DEFINED_TRANSFORMATION('','',#11,#219);
#12540 = PRODUCT_DEFINITION_SHAPE('Placement','Placement of an item',
  #12541);
#12541 = NEXT_ASSEMBLY_USAGE_OCCURRENCE('52',
  'P52 Cross pin 135 / level 1','',#5,#12473,$);
#12542 = PRODUCT_RELATED_PRODUCT_CATEGORY('part',$,(#12475));
#12543 = SHAPE_DEFINITION_REPRESENTATION(#12544,#12550);
#12544 = PRODUCT_DEFINITION_SHAPE('','',#12545);
#12545 = PRODUCT_DEFINITION('design','',#12546,#12549);
#12546 = PRODUCT_DEFINITION_FORMATION('','',#12547);
#12547 = PRODUCT('P53 Cross pin 135 / level 2',
  'P53 Cross pin 135 / level 2','',(#12548));
#12548 = PRODUCT_CONTEXT('',#2,'mechanical');
#12549 = PRODUCT_DEFINITION_CONTEXT('part definition',#2,'design');
#12550 = ADVANCED_BREP_SHAPE_REPRESENTATION('',(#11,#12551),#12604);
#12551 = MANIFOLD_SOLID_BREP('',#12552);
#12552 = CLOSED_SHELL('',(#12553,#12586,#12595));
#12553 = ADVANCED_FACE('',(#12554),#12581,.T.);
#12554 = FACE_BOUND('',#12555,.T.);
#12555 = EDGE_LOOP('',(#12556,#12565,#12573,#12580));
#12556 = ORIENTED_EDGE('',*,*,#12557,.F.);
#12557 = EDGE_CURVE('',#12558,#12558,#12560,.T.);
#12558 = VERTEX_POINT('',#12559);
#12559 = CARTESIAN_POINT('',(-236.8807716974,152.0279579551,248.));
#12560 = CIRCLE('',#12561,3.);
#12561 = AXIS2_PLACEMENT_3D('',#12562,#12563,#12564);
#12562 = CARTESIAN_POINT('',(-236.8807716974,152.0279579551,245.));
#12563 = DIRECTION('',(-0.707106781187,-0.707106781187,0.));
#12564 = DIRECTION('',(0.,0.,1.));
#12565 = ORIENTED_EDGE('',*,*,#12566,.F.);
#12566 = EDGE_CURVE('',#12567,#12558,#12569,.T.);
#12567 = VERTEX_POINT('',#12568);
#12568 = CARTESIAN_POINT('',(-152.0279579551,236.88077169749,248.));
#12569 = LINE('',#12570,#12571);
#12570 = CARTESIAN_POINT('',(-152.0279579551,236.88077169749,248.));
#12571 = VECTOR('',#12572,1.);
#12572 = DIRECTION('',(-0.707106781187,-0.707106781187,0.));
#12573 = ORIENTED_EDGE('',*,*,#12574,.T.);
#12574 = EDGE_CURVE('',#12567,#12567,#12575,.T.);
#12575 = CIRCLE('',#12576,3.);
#12576 = AXIS2_PLACEMENT_3D('',#12577,#12578,#12579);
#12577 = CARTESIAN_POINT('',(-152.0279579551,236.88077169749,245.));
#12578 = DIRECTION('',(-0.707106781187,-0.707106781187,0.));
#12579 = DIRECTION('',(0.,0.,1.));
#12580 = ORIENTED_EDGE('',*,*,#12566,.T.);
#12581 = CYLINDRICAL_SURFACE('',#12582,3.);
#12582 = AXIS2_PLACEMENT_3D('',#12583,#12584,#12585);
#12583 = CARTESIAN_POINT('',(-152.0279579551,236.88077169749,245.));
#12584 = DIRECTION('',(-0.707106781187,-0.707106781187,0.));
#12585 = DIRECTION('',(0.,0.,1.));
#12586 = ADVANCED_FACE('',(#12587),#12590,.T.);
#12587 = FACE_BOUND('',#12588,.T.);
#12588 = EDGE_LOOP('',(#12589));
#12589 = ORIENTED_EDGE('',*,*,#12557,.T.);
#12590 = PLANE('',#12591);
#12591 = AXIS2_PLACEMENT_3D('',#12592,#12593,#12594);
#12592 = CARTESIAN_POINT('',(-236.8807716974,152.0279579551,245.));
#12593 = DIRECTION('',(-0.707106781187,-0.707106781187,0.));
#12594 = DIRECTION('',(0.,0.,1.));
#12595 = ADVANCED_FACE('',(#12596),#12599,.F.);
#12596 = FACE_BOUND('',#12597,.T.);
#12597 = EDGE_LOOP('',(#12598));
#12598 = ORIENTED_EDGE('',*,*,#12574,.F.);
#12599 = PLANE('',#12600);
#12600 = AXIS2_PLACEMENT_3D('',#12601,#12602,#12603);
#12601 = CARTESIAN_POINT('',(-152.0279579551,236.88077169749,245.));
#12602 = DIRECTION('',(-0.707106781187,-0.707106781187,0.));
#12603 = DIRECTION('',(0.,0.,1.));
#12604 = ( GEOMETRIC_REPRESENTATION_CONTEXT(3) 
GLOBAL_UNCERTAINTY_ASSIGNED_CONTEXT((#12608)) 
GLOBAL_UNIT_ASSIGNED_CONTEXT((#12605,#12606,#12607)) 
REPRESENTATION_CONTEXT('Context #1',
  '3D Context with UNIT and UNCERTAINTY') );
#12605 = ( LENGTH_UNIT() NAMED_UNIT(*) SI_UNIT(.MILLI.,.METRE.) );
#12606 = ( NAMED_UNIT(*) PLANE_ANGLE_UNIT() SI_UNIT($,.RADIAN.) );
#12607 = ( NAMED_UNIT(*) SI_UNIT($,.STERADIAN.) SOLID_ANGLE_UNIT() );
#12608 = UNCERTAINTY_MEASURE_WITH_UNIT(LENGTH_MEASURE(1.E-07),#12605,
  'distance_accuracy_value','confusion accuracy');
#12609 = CONTEXT_DEPENDENT_SHAPE_REPRESENTATION(#12610,#12612);
#12610 = ( REPRESENTATION_RELATIONSHIP('','',#12550,#10) 
REPRESENTATION_RELATIONSHIP_WITH_TRANSFORMATION(#12611) 
SHAPE_REPRESENTATION_RELATIONSHIP() );
#12611 = ITEM_DEFINED_TRANSFORMATION('','',#11,#223);
#12612 = PRODUCT_DEFINITION_SHAPE('Placement','Placement of an item',
  #12613);
#12613 = NEXT_ASSEMBLY_USAGE_OCCURRENCE('53',
  'P53 Cross pin 135 / level 2','',#5,#12545,$);
#12614 = PRODUCT_RELATED_PRODUCT_CATEGORY('part',$,(#12547));
#12615 = SHAPE_DEFINITION_REPRESENTATION(#12616,#12622);
#12616 = PRODUCT_DEFINITION_SHAPE('','',#12617);
#12617 = PRODUCT_DEFINITION('design','',#12618,#12621);
#12618 = PRODUCT_DEFINITION_FORMATION('','',#12619);
#12619 = PRODUCT('P54 Cross pin 135 / level 3',
  'P54 Cross pin 135 / level 3','',(#12620));
#12620 = PRODUCT_CONTEXT('',#2,'mechanical');
#12621 = PRODUCT_DEFINITION_CONTEXT('part definition',#2,'design');
#12622 = ADVANCED_BREP_SHAPE_REPRESENTATION('',(#11,#12623),#12676);
#12623 = MANIFOLD_SOLID_BREP('',#12624);
#12624 = CLOSED_SHELL('',(#12625,#12658,#12667));
#12625 = ADVANCED_FACE('',(#12626),#12653,.T.);
#12626 = FACE_BOUND('',#12627,.T.);
#12627 = EDGE_LOOP('',(#12628,#12637,#12645,#12652));
#12628 = ORIENTED_EDGE('',*,*,#12629,.F.);
#12629 = EDGE_CURVE('',#12630,#12630,#12632,.T.);
#12630 = VERTEX_POINT('',#12631);
#12631 = CARTESIAN_POINT('',(-236.8807716974,152.0279579551,220.));
#12632 = CIRCLE('',#12633,3.);
#12633 = AXIS2_PLACEMENT_3D('',#12634,#12635,#12636);
#12634 = CARTESIAN_POINT('',(-236.8807716974,152.0279579551,217.));
#12635 = DIRECTION('',(-0.707106781187,-0.707106781187,0.));
#12636 = DIRECTION('',(0.,0.,1.));
#12637 = ORIENTED_EDGE('',*,*,#12638,.F.);
#12638 = EDGE_CURVE('',#12639,#12630,#12641,.T.);
#12639 = VERTEX_POINT('',#12640);
#12640 = CARTESIAN_POINT('',(-152.0279579551,236.88077169749,220.));
#12641 = LINE('',#12642,#12643);
#12642 = CARTESIAN_POINT('',(-152.0279579551,236.88077169749,220.));
#12643 = VECTOR('',#12644,1.);
#12644 = DIRECTION('',(-0.707106781187,-0.707106781187,0.));
#12645 = ORIENTED_EDGE('',*,*,#12646,.T.);
#12646 = EDGE_CURVE('',#12639,#12639,#12647,.T.);
#12647 = CIRCLE('',#12648,3.);
#12648 = AXIS2_PLACEMENT_3D('',#12649,#12650,#12651);
#12649 = CARTESIAN_POINT('',(-152.0279579551,236.88077169749,217.));
#12650 = DIRECTION('',(-0.707106781187,-0.707106781187,0.));
#12651 = DIRECTION('',(0.,0.,1.));
#12652 = ORIENTED_EDGE('',*,*,#12638,.T.);
#12653 = CYLINDRICAL_SURFACE('',#12654,3.);
#12654 = AXIS2_PLACEMENT_3D('',#12655,#12656,#12657);
#12655 = CARTESIAN_POINT('',(-152.0279579551,236.88077169749,217.));
#12656 = DIRECTION('',(-0.707106781187,-0.707106781187,0.));
#12657 = DIRECTION('',(0.,0.,1.));
#12658 = ADVANCED_FACE('',(#12659),#12662,.T.);
#12659 = FACE_BOUND('',#12660,.T.);
#12660 = EDGE_LOOP('',(#12661));
#12661 = ORIENTED_EDGE('',*,*,#12629,.T.);
#12662 = PLANE('',#12663);
#12663 = AXIS2_PLACEMENT_3D('',#12664,#12665,#12666);
#12664 = CARTESIAN_POINT('',(-236.8807716974,152.0279579551,217.));
#12665 = DIRECTION('',(-0.707106781187,-0.707106781187,0.));
#12666 = DIRECTION('',(0.,0.,1.));
#12667 = ADVANCED_FACE('',(#12668),#12671,.F.);
#12668 = FACE_BOUND('',#12669,.T.);
#12669 = EDGE_LOOP('',(#12670));
#12670 = ORIENTED_EDGE('',*,*,#12646,.F.);
#12671 = PLANE('',#12672);
#12672 = AXIS2_PLACEMENT_3D('',#12673,#12674,#12675);
#12673 = CARTESIAN_POINT('',(-152.0279579551,236.88077169749,217.));
#12674 = DIRECTION('',(-0.707106781187,-0.707106781187,0.));
#12675 = DIRECTION('',(0.,0.,1.));
#12676 = ( GEOMETRIC_REPRESENTATION_CONTEXT(3) 
GLOBAL_UNCERTAINTY_ASSIGNED_CONTEXT((#12680)) 
GLOBAL_UNIT_ASSIGNED_CONTEXT((#12677,#12678,#12679)) 
REPRESENTATION_CONTEXT('Context #1',
  '3D Context with UNIT and UNCERTAINTY') );
#12677 = ( LENGTH_UNIT() NAMED_UNIT(*) SI_UNIT(.MILLI.,.METRE.) );
#12678 = ( NAMED_UNIT(*) PLANE_ANGLE_UNIT() SI_UNIT($,.RADIAN.) );
#12679 = ( NAMED_UNIT(*) SI_UNIT($,.STERADIAN.) SOLID_ANGLE_UNIT() );
#12680 = UNCERTAINTY_MEASURE_WITH_UNIT(LENGTH_MEASURE(1.E-07),#12677,
  'distance_accuracy_value','confusion accuracy');
#12681 = CONTEXT_DEPENDENT_SHAPE_REPRESENTATION(#12682,#12684);
#12682 = ( REPRESENTATION_RELATIONSHIP('','',#12622,#10) 
REPRESENTATION_RELATIONSHIP_WITH_TRANSFORMATION(#12683) 
SHAPE_REPRESENTATION_RELATIONSHIP() );
#12683 = ITEM_DEFINED_TRANSFORMATION('','',#11,#227);
#12684 = PRODUCT_DEFINITION_SHAPE('Placement','Placement of an item',
  #12685);
#12685 = NEXT_ASSEMBLY_USAGE_OCCURRENCE('54',
  'P54 Cross pin 135 / level 3','',#5,#12617,$);
#12686 = PRODUCT_RELATED_PRODUCT_CATEGORY('part',$,(#12619));
#12687 = SHAPE_DEFINITION_REPRESENTATION(#12688,#12694);
#12688 = PRODUCT_DEFINITION_SHAPE('','',#12689);
#12689 = PRODUCT_DEFINITION('design','',#12690,#12693);
#12690 = PRODUCT_DEFINITION_FORMATION('','',#12691);
#12691 = PRODUCT('P55 Cross pin 225 / level 1',
  'P55 Cross pin 225 / level 1','',(#12692));
#12692 = PRODUCT_CONTEXT('',#2,'mechanical');
#12693 = PRODUCT_DEFINITION_CONTEXT('part definition',#2,'design');
#12694 = ADVANCED_BREP_SHAPE_REPRESENTATION('',(#11,#12695),#12748);
#12695 = MANIFOLD_SOLID_BREP('',#12696);
#12696 = CLOSED_SHELL('',(#12697,#12730,#12739));
#12697 = ADVANCED_FACE('',(#12698),#12725,.T.);
#12698 = FACE_BOUND('',#12699,.T.);
#12699 = EDGE_LOOP('',(#12700,#12709,#12717,#12724));
#12700 = ORIENTED_EDGE('',*,*,#12701,.F.);
#12701 = EDGE_CURVE('',#12702,#12702,#12704,.T.);
#12702 = VERTEX_POINT('',#12703);
#12703 = CARTESIAN_POINT('',(-152.0279579551,-236.8807716974,276.));
#12704 = CIRCLE('',#12705,3.);
#12705 = AXIS2_PLACEMENT_3D('',#12706,#12707,#12708);
#12706 = CARTESIAN_POINT('',(-152.0279579551,-236.8807716974,273.));
#12707 = DIRECTION('',(0.707106781187,-0.707106781187,0.));
#12708 = DIRECTION('',(0.,0.,1.));
#12709 = ORIENTED_EDGE('',*,*,#12710,.F.);
#12710 = EDGE_CURVE('',#12711,#12702,#12713,.T.);
#12711 = VERTEX_POINT('',#12712);
#12712 = CARTESIAN_POINT('',(-236.8807716974,-152.0279579551,276.));
#12713 = LINE('',#12714,#12715);
#12714 = CARTESIAN_POINT('',(-236.8807716974,-152.0279579551,276.));
#12715 = VECTOR('',#12716,1.);
#12716 = DIRECTION('',(0.707106781187,-0.707106781187,0.));
#12717 = ORIENTED_EDGE('',*,*,#12718,.T.);
#12718 = EDGE_CURVE('',#12711,#12711,#12719,.T.);
#12719 = CIRCLE('',#12720,3.);
#12720 = AXIS2_PLACEMENT_3D('',#12721,#12722,#12723);
#12721 = CARTESIAN_POINT('',(-236.8807716974,-152.0279579551,273.));
#12722 = DIRECTION('',(0.707106781187,-0.707106781187,0.));
#12723 = DIRECTION('',(0.,0.,1.));
#12724 = ORIENTED_EDGE('',*,*,#12710,.T.);
#12725 = CYLINDRICAL_SURFACE('',#12726,3.);
#12726 = AXIS2_PLACEMENT_3D('',#12727,#12728,#12729);
#12727 = CARTESIAN_POINT('',(-236.8807716974,-152.0279579551,273.));
#12728 = DIRECTION('',(0.707106781187,-0.707106781187,0.));
#12729 = DIRECTION('',(0.,0.,1.));
#12730 = ADVANCED_FACE('',(#12731),#12734,.T.);
#12731 = FACE_BOUND('',#12732,.T.);
#12732 = EDGE_LOOP('',(#12733));
#12733 = ORIENTED_EDGE('',*,*,#12701,.T.);
#12734 = PLANE('',#12735);
#12735 = AXIS2_PLACEMENT_3D('',#12736,#12737,#12738);
#12736 = CARTESIAN_POINT('',(-152.0279579551,-236.8807716974,273.));
#12737 = DIRECTION('',(0.707106781187,-0.707106781187,0.));
#12738 = DIRECTION('',(0.,0.,1.));
#12739 = ADVANCED_FACE('',(#12740),#12743,.F.);
#12740 = FACE_BOUND('',#12741,.T.);
#12741 = EDGE_LOOP('',(#12742));
#12742 = ORIENTED_EDGE('',*,*,#12718,.F.);
#12743 = PLANE('',#12744);
#12744 = AXIS2_PLACEMENT_3D('',#12745,#12746,#12747);
#12745 = CARTESIAN_POINT('',(-236.8807716974,-152.0279579551,273.));
#12746 = DIRECTION('',(0.707106781187,-0.707106781187,0.));
#12747 = DIRECTION('',(0.,0.,1.));
#12748 = ( GEOMETRIC_REPRESENTATION_CONTEXT(3) 
GLOBAL_UNCERTAINTY_ASSIGNED_CONTEXT((#12752)) 
GLOBAL_UNIT_ASSIGNED_CONTEXT((#12749,#12750,#12751)) 
REPRESENTATION_CONTEXT('Context #1',
  '3D Context with UNIT and UNCERTAINTY') );
#12749 = ( LENGTH_UNIT() NAMED_UNIT(*) SI_UNIT(.MILLI.,.METRE.) );
#12750 = ( NAMED_UNIT(*) PLANE_ANGLE_UNIT() SI_UNIT($,.RADIAN.) );
#12751 = ( NAMED_UNIT(*) SI_UNIT($,.STERADIAN.) SOLID_ANGLE_UNIT() );
#12752 = UNCERTAINTY_MEASURE_WITH_UNIT(LENGTH_MEASURE(1.E-07),#12749,
  'distance_accuracy_value','confusion accuracy');
#12753 = CONTEXT_DEPENDENT_SHAPE_REPRESENTATION(#12754,#12756);
#12754 = ( REPRESENTATION_RELATIONSHIP('','',#12694,#10) 
REPRESENTATION_RELATIONSHIP_WITH_TRANSFORMATION(#12755) 
SHAPE_REPRESENTATION_RELATIONSHIP() );
#12755 = ITEM_DEFINED_TRANSFORMATION('','',#11,#231);
#12756 = PRODUCT_DEFINITION_SHAPE('Placement','Placement of an item',
  #12757);
#12757 = NEXT_ASSEMBLY_USAGE_OCCURRENCE('55',
  'P55 Cross pin 225 / level 1','',#5,#12689,$);
#12758 = PRODUCT_RELATED_PRODUCT_CATEGORY('part',$,(#12691));
#12759 = SHAPE_DEFINITION_REPRESENTATION(#12760,#12766);
#12760 = PRODUCT_DEFINITION_SHAPE('','',#12761);
#12761 = PRODUCT_DEFINITION('design','',#12762,#12765);
#12762 = PRODUCT_DEFINITION_FORMATION('','',#12763);
#12763 = PRODUCT('P56 Cross pin 225 / level 2',
  'P56 Cross pin 225 / level 2','',(#12764));
#12764 = PRODUCT_CONTEXT('',#2,'mechanical');
#12765 = PRODUCT_DEFINITION_CONTEXT('part definition',#2,'design');
#12766 = ADVANCED_BREP_SHAPE_REPRESENTATION('',(#11,#12767),#12820);
#12767 = MANIFOLD_SOLID_BREP('',#12768);
#12768 = CLOSED_SHELL('',(#12769,#12802,#12811));
#12769 = ADVANCED_FACE('',(#12770),#12797,.T.);
#12770 = FACE_BOUND('',#12771,.T.);
#12771 = EDGE_LOOP('',(#12772,#12781,#12789,#12796));
#12772 = ORIENTED_EDGE('',*,*,#12773,.F.);
#12773 = EDGE_CURVE('',#12774,#12774,#12776,.T.);
#12774 = VERTEX_POINT('',#12775);
#12775 = CARTESIAN_POINT('',(-152.0279579551,-236.8807716974,248.));
#12776 = CIRCLE('',#12777,3.);
#12777 = AXIS2_PLACEMENT_3D('',#12778,#12779,#12780);
#12778 = CARTESIAN_POINT('',(-152.0279579551,-236.8807716974,245.));
#12779 = DIRECTION('',(0.707106781187,-0.707106781187,0.));
#12780 = DIRECTION('',(0.,0.,1.));
#12781 = ORIENTED_EDGE('',*,*,#12782,.F.);
#12782 = EDGE_CURVE('',#12783,#12774,#12785,.T.);
#12783 = VERTEX_POINT('',#12784);
#12784 = CARTESIAN_POINT('',(-236.8807716974,-152.0279579551,248.));
#12785 = LINE('',#12786,#12787);
#12786 = CARTESIAN_POINT('',(-236.8807716974,-152.0279579551,248.));
#12787 = VECTOR('',#12788,1.);
#12788 = DIRECTION('',(0.707106781187,-0.707106781187,0.));
#12789 = ORIENTED_EDGE('',*,*,#12790,.T.);
#12790 = EDGE_CURVE('',#12783,#12783,#12791,.T.);
#12791 = CIRCLE('',#12792,3.);
#12792 = AXIS2_PLACEMENT_3D('',#12793,#12794,#12795);
#12793 = CARTESIAN_POINT('',(-236.8807716974,-152.0279579551,245.));
#12794 = DIRECTION('',(0.707106781187,-0.707106781187,0.));
#12795 = DIRECTION('',(0.,0.,1.));
#12796 = ORIENTED_EDGE('',*,*,#12782,.T.);
#12797 = CYLINDRICAL_SURFACE('',#12798,3.);
#12798 = AXIS2_PLACEMENT_3D('',#12799,#12800,#12801);
#12799 = CARTESIAN_POINT('',(-236.8807716974,-152.0279579551,245.));
#12800 = DIRECTION('',(0.707106781187,-0.707106781187,0.));
#12801 = DIRECTION('',(0.,0.,1.));
#12802 = ADVANCED_FACE('',(#12803),#12806,.T.);
#12803 = FACE_BOUND('',#12804,.T.);
#12804 = EDGE_LOOP('',(#12805));
#12805 = ORIENTED_EDGE('',*,*,#12773,.T.);
#12806 = PLANE('',#12807);
#12807 = AXIS2_PLACEMENT_3D('',#12808,#12809,#12810);
#12808 = CARTESIAN_POINT('',(-152.0279579551,-236.8807716974,245.));
#12809 = DIRECTION('',(0.707106781187,-0.707106781187,0.));
#12810 = DIRECTION('',(0.,0.,1.));
#12811 = ADVANCED_FACE('',(#12812),#12815,.F.);
#12812 = FACE_BOUND('',#12813,.T.);
#12813 = EDGE_LOOP('',(#12814));
#12814 = ORIENTED_EDGE('',*,*,#12790,.F.);
#12815 = PLANE('',#12816);
#12816 = AXIS2_PLACEMENT_3D('',#12817,#12818,#12819);
#12817 = CARTESIAN_POINT('',(-236.8807716974,-152.0279579551,245.));
#12818 = DIRECTION('',(0.707106781187,-0.707106781187,0.));
#12819 = DIRECTION('',(0.,0.,1.));
#12820 = ( GEOMETRIC_REPRESENTATION_CONTEXT(3) 
GLOBAL_UNCERTAINTY_ASSIGNED_CONTEXT((#12824)) 
GLOBAL_UNIT_ASSIGNED_CONTEXT((#12821,#12822,#12823)) 
REPRESENTATION_CONTEXT('Context #1',
  '3D Context with UNIT and UNCERTAINTY') );
#12821 = ( LENGTH_UNIT() NAMED_UNIT(*) SI_UNIT(.MILLI.,.METRE.) );
#12822 = ( NAMED_UNIT(*) PLANE_ANGLE_UNIT() SI_UNIT($,.RADIAN.) );
#12823 = ( NAMED_UNIT(*) SI_UNIT($,.STERADIAN.) SOLID_ANGLE_UNIT() );
#12824 = UNCERTAINTY_MEASURE_WITH_UNIT(LENGTH_MEASURE(1.E-07),#12821,
  'distance_accuracy_value','confusion accuracy');
#12825 = CONTEXT_DEPENDENT_SHAPE_REPRESENTATION(#12826,#12828);
#12826 = ( REPRESENTATION_RELATIONSHIP('','',#12766,#10) 
REPRESENTATION_RELATIONSHIP_WITH_TRANSFORMATION(#12827) 
SHAPE_REPRESENTATION_RELATIONSHIP() );
#12827 = ITEM_DEFINED_TRANSFORMATION('','',#11,#235);
#12828 = PRODUCT_DEFINITION_SHAPE('Placement','Placement of an item',
  #12829);
#12829 = NEXT_ASSEMBLY_USAGE_OCCURRENCE('56',
  'P56 Cross pin 225 / level 2','',#5,#12761,$);
#12830 = PRODUCT_RELATED_PRODUCT_CATEGORY('part',$,(#12763));
#12831 = SHAPE_DEFINITION_REPRESENTATION(#12832,#12838);
#12832 = PRODUCT_DEFINITION_SHAPE('','',#12833);
#12833 = PRODUCT_DEFINITION('design','',#12834,#12837);
#12834 = PRODUCT_DEFINITION_FORMATION('','',#12835);
#12835 = PRODUCT('P57 Cross pin 225 / level 3',
  'P57 Cross pin 225 / level 3','',(#12836));
#12836 = PRODUCT_CONTEXT('',#2,'mechanical');
#12837 = PRODUCT_DEFINITION_CONTEXT('part definition',#2,'design');
#12838 = ADVANCED_BREP_SHAPE_REPRESENTATION('',(#11,#12839),#12892);
#12839 = MANIFOLD_SOLID_BREP('',#12840);
#12840 = CLOSED_SHELL('',(#12841,#12874,#12883));
#12841 = ADVANCED_FACE('',(#12842),#12869,.T.);
#12842 = FACE_BOUND('',#12843,.T.);
#12843 = EDGE_LOOP('',(#12844,#12853,#12861,#12868));
#12844 = ORIENTED_EDGE('',*,*,#12845,.F.);
#12845 = EDGE_CURVE('',#12846,#12846,#12848,.T.);
#12846 = VERTEX_POINT('',#12847);
#12847 = CARTESIAN_POINT('',(-152.0279579551,-236.8807716974,220.));
#12848 = CIRCLE('',#12849,3.);
#12849 = AXIS2_PLACEMENT_3D('',#12850,#12851,#12852);
#12850 = CARTESIAN_POINT('',(-152.0279579551,-236.8807716974,217.));
#12851 = DIRECTION('',(0.707106781187,-0.707106781187,0.));
#12852 = DIRECTION('',(0.,0.,1.));
#12853 = ORIENTED_EDGE('',*,*,#12854,.F.);
#12854 = EDGE_CURVE('',#12855,#12846,#12857,.T.);
#12855 = VERTEX_POINT('',#12856);
#12856 = CARTESIAN_POINT('',(-236.8807716974,-152.0279579551,220.));
#12857 = LINE('',#12858,#12859);
#12858 = CARTESIAN_POINT('',(-236.8807716974,-152.0279579551,220.));
#12859 = VECTOR('',#12860,1.);
#12860 = DIRECTION('',(0.707106781187,-0.707106781187,0.));
#12861 = ORIENTED_EDGE('',*,*,#12862,.T.);
#12862 = EDGE_CURVE('',#12855,#12855,#12863,.T.);
#12863 = CIRCLE('',#12864,3.);
#12864 = AXIS2_PLACEMENT_3D('',#12865,#12866,#12867);
#12865 = CARTESIAN_POINT('',(-236.8807716974,-152.0279579551,217.));
#12866 = DIRECTION('',(0.707106781187,-0.707106781187,0.));
#12867 = DIRECTION('',(0.,0.,1.));
#12868 = ORIENTED_EDGE('',*,*,#12854,.T.);
#12869 = CYLINDRICAL_SURFACE('',#12870,3.);
#12870 = AXIS2_PLACEMENT_3D('',#12871,#12872,#12873);
#12871 = CARTESIAN_POINT('',(-236.8807716974,-152.0279579551,217.));
#12872 = DIRECTION('',(0.707106781187,-0.707106781187,0.));
#12873 = DIRECTION('',(0.,0.,1.));
#12874 = ADVANCED_FACE('',(#12875),#12878,.T.);
#12875 = FACE_BOUND('',#12876,.T.);
#12876 = EDGE_LOOP('',(#12877));
#12877 = ORIENTED_EDGE('',*,*,#12845,.T.);
#12878 = PLANE('',#12879);
#12879 = AXIS2_PLACEMENT_3D('',#12880,#12881,#12882);
#12880 = CARTESIAN_POINT('',(-152.0279579551,-236.8807716974,217.));
#12881 = DIRECTION('',(0.707106781187,-0.707106781187,0.));
#12882 = DIRECTION('',(0.,0.,1.));
#12883 = ADVANCED_FACE('',(#12884),#12887,.F.);
#12884 = FACE_BOUND('',#12885,.T.);
#12885 = EDGE_LOOP('',(#12886));
#12886 = ORIENTED_EDGE('',*,*,#12862,.F.);
#12887 = PLANE('',#12888);
#12888 = AXIS2_PLACEMENT_3D('',#12889,#12890,#12891);
#12889 = CARTESIAN_POINT('',(-236.8807716974,-152.0279579551,217.));
#12890 = DIRECTION('',(0.707106781187,-0.707106781187,0.));
#12891 = DIRECTION('',(0.,0.,1.));
#12892 = ( GEOMETRIC_REPRESENTATION_CONTEXT(3) 
GLOBAL_UNCERTAINTY_ASSIGNED_CONTEXT((#12896)) 
GLOBAL_UNIT_ASSIGNED_CONTEXT((#12893,#12894,#12895)) 
REPRESENTATION_CONTEXT('Context #1',
  '3D Context with UNIT and UNCERTAINTY') );
#12893 = ( LENGTH_UNIT() NAMED_UNIT(*) SI_UNIT(.MILLI.,.METRE.) );
#12894 = ( NAMED_UNIT(*) PLANE_ANGLE_UNIT() SI_UNIT($,.RADIAN.) );
#12895 = ( NAMED_UNIT(*) SI_UNIT($,.STERADIAN.) SOLID_ANGLE_UNIT() );
#12896 = UNCERTAINTY_MEASURE_WITH_UNIT(LENGTH_MEASURE(1.E-07),#12893,
  'distance_accuracy_value','confusion accuracy');
#12897 = CONTEXT_DEPENDENT_SHAPE_REPRESENTATION(#12898,#12900);
#12898 = ( REPRESENTATION_RELATIONSHIP('','',#12838,#10) 
REPRESENTATION_RELATIONSHIP_WITH_TRANSFORMATION(#12899) 
SHAPE_REPRESENTATION_RELATIONSHIP() );
#12899 = ITEM_DEFINED_TRANSFORMATION('','',#11,#239);
#12900 = PRODUCT_DEFINITION_SHAPE('Placement','Placement of an item',
  #12901);
#12901 = NEXT_ASSEMBLY_USAGE_OCCURRENCE('57',
  'P57 Cross pin 225 / level 3','',#5,#12833,$);
#12902 = PRODUCT_RELATED_PRODUCT_CATEGORY('part',$,(#12835));
#12903 = SHAPE_DEFINITION_REPRESENTATION(#12904,#12910);
#12904 = PRODUCT_DEFINITION_SHAPE('','',#12905);
#12905 = PRODUCT_DEFINITION('design','',#12906,#12909);
#12906 = PRODUCT_DEFINITION_FORMATION('','',#12907);
#12907 = PRODUCT('P58 Cross pin 315 / level 1',
  'P58 Cross pin 315 / level 1','',(#12908));
#12908 = PRODUCT_CONTEXT('',#2,'mechanical');
#12909 = PRODUCT_DEFINITION_CONTEXT('part definition',#2,'design');
#12910 = ADVANCED_BREP_SHAPE_REPRESENTATION('',(#11,#12911),#12964);
#12911 = MANIFOLD_SOLID_BREP('',#12912);
#12912 = CLOSED_SHELL('',(#12913,#12946,#12955));
#12913 = ADVANCED_FACE('',(#12914),#12941,.T.);
#12914 = FACE_BOUND('',#12915,.T.);
#12915 = EDGE_LOOP('',(#12916,#12925,#12933,#12940));
#12916 = ORIENTED_EDGE('',*,*,#12917,.F.);
#12917 = EDGE_CURVE('',#12918,#12918,#12920,.T.);
#12918 = VERTEX_POINT('',#12919);
#12919 = CARTESIAN_POINT('',(236.88077169749,-152.0279579551,276.));
#12920 = CIRCLE('',#12921,3.);
#12921 = AXIS2_PLACEMENT_3D('',#12922,#12923,#12924);
#12922 = CARTESIAN_POINT('',(236.88077169749,-152.0279579551,273.));
#12923 = DIRECTION('',(0.707106781187,0.707106781187,-0.));
#12924 = DIRECTION('',(0.,0.,1.));
#12925 = ORIENTED_EDGE('',*,*,#12926,.F.);
#12926 = EDGE_CURVE('',#12927,#12918,#12929,.T.);
#12927 = VERTEX_POINT('',#12928);
#12928 = CARTESIAN_POINT('',(152.0279579551,-236.8807716974,276.));
#12929 = LINE('',#12930,#12931);
#12930 = CARTESIAN_POINT('',(152.0279579551,-236.8807716974,276.));
#12931 = VECTOR('',#12932,1.);
#12932 = DIRECTION('',(0.707106781187,0.707106781187,0.));
#12933 = ORIENTED_EDGE('',*,*,#12934,.T.);
#12934 = EDGE_CURVE('',#12927,#12927,#12935,.T.);
#12935 = CIRCLE('',#12936,3.);
#12936 = AXIS2_PLACEMENT_3D('',#12937,#12938,#12939);
#12937 = CARTESIAN_POINT('',(152.0279579551,-236.8807716974,273.));
#12938 = DIRECTION('',(0.707106781187,0.707106781187,-0.));
#12939 = DIRECTION('',(0.,0.,1.));
#12940 = ORIENTED_EDGE('',*,*,#12926,.T.);
#12941 = CYLINDRICAL_SURFACE('',#12942,3.);
#12942 = AXIS2_PLACEMENT_3D('',#12943,#12944,#12945);
#12943 = CARTESIAN_POINT('',(152.0279579551,-236.8807716974,273.));
#12944 = DIRECTION('',(0.707106781187,0.707106781187,0.));
#12945 = DIRECTION('',(0.,0.,1.));
#12946 = ADVANCED_FACE('',(#12947),#12950,.T.);
#12947 = FACE_BOUND('',#12948,.T.);
#12948 = EDGE_LOOP('',(#12949));
#12949 = ORIENTED_EDGE('',*,*,#12917,.T.);
#12950 = PLANE('',#12951);
#12951 = AXIS2_PLACEMENT_3D('',#12952,#12953,#12954);
#12952 = CARTESIAN_POINT('',(236.88077169749,-152.0279579551,273.));
#12953 = DIRECTION('',(0.707106781187,0.707106781187,0.));
#12954 = DIRECTION('',(0.,0.,1.));
#12955 = ADVANCED_FACE('',(#12956),#12959,.F.);
#12956 = FACE_BOUND('',#12957,.T.);
#12957 = EDGE_LOOP('',(#12958));
#12958 = ORIENTED_EDGE('',*,*,#12934,.F.);
#12959 = PLANE('',#12960);
#12960 = AXIS2_PLACEMENT_3D('',#12961,#12962,#12963);
#12961 = CARTESIAN_POINT('',(152.0279579551,-236.8807716974,273.));
#12962 = DIRECTION('',(0.707106781187,0.707106781187,0.));
#12963 = DIRECTION('',(0.,0.,1.));
#12964 = ( GEOMETRIC_REPRESENTATION_CONTEXT(3) 
GLOBAL_UNCERTAINTY_ASSIGNED_CONTEXT((#12968)) 
GLOBAL_UNIT_ASSIGNED_CONTEXT((#12965,#12966,#12967)) 
REPRESENTATION_CONTEXT('Context #1',
  '3D Context with UNIT and UNCERTAINTY') );
#12965 = ( LENGTH_UNIT() NAMED_UNIT(*) SI_UNIT(.MILLI.,.METRE.) );
#12966 = ( NAMED_UNIT(*) PLANE_ANGLE_UNIT() SI_UNIT($,.RADIAN.) );
#12967 = ( NAMED_UNIT(*) SI_UNIT($,.STERADIAN.) SOLID_ANGLE_UNIT() );
#12968 = UNCERTAINTY_MEASURE_WITH_UNIT(LENGTH_MEASURE(1.E-07),#12965,
  'distance_accuracy_value','confusion accuracy');
#12969 = CONTEXT_DEPENDENT_SHAPE_REPRESENTATION(#12970,#12972);
#12970 = ( REPRESENTATION_RELATIONSHIP('','',#12910,#10) 
REPRESENTATION_RELATIONSHIP_WITH_TRANSFORMATION(#12971) 
SHAPE_REPRESENTATION_RELATIONSHIP() );
#12971 = ITEM_DEFINED_TRANSFORMATION('','',#11,#243);
#12972 = PRODUCT_DEFINITION_SHAPE('Placement','Placement of an item',
  #12973);
#12973 = NEXT_ASSEMBLY_USAGE_OCCURRENCE('58',
  'P58 Cross pin 315 / level 1','',#5,#12905,$);
#12974 = PRODUCT_RELATED_PRODUCT_CATEGORY('part',$,(#12907));
#12975 = SHAPE_DEFINITION_REPRESENTATION(#12976,#12982);
#12976 = PRODUCT_DEFINITION_SHAPE('','',#12977);
#12977 = PRODUCT_DEFINITION('design','',#12978,#12981);
#12978 = PRODUCT_DEFINITION_FORMATION('','',#12979);
#12979 = PRODUCT('P59 Cross pin 315 / level 2',
  'P59 Cross pin 315 / level 2','',(#12980));
#12980 = PRODUCT_CONTEXT('',#2,'mechanical');
#12981 = PRODUCT_DEFINITION_CONTEXT('part definition',#2,'design');
#12982 = ADVANCED_BREP_SHAPE_REPRESENTATION('',(#11,#12983),#13036);
#12983 = MANIFOLD_SOLID_BREP('',#12984);
#12984 = CLOSED_SHELL('',(#12985,#13018,#13027));
#12985 = ADVANCED_FACE('',(#12986),#13013,.T.);
#12986 = FACE_BOUND('',#12987,.T.);
#12987 = EDGE_LOOP('',(#12988,#12997,#13005,#13012));
#12988 = ORIENTED_EDGE('',*,*,#12989,.F.);
#12989 = EDGE_CURVE('',#12990,#12990,#12992,.T.);
#12990 = VERTEX_POINT('',#12991);
#12991 = CARTESIAN_POINT('',(236.88077169749,-152.0279579551,248.));
#12992 = CIRCLE('',#12993,3.);
#12993 = AXIS2_PLACEMENT_3D('',#12994,#12995,#12996);
#12994 = CARTESIAN_POINT('',(236.88077169749,-152.0279579551,245.));
#12995 = DIRECTION('',(0.707106781187,0.707106781187,-0.));
#12996 = DIRECTION('',(0.,0.,1.));
#12997 = ORIENTED_EDGE('',*,*,#12998,.F.);
#12998 = EDGE_CURVE('',#12999,#12990,#13001,.T.);
#12999 = VERTEX_POINT('',#13000);
#13000 = CARTESIAN_POINT('',(152.0279579551,-236.8807716974,248.));
#13001 = LINE('',#13002,#13003);
#13002 = CARTESIAN_POINT('',(152.0279579551,-236.8807716974,248.));
#13003 = VECTOR('',#13004,1.);
#13004 = DIRECTION('',(0.707106781187,0.707106781187,0.));
#13005 = ORIENTED_EDGE('',*,*,#13006,.T.);
#13006 = EDGE_CURVE('',#12999,#12999,#13007,.T.);
#13007 = CIRCLE('',#13008,3.);
#13008 = AXIS2_PLACEMENT_3D('',#13009,#13010,#13011);
#13009 = CARTESIAN_POINT('',(152.0279579551,-236.8807716974,245.));
#13010 = DIRECTION('',(0.707106781187,0.707106781187,-0.));
#13011 = DIRECTION('',(0.,0.,1.));
#13012 = ORIENTED_EDGE('',*,*,#12998,.T.);
#13013 = CYLINDRICAL_SURFACE('',#13014,3.);
#13014 = AXIS2_PLACEMENT_3D('',#13015,#13016,#13017);
#13015 = CARTESIAN_POINT('',(152.0279579551,-236.8807716974,245.));
#13016 = DIRECTION('',(0.707106781187,0.707106781187,0.));
#13017 = DIRECTION('',(0.,0.,1.));
#13018 = ADVANCED_FACE('',(#13019),#13022,.T.);
#13019 = FACE_BOUND('',#13020,.T.);
#13020 = EDGE_LOOP('',(#13021));
#13021 = ORIENTED_EDGE('',*,*,#12989,.T.);
#13022 = PLANE('',#13023);
#13023 = AXIS2_PLACEMENT_3D('',#13024,#13025,#13026);
#13024 = CARTESIAN_POINT('',(236.88077169749,-152.0279579551,245.));
#13025 = DIRECTION('',(0.707106781187,0.707106781187,0.));
#13026 = DIRECTION('',(0.,0.,1.));
#13027 = ADVANCED_FACE('',(#13028),#13031,.F.);
#13028 = FACE_BOUND('',#13029,.T.);
#13029 = EDGE_LOOP('',(#13030));
#13030 = ORIENTED_EDGE('',*,*,#13006,.F.);
#13031 = PLANE('',#13032);
#13032 = AXIS2_PLACEMENT_3D('',#13033,#13034,#13035);
#13033 = CARTESIAN_POINT('',(152.0279579551,-236.8807716974,245.));
#13034 = DIRECTION('',(0.707106781187,0.707106781187,0.));
#13035 = DIRECTION('',(0.,0.,1.));
#13036 = ( GEOMETRIC_REPRESENTATION_CONTEXT(3) 
GLOBAL_UNCERTAINTY_ASSIGNED_CONTEXT((#13040)) 
GLOBAL_UNIT_ASSIGNED_CONTEXT((#13037,#13038,#13039)) 
REPRESENTATION_CONTEXT('Context #1',
  '3D Context with UNIT and UNCERTAINTY') );
#13037 = ( LENGTH_UNIT() NAMED_UNIT(*) SI_UNIT(.MILLI.,.METRE.) );
#13038 = ( NAMED_UNIT(*) PLANE_ANGLE_UNIT() SI_UNIT($,.RADIAN.) );
#13039 = ( NAMED_UNIT(*) SI_UNIT($,.STERADIAN.) SOLID_ANGLE_UNIT() );
#13040 = UNCERTAINTY_MEASURE_WITH_UNIT(LENGTH_MEASURE(1.E-07),#13037,
  'distance_accuracy_value','confusion accuracy');
#13041 = CONTEXT_DEPENDENT_SHAPE_REPRESENTATION(#13042,#13044);
#13042 = ( REPRESENTATION_RELATIONSHIP('','',#12982,#10) 
REPRESENTATION_RELATIONSHIP_WITH_TRANSFORMATION(#13043) 
SHAPE_REPRESENTATION_RELATIONSHIP() );
#13043 = ITEM_DEFINED_TRANSFORMATION('','',#11,#247);
#13044 = PRODUCT_DEFINITION_SHAPE('Placement','Placement of an item',
  #13045);
#13045 = NEXT_ASSEMBLY_USAGE_OCCURRENCE('59',
  'P59 Cross pin 315 / level 2','',#5,#12977,$);
#13046 = PRODUCT_RELATED_PRODUCT_CATEGORY('part',$,(#12979));
#13047 = SHAPE_DEFINITION_REPRESENTATION(#13048,#13054);
#13048 = PRODUCT_DEFINITION_SHAPE('','',#13049);
#13049 = PRODUCT_DEFINITION('design','',#13050,#13053);
#13050 = PRODUCT_DEFINITION_FORMATION('','',#13051);
#13051 = PRODUCT('P60 Cross pin 315 / level 3',
  'P60 Cross pin 315 / level 3','',(#13052));
#13052 = PRODUCT_CONTEXT('',#2,'mechanical');
#13053 = PRODUCT_DEFINITION_CONTEXT('part definition',#2,'design');
#13054 = ADVANCED_BREP_SHAPE_REPRESENTATION('',(#11,#13055),#13108);
#13055 = MANIFOLD_SOLID_BREP('',#13056);
#13056 = CLOSED_SHELL('',(#13057,#13090,#13099));
#13057 = ADVANCED_FACE('',(#13058),#13085,.T.);
#13058 = FACE_BOUND('',#13059,.T.);
#13059 = EDGE_LOOP('',(#13060,#13069,#13077,#13084));
#13060 = ORIENTED_EDGE('',*,*,#13061,.F.);
#13061 = EDGE_CURVE('',#13062,#13062,#13064,.T.);
#13062 = VERTEX_POINT('',#13063);
#13063 = CARTESIAN_POINT('',(236.88077169749,-152.0279579551,220.));
#13064 = CIRCLE('',#13065,3.);
#13065 = AXIS2_PLACEMENT_3D('',#13066,#13067,#13068);
#13066 = CARTESIAN_POINT('',(236.88077169749,-152.0279579551,217.));
#13067 = DIRECTION('',(0.707106781187,0.707106781187,-0.));
#13068 = DIRECTION('',(0.,0.,1.));
#13069 = ORIENTED_EDGE('',*,*,#13070,.F.);
#13070 = EDGE_CURVE('',#13071,#13062,#13073,.T.);
#13071 = VERTEX_POINT('',#13072);
#13072 = CARTESIAN_POINT('',(152.0279579551,-236.8807716974,220.));
#13073 = LINE('',#13074,#13075);
#13074 = CARTESIAN_POINT('',(152.0279579551,-236.8807716974,220.));
#13075 = VECTOR('',#13076,1.);
#13076 = DIRECTION('',(0.707106781187,0.707106781187,0.));
#13077 = ORIENTED_EDGE('',*,*,#13078,.T.);
#13078 = EDGE_CURVE('',#13071,#13071,#13079,.T.);
#13079 = CIRCLE('',#13080,3.);
#13080 = AXIS2_PLACEMENT_3D('',#13081,#13082,#13083);
#13081 = CARTESIAN_POINT('',(152.0279579551,-236.8807716974,217.));
#13082 = DIRECTION('',(0.707106781187,0.707106781187,-0.));
#13083 = DIRECTION('',(0.,0.,1.));
#13084 = ORIENTED_EDGE('',*,*,#13070,.T.);
#13085 = CYLINDRICAL_SURFACE('',#13086,3.);
#13086 = AXIS2_PLACEMENT_3D('',#13087,#13088,#13089);
#13087 = CARTESIAN_POINT('',(152.0279579551,-236.8807716974,217.));
#13088 = DIRECTION('',(0.707106781187,0.707106781187,0.));
#13089 = DIRECTION('',(0.,0.,1.));
#13090 = ADVANCED_FACE('',(#13091),#13094,.T.);
#13091 = FACE_BOUND('',#13092,.T.);
#13092 = EDGE_LOOP('',(#13093));
#13093 = ORIENTED_EDGE('',*,*,#13061,.T.);
#13094 = PLANE('',#13095);
#13095 = AXIS2_PLACEMENT_3D('',#13096,#13097,#13098);
#13096 = CARTESIAN_POINT('',(236.88077169749,-152.0279579551,217.));
#13097 = DIRECTION('',(0.707106781187,0.707106781187,0.));
#13098 = DIRECTION('',(0.,0.,1.));
#13099 = ADVANCED_FACE('',(#13100),#13103,.F.);
#13100 = FACE_BOUND('',#13101,.T.);
#13101 = EDGE_LOOP('',(#13102));
#13102 = ORIENTED_EDGE('',*,*,#13078,.F.);
#13103 = PLANE('',#13104);
#13104 = AXIS2_PLACEMENT_3D('',#13105,#13106,#13107);
#13105 = CARTESIAN_POINT('',(152.0279579551,-236.8807716974,217.));
#13106 = DIRECTION('',(0.707106781187,0.707106781187,0.));
#13107 = DIRECTION('',(0.,0.,1.));
#13108 = ( GEOMETRIC_REPRESENTATION_CONTEXT(3) 
GLOBAL_UNCERTAINTY_ASSIGNED_CONTEXT((#13112)) 
GLOBAL_UNIT_ASSIGNED_CONTEXT((#13109,#13110,#13111)) 
REPRESENTATION_CONTEXT('Context #1',
  '3D Context with UNIT and UNCERTAINTY') );
#13109 = ( LENGTH_UNIT() NAMED_UNIT(*) SI_UNIT(.MILLI.,.METRE.) );
#13110 = ( NAMED_UNIT(*) PLANE_ANGLE_UNIT() SI_UNIT($,.RADIAN.) );
#13111 = ( NAMED_UNIT(*) SI_UNIT($,.STERADIAN.) SOLID_ANGLE_UNIT() );
#13112 = UNCERTAINTY_MEASURE_WITH_UNIT(LENGTH_MEASURE(1.E-07),#13109,
  'distance_accuracy_value','confusion accuracy');
#13113 = CONTEXT_DEPENDENT_SHAPE_REPRESENTATION(#13114,#13116);
#13114 = ( REPRESENTATION_RELATIONSHIP('','',#13054,#10) 
REPRESENTATION_RELATIONSHIP_WITH_TRANSFORMATION(#13115) 
SHAPE_REPRESENTATION_RELATIONSHIP() );
#13115 = ITEM_DEFINED_TRANSFORMATION('','',#11,#251);
#13116 = PRODUCT_DEFINITION_SHAPE('Placement','Placement of an item',
  #13117);
#13117 = NEXT_ASSEMBLY_USAGE_OCCURRENCE('60',
  'P60 Cross pin 315 / level 3','',#5,#13049,$);
#13118 = PRODUCT_RELATED_PRODUCT_CATEGORY('part',$,(#13051));
ENDSEC;
END-ISO-10303-21;
