ISO-10303-21;
HEADER;
FILE_DESCRIPTION(('FreeCAD Model'),'2;1');
FILE_NAME('Open CASCADE Shape Model','2026-09-10T16:16:12',('Author'),(
    ''),'Open CASCADE STEP processor 7.8','FreeCAD','Unknown');
FILE_SCHEMA(('AUTOMOTIVE_DESIGN { 1 0 10303 214 1 1 1 1 }'));
ENDSEC;
DATA;
#1 = APPLICATION_PROTOCOL_DEFINITION('international standard',
  'automotive_design',2000,#2);
#2 = APPLICATION_CONTEXT(
  'core data for automotive mechanical design processes');
#3 = SHAPE_DEFINITION_REPRESENTATION(#4,#10);
#4 = PRODUCT_DEFINITION_SHAPE('','',#5);
#5 = PRODUCT_DEFINITION('design','',#6,#9);
#6 = PRODUCT_DEFINITION_FORMATION('','',#7);
#7 = PRODUCT('TB001_D07','TB001_D07','',(#8));
#8 = PRODUCT_CONTEXT('',#2,'mechanical');
#9 = PRODUCT_DEFINITION_CONTEXT('part definition',#2,'design');
#10 = SHAPE_REPRESENTATION('',(#11,#15,#19,#23,#27,#31,#35,#39,#43,#47,
    #51,#55,#59,#63,#67,#71,#75,#79,#83,#87,#91,#95,#99,#103,#107,#111,
    #115,#119,#123,#127,#131,#135,#139,#143,#147,#151,#155,#159,#163,
    #167,#171,#175,#179,#183,#187),#191);
#11 = AXIS2_PLACEMENT_3D('',#12,#13,#14);
#12 = CARTESIAN_POINT('',(0.,0.,0.));
#13 = DIRECTION('',(0.,0.,1.));
#14 = DIRECTION('',(1.,0.,-0.));
#15 = AXIS2_PLACEMENT_3D('',#16,#17,#18);
#16 = CARTESIAN_POINT('',(0.,0.,0.));
#17 = DIRECTION('',(0.,0.,1.));
#18 = DIRECTION('',(1.,0.,0.));
#19 = AXIS2_PLACEMENT_3D('',#20,#21,#22);
#20 = CARTESIAN_POINT('',(0.,0.,0.));
#21 = DIRECTION('',(0.,0.,1.));
#22 = DIRECTION('',(1.,0.,0.));
#23 = AXIS2_PLACEMENT_3D('',#24,#25,#26);
#24 = CARTESIAN_POINT('',(0.,0.,0.));
#25 = DIRECTION('',(0.,0.,1.));
#26 = DIRECTION('',(1.,0.,0.));
#27 = AXIS2_PLACEMENT_3D('',#28,#29,#30);
#28 = CARTESIAN_POINT('',(0.,0.,0.));
#29 = DIRECTION('',(0.,0.,1.));
#30 = DIRECTION('',(1.,0.,0.));
#31 = AXIS2_PLACEMENT_3D('',#32,#33,#34);
#32 = CARTESIAN_POINT('',(0.,0.,0.));
#33 = DIRECTION('',(0.,0.,1.));
#34 = DIRECTION('',(1.,0.,0.));
#35 = AXIS2_PLACEMENT_3D('',#36,#37,#38);
#36 = CARTESIAN_POINT('',(0.,0.,0.));
#37 = DIRECTION('',(0.,0.,1.));
#38 = DIRECTION('',(1.,0.,0.));
#39 = AXIS2_PLACEMENT_3D('',#40,#41,#42);
#40 = CARTESIAN_POINT('',(0.,0.,0.));
#41 = DIRECTION('',(0.,0.,1.));
#42 = DIRECTION('',(1.,0.,0.));
#43 = AXIS2_PLACEMENT_3D('',#44,#45,#46);
#44 = CARTESIAN_POINT('',(0.,0.,0.));
#45 = DIRECTION('',(0.,0.,1.));
#46 = DIRECTION('',(1.,0.,0.));
#47 = AXIS2_PLACEMENT_3D('',#48,#49,#50);
#48 = CARTESIAN_POINT('',(0.,0.,0.));
#49 = DIRECTION('',(0.,0.,1.));
#50 = DIRECTION('',(1.,0.,0.));
#51 = AXIS2_PLACEMENT_3D('',#52,#53,#54);
#52 = CARTESIAN_POINT('',(0.,0.,0.));
#53 = DIRECTION('',(0.,0.,1.));
#54 = DIRECTION('',(1.,0.,0.));
#55 = AXIS2_PLACEMENT_3D('',#56,#57,#58);
#56 = CARTESIAN_POINT('',(0.,0.,0.));
#57 = DIRECTION('',(0.,0.,1.));
#58 = DIRECTION('',(1.,0.,0.));
#59 = AXIS2_PLACEMENT_3D('',#60,#61,#62);
#60 = CARTESIAN_POINT('',(0.,0.,0.));
#61 = DIRECTION('',(0.,0.,1.));
#62 = DIRECTION('',(1.,0.,0.));
#63 = AXIS2_PLACEMENT_3D('',#64,#65,#66);
#64 = CARTESIAN_POINT('',(0.,0.,0.));
#65 = DIRECTION('',(0.,0.,1.));
#66 = DIRECTION('',(1.,0.,0.));
#67 = AXIS2_PLACEMENT_3D('',#68,#69,#70);
#68 = CARTESIAN_POINT('',(0.,0.,0.));
#69 = DIRECTION('',(0.,0.,1.));
#70 = DIRECTION('',(1.,0.,0.));
#71 = AXIS2_PLACEMENT_3D('',#72,#73,#74);
#72 = CARTESIAN_POINT('',(0.,0.,0.));
#73 = DIRECTION('',(0.,0.,1.));
#74 = DIRECTION('',(1.,0.,0.));
#75 = AXIS2_PLACEMENT_3D('',#76,#77,#78);
#76 = CARTESIAN_POINT('',(0.,0.,0.));
#77 = DIRECTION('',(0.,0.,1.));
#78 = DIRECTION('',(1.,0.,0.));
#79 = AXIS2_PLACEMENT_3D('',#80,#81,#82);
#80 = CARTESIAN_POINT('',(0.,0.,0.));
#81 = DIRECTION('',(0.,0.,1.));
#82 = DIRECTION('',(1.,0.,0.));
#83 = AXIS2_PLACEMENT_3D('',#84,#85,#86);
#84 = CARTESIAN_POINT('',(0.,0.,0.));
#85 = DIRECTION('',(0.,0.,1.));
#86 = DIRECTION('',(1.,0.,0.));
#87 = AXIS2_PLACEMENT_3D('',#88,#89,#90);
#88 = CARTESIAN_POINT('',(0.,0.,0.));
#89 = DIRECTION('',(0.,0.,1.));
#90 = DIRECTION('',(1.,0.,0.));
#91 = AXIS2_PLACEMENT_3D('',#92,#93,#94);
#92 = CARTESIAN_POINT('',(0.,0.,0.));
#93 = DIRECTION('',(0.,0.,1.));
#94 = DIRECTION('',(1.,0.,0.));
#95 = AXIS2_PLACEMENT_3D('',#96,#97,#98);
#96 = CARTESIAN_POINT('',(0.,0.,0.));
#97 = DIRECTION('',(0.,0.,1.));
#98 = DIRECTION('',(1.,0.,0.));
#99 = AXIS2_PLACEMENT_3D('',#100,#101,#102);
#100 = CARTESIAN_POINT('',(0.,0.,0.));
#101 = DIRECTION('',(0.,0.,1.));
#102 = DIRECTION('',(1.,0.,0.));
#103 = AXIS2_PLACEMENT_3D('',#104,#105,#106);
#104 = CARTESIAN_POINT('',(0.,0.,0.));
#105 = DIRECTION('',(0.,0.,1.));
#106 = DIRECTION('',(1.,0.,0.));
#107 = AXIS2_PLACEMENT_3D('',#108,#109,#110);
#108 = CARTESIAN_POINT('',(0.,0.,0.));
#109 = DIRECTION('',(0.,0.,1.));
#110 = DIRECTION('',(1.,0.,0.));
#111 = AXIS2_PLACEMENT_3D('',#112,#113,#114);
#112 = CARTESIAN_POINT('',(0.,0.,0.));
#113 = DIRECTION('',(0.,0.,1.));
#114 = DIRECTION('',(1.,0.,0.));
#115 = AXIS2_PLACEMENT_3D('',#116,#117,#118);
#116 = CARTESIAN_POINT('',(0.,0.,0.));
#117 = DIRECTION('',(0.,0.,1.));
#118 = DIRECTION('',(1.,0.,0.));
#119 = AXIS2_PLACEMENT_3D('',#120,#121,#122);
#120 = CARTESIAN_POINT('',(0.,0.,0.));
#121 = DIRECTION('',(0.,0.,1.));
#122 = DIRECTION('',(1.,0.,0.));
#123 = AXIS2_PLACEMENT_3D('',#124,#125,#126);
#124 = CARTESIAN_POINT('',(0.,0.,0.));
#125 = DIRECTION('',(0.,0.,1.));
#126 = DIRECTION('',(1.,0.,0.));
#127 = AXIS2_PLACEMENT_3D('',#128,#129,#130);
#128 = CARTESIAN_POINT('',(0.,0.,0.));
#129 = DIRECTION('',(0.,0.,1.));
#130 = DIRECTION('',(1.,0.,0.));
#131 = AXIS2_PLACEMENT_3D('',#132,#133,#134);
#132 = CARTESIAN_POINT('',(0.,0.,0.));
#133 = DIRECTION('',(0.,0.,1.));
#134 = DIRECTION('',(1.,0.,0.));
#135 = AXIS2_PLACEMENT_3D('',#136,#137,#138);
#136 = CARTESIAN_POINT('',(0.,0.,0.));
#137 = DIRECTION('',(0.,0.,1.));
#138 = DIRECTION('',(1.,0.,0.));
#139 = AXIS2_PLACEMENT_3D('',#140,#141,#142);
#140 = CARTESIAN_POINT('',(0.,0.,0.));
#141 = DIRECTION('',(0.,0.,1.));
#142 = DIRECTION('',(1.,0.,0.));
#143 = AXIS2_PLACEMENT_3D('',#144,#145,#146);
#144 = CARTESIAN_POINT('',(0.,0.,0.));
#145 = DIRECTION('',(0.,0.,1.));
#146 = DIRECTION('',(1.,0.,0.));
#147 = AXIS2_PLACEMENT_3D('',#148,#149,#150);
#148 = CARTESIAN_POINT('',(0.,0.,0.));
#149 = DIRECTION('',(0.,0.,1.));
#150 = DIRECTION('',(1.,0.,0.));
#151 = AXIS2_PLACEMENT_3D('',#152,#153,#154);
#152 = CARTESIAN_POINT('',(0.,0.,0.));
#153 = DIRECTION('',(0.,0.,1.));
#154 = DIRECTION('',(1.,0.,0.));
#155 = AXIS2_PLACEMENT_3D('',#156,#157,#158);
#156 = CARTESIAN_POINT('',(0.,0.,0.));
#157 = DIRECTION('',(0.,0.,1.));
#158 = DIRECTION('',(1.,0.,0.));
#159 = AXIS2_PLACEMENT_3D('',#160,#161,#162);
#160 = CARTESIAN_POINT('',(0.,0.,0.));
#161 = DIRECTION('',(0.,0.,1.));
#162 = DIRECTION('',(1.,0.,0.));
#163 = AXIS2_PLACEMENT_3D('',#164,#165,#166);
#164 = CARTESIAN_POINT('',(0.,0.,0.));
#165 = DIRECTION('',(0.,0.,1.));
#166 = DIRECTION('',(1.,0.,0.));
#167 = AXIS2_PLACEMENT_3D('',#168,#169,#170);
#168 = CARTESIAN_POINT('',(0.,0.,0.));
#169 = DIRECTION('',(0.,0.,1.));
#170 = DIRECTION('',(1.,0.,0.));
#171 = AXIS2_PLACEMENT_3D('',#172,#173,#174);
#172 = CARTESIAN_POINT('',(0.,0.,0.));
#173 = DIRECTION('',(0.,0.,1.));
#174 = DIRECTION('',(1.,0.,0.));
#175 = AXIS2_PLACEMENT_3D('',#176,#177,#178);
#176 = CARTESIAN_POINT('',(0.,0.,0.));
#177 = DIRECTION('',(0.,0.,1.));
#178 = DIRECTION('',(1.,0.,0.));
#179 = AXIS2_PLACEMENT_3D('',#180,#181,#182);
#180 = CARTESIAN_POINT('',(0.,0.,0.));
#181 = DIRECTION('',(0.,0.,1.));
#182 = DIRECTION('',(1.,0.,0.));
#183 = AXIS2_PLACEMENT_3D('',#184,#185,#186);
#184 = CARTESIAN_POINT('',(0.,0.,0.));
#185 = DIRECTION('',(0.,0.,1.));
#186 = DIRECTION('',(1.,0.,0.));
#187 = AXIS2_PLACEMENT_3D('',#188,#189,#190);
#188 = CARTESIAN_POINT('',(0.,0.,0.));
#189 = DIRECTION('',(0.,0.,1.));
#190 = DIRECTION('',(1.,0.,0.));
#191 = ( GEOMETRIC_REPRESENTATION_CONTEXT(3) 
GLOBAL_UNCERTAINTY_ASSIGNED_CONTEXT((#195)) GLOBAL_UNIT_ASSIGNED_CONTEXT
((#192,#193,#194)) REPRESENTATION_CONTEXT('Context #1',
  '3D Context with UNIT and UNCERTAINTY') );
#192 = ( LENGTH_UNIT() NAMED_UNIT(*) SI_UNIT(.MILLI.,.METRE.) );
#193 = ( NAMED_UNIT(*) PLANE_ANGLE_UNIT() SI_UNIT($,.RADIAN.) );
#194 = ( NAMED_UNIT(*) SI_UNIT($,.STERADIAN.) SOLID_ANGLE_UNIT() );
#195 = UNCERTAINTY_MEASURE_WITH_UNIT(LENGTH_MEASURE(1.E-07),#192,
  'distance_accuracy_value','confusion accuracy');
#196 = PRODUCT_RELATED_PRODUCT_CATEGORY('part',$,(#7));
#197 = SHAPE_DEFINITION_REPRESENTATION(#198,#204);
#198 = PRODUCT_DEFINITION_SHAPE('','',#199);
#199 = PRODUCT_DEFINITION('design','',#200,#203);
#200 = PRODUCT_DEFINITION_FORMATION('','',#201);
#201 = PRODUCT('P01 Upper circular maple top with grip recess',
  'P01 Upper circular maple top with grip recess','',(#202));
#202 = PRODUCT_CONTEXT('',#2,'mechanical');
#203 = PRODUCT_DEFINITION_CONTEXT('part definition',#2,'design');
#204 = ADVANCED_BREP_SHAPE_REPRESENTATION('',(#11,#205),#394);
#205 = MANIFOLD_SOLID_BREP('',#206);
#206 = CLOSED_SHELL('',(#207,#240,#283,#326,#348,#365,#382));
#207 = ADVANCED_FACE('',(#208),#235,.T.);
#208 = FACE_BOUND('',#209,.T.);
#209 = EDGE_LOOP('',(#210,#219,#227,#234));
#210 = ORIENTED_EDGE('',*,*,#211,.F.);
#211 = EDGE_CURVE('',#212,#212,#214,.T.);
#212 = VERTEX_POINT('',#213);
#213 = CARTESIAN_POINT('',(325.,-7.960204194458E-14,550.));
#214 = CIRCLE('',#215,325.);
#215 = AXIS2_PLACEMENT_3D('',#216,#217,#218);
#216 = CARTESIAN_POINT('',(0.,0.,550.));
#217 = DIRECTION('',(0.,0.,1.));
#218 = DIRECTION('',(1.,0.,-0.));
#219 = ORIENTED_EDGE('',*,*,#220,.F.);
#220 = EDGE_CURVE('',#221,#212,#223,.T.);
#221 = VERTEX_POINT('',#222);
#222 = CARTESIAN_POINT('',(325.,-7.960204194458E-14,530.));
#223 = LINE('',#224,#225);
#224 = CARTESIAN_POINT('',(325.,-7.960204194458E-14,530.));
#225 = VECTOR('',#226,1.);
#226 = DIRECTION('',(0.,0.,1.));
#227 = ORIENTED_EDGE('',*,*,#228,.T.);
#228 = EDGE_CURVE('',#221,#221,#229,.T.);
#229 = CIRCLE('',#230,325.);
#230 = AXIS2_PLACEMENT_3D('',#231,#232,#233);
#231 = CARTESIAN_POINT('',(0.,0.,530.));
#232 = DIRECTION('',(0.,0.,1.));
#233 = DIRECTION('',(1.,0.,-0.));
#234 = ORIENTED_EDGE('',*,*,#220,.T.);
#235 = CYLINDRICAL_SURFACE('',#236,325.);
#236 = AXIS2_PLACEMENT_3D('',#237,#238,#239);
#237 = CARTESIAN_POINT('',(0.,0.,530.));
#238 = DIRECTION('',(0.,0.,1.));
#239 = DIRECTION('',(1.,0.,-0.));
#240 = ADVANCED_FACE('',(#241,#244),#278,.T.);
#241 = FACE_BOUND('',#242,.T.);
#242 = EDGE_LOOP('',(#243));
#243 = ORIENTED_EDGE('',*,*,#211,.T.);
#244 = FACE_BOUND('',#245,.T.);
#245 = EDGE_LOOP('',(#246,#256,#264,#272));
#246 = ORIENTED_EDGE('',*,*,#247,.F.);
#247 = EDGE_CURVE('',#248,#250,#252,.T.);
#248 = VERTEX_POINT('',#249);
#249 = CARTESIAN_POINT('',(-61.5,-29.,550.));
#250 = VERTEX_POINT('',#251);
#251 = CARTESIAN_POINT('',(61.5,-29.,550.));
#252 = LINE('',#253,#254);
#253 = CARTESIAN_POINT('',(-61.5,-29.,550.));
#254 = VECTOR('',#255,1.);
#255 = DIRECTION('',(1.,0.,-0.));
#256 = ORIENTED_EDGE('',*,*,#257,.T.);
#257 = EDGE_CURVE('',#248,#258,#260,.T.);
#258 = VERTEX_POINT('',#259);
#259 = CARTESIAN_POINT('',(-61.5,29.,550.));
#260 = LINE('',#261,#262);
#261 = CARTESIAN_POINT('',(-61.5,-29.,550.));
#262 = VECTOR('',#263,1.);
#263 = DIRECTION('',(-0.,1.,0.));
#264 = ORIENTED_EDGE('',*,*,#265,.T.);
#265 = EDGE_CURVE('',#258,#266,#268,.T.);
#266 = VERTEX_POINT('',#267);
#267 = CARTESIAN_POINT('',(61.5,29.,550.));
#268 = LINE('',#269,#270);
#269 = CARTESIAN_POINT('',(-61.5,29.,550.));
#270 = VECTOR('',#271,1.);
#271 = DIRECTION('',(1.,0.,-0.));
#272 = ORIENTED_EDGE('',*,*,#273,.F.);
#273 = EDGE_CURVE('',#250,#266,#274,.T.);
#274 = LINE('',#275,#276);
#275 = CARTESIAN_POINT('',(61.5,-29.,550.));
#276 = VECTOR('',#277,1.);
#277 = DIRECTION('',(-0.,1.,0.));
#278 = PLANE('',#279);
#279 = AXIS2_PLACEMENT_3D('',#280,#281,#282);
#280 = CARTESIAN_POINT('',(0.,0.,550.));
#281 = DIRECTION('',(0.,0.,1.));
#282 = DIRECTION('',(1.,0.,-0.));
#283 = ADVANCED_FACE('',(#284,#287),#321,.F.);
#284 = FACE_BOUND('',#285,.F.);
#285 = EDGE_LOOP('',(#286));
#286 = ORIENTED_EDGE('',*,*,#228,.T.);
#287 = FACE_BOUND('',#288,.F.);
#288 = EDGE_LOOP('',(#289,#299,#307,#315));
#289 = ORIENTED_EDGE('',*,*,#290,.F.);
#290 = EDGE_CURVE('',#291,#293,#295,.T.);
#291 = VERTEX_POINT('',#292);
#292 = CARTESIAN_POINT('',(-61.5,-29.,530.));
#293 = VERTEX_POINT('',#294);
#294 = CARTESIAN_POINT('',(61.5,-29.,530.));
#295 = LINE('',#296,#297);
#296 = CARTESIAN_POINT('',(-61.5,-29.,530.));
#297 = VECTOR('',#298,1.);
#298 = DIRECTION('',(1.,0.,-0.));
#299 = ORIENTED_EDGE('',*,*,#300,.T.);
#300 = EDGE_CURVE('',#291,#301,#303,.T.);
#301 = VERTEX_POINT('',#302);
#302 = CARTESIAN_POINT('',(-61.5,29.,530.));
#303 = LINE('',#304,#305);
#304 = CARTESIAN_POINT('',(-61.5,-29.,530.));
#305 = VECTOR('',#306,1.);
#306 = DIRECTION('',(-0.,1.,0.));
#307 = ORIENTED_EDGE('',*,*,#308,.T.);
#308 = EDGE_CURVE('',#301,#309,#311,.T.);
#309 = VERTEX_POINT('',#310);
#310 = CARTESIAN_POINT('',(61.5,29.,530.));
#311 = LINE('',#312,#313);
#312 = CARTESIAN_POINT('',(-61.5,29.,530.));
#313 = VECTOR('',#314,1.);
#314 = DIRECTION('',(1.,0.,-0.));
#315 = ORIENTED_EDGE('',*,*,#316,.F.);
#316 = EDGE_CURVE('',#293,#309,#317,.T.);
#317 = LINE('',#318,#319);
#318 = CARTESIAN_POINT('',(61.5,-29.,530.));
#319 = VECTOR('',#320,1.);
#320 = DIRECTION('',(-0.,1.,0.));
#321 = PLANE('',#322);
#322 = AXIS2_PLACEMENT_3D('',#323,#324,#325);
#323 = CARTESIAN_POINT('',(0.,0.,530.));
#324 = DIRECTION('',(0.,0.,1.));
#325 = DIRECTION('',(1.,0.,-0.));
#326 = ADVANCED_FACE('',(#327),#343,.T.);
#327 = FACE_BOUND('',#328,.T.);
#328 = EDGE_LOOP('',(#329,#330,#336,#337));
#329 = ORIENTED_EDGE('',*,*,#290,.F.);
#330 = ORIENTED_EDGE('',*,*,#331,.T.);
#331 = EDGE_CURVE('',#291,#248,#332,.T.);
#332 = LINE('',#333,#334);
#333 = CARTESIAN_POINT('',(-61.5,-29.,530.));
#334 = VECTOR('',#335,1.);
#335 = DIRECTION('',(0.,0.,1.));
#336 = ORIENTED_EDGE('',*,*,#247,.T.);
#337 = ORIENTED_EDGE('',*,*,#338,.F.);
#338 = EDGE_CURVE('',#293,#250,#339,.T.);
#339 = LINE('',#340,#341);
#340 = CARTESIAN_POINT('',(61.5,-29.,530.));
#341 = VECTOR('',#342,1.);
#342 = DIRECTION('',(0.,0.,1.));
#343 = PLANE('',#344);
#344 = AXIS2_PLACEMENT_3D('',#345,#346,#347);
#345 = CARTESIAN_POINT('',(-61.5,-29.,530.));
#346 = DIRECTION('',(-0.,1.,0.));
#347 = DIRECTION('',(0.,0.,1.));
#348 = ADVANCED_FACE('',(#349),#360,.F.);
#349 = FACE_BOUND('',#350,.F.);
#350 = EDGE_LOOP('',(#351,#352,#353,#359));
#351 = ORIENTED_EDGE('',*,*,#338,.F.);
#352 = ORIENTED_EDGE('',*,*,#316,.T.);
#353 = ORIENTED_EDGE('',*,*,#354,.T.);
#354 = EDGE_CURVE('',#309,#266,#355,.T.);
#355 = LINE('',#356,#357);
#356 = CARTESIAN_POINT('',(61.5,29.,530.));
#357 = VECTOR('',#358,1.);
#358 = DIRECTION('',(0.,0.,1.));
#359 = ORIENTED_EDGE('',*,*,#273,.F.);
#360 = PLANE('',#361);
#361 = AXIS2_PLACEMENT_3D('',#362,#363,#364);
#362 = CARTESIAN_POINT('',(61.5,-29.,530.));
#363 = DIRECTION('',(1.,0.,-0.));
#364 = DIRECTION('',(0.,0.,1.));
#365 = ADVANCED_FACE('',(#366),#377,.F.);
#366 = FACE_BOUND('',#367,.F.);
#367 = EDGE_LOOP('',(#368,#369,#375,#376));
#368 = ORIENTED_EDGE('',*,*,#308,.F.);
#369 = ORIENTED_EDGE('',*,*,#370,.T.);
#370 = EDGE_CURVE('',#301,#258,#371,.T.);
#371 = LINE('',#372,#373);
#372 = CARTESIAN_POINT('',(-61.5,29.,530.));
#373 = VECTOR('',#374,1.);
#374 = DIRECTION('',(0.,0.,1.));
#375 = ORIENTED_EDGE('',*,*,#265,.T.);
#376 = ORIENTED_EDGE('',*,*,#354,.F.);
#377 = PLANE('',#378);
#378 = AXIS2_PLACEMENT_3D('',#379,#380,#381);
#379 = CARTESIAN_POINT('',(-61.5,29.,530.));
#380 = DIRECTION('',(-0.,1.,0.));
#381 = DIRECTION('',(0.,0.,1.));
#382 = ADVANCED_FACE('',(#383),#389,.T.);
#383 = FACE_BOUND('',#384,.T.);
#384 = EDGE_LOOP('',(#385,#386,#387,#388));
#385 = ORIENTED_EDGE('',*,*,#331,.F.);
#386 = ORIENTED_EDGE('',*,*,#300,.T.);
#387 = ORIENTED_EDGE('',*,*,#370,.T.);
#388 = ORIENTED_EDGE('',*,*,#257,.F.);
#389 = PLANE('',#390);
#390 = AXIS2_PLACEMENT_3D('',#391,#392,#393);
#391 = CARTESIAN_POINT('',(-61.5,-29.,530.));
#392 = DIRECTION('',(1.,0.,-0.));
#393 = DIRECTION('',(0.,0.,1.));
#394 = ( GEOMETRIC_REPRESENTATION_CONTEXT(3) 
GLOBAL_UNCERTAINTY_ASSIGNED_CONTEXT((#398)) GLOBAL_UNIT_ASSIGNED_CONTEXT
((#395,#396,#397)) REPRESENTATION_CONTEXT('Context #1',
  '3D Context with UNIT and UNCERTAINTY') );
#395 = ( LENGTH_UNIT() NAMED_UNIT(*) SI_UNIT(.MILLI.,.METRE.) );
#396 = ( NAMED_UNIT(*) PLANE_ANGLE_UNIT() SI_UNIT($,.RADIAN.) );
#397 = ( NAMED_UNIT(*) SI_UNIT($,.STERADIAN.) SOLID_ANGLE_UNIT() );
#398 = UNCERTAINTY_MEASURE_WITH_UNIT(LENGTH_MEASURE(1.E-07),#395,
  'distance_accuracy_value','confusion accuracy');
#399 = CONTEXT_DEPENDENT_SHAPE_REPRESENTATION(#400,#402);
#400 = ( REPRESENTATION_RELATIONSHIP('','',#204,#10) 
REPRESENTATION_RELATIONSHIP_WITH_TRANSFORMATION(#401) 
SHAPE_REPRESENTATION_RELATIONSHIP() );
#401 = ITEM_DEFINED_TRANSFORMATION('','',#11,#15);
#402 = PRODUCT_DEFINITION_SHAPE('Placement','Placement of an item',#403
  );
#403 = NEXT_ASSEMBLY_USAGE_OCCURRENCE('1',
  'P01 Upper circular maple top with grip recess','',#5,#199,$);
#404 = PRODUCT_RELATED_PRODUCT_CATEGORY('part',$,(#201));
#405 = SHAPE_DEFINITION_REPRESENTATION(#406,#412);
#406 = PRODUCT_DEFINITION_SHAPE('','',#407);
#407 = PRODUCT_DEFINITION('design','',#408,#411);
#408 = PRODUCT_DEFINITION_FORMATION('','',#409);
#409 = PRODUCT('P02 Grip mitred strip north',
  'P02 Grip mitred strip north','',(#410));
#410 = PRODUCT_CONTEXT('',#2,'mechanical');
#411 = PRODUCT_DEFINITION_CONTEXT('part definition',#2,'design');
#412 = ADVANCED_BREP_SHAPE_REPRESENTATION('',(#11,#413),#563);
#413 = MANIFOLD_SOLID_BREP('',#414);
#414 = CLOSED_SHELL('',(#415,#455,#486,#510,#534,#551));
#415 = ADVANCED_FACE('',(#416),#450,.T.);
#416 = FACE_BOUND('',#417,.T.);
#417 = EDGE_LOOP('',(#418,#428,#436,#444));
#418 = ORIENTED_EDGE('',*,*,#419,.F.);
#419 = EDGE_CURVE('',#420,#422,#424,.T.);
#420 = VERTEX_POINT('',#421);
#421 = CARTESIAN_POINT('',(-61.5,29.,530.));
#422 = VERTEX_POINT('',#423);
#423 = CARTESIAN_POINT('',(61.5,29.,530.));
#424 = LINE('',#425,#426);
#425 = CARTESIAN_POINT('',(-61.5,29.,530.));
#426 = VECTOR('',#427,1.);
#427 = DIRECTION('',(1.,0.,-0.));
#428 = ORIENTED_EDGE('',*,*,#429,.T.);
#429 = EDGE_CURVE('',#420,#430,#432,.T.);
#430 = VERTEX_POINT('',#431);
#431 = CARTESIAN_POINT('',(-61.5,29.,550.));
#432 = LINE('',#433,#434);
#433 = CARTESIAN_POINT('',(-61.5,29.,530.));
#434 = VECTOR('',#435,1.);
#435 = DIRECTION('',(0.,0.,1.));
#436 = ORIENTED_EDGE('',*,*,#437,.T.);
#437 = EDGE_CURVE('',#430,#438,#440,.T.);
#438 = VERTEX_POINT('',#439);
#439 = CARTESIAN_POINT('',(61.5,29.,550.));
#440 = LINE('',#441,#442);
#441 = CARTESIAN_POINT('',(-61.5,29.,550.));
#442 = VECTOR('',#443,1.);
#443 = DIRECTION('',(1.,0.,-0.));
#444 = ORIENTED_EDGE('',*,*,#445,.F.);
#445 = EDGE_CURVE('',#422,#438,#446,.T.);
#446 = LINE('',#447,#448);
#447 = CARTESIAN_POINT('',(61.5,29.,530.));
#448 = VECTOR('',#449,1.);
#449 = DIRECTION('',(0.,0.,1.));
#450 = PLANE('',#451);
#451 = AXIS2_PLACEMENT_3D('',#452,#453,#454);
#452 = CARTESIAN_POINT('',(-61.5,29.,530.));
#453 = DIRECTION('',(-0.,1.,0.));
#454 = DIRECTION('',(0.,0.,1.));
#455 = ADVANCED_FACE('',(#456),#481,.F.);
#456 = FACE_BOUND('',#457,.F.);
#457 = EDGE_LOOP('',(#458,#459,#467,#475));
#458 = ORIENTED_EDGE('',*,*,#419,.F.);
#459 = ORIENTED_EDGE('',*,*,#460,.F.);
#460 = EDGE_CURVE('',#461,#420,#463,.T.);
#461 = VERTEX_POINT('',#462);
#462 = CARTESIAN_POINT('',(-47.5,15.,530.));
#463 = LINE('',#464,#465);
#464 = CARTESIAN_POINT('',(-32.5,0.,530.));
#465 = VECTOR('',#466,1.);
#466 = DIRECTION('',(-0.707106781187,0.707106781187,0.));
#467 = ORIENTED_EDGE('',*,*,#468,.T.);
#468 = EDGE_CURVE('',#461,#469,#471,.T.);
#469 = VERTEX_POINT('',#470);
#470 = CARTESIAN_POINT('',(47.5,15.,530.));
#471 = LINE('',#472,#473);
#472 = CARTESIAN_POINT('',(-47.5,15.,530.));
#473 = VECTOR('',#474,1.);
#474 = DIRECTION('',(1.,0.,-0.));
#475 = ORIENTED_EDGE('',*,*,#476,.F.);
#476 = EDGE_CURVE('',#422,#469,#477,.T.);
#477 = LINE('',#478,#479);
#478 = CARTESIAN_POINT('',(61.5,29.,530.));
#479 = VECTOR('',#480,1.);
#480 = DIRECTION('',(-0.707106781187,-0.707106781187,0.));
#481 = PLANE('',#482);
#482 = AXIS2_PLACEMENT_3D('',#483,#484,#485);
#483 = CARTESIAN_POINT('',(-61.5,-29.,530.));
#484 = DIRECTION('',(0.,0.,1.));
#485 = DIRECTION('',(1.,0.,-0.));
#486 = ADVANCED_FACE('',(#487),#505,.T.);
#487 = FACE_BOUND('',#488,.T.);
#488 = EDGE_LOOP('',(#489,#490,#491,#499));
#489 = ORIENTED_EDGE('',*,*,#476,.F.);
#490 = ORIENTED_EDGE('',*,*,#445,.T.);
#491 = ORIENTED_EDGE('',*,*,#492,.T.);
#492 = EDGE_CURVE('',#438,#493,#495,.T.);
#493 = VERTEX_POINT('',#494);
#494 = CARTESIAN_POINT('',(47.5,15.,550.));
#495 = LINE('',#496,#497);
#496 = CARTESIAN_POINT('',(61.5,29.,550.));
#497 = VECTOR('',#498,1.);
#498 = DIRECTION('',(-0.707106781187,-0.707106781187,0.));
#499 = ORIENTED_EDGE('',*,*,#500,.F.);
#500 = EDGE_CURVE('',#469,#493,#501,.T.);
#501 = LINE('',#502,#503);
#502 = CARTESIAN_POINT('',(47.5,15.,530.));
#503 = VECTOR('',#504,1.);
#504 = DIRECTION('',(0.,0.,1.));
#505 = PLANE('',#506);
#506 = AXIS2_PLACEMENT_3D('',#507,#508,#509);
#507 = CARTESIAN_POINT('',(61.5,29.,530.));
#508 = DIRECTION('',(0.707106781187,-0.707106781187,0.));
#509 = DIRECTION('',(-0.707106781187,-0.707106781187,0.));
#510 = ADVANCED_FACE('',(#511),#529,.T.);
#511 = FACE_BOUND('',#512,.T.);
#512 = EDGE_LOOP('',(#513,#514,#522,#528));
#513 = ORIENTED_EDGE('',*,*,#437,.F.);
#514 = ORIENTED_EDGE('',*,*,#515,.F.);
#515 = EDGE_CURVE('',#516,#430,#518,.T.);
#516 = VERTEX_POINT('',#517);
#517 = CARTESIAN_POINT('',(-47.5,15.,550.));
#518 = LINE('',#519,#520);
#519 = CARTESIAN_POINT('',(-32.5,0.,550.));
#520 = VECTOR('',#521,1.);
#521 = DIRECTION('',(-0.707106781187,0.707106781187,0.));
#522 = ORIENTED_EDGE('',*,*,#523,.T.);
#523 = EDGE_CURVE('',#516,#493,#524,.T.);
#524 = LINE('',#525,#526);
#525 = CARTESIAN_POINT('',(-47.5,15.,550.));
#526 = VECTOR('',#527,1.);
#527 = DIRECTION('',(1.,0.,-0.));
#528 = ORIENTED_EDGE('',*,*,#492,.F.);
#529 = PLANE('',#530);
#530 = AXIS2_PLACEMENT_3D('',#531,#532,#533);
#531 = CARTESIAN_POINT('',(-61.5,-29.,550.));
#532 = DIRECTION('',(0.,0.,1.));
#533 = DIRECTION('',(1.,0.,-0.));
#534 = ADVANCED_FACE('',(#535),#546,.T.);
#535 = FACE_BOUND('',#536,.T.);
#536 = EDGE_LOOP('',(#537,#538,#544,#545));
#537 = ORIENTED_EDGE('',*,*,#460,.F.);
#538 = ORIENTED_EDGE('',*,*,#539,.T.);
#539 = EDGE_CURVE('',#461,#516,#540,.T.);
#540 = LINE('',#541,#542);
#541 = CARTESIAN_POINT('',(-47.5,15.,530.));
#542 = VECTOR('',#543,1.);
#543 = DIRECTION('',(0.,0.,1.));
#544 = ORIENTED_EDGE('',*,*,#515,.T.);
#545 = ORIENTED_EDGE('',*,*,#429,.F.);
#546 = PLANE('',#547);
#547 = AXIS2_PLACEMENT_3D('',#548,#549,#550);
#548 = CARTESIAN_POINT('',(-32.5,0.,530.));
#549 = DIRECTION('',(-0.707106781187,-0.707106781187,0.));
#550 = DIRECTION('',(-0.707106781187,0.707106781187,0.));
#551 = ADVANCED_FACE('',(#552),#558,.F.);
#552 = FACE_BOUND('',#553,.F.);
#553 = EDGE_LOOP('',(#554,#555,#556,#557));
#554 = ORIENTED_EDGE('',*,*,#468,.F.);
#555 = ORIENTED_EDGE('',*,*,#539,.T.);
#556 = ORIENTED_EDGE('',*,*,#523,.T.);
#557 = ORIENTED_EDGE('',*,*,#500,.F.);
#558 = PLANE('',#559);
#559 = AXIS2_PLACEMENT_3D('',#560,#561,#562);
#560 = CARTESIAN_POINT('',(-47.5,15.,530.));
#561 = DIRECTION('',(-0.,1.,0.));
#562 = DIRECTION('',(0.,0.,1.));
#563 = ( GEOMETRIC_REPRESENTATION_CONTEXT(3) 
GLOBAL_UNCERTAINTY_ASSIGNED_CONTEXT((#567)) GLOBAL_UNIT_ASSIGNED_CONTEXT
((#564,#565,#566)) REPRESENTATION_CONTEXT('Context #1',
  '3D Context with UNIT and UNCERTAINTY') );
#564 = ( LENGTH_UNIT() NAMED_UNIT(*) SI_UNIT(.MILLI.,.METRE.) );
#565 = ( NAMED_UNIT(*) PLANE_ANGLE_UNIT() SI_UNIT($,.RADIAN.) );
#566 = ( NAMED_UNIT(*) SI_UNIT($,.STERADIAN.) SOLID_ANGLE_UNIT() );
#567 = UNCERTAINTY_MEASURE_WITH_UNIT(LENGTH_MEASURE(1.E-07),#564,
  'distance_accuracy_value','confusion accuracy');
#568 = CONTEXT_DEPENDENT_SHAPE_REPRESENTATION(#569,#571);
#569 = ( REPRESENTATION_RELATIONSHIP('','',#412,#10) 
REPRESENTATION_RELATIONSHIP_WITH_TRANSFORMATION(#570) 
SHAPE_REPRESENTATION_RELATIONSHIP() );
#570 = ITEM_DEFINED_TRANSFORMATION('','',#11,#19);
#571 = PRODUCT_DEFINITION_SHAPE('Placement','Placement of an item',#572
  );
#572 = NEXT_ASSEMBLY_USAGE_OCCURRENCE('2','P02 Grip mitred strip north',
  '',#5,#407,$);
#573 = PRODUCT_RELATED_PRODUCT_CATEGORY('part',$,(#409));
#574 = SHAPE_DEFINITION_REPRESENTATION(#575,#581);
#575 = PRODUCT_DEFINITION_SHAPE('','',#576);
#576 = PRODUCT_DEFINITION('design','',#577,#580);
#577 = PRODUCT_DEFINITION_FORMATION('','',#578);
#578 = PRODUCT('P03 Grip mitred strip south',
  'P03 Grip mitred strip south','',(#579));
#579 = PRODUCT_CONTEXT('',#2,'mechanical');
#580 = PRODUCT_DEFINITION_CONTEXT('part definition',#2,'design');
#581 = ADVANCED_BREP_SHAPE_REPRESENTATION('',(#11,#582),#732);
#582 = MANIFOLD_SOLID_BREP('',#583);
#583 = CLOSED_SHELL('',(#584,#624,#655,#679,#703,#720));
#584 = ADVANCED_FACE('',(#585),#619,.F.);
#585 = FACE_BOUND('',#586,.F.);
#586 = EDGE_LOOP('',(#587,#597,#605,#613));
#587 = ORIENTED_EDGE('',*,*,#588,.F.);
#588 = EDGE_CURVE('',#589,#591,#593,.T.);
#589 = VERTEX_POINT('',#590);
#590 = CARTESIAN_POINT('',(-61.5,-29.,530.));
#591 = VERTEX_POINT('',#592);
#592 = CARTESIAN_POINT('',(61.5,-29.,530.));
#593 = LINE('',#594,#595);
#594 = CARTESIAN_POINT('',(-61.5,-29.,530.));
#595 = VECTOR('',#596,1.);
#596 = DIRECTION('',(1.,0.,-0.));
#597 = ORIENTED_EDGE('',*,*,#598,.T.);
#598 = EDGE_CURVE('',#589,#599,#601,.T.);
#599 = VERTEX_POINT('',#600);
#600 = CARTESIAN_POINT('',(-61.5,-29.,550.));
#601 = LINE('',#602,#603);
#602 = CARTESIAN_POINT('',(-61.5,-29.,530.));
#603 = VECTOR('',#604,1.);
#604 = DIRECTION('',(0.,0.,1.));
#605 = ORIENTED_EDGE('',*,*,#606,.T.);
#606 = EDGE_CURVE('',#599,#607,#609,.T.);
#607 = VERTEX_POINT('',#608);
#608 = CARTESIAN_POINT('',(61.5,-29.,550.));
#609 = LINE('',#610,#611);
#610 = CARTESIAN_POINT('',(-61.5,-29.,550.));
#611 = VECTOR('',#612,1.);
#612 = DIRECTION('',(1.,0.,-0.));
#613 = ORIENTED_EDGE('',*,*,#614,.F.);
#614 = EDGE_CURVE('',#591,#607,#615,.T.);
#615 = LINE('',#616,#617);
#616 = CARTESIAN_POINT('',(61.5,-29.,530.));
#617 = VECTOR('',#618,1.);
#618 = DIRECTION('',(0.,0.,1.));
#619 = PLANE('',#620);
#620 = AXIS2_PLACEMENT_3D('',#621,#622,#623);
#621 = CARTESIAN_POINT('',(-61.5,-29.,530.));
#622 = DIRECTION('',(-0.,1.,0.));
#623 = DIRECTION('',(0.,0.,1.));
#624 = ADVANCED_FACE('',(#625),#650,.F.);
#625 = FACE_BOUND('',#626,.F.);
#626 = EDGE_LOOP('',(#627,#635,#636,#644));
#627 = ORIENTED_EDGE('',*,*,#628,.F.);
#628 = EDGE_CURVE('',#589,#629,#631,.T.);
#629 = VERTEX_POINT('',#630);
#630 = CARTESIAN_POINT('',(-47.5,-15.,530.));
#631 = LINE('',#632,#633);
#632 = CARTESIAN_POINT('',(-61.5,-29.,530.));
#633 = VECTOR('',#634,1.);
#634 = DIRECTION('',(0.707106781187,0.707106781187,0.));
#635 = ORIENTED_EDGE('',*,*,#588,.T.);
#636 = ORIENTED_EDGE('',*,*,#637,.F.);
#637 = EDGE_CURVE('',#638,#591,#640,.T.);
#638 = VERTEX_POINT('',#639);
#639 = CARTESIAN_POINT('',(47.5,-15.,530.));
#640 = LINE('',#641,#642);
#641 = CARTESIAN_POINT('',(32.5,0.,530.));
#642 = VECTOR('',#643,1.);
#643 = DIRECTION('',(0.707106781187,-0.707106781187,0.));
#644 = ORIENTED_EDGE('',*,*,#645,.F.);
#645 = EDGE_CURVE('',#629,#638,#646,.T.);
#646 = LINE('',#647,#648);
#647 = CARTESIAN_POINT('',(-47.5,-15.,530.));
#648 = VECTOR('',#649,1.);
#649 = DIRECTION('',(1.,0.,-0.));
#650 = PLANE('',#651);
#651 = AXIS2_PLACEMENT_3D('',#652,#653,#654);
#652 = CARTESIAN_POINT('',(-61.5,-29.,530.));
#653 = DIRECTION('',(0.,0.,1.));
#654 = DIRECTION('',(1.,0.,-0.));
#655 = ADVANCED_FACE('',(#656),#674,.T.);
#656 = FACE_BOUND('',#657,.T.);
#657 = EDGE_LOOP('',(#658,#659,#667,#673));
#658 = ORIENTED_EDGE('',*,*,#637,.F.);
#659 = ORIENTED_EDGE('',*,*,#660,.T.);
#660 = EDGE_CURVE('',#638,#661,#663,.T.);
#661 = VERTEX_POINT('',#662);
#662 = CARTESIAN_POINT('',(47.5,-15.,550.));
#663 = LINE('',#664,#665);
#664 = CARTESIAN_POINT('',(47.5,-15.,530.));
#665 = VECTOR('',#666,1.);
#666 = DIRECTION('',(0.,0.,1.));
#667 = ORIENTED_EDGE('',*,*,#668,.T.);
#668 = EDGE_CURVE('',#661,#607,#669,.T.);
#669 = LINE('',#670,#671);
#670 = CARTESIAN_POINT('',(32.5,0.,550.));
#671 = VECTOR('',#672,1.);
#672 = DIRECTION('',(0.707106781187,-0.707106781187,0.));
#673 = ORIENTED_EDGE('',*,*,#614,.F.);
#674 = PLANE('',#675);
#675 = AXIS2_PLACEMENT_3D('',#676,#677,#678);
#676 = CARTESIAN_POINT('',(32.5,0.,530.));
#677 = DIRECTION('',(0.707106781187,0.707106781187,-0.));
#678 = DIRECTION('',(0.707106781187,-0.707106781187,0.));
#679 = ADVANCED_FACE('',(#680),#698,.T.);
#680 = FACE_BOUND('',#681,.T.);
#681 = EDGE_LOOP('',(#682,#690,#691,#692));
#682 = ORIENTED_EDGE('',*,*,#683,.F.);
#683 = EDGE_CURVE('',#599,#684,#686,.T.);
#684 = VERTEX_POINT('',#685);
#685 = CARTESIAN_POINT('',(-47.5,-15.,550.));
#686 = LINE('',#687,#688);
#687 = CARTESIAN_POINT('',(-61.5,-29.,550.));
#688 = VECTOR('',#689,1.);
#689 = DIRECTION('',(0.707106781187,0.707106781187,0.));
#690 = ORIENTED_EDGE('',*,*,#606,.T.);
#691 = ORIENTED_EDGE('',*,*,#668,.F.);
#692 = ORIENTED_EDGE('',*,*,#693,.F.);
#693 = EDGE_CURVE('',#684,#661,#694,.T.);
#694 = LINE('',#695,#696);
#695 = CARTESIAN_POINT('',(-47.5,-15.,550.));
#696 = VECTOR('',#697,1.);
#697 = DIRECTION('',(1.,0.,-0.));
#698 = PLANE('',#699);
#699 = AXIS2_PLACEMENT_3D('',#700,#701,#702);
#700 = CARTESIAN_POINT('',(-61.5,-29.,550.));
#701 = DIRECTION('',(0.,0.,1.));
#702 = DIRECTION('',(1.,0.,-0.));
#703 = ADVANCED_FACE('',(#704),#715,.T.);
#704 = FACE_BOUND('',#705,.T.);
#705 = EDGE_LOOP('',(#706,#707,#708,#709));
#706 = ORIENTED_EDGE('',*,*,#628,.F.);
#707 = ORIENTED_EDGE('',*,*,#598,.T.);
#708 = ORIENTED_EDGE('',*,*,#683,.T.);
#709 = ORIENTED_EDGE('',*,*,#710,.F.);
#710 = EDGE_CURVE('',#629,#684,#711,.T.);
#711 = LINE('',#712,#713);
#712 = CARTESIAN_POINT('',(-47.5,-15.,530.));
#713 = VECTOR('',#714,1.);
#714 = DIRECTION('',(0.,0.,1.));
#715 = PLANE('',#716);
#716 = AXIS2_PLACEMENT_3D('',#717,#718,#719);
#717 = CARTESIAN_POINT('',(-61.5,-29.,530.));
#718 = DIRECTION('',(-0.707106781187,0.707106781187,0.));
#719 = DIRECTION('',(0.707106781187,0.707106781187,0.));
#720 = ADVANCED_FACE('',(#721),#727,.T.);
#721 = FACE_BOUND('',#722,.T.);
#722 = EDGE_LOOP('',(#723,#724,#725,#726));
#723 = ORIENTED_EDGE('',*,*,#645,.F.);
#724 = ORIENTED_EDGE('',*,*,#710,.T.);
#725 = ORIENTED_EDGE('',*,*,#693,.T.);
#726 = ORIENTED_EDGE('',*,*,#660,.F.);
#727 = PLANE('',#728);
#728 = AXIS2_PLACEMENT_3D('',#729,#730,#731);
#729 = CARTESIAN_POINT('',(-47.5,-15.,530.));
#730 = DIRECTION('',(-0.,1.,0.));
#731 = DIRECTION('',(0.,0.,1.));
#732 = ( GEOMETRIC_REPRESENTATION_CONTEXT(3) 
GLOBAL_UNCERTAINTY_ASSIGNED_CONTEXT((#736)) GLOBAL_UNIT_ASSIGNED_CONTEXT
((#733,#734,#735)) REPRESENTATION_CONTEXT('Context #1',
  '3D Context with UNIT and UNCERTAINTY') );
#733 = ( LENGTH_UNIT() NAMED_UNIT(*) SI_UNIT(.MILLI.,.METRE.) );
#734 = ( NAMED_UNIT(*) PLANE_ANGLE_UNIT() SI_UNIT($,.RADIAN.) );
#735 = ( NAMED_UNIT(*) SI_UNIT($,.STERADIAN.) SOLID_ANGLE_UNIT() );
#736 = UNCERTAINTY_MEASURE_WITH_UNIT(LENGTH_MEASURE(1.E-07),#733,
  'distance_accuracy_value','confusion accuracy');
#737 = CONTEXT_DEPENDENT_SHAPE_REPRESENTATION(#738,#740);
#738 = ( REPRESENTATION_RELATIONSHIP('','',#581,#10) 
REPRESENTATION_RELATIONSHIP_WITH_TRANSFORMATION(#739) 
SHAPE_REPRESENTATION_RELATIONSHIP() );
#739 = ITEM_DEFINED_TRANSFORMATION('','',#11,#23);
#740 = PRODUCT_DEFINITION_SHAPE('Placement','Placement of an item',#741
  );
#741 = NEXT_ASSEMBLY_USAGE_OCCURRENCE('3','P03 Grip mitred strip south',
  '',#5,#576,$);
#742 = PRODUCT_RELATED_PRODUCT_CATEGORY('part',$,(#578));
#743 = SHAPE_DEFINITION_REPRESENTATION(#744,#750);
#744 = PRODUCT_DEFINITION_SHAPE('','',#745);
#745 = PRODUCT_DEFINITION('design','',#746,#749);
#746 = PRODUCT_DEFINITION_FORMATION('','',#747);
#747 = PRODUCT('P04 Grip mitred strip east','P04 Grip mitred strip east'
  ,'',(#748));
#748 = PRODUCT_CONTEXT('',#2,'mechanical');
#749 = PRODUCT_DEFINITION_CONTEXT('part definition',#2,'design');
#750 = ADVANCED_BREP_SHAPE_REPRESENTATION('',(#11,#751),#901);
#751 = MANIFOLD_SOLID_BREP('',#752);
#752 = CLOSED_SHELL('',(#753,#793,#824,#848,#872,#889));
#753 = ADVANCED_FACE('',(#754),#788,.T.);
#754 = FACE_BOUND('',#755,.T.);
#755 = EDGE_LOOP('',(#756,#766,#774,#782));
#756 = ORIENTED_EDGE('',*,*,#757,.F.);
#757 = EDGE_CURVE('',#758,#760,#762,.T.);
#758 = VERTEX_POINT('',#759);
#759 = CARTESIAN_POINT('',(61.5,-29.,530.));
#760 = VERTEX_POINT('',#761);
#761 = CARTESIAN_POINT('',(61.5,-29.,550.));
#762 = LINE('',#763,#764);
#763 = CARTESIAN_POINT('',(61.5,-29.,530.));
#764 = VECTOR('',#765,1.);
#765 = DIRECTION('',(0.,0.,1.));
#766 = ORIENTED_EDGE('',*,*,#767,.T.);
#767 = EDGE_CURVE('',#758,#768,#770,.T.);
#768 = VERTEX_POINT('',#769);
#769 = CARTESIAN_POINT('',(61.5,29.,530.));
#770 = LINE('',#771,#772);
#771 = CARTESIAN_POINT('',(61.5,-29.,530.));
#772 = VECTOR('',#773,1.);
#773 = DIRECTION('',(-0.,1.,0.));
#774 = ORIENTED_EDGE('',*,*,#775,.T.);
#775 = EDGE_CURVE('',#768,#776,#778,.T.);
#776 = VERTEX_POINT('',#777);
#777 = CARTESIAN_POINT('',(61.5,29.,550.));
#778 = LINE('',#779,#780);
#779 = CARTESIAN_POINT('',(61.5,29.,530.));
#780 = VECTOR('',#781,1.);
#781 = DIRECTION('',(0.,0.,1.));
#782 = ORIENTED_EDGE('',*,*,#783,.F.);
#783 = EDGE_CURVE('',#760,#776,#784,.T.);
#784 = LINE('',#785,#786);
#785 = CARTESIAN_POINT('',(61.5,-29.,550.));
#786 = VECTOR('',#787,1.);
#787 = DIRECTION('',(-0.,1.,0.));
#788 = PLANE('',#789);
#789 = AXIS2_PLACEMENT_3D('',#790,#791,#792);
#790 = CARTESIAN_POINT('',(61.5,-29.,530.));
#791 = DIRECTION('',(1.,0.,-0.));
#792 = DIRECTION('',(0.,0.,1.));
#793 = ADVANCED_FACE('',(#794),#819,.T.);
#794 = FACE_BOUND('',#795,.T.);
#795 = EDGE_LOOP('',(#796,#804,#805,#813));
#796 = ORIENTED_EDGE('',*,*,#797,.F.);
#797 = EDGE_CURVE('',#758,#798,#800,.T.);
#798 = VERTEX_POINT('',#799);
#799 = CARTESIAN_POINT('',(47.5,-15.,530.));
#800 = LINE('',#801,#802);
#801 = CARTESIAN_POINT('',(61.5,-29.,530.));
#802 = VECTOR('',#803,1.);
#803 = DIRECTION('',(-0.707106781187,0.707106781187,0.));
#804 = ORIENTED_EDGE('',*,*,#757,.T.);
#805 = ORIENTED_EDGE('',*,*,#806,.T.);
#806 = EDGE_CURVE('',#760,#807,#809,.T.);
#807 = VERTEX_POINT('',#808);
#808 = CARTESIAN_POINT('',(47.5,-15.,550.));
#809 = LINE('',#810,#811);
#810 = CARTESIAN_POINT('',(61.5,-29.,550.));
#811 = VECTOR('',#812,1.);
#812 = DIRECTION('',(-0.707106781187,0.707106781187,0.));
#813 = ORIENTED_EDGE('',*,*,#814,.F.);
#814 = EDGE_CURVE('',#798,#807,#815,.T.);
#815 = LINE('',#816,#817);
#816 = CARTESIAN_POINT('',(47.5,-15.,530.));
#817 = VECTOR('',#818,1.);
#818 = DIRECTION('',(0.,0.,1.));
#819 = PLANE('',#820);
#820 = AXIS2_PLACEMENT_3D('',#821,#822,#823);
#821 = CARTESIAN_POINT('',(61.5,-29.,530.));
#822 = DIRECTION('',(-0.707106781187,-0.707106781187,0.));
#823 = DIRECTION('',(-0.707106781187,0.707106781187,0.));
#824 = ADVANCED_FACE('',(#825),#843,.T.);
#825 = FACE_BOUND('',#826,.T.);
#826 = EDGE_LOOP('',(#827,#828,#836,#842));
#827 = ORIENTED_EDGE('',*,*,#783,.T.);
#828 = ORIENTED_EDGE('',*,*,#829,.F.);
#829 = EDGE_CURVE('',#830,#776,#832,.T.);
#830 = VERTEX_POINT('',#831);
#831 = CARTESIAN_POINT('',(47.5,15.,550.));
#832 = LINE('',#833,#834);
#833 = CARTESIAN_POINT('',(32.5,0.,550.));
#834 = VECTOR('',#835,1.);
#835 = DIRECTION('',(0.707106781187,0.707106781187,0.));
#836 = ORIENTED_EDGE('',*,*,#837,.F.);
#837 = EDGE_CURVE('',#807,#830,#838,.T.);
#838 = LINE('',#839,#840);
#839 = CARTESIAN_POINT('',(47.5,-15.,550.));
#840 = VECTOR('',#841,1.);
#841 = DIRECTION('',(-0.,1.,0.));
#842 = ORIENTED_EDGE('',*,*,#806,.F.);
#843 = PLANE('',#844);
#844 = AXIS2_PLACEMENT_3D('',#845,#846,#847);
#845 = CARTESIAN_POINT('',(-61.5,-29.,550.));
#846 = DIRECTION('',(0.,0.,1.));
#847 = DIRECTION('',(1.,0.,-0.));
#848 = ADVANCED_FACE('',(#849),#867,.T.);
#849 = FACE_BOUND('',#850,.T.);
#850 = EDGE_LOOP('',(#851,#859,#865,#866));
#851 = ORIENTED_EDGE('',*,*,#852,.F.);
#852 = EDGE_CURVE('',#853,#768,#855,.T.);
#853 = VERTEX_POINT('',#854);
#854 = CARTESIAN_POINT('',(47.5,15.,530.));
#855 = LINE('',#856,#857);
#856 = CARTESIAN_POINT('',(32.5,0.,530.));
#857 = VECTOR('',#858,1.);
#858 = DIRECTION('',(0.707106781187,0.707106781187,0.));
#859 = ORIENTED_EDGE('',*,*,#860,.T.);
#860 = EDGE_CURVE('',#853,#830,#861,.T.);
#861 = LINE('',#862,#863);
#862 = CARTESIAN_POINT('',(47.5,15.,530.));
#863 = VECTOR('',#864,1.);
#864 = DIRECTION('',(0.,0.,1.));
#865 = ORIENTED_EDGE('',*,*,#829,.T.);
#866 = ORIENTED_EDGE('',*,*,#775,.F.);
#867 = PLANE('',#868);
#868 = AXIS2_PLACEMENT_3D('',#869,#870,#871);
#869 = CARTESIAN_POINT('',(32.5,0.,530.));
#870 = DIRECTION('',(-0.707106781187,0.707106781187,0.));
#871 = DIRECTION('',(0.707106781187,0.707106781187,0.));
#872 = ADVANCED_FACE('',(#873),#884,.F.);
#873 = FACE_BOUND('',#874,.F.);
#874 = EDGE_LOOP('',(#875,#876,#877,#883));
#875 = ORIENTED_EDGE('',*,*,#767,.T.);
#876 = ORIENTED_EDGE('',*,*,#852,.F.);
#877 = ORIENTED_EDGE('',*,*,#878,.F.);
#878 = EDGE_CURVE('',#798,#853,#879,.T.);
#879 = LINE('',#880,#881);
#880 = CARTESIAN_POINT('',(47.5,-15.,530.));
#881 = VECTOR('',#882,1.);
#882 = DIRECTION('',(-0.,1.,0.));
#883 = ORIENTED_EDGE('',*,*,#797,.F.);
#884 = PLANE('',#885);
#885 = AXIS2_PLACEMENT_3D('',#886,#887,#888);
#886 = CARTESIAN_POINT('',(-61.5,-29.,530.));
#887 = DIRECTION('',(0.,0.,1.));
#888 = DIRECTION('',(1.,0.,-0.));
#889 = ADVANCED_FACE('',(#890),#896,.F.);
#890 = FACE_BOUND('',#891,.F.);
#891 = EDGE_LOOP('',(#892,#893,#894,#895));
#892 = ORIENTED_EDGE('',*,*,#814,.F.);
#893 = ORIENTED_EDGE('',*,*,#878,.T.);
#894 = ORIENTED_EDGE('',*,*,#860,.T.);
#895 = ORIENTED_EDGE('',*,*,#837,.F.);
#896 = PLANE('',#897);
#897 = AXIS2_PLACEMENT_3D('',#898,#899,#900);
#898 = CARTESIAN_POINT('',(47.5,-15.,530.));
#899 = DIRECTION('',(1.,0.,-0.));
#900 = DIRECTION('',(0.,0.,1.));
#901 = ( GEOMETRIC_REPRESENTATION_CONTEXT(3) 
GLOBAL_UNCERTAINTY_ASSIGNED_CONTEXT((#905)) GLOBAL_UNIT_ASSIGNED_CONTEXT
((#902,#903,#904)) REPRESENTATION_CONTEXT('Context #1',
  '3D Context with UNIT and UNCERTAINTY') );
#902 = ( LENGTH_UNIT() NAMED_UNIT(*) SI_UNIT(.MILLI.,.METRE.) );
#903 = ( NAMED_UNIT(*) PLANE_ANGLE_UNIT() SI_UNIT($,.RADIAN.) );
#904 = ( NAMED_UNIT(*) SI_UNIT($,.STERADIAN.) SOLID_ANGLE_UNIT() );
#905 = UNCERTAINTY_MEASURE_WITH_UNIT(LENGTH_MEASURE(1.E-07),#902,
  'distance_accuracy_value','confusion accuracy');
#906 = CONTEXT_DEPENDENT_SHAPE_REPRESENTATION(#907,#909);
#907 = ( REPRESENTATION_RELATIONSHIP('','',#750,#10) 
REPRESENTATION_RELATIONSHIP_WITH_TRANSFORMATION(#908) 
SHAPE_REPRESENTATION_RELATIONSHIP() );
#908 = ITEM_DEFINED_TRANSFORMATION('','',#11,#27);
#909 = PRODUCT_DEFINITION_SHAPE('Placement','Placement of an item',#910
  );
#910 = NEXT_ASSEMBLY_USAGE_OCCURRENCE('4','P04 Grip mitred strip east',
  '',#5,#745,$);
#911 = PRODUCT_RELATED_PRODUCT_CATEGORY('part',$,(#747));
#912 = SHAPE_DEFINITION_REPRESENTATION(#913,#919);
#913 = PRODUCT_DEFINITION_SHAPE('','',#914);
#914 = PRODUCT_DEFINITION('design','',#915,#918);
#915 = PRODUCT_DEFINITION_FORMATION('','',#916);
#916 = PRODUCT('P05 Grip mitred strip west','P05 Grip mitred strip west'
  ,'',(#917));
#917 = PRODUCT_CONTEXT('',#2,'mechanical');
#918 = PRODUCT_DEFINITION_CONTEXT('part definition',#2,'design');
#919 = ADVANCED_BREP_SHAPE_REPRESENTATION('',(#11,#920),#1070);
#920 = MANIFOLD_SOLID_BREP('',#921);
#921 = CLOSED_SHELL('',(#922,#962,#993,#1017,#1041,#1058));
#922 = ADVANCED_FACE('',(#923),#957,.F.);
#923 = FACE_BOUND('',#924,.F.);
#924 = EDGE_LOOP('',(#925,#935,#943,#951));
#925 = ORIENTED_EDGE('',*,*,#926,.F.);
#926 = EDGE_CURVE('',#927,#929,#931,.T.);
#927 = VERTEX_POINT('',#928);
#928 = CARTESIAN_POINT('',(-61.5,-29.,530.));
#929 = VERTEX_POINT('',#930);
#930 = CARTESIAN_POINT('',(-61.5,-29.,550.));
#931 = LINE('',#932,#933);
#932 = CARTESIAN_POINT('',(-61.5,-29.,530.));
#933 = VECTOR('',#934,1.);
#934 = DIRECTION('',(0.,0.,1.));
#935 = ORIENTED_EDGE('',*,*,#936,.T.);
#936 = EDGE_CURVE('',#927,#937,#939,.T.);
#937 = VERTEX_POINT('',#938);
#938 = CARTESIAN_POINT('',(-61.5,29.,530.));
#939 = LINE('',#940,#941);
#940 = CARTESIAN_POINT('',(-61.5,-29.,530.));
#941 = VECTOR('',#942,1.);
#942 = DIRECTION('',(-0.,1.,0.));
#943 = ORIENTED_EDGE('',*,*,#944,.T.);
#944 = EDGE_CURVE('',#937,#945,#947,.T.);
#945 = VERTEX_POINT('',#946);
#946 = CARTESIAN_POINT('',(-61.5,29.,550.));
#947 = LINE('',#948,#949);
#948 = CARTESIAN_POINT('',(-61.5,29.,530.));
#949 = VECTOR('',#950,1.);
#950 = DIRECTION('',(0.,0.,1.));
#951 = ORIENTED_EDGE('',*,*,#952,.F.);
#952 = EDGE_CURVE('',#929,#945,#953,.T.);
#953 = LINE('',#954,#955);
#954 = CARTESIAN_POINT('',(-61.5,-29.,550.));
#955 = VECTOR('',#956,1.);
#956 = DIRECTION('',(-0.,1.,0.));
#957 = PLANE('',#958);
#958 = AXIS2_PLACEMENT_3D('',#959,#960,#961);
#959 = CARTESIAN_POINT('',(-61.5,-29.,530.));
#960 = DIRECTION('',(1.,0.,-0.));
#961 = DIRECTION('',(0.,0.,1.));
#962 = ADVANCED_FACE('',(#963),#988,.T.);
#963 = FACE_BOUND('',#964,.T.);
#964 = EDGE_LOOP('',(#965,#973,#981,#987));
#965 = ORIENTED_EDGE('',*,*,#966,.F.);
#966 = EDGE_CURVE('',#967,#927,#969,.T.);
#967 = VERTEX_POINT('',#968);
#968 = CARTESIAN_POINT('',(-47.5,-15.,530.));
#969 = LINE('',#970,#971);
#970 = CARTESIAN_POINT('',(-32.5,0.,530.));
#971 = VECTOR('',#972,1.);
#972 = DIRECTION('',(-0.707106781187,-0.707106781187,0.));
#973 = ORIENTED_EDGE('',*,*,#974,.T.);
#974 = EDGE_CURVE('',#967,#975,#977,.T.);
#975 = VERTEX_POINT('',#976);
#976 = CARTESIAN_POINT('',(-47.5,-15.,550.));
#977 = LINE('',#978,#979);
#978 = CARTESIAN_POINT('',(-47.5,-15.,530.));
#979 = VECTOR('',#980,1.);
#980 = DIRECTION('',(0.,0.,1.));
#981 = ORIENTED_EDGE('',*,*,#982,.T.);
#982 = EDGE_CURVE('',#975,#929,#983,.T.);
#983 = LINE('',#984,#985);
#984 = CARTESIAN_POINT('',(-32.5,0.,550.));
#985 = VECTOR('',#986,1.);
#986 = DIRECTION('',(-0.707106781187,-0.707106781187,0.));
#987 = ORIENTED_EDGE('',*,*,#926,.F.);
#988 = PLANE('',#989);
#989 = AXIS2_PLACEMENT_3D('',#990,#991,#992);
#990 = CARTESIAN_POINT('',(-32.5,0.,530.));
#991 = DIRECTION('',(0.707106781187,-0.707106781187,0.));
#992 = DIRECTION('',(-0.707106781187,-0.707106781187,0.));
#993 = ADVANCED_FACE('',(#994),#1012,.T.);
#994 = FACE_BOUND('',#995,.T.);
#995 = EDGE_LOOP('',(#996,#997,#998,#1006));
#996 = ORIENTED_EDGE('',*,*,#952,.F.);
#997 = ORIENTED_EDGE('',*,*,#982,.F.);
#998 = ORIENTED_EDGE('',*,*,#999,.T.);
#999 = EDGE_CURVE('',#975,#1000,#1002,.T.);
#1000 = VERTEX_POINT('',#1001);
#1001 = CARTESIAN_POINT('',(-47.5,15.,550.));
#1002 = LINE('',#1003,#1004);
#1003 = CARTESIAN_POINT('',(-47.5,-15.,550.));
#1004 = VECTOR('',#1005,1.);
#1005 = DIRECTION('',(-0.,1.,0.));
#1006 = ORIENTED_EDGE('',*,*,#1007,.F.);
#1007 = EDGE_CURVE('',#945,#1000,#1008,.T.);
#1008 = LINE('',#1009,#1010);
#1009 = CARTESIAN_POINT('',(-61.5,29.,550.));
#1010 = VECTOR('',#1011,1.);
#1011 = DIRECTION('',(0.707106781187,-0.707106781187,0.));
#1012 = PLANE('',#1013);
#1013 = AXIS2_PLACEMENT_3D('',#1014,#1015,#1016);
#1014 = CARTESIAN_POINT('',(-61.5,-29.,550.));
#1015 = DIRECTION('',(0.,0.,1.));
#1016 = DIRECTION('',(1.,0.,-0.));
#1017 = ADVANCED_FACE('',(#1018),#1036,.T.);
#1018 = FACE_BOUND('',#1019,.T.);
#1019 = EDGE_LOOP('',(#1020,#1028,#1029,#1030));
#1020 = ORIENTED_EDGE('',*,*,#1021,.F.);
#1021 = EDGE_CURVE('',#937,#1022,#1024,.T.);
#1022 = VERTEX_POINT('',#1023);
#1023 = CARTESIAN_POINT('',(-47.5,15.,530.));
#1024 = LINE('',#1025,#1026);
#1025 = CARTESIAN_POINT('',(-61.5,29.,530.));
#1026 = VECTOR('',#1027,1.);
#1027 = DIRECTION('',(0.707106781187,-0.707106781187,0.));
#1028 = ORIENTED_EDGE('',*,*,#944,.T.);
#1029 = ORIENTED_EDGE('',*,*,#1007,.T.);
#1030 = ORIENTED_EDGE('',*,*,#1031,.F.);
#1031 = EDGE_CURVE('',#1022,#1000,#1032,.T.);
#1032 = LINE('',#1033,#1034);
#1033 = CARTESIAN_POINT('',(-47.5,15.,530.));
#1034 = VECTOR('',#1035,1.);
#1035 = DIRECTION('',(0.,0.,1.));
#1036 = PLANE('',#1037);
#1037 = AXIS2_PLACEMENT_3D('',#1038,#1039,#1040);
#1038 = CARTESIAN_POINT('',(-61.5,29.,530.));
#1039 = DIRECTION('',(0.707106781187,0.707106781187,-0.));
#1040 = DIRECTION('',(0.707106781187,-0.707106781187,0.));
#1041 = ADVANCED_FACE('',(#1042),#1053,.F.);
#1042 = FACE_BOUND('',#1043,.F.);
#1043 = EDGE_LOOP('',(#1044,#1045,#1046,#1052));
#1044 = ORIENTED_EDGE('',*,*,#936,.F.);
#1045 = ORIENTED_EDGE('',*,*,#966,.F.);
#1046 = ORIENTED_EDGE('',*,*,#1047,.T.);
#1047 = EDGE_CURVE('',#967,#1022,#1048,.T.);
#1048 = LINE('',#1049,#1050);
#1049 = CARTESIAN_POINT('',(-47.5,-15.,530.));
#1050 = VECTOR('',#1051,1.);
#1051 = DIRECTION('',(-0.,1.,0.));
#1052 = ORIENTED_EDGE('',*,*,#1021,.F.);
#1053 = PLANE('',#1054);
#1054 = AXIS2_PLACEMENT_3D('',#1055,#1056,#1057);
#1055 = CARTESIAN_POINT('',(-61.5,-29.,530.));
#1056 = DIRECTION('',(0.,0.,1.));
#1057 = DIRECTION('',(1.,0.,-0.));
#1058 = ADVANCED_FACE('',(#1059),#1065,.T.);
#1059 = FACE_BOUND('',#1060,.T.);
#1060 = EDGE_LOOP('',(#1061,#1062,#1063,#1064));
#1061 = ORIENTED_EDGE('',*,*,#974,.F.);
#1062 = ORIENTED_EDGE('',*,*,#1047,.T.);
#1063 = ORIENTED_EDGE('',*,*,#1031,.T.);
#1064 = ORIENTED_EDGE('',*,*,#999,.F.);
#1065 = PLANE('',#1066);
#1066 = AXIS2_PLACEMENT_3D('',#1067,#1068,#1069);
#1067 = CARTESIAN_POINT('',(-47.5,-15.,530.));
#1068 = DIRECTION('',(1.,0.,-0.));
#1069 = DIRECTION('',(0.,0.,1.));
#1070 = ( GEOMETRIC_REPRESENTATION_CONTEXT(3) 
GLOBAL_UNCERTAINTY_ASSIGNED_CONTEXT((#1074)) 
GLOBAL_UNIT_ASSIGNED_CONTEXT((#1071,#1072,#1073)) REPRESENTATION_CONTEXT
('Context #1','3D Context with UNIT and UNCERTAINTY') );
#1071 = ( LENGTH_UNIT() NAMED_UNIT(*) SI_UNIT(.MILLI.,.METRE.) );
#1072 = ( NAMED_UNIT(*) PLANE_ANGLE_UNIT() SI_UNIT($,.RADIAN.) );
#1073 = ( NAMED_UNIT(*) SI_UNIT($,.STERADIAN.) SOLID_ANGLE_UNIT() );
#1074 = UNCERTAINTY_MEASURE_WITH_UNIT(LENGTH_MEASURE(1.E-07),#1071,
  'distance_accuracy_value','confusion accuracy');
#1075 = CONTEXT_DEPENDENT_SHAPE_REPRESENTATION(#1076,#1078);
#1076 = ( REPRESENTATION_RELATIONSHIP('','',#919,#10) 
REPRESENTATION_RELATIONSHIP_WITH_TRANSFORMATION(#1077) 
SHAPE_REPRESENTATION_RELATIONSHIP() );
#1077 = ITEM_DEFINED_TRANSFORMATION('','',#11,#31);
#1078 = PRODUCT_DEFINITION_SHAPE('Placement','Placement of an item',
  #1079);
#1079 = NEXT_ASSEMBLY_USAGE_OCCURRENCE('5','P05 Grip mitred strip west',
  '',#5,#914,$);
#1080 = PRODUCT_RELATED_PRODUCT_CATEGORY('part',$,(#916));
#1081 = SHAPE_DEFINITION_REPRESENTATION(#1082,#1088);
#1082 = PRODUCT_DEFINITION_SHAPE('','',#1083);
#1083 = PRODUCT_DEFINITION('design','',#1084,#1087);
#1084 = PRODUCT_DEFINITION_FORMATION('','',#1085);
#1085 = PRODUCT('P06 Lower circular maple shelf — no opening',
  'P06 Lower circular maple shelf — no opening','',(#1086));
#1086 = PRODUCT_CONTEXT('',#2,'mechanical');
#1087 = PRODUCT_DEFINITION_CONTEXT('part definition',#2,'design');
#1088 = ADVANCED_BREP_SHAPE_REPRESENTATION('',(#11,#1089),#1142);
#1089 = MANIFOLD_SOLID_BREP('',#1090);
#1090 = CLOSED_SHELL('',(#1091,#1124,#1133));
#1091 = ADVANCED_FACE('',(#1092),#1119,.T.);
#1092 = FACE_BOUND('',#1093,.T.);
#1093 = EDGE_LOOP('',(#1094,#1103,#1111,#1118));
#1094 = ORIENTED_EDGE('',*,*,#1095,.F.);
#1095 = EDGE_CURVE('',#1096,#1096,#1098,.T.);
#1096 = VERTEX_POINT('',#1097);
#1097 = CARTESIAN_POINT('',(225.,-5.510910596163E-14,300.));
#1098 = CIRCLE('',#1099,225.);
#1099 = AXIS2_PLACEMENT_3D('',#1100,#1101,#1102);
#1100 = CARTESIAN_POINT('',(0.,0.,300.));
#1101 = DIRECTION('',(0.,0.,1.));
#1102 = DIRECTION('',(1.,0.,-0.));
#1103 = ORIENTED_EDGE('',*,*,#1104,.F.);
#1104 = EDGE_CURVE('',#1105,#1096,#1107,.T.);
#1105 = VERTEX_POINT('',#1106);
#1106 = CARTESIAN_POINT('',(225.,-5.510910596163E-14,280.));
#1107 = LINE('',#1108,#1109);
#1108 = CARTESIAN_POINT('',(225.,-5.510910596163E-14,280.));
#1109 = VECTOR('',#1110,1.);
#1110 = DIRECTION('',(0.,0.,1.));
#1111 = ORIENTED_EDGE('',*,*,#1112,.T.);
#1112 = EDGE_CURVE('',#1105,#1105,#1113,.T.);
#1113 = CIRCLE('',#1114,225.);
#1114 = AXIS2_PLACEMENT_3D('',#1115,#1116,#1117);
#1115 = CARTESIAN_POINT('',(0.,0.,280.));
#1116 = DIRECTION('',(0.,0.,1.));
#1117 = DIRECTION('',(1.,0.,-0.));
#1118 = ORIENTED_EDGE('',*,*,#1104,.T.);
#1119 = CYLINDRICAL_SURFACE('',#1120,225.);
#1120 = AXIS2_PLACEMENT_3D('',#1121,#1122,#1123);
#1121 = CARTESIAN_POINT('',(0.,0.,280.));
#1122 = DIRECTION('',(0.,0.,1.));
#1123 = DIRECTION('',(1.,0.,-0.));
#1124 = ADVANCED_FACE('',(#1125),#1128,.T.);
#1125 = FACE_BOUND('',#1126,.T.);
#1126 = EDGE_LOOP('',(#1127));
#1127 = ORIENTED_EDGE('',*,*,#1095,.T.);
#1128 = PLANE('',#1129);
#1129 = AXIS2_PLACEMENT_3D('',#1130,#1131,#1132);
#1130 = CARTESIAN_POINT('',(0.,0.,300.));
#1131 = DIRECTION('',(0.,0.,1.));
#1132 = DIRECTION('',(1.,0.,-0.));
#1133 = ADVANCED_FACE('',(#1134),#1137,.F.);
#1134 = FACE_BOUND('',#1135,.T.);
#1135 = EDGE_LOOP('',(#1136));
#1136 = ORIENTED_EDGE('',*,*,#1112,.F.);
#1137 = PLANE('',#1138);
#1138 = AXIS2_PLACEMENT_3D('',#1139,#1140,#1141);
#1139 = CARTESIAN_POINT('',(0.,0.,280.));
#1140 = DIRECTION('',(0.,0.,1.));
#1141 = DIRECTION('',(1.,0.,-0.));
#1142 = ( GEOMETRIC_REPRESENTATION_CONTEXT(3) 
GLOBAL_UNCERTAINTY_ASSIGNED_CONTEXT((#1146)) 
GLOBAL_UNIT_ASSIGNED_CONTEXT((#1143,#1144,#1145)) REPRESENTATION_CONTEXT
('Context #1','3D Context with UNIT and UNCERTAINTY') );
#1143 = ( LENGTH_UNIT() NAMED_UNIT(*) SI_UNIT(.MILLI.,.METRE.) );
#1144 = ( NAMED_UNIT(*) PLANE_ANGLE_UNIT() SI_UNIT($,.RADIAN.) );
#1145 = ( NAMED_UNIT(*) SI_UNIT($,.STERADIAN.) SOLID_ANGLE_UNIT() );
#1146 = UNCERTAINTY_MEASURE_WITH_UNIT(LENGTH_MEASURE(1.E-07),#1143,
  'distance_accuracy_value','confusion accuracy');
#1147 = CONTEXT_DEPENDENT_SHAPE_REPRESENTATION(#1148,#1150);
#1148 = ( REPRESENTATION_RELATIONSHIP('','',#1088,#10) 
REPRESENTATION_RELATIONSHIP_WITH_TRANSFORMATION(#1149) 
SHAPE_REPRESENTATION_RELATIONSHIP() );
#1149 = ITEM_DEFINED_TRANSFORMATION('','',#11,#35);
#1150 = PRODUCT_DEFINITION_SHAPE('Placement','Placement of an item',
  #1151);
#1151 = NEXT_ASSEMBLY_USAGE_OCCURRENCE('6',
  'P06 Lower circular maple shelf — no opening','',#5,#1083,$);
#1152 = PRODUCT_RELATED_PRODUCT_CATEGORY('part',$,(#1085));
#1153 = SHAPE_DEFINITION_REPRESENTATION(#1154,#1160);
#1154 = PRODUCT_DEFINITION_SHAPE('','',#1155);
#1155 = PRODUCT_DEFINITION('design','',#1156,#1159);
#1156 = PRODUCT_DEFINITION_FORMATION('','',#1157);
#1157 = PRODUCT('P07 Arched blade 45','P07 Arched blade 45','',(#1158));
#1158 = PRODUCT_CONTEXT('',#2,'mechanical');
#1159 = PRODUCT_DEFINITION_CONTEXT('part definition',#2,'design');
#1160 = ADVANCED_BREP_SHAPE_REPRESENTATION('',(#11,#1161),#1747);
#1161 = MANIFOLD_SOLID_BREP('',#1162);
#1162 = CLOSED_SHELL('',(#1163,#1236,#1267,#1331,#1362,#1426,#1457,#1521
    ,#1554,#1571,#1588,#1605,#1638,#1655,#1672,#1689,#1711,#1729));
#1163 = ADVANCED_FACE('',(#1164,#1198,#1209,#1220),#1231,.T.);
#1164 = FACE_BOUND('',#1165,.T.);
#1165 = EDGE_LOOP('',(#1166,#1176,#1184,#1192));
#1166 = ORIENTED_EDGE('',*,*,#1167,.F.);
#1167 = EDGE_CURVE('',#1168,#1170,#1172,.T.);
#1168 = VERTEX_POINT('',#1169);
#1169 = CARTESIAN_POINT('',(120.20815280171,205.06096654409,18.));
#1170 = VERTEX_POINT('',#1171);
#1171 = CARTESIAN_POINT('',(134.35028842544,219.20310216783,18.));
#1172 = LINE('',#1173,#1174);
#1173 = CARTESIAN_POINT('',(120.20815280171,205.06096654409,18.));
#1174 = VECTOR('',#1175,1.);
#1175 = DIRECTION('',(0.707106781187,0.707106781187,0.));
#1176 = ORIENTED_EDGE('',*,*,#1177,.T.);
#1177 = EDGE_CURVE('',#1168,#1178,#1180,.T.);
#1178 = VERTEX_POINT('',#1179);
#1179 = CARTESIAN_POINT('',(120.20815280171,205.06096654409,
    471.90524980688));
#1180 = LINE('',#1181,#1182);
#1181 = CARTESIAN_POINT('',(120.20815280171,205.06096654409,18.));
#1182 = VECTOR('',#1183,1.);
#1183 = DIRECTION('',(0.,0.,1.));
#1184 = ORIENTED_EDGE('',*,*,#1185,.T.);
#1185 = EDGE_CURVE('',#1178,#1186,#1188,.T.);
#1186 = VERTEX_POINT('',#1187);
#1187 = CARTESIAN_POINT('',(134.35028842544,219.20310216783,
    471.90524980688));
#1188 = LINE('',#1189,#1190);
#1189 = CARTESIAN_POINT('',(120.20815280171,205.06096654409,
    471.90524980688));
#1190 = VECTOR('',#1191,1.);
#1191 = DIRECTION('',(0.707106781187,0.707106781187,0.));
#1192 = ORIENTED_EDGE('',*,*,#1193,.F.);
#1193 = EDGE_CURVE('',#1170,#1186,#1194,.T.);
#1194 = LINE('',#1195,#1196);
#1195 = CARTESIAN_POINT('',(134.35028842544,219.20310216783,18.));
#1196 = VECTOR('',#1197,1.);
#1197 = DIRECTION('',(0.,0.,1.));
#1198 = FACE_BOUND('',#1199,.T.);
#1199 = EDGE_LOOP('',(#1200));
#1200 = ORIENTED_EDGE('',*,*,#1201,.F.);
#1201 = EDGE_CURVE('',#1202,#1202,#1204,.T.);
#1202 = VERTEX_POINT('',#1203);
#1203 = CARTESIAN_POINT('',(127.27922061357,212.13203435596,220.));
#1204 = CIRCLE('',#1205,3.);
#1205 = AXIS2_PLACEMENT_3D('',#1206,#1207,#1208);
#1206 = CARTESIAN_POINT('',(127.27922061357,212.13203435596,217.));
#1207 = DIRECTION('',(-0.707106781187,0.707106781187,0.));
#1208 = DIRECTION('',(0.,0.,1.));
#1209 = FACE_BOUND('',#1210,.T.);
#1210 = EDGE_LOOP('',(#1211));
#1211 = ORIENTED_EDGE('',*,*,#1212,.F.);
#1212 = EDGE_CURVE('',#1213,#1213,#1215,.T.);
#1213 = VERTEX_POINT('',#1214);
#1214 = CARTESIAN_POINT('',(127.27922061357,212.13203435596,248.));
#1215 = CIRCLE('',#1216,3.);
#1216 = AXIS2_PLACEMENT_3D('',#1217,#1218,#1219);
#1217 = CARTESIAN_POINT('',(127.27922061357,212.13203435596,245.));
#1218 = DIRECTION('',(-0.707106781187,0.707106781187,0.));
#1219 = DIRECTION('',(0.,0.,1.));
#1220 = FACE_BOUND('',#1221,.T.);
#1221 = EDGE_LOOP('',(#1222));
#1222 = ORIENTED_EDGE('',*,*,#1223,.F.);
#1223 = EDGE_CURVE('',#1224,#1224,#1226,.T.);
#1224 = VERTEX_POINT('',#1225);
#1225 = CARTESIAN_POINT('',(127.27922061357,212.13203435596,276.));
#1226 = CIRCLE('',#1227,3.);
#1227 = AXIS2_PLACEMENT_3D('',#1228,#1229,#1230);
#1228 = CARTESIAN_POINT('',(127.27922061357,212.13203435596,273.));
#1229 = DIRECTION('',(-0.707106781187,0.707106781187,0.));
#1230 = DIRECTION('',(0.,0.,1.));
#1231 = PLANE('',#1232);
#1232 = AXIS2_PLACEMENT_3D('',#1233,#1234,#1235);
#1233 = CARTESIAN_POINT('',(120.20815280171,205.06096654409,18.));
#1234 = DIRECTION('',(-0.707106781187,0.707106781187,0.));
#1235 = DIRECTION('',(0.,0.,1.));
#1236 = ADVANCED_FACE('',(#1237),#1262,.F.);
#1237 = FACE_BOUND('',#1238,.F.);
#1238 = EDGE_LOOP('',(#1239,#1247,#1255,#1261));
#1239 = ORIENTED_EDGE('',*,*,#1240,.F.);
#1240 = EDGE_CURVE('',#1241,#1168,#1243,.T.);
#1241 = VERTEX_POINT('',#1242);
#1242 = CARTESIAN_POINT('',(151.32085117392,173.94826817189,18.));
#1243 = LINE('',#1244,#1245);
#1244 = CARTESIAN_POINT('',(205.06096654409,120.20815280171,18.));
#1245 = VECTOR('',#1246,1.);
#1246 = DIRECTION('',(-0.707106781187,0.707106781187,0.));
#1247 = ORIENTED_EDGE('',*,*,#1248,.T.);
#1248 = EDGE_CURVE('',#1241,#1249,#1251,.T.);
#1249 = VERTEX_POINT('',#1250);
#1250 = CARTESIAN_POINT('',(165.46298679765,188.09040379562,18.));
#1251 = LINE('',#1252,#1253);
#1252 = CARTESIAN_POINT('',(150.61374439273,173.2411613907,18.));
#1253 = VECTOR('',#1254,1.);
#1254 = DIRECTION('',(0.707106781187,0.707106781187,0.));
#1255 = ORIENTED_EDGE('',*,*,#1256,.T.);
#1256 = EDGE_CURVE('',#1249,#1170,#1257,.T.);
#1257 = LINE('',#1258,#1259);
#1258 = CARTESIAN_POINT('',(219.20310216783,134.35028842544,18.));
#1259 = VECTOR('',#1260,1.);
#1260 = DIRECTION('',(-0.707106781187,0.707106781187,0.));
#1261 = ORIENTED_EDGE('',*,*,#1167,.F.);
#1262 = PLANE('',#1263);
#1263 = AXIS2_PLACEMENT_3D('',#1264,#1265,#1266);
#1264 = CARTESIAN_POINT('',(205.06096654409,120.20815280171,18.));
#1265 = DIRECTION('',(0.,0.,1.));
#1266 = DIRECTION('',(0.707106781187,0.707106781187,0.));
#1267 = ADVANCED_FACE('',(#1268,#1293,#1304,#1315),#1326,.F.);
#1268 = FACE_BOUND('',#1269,.F.);
#1269 = EDGE_LOOP('',(#1270,#1271,#1279,#1287));
#1270 = ORIENTED_EDGE('',*,*,#1248,.F.);
#1271 = ORIENTED_EDGE('',*,*,#1272,.T.);
#1272 = EDGE_CURVE('',#1241,#1273,#1275,.T.);
#1273 = VERTEX_POINT('',#1274);
#1274 = CARTESIAN_POINT('',(151.32085117392,173.94826817189,284.));
#1275 = LINE('',#1276,#1277);
#1276 = CARTESIAN_POINT('',(151.32085117392,173.94826817189,18.));
#1277 = VECTOR('',#1278,1.);
#1278 = DIRECTION('',(0.,0.,1.));
#1279 = ORIENTED_EDGE('',*,*,#1280,.T.);
#1280 = EDGE_CURVE('',#1273,#1281,#1283,.T.);
#1281 = VERTEX_POINT('',#1282);
#1282 = CARTESIAN_POINT('',(165.46298679765,188.09040379562,284.));
#1283 = LINE('',#1284,#1285);
#1284 = CARTESIAN_POINT('',(150.61374439273,173.2411613907,284.));
#1285 = VECTOR('',#1286,1.);
#1286 = DIRECTION('',(0.707106781187,0.707106781187,0.));
#1287 = ORIENTED_EDGE('',*,*,#1288,.F.);
#1288 = EDGE_CURVE('',#1249,#1281,#1289,.T.);
#1289 = LINE('',#1290,#1291);
#1290 = CARTESIAN_POINT('',(165.46298679765,188.09040379562,18.));
#1291 = VECTOR('',#1292,1.);
#1292 = DIRECTION('',(0.,0.,1.));
#1293 = FACE_BOUND('',#1294,.F.);
#1294 = EDGE_LOOP('',(#1295));
#1295 = ORIENTED_EDGE('',*,*,#1296,.F.);
#1296 = EDGE_CURVE('',#1297,#1297,#1299,.T.);
#1297 = VERTEX_POINT('',#1298);
#1298 = CARTESIAN_POINT('',(158.39191898578,181.01933598375,220.));
#1299 = CIRCLE('',#1300,3.);
#1300 = AXIS2_PLACEMENT_3D('',#1301,#1302,#1303);
#1301 = CARTESIAN_POINT('',(158.39191898578,181.01933598375,217.));
#1302 = DIRECTION('',(-0.707106781187,0.707106781187,0.));
#1303 = DIRECTION('',(0.,0.,1.));
#1304 = FACE_BOUND('',#1305,.F.);
#1305 = EDGE_LOOP('',(#1306));
#1306 = ORIENTED_EDGE('',*,*,#1307,.F.);
#1307 = EDGE_CURVE('',#1308,#1308,#1310,.T.);
#1308 = VERTEX_POINT('',#1309);
#1309 = CARTESIAN_POINT('',(158.39191898578,181.01933598375,248.));
#1310 = CIRCLE('',#1311,3.);
#1311 = AXIS2_PLACEMENT_3D('',#1312,#1313,#1314);
#1312 = CARTESIAN_POINT('',(158.39191898578,181.01933598375,245.));
#1313 = DIRECTION('',(-0.707106781187,0.707106781187,0.));
#1314 = DIRECTION('',(0.,0.,1.));
#1315 = FACE_BOUND('',#1316,.F.);
#1316 = EDGE_LOOP('',(#1317));
#1317 = ORIENTED_EDGE('',*,*,#1318,.F.);
#1318 = EDGE_CURVE('',#1319,#1319,#1321,.T.);
#1319 = VERTEX_POINT('',#1320);
#1320 = CARTESIAN_POINT('',(158.39191898578,181.01933598375,276.));
#1321 = CIRCLE('',#1322,3.);
#1322 = AXIS2_PLACEMENT_3D('',#1323,#1324,#1325);
#1323 = CARTESIAN_POINT('',(158.39191898578,181.01933598375,273.));
#1324 = DIRECTION('',(-0.707106781187,0.707106781187,0.));
#1325 = DIRECTION('',(0.,0.,1.));
#1326 = PLANE('',#1327);
#1327 = AXIS2_PLACEMENT_3D('',#1328,#1329,#1330);
#1328 = CARTESIAN_POINT('',(150.61374439273,173.2411613907,18.));
#1329 = DIRECTION('',(-0.707106781187,0.707106781187,0.));
#1330 = DIRECTION('',(0.,0.,1.));
#1331 = ADVANCED_FACE('',(#1332),#1357,.F.);
#1332 = FACE_BOUND('',#1333,.F.);
#1333 = EDGE_LOOP('',(#1334,#1335,#1343,#1351));
#1334 = ORIENTED_EDGE('',*,*,#1280,.F.);
#1335 = ORIENTED_EDGE('',*,*,#1336,.T.);
#1336 = EDGE_CURVE('',#1273,#1337,#1339,.T.);
#1337 = VERTEX_POINT('',#1338);
#1338 = CARTESIAN_POINT('',(173.94826817189,151.32085117392,284.));
#1339 = LINE('',#1340,#1341);
#1340 = CARTESIAN_POINT('',(189.50461735799,135.76450198781,284.));
#1341 = VECTOR('',#1342,1.);
#1342 = DIRECTION('',(0.707106781187,-0.707106781187,0.));
#1343 = ORIENTED_EDGE('',*,*,#1344,.T.);
#1344 = EDGE_CURVE('',#1337,#1345,#1347,.T.);
#1345 = VERTEX_POINT('',#1346);
#1346 = CARTESIAN_POINT('',(188.09040379562,165.46298679765,284.));
#1347 = LINE('',#1348,#1349);
#1348 = CARTESIAN_POINT('',(173.2411613907,150.61374439273,284.));
#1349 = VECTOR('',#1350,1.);
#1350 = DIRECTION('',(0.707106781187,0.707106781187,0.));
#1351 = ORIENTED_EDGE('',*,*,#1352,.F.);
#1352 = EDGE_CURVE('',#1281,#1345,#1353,.T.);
#1353 = LINE('',#1354,#1355);
#1354 = CARTESIAN_POINT('',(203.64675298172,149.90663761154,284.));
#1355 = VECTOR('',#1356,1.);
#1356 = DIRECTION('',(0.707106781187,-0.707106781187,0.));
#1357 = PLANE('',#1358);
#1358 = AXIS2_PLACEMENT_3D('',#1359,#1360,#1361);
#1359 = CARTESIAN_POINT('',(173.2411613907,150.61374439273,284.));
#1360 = DIRECTION('',(0.,0.,1.));
#1361 = DIRECTION('',(0.707106781187,0.707106781187,0.));
#1362 = ADVANCED_FACE('',(#1363,#1388,#1399,#1410),#1421,.T.);
#1363 = FACE_BOUND('',#1364,.T.);
#1364 = EDGE_LOOP('',(#1365,#1375,#1381,#1382));
#1365 = ORIENTED_EDGE('',*,*,#1366,.F.);
#1366 = EDGE_CURVE('',#1367,#1369,#1371,.T.);
#1367 = VERTEX_POINT('',#1368);
#1368 = CARTESIAN_POINT('',(173.94826817189,151.32085117392,18.));
#1369 = VERTEX_POINT('',#1370);
#1370 = CARTESIAN_POINT('',(188.09040379562,165.46298679765,18.));
#1371 = LINE('',#1372,#1373);
#1372 = CARTESIAN_POINT('',(173.2411613907,150.61374439273,18.));
#1373 = VECTOR('',#1374,1.);
#1374 = DIRECTION('',(0.707106781187,0.707106781187,0.));
#1375 = ORIENTED_EDGE('',*,*,#1376,.T.);
#1376 = EDGE_CURVE('',#1367,#1337,#1377,.T.);
#1377 = LINE('',#1378,#1379);
#1378 = CARTESIAN_POINT('',(173.94826817189,151.32085117392,18.));
#1379 = VECTOR('',#1380,1.);
#1380 = DIRECTION('',(0.,0.,1.));
#1381 = ORIENTED_EDGE('',*,*,#1344,.T.);
#1382 = ORIENTED_EDGE('',*,*,#1383,.F.);
#1383 = EDGE_CURVE('',#1369,#1345,#1384,.T.);
#1384 = LINE('',#1385,#1386);
#1385 = CARTESIAN_POINT('',(188.09040379562,165.46298679765,18.));
#1386 = VECTOR('',#1387,1.);
#1387 = DIRECTION('',(0.,0.,1.));
#1388 = FACE_BOUND('',#1389,.T.);
#1389 = EDGE_LOOP('',(#1390));
#1390 = ORIENTED_EDGE('',*,*,#1391,.F.);
#1391 = EDGE_CURVE('',#1392,#1392,#1394,.T.);
#1392 = VERTEX_POINT('',#1393);
#1393 = CARTESIAN_POINT('',(181.01933598375,158.39191898578,220.));
#1394 = CIRCLE('',#1395,3.);
#1395 = AXIS2_PLACEMENT_3D('',#1396,#1397,#1398);
#1396 = CARTESIAN_POINT('',(181.01933598375,158.39191898578,217.));
#1397 = DIRECTION('',(-0.707106781187,0.707106781187,0.));
#1398 = DIRECTION('',(0.,0.,1.));
#1399 = FACE_BOUND('',#1400,.T.);
#1400 = EDGE_LOOP('',(#1401));
#1401 = ORIENTED_EDGE('',*,*,#1402,.F.);
#1402 = EDGE_CURVE('',#1403,#1403,#1405,.T.);
#1403 = VERTEX_POINT('',#1404);
#1404 = CARTESIAN_POINT('',(181.01933598375,158.39191898578,248.));
#1405 = CIRCLE('',#1406,3.);
#1406 = AXIS2_PLACEMENT_3D('',#1407,#1408,#1409);
#1407 = CARTESIAN_POINT('',(181.01933598375,158.39191898578,245.));
#1408 = DIRECTION('',(-0.707106781187,0.707106781187,0.));
#1409 = DIRECTION('',(0.,0.,1.));
#1410 = FACE_BOUND('',#1411,.T.);
#1411 = EDGE_LOOP('',(#1412));
#1412 = ORIENTED_EDGE('',*,*,#1413,.F.);
#1413 = EDGE_CURVE('',#1414,#1414,#1416,.T.);
#1414 = VERTEX_POINT('',#1415);
#1415 = CARTESIAN_POINT('',(181.01933598375,158.39191898578,276.));
#1416 = CIRCLE('',#1417,3.);
#1417 = AXIS2_PLACEMENT_3D('',#1418,#1419,#1420);
#1418 = CARTESIAN_POINT('',(181.01933598375,158.39191898578,273.));
#1419 = DIRECTION('',(-0.707106781187,0.707106781187,0.));
#1420 = DIRECTION('',(0.,0.,1.));
#1421 = PLANE('',#1422);
#1422 = AXIS2_PLACEMENT_3D('',#1423,#1424,#1425);
#1423 = CARTESIAN_POINT('',(173.2411613907,150.61374439273,18.));
#1424 = DIRECTION('',(-0.707106781187,0.707106781187,0.));
#1425 = DIRECTION('',(0.,0.,1.));
#1426 = ADVANCED_FACE('',(#1427),#1452,.F.);
#1427 = FACE_BOUND('',#1428,.F.);
#1428 = EDGE_LOOP('',(#1429,#1437,#1445,#1451));
#1429 = ORIENTED_EDGE('',*,*,#1430,.F.);
#1430 = EDGE_CURVE('',#1431,#1367,#1433,.T.);
#1431 = VERTEX_POINT('',#1432);
#1432 = CARTESIAN_POINT('',(205.06096654409,120.20815280171,18.));
#1433 = LINE('',#1434,#1435);
#1434 = CARTESIAN_POINT('',(205.06096654409,120.20815280171,18.));
#1435 = VECTOR('',#1436,1.);
#1436 = DIRECTION('',(-0.707106781187,0.707106781187,0.));
#1437 = ORIENTED_EDGE('',*,*,#1438,.T.);
#1438 = EDGE_CURVE('',#1431,#1439,#1441,.T.);
#1439 = VERTEX_POINT('',#1440);
#1440 = CARTESIAN_POINT('',(219.20310216783,134.35028842544,18.));
#1441 = LINE('',#1442,#1443);
#1442 = CARTESIAN_POINT('',(205.06096654409,120.20815280171,18.));
#1443 = VECTOR('',#1444,1.);
#1444 = DIRECTION('',(0.707106781187,0.707106781187,0.));
#1445 = ORIENTED_EDGE('',*,*,#1446,.T.);
#1446 = EDGE_CURVE('',#1439,#1369,#1447,.T.);
#1447 = LINE('',#1448,#1449);
#1448 = CARTESIAN_POINT('',(219.20310216783,134.35028842544,18.));
#1449 = VECTOR('',#1450,1.);
#1450 = DIRECTION('',(-0.707106781187,0.707106781187,0.));
#1451 = ORIENTED_EDGE('',*,*,#1366,.F.);
#1452 = PLANE('',#1453);
#1453 = AXIS2_PLACEMENT_3D('',#1454,#1455,#1456);
#1454 = CARTESIAN_POINT('',(205.06096654409,120.20815280171,18.));
#1455 = DIRECTION('',(0.,0.,1.));
#1456 = DIRECTION('',(0.707106781187,0.707106781187,0.));
#1457 = ADVANCED_FACE('',(#1458,#1483,#1494,#1505),#1516,.F.);
#1458 = FACE_BOUND('',#1459,.F.);
#1459 = EDGE_LOOP('',(#1460,#1461,#1469,#1477));
#1460 = ORIENTED_EDGE('',*,*,#1438,.F.);
#1461 = ORIENTED_EDGE('',*,*,#1462,.T.);
#1462 = EDGE_CURVE('',#1431,#1463,#1465,.T.);
#1463 = VERTEX_POINT('',#1464);
#1464 = CARTESIAN_POINT('',(205.06096654409,120.20815280171,
    471.90524980688));
#1465 = LINE('',#1466,#1467);
#1466 = CARTESIAN_POINT('',(205.06096654409,120.20815280171,18.));
#1467 = VECTOR('',#1468,1.);
#1468 = DIRECTION('',(0.,0.,1.));
#1469 = ORIENTED_EDGE('',*,*,#1470,.T.);
#1470 = EDGE_CURVE('',#1463,#1471,#1473,.T.);
#1471 = VERTEX_POINT('',#1472);
#1472 = CARTESIAN_POINT('',(219.20310216783,134.35028842544,
    471.90524980688));
#1473 = LINE('',#1474,#1475);
#1474 = CARTESIAN_POINT('',(205.06096654409,120.20815280171,
    471.90524980688));
#1475 = VECTOR('',#1476,1.);
#1476 = DIRECTION('',(0.707106781187,0.707106781187,0.));
#1477 = ORIENTED_EDGE('',*,*,#1478,.F.);
#1478 = EDGE_CURVE('',#1439,#1471,#1479,.T.);
#1479 = LINE('',#1480,#1481);
#1480 = CARTESIAN_POINT('',(219.20310216783,134.35028842544,18.));
#1481 = VECTOR('',#1482,1.);
#1482 = DIRECTION('',(0.,0.,1.));
#1483 = FACE_BOUND('',#1484,.F.);
#1484 = EDGE_LOOP('',(#1485));
#1485 = ORIENTED_EDGE('',*,*,#1486,.F.);
#1486 = EDGE_CURVE('',#1487,#1487,#1489,.T.);
#1487 = VERTEX_POINT('',#1488);
#1488 = CARTESIAN_POINT('',(212.13203435596,127.27922061357,220.));
#1489 = CIRCLE('',#1490,3.);
#1490 = AXIS2_PLACEMENT_3D('',#1491,#1492,#1493);
#1491 = CARTESIAN_POINT('',(212.13203435596,127.27922061357,217.));
#1492 = DIRECTION('',(-0.707106781187,0.707106781187,0.));
#1493 = DIRECTION('',(0.,0.,1.));
#1494 = FACE_BOUND('',#1495,.F.);
#1495 = EDGE_LOOP('',(#1496));
#1496 = ORIENTED_EDGE('',*,*,#1497,.F.);
#1497 = EDGE_CURVE('',#1498,#1498,#1500,.T.);
#1498 = VERTEX_POINT('',#1499);
#1499 = CARTESIAN_POINT('',(212.13203435596,127.27922061357,248.));
#1500 = CIRCLE('',#1501,3.);
#1501 = AXIS2_PLACEMENT_3D('',#1502,#1503,#1504);
#1502 = CARTESIAN_POINT('',(212.13203435596,127.27922061357,245.));
#1503 = DIRECTION('',(-0.707106781187,0.707106781187,0.));
#1504 = DIRECTION('',(0.,0.,1.));
#1505 = FACE_BOUND('',#1506,.F.);
#1506 = EDGE_LOOP('',(#1507));
#1507 = ORIENTED_EDGE('',*,*,#1508,.F.);
#1508 = EDGE_CURVE('',#1509,#1509,#1511,.T.);
#1509 = VERTEX_POINT('',#1510);
#1510 = CARTESIAN_POINT('',(212.13203435596,127.27922061357,276.));
#1511 = CIRCLE('',#1512,3.);
#1512 = AXIS2_PLACEMENT_3D('',#1513,#1514,#1515);
#1513 = CARTESIAN_POINT('',(212.13203435596,127.27922061357,273.));
#1514 = DIRECTION('',(-0.707106781187,0.707106781187,0.));
#1515 = DIRECTION('',(0.,0.,1.));
#1516 = PLANE('',#1517);
#1517 = AXIS2_PLACEMENT_3D('',#1518,#1519,#1520);
#1518 = CARTESIAN_POINT('',(205.06096654409,120.20815280171,18.));
#1519 = DIRECTION('',(-0.707106781187,0.707106781187,0.));
#1520 = DIRECTION('',(0.,0.,1.));
#1521 = ADVANCED_FACE('',(#1522),#1549,.T.);
#1522 = FACE_BOUND('',#1523,.T.);
#1523 = EDGE_LOOP('',(#1524,#1533,#1541,#1548));
#1524 = ORIENTED_EDGE('',*,*,#1525,.F.);
#1525 = EDGE_CURVE('',#1526,#1471,#1528,.T.);
#1526 = VERTEX_POINT('',#1527);
#1527 = CARTESIAN_POINT('',(187.38329701443,166.17009357883,530.));
#1528 = CIRCLE('',#1529,60.);
#1529 = AXIS2_PLACEMENT_3D('',#1530,#1531,#1532);
#1530 = CARTESIAN_POINT('',(176.77669529663,176.77669529663,
    471.90524980688));
#1531 = DIRECTION('',(0.707106781187,0.707106781187,-0.));
#1532 = DIRECTION('',(0.,0.,1.));
#1533 = ORIENTED_EDGE('',*,*,#1534,.F.);
#1534 = EDGE_CURVE('',#1535,#1526,#1537,.T.);
#1535 = VERTEX_POINT('',#1536);
#1536 = CARTESIAN_POINT('',(173.2411613907,152.0279579551,530.));
#1537 = LINE('',#1538,#1539);
#1538 = CARTESIAN_POINT('',(173.2411613907,152.0279579551,530.));
#1539 = VECTOR('',#1540,1.);
#1540 = DIRECTION('',(0.707106781187,0.707106781187,0.));
#1541 = ORIENTED_EDGE('',*,*,#1542,.T.);
#1542 = EDGE_CURVE('',#1535,#1463,#1543,.T.);
#1543 = CIRCLE('',#1544,60.);
#1544 = AXIS2_PLACEMENT_3D('',#1545,#1546,#1547);
#1545 = CARTESIAN_POINT('',(162.6345596729,162.6345596729,
    471.90524980688));
#1546 = DIRECTION('',(0.707106781187,0.707106781187,-0.));
#1547 = DIRECTION('',(0.,0.,1.));
#1548 = ORIENTED_EDGE('',*,*,#1470,.T.);
#1549 = CYLINDRICAL_SURFACE('',#1550,60.);
#1550 = AXIS2_PLACEMENT_3D('',#1551,#1552,#1553);
#1551 = CARTESIAN_POINT('',(162.6345596729,162.6345596729,
    471.90524980688));
#1552 = DIRECTION('',(0.707106781187,0.707106781187,0.));
#1553 = DIRECTION('',(0.,0.,1.));
#1554 = ADVANCED_FACE('',(#1555),#1566,.F.);
#1555 = FACE_BOUND('',#1556,.F.);
#1556 = EDGE_LOOP('',(#1557,#1558,#1564,#1565));
#1557 = ORIENTED_EDGE('',*,*,#1391,.F.);
#1558 = ORIENTED_EDGE('',*,*,#1559,.F.);
#1559 = EDGE_CURVE('',#1487,#1392,#1560,.T.);
#1560 = LINE('',#1561,#1562);
#1561 = CARTESIAN_POINT('',(212.13203435596,127.27922061357,220.));
#1562 = VECTOR('',#1563,1.);
#1563 = DIRECTION('',(-0.707106781187,0.707106781187,0.));
#1564 = ORIENTED_EDGE('',*,*,#1486,.T.);
#1565 = ORIENTED_EDGE('',*,*,#1559,.T.);
#1566 = CYLINDRICAL_SURFACE('',#1567,3.);
#1567 = AXIS2_PLACEMENT_3D('',#1568,#1569,#1570);
#1568 = CARTESIAN_POINT('',(212.13203435596,127.27922061357,217.));
#1569 = DIRECTION('',(-0.707106781187,0.707106781187,0.));
#1570 = DIRECTION('',(0.,0.,1.));
#1571 = ADVANCED_FACE('',(#1572),#1583,.F.);
#1572 = FACE_BOUND('',#1573,.F.);
#1573 = EDGE_LOOP('',(#1574,#1575,#1581,#1582));
#1574 = ORIENTED_EDGE('',*,*,#1402,.F.);
#1575 = ORIENTED_EDGE('',*,*,#1576,.F.);
#1576 = EDGE_CURVE('',#1498,#1403,#1577,.T.);
#1577 = LINE('',#1578,#1579);
#1578 = CARTESIAN_POINT('',(212.13203435596,127.27922061357,248.));
#1579 = VECTOR('',#1580,1.);
#1580 = DIRECTION('',(-0.707106781187,0.707106781187,0.));
#1581 = ORIENTED_EDGE('',*,*,#1497,.T.);
#1582 = ORIENTED_EDGE('',*,*,#1576,.T.);
#1583 = CYLINDRICAL_SURFACE('',#1584,3.);
#1584 = AXIS2_PLACEMENT_3D('',#1585,#1586,#1587);
#1585 = CARTESIAN_POINT('',(212.13203435596,127.27922061357,245.));
#1586 = DIRECTION('',(-0.707106781187,0.707106781187,0.));
#1587 = DIRECTION('',(0.,0.,1.));
#1588 = ADVANCED_FACE('',(#1589),#1600,.F.);
#1589 = FACE_BOUND('',#1590,.F.);
#1590 = EDGE_LOOP('',(#1591,#1592,#1598,#1599));
#1591 = ORIENTED_EDGE('',*,*,#1413,.F.);
#1592 = ORIENTED_EDGE('',*,*,#1593,.F.);
#1593 = EDGE_CURVE('',#1509,#1414,#1594,.T.);
#1594 = LINE('',#1595,#1596);
#1595 = CARTESIAN_POINT('',(212.13203435596,127.27922061357,276.));
#1596 = VECTOR('',#1597,1.);
#1597 = DIRECTION('',(-0.707106781187,0.707106781187,0.));
#1598 = ORIENTED_EDGE('',*,*,#1508,.T.);
#1599 = ORIENTED_EDGE('',*,*,#1593,.T.);
#1600 = CYLINDRICAL_SURFACE('',#1601,3.);
#1601 = AXIS2_PLACEMENT_3D('',#1602,#1603,#1604);
#1602 = CARTESIAN_POINT('',(212.13203435596,127.27922061357,273.));
#1603 = DIRECTION('',(-0.707106781187,0.707106781187,0.));
#1604 = DIRECTION('',(0.,0.,1.));
#1605 = ADVANCED_FACE('',(#1606),#1633,.T.);
#1606 = FACE_BOUND('',#1607,.T.);
#1607 = EDGE_LOOP('',(#1608,#1618,#1625,#1626));
#1608 = ORIENTED_EDGE('',*,*,#1609,.T.);
#1609 = EDGE_CURVE('',#1610,#1612,#1614,.T.);
#1610 = VERTEX_POINT('',#1611);
#1611 = CARTESIAN_POINT('',(152.0279579551,173.2411613907,530.));
#1612 = VERTEX_POINT('',#1613);
#1613 = CARTESIAN_POINT('',(166.17009357883,187.38329701443,530.));
#1614 = LINE('',#1615,#1616);
#1615 = CARTESIAN_POINT('',(152.0279579551,173.2411613907,530.));
#1616 = VECTOR('',#1617,1.);
#1617 = DIRECTION('',(0.707106781187,0.707106781187,0.));
#1618 = ORIENTED_EDGE('',*,*,#1619,.F.);
#1619 = EDGE_CURVE('',#1186,#1612,#1620,.T.);
#1620 = CIRCLE('',#1621,60.);
#1621 = AXIS2_PLACEMENT_3D('',#1622,#1623,#1624);
#1622 = CARTESIAN_POINT('',(176.77669529663,176.77669529663,
    471.90524980688));
#1623 = DIRECTION('',(0.707106781187,0.707106781187,-0.));
#1624 = DIRECTION('',(0.,0.,1.));
#1625 = ORIENTED_EDGE('',*,*,#1185,.F.);
#1626 = ORIENTED_EDGE('',*,*,#1627,.T.);
#1627 = EDGE_CURVE('',#1178,#1610,#1628,.T.);
#1628 = CIRCLE('',#1629,60.);
#1629 = AXIS2_PLACEMENT_3D('',#1630,#1631,#1632);
#1630 = CARTESIAN_POINT('',(162.6345596729,162.6345596729,
    471.90524980688));
#1631 = DIRECTION('',(0.707106781187,0.707106781187,-0.));
#1632 = DIRECTION('',(0.,0.,1.));
#1633 = CYLINDRICAL_SURFACE('',#1634,60.);
#1634 = AXIS2_PLACEMENT_3D('',#1635,#1636,#1637);
#1635 = CARTESIAN_POINT('',(162.6345596729,162.6345596729,
    471.90524980688));
#1636 = DIRECTION('',(0.707106781187,0.707106781187,0.));
#1637 = DIRECTION('',(0.,0.,1.));
#1638 = ADVANCED_FACE('',(#1639),#1650,.F.);
#1639 = FACE_BOUND('',#1640,.F.);
#1640 = EDGE_LOOP('',(#1641,#1647,#1648,#1649));
#1641 = ORIENTED_EDGE('',*,*,#1642,.T.);
#1642 = EDGE_CURVE('',#1297,#1202,#1643,.T.);
#1643 = LINE('',#1644,#1645);
#1644 = CARTESIAN_POINT('',(212.13203435596,127.27922061357,220.));
#1645 = VECTOR('',#1646,1.);
#1646 = DIRECTION('',(-0.707106781187,0.707106781187,0.));
#1647 = ORIENTED_EDGE('',*,*,#1201,.F.);
#1648 = ORIENTED_EDGE('',*,*,#1642,.F.);
#1649 = ORIENTED_EDGE('',*,*,#1296,.T.);
#1650 = CYLINDRICAL_SURFACE('',#1651,3.);
#1651 = AXIS2_PLACEMENT_3D('',#1652,#1653,#1654);
#1652 = CARTESIAN_POINT('',(212.13203435596,127.27922061357,217.));
#1653 = DIRECTION('',(-0.707106781187,0.707106781187,0.));
#1654 = DIRECTION('',(0.,0.,1.));
#1655 = ADVANCED_FACE('',(#1656),#1667,.F.);
#1656 = FACE_BOUND('',#1657,.F.);
#1657 = EDGE_LOOP('',(#1658,#1664,#1665,#1666));
#1658 = ORIENTED_EDGE('',*,*,#1659,.T.);
#1659 = EDGE_CURVE('',#1308,#1213,#1660,.T.);
#1660 = LINE('',#1661,#1662);
#1661 = CARTESIAN_POINT('',(212.13203435596,127.27922061357,248.));
#1662 = VECTOR('',#1663,1.);
#1663 = DIRECTION('',(-0.707106781187,0.707106781187,0.));
#1664 = ORIENTED_EDGE('',*,*,#1212,.F.);
#1665 = ORIENTED_EDGE('',*,*,#1659,.F.);
#1666 = ORIENTED_EDGE('',*,*,#1307,.T.);
#1667 = CYLINDRICAL_SURFACE('',#1668,3.);
#1668 = AXIS2_PLACEMENT_3D('',#1669,#1670,#1671);
#1669 = CARTESIAN_POINT('',(212.13203435596,127.27922061357,245.));
#1670 = DIRECTION('',(-0.707106781187,0.707106781187,0.));
#1671 = DIRECTION('',(0.,0.,1.));
#1672 = ADVANCED_FACE('',(#1673),#1684,.F.);
#1673 = FACE_BOUND('',#1674,.F.);
#1674 = EDGE_LOOP('',(#1675,#1681,#1682,#1683));
#1675 = ORIENTED_EDGE('',*,*,#1676,.T.);
#1676 = EDGE_CURVE('',#1319,#1224,#1677,.T.);
#1677 = LINE('',#1678,#1679);
#1678 = CARTESIAN_POINT('',(212.13203435596,127.27922061357,276.));
#1679 = VECTOR('',#1680,1.);
#1680 = DIRECTION('',(-0.707106781187,0.707106781187,0.));
#1681 = ORIENTED_EDGE('',*,*,#1223,.F.);
#1682 = ORIENTED_EDGE('',*,*,#1676,.F.);
#1683 = ORIENTED_EDGE('',*,*,#1318,.T.);
#1684 = CYLINDRICAL_SURFACE('',#1685,3.);
#1685 = AXIS2_PLACEMENT_3D('',#1686,#1687,#1688);
#1686 = CARTESIAN_POINT('',(212.13203435596,127.27922061357,273.));
#1687 = DIRECTION('',(-0.707106781187,0.707106781187,0.));
#1688 = DIRECTION('',(0.,0.,1.));
#1689 = ADVANCED_FACE('',(#1690),#1706,.T.);
#1690 = FACE_BOUND('',#1691,.T.);
#1691 = EDGE_LOOP('',(#1692,#1698,#1699,#1705));
#1692 = ORIENTED_EDGE('',*,*,#1693,.F.);
#1693 = EDGE_CURVE('',#1535,#1610,#1694,.T.);
#1694 = LINE('',#1695,#1696);
#1695 = CARTESIAN_POINT('',(205.06096654409,120.20815280171,530.));
#1696 = VECTOR('',#1697,1.);
#1697 = DIRECTION('',(-0.707106781187,0.707106781187,0.));
#1698 = ORIENTED_EDGE('',*,*,#1534,.T.);
#1699 = ORIENTED_EDGE('',*,*,#1700,.T.);
#1700 = EDGE_CURVE('',#1526,#1612,#1701,.T.);
#1701 = LINE('',#1702,#1703);
#1702 = CARTESIAN_POINT('',(219.20310216783,134.35028842544,530.));
#1703 = VECTOR('',#1704,1.);
#1704 = DIRECTION('',(-0.707106781187,0.707106781187,0.));
#1705 = ORIENTED_EDGE('',*,*,#1609,.F.);
#1706 = PLANE('',#1707);
#1707 = AXIS2_PLACEMENT_3D('',#1708,#1709,#1710);
#1708 = CARTESIAN_POINT('',(205.06096654409,120.20815280171,530.));
#1709 = DIRECTION('',(0.,0.,1.));
#1710 = DIRECTION('',(0.707106781187,0.707106781187,0.));
#1711 = ADVANCED_FACE('',(#1712),#1724,.T.);
#1712 = FACE_BOUND('',#1713,.T.);
#1713 = EDGE_LOOP('',(#1714,#1715,#1716,#1717,#1718,#1719,#1720,#1721,
    #1722,#1723));
#1714 = ORIENTED_EDGE('',*,*,#1462,.T.);
#1715 = ORIENTED_EDGE('',*,*,#1542,.F.);
#1716 = ORIENTED_EDGE('',*,*,#1693,.T.);
#1717 = ORIENTED_EDGE('',*,*,#1627,.F.);
#1718 = ORIENTED_EDGE('',*,*,#1177,.F.);
#1719 = ORIENTED_EDGE('',*,*,#1240,.F.);
#1720 = ORIENTED_EDGE('',*,*,#1272,.T.);
#1721 = ORIENTED_EDGE('',*,*,#1336,.T.);
#1722 = ORIENTED_EDGE('',*,*,#1376,.F.);
#1723 = ORIENTED_EDGE('',*,*,#1430,.F.);
#1724 = PLANE('',#1725);
#1725 = AXIS2_PLACEMENT_3D('',#1726,#1727,#1728);
#1726 = CARTESIAN_POINT('',(162.6345596729,162.6345596729,
    233.91846142422));
#1727 = DIRECTION('',(-0.707106781187,-0.707106781187,-0.));
#1728 = DIRECTION('',(-0.707106781187,0.707106781187,0.));
#1729 = ADVANCED_FACE('',(#1730),#1742,.T.);
#1730 = FACE_BOUND('',#1731,.T.);
#1731 = EDGE_LOOP('',(#1732,#1733,#1734,#1735,#1736,#1737,#1738,#1739,
    #1740,#1741));
#1732 = ORIENTED_EDGE('',*,*,#1478,.F.);
#1733 = ORIENTED_EDGE('',*,*,#1446,.T.);
#1734 = ORIENTED_EDGE('',*,*,#1383,.T.);
#1735 = ORIENTED_EDGE('',*,*,#1352,.F.);
#1736 = ORIENTED_EDGE('',*,*,#1288,.F.);
#1737 = ORIENTED_EDGE('',*,*,#1256,.T.);
#1738 = ORIENTED_EDGE('',*,*,#1193,.T.);
#1739 = ORIENTED_EDGE('',*,*,#1619,.T.);
#1740 = ORIENTED_EDGE('',*,*,#1700,.F.);
#1741 = ORIENTED_EDGE('',*,*,#1525,.T.);
#1742 = PLANE('',#1743);
#1743 = AXIS2_PLACEMENT_3D('',#1744,#1745,#1746);
#1744 = CARTESIAN_POINT('',(176.77669529663,176.77669529663,
    233.91846142422));
#1745 = DIRECTION('',(0.707106781187,0.707106781187,0.));
#1746 = DIRECTION('',(0.707106781187,-0.707106781187,0.));
#1747 = ( GEOMETRIC_REPRESENTATION_CONTEXT(3) 
GLOBAL_UNCERTAINTY_ASSIGNED_CONTEXT((#1751)) 
GLOBAL_UNIT_ASSIGNED_CONTEXT((#1748,#1749,#1750)) REPRESENTATION_CONTEXT
('Context #1','3D Context with UNIT and UNCERTAINTY') );
#1748 = ( LENGTH_UNIT() NAMED_UNIT(*) SI_UNIT(.MILLI.,.METRE.) );
#1749 = ( NAMED_UNIT(*) PLANE_ANGLE_UNIT() SI_UNIT($,.RADIAN.) );
#1750 = ( NAMED_UNIT(*) SI_UNIT($,.STERADIAN.) SOLID_ANGLE_UNIT() );
#1751 = UNCERTAINTY_MEASURE_WITH_UNIT(LENGTH_MEASURE(1.E-07),#1748,
  'distance_accuracy_value','confusion accuracy');
#1752 = CONTEXT_DEPENDENT_SHAPE_REPRESENTATION(#1753,#1755);
#1753 = ( REPRESENTATION_RELATIONSHIP('','',#1160,#10) 
REPRESENTATION_RELATIONSHIP_WITH_TRANSFORMATION(#1754) 
SHAPE_REPRESENTATION_RELATIONSHIP() );
#1754 = ITEM_DEFINED_TRANSFORMATION('','',#11,#39);
#1755 = PRODUCT_DEFINITION_SHAPE('Placement','Placement of an item',
  #1756);
#1756 = NEXT_ASSEMBLY_USAGE_OCCURRENCE('7','P07 Arched blade 45','',#5,
  #1155,$);
#1757 = PRODUCT_RELATED_PRODUCT_CATEGORY('part',$,(#1157));
#1758 = SHAPE_DEFINITION_REPRESENTATION(#1759,#1765);
#1759 = PRODUCT_DEFINITION_SHAPE('','',#1760);
#1760 = PRODUCT_DEFINITION('design','',#1761,#1764);
#1761 = PRODUCT_DEFINITION_FORMATION('','',#1762);
#1762 = PRODUCT('P08 Slot jamb 45 / -1','P08 Slot jamb 45 / -1','',(
    #1763));
#1763 = PRODUCT_CONTEXT('',#2,'mechanical');
#1764 = PRODUCT_DEFINITION_CONTEXT('part definition',#2,'design');
#1765 = ADVANCED_BREP_SHAPE_REPRESENTATION('',(#11,#1766),#2033);
#1766 = MANIFOLD_SOLID_BREP('',#1767);
#1767 = CLOSED_SHELL('',(#1768,#1808,#1872,#1896,#1953,#1970,#1982,#1999
    ,#2016));
#1768 = ADVANCED_FACE('',(#1769),#1803,.F.);
#1769 = FACE_BOUND('',#1770,.F.);
#1770 = EDGE_LOOP('',(#1771,#1781,#1789,#1797));
#1771 = ORIENTED_EDGE('',*,*,#1772,.F.);
#1772 = EDGE_CURVE('',#1773,#1775,#1777,.T.);
#1773 = VERTEX_POINT('',#1774);
#1774 = CARTESIAN_POINT('',(173.94826817189,151.32085117392,18.));
#1775 = VERTEX_POINT('',#1776);
#1776 = CARTESIAN_POINT('',(173.94826817189,151.32085117392,280.));
#1777 = LINE('',#1778,#1779);
#1778 = CARTESIAN_POINT('',(173.94826817189,151.32085117392,18.));
#1779 = VECTOR('',#1780,1.);
#1780 = DIRECTION('',(0.,0.,1.));
#1781 = ORIENTED_EDGE('',*,*,#1782,.T.);
#1782 = EDGE_CURVE('',#1773,#1783,#1785,.T.);
#1783 = VERTEX_POINT('',#1784);
#1784 = CARTESIAN_POINT('',(171.11984104714,154.14927829866,18.));
#1785 = LINE('',#1786,#1787);
#1786 = CARTESIAN_POINT('',(173.94826817189,151.32085117392,18.));
#1787 = VECTOR('',#1788,1.);
#1788 = DIRECTION('',(-0.707106781187,0.707106781187,0.));
#1789 = ORIENTED_EDGE('',*,*,#1790,.T.);
#1790 = EDGE_CURVE('',#1783,#1791,#1793,.T.);
#1791 = VERTEX_POINT('',#1792);
#1792 = CARTESIAN_POINT('',(171.11984104714,154.14927829866,280.));
#1793 = LINE('',#1794,#1795);
#1794 = CARTESIAN_POINT('',(171.11984104714,154.14927829866,18.));
#1795 = VECTOR('',#1796,1.);
#1796 = DIRECTION('',(0.,0.,1.));
#1797 = ORIENTED_EDGE('',*,*,#1798,.F.);
#1798 = EDGE_CURVE('',#1775,#1791,#1799,.T.);
#1799 = LINE('',#1800,#1801);
#1800 = CARTESIAN_POINT('',(173.94826817189,151.32085117392,280.));
#1801 = VECTOR('',#1802,1.);
#1802 = DIRECTION('',(-0.707106781187,0.707106781187,0.));
#1803 = PLANE('',#1804);
#1804 = AXIS2_PLACEMENT_3D('',#1805,#1806,#1807);
#1805 = CARTESIAN_POINT('',(173.94826817189,151.32085117392,18.));
#1806 = DIRECTION('',(0.707106781187,0.707106781187,0.));
#1807 = DIRECTION('',(0.,0.,1.));
#1808 = ADVANCED_FACE('',(#1809,#1834,#1845,#1856),#1867,.F.);
#1809 = FACE_BOUND('',#1810,.F.);
#1810 = EDGE_LOOP('',(#1811,#1819,#1820,#1828));
#1811 = ORIENTED_EDGE('',*,*,#1812,.F.);
#1812 = EDGE_CURVE('',#1773,#1813,#1815,.T.);
#1813 = VERTEX_POINT('',#1814);
#1814 = CARTESIAN_POINT('',(188.09040379562,165.46298679765,18.));
#1815 = LINE('',#1816,#1817);
#1816 = CARTESIAN_POINT('',(173.94826817189,151.32085117392,18.));
#1817 = VECTOR('',#1818,1.);
#1818 = DIRECTION('',(0.707106781187,0.707106781187,0.));
#1819 = ORIENTED_EDGE('',*,*,#1772,.T.);
#1820 = ORIENTED_EDGE('',*,*,#1821,.T.);
#1821 = EDGE_CURVE('',#1775,#1822,#1824,.T.);
#1822 = VERTEX_POINT('',#1823);
#1823 = CARTESIAN_POINT('',(188.09040379562,165.46298679765,280.));
#1824 = LINE('',#1825,#1826);
#1825 = CARTESIAN_POINT('',(173.94826817189,151.32085117392,280.));
#1826 = VECTOR('',#1827,1.);
#1827 = DIRECTION('',(0.707106781187,0.707106781187,0.));
#1828 = ORIENTED_EDGE('',*,*,#1829,.F.);
#1829 = EDGE_CURVE('',#1813,#1822,#1830,.T.);
#1830 = LINE('',#1831,#1832);
#1831 = CARTESIAN_POINT('',(188.09040379562,165.46298679765,18.));
#1832 = VECTOR('',#1833,1.);
#1833 = DIRECTION('',(0.,0.,1.));
#1834 = FACE_BOUND('',#1835,.F.);
#1835 = EDGE_LOOP('',(#1836));
#1836 = ORIENTED_EDGE('',*,*,#1837,.F.);
#1837 = EDGE_CURVE('',#1838,#1838,#1840,.T.);
#1838 = VERTEX_POINT('',#1839);
#1839 = CARTESIAN_POINT('',(181.01933598375,158.39191898578,220.));
#1840 = CIRCLE('',#1841,3.);
#1841 = AXIS2_PLACEMENT_3D('',#1842,#1843,#1844);
#1842 = CARTESIAN_POINT('',(181.01933598375,158.39191898578,217.));
#1843 = DIRECTION('',(-0.707106781187,0.707106781187,0.));
#1844 = DIRECTION('',(0.,0.,1.));
#1845 = FACE_BOUND('',#1846,.F.);
#1846 = EDGE_LOOP('',(#1847));
#1847 = ORIENTED_EDGE('',*,*,#1848,.F.);
#1848 = EDGE_CURVE('',#1849,#1849,#1851,.T.);
#1849 = VERTEX_POINT('',#1850);
#1850 = CARTESIAN_POINT('',(181.01933598375,158.39191898578,248.));
#1851 = CIRCLE('',#1852,3.);
#1852 = AXIS2_PLACEMENT_3D('',#1853,#1854,#1855);
#1853 = CARTESIAN_POINT('',(181.01933598375,158.39191898578,245.));
#1854 = DIRECTION('',(-0.707106781187,0.707106781187,0.));
#1855 = DIRECTION('',(0.,0.,1.));
#1856 = FACE_BOUND('',#1857,.F.);
#1857 = EDGE_LOOP('',(#1858));
#1858 = ORIENTED_EDGE('',*,*,#1859,.F.);
#1859 = EDGE_CURVE('',#1860,#1860,#1862,.T.);
#1860 = VERTEX_POINT('',#1861);
#1861 = CARTESIAN_POINT('',(181.01933598375,158.39191898578,276.));
#1862 = CIRCLE('',#1863,3.);
#1863 = AXIS2_PLACEMENT_3D('',#1864,#1865,#1866);
#1864 = CARTESIAN_POINT('',(181.01933598375,158.39191898578,273.));
#1865 = DIRECTION('',(-0.707106781187,0.707106781187,0.));
#1866 = DIRECTION('',(0.,0.,1.));
#1867 = PLANE('',#1868);
#1868 = AXIS2_PLACEMENT_3D('',#1869,#1870,#1871);
#1869 = CARTESIAN_POINT('',(173.94826817189,151.32085117392,18.));
#1870 = DIRECTION('',(-0.707106781187,0.707106781187,0.));
#1871 = DIRECTION('',(0.,0.,1.));
#1872 = ADVANCED_FACE('',(#1873),#1891,.T.);
#1873 = FACE_BOUND('',#1874,.T.);
#1874 = EDGE_LOOP('',(#1875,#1876,#1877,#1885));
#1875 = ORIENTED_EDGE('',*,*,#1798,.F.);
#1876 = ORIENTED_EDGE('',*,*,#1821,.T.);
#1877 = ORIENTED_EDGE('',*,*,#1878,.T.);
#1878 = EDGE_CURVE('',#1822,#1879,#1881,.T.);
#1879 = VERTEX_POINT('',#1880);
#1880 = CARTESIAN_POINT('',(185.26197667087,168.29141392239,280.));
#1881 = LINE('',#1882,#1883);
#1882 = CARTESIAN_POINT('',(188.09040379562,165.46298679765,280.));
#1883 = VECTOR('',#1884,1.);
#1884 = DIRECTION('',(-0.707106781187,0.707106781187,0.));
#1885 = ORIENTED_EDGE('',*,*,#1886,.F.);
#1886 = EDGE_CURVE('',#1791,#1879,#1887,.T.);
#1887 = LINE('',#1888,#1889);
#1888 = CARTESIAN_POINT('',(171.11984104714,154.14927829866,280.));
#1889 = VECTOR('',#1890,1.);
#1890 = DIRECTION('',(0.707106781187,0.707106781187,0.));
#1891 = PLANE('',#1892);
#1892 = AXIS2_PLACEMENT_3D('',#1893,#1894,#1895);
#1893 = CARTESIAN_POINT('',(173.94826817189,151.32085117392,280.));
#1894 = DIRECTION('',(0.,0.,1.));
#1895 = DIRECTION('',(0.707106781187,0.707106781187,0.));
#1896 = ADVANCED_FACE('',(#1897,#1915,#1926,#1937),#1948,.T.);
#1897 = FACE_BOUND('',#1898,.T.);
#1898 = EDGE_LOOP('',(#1899,#1907,#1908,#1909));
#1899 = ORIENTED_EDGE('',*,*,#1900,.F.);
#1900 = EDGE_CURVE('',#1783,#1901,#1903,.T.);
#1901 = VERTEX_POINT('',#1902);
#1902 = CARTESIAN_POINT('',(185.26197667087,168.29141392239,18.));
#1903 = LINE('',#1904,#1905);
#1904 = CARTESIAN_POINT('',(171.11984104714,154.14927829866,18.));
#1905 = VECTOR('',#1906,1.);
#1906 = DIRECTION('',(0.707106781187,0.707106781187,0.));
#1907 = ORIENTED_EDGE('',*,*,#1790,.T.);
#1908 = ORIENTED_EDGE('',*,*,#1886,.T.);
#1909 = ORIENTED_EDGE('',*,*,#1910,.F.);
#1910 = EDGE_CURVE('',#1901,#1879,#1911,.T.);
#1911 = LINE('',#1912,#1913);
#1912 = CARTESIAN_POINT('',(185.26197667087,168.29141392239,18.));
#1913 = VECTOR('',#1914,1.);
#1914 = DIRECTION('',(0.,0.,1.));
#1915 = FACE_BOUND('',#1916,.T.);
#1916 = EDGE_LOOP('',(#1917));
#1917 = ORIENTED_EDGE('',*,*,#1918,.F.);
#1918 = EDGE_CURVE('',#1919,#1919,#1921,.T.);
#1919 = VERTEX_POINT('',#1920);
#1920 = CARTESIAN_POINT('',(178.19090885901,161.22034611053,220.));
#1921 = CIRCLE('',#1922,3.);
#1922 = AXIS2_PLACEMENT_3D('',#1923,#1924,#1925);
#1923 = CARTESIAN_POINT('',(178.19090885901,161.22034611053,217.));
#1924 = DIRECTION('',(-0.707106781187,0.707106781187,0.));
#1925 = DIRECTION('',(0.,0.,1.));
#1926 = FACE_BOUND('',#1927,.T.);
#1927 = EDGE_LOOP('',(#1928));
#1928 = ORIENTED_EDGE('',*,*,#1929,.F.);
#1929 = EDGE_CURVE('',#1930,#1930,#1932,.T.);
#1930 = VERTEX_POINT('',#1931);
#1931 = CARTESIAN_POINT('',(178.19090885901,161.22034611053,248.));
#1932 = CIRCLE('',#1933,3.);
#1933 = AXIS2_PLACEMENT_3D('',#1934,#1935,#1936);
#1934 = CARTESIAN_POINT('',(178.19090885901,161.22034611053,245.));
#1935 = DIRECTION('',(-0.707106781187,0.707106781187,0.));
#1936 = DIRECTION('',(0.,0.,1.));
#1937 = FACE_BOUND('',#1938,.T.);
#1938 = EDGE_LOOP('',(#1939));
#1939 = ORIENTED_EDGE('',*,*,#1940,.F.);
#1940 = EDGE_CURVE('',#1941,#1941,#1943,.T.);
#1941 = VERTEX_POINT('',#1942);
#1942 = CARTESIAN_POINT('',(178.19090885901,161.22034611053,276.));
#1943 = CIRCLE('',#1944,3.);
#1944 = AXIS2_PLACEMENT_3D('',#1945,#1946,#1947);
#1945 = CARTESIAN_POINT('',(178.19090885901,161.22034611053,273.));
#1946 = DIRECTION('',(-0.707106781187,0.707106781187,0.));
#1947 = DIRECTION('',(0.,0.,1.));
#1948 = PLANE('',#1949);
#1949 = AXIS2_PLACEMENT_3D('',#1950,#1951,#1952);
#1950 = CARTESIAN_POINT('',(171.11984104714,154.14927829866,18.));
#1951 = DIRECTION('',(-0.707106781187,0.707106781187,0.));
#1952 = DIRECTION('',(0.,0.,1.));
#1953 = ADVANCED_FACE('',(#1954),#1965,.F.);
#1954 = FACE_BOUND('',#1955,.F.);
#1955 = EDGE_LOOP('',(#1956,#1957,#1958,#1964));
#1956 = ORIENTED_EDGE('',*,*,#1782,.F.);
#1957 = ORIENTED_EDGE('',*,*,#1812,.T.);
#1958 = ORIENTED_EDGE('',*,*,#1959,.T.);
#1959 = EDGE_CURVE('',#1813,#1901,#1960,.T.);
#1960 = LINE('',#1961,#1962);
#1961 = CARTESIAN_POINT('',(188.09040379562,165.46298679765,18.));
#1962 = VECTOR('',#1963,1.);
#1963 = DIRECTION('',(-0.707106781187,0.707106781187,0.));
#1964 = ORIENTED_EDGE('',*,*,#1900,.F.);
#1965 = PLANE('',#1966);
#1966 = AXIS2_PLACEMENT_3D('',#1967,#1968,#1969);
#1967 = CARTESIAN_POINT('',(173.94826817189,151.32085117392,18.));
#1968 = DIRECTION('',(0.,0.,1.));
#1969 = DIRECTION('',(0.707106781187,0.707106781187,0.));
#1970 = ADVANCED_FACE('',(#1971),#1977,.T.);
#1971 = FACE_BOUND('',#1972,.T.);
#1972 = EDGE_LOOP('',(#1973,#1974,#1975,#1976));
#1973 = ORIENTED_EDGE('',*,*,#1829,.F.);
#1974 = ORIENTED_EDGE('',*,*,#1959,.T.);
#1975 = ORIENTED_EDGE('',*,*,#1910,.T.);
#1976 = ORIENTED_EDGE('',*,*,#1878,.F.);
#1977 = PLANE('',#1978);
#1978 = AXIS2_PLACEMENT_3D('',#1979,#1980,#1981);
#1979 = CARTESIAN_POINT('',(188.09040379562,165.46298679765,18.));
#1980 = DIRECTION('',(0.707106781187,0.707106781187,0.));
#1981 = DIRECTION('',(0.,0.,1.));
#1982 = ADVANCED_FACE('',(#1983),#1994,.F.);
#1983 = FACE_BOUND('',#1984,.F.);
#1984 = EDGE_LOOP('',(#1985,#1986,#1992,#1993));
#1985 = ORIENTED_EDGE('',*,*,#1918,.F.);
#1986 = ORIENTED_EDGE('',*,*,#1987,.F.);
#1987 = EDGE_CURVE('',#1838,#1919,#1988,.T.);
#1988 = LINE('',#1989,#1990);
#1989 = CARTESIAN_POINT('',(212.13203435596,127.27922061357,220.));
#1990 = VECTOR('',#1991,1.);
#1991 = DIRECTION('',(-0.707106781187,0.707106781187,0.));
#1992 = ORIENTED_EDGE('',*,*,#1837,.T.);
#1993 = ORIENTED_EDGE('',*,*,#1987,.T.);
#1994 = CYLINDRICAL_SURFACE('',#1995,3.);
#1995 = AXIS2_PLACEMENT_3D('',#1996,#1997,#1998);
#1996 = CARTESIAN_POINT('',(212.13203435596,127.27922061357,217.));
#1997 = DIRECTION('',(-0.707106781187,0.707106781187,0.));
#1998 = DIRECTION('',(0.,0.,1.));
#1999 = ADVANCED_FACE('',(#2000),#2011,.F.);
#2000 = FACE_BOUND('',#2001,.F.);
#2001 = EDGE_LOOP('',(#2002,#2003,#2009,#2010));
#2002 = ORIENTED_EDGE('',*,*,#1929,.F.);
#2003 = ORIENTED_EDGE('',*,*,#2004,.F.);
#2004 = EDGE_CURVE('',#1849,#1930,#2005,.T.);
#2005 = LINE('',#2006,#2007);
#2006 = CARTESIAN_POINT('',(212.13203435596,127.27922061357,248.));
#2007 = VECTOR('',#2008,1.);
#2008 = DIRECTION('',(-0.707106781187,0.707106781187,0.));
#2009 = ORIENTED_EDGE('',*,*,#1848,.T.);
#2010 = ORIENTED_EDGE('',*,*,#2004,.T.);
#2011 = CYLINDRICAL_SURFACE('',#2012,3.);
#2012 = AXIS2_PLACEMENT_3D('',#2013,#2014,#2015);
#2013 = CARTESIAN_POINT('',(212.13203435596,127.27922061357,245.));
#2014 = DIRECTION('',(-0.707106781187,0.707106781187,0.));
#2015 = DIRECTION('',(0.,0.,1.));
#2016 = ADVANCED_FACE('',(#2017),#2028,.F.);
#2017 = FACE_BOUND('',#2018,.F.);
#2018 = EDGE_LOOP('',(#2019,#2020,#2026,#2027));
#2019 = ORIENTED_EDGE('',*,*,#1940,.F.);
#2020 = ORIENTED_EDGE('',*,*,#2021,.F.);
#2021 = EDGE_CURVE('',#1860,#1941,#2022,.T.);
#2022 = LINE('',#2023,#2024);
#2023 = CARTESIAN_POINT('',(212.13203435596,127.27922061357,276.));
#2024 = VECTOR('',#2025,1.);
#2025 = DIRECTION('',(-0.707106781187,0.707106781187,0.));
#2026 = ORIENTED_EDGE('',*,*,#1859,.T.);
#2027 = ORIENTED_EDGE('',*,*,#2021,.T.);
#2028 = CYLINDRICAL_SURFACE('',#2029,3.);
#2029 = AXIS2_PLACEMENT_3D('',#2030,#2031,#2032);
#2030 = CARTESIAN_POINT('',(212.13203435596,127.27922061357,273.));
#2031 = DIRECTION('',(-0.707106781187,0.707106781187,0.));
#2032 = DIRECTION('',(0.,0.,1.));
#2033 = ( GEOMETRIC_REPRESENTATION_CONTEXT(3) 
GLOBAL_UNCERTAINTY_ASSIGNED_CONTEXT((#2037)) 
GLOBAL_UNIT_ASSIGNED_CONTEXT((#2034,#2035,#2036)) REPRESENTATION_CONTEXT
('Context #1','3D Context with UNIT and UNCERTAINTY') );
#2034 = ( LENGTH_UNIT() NAMED_UNIT(*) SI_UNIT(.MILLI.,.METRE.) );
#2035 = ( NAMED_UNIT(*) PLANE_ANGLE_UNIT() SI_UNIT($,.RADIAN.) );
#2036 = ( NAMED_UNIT(*) SI_UNIT($,.STERADIAN.) SOLID_ANGLE_UNIT() );
#2037 = UNCERTAINTY_MEASURE_WITH_UNIT(LENGTH_MEASURE(1.E-07),#2034,
  'distance_accuracy_value','confusion accuracy');
#2038 = CONTEXT_DEPENDENT_SHAPE_REPRESENTATION(#2039,#2041);
#2039 = ( REPRESENTATION_RELATIONSHIP('','',#1765,#10) 
REPRESENTATION_RELATIONSHIP_WITH_TRANSFORMATION(#2040) 
SHAPE_REPRESENTATION_RELATIONSHIP() );
#2040 = ITEM_DEFINED_TRANSFORMATION('','',#11,#43);
#2041 = PRODUCT_DEFINITION_SHAPE('Placement','Placement of an item',
  #2042);
#2042 = NEXT_ASSEMBLY_USAGE_OCCURRENCE('8','P08 Slot jamb 45 / -1','',#5
  ,#1760,$);
#2043 = PRODUCT_RELATED_PRODUCT_CATEGORY('part',$,(#1762));
#2044 = SHAPE_DEFINITION_REPRESENTATION(#2045,#2051);
#2045 = PRODUCT_DEFINITION_SHAPE('','',#2046);
#2046 = PRODUCT_DEFINITION('design','',#2047,#2050);
#2047 = PRODUCT_DEFINITION_FORMATION('','',#2048);
#2048 = PRODUCT('P09 Slot jamb 45 / 1','P09 Slot jamb 45 / 1','',(#2049)
  );
#2049 = PRODUCT_CONTEXT('',#2,'mechanical');
#2050 = PRODUCT_DEFINITION_CONTEXT('part definition',#2,'design');
#2051 = ADVANCED_BREP_SHAPE_REPRESENTATION('',(#11,#2052),#2319);
#2052 = MANIFOLD_SOLID_BREP('',#2053);
#2053 = CLOSED_SHELL('',(#2054,#2094,#2158,#2182,#2239,#2256,#2268,#2285
    ,#2302));
#2054 = ADVANCED_FACE('',(#2055),#2089,.F.);
#2055 = FACE_BOUND('',#2056,.F.);
#2056 = EDGE_LOOP('',(#2057,#2067,#2075,#2083));
#2057 = ORIENTED_EDGE('',*,*,#2058,.F.);
#2058 = EDGE_CURVE('',#2059,#2061,#2063,.T.);
#2059 = VERTEX_POINT('',#2060);
#2060 = CARTESIAN_POINT('',(154.14927829866,171.11984104714,18.));
#2061 = VERTEX_POINT('',#2062);
#2062 = CARTESIAN_POINT('',(154.14927829866,171.11984104714,280.));
#2063 = LINE('',#2064,#2065);
#2064 = CARTESIAN_POINT('',(154.14927829866,171.11984104714,18.));
#2065 = VECTOR('',#2066,1.);
#2066 = DIRECTION('',(0.,0.,1.));
#2067 = ORIENTED_EDGE('',*,*,#2068,.T.);
#2068 = EDGE_CURVE('',#2059,#2069,#2071,.T.);
#2069 = VERTEX_POINT('',#2070);
#2070 = CARTESIAN_POINT('',(151.32085117392,173.94826817189,18.));
#2071 = LINE('',#2072,#2073);
#2072 = CARTESIAN_POINT('',(154.14927829866,171.11984104714,18.));
#2073 = VECTOR('',#2074,1.);
#2074 = DIRECTION('',(-0.707106781187,0.707106781187,0.));
#2075 = ORIENTED_EDGE('',*,*,#2076,.T.);
#2076 = EDGE_CURVE('',#2069,#2077,#2079,.T.);
#2077 = VERTEX_POINT('',#2078);
#2078 = CARTESIAN_POINT('',(151.32085117392,173.94826817189,280.));
#2079 = LINE('',#2080,#2081);
#2080 = CARTESIAN_POINT('',(151.32085117392,173.94826817189,18.));
#2081 = VECTOR('',#2082,1.);
#2082 = DIRECTION('',(0.,0.,1.));
#2083 = ORIENTED_EDGE('',*,*,#2084,.F.);
#2084 = EDGE_CURVE('',#2061,#2077,#2085,.T.);
#2085 = LINE('',#2086,#2087);
#2086 = CARTESIAN_POINT('',(154.14927829866,171.11984104714,280.));
#2087 = VECTOR('',#2088,1.);
#2088 = DIRECTION('',(-0.707106781187,0.707106781187,0.));
#2089 = PLANE('',#2090);
#2090 = AXIS2_PLACEMENT_3D('',#2091,#2092,#2093);
#2091 = CARTESIAN_POINT('',(154.14927829866,171.11984104714,18.));
#2092 = DIRECTION('',(0.707106781187,0.707106781187,0.));
#2093 = DIRECTION('',(0.,0.,1.));
#2094 = ADVANCED_FACE('',(#2095,#2120,#2131,#2142),#2153,.F.);
#2095 = FACE_BOUND('',#2096,.F.);
#2096 = EDGE_LOOP('',(#2097,#2105,#2106,#2114));
#2097 = ORIENTED_EDGE('',*,*,#2098,.F.);
#2098 = EDGE_CURVE('',#2059,#2099,#2101,.T.);
#2099 = VERTEX_POINT('',#2100);
#2100 = CARTESIAN_POINT('',(168.29141392239,185.26197667087,18.));
#2101 = LINE('',#2102,#2103);
#2102 = CARTESIAN_POINT('',(154.14927829866,171.11984104714,18.));
#2103 = VECTOR('',#2104,1.);
#2104 = DIRECTION('',(0.707106781187,0.707106781187,0.));
#2105 = ORIENTED_EDGE('',*,*,#2058,.T.);
#2106 = ORIENTED_EDGE('',*,*,#2107,.T.);
#2107 = EDGE_CURVE('',#2061,#2108,#2110,.T.);
#2108 = VERTEX_POINT('',#2109);
#2109 = CARTESIAN_POINT('',(168.29141392239,185.26197667087,280.));
#2110 = LINE('',#2111,#2112);
#2111 = CARTESIAN_POINT('',(154.14927829866,171.11984104714,280.));
#2112 = VECTOR('',#2113,1.);
#2113 = DIRECTION('',(0.707106781187,0.707106781187,0.));
#2114 = ORIENTED_EDGE('',*,*,#2115,.F.);
#2115 = EDGE_CURVE('',#2099,#2108,#2116,.T.);
#2116 = LINE('',#2117,#2118);
#2117 = CARTESIAN_POINT('',(168.29141392239,185.26197667087,18.));
#2118 = VECTOR('',#2119,1.);
#2119 = DIRECTION('',(0.,0.,1.));
#2120 = FACE_BOUND('',#2121,.F.);
#2121 = EDGE_LOOP('',(#2122));
#2122 = ORIENTED_EDGE('',*,*,#2123,.F.);
#2123 = EDGE_CURVE('',#2124,#2124,#2126,.T.);
#2124 = VERTEX_POINT('',#2125);
#2125 = CARTESIAN_POINT('',(161.22034611053,178.19090885901,220.));
#2126 = CIRCLE('',#2127,3.);
#2127 = AXIS2_PLACEMENT_3D('',#2128,#2129,#2130);
#2128 = CARTESIAN_POINT('',(161.22034611053,178.19090885901,217.));
#2129 = DIRECTION('',(-0.707106781187,0.707106781187,0.));
#2130 = DIRECTION('',(0.,0.,1.));
#2131 = FACE_BOUND('',#2132,.F.);
#2132 = EDGE_LOOP('',(#2133));
#2133 = ORIENTED_EDGE('',*,*,#2134,.F.);
#2134 = EDGE_CURVE('',#2135,#2135,#2137,.T.);
#2135 = VERTEX_POINT('',#2136);
#2136 = CARTESIAN_POINT('',(161.22034611053,178.19090885901,248.));
#2137 = CIRCLE('',#2138,3.);
#2138 = AXIS2_PLACEMENT_3D('',#2139,#2140,#2141);
#2139 = CARTESIAN_POINT('',(161.22034611053,178.19090885901,245.));
#2140 = DIRECTION('',(-0.707106781187,0.707106781187,0.));
#2141 = DIRECTION('',(0.,0.,1.));
#2142 = FACE_BOUND('',#2143,.F.);
#2143 = EDGE_LOOP('',(#2144));
#2144 = ORIENTED_EDGE('',*,*,#2145,.F.);
#2145 = EDGE_CURVE('',#2146,#2146,#2148,.T.);
#2146 = VERTEX_POINT('',#2147);
#2147 = CARTESIAN_POINT('',(161.22034611053,178.19090885901,276.));
#2148 = CIRCLE('',#2149,3.);
#2149 = AXIS2_PLACEMENT_3D('',#2150,#2151,#2152);
#2150 = CARTESIAN_POINT('',(161.22034611053,178.19090885901,273.));
#2151 = DIRECTION('',(-0.707106781187,0.707106781187,0.));
#2152 = DIRECTION('',(0.,0.,1.));
#2153 = PLANE('',#2154);
#2154 = AXIS2_PLACEMENT_3D('',#2155,#2156,#2157);
#2155 = CARTESIAN_POINT('',(154.14927829866,171.11984104714,18.));
#2156 = DIRECTION('',(-0.707106781187,0.707106781187,0.));
#2157 = DIRECTION('',(0.,0.,1.));
#2158 = ADVANCED_FACE('',(#2159),#2177,.T.);
#2159 = FACE_BOUND('',#2160,.T.);
#2160 = EDGE_LOOP('',(#2161,#2162,#2163,#2171));
#2161 = ORIENTED_EDGE('',*,*,#2084,.F.);
#2162 = ORIENTED_EDGE('',*,*,#2107,.T.);
#2163 = ORIENTED_EDGE('',*,*,#2164,.T.);
#2164 = EDGE_CURVE('',#2108,#2165,#2167,.T.);
#2165 = VERTEX_POINT('',#2166);
#2166 = CARTESIAN_POINT('',(165.46298679765,188.09040379562,280.));
#2167 = LINE('',#2168,#2169);
#2168 = CARTESIAN_POINT('',(168.29141392239,185.26197667087,280.));
#2169 = VECTOR('',#2170,1.);
#2170 = DIRECTION('',(-0.707106781187,0.707106781187,0.));
#2171 = ORIENTED_EDGE('',*,*,#2172,.F.);
#2172 = EDGE_CURVE('',#2077,#2165,#2173,.T.);
#2173 = LINE('',#2174,#2175);
#2174 = CARTESIAN_POINT('',(151.32085117392,173.94826817189,280.));
#2175 = VECTOR('',#2176,1.);
#2176 = DIRECTION('',(0.707106781187,0.707106781187,0.));
#2177 = PLANE('',#2178);
#2178 = AXIS2_PLACEMENT_3D('',#2179,#2180,#2181);
#2179 = CARTESIAN_POINT('',(154.14927829866,171.11984104714,280.));
#2180 = DIRECTION('',(0.,0.,1.));
#2181 = DIRECTION('',(0.707106781187,0.707106781187,0.));
#2182 = ADVANCED_FACE('',(#2183,#2201,#2212,#2223),#2234,.T.);
#2183 = FACE_BOUND('',#2184,.T.);
#2184 = EDGE_LOOP('',(#2185,#2193,#2194,#2195));
#2185 = ORIENTED_EDGE('',*,*,#2186,.F.);
#2186 = EDGE_CURVE('',#2069,#2187,#2189,.T.);
#2187 = VERTEX_POINT('',#2188);
#2188 = CARTESIAN_POINT('',(165.46298679765,188.09040379562,18.));
#2189 = LINE('',#2190,#2191);
#2190 = CARTESIAN_POINT('',(151.32085117392,173.94826817189,18.));
#2191 = VECTOR('',#2192,1.);
#2192 = DIRECTION('',(0.707106781187,0.707106781187,0.));
#2193 = ORIENTED_EDGE('',*,*,#2076,.T.);
#2194 = ORIENTED_EDGE('',*,*,#2172,.T.);
#2195 = ORIENTED_EDGE('',*,*,#2196,.F.);
#2196 = EDGE_CURVE('',#2187,#2165,#2197,.T.);
#2197 = LINE('',#2198,#2199);
#2198 = CARTESIAN_POINT('',(165.46298679765,188.09040379562,18.));
#2199 = VECTOR('',#2200,1.);
#2200 = DIRECTION('',(0.,0.,1.));
#2201 = FACE_BOUND('',#2202,.T.);
#2202 = EDGE_LOOP('',(#2203));
#2203 = ORIENTED_EDGE('',*,*,#2204,.F.);
#2204 = EDGE_CURVE('',#2205,#2205,#2207,.T.);
#2205 = VERTEX_POINT('',#2206);
#2206 = CARTESIAN_POINT('',(158.39191898578,181.01933598375,220.));
#2207 = CIRCLE('',#2208,3.);
#2208 = AXIS2_PLACEMENT_3D('',#2209,#2210,#2211);
#2209 = CARTESIAN_POINT('',(158.39191898578,181.01933598375,217.));
#2210 = DIRECTION('',(-0.707106781187,0.707106781187,0.));
#2211 = DIRECTION('',(0.,0.,1.));
#2212 = FACE_BOUND('',#2213,.T.);
#2213 = EDGE_LOOP('',(#2214));
#2214 = ORIENTED_EDGE('',*,*,#2215,.F.);
#2215 = EDGE_CURVE('',#2216,#2216,#2218,.T.);
#2216 = VERTEX_POINT('',#2217);
#2217 = CARTESIAN_POINT('',(158.39191898578,181.01933598375,248.));
#2218 = CIRCLE('',#2219,3.);
#2219 = AXIS2_PLACEMENT_3D('',#2220,#2221,#2222);
#2220 = CARTESIAN_POINT('',(158.39191898578,181.01933598375,245.));
#2221 = DIRECTION('',(-0.707106781187,0.707106781187,0.));
#2222 = DIRECTION('',(0.,0.,1.));
#2223 = FACE_BOUND('',#2224,.T.);
#2224 = EDGE_LOOP('',(#2225));
#2225 = ORIENTED_EDGE('',*,*,#2226,.F.);
#2226 = EDGE_CURVE('',#2227,#2227,#2229,.T.);
#2227 = VERTEX_POINT('',#2228);
#2228 = CARTESIAN_POINT('',(158.39191898578,181.01933598375,276.));
#2229 = CIRCLE('',#2230,3.);
#2230 = AXIS2_PLACEMENT_3D('',#2231,#2232,#2233);
#2231 = CARTESIAN_POINT('',(158.39191898578,181.01933598375,273.));
#2232 = DIRECTION('',(-0.707106781187,0.707106781187,0.));
#2233 = DIRECTION('',(0.,0.,1.));
#2234 = PLANE('',#2235);
#2235 = AXIS2_PLACEMENT_3D('',#2236,#2237,#2238);
#2236 = CARTESIAN_POINT('',(151.32085117392,173.94826817189,18.));
#2237 = DIRECTION('',(-0.707106781187,0.707106781187,0.));
#2238 = DIRECTION('',(0.,0.,1.));
#2239 = ADVANCED_FACE('',(#2240),#2251,.F.);
#2240 = FACE_BOUND('',#2241,.F.);
#2241 = EDGE_LOOP('',(#2242,#2243,#2244,#2250));
#2242 = ORIENTED_EDGE('',*,*,#2068,.F.);
#2243 = ORIENTED_EDGE('',*,*,#2098,.T.);
#2244 = ORIENTED_EDGE('',*,*,#2245,.T.);
#2245 = EDGE_CURVE('',#2099,#2187,#2246,.T.);
#2246 = LINE('',#2247,#2248);
#2247 = CARTESIAN_POINT('',(168.29141392239,185.26197667087,18.));
#2248 = VECTOR('',#2249,1.);
#2249 = DIRECTION('',(-0.707106781187,0.707106781187,0.));
#2250 = ORIENTED_EDGE('',*,*,#2186,.F.);
#2251 = PLANE('',#2252);
#2252 = AXIS2_PLACEMENT_3D('',#2253,#2254,#2255);
#2253 = CARTESIAN_POINT('',(154.14927829866,171.11984104714,18.));
#2254 = DIRECTION('',(0.,0.,1.));
#2255 = DIRECTION('',(0.707106781187,0.707106781187,0.));
#2256 = ADVANCED_FACE('',(#2257),#2263,.T.);
#2257 = FACE_BOUND('',#2258,.T.);
#2258 = EDGE_LOOP('',(#2259,#2260,#2261,#2262));
#2259 = ORIENTED_EDGE('',*,*,#2115,.F.);
#2260 = ORIENTED_EDGE('',*,*,#2245,.T.);
#2261 = ORIENTED_EDGE('',*,*,#2196,.T.);
#2262 = ORIENTED_EDGE('',*,*,#2164,.F.);
#2263 = PLANE('',#2264);
#2264 = AXIS2_PLACEMENT_3D('',#2265,#2266,#2267);
#2265 = CARTESIAN_POINT('',(168.29141392239,185.26197667087,18.));
#2266 = DIRECTION('',(0.707106781187,0.707106781187,0.));
#2267 = DIRECTION('',(0.,0.,1.));
#2268 = ADVANCED_FACE('',(#2269),#2280,.F.);
#2269 = FACE_BOUND('',#2270,.F.);
#2270 = EDGE_LOOP('',(#2271,#2272,#2278,#2279));
#2271 = ORIENTED_EDGE('',*,*,#2204,.F.);
#2272 = ORIENTED_EDGE('',*,*,#2273,.F.);
#2273 = EDGE_CURVE('',#2124,#2205,#2274,.T.);
#2274 = LINE('',#2275,#2276);
#2275 = CARTESIAN_POINT('',(212.13203435596,127.27922061357,220.));
#2276 = VECTOR('',#2277,1.);
#2277 = DIRECTION('',(-0.707106781187,0.707106781187,0.));
#2278 = ORIENTED_EDGE('',*,*,#2123,.T.);
#2279 = ORIENTED_EDGE('',*,*,#2273,.T.);
#2280 = CYLINDRICAL_SURFACE('',#2281,3.);
#2281 = AXIS2_PLACEMENT_3D('',#2282,#2283,#2284);
#2282 = CARTESIAN_POINT('',(212.13203435596,127.27922061357,217.));
#2283 = DIRECTION('',(-0.707106781187,0.707106781187,0.));
#2284 = DIRECTION('',(0.,0.,1.));
#2285 = ADVANCED_FACE('',(#2286),#2297,.F.);
#2286 = FACE_BOUND('',#2287,.F.);
#2287 = EDGE_LOOP('',(#2288,#2289,#2295,#2296));
#2288 = ORIENTED_EDGE('',*,*,#2215,.F.);
#2289 = ORIENTED_EDGE('',*,*,#2290,.F.);
#2290 = EDGE_CURVE('',#2135,#2216,#2291,.T.);
#2291 = LINE('',#2292,#2293);
#2292 = CARTESIAN_POINT('',(212.13203435596,127.27922061357,248.));
#2293 = VECTOR('',#2294,1.);
#2294 = DIRECTION('',(-0.707106781187,0.707106781187,0.));
#2295 = ORIENTED_EDGE('',*,*,#2134,.T.);
#2296 = ORIENTED_EDGE('',*,*,#2290,.T.);
#2297 = CYLINDRICAL_SURFACE('',#2298,3.);
#2298 = AXIS2_PLACEMENT_3D('',#2299,#2300,#2301);
#2299 = CARTESIAN_POINT('',(212.13203435596,127.27922061357,245.));
#2300 = DIRECTION('',(-0.707106781187,0.707106781187,0.));
#2301 = DIRECTION('',(0.,0.,1.));
#2302 = ADVANCED_FACE('',(#2303),#2314,.F.);
#2303 = FACE_BOUND('',#2304,.F.);
#2304 = EDGE_LOOP('',(#2305,#2306,#2312,#2313));
#2305 = ORIENTED_EDGE('',*,*,#2226,.F.);
#2306 = ORIENTED_EDGE('',*,*,#2307,.F.);
#2307 = EDGE_CURVE('',#2146,#2227,#2308,.T.);
#2308 = LINE('',#2309,#2310);
#2309 = CARTESIAN_POINT('',(212.13203435596,127.27922061357,276.));
#2310 = VECTOR('',#2311,1.);
#2311 = DIRECTION('',(-0.707106781187,0.707106781187,0.));
#2312 = ORIENTED_EDGE('',*,*,#2145,.T.);
#2313 = ORIENTED_EDGE('',*,*,#2307,.T.);
#2314 = CYLINDRICAL_SURFACE('',#2315,3.);
#2315 = AXIS2_PLACEMENT_3D('',#2316,#2317,#2318);
#2316 = CARTESIAN_POINT('',(212.13203435596,127.27922061357,273.));
#2317 = DIRECTION('',(-0.707106781187,0.707106781187,0.));
#2318 = DIRECTION('',(0.,0.,1.));
#2319 = ( GEOMETRIC_REPRESENTATION_CONTEXT(3) 
GLOBAL_UNCERTAINTY_ASSIGNED_CONTEXT((#2323)) 
GLOBAL_UNIT_ASSIGNED_CONTEXT((#2320,#2321,#2322)) REPRESENTATION_CONTEXT
('Context #1','3D Context with UNIT and UNCERTAINTY') );
#2320 = ( LENGTH_UNIT() NAMED_UNIT(*) SI_UNIT(.MILLI.,.METRE.) );
#2321 = ( NAMED_UNIT(*) PLANE_ANGLE_UNIT() SI_UNIT($,.RADIAN.) );
#2322 = ( NAMED_UNIT(*) SI_UNIT($,.STERADIAN.) SOLID_ANGLE_UNIT() );
#2323 = UNCERTAINTY_MEASURE_WITH_UNIT(LENGTH_MEASURE(1.E-07),#2320,
  'distance_accuracy_value','confusion accuracy');
#2324 = CONTEXT_DEPENDENT_SHAPE_REPRESENTATION(#2325,#2327);
#2325 = ( REPRESENTATION_RELATIONSHIP('','',#2051,#10) 
REPRESENTATION_RELATIONSHIP_WITH_TRANSFORMATION(#2326) 
SHAPE_REPRESENTATION_RELATIONSHIP() );
#2326 = ITEM_DEFINED_TRANSFORMATION('','',#11,#47);
#2327 = PRODUCT_DEFINITION_SHAPE('Placement','Placement of an item',
  #2328);
#2328 = NEXT_ASSEMBLY_USAGE_OCCURRENCE('9','P09 Slot jamb 45 / 1','',#5,
  #2046,$);
#2329 = PRODUCT_RELATED_PRODUCT_CATEGORY('part',$,(#2048));
#2330 = SHAPE_DEFINITION_REPRESENTATION(#2331,#2337);
#2331 = PRODUCT_DEFINITION_SHAPE('','',#2332);
#2332 = PRODUCT_DEFINITION('design','',#2333,#2336);
#2333 = PRODUCT_DEFINITION_FORMATION('','',#2334);
#2334 = PRODUCT('P10 Slot lintel 45','P10 Slot lintel 45','',(#2335));
#2335 = PRODUCT_CONTEXT('',#2,'mechanical');
#2336 = PRODUCT_DEFINITION_CONTEXT('part definition',#2,'design');
#2337 = ADVANCED_BREP_SHAPE_REPRESENTATION('',(#11,#2338),#2488);
#2338 = MANIFOLD_SOLID_BREP('',#2339);
#2339 = CLOSED_SHELL('',(#2340,#2380,#2420,#2442,#2464,#2476));
#2340 = ADVANCED_FACE('',(#2341),#2375,.F.);
#2341 = FACE_BOUND('',#2342,.F.);
#2342 = EDGE_LOOP('',(#2343,#2353,#2361,#2369));
#2343 = ORIENTED_EDGE('',*,*,#2344,.F.);
#2344 = EDGE_CURVE('',#2345,#2347,#2349,.T.);
#2345 = VERTEX_POINT('',#2346);
#2346 = CARTESIAN_POINT('',(173.94826817189,151.32085117392,280.));
#2347 = VERTEX_POINT('',#2348);
#2348 = CARTESIAN_POINT('',(173.94826817189,151.32085117392,284.));
#2349 = LINE('',#2350,#2351);
#2350 = CARTESIAN_POINT('',(173.94826817189,151.32085117392,280.));
#2351 = VECTOR('',#2352,1.);
#2352 = DIRECTION('',(0.,0.,1.));
#2353 = ORIENTED_EDGE('',*,*,#2354,.T.);
#2354 = EDGE_CURVE('',#2345,#2355,#2357,.T.);
#2355 = VERTEX_POINT('',#2356);
#2356 = CARTESIAN_POINT('',(151.32085117392,173.94826817189,280.));
#2357 = LINE('',#2358,#2359);
#2358 = CARTESIAN_POINT('',(173.94826817189,151.32085117392,280.));
#2359 = VECTOR('',#2360,1.);
#2360 = DIRECTION('',(-0.707106781187,0.707106781187,0.));
#2361 = ORIENTED_EDGE('',*,*,#2362,.T.);
#2362 = EDGE_CURVE('',#2355,#2363,#2365,.T.);
#2363 = VERTEX_POINT('',#2364);
#2364 = CARTESIAN_POINT('',(151.32085117392,173.94826817189,284.));
#2365 = LINE('',#2366,#2367);
#2366 = CARTESIAN_POINT('',(151.32085117392,173.94826817189,280.));
#2367 = VECTOR('',#2368,1.);
#2368 = DIRECTION('',(0.,0.,1.));
#2369 = ORIENTED_EDGE('',*,*,#2370,.F.);
#2370 = EDGE_CURVE('',#2347,#2363,#2371,.T.);
#2371 = LINE('',#2372,#2373);
#2372 = CARTESIAN_POINT('',(173.94826817189,151.32085117392,284.));
#2373 = VECTOR('',#2374,1.);
#2374 = DIRECTION('',(-0.707106781187,0.707106781187,0.));
#2375 = PLANE('',#2376);
#2376 = AXIS2_PLACEMENT_3D('',#2377,#2378,#2379);
#2377 = CARTESIAN_POINT('',(173.94826817189,151.32085117392,280.));
#2378 = DIRECTION('',(0.707106781187,0.707106781187,0.));
#2379 = DIRECTION('',(0.,0.,1.));
#2380 = ADVANCED_FACE('',(#2381),#2415,.T.);
#2381 = FACE_BOUND('',#2382,.T.);
#2382 = EDGE_LOOP('',(#2383,#2393,#2401,#2409));
#2383 = ORIENTED_EDGE('',*,*,#2384,.F.);
#2384 = EDGE_CURVE('',#2385,#2387,#2389,.T.);
#2385 = VERTEX_POINT('',#2386);
#2386 = CARTESIAN_POINT('',(188.09040379562,165.46298679765,280.));
#2387 = VERTEX_POINT('',#2388);
#2388 = CARTESIAN_POINT('',(188.09040379562,165.46298679765,284.));
#2389 = LINE('',#2390,#2391);
#2390 = CARTESIAN_POINT('',(188.09040379562,165.46298679765,280.));
#2391 = VECTOR('',#2392,1.);
#2392 = DIRECTION('',(0.,0.,1.));
#2393 = ORIENTED_EDGE('',*,*,#2394,.T.);
#2394 = EDGE_CURVE('',#2385,#2395,#2397,.T.);
#2395 = VERTEX_POINT('',#2396);
#2396 = CARTESIAN_POINT('',(165.46298679765,188.09040379562,280.));
#2397 = LINE('',#2398,#2399);
#2398 = CARTESIAN_POINT('',(188.09040379562,165.46298679765,280.));
#2399 = VECTOR('',#2400,1.);
#2400 = DIRECTION('',(-0.707106781187,0.707106781187,0.));
#2401 = ORIENTED_EDGE('',*,*,#2402,.T.);
#2402 = EDGE_CURVE('',#2395,#2403,#2405,.T.);
#2403 = VERTEX_POINT('',#2404);
#2404 = CARTESIAN_POINT('',(165.46298679765,188.09040379562,284.));
#2405 = LINE('',#2406,#2407);
#2406 = CARTESIAN_POINT('',(165.46298679765,188.09040379562,280.));
#2407 = VECTOR('',#2408,1.);
#2408 = DIRECTION('',(0.,0.,1.));
#2409 = ORIENTED_EDGE('',*,*,#2410,.F.);
#2410 = EDGE_CURVE('',#2387,#2403,#2411,.T.);
#2411 = LINE('',#2412,#2413);
#2412 = CARTESIAN_POINT('',(188.09040379562,165.46298679765,284.));
#2413 = VECTOR('',#2414,1.);
#2414 = DIRECTION('',(-0.707106781187,0.707106781187,0.));
#2415 = PLANE('',#2416);
#2416 = AXIS2_PLACEMENT_3D('',#2417,#2418,#2419);
#2417 = CARTESIAN_POINT('',(188.09040379562,165.46298679765,280.));
#2418 = DIRECTION('',(0.707106781187,0.707106781187,0.));
#2419 = DIRECTION('',(0.,0.,1.));
#2420 = ADVANCED_FACE('',(#2421),#2437,.F.);
#2421 = FACE_BOUND('',#2422,.F.);
#2422 = EDGE_LOOP('',(#2423,#2429,#2430,#2436));
#2423 = ORIENTED_EDGE('',*,*,#2424,.F.);
#2424 = EDGE_CURVE('',#2345,#2385,#2425,.T.);
#2425 = LINE('',#2426,#2427);
#2426 = CARTESIAN_POINT('',(173.94826817189,151.32085117392,280.));
#2427 = VECTOR('',#2428,1.);
#2428 = DIRECTION('',(0.707106781187,0.707106781187,0.));
#2429 = ORIENTED_EDGE('',*,*,#2344,.T.);
#2430 = ORIENTED_EDGE('',*,*,#2431,.T.);
#2431 = EDGE_CURVE('',#2347,#2387,#2432,.T.);
#2432 = LINE('',#2433,#2434);
#2433 = CARTESIAN_POINT('',(173.94826817189,151.32085117392,284.));
#2434 = VECTOR('',#2435,1.);
#2435 = DIRECTION('',(0.707106781187,0.707106781187,0.));
#2436 = ORIENTED_EDGE('',*,*,#2384,.F.);
#2437 = PLANE('',#2438);
#2438 = AXIS2_PLACEMENT_3D('',#2439,#2440,#2441);
#2439 = CARTESIAN_POINT('',(173.94826817189,151.32085117392,280.));
#2440 = DIRECTION('',(-0.707106781187,0.707106781187,0.));
#2441 = DIRECTION('',(0.,0.,1.));
#2442 = ADVANCED_FACE('',(#2443),#2459,.T.);
#2443 = FACE_BOUND('',#2444,.T.);
#2444 = EDGE_LOOP('',(#2445,#2451,#2452,#2458));
#2445 = ORIENTED_EDGE('',*,*,#2446,.F.);
#2446 = EDGE_CURVE('',#2355,#2395,#2447,.T.);
#2447 = LINE('',#2448,#2449);
#2448 = CARTESIAN_POINT('',(151.32085117392,173.94826817189,280.));
#2449 = VECTOR('',#2450,1.);
#2450 = DIRECTION('',(0.707106781187,0.707106781187,0.));
#2451 = ORIENTED_EDGE('',*,*,#2362,.T.);
#2452 = ORIENTED_EDGE('',*,*,#2453,.T.);
#2453 = EDGE_CURVE('',#2363,#2403,#2454,.T.);
#2454 = LINE('',#2455,#2456);
#2455 = CARTESIAN_POINT('',(151.32085117392,173.94826817189,284.));
#2456 = VECTOR('',#2457,1.);
#2457 = DIRECTION('',(0.707106781187,0.707106781187,0.));
#2458 = ORIENTED_EDGE('',*,*,#2402,.F.);
#2459 = PLANE('',#2460);
#2460 = AXIS2_PLACEMENT_3D('',#2461,#2462,#2463);
#2461 = CARTESIAN_POINT('',(151.32085117392,173.94826817189,280.));
#2462 = DIRECTION('',(-0.707106781187,0.707106781187,0.));
#2463 = DIRECTION('',(0.,0.,1.));
#2464 = ADVANCED_FACE('',(#2465),#2471,.F.);
#2465 = FACE_BOUND('',#2466,.F.);
#2466 = EDGE_LOOP('',(#2467,#2468,#2469,#2470));
#2467 = ORIENTED_EDGE('',*,*,#2354,.F.);
#2468 = ORIENTED_EDGE('',*,*,#2424,.T.);
#2469 = ORIENTED_EDGE('',*,*,#2394,.T.);
#2470 = ORIENTED_EDGE('',*,*,#2446,.F.);
#2471 = PLANE('',#2472);
#2472 = AXIS2_PLACEMENT_3D('',#2473,#2474,#2475);
#2473 = CARTESIAN_POINT('',(173.94826817189,151.32085117392,280.));
#2474 = DIRECTION('',(0.,0.,1.));
#2475 = DIRECTION('',(0.707106781187,0.707106781187,0.));
#2476 = ADVANCED_FACE('',(#2477),#2483,.T.);
#2477 = FACE_BOUND('',#2478,.T.);
#2478 = EDGE_LOOP('',(#2479,#2480,#2481,#2482));
#2479 = ORIENTED_EDGE('',*,*,#2370,.F.);
#2480 = ORIENTED_EDGE('',*,*,#2431,.T.);
#2481 = ORIENTED_EDGE('',*,*,#2410,.T.);
#2482 = ORIENTED_EDGE('',*,*,#2453,.F.);
#2483 = PLANE('',#2484);
#2484 = AXIS2_PLACEMENT_3D('',#2485,#2486,#2487);
#2485 = CARTESIAN_POINT('',(173.94826817189,151.32085117392,284.));
#2486 = DIRECTION('',(0.,0.,1.));
#2487 = DIRECTION('',(0.707106781187,0.707106781187,0.));
#2488 = ( GEOMETRIC_REPRESENTATION_CONTEXT(3) 
GLOBAL_UNCERTAINTY_ASSIGNED_CONTEXT((#2492)) 
GLOBAL_UNIT_ASSIGNED_CONTEXT((#2489,#2490,#2491)) REPRESENTATION_CONTEXT
('Context #1','3D Context with UNIT and UNCERTAINTY') );
#2489 = ( LENGTH_UNIT() NAMED_UNIT(*) SI_UNIT(.MILLI.,.METRE.) );
#2490 = ( NAMED_UNIT(*) PLANE_ANGLE_UNIT() SI_UNIT($,.RADIAN.) );
#2491 = ( NAMED_UNIT(*) SI_UNIT($,.STERADIAN.) SOLID_ANGLE_UNIT() );
#2492 = UNCERTAINTY_MEASURE_WITH_UNIT(LENGTH_MEASURE(1.E-07),#2489,
  'distance_accuracy_value','confusion accuracy');
#2493 = CONTEXT_DEPENDENT_SHAPE_REPRESENTATION(#2494,#2496);
#2494 = ( REPRESENTATION_RELATIONSHIP('','',#2337,#10) 
REPRESENTATION_RELATIONSHIP_WITH_TRANSFORMATION(#2495) 
SHAPE_REPRESENTATION_RELATIONSHIP() );
#2495 = ITEM_DEFINED_TRANSFORMATION('','',#11,#51);
#2496 = PRODUCT_DEFINITION_SHAPE('Placement','Placement of an item',
  #2497);
#2497 = NEXT_ASSEMBLY_USAGE_OCCURRENCE('10','P10 Slot lintel 45','',#5,
  #2332,$);
#2498 = PRODUCT_RELATED_PRODUCT_CATEGORY('part',$,(#2334));
#2499 = SHAPE_DEFINITION_REPRESENTATION(#2500,#2506);
#2500 = PRODUCT_DEFINITION_SHAPE('','',#2501);
#2501 = PRODUCT_DEFINITION('design','',#2502,#2505);
#2502 = PRODUCT_DEFINITION_FORMATION('','',#2503);
#2503 = PRODUCT('P11 Foot shoe 45','P11 Foot shoe 45','',(#2504));
#2504 = PRODUCT_CONTEXT('',#2,'mechanical');
#2505 = PRODUCT_DEFINITION_CONTEXT('part definition',#2,'design');
#2506 = ADVANCED_BREP_SHAPE_REPRESENTATION('',(#11,#2507),#2657);
#2507 = MANIFOLD_SOLID_BREP('',#2508);
#2508 = CLOSED_SHELL('',(#2509,#2549,#2589,#2611,#2633,#2645));
#2509 = ADVANCED_FACE('',(#2510),#2544,.F.);
#2510 = FACE_BOUND('',#2511,.F.);
#2511 = EDGE_LOOP('',(#2512,#2522,#2530,#2538));
#2512 = ORIENTED_EDGE('',*,*,#2513,.F.);
#2513 = EDGE_CURVE('',#2514,#2516,#2518,.T.);
#2514 = VERTEX_POINT('',#2515);
#2515 = CARTESIAN_POINT('',(203.64675298172,118.79393923934,0.));
#2516 = VERTEX_POINT('',#2517);
#2517 = CARTESIAN_POINT('',(203.64675298172,118.79393923934,18.));
#2518 = LINE('',#2519,#2520);
#2519 = CARTESIAN_POINT('',(203.64675298172,118.79393923934,0.));
#2520 = VECTOR('',#2521,1.);
#2521 = DIRECTION('',(0.,0.,1.));
#2522 = ORIENTED_EDGE('',*,*,#2523,.T.);
#2523 = EDGE_CURVE('',#2514,#2524,#2526,.T.);
#2524 = VERTEX_POINT('',#2525);
#2525 = CARTESIAN_POINT('',(118.79393923934,203.64675298172,0.));
#2526 = LINE('',#2527,#2528);
#2527 = CARTESIAN_POINT('',(203.64675298172,118.79393923934,0.));
#2528 = VECTOR('',#2529,1.);
#2529 = DIRECTION('',(-0.707106781187,0.707106781187,0.));
#2530 = ORIENTED_EDGE('',*,*,#2531,.T.);
#2531 = EDGE_CURVE('',#2524,#2532,#2534,.T.);
#2532 = VERTEX_POINT('',#2533);
#2533 = CARTESIAN_POINT('',(118.79393923934,203.64675298172,18.));
#2534 = LINE('',#2535,#2536);
#2535 = CARTESIAN_POINT('',(118.79393923934,203.64675298172,0.));
#2536 = VECTOR('',#2537,1.);
#2537 = DIRECTION('',(0.,0.,1.));
#2538 = ORIENTED_EDGE('',*,*,#2539,.F.);
#2539 = EDGE_CURVE('',#2516,#2532,#2540,.T.);
#2540 = LINE('',#2541,#2542);
#2541 = CARTESIAN_POINT('',(203.64675298172,118.79393923934,18.));
#2542 = VECTOR('',#2543,1.);
#2543 = DIRECTION('',(-0.707106781187,0.707106781187,0.));
#2544 = PLANE('',#2545);
#2545 = AXIS2_PLACEMENT_3D('',#2546,#2547,#2548);
#2546 = CARTESIAN_POINT('',(203.64675298172,118.79393923934,0.));
#2547 = DIRECTION('',(0.707106781187,0.707106781187,0.));
#2548 = DIRECTION('',(0.,0.,1.));
#2549 = ADVANCED_FACE('',(#2550),#2584,.T.);
#2550 = FACE_BOUND('',#2551,.T.);
#2551 = EDGE_LOOP('',(#2552,#2562,#2570,#2578));
#2552 = ORIENTED_EDGE('',*,*,#2553,.F.);
#2553 = EDGE_CURVE('',#2554,#2556,#2558,.T.);
#2554 = VERTEX_POINT('',#2555);
#2555 = CARTESIAN_POINT('',(220.6173157302,135.76450198781,0.));
#2556 = VERTEX_POINT('',#2557);
#2557 = CARTESIAN_POINT('',(220.6173157302,135.76450198781,18.));
#2558 = LINE('',#2559,#2560);
#2559 = CARTESIAN_POINT('',(220.6173157302,135.76450198781,0.));
#2560 = VECTOR('',#2561,1.);
#2561 = DIRECTION('',(0.,0.,1.));
#2562 = ORIENTED_EDGE('',*,*,#2563,.T.);
#2563 = EDGE_CURVE('',#2554,#2564,#2566,.T.);
#2564 = VERTEX_POINT('',#2565);
#2565 = CARTESIAN_POINT('',(135.76450198781,220.6173157302,0.));
#2566 = LINE('',#2567,#2568);
#2567 = CARTESIAN_POINT('',(220.6173157302,135.76450198781,0.));
#2568 = VECTOR('',#2569,1.);
#2569 = DIRECTION('',(-0.707106781187,0.707106781187,0.));
#2570 = ORIENTED_EDGE('',*,*,#2571,.T.);
#2571 = EDGE_CURVE('',#2564,#2572,#2574,.T.);
#2572 = VERTEX_POINT('',#2573);
#2573 = CARTESIAN_POINT('',(135.76450198781,220.6173157302,18.));
#2574 = LINE('',#2575,#2576);
#2575 = CARTESIAN_POINT('',(135.76450198781,220.6173157302,0.));
#2576 = VECTOR('',#2577,1.);
#2577 = DIRECTION('',(0.,0.,1.));
#2578 = ORIENTED_EDGE('',*,*,#2579,.F.);
#2579 = EDGE_CURVE('',#2556,#2572,#2580,.T.);
#2580 = LINE('',#2581,#2582);
#2581 = CARTESIAN_POINT('',(220.6173157302,135.76450198781,18.));
#2582 = VECTOR('',#2583,1.);
#2583 = DIRECTION('',(-0.707106781187,0.707106781187,0.));
#2584 = PLANE('',#2585);
#2585 = AXIS2_PLACEMENT_3D('',#2586,#2587,#2588);
#2586 = CARTESIAN_POINT('',(220.6173157302,135.76450198781,0.));
#2587 = DIRECTION('',(0.707106781187,0.707106781187,0.));
#2588 = DIRECTION('',(0.,0.,1.));
#2589 = ADVANCED_FACE('',(#2590),#2606,.F.);
#2590 = FACE_BOUND('',#2591,.F.);
#2591 = EDGE_LOOP('',(#2592,#2598,#2599,#2605));
#2592 = ORIENTED_EDGE('',*,*,#2593,.F.);
#2593 = EDGE_CURVE('',#2514,#2554,#2594,.T.);
#2594 = LINE('',#2595,#2596);
#2595 = CARTESIAN_POINT('',(203.64675298172,118.79393923934,0.));
#2596 = VECTOR('',#2597,1.);
#2597 = DIRECTION('',(0.707106781187,0.707106781187,0.));
#2598 = ORIENTED_EDGE('',*,*,#2513,.T.);
#2599 = ORIENTED_EDGE('',*,*,#2600,.T.);
#2600 = EDGE_CURVE('',#2516,#2556,#2601,.T.);
#2601 = LINE('',#2602,#2603);
#2602 = CARTESIAN_POINT('',(203.64675298172,118.79393923934,18.));
#2603 = VECTOR('',#2604,1.);
#2604 = DIRECTION('',(0.707106781187,0.707106781187,0.));
#2605 = ORIENTED_EDGE('',*,*,#2553,.F.);
#2606 = PLANE('',#2607);
#2607 = AXIS2_PLACEMENT_3D('',#2608,#2609,#2610);
#2608 = CARTESIAN_POINT('',(203.64675298172,118.79393923934,0.));
#2609 = DIRECTION('',(-0.707106781187,0.707106781187,0.));
#2610 = DIRECTION('',(0.,0.,1.));
#2611 = ADVANCED_FACE('',(#2612),#2628,.T.);
#2612 = FACE_BOUND('',#2613,.T.);
#2613 = EDGE_LOOP('',(#2614,#2620,#2621,#2627));
#2614 = ORIENTED_EDGE('',*,*,#2615,.F.);
#2615 = EDGE_CURVE('',#2524,#2564,#2616,.T.);
#2616 = LINE('',#2617,#2618);
#2617 = CARTESIAN_POINT('',(118.79393923934,203.64675298172,0.));
#2618 = VECTOR('',#2619,1.);
#2619 = DIRECTION('',(0.707106781187,0.707106781187,0.));
#2620 = ORIENTED_EDGE('',*,*,#2531,.T.);
#2621 = ORIENTED_EDGE('',*,*,#2622,.T.);
#2622 = EDGE_CURVE('',#2532,#2572,#2623,.T.);
#2623 = LINE('',#2624,#2625);
#2624 = CARTESIAN_POINT('',(118.79393923934,203.64675298172,18.));
#2625 = VECTOR('',#2626,1.);
#2626 = DIRECTION('',(0.707106781187,0.707106781187,0.));
#2627 = ORIENTED_EDGE('',*,*,#2571,.F.);
#2628 = PLANE('',#2629);
#2629 = AXIS2_PLACEMENT_3D('',#2630,#2631,#2632);
#2630 = CARTESIAN_POINT('',(118.79393923934,203.64675298172,0.));
#2631 = DIRECTION('',(-0.707106781187,0.707106781187,0.));
#2632 = DIRECTION('',(0.,0.,1.));
#2633 = ADVANCED_FACE('',(#2634),#2640,.F.);
#2634 = FACE_BOUND('',#2635,.F.);
#2635 = EDGE_LOOP('',(#2636,#2637,#2638,#2639));
#2636 = ORIENTED_EDGE('',*,*,#2523,.F.);
#2637 = ORIENTED_EDGE('',*,*,#2593,.T.);
#2638 = ORIENTED_EDGE('',*,*,#2563,.T.);
#2639 = ORIENTED_EDGE('',*,*,#2615,.F.);
#2640 = PLANE('',#2641);
#2641 = AXIS2_PLACEMENT_3D('',#2642,#2643,#2644);
#2642 = CARTESIAN_POINT('',(203.64675298172,118.79393923934,0.));
#2643 = DIRECTION('',(0.,0.,1.));
#2644 = DIRECTION('',(0.707106781187,0.707106781187,0.));
#2645 = ADVANCED_FACE('',(#2646),#2652,.T.);
#2646 = FACE_BOUND('',#2647,.T.);
#2647 = EDGE_LOOP('',(#2648,#2649,#2650,#2651));
#2648 = ORIENTED_EDGE('',*,*,#2539,.F.);
#2649 = ORIENTED_EDGE('',*,*,#2600,.T.);
#2650 = ORIENTED_EDGE('',*,*,#2579,.T.);
#2651 = ORIENTED_EDGE('',*,*,#2622,.F.);
#2652 = PLANE('',#2653);
#2653 = AXIS2_PLACEMENT_3D('',#2654,#2655,#2656);
#2654 = CARTESIAN_POINT('',(203.64675298172,118.79393923934,18.));
#2655 = DIRECTION('',(0.,0.,1.));
#2656 = DIRECTION('',(0.707106781187,0.707106781187,0.));
#2657 = ( GEOMETRIC_REPRESENTATION_CONTEXT(3) 
GLOBAL_UNCERTAINTY_ASSIGNED_CONTEXT((#2661)) 
GLOBAL_UNIT_ASSIGNED_CONTEXT((#2658,#2659,#2660)) REPRESENTATION_CONTEXT
('Context #1','3D Context with UNIT and UNCERTAINTY') );
#2658 = ( LENGTH_UNIT() NAMED_UNIT(*) SI_UNIT(.MILLI.,.METRE.) );
#2659 = ( NAMED_UNIT(*) PLANE_ANGLE_UNIT() SI_UNIT($,.RADIAN.) );
#2660 = ( NAMED_UNIT(*) SI_UNIT($,.STERADIAN.) SOLID_ANGLE_UNIT() );
#2661 = UNCERTAINTY_MEASURE_WITH_UNIT(LENGTH_MEASURE(1.E-07),#2658,
  'distance_accuracy_value','confusion accuracy');
#2662 = CONTEXT_DEPENDENT_SHAPE_REPRESENTATION(#2663,#2665);
#2663 = ( REPRESENTATION_RELATIONSHIP('','',#2506,#10) 
REPRESENTATION_RELATIONSHIP_WITH_TRANSFORMATION(#2664) 
SHAPE_REPRESENTATION_RELATIONSHIP() );
#2664 = ITEM_DEFINED_TRANSFORMATION('','',#11,#55);
#2665 = PRODUCT_DEFINITION_SHAPE('Placement','Placement of an item',
  #2666);
#2666 = NEXT_ASSEMBLY_USAGE_OCCURRENCE('11','P11 Foot shoe 45','',#5,
  #2501,$);
#2667 = PRODUCT_RELATED_PRODUCT_CATEGORY('part',$,(#2503));
#2668 = SHAPE_DEFINITION_REPRESENTATION(#2669,#2675);
#2669 = PRODUCT_DEFINITION_SHAPE('','',#2670);
#2670 = PRODUCT_DEFINITION('design','',#2671,#2674);
#2671 = PRODUCT_DEFINITION_FORMATION('','',#2672);
#2672 = PRODUCT('P12 Arched blade 135','P12 Arched blade 135','',(#2673)
  );
#2673 = PRODUCT_CONTEXT('',#2,'mechanical');
#2674 = PRODUCT_DEFINITION_CONTEXT('part definition',#2,'design');
#2675 = ADVANCED_BREP_SHAPE_REPRESENTATION('',(#11,#2676),#3262);
#2676 = MANIFOLD_SOLID_BREP('',#2677);
#2677 = CLOSED_SHELL('',(#2678,#2751,#2782,#2846,#2877,#2941,#2972,#3036
    ,#3069,#3086,#3103,#3120,#3153,#3170,#3187,#3204,#3226,#3244));
#2678 = ADVANCED_FACE('',(#2679,#2713,#2724,#2735),#2746,.T.);
#2679 = FACE_BOUND('',#2680,.T.);
#2680 = EDGE_LOOP('',(#2681,#2691,#2699,#2707));
#2681 = ORIENTED_EDGE('',*,*,#2682,.F.);
#2682 = EDGE_CURVE('',#2683,#2685,#2687,.T.);
#2683 = VERTEX_POINT('',#2684);
#2684 = CARTESIAN_POINT('',(-205.060966544,120.20815280171,18.));
#2685 = VERTEX_POINT('',#2686);
#2686 = CARTESIAN_POINT('',(-219.2031021678,134.35028842544,18.));
#2687 = LINE('',#2688,#2689);
#2688 = CARTESIAN_POINT('',(-205.060966544,120.20815280171,18.));
#2689 = VECTOR('',#2690,1.);
#2690 = DIRECTION('',(-0.707106781187,0.707106781187,0.));
#2691 = ORIENTED_EDGE('',*,*,#2692,.T.);
#2692 = EDGE_CURVE('',#2683,#2693,#2695,.T.);
#2693 = VERTEX_POINT('',#2694);
#2694 = CARTESIAN_POINT('',(-205.060966544,120.20815280171,
    471.90524980688));
#2695 = LINE('',#2696,#2697);
#2696 = CARTESIAN_POINT('',(-205.060966544,120.20815280171,18.));
#2697 = VECTOR('',#2698,1.);
#2698 = DIRECTION('',(0.,0.,1.));
#2699 = ORIENTED_EDGE('',*,*,#2700,.T.);
#2700 = EDGE_CURVE('',#2693,#2701,#2703,.T.);
#2701 = VERTEX_POINT('',#2702);
#2702 = CARTESIAN_POINT('',(-219.2031021678,134.35028842544,
    471.90524980688));
#2703 = LINE('',#2704,#2705);
#2704 = CARTESIAN_POINT('',(-205.060966544,120.20815280171,
    471.90524980688));
#2705 = VECTOR('',#2706,1.);
#2706 = DIRECTION('',(-0.707106781187,0.707106781187,0.));
#2707 = ORIENTED_EDGE('',*,*,#2708,.F.);
#2708 = EDGE_CURVE('',#2685,#2701,#2709,.T.);
#2709 = LINE('',#2710,#2711);
#2710 = CARTESIAN_POINT('',(-219.2031021678,134.35028842544,18.));
#2711 = VECTOR('',#2712,1.);
#2712 = DIRECTION('',(0.,0.,1.));
#2713 = FACE_BOUND('',#2714,.T.);
#2714 = EDGE_LOOP('',(#2715));
#2715 = ORIENTED_EDGE('',*,*,#2716,.F.);
#2716 = EDGE_CURVE('',#2717,#2717,#2719,.T.);
#2717 = VERTEX_POINT('',#2718);
#2718 = CARTESIAN_POINT('',(-212.1320343559,127.27922061357,220.));
#2719 = CIRCLE('',#2720,3.);
#2720 = AXIS2_PLACEMENT_3D('',#2721,#2722,#2723);
#2721 = CARTESIAN_POINT('',(-212.1320343559,127.27922061357,217.));
#2722 = DIRECTION('',(-0.707106781187,-0.707106781187,0.));
#2723 = DIRECTION('',(0.,0.,1.));
#2724 = FACE_BOUND('',#2725,.T.);
#2725 = EDGE_LOOP('',(#2726));
#2726 = ORIENTED_EDGE('',*,*,#2727,.F.);
#2727 = EDGE_CURVE('',#2728,#2728,#2730,.T.);
#2728 = VERTEX_POINT('',#2729);
#2729 = CARTESIAN_POINT('',(-212.1320343559,127.27922061357,248.));
#2730 = CIRCLE('',#2731,3.);
#2731 = AXIS2_PLACEMENT_3D('',#2732,#2733,#2734);
#2732 = CARTESIAN_POINT('',(-212.1320343559,127.27922061357,245.));
#2733 = DIRECTION('',(-0.707106781187,-0.707106781187,0.));
#2734 = DIRECTION('',(0.,0.,1.));
#2735 = FACE_BOUND('',#2736,.T.);
#2736 = EDGE_LOOP('',(#2737));
#2737 = ORIENTED_EDGE('',*,*,#2738,.F.);
#2738 = EDGE_CURVE('',#2739,#2739,#2741,.T.);
#2739 = VERTEX_POINT('',#2740);
#2740 = CARTESIAN_POINT('',(-212.1320343559,127.27922061357,276.));
#2741 = CIRCLE('',#2742,3.);
#2742 = AXIS2_PLACEMENT_3D('',#2743,#2744,#2745);
#2743 = CARTESIAN_POINT('',(-212.1320343559,127.27922061357,273.));
#2744 = DIRECTION('',(-0.707106781187,-0.707106781187,0.));
#2745 = DIRECTION('',(0.,0.,1.));
#2746 = PLANE('',#2747);
#2747 = AXIS2_PLACEMENT_3D('',#2748,#2749,#2750);
#2748 = CARTESIAN_POINT('',(-205.060966544,120.20815280171,18.));
#2749 = DIRECTION('',(-0.707106781187,-0.707106781187,0.));
#2750 = DIRECTION('',(0.,0.,1.));
#2751 = ADVANCED_FACE('',(#2752),#2777,.F.);
#2752 = FACE_BOUND('',#2753,.F.);
#2753 = EDGE_LOOP('',(#2754,#2762,#2770,#2776));
#2754 = ORIENTED_EDGE('',*,*,#2755,.F.);
#2755 = EDGE_CURVE('',#2756,#2683,#2758,.T.);
#2756 = VERTEX_POINT('',#2757);
#2757 = CARTESIAN_POINT('',(-173.9482681718,151.32085117392,18.));
#2758 = LINE('',#2759,#2760);
#2759 = CARTESIAN_POINT('',(-120.2081528017,205.06096654409,18.));
#2760 = VECTOR('',#2761,1.);
#2761 = DIRECTION('',(-0.707106781187,-0.707106781187,0.));
#2762 = ORIENTED_EDGE('',*,*,#2763,.T.);
#2763 = EDGE_CURVE('',#2756,#2764,#2766,.T.);
#2764 = VERTEX_POINT('',#2765);
#2765 = CARTESIAN_POINT('',(-188.0904037956,165.46298679765,18.));
#2766 = LINE('',#2767,#2768);
#2767 = CARTESIAN_POINT('',(-173.2411613907,150.61374439273,18.));
#2768 = VECTOR('',#2769,1.);
#2769 = DIRECTION('',(-0.707106781187,0.707106781187,0.));
#2770 = ORIENTED_EDGE('',*,*,#2771,.T.);
#2771 = EDGE_CURVE('',#2764,#2685,#2772,.T.);
#2772 = LINE('',#2773,#2774);
#2773 = CARTESIAN_POINT('',(-134.3502884254,219.20310216783,18.));
#2774 = VECTOR('',#2775,1.);
#2775 = DIRECTION('',(-0.707106781187,-0.707106781187,0.));
#2776 = ORIENTED_EDGE('',*,*,#2682,.F.);
#2777 = PLANE('',#2778);
#2778 = AXIS2_PLACEMENT_3D('',#2779,#2780,#2781);
#2779 = CARTESIAN_POINT('',(-120.2081528017,205.06096654409,18.));
#2780 = DIRECTION('',(0.,0.,1.));
#2781 = DIRECTION('',(-0.707106781187,0.707106781187,0.));
#2782 = ADVANCED_FACE('',(#2783,#2808,#2819,#2830),#2841,.F.);
#2783 = FACE_BOUND('',#2784,.F.);
#2784 = EDGE_LOOP('',(#2785,#2786,#2794,#2802));
#2785 = ORIENTED_EDGE('',*,*,#2763,.F.);
#2786 = ORIENTED_EDGE('',*,*,#2787,.T.);
#2787 = EDGE_CURVE('',#2756,#2788,#2790,.T.);
#2788 = VERTEX_POINT('',#2789);
#2789 = CARTESIAN_POINT('',(-173.9482681718,151.32085117392,284.));
#2790 = LINE('',#2791,#2792);
#2791 = CARTESIAN_POINT('',(-173.9482681718,151.32085117392,18.));
#2792 = VECTOR('',#2793,1.);
#2793 = DIRECTION('',(0.,0.,1.));
#2794 = ORIENTED_EDGE('',*,*,#2795,.T.);
#2795 = EDGE_CURVE('',#2788,#2796,#2798,.T.);
#2796 = VERTEX_POINT('',#2797);
#2797 = CARTESIAN_POINT('',(-188.0904037956,165.46298679765,284.));
#2798 = LINE('',#2799,#2800);
#2799 = CARTESIAN_POINT('',(-173.2411613907,150.61374439273,284.));
#2800 = VECTOR('',#2801,1.);
#2801 = DIRECTION('',(-0.707106781187,0.707106781187,0.));
#2802 = ORIENTED_EDGE('',*,*,#2803,.F.);
#2803 = EDGE_CURVE('',#2764,#2796,#2804,.T.);
#2804 = LINE('',#2805,#2806);
#2805 = CARTESIAN_POINT('',(-188.0904037956,165.46298679765,18.));
#2806 = VECTOR('',#2807,1.);
#2807 = DIRECTION('',(0.,0.,1.));
#2808 = FACE_BOUND('',#2809,.F.);
#2809 = EDGE_LOOP('',(#2810));
#2810 = ORIENTED_EDGE('',*,*,#2811,.F.);
#2811 = EDGE_CURVE('',#2812,#2812,#2814,.T.);
#2812 = VERTEX_POINT('',#2813);
#2813 = CARTESIAN_POINT('',(-181.0193359837,158.39191898578,220.));
#2814 = CIRCLE('',#2815,3.);
#2815 = AXIS2_PLACEMENT_3D('',#2816,#2817,#2818);
#2816 = CARTESIAN_POINT('',(-181.0193359837,158.39191898578,217.));
#2817 = DIRECTION('',(-0.707106781187,-0.707106781187,0.));
#2818 = DIRECTION('',(0.,0.,1.));
#2819 = FACE_BOUND('',#2820,.F.);
#2820 = EDGE_LOOP('',(#2821));
#2821 = ORIENTED_EDGE('',*,*,#2822,.F.);
#2822 = EDGE_CURVE('',#2823,#2823,#2825,.T.);
#2823 = VERTEX_POINT('',#2824);
#2824 = CARTESIAN_POINT('',(-181.0193359837,158.39191898578,248.));
#2825 = CIRCLE('',#2826,3.);
#2826 = AXIS2_PLACEMENT_3D('',#2827,#2828,#2829);
#2827 = CARTESIAN_POINT('',(-181.0193359837,158.39191898578,245.));
#2828 = DIRECTION('',(-0.707106781187,-0.707106781187,0.));
#2829 = DIRECTION('',(0.,0.,1.));
#2830 = FACE_BOUND('',#2831,.F.);
#2831 = EDGE_LOOP('',(#2832));
#2832 = ORIENTED_EDGE('',*,*,#2833,.F.);
#2833 = EDGE_CURVE('',#2834,#2834,#2836,.T.);
#2834 = VERTEX_POINT('',#2835);
#2835 = CARTESIAN_POINT('',(-181.0193359837,158.39191898578,276.));
#2836 = CIRCLE('',#2837,3.);
#2837 = AXIS2_PLACEMENT_3D('',#2838,#2839,#2840);
#2838 = CARTESIAN_POINT('',(-181.0193359837,158.39191898578,273.));
#2839 = DIRECTION('',(-0.707106781187,-0.707106781187,0.));
#2840 = DIRECTION('',(0.,0.,1.));
#2841 = PLANE('',#2842);
#2842 = AXIS2_PLACEMENT_3D('',#2843,#2844,#2845);
#2843 = CARTESIAN_POINT('',(-173.2411613907,150.61374439273,18.));
#2844 = DIRECTION('',(-0.707106781187,-0.707106781187,0.));
#2845 = DIRECTION('',(0.,0.,1.));
#2846 = ADVANCED_FACE('',(#2847),#2872,.F.);
#2847 = FACE_BOUND('',#2848,.F.);
#2848 = EDGE_LOOP('',(#2849,#2850,#2858,#2866));
#2849 = ORIENTED_EDGE('',*,*,#2795,.F.);
#2850 = ORIENTED_EDGE('',*,*,#2851,.T.);
#2851 = EDGE_CURVE('',#2788,#2852,#2854,.T.);
#2852 = VERTEX_POINT('',#2853);
#2853 = CARTESIAN_POINT('',(-151.3208511739,173.94826817189,284.));
#2854 = LINE('',#2855,#2856);
#2855 = CARTESIAN_POINT('',(-135.7645019878,189.50461735799,284.));
#2856 = VECTOR('',#2857,1.);
#2857 = DIRECTION('',(0.707106781187,0.707106781187,0.));
#2858 = ORIENTED_EDGE('',*,*,#2859,.T.);
#2859 = EDGE_CURVE('',#2852,#2860,#2862,.T.);
#2860 = VERTEX_POINT('',#2861);
#2861 = CARTESIAN_POINT('',(-165.4629867976,188.09040379562,284.));
#2862 = LINE('',#2863,#2864);
#2863 = CARTESIAN_POINT('',(-150.6137443927,173.2411613907,284.));
#2864 = VECTOR('',#2865,1.);
#2865 = DIRECTION('',(-0.707106781187,0.707106781187,0.));
#2866 = ORIENTED_EDGE('',*,*,#2867,.F.);
#2867 = EDGE_CURVE('',#2796,#2860,#2868,.T.);
#2868 = LINE('',#2869,#2870);
#2869 = CARTESIAN_POINT('',(-149.9066376115,203.64675298172,284.));
#2870 = VECTOR('',#2871,1.);
#2871 = DIRECTION('',(0.707106781187,0.707106781187,0.));
#2872 = PLANE('',#2873);
#2873 = AXIS2_PLACEMENT_3D('',#2874,#2875,#2876);
#2874 = CARTESIAN_POINT('',(-150.6137443927,173.2411613907,284.));
#2875 = DIRECTION('',(0.,0.,1.));
#2876 = DIRECTION('',(-0.707106781187,0.707106781187,0.));
#2877 = ADVANCED_FACE('',(#2878,#2903,#2914,#2925),#2936,.T.);
#2878 = FACE_BOUND('',#2879,.T.);
#2879 = EDGE_LOOP('',(#2880,#2890,#2896,#2897));
#2880 = ORIENTED_EDGE('',*,*,#2881,.F.);
#2881 = EDGE_CURVE('',#2882,#2884,#2886,.T.);
#2882 = VERTEX_POINT('',#2883);
#2883 = CARTESIAN_POINT('',(-151.3208511739,173.94826817189,18.));
#2884 = VERTEX_POINT('',#2885);
#2885 = CARTESIAN_POINT('',(-165.4629867976,188.09040379562,18.));
#2886 = LINE('',#2887,#2888);
#2887 = CARTESIAN_POINT('',(-150.6137443927,173.2411613907,18.));
#2888 = VECTOR('',#2889,1.);
#2889 = DIRECTION('',(-0.707106781187,0.707106781187,0.));
#2890 = ORIENTED_EDGE('',*,*,#2891,.T.);
#2891 = EDGE_CURVE('',#2882,#2852,#2892,.T.);
#2892 = LINE('',#2893,#2894);
#2893 = CARTESIAN_POINT('',(-151.3208511739,173.94826817189,18.));
#2894 = VECTOR('',#2895,1.);
#2895 = DIRECTION('',(0.,0.,1.));
#2896 = ORIENTED_EDGE('',*,*,#2859,.T.);
#2897 = ORIENTED_EDGE('',*,*,#2898,.F.);
#2898 = EDGE_CURVE('',#2884,#2860,#2899,.T.);
#2899 = LINE('',#2900,#2901);
#2900 = CARTESIAN_POINT('',(-165.4629867976,188.09040379562,18.));
#2901 = VECTOR('',#2902,1.);
#2902 = DIRECTION('',(0.,0.,1.));
#2903 = FACE_BOUND('',#2904,.T.);
#2904 = EDGE_LOOP('',(#2905));
#2905 = ORIENTED_EDGE('',*,*,#2906,.F.);
#2906 = EDGE_CURVE('',#2907,#2907,#2909,.T.);
#2907 = VERTEX_POINT('',#2908);
#2908 = CARTESIAN_POINT('',(-158.3919189857,181.01933598375,220.));
#2909 = CIRCLE('',#2910,3.);
#2910 = AXIS2_PLACEMENT_3D('',#2911,#2912,#2913);
#2911 = CARTESIAN_POINT('',(-158.3919189857,181.01933598375,217.));
#2912 = DIRECTION('',(-0.707106781187,-0.707106781187,0.));
#2913 = DIRECTION('',(0.,0.,1.));
#2914 = FACE_BOUND('',#2915,.T.);
#2915 = EDGE_LOOP('',(#2916));
#2916 = ORIENTED_EDGE('',*,*,#2917,.F.);
#2917 = EDGE_CURVE('',#2918,#2918,#2920,.T.);
#2918 = VERTEX_POINT('',#2919);
#2919 = CARTESIAN_POINT('',(-158.3919189857,181.01933598375,248.));
#2920 = CIRCLE('',#2921,3.);
#2921 = AXIS2_PLACEMENT_3D('',#2922,#2923,#2924);
#2922 = CARTESIAN_POINT('',(-158.3919189857,181.01933598375,245.));
#2923 = DIRECTION('',(-0.707106781187,-0.707106781187,0.));
#2924 = DIRECTION('',(0.,0.,1.));
#2925 = FACE_BOUND('',#2926,.T.);
#2926 = EDGE_LOOP('',(#2927));
#2927 = ORIENTED_EDGE('',*,*,#2928,.F.);
#2928 = EDGE_CURVE('',#2929,#2929,#2931,.T.);
#2929 = VERTEX_POINT('',#2930);
#2930 = CARTESIAN_POINT('',(-158.3919189857,181.01933598375,276.));
#2931 = CIRCLE('',#2932,3.);
#2932 = AXIS2_PLACEMENT_3D('',#2933,#2934,#2935);
#2933 = CARTESIAN_POINT('',(-158.3919189857,181.01933598375,273.));
#2934 = DIRECTION('',(-0.707106781187,-0.707106781187,0.));
#2935 = DIRECTION('',(0.,0.,1.));
#2936 = PLANE('',#2937);
#2937 = AXIS2_PLACEMENT_3D('',#2938,#2939,#2940);
#2938 = CARTESIAN_POINT('',(-150.6137443927,173.2411613907,18.));
#2939 = DIRECTION('',(-0.707106781187,-0.707106781187,0.));
#2940 = DIRECTION('',(0.,0.,1.));
#2941 = ADVANCED_FACE('',(#2942),#2967,.F.);
#2942 = FACE_BOUND('',#2943,.F.);
#2943 = EDGE_LOOP('',(#2944,#2952,#2960,#2966));
#2944 = ORIENTED_EDGE('',*,*,#2945,.F.);
#2945 = EDGE_CURVE('',#2946,#2882,#2948,.T.);
#2946 = VERTEX_POINT('',#2947);
#2947 = CARTESIAN_POINT('',(-120.2081528017,205.06096654409,18.));
#2948 = LINE('',#2949,#2950);
#2949 = CARTESIAN_POINT('',(-120.2081528017,205.06096654409,18.));
#2950 = VECTOR('',#2951,1.);
#2951 = DIRECTION('',(-0.707106781187,-0.707106781187,0.));
#2952 = ORIENTED_EDGE('',*,*,#2953,.T.);
#2953 = EDGE_CURVE('',#2946,#2954,#2956,.T.);
#2954 = VERTEX_POINT('',#2955);
#2955 = CARTESIAN_POINT('',(-134.3502884254,219.20310216783,18.));
#2956 = LINE('',#2957,#2958);
#2957 = CARTESIAN_POINT('',(-120.2081528017,205.06096654409,18.));
#2958 = VECTOR('',#2959,1.);
#2959 = DIRECTION('',(-0.707106781187,0.707106781187,0.));
#2960 = ORIENTED_EDGE('',*,*,#2961,.T.);
#2961 = EDGE_CURVE('',#2954,#2884,#2962,.T.);
#2962 = LINE('',#2963,#2964);
#2963 = CARTESIAN_POINT('',(-134.3502884254,219.20310216783,18.));
#2964 = VECTOR('',#2965,1.);
#2965 = DIRECTION('',(-0.707106781187,-0.707106781187,0.));
#2966 = ORIENTED_EDGE('',*,*,#2881,.F.);
#2967 = PLANE('',#2968);
#2968 = AXIS2_PLACEMENT_3D('',#2969,#2970,#2971);
#2969 = CARTESIAN_POINT('',(-120.2081528017,205.06096654409,18.));
#2970 = DIRECTION('',(0.,0.,1.));
#2971 = DIRECTION('',(-0.707106781187,0.707106781187,0.));
#2972 = ADVANCED_FACE('',(#2973,#2998,#3009,#3020),#3031,.F.);
#2973 = FACE_BOUND('',#2974,.F.);
#2974 = EDGE_LOOP('',(#2975,#2976,#2984,#2992));
#2975 = ORIENTED_EDGE('',*,*,#2953,.F.);
#2976 = ORIENTED_EDGE('',*,*,#2977,.T.);
#2977 = EDGE_CURVE('',#2946,#2978,#2980,.T.);
#2978 = VERTEX_POINT('',#2979);
#2979 = CARTESIAN_POINT('',(-120.2081528017,205.06096654409,
    471.90524980688));
#2980 = LINE('',#2981,#2982);
#2981 = CARTESIAN_POINT('',(-120.2081528017,205.06096654409,18.));
#2982 = VECTOR('',#2983,1.);
#2983 = DIRECTION('',(0.,0.,1.));
#2984 = ORIENTED_EDGE('',*,*,#2985,.T.);
#2985 = EDGE_CURVE('',#2978,#2986,#2988,.T.);
#2986 = VERTEX_POINT('',#2987);
#2987 = CARTESIAN_POINT('',(-134.3502884254,219.20310216783,
    471.90524980688));
#2988 = LINE('',#2989,#2990);
#2989 = CARTESIAN_POINT('',(-120.2081528017,205.06096654409,
    471.90524980688));
#2990 = VECTOR('',#2991,1.);
#2991 = DIRECTION('',(-0.707106781187,0.707106781187,0.));
#2992 = ORIENTED_EDGE('',*,*,#2993,.F.);
#2993 = EDGE_CURVE('',#2954,#2986,#2994,.T.);
#2994 = LINE('',#2995,#2996);
#2995 = CARTESIAN_POINT('',(-134.3502884254,219.20310216783,18.));
#2996 = VECTOR('',#2997,1.);
#2997 = DIRECTION('',(0.,0.,1.));
#2998 = FACE_BOUND('',#2999,.F.);
#2999 = EDGE_LOOP('',(#3000));
#3000 = ORIENTED_EDGE('',*,*,#3001,.F.);
#3001 = EDGE_CURVE('',#3002,#3002,#3004,.T.);
#3002 = VERTEX_POINT('',#3003);
#3003 = CARTESIAN_POINT('',(-127.2792206135,212.13203435596,220.));
#3004 = CIRCLE('',#3005,3.);
#3005 = AXIS2_PLACEMENT_3D('',#3006,#3007,#3008);
#3006 = CARTESIAN_POINT('',(-127.2792206135,212.13203435596,217.));
#3007 = DIRECTION('',(-0.707106781187,-0.707106781187,0.));
#3008 = DIRECTION('',(0.,0.,1.));
#3009 = FACE_BOUND('',#3010,.F.);
#3010 = EDGE_LOOP('',(#3011));
#3011 = ORIENTED_EDGE('',*,*,#3012,.F.);
#3012 = EDGE_CURVE('',#3013,#3013,#3015,.T.);
#3013 = VERTEX_POINT('',#3014);
#3014 = CARTESIAN_POINT('',(-127.2792206135,212.13203435596,248.));
#3015 = CIRCLE('',#3016,3.);
#3016 = AXIS2_PLACEMENT_3D('',#3017,#3018,#3019);
#3017 = CARTESIAN_POINT('',(-127.2792206135,212.13203435596,245.));
#3018 = DIRECTION('',(-0.707106781187,-0.707106781187,0.));
#3019 = DIRECTION('',(0.,0.,1.));
#3020 = FACE_BOUND('',#3021,.F.);
#3021 = EDGE_LOOP('',(#3022));
#3022 = ORIENTED_EDGE('',*,*,#3023,.F.);
#3023 = EDGE_CURVE('',#3024,#3024,#3026,.T.);
#3024 = VERTEX_POINT('',#3025);
#3025 = CARTESIAN_POINT('',(-127.2792206135,212.13203435596,276.));
#3026 = CIRCLE('',#3027,3.);
#3027 = AXIS2_PLACEMENT_3D('',#3028,#3029,#3030);
#3028 = CARTESIAN_POINT('',(-127.2792206135,212.13203435596,273.));
#3029 = DIRECTION('',(-0.707106781187,-0.707106781187,0.));
#3030 = DIRECTION('',(0.,0.,1.));
#3031 = PLANE('',#3032);
#3032 = AXIS2_PLACEMENT_3D('',#3033,#3034,#3035);
#3033 = CARTESIAN_POINT('',(-120.2081528017,205.06096654409,18.));
#3034 = DIRECTION('',(-0.707106781187,-0.707106781187,0.));
#3035 = DIRECTION('',(0.,0.,1.));
#3036 = ADVANCED_FACE('',(#3037),#3064,.T.);
#3037 = FACE_BOUND('',#3038,.T.);
#3038 = EDGE_LOOP('',(#3039,#3048,#3056,#3063));
#3039 = ORIENTED_EDGE('',*,*,#3040,.F.);
#3040 = EDGE_CURVE('',#3041,#2986,#3043,.T.);
#3041 = VERTEX_POINT('',#3042);
#3042 = CARTESIAN_POINT('',(-166.1700935788,187.38329701443,530.));
#3043 = CIRCLE('',#3044,60.);
#3044 = AXIS2_PLACEMENT_3D('',#3045,#3046,#3047);
#3045 = CARTESIAN_POINT('',(-176.7766952966,176.77669529663,
    471.90524980688));
#3046 = DIRECTION('',(-0.707106781187,0.707106781187,0.));
#3047 = DIRECTION('',(0.,0.,1.));
#3048 = ORIENTED_EDGE('',*,*,#3049,.F.);
#3049 = EDGE_CURVE('',#3050,#3041,#3052,.T.);
#3050 = VERTEX_POINT('',#3051);
#3051 = CARTESIAN_POINT('',(-152.0279579551,173.2411613907,530.));
#3052 = LINE('',#3053,#3054);
#3053 = CARTESIAN_POINT('',(-152.0279579551,173.2411613907,530.));
#3054 = VECTOR('',#3055,1.);
#3055 = DIRECTION('',(-0.707106781187,0.707106781187,0.));
#3056 = ORIENTED_EDGE('',*,*,#3057,.T.);
#3057 = EDGE_CURVE('',#3050,#2978,#3058,.T.);
#3058 = CIRCLE('',#3059,60.);
#3059 = AXIS2_PLACEMENT_3D('',#3060,#3061,#3062);
#3060 = CARTESIAN_POINT('',(-162.6345596729,162.6345596729,
    471.90524980688));
#3061 = DIRECTION('',(-0.707106781187,0.707106781187,0.));
#3062 = DIRECTION('',(0.,0.,1.));
#3063 = ORIENTED_EDGE('',*,*,#2985,.T.);
#3064 = CYLINDRICAL_SURFACE('',#3065,60.);
#3065 = AXIS2_PLACEMENT_3D('',#3066,#3067,#3068);
#3066 = CARTESIAN_POINT('',(-162.6345596729,162.6345596729,
    471.90524980688));
#3067 = DIRECTION('',(-0.707106781187,0.707106781187,0.));
#3068 = DIRECTION('',(0.,0.,1.));
#3069 = ADVANCED_FACE('',(#3070),#3081,.F.);
#3070 = FACE_BOUND('',#3071,.F.);
#3071 = EDGE_LOOP('',(#3072,#3073,#3079,#3080));
#3072 = ORIENTED_EDGE('',*,*,#2906,.F.);
#3073 = ORIENTED_EDGE('',*,*,#3074,.F.);
#3074 = EDGE_CURVE('',#3002,#2907,#3075,.T.);
#3075 = LINE('',#3076,#3077);
#3076 = CARTESIAN_POINT('',(-127.2792206135,212.13203435596,220.));
#3077 = VECTOR('',#3078,1.);
#3078 = DIRECTION('',(-0.707106781187,-0.707106781187,0.));
#3079 = ORIENTED_EDGE('',*,*,#3001,.T.);
#3080 = ORIENTED_EDGE('',*,*,#3074,.T.);
#3081 = CYLINDRICAL_SURFACE('',#3082,3.);
#3082 = AXIS2_PLACEMENT_3D('',#3083,#3084,#3085);
#3083 = CARTESIAN_POINT('',(-127.2792206135,212.13203435596,217.));
#3084 = DIRECTION('',(-0.707106781187,-0.707106781187,0.));
#3085 = DIRECTION('',(0.,0.,1.));
#3086 = ADVANCED_FACE('',(#3087),#3098,.F.);
#3087 = FACE_BOUND('',#3088,.F.);
#3088 = EDGE_LOOP('',(#3089,#3090,#3096,#3097));
#3089 = ORIENTED_EDGE('',*,*,#2917,.F.);
#3090 = ORIENTED_EDGE('',*,*,#3091,.F.);
#3091 = EDGE_CURVE('',#3013,#2918,#3092,.T.);
#3092 = LINE('',#3093,#3094);
#3093 = CARTESIAN_POINT('',(-127.2792206135,212.13203435596,248.));
#3094 = VECTOR('',#3095,1.);
#3095 = DIRECTION('',(-0.707106781187,-0.707106781187,0.));
#3096 = ORIENTED_EDGE('',*,*,#3012,.T.);
#3097 = ORIENTED_EDGE('',*,*,#3091,.T.);
#3098 = CYLINDRICAL_SURFACE('',#3099,3.);
#3099 = AXIS2_PLACEMENT_3D('',#3100,#3101,#3102);
#3100 = CARTESIAN_POINT('',(-127.2792206135,212.13203435596,245.));
#3101 = DIRECTION('',(-0.707106781187,-0.707106781187,0.));
#3102 = DIRECTION('',(0.,0.,1.));
#3103 = ADVANCED_FACE('',(#3104),#3115,.F.);
#3104 = FACE_BOUND('',#3105,.F.);
#3105 = EDGE_LOOP('',(#3106,#3107,#3113,#3114));
#3106 = ORIENTED_EDGE('',*,*,#2928,.F.);
#3107 = ORIENTED_EDGE('',*,*,#3108,.F.);
#3108 = EDGE_CURVE('',#3024,#2929,#3109,.T.);
#3109 = LINE('',#3110,#3111);
#3110 = CARTESIAN_POINT('',(-127.2792206135,212.13203435596,276.));
#3111 = VECTOR('',#3112,1.);
#3112 = DIRECTION('',(-0.707106781187,-0.707106781187,0.));
#3113 = ORIENTED_EDGE('',*,*,#3023,.T.);
#3114 = ORIENTED_EDGE('',*,*,#3108,.T.);
#3115 = CYLINDRICAL_SURFACE('',#3116,3.);
#3116 = AXIS2_PLACEMENT_3D('',#3117,#3118,#3119);
#3117 = CARTESIAN_POINT('',(-127.2792206135,212.13203435596,273.));
#3118 = DIRECTION('',(-0.707106781187,-0.707106781187,0.));
#3119 = DIRECTION('',(0.,0.,1.));
#3120 = ADVANCED_FACE('',(#3121),#3148,.T.);
#3121 = FACE_BOUND('',#3122,.T.);
#3122 = EDGE_LOOP('',(#3123,#3133,#3140,#3141));
#3123 = ORIENTED_EDGE('',*,*,#3124,.T.);
#3124 = EDGE_CURVE('',#3125,#3127,#3129,.T.);
#3125 = VERTEX_POINT('',#3126);
#3126 = CARTESIAN_POINT('',(-173.2411613907,152.0279579551,530.));
#3127 = VERTEX_POINT('',#3128);
#3128 = CARTESIAN_POINT('',(-187.3832970144,166.17009357883,530.));
#3129 = LINE('',#3130,#3131);
#3130 = CARTESIAN_POINT('',(-173.2411613907,152.0279579551,530.));
#3131 = VECTOR('',#3132,1.);
#3132 = DIRECTION('',(-0.707106781187,0.707106781187,0.));
#3133 = ORIENTED_EDGE('',*,*,#3134,.F.);
#3134 = EDGE_CURVE('',#2701,#3127,#3135,.T.);
#3135 = CIRCLE('',#3136,60.);
#3136 = AXIS2_PLACEMENT_3D('',#3137,#3138,#3139);
#3137 = CARTESIAN_POINT('',(-176.7766952966,176.77669529663,
    471.90524980688));
#3138 = DIRECTION('',(-0.707106781187,0.707106781187,0.));
#3139 = DIRECTION('',(0.,0.,1.));
#3140 = ORIENTED_EDGE('',*,*,#2700,.F.);
#3141 = ORIENTED_EDGE('',*,*,#3142,.T.);
#3142 = EDGE_CURVE('',#2693,#3125,#3143,.T.);
#3143 = CIRCLE('',#3144,60.);
#3144 = AXIS2_PLACEMENT_3D('',#3145,#3146,#3147);
#3145 = CARTESIAN_POINT('',(-162.6345596729,162.6345596729,
    471.90524980688));
#3146 = DIRECTION('',(-0.707106781187,0.707106781187,0.));
#3147 = DIRECTION('',(0.,0.,1.));
#3148 = CYLINDRICAL_SURFACE('',#3149,60.);
#3149 = AXIS2_PLACEMENT_3D('',#3150,#3151,#3152);
#3150 = CARTESIAN_POINT('',(-162.6345596729,162.6345596729,
    471.90524980688));
#3151 = DIRECTION('',(-0.707106781187,0.707106781187,0.));
#3152 = DIRECTION('',(0.,0.,1.));
#3153 = ADVANCED_FACE('',(#3154),#3165,.F.);
#3154 = FACE_BOUND('',#3155,.F.);
#3155 = EDGE_LOOP('',(#3156,#3162,#3163,#3164));
#3156 = ORIENTED_EDGE('',*,*,#3157,.T.);
#3157 = EDGE_CURVE('',#2812,#2717,#3158,.T.);
#3158 = LINE('',#3159,#3160);
#3159 = CARTESIAN_POINT('',(-127.2792206135,212.13203435596,220.));
#3160 = VECTOR('',#3161,1.);
#3161 = DIRECTION('',(-0.707106781187,-0.707106781187,0.));
#3162 = ORIENTED_EDGE('',*,*,#2716,.F.);
#3163 = ORIENTED_EDGE('',*,*,#3157,.F.);
#3164 = ORIENTED_EDGE('',*,*,#2811,.T.);
#3165 = CYLINDRICAL_SURFACE('',#3166,3.);
#3166 = AXIS2_PLACEMENT_3D('',#3167,#3168,#3169);
#3167 = CARTESIAN_POINT('',(-127.2792206135,212.13203435596,217.));
#3168 = DIRECTION('',(-0.707106781187,-0.707106781187,0.));
#3169 = DIRECTION('',(0.,0.,1.));
#3170 = ADVANCED_FACE('',(#3171),#3182,.F.);
#3171 = FACE_BOUND('',#3172,.F.);
#3172 = EDGE_LOOP('',(#3173,#3179,#3180,#3181));
#3173 = ORIENTED_EDGE('',*,*,#3174,.T.);
#3174 = EDGE_CURVE('',#2823,#2728,#3175,.T.);
#3175 = LINE('',#3176,#3177);
#3176 = CARTESIAN_POINT('',(-127.2792206135,212.13203435596,248.));
#3177 = VECTOR('',#3178,1.);
#3178 = DIRECTION('',(-0.707106781187,-0.707106781187,0.));
#3179 = ORIENTED_EDGE('',*,*,#2727,.F.);
#3180 = ORIENTED_EDGE('',*,*,#3174,.F.);
#3181 = ORIENTED_EDGE('',*,*,#2822,.T.);
#3182 = CYLINDRICAL_SURFACE('',#3183,3.);
#3183 = AXIS2_PLACEMENT_3D('',#3184,#3185,#3186);
#3184 = CARTESIAN_POINT('',(-127.2792206135,212.13203435596,245.));
#3185 = DIRECTION('',(-0.707106781187,-0.707106781187,0.));
#3186 = DIRECTION('',(0.,0.,1.));
#3187 = ADVANCED_FACE('',(#3188),#3199,.F.);
#3188 = FACE_BOUND('',#3189,.F.);
#3189 = EDGE_LOOP('',(#3190,#3196,#3197,#3198));
#3190 = ORIENTED_EDGE('',*,*,#3191,.T.);
#3191 = EDGE_CURVE('',#2834,#2739,#3192,.T.);
#3192 = LINE('',#3193,#3194);
#3193 = CARTESIAN_POINT('',(-127.2792206135,212.13203435596,276.));
#3194 = VECTOR('',#3195,1.);
#3195 = DIRECTION('',(-0.707106781187,-0.707106781187,0.));
#3196 = ORIENTED_EDGE('',*,*,#2738,.F.);
#3197 = ORIENTED_EDGE('',*,*,#3191,.F.);
#3198 = ORIENTED_EDGE('',*,*,#2833,.T.);
#3199 = CYLINDRICAL_SURFACE('',#3200,3.);
#3200 = AXIS2_PLACEMENT_3D('',#3201,#3202,#3203);
#3201 = CARTESIAN_POINT('',(-127.2792206135,212.13203435596,273.));
#3202 = DIRECTION('',(-0.707106781187,-0.707106781187,0.));
#3203 = DIRECTION('',(0.,0.,1.));
#3204 = ADVANCED_FACE('',(#3205),#3221,.T.);
#3205 = FACE_BOUND('',#3206,.T.);
#3206 = EDGE_LOOP('',(#3207,#3213,#3214,#3220));
#3207 = ORIENTED_EDGE('',*,*,#3208,.F.);
#3208 = EDGE_CURVE('',#3050,#3125,#3209,.T.);
#3209 = LINE('',#3210,#3211);
#3210 = CARTESIAN_POINT('',(-120.2081528017,205.06096654409,530.));
#3211 = VECTOR('',#3212,1.);
#3212 = DIRECTION('',(-0.707106781187,-0.707106781187,0.));
#3213 = ORIENTED_EDGE('',*,*,#3049,.T.);
#3214 = ORIENTED_EDGE('',*,*,#3215,.T.);
#3215 = EDGE_CURVE('',#3041,#3127,#3216,.T.);
#3216 = LINE('',#3217,#3218);
#3217 = CARTESIAN_POINT('',(-134.3502884254,219.20310216783,530.));
#3218 = VECTOR('',#3219,1.);
#3219 = DIRECTION('',(-0.707106781187,-0.707106781187,0.));
#3220 = ORIENTED_EDGE('',*,*,#3124,.F.);
#3221 = PLANE('',#3222);
#3222 = AXIS2_PLACEMENT_3D('',#3223,#3224,#3225);
#3223 = CARTESIAN_POINT('',(-120.2081528017,205.06096654409,530.));
#3224 = DIRECTION('',(0.,0.,1.));
#3225 = DIRECTION('',(-0.707106781187,0.707106781187,0.));
#3226 = ADVANCED_FACE('',(#3227),#3239,.T.);
#3227 = FACE_BOUND('',#3228,.T.);
#3228 = EDGE_LOOP('',(#3229,#3230,#3231,#3232,#3233,#3234,#3235,#3236,
    #3237,#3238));
#3229 = ORIENTED_EDGE('',*,*,#2977,.T.);
#3230 = ORIENTED_EDGE('',*,*,#3057,.F.);
#3231 = ORIENTED_EDGE('',*,*,#3208,.T.);
#3232 = ORIENTED_EDGE('',*,*,#3142,.F.);
#3233 = ORIENTED_EDGE('',*,*,#2692,.F.);
#3234 = ORIENTED_EDGE('',*,*,#2755,.F.);
#3235 = ORIENTED_EDGE('',*,*,#2787,.T.);
#3236 = ORIENTED_EDGE('',*,*,#2851,.T.);
#3237 = ORIENTED_EDGE('',*,*,#2891,.F.);
#3238 = ORIENTED_EDGE('',*,*,#2945,.F.);
#3239 = PLANE('',#3240);
#3240 = AXIS2_PLACEMENT_3D('',#3241,#3242,#3243);
#3241 = CARTESIAN_POINT('',(-162.6345596729,162.6345596729,
    233.91846142422));
#3242 = DIRECTION('',(0.707106781187,-0.707106781187,0.));
#3243 = DIRECTION('',(0.707106781187,0.707106781187,0.));
#3244 = ADVANCED_FACE('',(#3245),#3257,.T.);
#3245 = FACE_BOUND('',#3246,.T.);
#3246 = EDGE_LOOP('',(#3247,#3248,#3249,#3250,#3251,#3252,#3253,#3254,
    #3255,#3256));
#3247 = ORIENTED_EDGE('',*,*,#2993,.F.);
#3248 = ORIENTED_EDGE('',*,*,#2961,.T.);
#3249 = ORIENTED_EDGE('',*,*,#2898,.T.);
#3250 = ORIENTED_EDGE('',*,*,#2867,.F.);
#3251 = ORIENTED_EDGE('',*,*,#2803,.F.);
#3252 = ORIENTED_EDGE('',*,*,#2771,.T.);
#3253 = ORIENTED_EDGE('',*,*,#2708,.T.);
#3254 = ORIENTED_EDGE('',*,*,#3134,.T.);
#3255 = ORIENTED_EDGE('',*,*,#3215,.F.);
#3256 = ORIENTED_EDGE('',*,*,#3040,.T.);
#3257 = PLANE('',#3258);
#3258 = AXIS2_PLACEMENT_3D('',#3259,#3260,#3261);
#3259 = CARTESIAN_POINT('',(-176.7766952966,176.77669529663,
    233.91846142422));
#3260 = DIRECTION('',(-0.707106781187,0.707106781187,-0.));
#3261 = DIRECTION('',(-0.707106781187,-0.707106781187,0.));
#3262 = ( GEOMETRIC_REPRESENTATION_CONTEXT(3) 
GLOBAL_UNCERTAINTY_ASSIGNED_CONTEXT((#3266)) 
GLOBAL_UNIT_ASSIGNED_CONTEXT((#3263,#3264,#3265)) REPRESENTATION_CONTEXT
('Context #1','3D Context with UNIT and UNCERTAINTY') );
#3263 = ( LENGTH_UNIT() NAMED_UNIT(*) SI_UNIT(.MILLI.,.METRE.) );
#3264 = ( NAMED_UNIT(*) PLANE_ANGLE_UNIT() SI_UNIT($,.RADIAN.) );
#3265 = ( NAMED_UNIT(*) SI_UNIT($,.STERADIAN.) SOLID_ANGLE_UNIT() );
#3266 = UNCERTAINTY_MEASURE_WITH_UNIT(LENGTH_MEASURE(1.E-07),#3263,
  'distance_accuracy_value','confusion accuracy');
#3267 = CONTEXT_DEPENDENT_SHAPE_REPRESENTATION(#3268,#3270);
#3268 = ( REPRESENTATION_RELATIONSHIP('','',#2675,#10) 
REPRESENTATION_RELATIONSHIP_WITH_TRANSFORMATION(#3269) 
SHAPE_REPRESENTATION_RELATIONSHIP() );
#3269 = ITEM_DEFINED_TRANSFORMATION('','',#11,#59);
#3270 = PRODUCT_DEFINITION_SHAPE('Placement','Placement of an item',
  #3271);
#3271 = NEXT_ASSEMBLY_USAGE_OCCURRENCE('12','P12 Arched blade 135','',#5
  ,#2670,$);
#3272 = PRODUCT_RELATED_PRODUCT_CATEGORY('part',$,(#2672));
#3273 = SHAPE_DEFINITION_REPRESENTATION(#3274,#3280);
#3274 = PRODUCT_DEFINITION_SHAPE('','',#3275);
#3275 = PRODUCT_DEFINITION('design','',#3276,#3279);
#3276 = PRODUCT_DEFINITION_FORMATION('','',#3277);
#3277 = PRODUCT('P13 Slot jamb 135 / -1','P13 Slot jamb 135 / -1','',(
    #3278));
#3278 = PRODUCT_CONTEXT('',#2,'mechanical');
#3279 = PRODUCT_DEFINITION_CONTEXT('part definition',#2,'design');
#3280 = ADVANCED_BREP_SHAPE_REPRESENTATION('',(#11,#3281),#3548);
#3281 = MANIFOLD_SOLID_BREP('',#3282);
#3282 = CLOSED_SHELL('',(#3283,#3323,#3387,#3411,#3468,#3485,#3497,#3514
    ,#3531));
#3283 = ADVANCED_FACE('',(#3284),#3318,.F.);
#3284 = FACE_BOUND('',#3285,.F.);
#3285 = EDGE_LOOP('',(#3286,#3296,#3304,#3312));
#3286 = ORIENTED_EDGE('',*,*,#3287,.F.);
#3287 = EDGE_CURVE('',#3288,#3290,#3292,.T.);
#3288 = VERTEX_POINT('',#3289);
#3289 = CARTESIAN_POINT('',(-151.3208511739,173.94826817189,18.));
#3290 = VERTEX_POINT('',#3291);
#3291 = CARTESIAN_POINT('',(-151.3208511739,173.94826817189,280.));
#3292 = LINE('',#3293,#3294);
#3293 = CARTESIAN_POINT('',(-151.3208511739,173.94826817189,18.));
#3294 = VECTOR('',#3295,1.);
#3295 = DIRECTION('',(0.,0.,1.));
#3296 = ORIENTED_EDGE('',*,*,#3297,.T.);
#3297 = EDGE_CURVE('',#3288,#3298,#3300,.T.);
#3298 = VERTEX_POINT('',#3299);
#3299 = CARTESIAN_POINT('',(-154.1492782986,171.11984104714,18.));
#3300 = LINE('',#3301,#3302);
#3301 = CARTESIAN_POINT('',(-151.3208511739,173.94826817189,18.));
#3302 = VECTOR('',#3303,1.);
#3303 = DIRECTION('',(-0.707106781187,-0.707106781187,0.));
#3304 = ORIENTED_EDGE('',*,*,#3305,.T.);
#3305 = EDGE_CURVE('',#3298,#3306,#3308,.T.);
#3306 = VERTEX_POINT('',#3307);
#3307 = CARTESIAN_POINT('',(-154.1492782986,171.11984104714,280.));
#3308 = LINE('',#3309,#3310);
#3309 = CARTESIAN_POINT('',(-154.1492782986,171.11984104714,18.));
#3310 = VECTOR('',#3311,1.);
#3311 = DIRECTION('',(0.,0.,1.));
#3312 = ORIENTED_EDGE('',*,*,#3313,.F.);
#3313 = EDGE_CURVE('',#3290,#3306,#3314,.T.);
#3314 = LINE('',#3315,#3316);
#3315 = CARTESIAN_POINT('',(-151.3208511739,173.94826817189,280.));
#3316 = VECTOR('',#3317,1.);
#3317 = DIRECTION('',(-0.707106781187,-0.707106781187,0.));
#3318 = PLANE('',#3319);
#3319 = AXIS2_PLACEMENT_3D('',#3320,#3321,#3322);
#3320 = CARTESIAN_POINT('',(-151.3208511739,173.94826817189,18.));
#3321 = DIRECTION('',(-0.707106781187,0.707106781187,0.));
#3322 = DIRECTION('',(0.,0.,1.));
#3323 = ADVANCED_FACE('',(#3324,#3349,#3360,#3371),#3382,.F.);
#3324 = FACE_BOUND('',#3325,.F.);
#3325 = EDGE_LOOP('',(#3326,#3334,#3335,#3343));
#3326 = ORIENTED_EDGE('',*,*,#3327,.F.);
#3327 = EDGE_CURVE('',#3288,#3328,#3330,.T.);
#3328 = VERTEX_POINT('',#3329);
#3329 = CARTESIAN_POINT('',(-165.4629867976,188.09040379562,18.));
#3330 = LINE('',#3331,#3332);
#3331 = CARTESIAN_POINT('',(-151.3208511739,173.94826817189,18.));
#3332 = VECTOR('',#3333,1.);
#3333 = DIRECTION('',(-0.707106781187,0.707106781187,0.));
#3334 = ORIENTED_EDGE('',*,*,#3287,.T.);
#3335 = ORIENTED_EDGE('',*,*,#3336,.T.);
#3336 = EDGE_CURVE('',#3290,#3337,#3339,.T.);
#3337 = VERTEX_POINT('',#3338);
#3338 = CARTESIAN_POINT('',(-165.4629867976,188.09040379562,280.));
#3339 = LINE('',#3340,#3341);
#3340 = CARTESIAN_POINT('',(-151.3208511739,173.94826817189,280.));
#3341 = VECTOR('',#3342,1.);
#3342 = DIRECTION('',(-0.707106781187,0.707106781187,0.));
#3343 = ORIENTED_EDGE('',*,*,#3344,.F.);
#3344 = EDGE_CURVE('',#3328,#3337,#3345,.T.);
#3345 = LINE('',#3346,#3347);
#3346 = CARTESIAN_POINT('',(-165.4629867976,188.09040379562,18.));
#3347 = VECTOR('',#3348,1.);
#3348 = DIRECTION('',(0.,0.,1.));
#3349 = FACE_BOUND('',#3350,.F.);
#3350 = EDGE_LOOP('',(#3351));
#3351 = ORIENTED_EDGE('',*,*,#3352,.F.);
#3352 = EDGE_CURVE('',#3353,#3353,#3355,.T.);
#3353 = VERTEX_POINT('',#3354);
#3354 = CARTESIAN_POINT('',(-158.3919189857,181.01933598375,220.));
#3355 = CIRCLE('',#3356,3.);
#3356 = AXIS2_PLACEMENT_3D('',#3357,#3358,#3359);
#3357 = CARTESIAN_POINT('',(-158.3919189857,181.01933598375,217.));
#3358 = DIRECTION('',(-0.707106781187,-0.707106781187,0.));
#3359 = DIRECTION('',(0.,0.,1.));
#3360 = FACE_BOUND('',#3361,.F.);
#3361 = EDGE_LOOP('',(#3362));
#3362 = ORIENTED_EDGE('',*,*,#3363,.F.);
#3363 = EDGE_CURVE('',#3364,#3364,#3366,.T.);
#3364 = VERTEX_POINT('',#3365);
#3365 = CARTESIAN_POINT('',(-158.3919189857,181.01933598375,248.));
#3366 = CIRCLE('',#3367,3.);
#3367 = AXIS2_PLACEMENT_3D('',#3368,#3369,#3370);
#3368 = CARTESIAN_POINT('',(-158.3919189857,181.01933598375,245.));
#3369 = DIRECTION('',(-0.707106781187,-0.707106781187,0.));
#3370 = DIRECTION('',(0.,0.,1.));
#3371 = FACE_BOUND('',#3372,.F.);
#3372 = EDGE_LOOP('',(#3373));
#3373 = ORIENTED_EDGE('',*,*,#3374,.F.);
#3374 = EDGE_CURVE('',#3375,#3375,#3377,.T.);
#3375 = VERTEX_POINT('',#3376);
#3376 = CARTESIAN_POINT('',(-158.3919189857,181.01933598375,276.));
#3377 = CIRCLE('',#3378,3.);
#3378 = AXIS2_PLACEMENT_3D('',#3379,#3380,#3381);
#3379 = CARTESIAN_POINT('',(-158.3919189857,181.01933598375,273.));
#3380 = DIRECTION('',(-0.707106781187,-0.707106781187,0.));
#3381 = DIRECTION('',(0.,0.,1.));
#3382 = PLANE('',#3383);
#3383 = AXIS2_PLACEMENT_3D('',#3384,#3385,#3386);
#3384 = CARTESIAN_POINT('',(-151.3208511739,173.94826817189,18.));
#3385 = DIRECTION('',(-0.707106781187,-0.707106781187,0.));
#3386 = DIRECTION('',(0.,0.,1.));
#3387 = ADVANCED_FACE('',(#3388),#3406,.T.);
#3388 = FACE_BOUND('',#3389,.T.);
#3389 = EDGE_LOOP('',(#3390,#3391,#3392,#3400));
#3390 = ORIENTED_EDGE('',*,*,#3313,.F.);
#3391 = ORIENTED_EDGE('',*,*,#3336,.T.);
#3392 = ORIENTED_EDGE('',*,*,#3393,.T.);
#3393 = EDGE_CURVE('',#3337,#3394,#3396,.T.);
#3394 = VERTEX_POINT('',#3395);
#3395 = CARTESIAN_POINT('',(-168.2914139223,185.26197667087,280.));
#3396 = LINE('',#3397,#3398);
#3397 = CARTESIAN_POINT('',(-165.4629867976,188.09040379562,280.));
#3398 = VECTOR('',#3399,1.);
#3399 = DIRECTION('',(-0.707106781187,-0.707106781187,0.));
#3400 = ORIENTED_EDGE('',*,*,#3401,.F.);
#3401 = EDGE_CURVE('',#3306,#3394,#3402,.T.);
#3402 = LINE('',#3403,#3404);
#3403 = CARTESIAN_POINT('',(-154.1492782986,171.11984104714,280.));
#3404 = VECTOR('',#3405,1.);
#3405 = DIRECTION('',(-0.707106781187,0.707106781187,0.));
#3406 = PLANE('',#3407);
#3407 = AXIS2_PLACEMENT_3D('',#3408,#3409,#3410);
#3408 = CARTESIAN_POINT('',(-151.3208511739,173.94826817189,280.));
#3409 = DIRECTION('',(0.,0.,1.));
#3410 = DIRECTION('',(-0.707106781187,0.707106781187,0.));
#3411 = ADVANCED_FACE('',(#3412,#3430,#3441,#3452),#3463,.T.);
#3412 = FACE_BOUND('',#3413,.T.);
#3413 = EDGE_LOOP('',(#3414,#3422,#3423,#3424));
#3414 = ORIENTED_EDGE('',*,*,#3415,.F.);
#3415 = EDGE_CURVE('',#3298,#3416,#3418,.T.);
#3416 = VERTEX_POINT('',#3417);
#3417 = CARTESIAN_POINT('',(-168.2914139223,185.26197667087,18.));
#3418 = LINE('',#3419,#3420);
#3419 = CARTESIAN_POINT('',(-154.1492782986,171.11984104714,18.));
#3420 = VECTOR('',#3421,1.);
#3421 = DIRECTION('',(-0.707106781187,0.707106781187,0.));
#3422 = ORIENTED_EDGE('',*,*,#3305,.T.);
#3423 = ORIENTED_EDGE('',*,*,#3401,.T.);
#3424 = ORIENTED_EDGE('',*,*,#3425,.F.);
#3425 = EDGE_CURVE('',#3416,#3394,#3426,.T.);
#3426 = LINE('',#3427,#3428);
#3427 = CARTESIAN_POINT('',(-168.2914139223,185.26197667087,18.));
#3428 = VECTOR('',#3429,1.);
#3429 = DIRECTION('',(0.,0.,1.));
#3430 = FACE_BOUND('',#3431,.T.);
#3431 = EDGE_LOOP('',(#3432));
#3432 = ORIENTED_EDGE('',*,*,#3433,.F.);
#3433 = EDGE_CURVE('',#3434,#3434,#3436,.T.);
#3434 = VERTEX_POINT('',#3435);
#3435 = CARTESIAN_POINT('',(-161.2203461105,178.19090885901,220.));
#3436 = CIRCLE('',#3437,3.);
#3437 = AXIS2_PLACEMENT_3D('',#3438,#3439,#3440);
#3438 = CARTESIAN_POINT('',(-161.2203461105,178.19090885901,217.));
#3439 = DIRECTION('',(-0.707106781187,-0.707106781187,0.));
#3440 = DIRECTION('',(0.,0.,1.));
#3441 = FACE_BOUND('',#3442,.T.);
#3442 = EDGE_LOOP('',(#3443));
#3443 = ORIENTED_EDGE('',*,*,#3444,.F.);
#3444 = EDGE_CURVE('',#3445,#3445,#3447,.T.);
#3445 = VERTEX_POINT('',#3446);
#3446 = CARTESIAN_POINT('',(-161.2203461105,178.19090885901,248.));
#3447 = CIRCLE('',#3448,3.);
#3448 = AXIS2_PLACEMENT_3D('',#3449,#3450,#3451);
#3449 = CARTESIAN_POINT('',(-161.2203461105,178.19090885901,245.));
#3450 = DIRECTION('',(-0.707106781187,-0.707106781187,0.));
#3451 = DIRECTION('',(0.,0.,1.));
#3452 = FACE_BOUND('',#3453,.T.);
#3453 = EDGE_LOOP('',(#3454));
#3454 = ORIENTED_EDGE('',*,*,#3455,.F.);
#3455 = EDGE_CURVE('',#3456,#3456,#3458,.T.);
#3456 = VERTEX_POINT('',#3457);
#3457 = CARTESIAN_POINT('',(-161.2203461105,178.19090885901,276.));
#3458 = CIRCLE('',#3459,3.);
#3459 = AXIS2_PLACEMENT_3D('',#3460,#3461,#3462);
#3460 = CARTESIAN_POINT('',(-161.2203461105,178.19090885901,273.));
#3461 = DIRECTION('',(-0.707106781187,-0.707106781187,0.));
#3462 = DIRECTION('',(0.,0.,1.));
#3463 = PLANE('',#3464);
#3464 = AXIS2_PLACEMENT_3D('',#3465,#3466,#3467);
#3465 = CARTESIAN_POINT('',(-154.1492782986,171.11984104714,18.));
#3466 = DIRECTION('',(-0.707106781187,-0.707106781187,0.));
#3467 = DIRECTION('',(0.,0.,1.));
#3468 = ADVANCED_FACE('',(#3469),#3480,.F.);
#3469 = FACE_BOUND('',#3470,.F.);
#3470 = EDGE_LOOP('',(#3471,#3472,#3473,#3479));
#3471 = ORIENTED_EDGE('',*,*,#3297,.F.);
#3472 = ORIENTED_EDGE('',*,*,#3327,.T.);
#3473 = ORIENTED_EDGE('',*,*,#3474,.T.);
#3474 = EDGE_CURVE('',#3328,#3416,#3475,.T.);
#3475 = LINE('',#3476,#3477);
#3476 = CARTESIAN_POINT('',(-165.4629867976,188.09040379562,18.));
#3477 = VECTOR('',#3478,1.);
#3478 = DIRECTION('',(-0.707106781187,-0.707106781187,0.));
#3479 = ORIENTED_EDGE('',*,*,#3415,.F.);
#3480 = PLANE('',#3481);
#3481 = AXIS2_PLACEMENT_3D('',#3482,#3483,#3484);
#3482 = CARTESIAN_POINT('',(-151.3208511739,173.94826817189,18.));
#3483 = DIRECTION('',(0.,0.,1.));
#3484 = DIRECTION('',(-0.707106781187,0.707106781187,0.));
#3485 = ADVANCED_FACE('',(#3486),#3492,.T.);
#3486 = FACE_BOUND('',#3487,.T.);
#3487 = EDGE_LOOP('',(#3488,#3489,#3490,#3491));
#3488 = ORIENTED_EDGE('',*,*,#3344,.F.);
#3489 = ORIENTED_EDGE('',*,*,#3474,.T.);
#3490 = ORIENTED_EDGE('',*,*,#3425,.T.);
#3491 = ORIENTED_EDGE('',*,*,#3393,.F.);
#3492 = PLANE('',#3493);
#3493 = AXIS2_PLACEMENT_3D('',#3494,#3495,#3496);
#3494 = CARTESIAN_POINT('',(-165.4629867976,188.09040379562,18.));
#3495 = DIRECTION('',(-0.707106781187,0.707106781187,0.));
#3496 = DIRECTION('',(0.,0.,1.));
#3497 = ADVANCED_FACE('',(#3498),#3509,.F.);
#3498 = FACE_BOUND('',#3499,.F.);
#3499 = EDGE_LOOP('',(#3500,#3501,#3507,#3508));
#3500 = ORIENTED_EDGE('',*,*,#3433,.F.);
#3501 = ORIENTED_EDGE('',*,*,#3502,.F.);
#3502 = EDGE_CURVE('',#3353,#3434,#3503,.T.);
#3503 = LINE('',#3504,#3505);
#3504 = CARTESIAN_POINT('',(-127.2792206135,212.13203435596,220.));
#3505 = VECTOR('',#3506,1.);
#3506 = DIRECTION('',(-0.707106781187,-0.707106781187,0.));
#3507 = ORIENTED_EDGE('',*,*,#3352,.T.);
#3508 = ORIENTED_EDGE('',*,*,#3502,.T.);
#3509 = CYLINDRICAL_SURFACE('',#3510,3.);
#3510 = AXIS2_PLACEMENT_3D('',#3511,#3512,#3513);
#3511 = CARTESIAN_POINT('',(-127.2792206135,212.13203435596,217.));
#3512 = DIRECTION('',(-0.707106781187,-0.707106781187,0.));
#3513 = DIRECTION('',(0.,0.,1.));
#3514 = ADVANCED_FACE('',(#3515),#3526,.F.);
#3515 = FACE_BOUND('',#3516,.F.);
#3516 = EDGE_LOOP('',(#3517,#3518,#3524,#3525));
#3517 = ORIENTED_EDGE('',*,*,#3444,.F.);
#3518 = ORIENTED_EDGE('',*,*,#3519,.F.);
#3519 = EDGE_CURVE('',#3364,#3445,#3520,.T.);
#3520 = LINE('',#3521,#3522);
#3521 = CARTESIAN_POINT('',(-127.2792206135,212.13203435596,248.));
#3522 = VECTOR('',#3523,1.);
#3523 = DIRECTION('',(-0.707106781187,-0.707106781187,0.));
#3524 = ORIENTED_EDGE('',*,*,#3363,.T.);
#3525 = ORIENTED_EDGE('',*,*,#3519,.T.);
#3526 = CYLINDRICAL_SURFACE('',#3527,3.);
#3527 = AXIS2_PLACEMENT_3D('',#3528,#3529,#3530);
#3528 = CARTESIAN_POINT('',(-127.2792206135,212.13203435596,245.));
#3529 = DIRECTION('',(-0.707106781187,-0.707106781187,0.));
#3530 = DIRECTION('',(0.,0.,1.));
#3531 = ADVANCED_FACE('',(#3532),#3543,.F.);
#3532 = FACE_BOUND('',#3533,.F.);
#3533 = EDGE_LOOP('',(#3534,#3535,#3541,#3542));
#3534 = ORIENTED_EDGE('',*,*,#3455,.F.);
#3535 = ORIENTED_EDGE('',*,*,#3536,.F.);
#3536 = EDGE_CURVE('',#3375,#3456,#3537,.T.);
#3537 = LINE('',#3538,#3539);
#3538 = CARTESIAN_POINT('',(-127.2792206135,212.13203435596,276.));
#3539 = VECTOR('',#3540,1.);
#3540 = DIRECTION('',(-0.707106781187,-0.707106781187,0.));
#3541 = ORIENTED_EDGE('',*,*,#3374,.T.);
#3542 = ORIENTED_EDGE('',*,*,#3536,.T.);
#3543 = CYLINDRICAL_SURFACE('',#3544,3.);
#3544 = AXIS2_PLACEMENT_3D('',#3545,#3546,#3547);
#3545 = CARTESIAN_POINT('',(-127.2792206135,212.13203435596,273.));
#3546 = DIRECTION('',(-0.707106781187,-0.707106781187,0.));
#3547 = DIRECTION('',(0.,0.,1.));
#3548 = ( GEOMETRIC_REPRESENTATION_CONTEXT(3) 
GLOBAL_UNCERTAINTY_ASSIGNED_CONTEXT((#3552)) 
GLOBAL_UNIT_ASSIGNED_CONTEXT((#3549,#3550,#3551)) REPRESENTATION_CONTEXT
('Context #1','3D Context with UNIT and UNCERTAINTY') );
#3549 = ( LENGTH_UNIT() NAMED_UNIT(*) SI_UNIT(.MILLI.,.METRE.) );
#3550 = ( NAMED_UNIT(*) PLANE_ANGLE_UNIT() SI_UNIT($,.RADIAN.) );
#3551 = ( NAMED_UNIT(*) SI_UNIT($,.STERADIAN.) SOLID_ANGLE_UNIT() );
#3552 = UNCERTAINTY_MEASURE_WITH_UNIT(LENGTH_MEASURE(1.E-07),#3549,
  'distance_accuracy_value','confusion accuracy');
#3553 = CONTEXT_DEPENDENT_SHAPE_REPRESENTATION(#3554,#3556);
#3554 = ( REPRESENTATION_RELATIONSHIP('','',#3280,#10) 
REPRESENTATION_RELATIONSHIP_WITH_TRANSFORMATION(#3555) 
SHAPE_REPRESENTATION_RELATIONSHIP() );
#3555 = ITEM_DEFINED_TRANSFORMATION('','',#11,#63);
#3556 = PRODUCT_DEFINITION_SHAPE('Placement','Placement of an item',
  #3557);
#3557 = NEXT_ASSEMBLY_USAGE_OCCURRENCE('13','P13 Slot jamb 135 / -1','',
  #5,#3275,$);
#3558 = PRODUCT_RELATED_PRODUCT_CATEGORY('part',$,(#3277));
#3559 = SHAPE_DEFINITION_REPRESENTATION(#3560,#3566);
#3560 = PRODUCT_DEFINITION_SHAPE('','',#3561);
#3561 = PRODUCT_DEFINITION('design','',#3562,#3565);
#3562 = PRODUCT_DEFINITION_FORMATION('','',#3563);
#3563 = PRODUCT('P14 Slot jamb 135 / 1','P14 Slot jamb 135 / 1','',(
    #3564));
#3564 = PRODUCT_CONTEXT('',#2,'mechanical');
#3565 = PRODUCT_DEFINITION_CONTEXT('part definition',#2,'design');
#3566 = ADVANCED_BREP_SHAPE_REPRESENTATION('',(#11,#3567),#3834);
#3567 = MANIFOLD_SOLID_BREP('',#3568);
#3568 = CLOSED_SHELL('',(#3569,#3609,#3673,#3697,#3754,#3771,#3783,#3800
    ,#3817));
#3569 = ADVANCED_FACE('',(#3570),#3604,.F.);
#3570 = FACE_BOUND('',#3571,.F.);
#3571 = EDGE_LOOP('',(#3572,#3582,#3590,#3598));
#3572 = ORIENTED_EDGE('',*,*,#3573,.F.);
#3573 = EDGE_CURVE('',#3574,#3576,#3578,.T.);
#3574 = VERTEX_POINT('',#3575);
#3575 = CARTESIAN_POINT('',(-171.1198410471,154.14927829866,18.));
#3576 = VERTEX_POINT('',#3577);
#3577 = CARTESIAN_POINT('',(-171.1198410471,154.14927829866,280.));
#3578 = LINE('',#3579,#3580);
#3579 = CARTESIAN_POINT('',(-171.1198410471,154.14927829866,18.));
#3580 = VECTOR('',#3581,1.);
#3581 = DIRECTION('',(0.,0.,1.));
#3582 = ORIENTED_EDGE('',*,*,#3583,.T.);
#3583 = EDGE_CURVE('',#3574,#3584,#3586,.T.);
#3584 = VERTEX_POINT('',#3585);
#3585 = CARTESIAN_POINT('',(-173.9482681718,151.32085117392,18.));
#3586 = LINE('',#3587,#3588);
#3587 = CARTESIAN_POINT('',(-171.1198410471,154.14927829866,18.));
#3588 = VECTOR('',#3589,1.);
#3589 = DIRECTION('',(-0.707106781187,-0.707106781187,0.));
#3590 = ORIENTED_EDGE('',*,*,#3591,.T.);
#3591 = EDGE_CURVE('',#3584,#3592,#3594,.T.);
#3592 = VERTEX_POINT('',#3593);
#3593 = CARTESIAN_POINT('',(-173.9482681718,151.32085117392,280.));
#3594 = LINE('',#3595,#3596);
#3595 = CARTESIAN_POINT('',(-173.9482681718,151.32085117392,18.));
#3596 = VECTOR('',#3597,1.);
#3597 = DIRECTION('',(0.,0.,1.));
#3598 = ORIENTED_EDGE('',*,*,#3599,.F.);
#3599 = EDGE_CURVE('',#3576,#3592,#3600,.T.);
#3600 = LINE('',#3601,#3602);
#3601 = CARTESIAN_POINT('',(-171.1198410471,154.14927829866,280.));
#3602 = VECTOR('',#3603,1.);
#3603 = DIRECTION('',(-0.707106781187,-0.707106781187,0.));
#3604 = PLANE('',#3605);
#3605 = AXIS2_PLACEMENT_3D('',#3606,#3607,#3608);
#3606 = CARTESIAN_POINT('',(-171.1198410471,154.14927829866,18.));
#3607 = DIRECTION('',(-0.707106781187,0.707106781187,0.));
#3608 = DIRECTION('',(0.,0.,1.));
#3609 = ADVANCED_FACE('',(#3610,#3635,#3646,#3657),#3668,.F.);
#3610 = FACE_BOUND('',#3611,.F.);
#3611 = EDGE_LOOP('',(#3612,#3620,#3621,#3629));
#3612 = ORIENTED_EDGE('',*,*,#3613,.F.);
#3613 = EDGE_CURVE('',#3574,#3614,#3616,.T.);
#3614 = VERTEX_POINT('',#3615);
#3615 = CARTESIAN_POINT('',(-185.2619766708,168.29141392239,18.));
#3616 = LINE('',#3617,#3618);
#3617 = CARTESIAN_POINT('',(-171.1198410471,154.14927829866,18.));
#3618 = VECTOR('',#3619,1.);
#3619 = DIRECTION('',(-0.707106781187,0.707106781187,0.));
#3620 = ORIENTED_EDGE('',*,*,#3573,.T.);
#3621 = ORIENTED_EDGE('',*,*,#3622,.T.);
#3622 = EDGE_CURVE('',#3576,#3623,#3625,.T.);
#3623 = VERTEX_POINT('',#3624);
#3624 = CARTESIAN_POINT('',(-185.2619766708,168.29141392239,280.));
#3625 = LINE('',#3626,#3627);
#3626 = CARTESIAN_POINT('',(-171.1198410471,154.14927829866,280.));
#3627 = VECTOR('',#3628,1.);
#3628 = DIRECTION('',(-0.707106781187,0.707106781187,0.));
#3629 = ORIENTED_EDGE('',*,*,#3630,.F.);
#3630 = EDGE_CURVE('',#3614,#3623,#3631,.T.);
#3631 = LINE('',#3632,#3633);
#3632 = CARTESIAN_POINT('',(-185.2619766708,168.29141392239,18.));
#3633 = VECTOR('',#3634,1.);
#3634 = DIRECTION('',(0.,0.,1.));
#3635 = FACE_BOUND('',#3636,.F.);
#3636 = EDGE_LOOP('',(#3637));
#3637 = ORIENTED_EDGE('',*,*,#3638,.F.);
#3638 = EDGE_CURVE('',#3639,#3639,#3641,.T.);
#3639 = VERTEX_POINT('',#3640);
#3640 = CARTESIAN_POINT('',(-178.190908859,161.22034611053,220.));
#3641 = CIRCLE('',#3642,3.);
#3642 = AXIS2_PLACEMENT_3D('',#3643,#3644,#3645);
#3643 = CARTESIAN_POINT('',(-178.190908859,161.22034611053,217.));
#3644 = DIRECTION('',(-0.707106781187,-0.707106781187,0.));
#3645 = DIRECTION('',(0.,0.,1.));
#3646 = FACE_BOUND('',#3647,.F.);
#3647 = EDGE_LOOP('',(#3648));
#3648 = ORIENTED_EDGE('',*,*,#3649,.F.);
#3649 = EDGE_CURVE('',#3650,#3650,#3652,.T.);
#3650 = VERTEX_POINT('',#3651);
#3651 = CARTESIAN_POINT('',(-178.190908859,161.22034611053,248.));
#3652 = CIRCLE('',#3653,3.);
#3653 = AXIS2_PLACEMENT_3D('',#3654,#3655,#3656);
#3654 = CARTESIAN_POINT('',(-178.190908859,161.22034611053,245.));
#3655 = DIRECTION('',(-0.707106781187,-0.707106781187,0.));
#3656 = DIRECTION('',(0.,0.,1.));
#3657 = FACE_BOUND('',#3658,.F.);
#3658 = EDGE_LOOP('',(#3659));
#3659 = ORIENTED_EDGE('',*,*,#3660,.F.);
#3660 = EDGE_CURVE('',#3661,#3661,#3663,.T.);
#3661 = VERTEX_POINT('',#3662);
#3662 = CARTESIAN_POINT('',(-178.190908859,161.22034611053,276.));
#3663 = CIRCLE('',#3664,3.);
#3664 = AXIS2_PLACEMENT_3D('',#3665,#3666,#3667);
#3665 = CARTESIAN_POINT('',(-178.190908859,161.22034611053,273.));
#3666 = DIRECTION('',(-0.707106781187,-0.707106781187,0.));
#3667 = DIRECTION('',(0.,0.,1.));
#3668 = PLANE('',#3669);
#3669 = AXIS2_PLACEMENT_3D('',#3670,#3671,#3672);
#3670 = CARTESIAN_POINT('',(-171.1198410471,154.14927829866,18.));
#3671 = DIRECTION('',(-0.707106781187,-0.707106781187,0.));
#3672 = DIRECTION('',(0.,0.,1.));
#3673 = ADVANCED_FACE('',(#3674),#3692,.T.);
#3674 = FACE_BOUND('',#3675,.T.);
#3675 = EDGE_LOOP('',(#3676,#3677,#3678,#3686));
#3676 = ORIENTED_EDGE('',*,*,#3599,.F.);
#3677 = ORIENTED_EDGE('',*,*,#3622,.T.);
#3678 = ORIENTED_EDGE('',*,*,#3679,.T.);
#3679 = EDGE_CURVE('',#3623,#3680,#3682,.T.);
#3680 = VERTEX_POINT('',#3681);
#3681 = CARTESIAN_POINT('',(-188.0904037956,165.46298679765,280.));
#3682 = LINE('',#3683,#3684);
#3683 = CARTESIAN_POINT('',(-185.2619766708,168.29141392239,280.));
#3684 = VECTOR('',#3685,1.);
#3685 = DIRECTION('',(-0.707106781187,-0.707106781187,0.));
#3686 = ORIENTED_EDGE('',*,*,#3687,.F.);
#3687 = EDGE_CURVE('',#3592,#3680,#3688,.T.);
#3688 = LINE('',#3689,#3690);
#3689 = CARTESIAN_POINT('',(-173.9482681718,151.32085117392,280.));
#3690 = VECTOR('',#3691,1.);
#3691 = DIRECTION('',(-0.707106781187,0.707106781187,0.));
#3692 = PLANE('',#3693);
#3693 = AXIS2_PLACEMENT_3D('',#3694,#3695,#3696);
#3694 = CARTESIAN_POINT('',(-171.1198410471,154.14927829866,280.));
#3695 = DIRECTION('',(0.,0.,1.));
#3696 = DIRECTION('',(-0.707106781187,0.707106781187,0.));
#3697 = ADVANCED_FACE('',(#3698,#3716,#3727,#3738),#3749,.T.);
#3698 = FACE_BOUND('',#3699,.T.);
#3699 = EDGE_LOOP('',(#3700,#3708,#3709,#3710));
#3700 = ORIENTED_EDGE('',*,*,#3701,.F.);
#3701 = EDGE_CURVE('',#3584,#3702,#3704,.T.);
#3702 = VERTEX_POINT('',#3703);
#3703 = CARTESIAN_POINT('',(-188.0904037956,165.46298679765,18.));
#3704 = LINE('',#3705,#3706);
#3705 = CARTESIAN_POINT('',(-173.9482681718,151.32085117392,18.));
#3706 = VECTOR('',#3707,1.);
#3707 = DIRECTION('',(-0.707106781187,0.707106781187,0.));
#3708 = ORIENTED_EDGE('',*,*,#3591,.T.);
#3709 = ORIENTED_EDGE('',*,*,#3687,.T.);
#3710 = ORIENTED_EDGE('',*,*,#3711,.F.);
#3711 = EDGE_CURVE('',#3702,#3680,#3712,.T.);
#3712 = LINE('',#3713,#3714);
#3713 = CARTESIAN_POINT('',(-188.0904037956,165.46298679765,18.));
#3714 = VECTOR('',#3715,1.);
#3715 = DIRECTION('',(0.,0.,1.));
#3716 = FACE_BOUND('',#3717,.T.);
#3717 = EDGE_LOOP('',(#3718));
#3718 = ORIENTED_EDGE('',*,*,#3719,.F.);
#3719 = EDGE_CURVE('',#3720,#3720,#3722,.T.);
#3720 = VERTEX_POINT('',#3721);
#3721 = CARTESIAN_POINT('',(-181.0193359837,158.39191898578,220.));
#3722 = CIRCLE('',#3723,3.);
#3723 = AXIS2_PLACEMENT_3D('',#3724,#3725,#3726);
#3724 = CARTESIAN_POINT('',(-181.0193359837,158.39191898578,217.));
#3725 = DIRECTION('',(-0.707106781187,-0.707106781187,0.));
#3726 = DIRECTION('',(0.,0.,1.));
#3727 = FACE_BOUND('',#3728,.T.);
#3728 = EDGE_LOOP('',(#3729));
#3729 = ORIENTED_EDGE('',*,*,#3730,.F.);
#3730 = EDGE_CURVE('',#3731,#3731,#3733,.T.);
#3731 = VERTEX_POINT('',#3732);
#3732 = CARTESIAN_POINT('',(-181.0193359837,158.39191898578,248.));
#3733 = CIRCLE('',#3734,3.);
#3734 = AXIS2_PLACEMENT_3D('',#3735,#3736,#3737);
#3735 = CARTESIAN_POINT('',(-181.0193359837,158.39191898578,245.));
#3736 = DIRECTION('',(-0.707106781187,-0.707106781187,0.));
#3737 = DIRECTION('',(0.,0.,1.));
#3738 = FACE_BOUND('',#3739,.T.);
#3739 = EDGE_LOOP('',(#3740));
#3740 = ORIENTED_EDGE('',*,*,#3741,.F.);
#3741 = EDGE_CURVE('',#3742,#3742,#3744,.T.);
#3742 = VERTEX_POINT('',#3743);
#3743 = CARTESIAN_POINT('',(-181.0193359837,158.39191898578,276.));
#3744 = CIRCLE('',#3745,3.);
#3745 = AXIS2_PLACEMENT_3D('',#3746,#3747,#3748);
#3746 = CARTESIAN_POINT('',(-181.0193359837,158.39191898578,273.));
#3747 = DIRECTION('',(-0.707106781187,-0.707106781187,0.));
#3748 = DIRECTION('',(0.,0.,1.));
#3749 = PLANE('',#3750);
#3750 = AXIS2_PLACEMENT_3D('',#3751,#3752,#3753);
#3751 = CARTESIAN_POINT('',(-173.9482681718,151.32085117392,18.));
#3752 = DIRECTION('',(-0.707106781187,-0.707106781187,0.));
#3753 = DIRECTION('',(0.,0.,1.));
#3754 = ADVANCED_FACE('',(#3755),#3766,.F.);
#3755 = FACE_BOUND('',#3756,.F.);
#3756 = EDGE_LOOP('',(#3757,#3758,#3759,#3765));
#3757 = ORIENTED_EDGE('',*,*,#3583,.F.);
#3758 = ORIENTED_EDGE('',*,*,#3613,.T.);
#3759 = ORIENTED_EDGE('',*,*,#3760,.T.);
#3760 = EDGE_CURVE('',#3614,#3702,#3761,.T.);
#3761 = LINE('',#3762,#3763);
#3762 = CARTESIAN_POINT('',(-185.2619766708,168.29141392239,18.));
#3763 = VECTOR('',#3764,1.);
#3764 = DIRECTION('',(-0.707106781187,-0.707106781187,0.));
#3765 = ORIENTED_EDGE('',*,*,#3701,.F.);
#3766 = PLANE('',#3767);
#3767 = AXIS2_PLACEMENT_3D('',#3768,#3769,#3770);
#3768 = CARTESIAN_POINT('',(-171.1198410471,154.14927829866,18.));
#3769 = DIRECTION('',(0.,0.,1.));
#3770 = DIRECTION('',(-0.707106781187,0.707106781187,0.));
#3771 = ADVANCED_FACE('',(#3772),#3778,.T.);
#3772 = FACE_BOUND('',#3773,.T.);
#3773 = EDGE_LOOP('',(#3774,#3775,#3776,#3777));
#3774 = ORIENTED_EDGE('',*,*,#3630,.F.);
#3775 = ORIENTED_EDGE('',*,*,#3760,.T.);
#3776 = ORIENTED_EDGE('',*,*,#3711,.T.);
#3777 = ORIENTED_EDGE('',*,*,#3679,.F.);
#3778 = PLANE('',#3779);
#3779 = AXIS2_PLACEMENT_3D('',#3780,#3781,#3782);
#3780 = CARTESIAN_POINT('',(-185.2619766708,168.29141392239,18.));
#3781 = DIRECTION('',(-0.707106781187,0.707106781187,0.));
#3782 = DIRECTION('',(0.,0.,1.));
#3783 = ADVANCED_FACE('',(#3784),#3795,.F.);
#3784 = FACE_BOUND('',#3785,.F.);
#3785 = EDGE_LOOP('',(#3786,#3787,#3793,#3794));
#3786 = ORIENTED_EDGE('',*,*,#3719,.F.);
#3787 = ORIENTED_EDGE('',*,*,#3788,.F.);
#3788 = EDGE_CURVE('',#3639,#3720,#3789,.T.);
#3789 = LINE('',#3790,#3791);
#3790 = CARTESIAN_POINT('',(-127.2792206135,212.13203435596,220.));
#3791 = VECTOR('',#3792,1.);
#3792 = DIRECTION('',(-0.707106781187,-0.707106781187,0.));
#3793 = ORIENTED_EDGE('',*,*,#3638,.T.);
#3794 = ORIENTED_EDGE('',*,*,#3788,.T.);
#3795 = CYLINDRICAL_SURFACE('',#3796,3.);
#3796 = AXIS2_PLACEMENT_3D('',#3797,#3798,#3799);
#3797 = CARTESIAN_POINT('',(-127.2792206135,212.13203435596,217.));
#3798 = DIRECTION('',(-0.707106781187,-0.707106781187,0.));
#3799 = DIRECTION('',(0.,0.,1.));
#3800 = ADVANCED_FACE('',(#3801),#3812,.F.);
#3801 = FACE_BOUND('',#3802,.F.);
#3802 = EDGE_LOOP('',(#3803,#3804,#3810,#3811));
#3803 = ORIENTED_EDGE('',*,*,#3730,.F.);
#3804 = ORIENTED_EDGE('',*,*,#3805,.F.);
#3805 = EDGE_CURVE('',#3650,#3731,#3806,.T.);
#3806 = LINE('',#3807,#3808);
#3807 = CARTESIAN_POINT('',(-127.2792206135,212.13203435596,248.));
#3808 = VECTOR('',#3809,1.);
#3809 = DIRECTION('',(-0.707106781187,-0.707106781187,0.));
#3810 = ORIENTED_EDGE('',*,*,#3649,.T.);
#3811 = ORIENTED_EDGE('',*,*,#3805,.T.);
#3812 = CYLINDRICAL_SURFACE('',#3813,3.);
#3813 = AXIS2_PLACEMENT_3D('',#3814,#3815,#3816);
#3814 = CARTESIAN_POINT('',(-127.2792206135,212.13203435596,245.));
#3815 = DIRECTION('',(-0.707106781187,-0.707106781187,0.));
#3816 = DIRECTION('',(0.,0.,1.));
#3817 = ADVANCED_FACE('',(#3818),#3829,.F.);
#3818 = FACE_BOUND('',#3819,.F.);
#3819 = EDGE_LOOP('',(#3820,#3821,#3827,#3828));
#3820 = ORIENTED_EDGE('',*,*,#3741,.F.);
#3821 = ORIENTED_EDGE('',*,*,#3822,.F.);
#3822 = EDGE_CURVE('',#3661,#3742,#3823,.T.);
#3823 = LINE('',#3824,#3825);
#3824 = CARTESIAN_POINT('',(-127.2792206135,212.13203435596,276.));
#3825 = VECTOR('',#3826,1.);
#3826 = DIRECTION('',(-0.707106781187,-0.707106781187,0.));
#3827 = ORIENTED_EDGE('',*,*,#3660,.T.);
#3828 = ORIENTED_EDGE('',*,*,#3822,.T.);
#3829 = CYLINDRICAL_SURFACE('',#3830,3.);
#3830 = AXIS2_PLACEMENT_3D('',#3831,#3832,#3833);
#3831 = CARTESIAN_POINT('',(-127.2792206135,212.13203435596,273.));
#3832 = DIRECTION('',(-0.707106781187,-0.707106781187,0.));
#3833 = DIRECTION('',(0.,0.,1.));
#3834 = ( GEOMETRIC_REPRESENTATION_CONTEXT(3) 
GLOBAL_UNCERTAINTY_ASSIGNED_CONTEXT((#3838)) 
GLOBAL_UNIT_ASSIGNED_CONTEXT((#3835,#3836,#3837)) REPRESENTATION_CONTEXT
('Context #1','3D Context with UNIT and UNCERTAINTY') );
#3835 = ( LENGTH_UNIT() NAMED_UNIT(*) SI_UNIT(.MILLI.,.METRE.) );
#3836 = ( NAMED_UNIT(*) PLANE_ANGLE_UNIT() SI_UNIT($,.RADIAN.) );
#3837 = ( NAMED_UNIT(*) SI_UNIT($,.STERADIAN.) SOLID_ANGLE_UNIT() );
#3838 = UNCERTAINTY_MEASURE_WITH_UNIT(LENGTH_MEASURE(1.E-07),#3835,
  'distance_accuracy_value','confusion accuracy');
#3839 = CONTEXT_DEPENDENT_SHAPE_REPRESENTATION(#3840,#3842);
#3840 = ( REPRESENTATION_RELATIONSHIP('','',#3566,#10) 
REPRESENTATION_RELATIONSHIP_WITH_TRANSFORMATION(#3841) 
SHAPE_REPRESENTATION_RELATIONSHIP() );
#3841 = ITEM_DEFINED_TRANSFORMATION('','',#11,#67);
#3842 = PRODUCT_DEFINITION_SHAPE('Placement','Placement of an item',
  #3843);
#3843 = NEXT_ASSEMBLY_USAGE_OCCURRENCE('14','P14 Slot jamb 135 / 1','',
  #5,#3561,$);
#3844 = PRODUCT_RELATED_PRODUCT_CATEGORY('part',$,(#3563));
#3845 = SHAPE_DEFINITION_REPRESENTATION(#3846,#3852);
#3846 = PRODUCT_DEFINITION_SHAPE('','',#3847);
#3847 = PRODUCT_DEFINITION('design','',#3848,#3851);
#3848 = PRODUCT_DEFINITION_FORMATION('','',#3849);
#3849 = PRODUCT('P15 Slot lintel 135','P15 Slot lintel 135','',(#3850));
#3850 = PRODUCT_CONTEXT('',#2,'mechanical');
#3851 = PRODUCT_DEFINITION_CONTEXT('part definition',#2,'design');
#3852 = ADVANCED_BREP_SHAPE_REPRESENTATION('',(#11,#3853),#4003);
#3853 = MANIFOLD_SOLID_BREP('',#3854);
#3854 = CLOSED_SHELL('',(#3855,#3895,#3935,#3957,#3979,#3991));
#3855 = ADVANCED_FACE('',(#3856),#3890,.F.);
#3856 = FACE_BOUND('',#3857,.F.);
#3857 = EDGE_LOOP('',(#3858,#3868,#3876,#3884));
#3858 = ORIENTED_EDGE('',*,*,#3859,.F.);
#3859 = EDGE_CURVE('',#3860,#3862,#3864,.T.);
#3860 = VERTEX_POINT('',#3861);
#3861 = CARTESIAN_POINT('',(-151.3208511739,173.94826817189,280.));
#3862 = VERTEX_POINT('',#3863);
#3863 = CARTESIAN_POINT('',(-151.3208511739,173.94826817189,284.));
#3864 = LINE('',#3865,#3866);
#3865 = CARTESIAN_POINT('',(-151.3208511739,173.94826817189,280.));
#3866 = VECTOR('',#3867,1.);
#3867 = DIRECTION('',(0.,0.,1.));
#3868 = ORIENTED_EDGE('',*,*,#3869,.T.);
#3869 = EDGE_CURVE('',#3860,#3870,#3872,.T.);
#3870 = VERTEX_POINT('',#3871);
#3871 = CARTESIAN_POINT('',(-173.9482681718,151.32085117392,280.));
#3872 = LINE('',#3873,#3874);
#3873 = CARTESIAN_POINT('',(-151.3208511739,173.94826817189,280.));
#3874 = VECTOR('',#3875,1.);
#3875 = DIRECTION('',(-0.707106781187,-0.707106781187,0.));
#3876 = ORIENTED_EDGE('',*,*,#3877,.T.);
#3877 = EDGE_CURVE('',#3870,#3878,#3880,.T.);
#3878 = VERTEX_POINT('',#3879);
#3879 = CARTESIAN_POINT('',(-173.9482681718,151.32085117392,284.));
#3880 = LINE('',#3881,#3882);
#3881 = CARTESIAN_POINT('',(-173.9482681718,151.32085117392,280.));
#3882 = VECTOR('',#3883,1.);
#3883 = DIRECTION('',(0.,0.,1.));
#3884 = ORIENTED_EDGE('',*,*,#3885,.F.);
#3885 = EDGE_CURVE('',#3862,#3878,#3886,.T.);
#3886 = LINE('',#3887,#3888);
#3887 = CARTESIAN_POINT('',(-151.3208511739,173.94826817189,284.));
#3888 = VECTOR('',#3889,1.);
#3889 = DIRECTION('',(-0.707106781187,-0.707106781187,0.));
#3890 = PLANE('',#3891);
#3891 = AXIS2_PLACEMENT_3D('',#3892,#3893,#3894);
#3892 = CARTESIAN_POINT('',(-151.3208511739,173.94826817189,280.));
#3893 = DIRECTION('',(-0.707106781187,0.707106781187,0.));
#3894 = DIRECTION('',(0.,0.,1.));
#3895 = ADVANCED_FACE('',(#3896),#3930,.T.);
#3896 = FACE_BOUND('',#3897,.T.);
#3897 = EDGE_LOOP('',(#3898,#3908,#3916,#3924));
#3898 = ORIENTED_EDGE('',*,*,#3899,.F.);
#3899 = EDGE_CURVE('',#3900,#3902,#3904,.T.);
#3900 = VERTEX_POINT('',#3901);
#3901 = CARTESIAN_POINT('',(-165.4629867976,188.09040379562,280.));
#3902 = VERTEX_POINT('',#3903);
#3903 = CARTESIAN_POINT('',(-165.4629867976,188.09040379562,284.));
#3904 = LINE('',#3905,#3906);
#3905 = CARTESIAN_POINT('',(-165.4629867976,188.09040379562,280.));
#3906 = VECTOR('',#3907,1.);
#3907 = DIRECTION('',(0.,0.,1.));
#3908 = ORIENTED_EDGE('',*,*,#3909,.T.);
#3909 = EDGE_CURVE('',#3900,#3910,#3912,.T.);
#3910 = VERTEX_POINT('',#3911);
#3911 = CARTESIAN_POINT('',(-188.0904037956,165.46298679765,280.));
#3912 = LINE('',#3913,#3914);
#3913 = CARTESIAN_POINT('',(-165.4629867976,188.09040379562,280.));
#3914 = VECTOR('',#3915,1.);
#3915 = DIRECTION('',(-0.707106781187,-0.707106781187,0.));
#3916 = ORIENTED_EDGE('',*,*,#3917,.T.);
#3917 = EDGE_CURVE('',#3910,#3918,#3920,.T.);
#3918 = VERTEX_POINT('',#3919);
#3919 = CARTESIAN_POINT('',(-188.0904037956,165.46298679765,284.));
#3920 = LINE('',#3921,#3922);
#3921 = CARTESIAN_POINT('',(-188.0904037956,165.46298679765,280.));
#3922 = VECTOR('',#3923,1.);
#3923 = DIRECTION('',(0.,0.,1.));
#3924 = ORIENTED_EDGE('',*,*,#3925,.F.);
#3925 = EDGE_CURVE('',#3902,#3918,#3926,.T.);
#3926 = LINE('',#3927,#3928);
#3927 = CARTESIAN_POINT('',(-165.4629867976,188.09040379562,284.));
#3928 = VECTOR('',#3929,1.);
#3929 = DIRECTION('',(-0.707106781187,-0.707106781187,0.));
#3930 = PLANE('',#3931);
#3931 = AXIS2_PLACEMENT_3D('',#3932,#3933,#3934);
#3932 = CARTESIAN_POINT('',(-165.4629867976,188.09040379562,280.));
#3933 = DIRECTION('',(-0.707106781187,0.707106781187,0.));
#3934 = DIRECTION('',(0.,0.,1.));
#3935 = ADVANCED_FACE('',(#3936),#3952,.F.);
#3936 = FACE_BOUND('',#3937,.F.);
#3937 = EDGE_LOOP('',(#3938,#3944,#3945,#3951));
#3938 = ORIENTED_EDGE('',*,*,#3939,.F.);
#3939 = EDGE_CURVE('',#3860,#3900,#3940,.T.);
#3940 = LINE('',#3941,#3942);
#3941 = CARTESIAN_POINT('',(-151.3208511739,173.94826817189,280.));
#3942 = VECTOR('',#3943,1.);
#3943 = DIRECTION('',(-0.707106781187,0.707106781187,0.));
#3944 = ORIENTED_EDGE('',*,*,#3859,.T.);
#3945 = ORIENTED_EDGE('',*,*,#3946,.T.);
#3946 = EDGE_CURVE('',#3862,#3902,#3947,.T.);
#3947 = LINE('',#3948,#3949);
#3948 = CARTESIAN_POINT('',(-151.3208511739,173.94826817189,284.));
#3949 = VECTOR('',#3950,1.);
#3950 = DIRECTION('',(-0.707106781187,0.707106781187,0.));
#3951 = ORIENTED_EDGE('',*,*,#3899,.F.);
#3952 = PLANE('',#3953);
#3953 = AXIS2_PLACEMENT_3D('',#3954,#3955,#3956);
#3954 = CARTESIAN_POINT('',(-151.3208511739,173.94826817189,280.));
#3955 = DIRECTION('',(-0.707106781187,-0.707106781187,0.));
#3956 = DIRECTION('',(0.,0.,1.));
#3957 = ADVANCED_FACE('',(#3958),#3974,.T.);
#3958 = FACE_BOUND('',#3959,.T.);
#3959 = EDGE_LOOP('',(#3960,#3966,#3967,#3973));
#3960 = ORIENTED_EDGE('',*,*,#3961,.F.);
#3961 = EDGE_CURVE('',#3870,#3910,#3962,.T.);
#3962 = LINE('',#3963,#3964);
#3963 = CARTESIAN_POINT('',(-173.9482681718,151.32085117392,280.));
#3964 = VECTOR('',#3965,1.);
#3965 = DIRECTION('',(-0.707106781187,0.707106781187,0.));
#3966 = ORIENTED_EDGE('',*,*,#3877,.T.);
#3967 = ORIENTED_EDGE('',*,*,#3968,.T.);
#3968 = EDGE_CURVE('',#3878,#3918,#3969,.T.);
#3969 = LINE('',#3970,#3971);
#3970 = CARTESIAN_POINT('',(-173.9482681718,151.32085117392,284.));
#3971 = VECTOR('',#3972,1.);
#3972 = DIRECTION('',(-0.707106781187,0.707106781187,0.));
#3973 = ORIENTED_EDGE('',*,*,#3917,.F.);
#3974 = PLANE('',#3975);
#3975 = AXIS2_PLACEMENT_3D('',#3976,#3977,#3978);
#3976 = CARTESIAN_POINT('',(-173.9482681718,151.32085117392,280.));
#3977 = DIRECTION('',(-0.707106781187,-0.707106781187,0.));
#3978 = DIRECTION('',(0.,0.,1.));
#3979 = ADVANCED_FACE('',(#3980),#3986,.F.);
#3980 = FACE_BOUND('',#3981,.F.);
#3981 = EDGE_LOOP('',(#3982,#3983,#3984,#3985));
#3982 = ORIENTED_EDGE('',*,*,#3869,.F.);
#3983 = ORIENTED_EDGE('',*,*,#3939,.T.);
#3984 = ORIENTED_EDGE('',*,*,#3909,.T.);
#3985 = ORIENTED_EDGE('',*,*,#3961,.F.);
#3986 = PLANE('',#3987);
#3987 = AXIS2_PLACEMENT_3D('',#3988,#3989,#3990);
#3988 = CARTESIAN_POINT('',(-151.3208511739,173.94826817189,280.));
#3989 = DIRECTION('',(0.,0.,1.));
#3990 = DIRECTION('',(-0.707106781187,0.707106781187,0.));
#3991 = ADVANCED_FACE('',(#3992),#3998,.T.);
#3992 = FACE_BOUND('',#3993,.T.);
#3993 = EDGE_LOOP('',(#3994,#3995,#3996,#3997));
#3994 = ORIENTED_EDGE('',*,*,#3885,.F.);
#3995 = ORIENTED_EDGE('',*,*,#3946,.T.);
#3996 = ORIENTED_EDGE('',*,*,#3925,.T.);
#3997 = ORIENTED_EDGE('',*,*,#3968,.F.);
#3998 = PLANE('',#3999);
#3999 = AXIS2_PLACEMENT_3D('',#4000,#4001,#4002);
#4000 = CARTESIAN_POINT('',(-151.3208511739,173.94826817189,284.));
#4001 = DIRECTION('',(0.,0.,1.));
#4002 = DIRECTION('',(-0.707106781187,0.707106781187,0.));
#4003 = ( GEOMETRIC_REPRESENTATION_CONTEXT(3) 
GLOBAL_UNCERTAINTY_ASSIGNED_CONTEXT((#4007)) 
GLOBAL_UNIT_ASSIGNED_CONTEXT((#4004,#4005,#4006)) REPRESENTATION_CONTEXT
('Context #1','3D Context with UNIT and UNCERTAINTY') );
#4004 = ( LENGTH_UNIT() NAMED_UNIT(*) SI_UNIT(.MILLI.,.METRE.) );
#4005 = ( NAMED_UNIT(*) PLANE_ANGLE_UNIT() SI_UNIT($,.RADIAN.) );
#4006 = ( NAMED_UNIT(*) SI_UNIT($,.STERADIAN.) SOLID_ANGLE_UNIT() );
#4007 = UNCERTAINTY_MEASURE_WITH_UNIT(LENGTH_MEASURE(1.E-07),#4004,
  'distance_accuracy_value','confusion accuracy');
#4008 = CONTEXT_DEPENDENT_SHAPE_REPRESENTATION(#4009,#4011);
#4009 = ( REPRESENTATION_RELATIONSHIP('','',#3852,#10) 
REPRESENTATION_RELATIONSHIP_WITH_TRANSFORMATION(#4010) 
SHAPE_REPRESENTATION_RELATIONSHIP() );
#4010 = ITEM_DEFINED_TRANSFORMATION('','',#11,#71);
#4011 = PRODUCT_DEFINITION_SHAPE('Placement','Placement of an item',
  #4012);
#4012 = NEXT_ASSEMBLY_USAGE_OCCURRENCE('15','P15 Slot lintel 135','',#5,
  #3847,$);
#4013 = PRODUCT_RELATED_PRODUCT_CATEGORY('part',$,(#3849));
#4014 = SHAPE_DEFINITION_REPRESENTATION(#4015,#4021);
#4015 = PRODUCT_DEFINITION_SHAPE('','',#4016);
#4016 = PRODUCT_DEFINITION('design','',#4017,#4020);
#4017 = PRODUCT_DEFINITION_FORMATION('','',#4018);
#4018 = PRODUCT('P16 Foot shoe 135','P16 Foot shoe 135','',(#4019));
#4019 = PRODUCT_CONTEXT('',#2,'mechanical');
#4020 = PRODUCT_DEFINITION_CONTEXT('part definition',#2,'design');
#4021 = ADVANCED_BREP_SHAPE_REPRESENTATION('',(#11,#4022),#4172);
#4022 = MANIFOLD_SOLID_BREP('',#4023);
#4023 = CLOSED_SHELL('',(#4024,#4064,#4104,#4126,#4148,#4160));
#4024 = ADVANCED_FACE('',(#4025),#4059,.F.);
#4025 = FACE_BOUND('',#4026,.F.);
#4026 = EDGE_LOOP('',(#4027,#4037,#4045,#4053));
#4027 = ORIENTED_EDGE('',*,*,#4028,.F.);
#4028 = EDGE_CURVE('',#4029,#4031,#4033,.T.);
#4029 = VERTEX_POINT('',#4030);
#4030 = CARTESIAN_POINT('',(-118.7939392393,203.64675298172,0.));
#4031 = VERTEX_POINT('',#4032);
#4032 = CARTESIAN_POINT('',(-118.7939392393,203.64675298172,18.));
#4033 = LINE('',#4034,#4035);
#4034 = CARTESIAN_POINT('',(-118.7939392393,203.64675298172,0.));
#4035 = VECTOR('',#4036,1.);
#4036 = DIRECTION('',(0.,0.,1.));
#4037 = ORIENTED_EDGE('',*,*,#4038,.T.);
#4038 = EDGE_CURVE('',#4029,#4039,#4041,.T.);
#4039 = VERTEX_POINT('',#4040);
#4040 = CARTESIAN_POINT('',(-203.6467529817,118.79393923934,0.));
#4041 = LINE('',#4042,#4043);
#4042 = CARTESIAN_POINT('',(-118.7939392393,203.64675298172,0.));
#4043 = VECTOR('',#4044,1.);
#4044 = DIRECTION('',(-0.707106781187,-0.707106781187,0.));
#4045 = ORIENTED_EDGE('',*,*,#4046,.T.);
#4046 = EDGE_CURVE('',#4039,#4047,#4049,.T.);
#4047 = VERTEX_POINT('',#4048);
#4048 = CARTESIAN_POINT('',(-203.6467529817,118.79393923934,18.));
#4049 = LINE('',#4050,#4051);
#4050 = CARTESIAN_POINT('',(-203.6467529817,118.79393923934,0.));
#4051 = VECTOR('',#4052,1.);
#4052 = DIRECTION('',(0.,0.,1.));
#4053 = ORIENTED_EDGE('',*,*,#4054,.F.);
#4054 = EDGE_CURVE('',#4031,#4047,#4055,.T.);
#4055 = LINE('',#4056,#4057);
#4056 = CARTESIAN_POINT('',(-118.7939392393,203.64675298172,18.));
#4057 = VECTOR('',#4058,1.);
#4058 = DIRECTION('',(-0.707106781187,-0.707106781187,0.));
#4059 = PLANE('',#4060);
#4060 = AXIS2_PLACEMENT_3D('',#4061,#4062,#4063);
#4061 = CARTESIAN_POINT('',(-118.7939392393,203.64675298172,0.));
#4062 = DIRECTION('',(-0.707106781187,0.707106781187,0.));
#4063 = DIRECTION('',(0.,0.,1.));
#4064 = ADVANCED_FACE('',(#4065),#4099,.T.);
#4065 = FACE_BOUND('',#4066,.T.);
#4066 = EDGE_LOOP('',(#4067,#4077,#4085,#4093));
#4067 = ORIENTED_EDGE('',*,*,#4068,.F.);
#4068 = EDGE_CURVE('',#4069,#4071,#4073,.T.);
#4069 = VERTEX_POINT('',#4070);
#4070 = CARTESIAN_POINT('',(-135.7645019878,220.6173157302,0.));
#4071 = VERTEX_POINT('',#4072);
#4072 = CARTESIAN_POINT('',(-135.7645019878,220.6173157302,18.));
#4073 = LINE('',#4074,#4075);
#4074 = CARTESIAN_POINT('',(-135.7645019878,220.6173157302,0.));
#4075 = VECTOR('',#4076,1.);
#4076 = DIRECTION('',(0.,0.,1.));
#4077 = ORIENTED_EDGE('',*,*,#4078,.T.);
#4078 = EDGE_CURVE('',#4069,#4079,#4081,.T.);
#4079 = VERTEX_POINT('',#4080);
#4080 = CARTESIAN_POINT('',(-220.6173157302,135.76450198781,0.));
#4081 = LINE('',#4082,#4083);
#4082 = CARTESIAN_POINT('',(-135.7645019878,220.6173157302,0.));
#4083 = VECTOR('',#4084,1.);
#4084 = DIRECTION('',(-0.707106781187,-0.707106781187,0.));
#4085 = ORIENTED_EDGE('',*,*,#4086,.T.);
#4086 = EDGE_CURVE('',#4079,#4087,#4089,.T.);
#4087 = VERTEX_POINT('',#4088);
#4088 = CARTESIAN_POINT('',(-220.6173157302,135.76450198781,18.));
#4089 = LINE('',#4090,#4091);
#4090 = CARTESIAN_POINT('',(-220.6173157302,135.76450198781,0.));
#4091 = VECTOR('',#4092,1.);
#4092 = DIRECTION('',(0.,0.,1.));
#4093 = ORIENTED_EDGE('',*,*,#4094,.F.);
#4094 = EDGE_CURVE('',#4071,#4087,#4095,.T.);
#4095 = LINE('',#4096,#4097);
#4096 = CARTESIAN_POINT('',(-135.7645019878,220.6173157302,18.));
#4097 = VECTOR('',#4098,1.);
#4098 = DIRECTION('',(-0.707106781187,-0.707106781187,0.));
#4099 = PLANE('',#4100);
#4100 = AXIS2_PLACEMENT_3D('',#4101,#4102,#4103);
#4101 = CARTESIAN_POINT('',(-135.7645019878,220.6173157302,0.));
#4102 = DIRECTION('',(-0.707106781187,0.707106781187,0.));
#4103 = DIRECTION('',(0.,0.,1.));
#4104 = ADVANCED_FACE('',(#4105),#4121,.F.);
#4105 = FACE_BOUND('',#4106,.F.);
#4106 = EDGE_LOOP('',(#4107,#4113,#4114,#4120));
#4107 = ORIENTED_EDGE('',*,*,#4108,.F.);
#4108 = EDGE_CURVE('',#4029,#4069,#4109,.T.);
#4109 = LINE('',#4110,#4111);
#4110 = CARTESIAN_POINT('',(-118.7939392393,203.64675298172,0.));
#4111 = VECTOR('',#4112,1.);
#4112 = DIRECTION('',(-0.707106781187,0.707106781187,0.));
#4113 = ORIENTED_EDGE('',*,*,#4028,.T.);
#4114 = ORIENTED_EDGE('',*,*,#4115,.T.);
#4115 = EDGE_CURVE('',#4031,#4071,#4116,.T.);
#4116 = LINE('',#4117,#4118);
#4117 = CARTESIAN_POINT('',(-118.7939392393,203.64675298172,18.));
#4118 = VECTOR('',#4119,1.);
#4119 = DIRECTION('',(-0.707106781187,0.707106781187,0.));
#4120 = ORIENTED_EDGE('',*,*,#4068,.F.);
#4121 = PLANE('',#4122);
#4122 = AXIS2_PLACEMENT_3D('',#4123,#4124,#4125);
#4123 = CARTESIAN_POINT('',(-118.7939392393,203.64675298172,0.));
#4124 = DIRECTION('',(-0.707106781187,-0.707106781187,0.));
#4125 = DIRECTION('',(0.,0.,1.));
#4126 = ADVANCED_FACE('',(#4127),#4143,.T.);
#4127 = FACE_BOUND('',#4128,.T.);
#4128 = EDGE_LOOP('',(#4129,#4135,#4136,#4142));
#4129 = ORIENTED_EDGE('',*,*,#4130,.F.);
#4130 = EDGE_CURVE('',#4039,#4079,#4131,.T.);
#4131 = LINE('',#4132,#4133);
#4132 = CARTESIAN_POINT('',(-203.6467529817,118.79393923934,0.));
#4133 = VECTOR('',#4134,1.);
#4134 = DIRECTION('',(-0.707106781187,0.707106781187,0.));
#4135 = ORIENTED_EDGE('',*,*,#4046,.T.);
#4136 = ORIENTED_EDGE('',*,*,#4137,.T.);
#4137 = EDGE_CURVE('',#4047,#4087,#4138,.T.);
#4138 = LINE('',#4139,#4140);
#4139 = CARTESIAN_POINT('',(-203.6467529817,118.79393923934,18.));
#4140 = VECTOR('',#4141,1.);
#4141 = DIRECTION('',(-0.707106781187,0.707106781187,0.));
#4142 = ORIENTED_EDGE('',*,*,#4086,.F.);
#4143 = PLANE('',#4144);
#4144 = AXIS2_PLACEMENT_3D('',#4145,#4146,#4147);
#4145 = CARTESIAN_POINT('',(-203.6467529817,118.79393923934,0.));
#4146 = DIRECTION('',(-0.707106781187,-0.707106781187,0.));
#4147 = DIRECTION('',(0.,0.,1.));
#4148 = ADVANCED_FACE('',(#4149),#4155,.F.);
#4149 = FACE_BOUND('',#4150,.F.);
#4150 = EDGE_LOOP('',(#4151,#4152,#4153,#4154));
#4151 = ORIENTED_EDGE('',*,*,#4038,.F.);
#4152 = ORIENTED_EDGE('',*,*,#4108,.T.);
#4153 = ORIENTED_EDGE('',*,*,#4078,.T.);
#4154 = ORIENTED_EDGE('',*,*,#4130,.F.);
#4155 = PLANE('',#4156);
#4156 = AXIS2_PLACEMENT_3D('',#4157,#4158,#4159);
#4157 = CARTESIAN_POINT('',(-118.7939392393,203.64675298172,0.));
#4158 = DIRECTION('',(0.,0.,1.));
#4159 = DIRECTION('',(-0.707106781187,0.707106781187,0.));
#4160 = ADVANCED_FACE('',(#4161),#4167,.T.);
#4161 = FACE_BOUND('',#4162,.T.);
#4162 = EDGE_LOOP('',(#4163,#4164,#4165,#4166));
#4163 = ORIENTED_EDGE('',*,*,#4054,.F.);
#4164 = ORIENTED_EDGE('',*,*,#4115,.T.);
#4165 = ORIENTED_EDGE('',*,*,#4094,.T.);
#4166 = ORIENTED_EDGE('',*,*,#4137,.F.);
#4167 = PLANE('',#4168);
#4168 = AXIS2_PLACEMENT_3D('',#4169,#4170,#4171);
#4169 = CARTESIAN_POINT('',(-118.7939392393,203.64675298172,18.));
#4170 = DIRECTION('',(0.,0.,1.));
#4171 = DIRECTION('',(-0.707106781187,0.707106781187,0.));
#4172 = ( GEOMETRIC_REPRESENTATION_CONTEXT(3) 
GLOBAL_UNCERTAINTY_ASSIGNED_CONTEXT((#4176)) 
GLOBAL_UNIT_ASSIGNED_CONTEXT((#4173,#4174,#4175)) REPRESENTATION_CONTEXT
('Context #1','3D Context with UNIT and UNCERTAINTY') );
#4173 = ( LENGTH_UNIT() NAMED_UNIT(*) SI_UNIT(.MILLI.,.METRE.) );
#4174 = ( NAMED_UNIT(*) PLANE_ANGLE_UNIT() SI_UNIT($,.RADIAN.) );
#4175 = ( NAMED_UNIT(*) SI_UNIT($,.STERADIAN.) SOLID_ANGLE_UNIT() );
#4176 = UNCERTAINTY_MEASURE_WITH_UNIT(LENGTH_MEASURE(1.E-07),#4173,
  'distance_accuracy_value','confusion accuracy');
#4177 = CONTEXT_DEPENDENT_SHAPE_REPRESENTATION(#4178,#4180);
#4178 = ( REPRESENTATION_RELATIONSHIP('','',#4021,#10) 
REPRESENTATION_RELATIONSHIP_WITH_TRANSFORMATION(#4179) 
SHAPE_REPRESENTATION_RELATIONSHIP() );
#4179 = ITEM_DEFINED_TRANSFORMATION('','',#11,#75);
#4180 = PRODUCT_DEFINITION_SHAPE('Placement','Placement of an item',
  #4181);
#4181 = NEXT_ASSEMBLY_USAGE_OCCURRENCE('16','P16 Foot shoe 135','',#5,
  #4016,$);
#4182 = PRODUCT_RELATED_PRODUCT_CATEGORY('part',$,(#4018));
#4183 = SHAPE_DEFINITION_REPRESENTATION(#4184,#4190);
#4184 = PRODUCT_DEFINITION_SHAPE('','',#4185);
#4185 = PRODUCT_DEFINITION('design','',#4186,#4189);
#4186 = PRODUCT_DEFINITION_FORMATION('','',#4187);
#4187 = PRODUCT('P17 Arched blade 225','P17 Arched blade 225','',(#4188)
  );
#4188 = PRODUCT_CONTEXT('',#2,'mechanical');
#4189 = PRODUCT_DEFINITION_CONTEXT('part definition',#2,'design');
#4190 = ADVANCED_BREP_SHAPE_REPRESENTATION('',(#11,#4191),#4777);
#4191 = MANIFOLD_SOLID_BREP('',#4192);
#4192 = CLOSED_SHELL('',(#4193,#4266,#4297,#4361,#4392,#4456,#4487,#4551
    ,#4584,#4601,#4618,#4635,#4668,#4685,#4702,#4719,#4741,#4759));
#4193 = ADVANCED_FACE('',(#4194,#4228,#4239,#4250),#4261,.T.);
#4194 = FACE_BOUND('',#4195,.T.);
#4195 = EDGE_LOOP('',(#4196,#4206,#4214,#4222));
#4196 = ORIENTED_EDGE('',*,*,#4197,.F.);
#4197 = EDGE_CURVE('',#4198,#4200,#4202,.T.);
#4198 = VERTEX_POINT('',#4199);
#4199 = CARTESIAN_POINT('',(-120.2081528017,-205.060966544,18.));
#4200 = VERTEX_POINT('',#4201);
#4201 = CARTESIAN_POINT('',(-134.3502884254,-219.2031021678,18.));
#4202 = LINE('',#4203,#4204);
#4203 = CARTESIAN_POINT('',(-120.2081528017,-205.060966544,18.));
#4204 = VECTOR('',#4205,1.);
#4205 = DIRECTION('',(-0.707106781187,-0.707106781187,0.));
#4206 = ORIENTED_EDGE('',*,*,#4207,.T.);
#4207 = EDGE_CURVE('',#4198,#4208,#4210,.T.);
#4208 = VERTEX_POINT('',#4209);
#4209 = CARTESIAN_POINT('',(-120.2081528017,-205.060966544,
    471.90524980688));
#4210 = LINE('',#4211,#4212);
#4211 = CARTESIAN_POINT('',(-120.2081528017,-205.060966544,18.));
#4212 = VECTOR('',#4213,1.);
#4213 = DIRECTION('',(0.,0.,1.));
#4214 = ORIENTED_EDGE('',*,*,#4215,.T.);
#4215 = EDGE_CURVE('',#4208,#4216,#4218,.T.);
#4216 = VERTEX_POINT('',#4217);
#4217 = CARTESIAN_POINT('',(-134.3502884254,-219.2031021678,
    471.90524980688));
#4218 = LINE('',#4219,#4220);
#4219 = CARTESIAN_POINT('',(-120.2081528017,-205.060966544,
    471.90524980688));
#4220 = VECTOR('',#4221,1.);
#4221 = DIRECTION('',(-0.707106781187,-0.707106781187,0.));
#4222 = ORIENTED_EDGE('',*,*,#4223,.F.);
#4223 = EDGE_CURVE('',#4200,#4216,#4224,.T.);
#4224 = LINE('',#4225,#4226);
#4225 = CARTESIAN_POINT('',(-134.3502884254,-219.2031021678,18.));
#4226 = VECTOR('',#4227,1.);
#4227 = DIRECTION('',(0.,0.,1.));
#4228 = FACE_BOUND('',#4229,.T.);
#4229 = EDGE_LOOP('',(#4230));
#4230 = ORIENTED_EDGE('',*,*,#4231,.F.);
#4231 = EDGE_CURVE('',#4232,#4232,#4234,.T.);
#4232 = VERTEX_POINT('',#4233);
#4233 = CARTESIAN_POINT('',(-127.2792206135,-212.1320343559,220.));
#4234 = CIRCLE('',#4235,3.);
#4235 = AXIS2_PLACEMENT_3D('',#4236,#4237,#4238);
#4236 = CARTESIAN_POINT('',(-127.2792206135,-212.1320343559,217.));
#4237 = DIRECTION('',(0.707106781187,-0.707106781187,0.));
#4238 = DIRECTION('',(0.,0.,1.));
#4239 = FACE_BOUND('',#4240,.T.);
#4240 = EDGE_LOOP('',(#4241));
#4241 = ORIENTED_EDGE('',*,*,#4242,.F.);
#4242 = EDGE_CURVE('',#4243,#4243,#4245,.T.);
#4243 = VERTEX_POINT('',#4244);
#4244 = CARTESIAN_POINT('',(-127.2792206135,-212.1320343559,248.));
#4245 = CIRCLE('',#4246,3.);
#4246 = AXIS2_PLACEMENT_3D('',#4247,#4248,#4249);
#4247 = CARTESIAN_POINT('',(-127.2792206135,-212.1320343559,245.));
#4248 = DIRECTION('',(0.707106781187,-0.707106781187,0.));
#4249 = DIRECTION('',(0.,0.,1.));
#4250 = FACE_BOUND('',#4251,.T.);
#4251 = EDGE_LOOP('',(#4252));
#4252 = ORIENTED_EDGE('',*,*,#4253,.F.);
#4253 = EDGE_CURVE('',#4254,#4254,#4256,.T.);
#4254 = VERTEX_POINT('',#4255);
#4255 = CARTESIAN_POINT('',(-127.2792206135,-212.1320343559,276.));
#4256 = CIRCLE('',#4257,3.);
#4257 = AXIS2_PLACEMENT_3D('',#4258,#4259,#4260);
#4258 = CARTESIAN_POINT('',(-127.2792206135,-212.1320343559,273.));
#4259 = DIRECTION('',(0.707106781187,-0.707106781187,0.));
#4260 = DIRECTION('',(0.,0.,1.));
#4261 = PLANE('',#4262);
#4262 = AXIS2_PLACEMENT_3D('',#4263,#4264,#4265);
#4263 = CARTESIAN_POINT('',(-120.2081528017,-205.060966544,18.));
#4264 = DIRECTION('',(0.707106781187,-0.707106781187,0.));
#4265 = DIRECTION('',(0.,0.,1.));
#4266 = ADVANCED_FACE('',(#4267),#4292,.F.);
#4267 = FACE_BOUND('',#4268,.F.);
#4268 = EDGE_LOOP('',(#4269,#4277,#4285,#4291));
#4269 = ORIENTED_EDGE('',*,*,#4270,.F.);
#4270 = EDGE_CURVE('',#4271,#4198,#4273,.T.);
#4271 = VERTEX_POINT('',#4272);
#4272 = CARTESIAN_POINT('',(-151.3208511739,-173.9482681718,18.));
#4273 = LINE('',#4274,#4275);
#4274 = CARTESIAN_POINT('',(-205.060966544,-120.2081528017,18.));
#4275 = VECTOR('',#4276,1.);
#4276 = DIRECTION('',(0.707106781187,-0.707106781187,0.));
#4277 = ORIENTED_EDGE('',*,*,#4278,.T.);
#4278 = EDGE_CURVE('',#4271,#4279,#4281,.T.);
#4279 = VERTEX_POINT('',#4280);
#4280 = CARTESIAN_POINT('',(-165.4629867976,-188.0904037956,18.));
#4281 = LINE('',#4282,#4283);
#4282 = CARTESIAN_POINT('',(-150.6137443927,-173.2411613907,18.));
#4283 = VECTOR('',#4284,1.);
#4284 = DIRECTION('',(-0.707106781187,-0.707106781187,0.));
#4285 = ORIENTED_EDGE('',*,*,#4286,.T.);
#4286 = EDGE_CURVE('',#4279,#4200,#4287,.T.);
#4287 = LINE('',#4288,#4289);
#4288 = CARTESIAN_POINT('',(-219.2031021678,-134.3502884254,18.));
#4289 = VECTOR('',#4290,1.);
#4290 = DIRECTION('',(0.707106781187,-0.707106781187,0.));
#4291 = ORIENTED_EDGE('',*,*,#4197,.F.);
#4292 = PLANE('',#4293);
#4293 = AXIS2_PLACEMENT_3D('',#4294,#4295,#4296);
#4294 = CARTESIAN_POINT('',(-205.060966544,-120.2081528017,18.));
#4295 = DIRECTION('',(0.,0.,1.));
#4296 = DIRECTION('',(-0.707106781187,-0.707106781187,0.));
#4297 = ADVANCED_FACE('',(#4298,#4323,#4334,#4345),#4356,.F.);
#4298 = FACE_BOUND('',#4299,.F.);
#4299 = EDGE_LOOP('',(#4300,#4301,#4309,#4317));
#4300 = ORIENTED_EDGE('',*,*,#4278,.F.);
#4301 = ORIENTED_EDGE('',*,*,#4302,.T.);
#4302 = EDGE_CURVE('',#4271,#4303,#4305,.T.);
#4303 = VERTEX_POINT('',#4304);
#4304 = CARTESIAN_POINT('',(-151.3208511739,-173.9482681718,284.));
#4305 = LINE('',#4306,#4307);
#4306 = CARTESIAN_POINT('',(-151.3208511739,-173.9482681718,18.));
#4307 = VECTOR('',#4308,1.);
#4308 = DIRECTION('',(0.,0.,1.));
#4309 = ORIENTED_EDGE('',*,*,#4310,.T.);
#4310 = EDGE_CURVE('',#4303,#4311,#4313,.T.);
#4311 = VERTEX_POINT('',#4312);
#4312 = CARTESIAN_POINT('',(-165.4629867976,-188.0904037956,284.));
#4313 = LINE('',#4314,#4315);
#4314 = CARTESIAN_POINT('',(-150.6137443927,-173.2411613907,284.));
#4315 = VECTOR('',#4316,1.);
#4316 = DIRECTION('',(-0.707106781187,-0.707106781187,0.));
#4317 = ORIENTED_EDGE('',*,*,#4318,.F.);
#4318 = EDGE_CURVE('',#4279,#4311,#4319,.T.);
#4319 = LINE('',#4320,#4321);
#4320 = CARTESIAN_POINT('',(-165.4629867976,-188.0904037956,18.));
#4321 = VECTOR('',#4322,1.);
#4322 = DIRECTION('',(0.,0.,1.));
#4323 = FACE_BOUND('',#4324,.F.);
#4324 = EDGE_LOOP('',(#4325));
#4325 = ORIENTED_EDGE('',*,*,#4326,.F.);
#4326 = EDGE_CURVE('',#4327,#4327,#4329,.T.);
#4327 = VERTEX_POINT('',#4328);
#4328 = CARTESIAN_POINT('',(-158.3919189857,-181.0193359837,220.));
#4329 = CIRCLE('',#4330,3.);
#4330 = AXIS2_PLACEMENT_3D('',#4331,#4332,#4333);
#4331 = CARTESIAN_POINT('',(-158.3919189857,-181.0193359837,217.));
#4332 = DIRECTION('',(0.707106781187,-0.707106781187,0.));
#4333 = DIRECTION('',(0.,0.,1.));
#4334 = FACE_BOUND('',#4335,.F.);
#4335 = EDGE_LOOP('',(#4336));
#4336 = ORIENTED_EDGE('',*,*,#4337,.F.);
#4337 = EDGE_CURVE('',#4338,#4338,#4340,.T.);
#4338 = VERTEX_POINT('',#4339);
#4339 = CARTESIAN_POINT('',(-158.3919189857,-181.0193359837,248.));
#4340 = CIRCLE('',#4341,3.);
#4341 = AXIS2_PLACEMENT_3D('',#4342,#4343,#4344);
#4342 = CARTESIAN_POINT('',(-158.3919189857,-181.0193359837,245.));
#4343 = DIRECTION('',(0.707106781187,-0.707106781187,0.));
#4344 = DIRECTION('',(0.,0.,1.));
#4345 = FACE_BOUND('',#4346,.F.);
#4346 = EDGE_LOOP('',(#4347));
#4347 = ORIENTED_EDGE('',*,*,#4348,.F.);
#4348 = EDGE_CURVE('',#4349,#4349,#4351,.T.);
#4349 = VERTEX_POINT('',#4350);
#4350 = CARTESIAN_POINT('',(-158.3919189857,-181.0193359837,276.));
#4351 = CIRCLE('',#4352,3.);
#4352 = AXIS2_PLACEMENT_3D('',#4353,#4354,#4355);
#4353 = CARTESIAN_POINT('',(-158.3919189857,-181.0193359837,273.));
#4354 = DIRECTION('',(0.707106781187,-0.707106781187,0.));
#4355 = DIRECTION('',(0.,0.,1.));
#4356 = PLANE('',#4357);
#4357 = AXIS2_PLACEMENT_3D('',#4358,#4359,#4360);
#4358 = CARTESIAN_POINT('',(-150.6137443927,-173.2411613907,18.));
#4359 = DIRECTION('',(0.707106781187,-0.707106781187,0.));
#4360 = DIRECTION('',(0.,0.,1.));
#4361 = ADVANCED_FACE('',(#4362),#4387,.F.);
#4362 = FACE_BOUND('',#4363,.F.);
#4363 = EDGE_LOOP('',(#4364,#4365,#4373,#4381));
#4364 = ORIENTED_EDGE('',*,*,#4310,.F.);
#4365 = ORIENTED_EDGE('',*,*,#4366,.T.);
#4366 = EDGE_CURVE('',#4303,#4367,#4369,.T.);
#4367 = VERTEX_POINT('',#4368);
#4368 = CARTESIAN_POINT('',(-173.9482681718,-151.3208511739,284.));
#4369 = LINE('',#4370,#4371);
#4370 = CARTESIAN_POINT('',(-189.5046173579,-135.7645019878,284.));
#4371 = VECTOR('',#4372,1.);
#4372 = DIRECTION('',(-0.707106781187,0.707106781187,0.));
#4373 = ORIENTED_EDGE('',*,*,#4374,.T.);
#4374 = EDGE_CURVE('',#4367,#4375,#4377,.T.);
#4375 = VERTEX_POINT('',#4376);
#4376 = CARTESIAN_POINT('',(-188.0904037956,-165.4629867976,284.));
#4377 = LINE('',#4378,#4379);
#4378 = CARTESIAN_POINT('',(-173.2411613907,-150.6137443927,284.));
#4379 = VECTOR('',#4380,1.);
#4380 = DIRECTION('',(-0.707106781187,-0.707106781187,0.));
#4381 = ORIENTED_EDGE('',*,*,#4382,.F.);
#4382 = EDGE_CURVE('',#4311,#4375,#4383,.T.);
#4383 = LINE('',#4384,#4385);
#4384 = CARTESIAN_POINT('',(-203.6467529817,-149.9066376115,284.));
#4385 = VECTOR('',#4386,1.);
#4386 = DIRECTION('',(-0.707106781187,0.707106781187,0.));
#4387 = PLANE('',#4388);
#4388 = AXIS2_PLACEMENT_3D('',#4389,#4390,#4391);
#4389 = CARTESIAN_POINT('',(-173.2411613907,-150.6137443927,284.));
#4390 = DIRECTION('',(0.,0.,1.));
#4391 = DIRECTION('',(-0.707106781187,-0.707106781187,0.));
#4392 = ADVANCED_FACE('',(#4393,#4418,#4429,#4440),#4451,.T.);
#4393 = FACE_BOUND('',#4394,.T.);
#4394 = EDGE_LOOP('',(#4395,#4405,#4411,#4412));
#4395 = ORIENTED_EDGE('',*,*,#4396,.F.);
#4396 = EDGE_CURVE('',#4397,#4399,#4401,.T.);
#4397 = VERTEX_POINT('',#4398);
#4398 = CARTESIAN_POINT('',(-173.9482681718,-151.3208511739,18.));
#4399 = VERTEX_POINT('',#4400);
#4400 = CARTESIAN_POINT('',(-188.0904037956,-165.4629867976,18.));
#4401 = LINE('',#4402,#4403);
#4402 = CARTESIAN_POINT('',(-173.2411613907,-150.6137443927,18.));
#4403 = VECTOR('',#4404,1.);
#4404 = DIRECTION('',(-0.707106781187,-0.707106781187,0.));
#4405 = ORIENTED_EDGE('',*,*,#4406,.T.);
#4406 = EDGE_CURVE('',#4397,#4367,#4407,.T.);
#4407 = LINE('',#4408,#4409);
#4408 = CARTESIAN_POINT('',(-173.9482681718,-151.3208511739,18.));
#4409 = VECTOR('',#4410,1.);
#4410 = DIRECTION('',(0.,0.,1.));
#4411 = ORIENTED_EDGE('',*,*,#4374,.T.);
#4412 = ORIENTED_EDGE('',*,*,#4413,.F.);
#4413 = EDGE_CURVE('',#4399,#4375,#4414,.T.);
#4414 = LINE('',#4415,#4416);
#4415 = CARTESIAN_POINT('',(-188.0904037956,-165.4629867976,18.));
#4416 = VECTOR('',#4417,1.);
#4417 = DIRECTION('',(0.,0.,1.));
#4418 = FACE_BOUND('',#4419,.T.);
#4419 = EDGE_LOOP('',(#4420));
#4420 = ORIENTED_EDGE('',*,*,#4421,.F.);
#4421 = EDGE_CURVE('',#4422,#4422,#4424,.T.);
#4422 = VERTEX_POINT('',#4423);
#4423 = CARTESIAN_POINT('',(-181.0193359837,-158.3919189857,220.));
#4424 = CIRCLE('',#4425,3.);
#4425 = AXIS2_PLACEMENT_3D('',#4426,#4427,#4428);
#4426 = CARTESIAN_POINT('',(-181.0193359837,-158.3919189857,217.));
#4427 = DIRECTION('',(0.707106781187,-0.707106781187,0.));
#4428 = DIRECTION('',(0.,0.,1.));
#4429 = FACE_BOUND('',#4430,.T.);
#4430 = EDGE_LOOP('',(#4431));
#4431 = ORIENTED_EDGE('',*,*,#4432,.F.);
#4432 = EDGE_CURVE('',#4433,#4433,#4435,.T.);
#4433 = VERTEX_POINT('',#4434);
#4434 = CARTESIAN_POINT('',(-181.0193359837,-158.3919189857,248.));
#4435 = CIRCLE('',#4436,3.);
#4436 = AXIS2_PLACEMENT_3D('',#4437,#4438,#4439);
#4437 = CARTESIAN_POINT('',(-181.0193359837,-158.3919189857,245.));
#4438 = DIRECTION('',(0.707106781187,-0.707106781187,0.));
#4439 = DIRECTION('',(0.,0.,1.));
#4440 = FACE_BOUND('',#4441,.T.);
#4441 = EDGE_LOOP('',(#4442));
#4442 = ORIENTED_EDGE('',*,*,#4443,.F.);
#4443 = EDGE_CURVE('',#4444,#4444,#4446,.T.);
#4444 = VERTEX_POINT('',#4445);
#4445 = CARTESIAN_POINT('',(-181.0193359837,-158.3919189857,276.));
#4446 = CIRCLE('',#4447,3.);
#4447 = AXIS2_PLACEMENT_3D('',#4448,#4449,#4450);
#4448 = CARTESIAN_POINT('',(-181.0193359837,-158.3919189857,273.));
#4449 = DIRECTION('',(0.707106781187,-0.707106781187,0.));
#4450 = DIRECTION('',(0.,0.,1.));
#4451 = PLANE('',#4452);
#4452 = AXIS2_PLACEMENT_3D('',#4453,#4454,#4455);
#4453 = CARTESIAN_POINT('',(-173.2411613907,-150.6137443927,18.));
#4454 = DIRECTION('',(0.707106781187,-0.707106781187,0.));
#4455 = DIRECTION('',(0.,0.,1.));
#4456 = ADVANCED_FACE('',(#4457),#4482,.F.);
#4457 = FACE_BOUND('',#4458,.F.);
#4458 = EDGE_LOOP('',(#4459,#4467,#4475,#4481));
#4459 = ORIENTED_EDGE('',*,*,#4460,.F.);
#4460 = EDGE_CURVE('',#4461,#4397,#4463,.T.);
#4461 = VERTEX_POINT('',#4462);
#4462 = CARTESIAN_POINT('',(-205.060966544,-120.2081528017,18.));
#4463 = LINE('',#4464,#4465);
#4464 = CARTESIAN_POINT('',(-205.060966544,-120.2081528017,18.));
#4465 = VECTOR('',#4466,1.);
#4466 = DIRECTION('',(0.707106781187,-0.707106781187,0.));
#4467 = ORIENTED_EDGE('',*,*,#4468,.T.);
#4468 = EDGE_CURVE('',#4461,#4469,#4471,.T.);
#4469 = VERTEX_POINT('',#4470);
#4470 = CARTESIAN_POINT('',(-219.2031021678,-134.3502884254,18.));
#4471 = LINE('',#4472,#4473);
#4472 = CARTESIAN_POINT('',(-205.060966544,-120.2081528017,18.));
#4473 = VECTOR('',#4474,1.);
#4474 = DIRECTION('',(-0.707106781187,-0.707106781187,0.));
#4475 = ORIENTED_EDGE('',*,*,#4476,.T.);
#4476 = EDGE_CURVE('',#4469,#4399,#4477,.T.);
#4477 = LINE('',#4478,#4479);
#4478 = CARTESIAN_POINT('',(-219.2031021678,-134.3502884254,18.));
#4479 = VECTOR('',#4480,1.);
#4480 = DIRECTION('',(0.707106781187,-0.707106781187,0.));
#4481 = ORIENTED_EDGE('',*,*,#4396,.F.);
#4482 = PLANE('',#4483);
#4483 = AXIS2_PLACEMENT_3D('',#4484,#4485,#4486);
#4484 = CARTESIAN_POINT('',(-205.060966544,-120.2081528017,18.));
#4485 = DIRECTION('',(0.,0.,1.));
#4486 = DIRECTION('',(-0.707106781187,-0.707106781187,0.));
#4487 = ADVANCED_FACE('',(#4488,#4513,#4524,#4535),#4546,.F.);
#4488 = FACE_BOUND('',#4489,.F.);
#4489 = EDGE_LOOP('',(#4490,#4491,#4499,#4507));
#4490 = ORIENTED_EDGE('',*,*,#4468,.F.);
#4491 = ORIENTED_EDGE('',*,*,#4492,.T.);
#4492 = EDGE_CURVE('',#4461,#4493,#4495,.T.);
#4493 = VERTEX_POINT('',#4494);
#4494 = CARTESIAN_POINT('',(-205.060966544,-120.2081528017,
    471.90524980688));
#4495 = LINE('',#4496,#4497);
#4496 = CARTESIAN_POINT('',(-205.060966544,-120.2081528017,18.));
#4497 = VECTOR('',#4498,1.);
#4498 = DIRECTION('',(0.,0.,1.));
#4499 = ORIENTED_EDGE('',*,*,#4500,.T.);
#4500 = EDGE_CURVE('',#4493,#4501,#4503,.T.);
#4501 = VERTEX_POINT('',#4502);
#4502 = CARTESIAN_POINT('',(-219.2031021678,-134.3502884254,
    471.90524980688));
#4503 = LINE('',#4504,#4505);
#4504 = CARTESIAN_POINT('',(-205.060966544,-120.2081528017,
    471.90524980688));
#4505 = VECTOR('',#4506,1.);
#4506 = DIRECTION('',(-0.707106781187,-0.707106781187,0.));
#4507 = ORIENTED_EDGE('',*,*,#4508,.F.);
#4508 = EDGE_CURVE('',#4469,#4501,#4509,.T.);
#4509 = LINE('',#4510,#4511);
#4510 = CARTESIAN_POINT('',(-219.2031021678,-134.3502884254,18.));
#4511 = VECTOR('',#4512,1.);
#4512 = DIRECTION('',(0.,0.,1.));
#4513 = FACE_BOUND('',#4514,.F.);
#4514 = EDGE_LOOP('',(#4515));
#4515 = ORIENTED_EDGE('',*,*,#4516,.F.);
#4516 = EDGE_CURVE('',#4517,#4517,#4519,.T.);
#4517 = VERTEX_POINT('',#4518);
#4518 = CARTESIAN_POINT('',(-212.1320343559,-127.2792206135,220.));
#4519 = CIRCLE('',#4520,3.);
#4520 = AXIS2_PLACEMENT_3D('',#4521,#4522,#4523);
#4521 = CARTESIAN_POINT('',(-212.1320343559,-127.2792206135,217.));
#4522 = DIRECTION('',(0.707106781187,-0.707106781187,0.));
#4523 = DIRECTION('',(0.,0.,1.));
#4524 = FACE_BOUND('',#4525,.F.);
#4525 = EDGE_LOOP('',(#4526));
#4526 = ORIENTED_EDGE('',*,*,#4527,.F.);
#4527 = EDGE_CURVE('',#4528,#4528,#4530,.T.);
#4528 = VERTEX_POINT('',#4529);
#4529 = CARTESIAN_POINT('',(-212.1320343559,-127.2792206135,248.));
#4530 = CIRCLE('',#4531,3.);
#4531 = AXIS2_PLACEMENT_3D('',#4532,#4533,#4534);
#4532 = CARTESIAN_POINT('',(-212.1320343559,-127.2792206135,245.));
#4533 = DIRECTION('',(0.707106781187,-0.707106781187,0.));
#4534 = DIRECTION('',(0.,0.,1.));
#4535 = FACE_BOUND('',#4536,.F.);
#4536 = EDGE_LOOP('',(#4537));
#4537 = ORIENTED_EDGE('',*,*,#4538,.F.);
#4538 = EDGE_CURVE('',#4539,#4539,#4541,.T.);
#4539 = VERTEX_POINT('',#4540);
#4540 = CARTESIAN_POINT('',(-212.1320343559,-127.2792206135,276.));
#4541 = CIRCLE('',#4542,3.);
#4542 = AXIS2_PLACEMENT_3D('',#4543,#4544,#4545);
#4543 = CARTESIAN_POINT('',(-212.1320343559,-127.2792206135,273.));
#4544 = DIRECTION('',(0.707106781187,-0.707106781187,0.));
#4545 = DIRECTION('',(0.,0.,1.));
#4546 = PLANE('',#4547);
#4547 = AXIS2_PLACEMENT_3D('',#4548,#4549,#4550);
#4548 = CARTESIAN_POINT('',(-205.060966544,-120.2081528017,18.));
#4549 = DIRECTION('',(0.707106781187,-0.707106781187,0.));
#4550 = DIRECTION('',(0.,0.,1.));
#4551 = ADVANCED_FACE('',(#4552),#4579,.T.);
#4552 = FACE_BOUND('',#4553,.T.);
#4553 = EDGE_LOOP('',(#4554,#4563,#4571,#4578));
#4554 = ORIENTED_EDGE('',*,*,#4555,.F.);
#4555 = EDGE_CURVE('',#4556,#4501,#4558,.T.);
#4556 = VERTEX_POINT('',#4557);
#4557 = CARTESIAN_POINT('',(-187.3832970144,-166.1700935788,530.));
#4558 = CIRCLE('',#4559,60.);
#4559 = AXIS2_PLACEMENT_3D('',#4560,#4561,#4562);
#4560 = CARTESIAN_POINT('',(-176.7766952966,-176.7766952966,
    471.90524980688));
#4561 = DIRECTION('',(-0.707106781187,-0.707106781187,0.));
#4562 = DIRECTION('',(0.,0.,1.));
#4563 = ORIENTED_EDGE('',*,*,#4564,.F.);
#4564 = EDGE_CURVE('',#4565,#4556,#4567,.T.);
#4565 = VERTEX_POINT('',#4566);
#4566 = CARTESIAN_POINT('',(-173.2411613907,-152.0279579551,530.));
#4567 = LINE('',#4568,#4569);
#4568 = CARTESIAN_POINT('',(-173.2411613907,-152.0279579551,530.));
#4569 = VECTOR('',#4570,1.);
#4570 = DIRECTION('',(-0.707106781187,-0.707106781187,0.));
#4571 = ORIENTED_EDGE('',*,*,#4572,.T.);
#4572 = EDGE_CURVE('',#4565,#4493,#4573,.T.);
#4573 = CIRCLE('',#4574,60.);
#4574 = AXIS2_PLACEMENT_3D('',#4575,#4576,#4577);
#4575 = CARTESIAN_POINT('',(-162.6345596729,-162.6345596729,
    471.90524980688));
#4576 = DIRECTION('',(-0.707106781187,-0.707106781187,0.));
#4577 = DIRECTION('',(0.,0.,1.));
#4578 = ORIENTED_EDGE('',*,*,#4500,.T.);
#4579 = CYLINDRICAL_SURFACE('',#4580,60.);
#4580 = AXIS2_PLACEMENT_3D('',#4581,#4582,#4583);
#4581 = CARTESIAN_POINT('',(-162.6345596729,-162.6345596729,
    471.90524980688));
#4582 = DIRECTION('',(-0.707106781187,-0.707106781187,0.));
#4583 = DIRECTION('',(0.,0.,1.));
#4584 = ADVANCED_FACE('',(#4585),#4596,.F.);
#4585 = FACE_BOUND('',#4586,.F.);
#4586 = EDGE_LOOP('',(#4587,#4588,#4594,#4595));
#4587 = ORIENTED_EDGE('',*,*,#4421,.F.);
#4588 = ORIENTED_EDGE('',*,*,#4589,.F.);
#4589 = EDGE_CURVE('',#4517,#4422,#4590,.T.);
#4590 = LINE('',#4591,#4592);
#4591 = CARTESIAN_POINT('',(-212.1320343559,-127.2792206135,220.));
#4592 = VECTOR('',#4593,1.);
#4593 = DIRECTION('',(0.707106781187,-0.707106781187,0.));
#4594 = ORIENTED_EDGE('',*,*,#4516,.T.);
#4595 = ORIENTED_EDGE('',*,*,#4589,.T.);
#4596 = CYLINDRICAL_SURFACE('',#4597,3.);
#4597 = AXIS2_PLACEMENT_3D('',#4598,#4599,#4600);
#4598 = CARTESIAN_POINT('',(-212.1320343559,-127.2792206135,217.));
#4599 = DIRECTION('',(0.707106781187,-0.707106781187,0.));
#4600 = DIRECTION('',(0.,0.,1.));
#4601 = ADVANCED_FACE('',(#4602),#4613,.F.);
#4602 = FACE_BOUND('',#4603,.F.);
#4603 = EDGE_LOOP('',(#4604,#4605,#4611,#4612));
#4604 = ORIENTED_EDGE('',*,*,#4432,.F.);
#4605 = ORIENTED_EDGE('',*,*,#4606,.F.);
#4606 = EDGE_CURVE('',#4528,#4433,#4607,.T.);
#4607 = LINE('',#4608,#4609);
#4608 = CARTESIAN_POINT('',(-212.1320343559,-127.2792206135,248.));
#4609 = VECTOR('',#4610,1.);
#4610 = DIRECTION('',(0.707106781187,-0.707106781187,0.));
#4611 = ORIENTED_EDGE('',*,*,#4527,.T.);
#4612 = ORIENTED_EDGE('',*,*,#4606,.T.);
#4613 = CYLINDRICAL_SURFACE('',#4614,3.);
#4614 = AXIS2_PLACEMENT_3D('',#4615,#4616,#4617);
#4615 = CARTESIAN_POINT('',(-212.1320343559,-127.2792206135,245.));
#4616 = DIRECTION('',(0.707106781187,-0.707106781187,0.));
#4617 = DIRECTION('',(0.,0.,1.));
#4618 = ADVANCED_FACE('',(#4619),#4630,.F.);
#4619 = FACE_BOUND('',#4620,.F.);
#4620 = EDGE_LOOP('',(#4621,#4622,#4628,#4629));
#4621 = ORIENTED_EDGE('',*,*,#4443,.F.);
#4622 = ORIENTED_EDGE('',*,*,#4623,.F.);
#4623 = EDGE_CURVE('',#4539,#4444,#4624,.T.);
#4624 = LINE('',#4625,#4626);
#4625 = CARTESIAN_POINT('',(-212.1320343559,-127.2792206135,276.));
#4626 = VECTOR('',#4627,1.);
#4627 = DIRECTION('',(0.707106781187,-0.707106781187,0.));
#4628 = ORIENTED_EDGE('',*,*,#4538,.T.);
#4629 = ORIENTED_EDGE('',*,*,#4623,.T.);
#4630 = CYLINDRICAL_SURFACE('',#4631,3.);
#4631 = AXIS2_PLACEMENT_3D('',#4632,#4633,#4634);
#4632 = CARTESIAN_POINT('',(-212.1320343559,-127.2792206135,273.));
#4633 = DIRECTION('',(0.707106781187,-0.707106781187,0.));
#4634 = DIRECTION('',(0.,0.,1.));
#4635 = ADVANCED_FACE('',(#4636),#4663,.T.);
#4636 = FACE_BOUND('',#4637,.T.);
#4637 = EDGE_LOOP('',(#4638,#4648,#4655,#4656));
#4638 = ORIENTED_EDGE('',*,*,#4639,.T.);
#4639 = EDGE_CURVE('',#4640,#4642,#4644,.T.);
#4640 = VERTEX_POINT('',#4641);
#4641 = CARTESIAN_POINT('',(-152.0279579551,-173.2411613907,530.));
#4642 = VERTEX_POINT('',#4643);
#4643 = CARTESIAN_POINT('',(-166.1700935788,-187.3832970144,530.));
#4644 = LINE('',#4645,#4646);
#4645 = CARTESIAN_POINT('',(-152.0279579551,-173.2411613907,530.));
#4646 = VECTOR('',#4647,1.);
#4647 = DIRECTION('',(-0.707106781187,-0.707106781187,0.));
#4648 = ORIENTED_EDGE('',*,*,#4649,.F.);
#4649 = EDGE_CURVE('',#4216,#4642,#4650,.T.);
#4650 = CIRCLE('',#4651,60.);
#4651 = AXIS2_PLACEMENT_3D('',#4652,#4653,#4654);
#4652 = CARTESIAN_POINT('',(-176.7766952966,-176.7766952966,
    471.90524980688));
#4653 = DIRECTION('',(-0.707106781187,-0.707106781187,0.));
#4654 = DIRECTION('',(0.,0.,1.));
#4655 = ORIENTED_EDGE('',*,*,#4215,.F.);
#4656 = ORIENTED_EDGE('',*,*,#4657,.T.);
#4657 = EDGE_CURVE('',#4208,#4640,#4658,.T.);
#4658 = CIRCLE('',#4659,60.);
#4659 = AXIS2_PLACEMENT_3D('',#4660,#4661,#4662);
#4660 = CARTESIAN_POINT('',(-162.6345596729,-162.6345596729,
    471.90524980688));
#4661 = DIRECTION('',(-0.707106781187,-0.707106781187,0.));
#4662 = DIRECTION('',(0.,0.,1.));
#4663 = CYLINDRICAL_SURFACE('',#4664,60.);
#4664 = AXIS2_PLACEMENT_3D('',#4665,#4666,#4667);
#4665 = CARTESIAN_POINT('',(-162.6345596729,-162.6345596729,
    471.90524980688));
#4666 = DIRECTION('',(-0.707106781187,-0.707106781187,0.));
#4667 = DIRECTION('',(0.,0.,1.));
#4668 = ADVANCED_FACE('',(#4669),#4680,.F.);
#4669 = FACE_BOUND('',#4670,.F.);
#4670 = EDGE_LOOP('',(#4671,#4677,#4678,#4679));
#4671 = ORIENTED_EDGE('',*,*,#4672,.T.);
#4672 = EDGE_CURVE('',#4327,#4232,#4673,.T.);
#4673 = LINE('',#4674,#4675);
#4674 = CARTESIAN_POINT('',(-212.1320343559,-127.2792206135,220.));
#4675 = VECTOR('',#4676,1.);
#4676 = DIRECTION('',(0.707106781187,-0.707106781187,0.));
#4677 = ORIENTED_EDGE('',*,*,#4231,.F.);
#4678 = ORIENTED_EDGE('',*,*,#4672,.F.);
#4679 = ORIENTED_EDGE('',*,*,#4326,.T.);
#4680 = CYLINDRICAL_SURFACE('',#4681,3.);
#4681 = AXIS2_PLACEMENT_3D('',#4682,#4683,#4684);
#4682 = CARTESIAN_POINT('',(-212.1320343559,-127.2792206135,217.));
#4683 = DIRECTION('',(0.707106781187,-0.707106781187,0.));
#4684 = DIRECTION('',(0.,0.,1.));
#4685 = ADVANCED_FACE('',(#4686),#4697,.F.);
#4686 = FACE_BOUND('',#4687,.F.);
#4687 = EDGE_LOOP('',(#4688,#4694,#4695,#4696));
#4688 = ORIENTED_EDGE('',*,*,#4689,.T.);
#4689 = EDGE_CURVE('',#4338,#4243,#4690,.T.);
#4690 = LINE('',#4691,#4692);
#4691 = CARTESIAN_POINT('',(-212.1320343559,-127.2792206135,248.));
#4692 = VECTOR('',#4693,1.);
#4693 = DIRECTION('',(0.707106781187,-0.707106781187,0.));
#4694 = ORIENTED_EDGE('',*,*,#4242,.F.);
#4695 = ORIENTED_EDGE('',*,*,#4689,.F.);
#4696 = ORIENTED_EDGE('',*,*,#4337,.T.);
#4697 = CYLINDRICAL_SURFACE('',#4698,3.);
#4698 = AXIS2_PLACEMENT_3D('',#4699,#4700,#4701);
#4699 = CARTESIAN_POINT('',(-212.1320343559,-127.2792206135,245.));
#4700 = DIRECTION('',(0.707106781187,-0.707106781187,0.));
#4701 = DIRECTION('',(0.,0.,1.));
#4702 = ADVANCED_FACE('',(#4703),#4714,.F.);
#4703 = FACE_BOUND('',#4704,.F.);
#4704 = EDGE_LOOP('',(#4705,#4711,#4712,#4713));
#4705 = ORIENTED_EDGE('',*,*,#4706,.T.);
#4706 = EDGE_CURVE('',#4349,#4254,#4707,.T.);
#4707 = LINE('',#4708,#4709);
#4708 = CARTESIAN_POINT('',(-212.1320343559,-127.2792206135,276.));
#4709 = VECTOR('',#4710,1.);
#4710 = DIRECTION('',(0.707106781187,-0.707106781187,0.));
#4711 = ORIENTED_EDGE('',*,*,#4253,.F.);
#4712 = ORIENTED_EDGE('',*,*,#4706,.F.);
#4713 = ORIENTED_EDGE('',*,*,#4348,.T.);
#4714 = CYLINDRICAL_SURFACE('',#4715,3.);
#4715 = AXIS2_PLACEMENT_3D('',#4716,#4717,#4718);
#4716 = CARTESIAN_POINT('',(-212.1320343559,-127.2792206135,273.));
#4717 = DIRECTION('',(0.707106781187,-0.707106781187,0.));
#4718 = DIRECTION('',(0.,0.,1.));
#4719 = ADVANCED_FACE('',(#4720),#4736,.T.);
#4720 = FACE_BOUND('',#4721,.T.);
#4721 = EDGE_LOOP('',(#4722,#4728,#4729,#4735));
#4722 = ORIENTED_EDGE('',*,*,#4723,.F.);
#4723 = EDGE_CURVE('',#4565,#4640,#4724,.T.);
#4724 = LINE('',#4725,#4726);
#4725 = CARTESIAN_POINT('',(-205.060966544,-120.2081528017,530.));
#4726 = VECTOR('',#4727,1.);
#4727 = DIRECTION('',(0.707106781187,-0.707106781187,0.));
#4728 = ORIENTED_EDGE('',*,*,#4564,.T.);
#4729 = ORIENTED_EDGE('',*,*,#4730,.T.);
#4730 = EDGE_CURVE('',#4556,#4642,#4731,.T.);
#4731 = LINE('',#4732,#4733);
#4732 = CARTESIAN_POINT('',(-219.2031021678,-134.3502884254,530.));
#4733 = VECTOR('',#4734,1.);
#4734 = DIRECTION('',(0.707106781187,-0.707106781187,0.));
#4735 = ORIENTED_EDGE('',*,*,#4639,.F.);
#4736 = PLANE('',#4737);
#4737 = AXIS2_PLACEMENT_3D('',#4738,#4739,#4740);
#4738 = CARTESIAN_POINT('',(-205.060966544,-120.2081528017,530.));
#4739 = DIRECTION('',(0.,0.,1.));
#4740 = DIRECTION('',(-0.707106781187,-0.707106781187,0.));
#4741 = ADVANCED_FACE('',(#4742),#4754,.T.);
#4742 = FACE_BOUND('',#4743,.T.);
#4743 = EDGE_LOOP('',(#4744,#4745,#4746,#4747,#4748,#4749,#4750,#4751,
    #4752,#4753));
#4744 = ORIENTED_EDGE('',*,*,#4492,.T.);
#4745 = ORIENTED_EDGE('',*,*,#4572,.F.);
#4746 = ORIENTED_EDGE('',*,*,#4723,.T.);
#4747 = ORIENTED_EDGE('',*,*,#4657,.F.);
#4748 = ORIENTED_EDGE('',*,*,#4207,.F.);
#4749 = ORIENTED_EDGE('',*,*,#4270,.F.);
#4750 = ORIENTED_EDGE('',*,*,#4302,.T.);
#4751 = ORIENTED_EDGE('',*,*,#4366,.T.);
#4752 = ORIENTED_EDGE('',*,*,#4406,.F.);
#4753 = ORIENTED_EDGE('',*,*,#4460,.F.);
#4754 = PLANE('',#4755);
#4755 = AXIS2_PLACEMENT_3D('',#4756,#4757,#4758);
#4756 = CARTESIAN_POINT('',(-162.6345596729,-162.6345596729,
    233.91846142422));
#4757 = DIRECTION('',(0.707106781187,0.707106781187,0.));
#4758 = DIRECTION('',(-0.707106781187,0.707106781187,0.));
#4759 = ADVANCED_FACE('',(#4760),#4772,.T.);
#4760 = FACE_BOUND('',#4761,.T.);
#4761 = EDGE_LOOP('',(#4762,#4763,#4764,#4765,#4766,#4767,#4768,#4769,
    #4770,#4771));
#4762 = ORIENTED_EDGE('',*,*,#4508,.F.);
#4763 = ORIENTED_EDGE('',*,*,#4476,.T.);
#4764 = ORIENTED_EDGE('',*,*,#4413,.T.);
#4765 = ORIENTED_EDGE('',*,*,#4382,.F.);
#4766 = ORIENTED_EDGE('',*,*,#4318,.F.);
#4767 = ORIENTED_EDGE('',*,*,#4286,.T.);
#4768 = ORIENTED_EDGE('',*,*,#4223,.T.);
#4769 = ORIENTED_EDGE('',*,*,#4649,.T.);
#4770 = ORIENTED_EDGE('',*,*,#4730,.F.);
#4771 = ORIENTED_EDGE('',*,*,#4555,.T.);
#4772 = PLANE('',#4773);
#4773 = AXIS2_PLACEMENT_3D('',#4774,#4775,#4776);
#4774 = CARTESIAN_POINT('',(-176.7766952966,-176.7766952966,
    233.91846142422));
#4775 = DIRECTION('',(-0.707106781187,-0.707106781187,-0.));
#4776 = DIRECTION('',(-0.707106781187,0.707106781187,0.));
#4777 = ( GEOMETRIC_REPRESENTATION_CONTEXT(3) 
GLOBAL_UNCERTAINTY_ASSIGNED_CONTEXT((#4781)) 
GLOBAL_UNIT_ASSIGNED_CONTEXT((#4778,#4779,#4780)) REPRESENTATION_CONTEXT
('Context #1','3D Context with UNIT and UNCERTAINTY') );
#4778 = ( LENGTH_UNIT() NAMED_UNIT(*) SI_UNIT(.MILLI.,.METRE.) );
#4779 = ( NAMED_UNIT(*) PLANE_ANGLE_UNIT() SI_UNIT($,.RADIAN.) );
#4780 = ( NAMED_UNIT(*) SI_UNIT($,.STERADIAN.) SOLID_ANGLE_UNIT() );
#4781 = UNCERTAINTY_MEASURE_WITH_UNIT(LENGTH_MEASURE(1.E-07),#4778,
  'distance_accuracy_value','confusion accuracy');
#4782 = CONTEXT_DEPENDENT_SHAPE_REPRESENTATION(#4783,#4785);
#4783 = ( REPRESENTATION_RELATIONSHIP('','',#4190,#10) 
REPRESENTATION_RELATIONSHIP_WITH_TRANSFORMATION(#4784) 
SHAPE_REPRESENTATION_RELATIONSHIP() );
#4784 = ITEM_DEFINED_TRANSFORMATION('','',#11,#79);
#4785 = PRODUCT_DEFINITION_SHAPE('Placement','Placement of an item',
  #4786);
#4786 = NEXT_ASSEMBLY_USAGE_OCCURRENCE('17','P17 Arched blade 225','',#5
  ,#4185,$);
#4787 = PRODUCT_RELATED_PRODUCT_CATEGORY('part',$,(#4187));
#4788 = SHAPE_DEFINITION_REPRESENTATION(#4789,#4795);
#4789 = PRODUCT_DEFINITION_SHAPE('','',#4790);
#4790 = PRODUCT_DEFINITION('design','',#4791,#4794);
#4791 = PRODUCT_DEFINITION_FORMATION('','',#4792);
#4792 = PRODUCT('P18 Slot jamb 225 / -1','P18 Slot jamb 225 / -1','',(
    #4793));
#4793 = PRODUCT_CONTEXT('',#2,'mechanical');
#4794 = PRODUCT_DEFINITION_CONTEXT('part definition',#2,'design');
#4795 = ADVANCED_BREP_SHAPE_REPRESENTATION('',(#11,#4796),#5063);
#4796 = MANIFOLD_SOLID_BREP('',#4797);
#4797 = CLOSED_SHELL('',(#4798,#4838,#4902,#4926,#4983,#5000,#5012,#5029
    ,#5046));
#4798 = ADVANCED_FACE('',(#4799),#4833,.F.);
#4799 = FACE_BOUND('',#4800,.F.);
#4800 = EDGE_LOOP('',(#4801,#4811,#4819,#4827));
#4801 = ORIENTED_EDGE('',*,*,#4802,.F.);
#4802 = EDGE_CURVE('',#4803,#4805,#4807,.T.);
#4803 = VERTEX_POINT('',#4804);
#4804 = CARTESIAN_POINT('',(-173.9482681718,-151.3208511739,18.));
#4805 = VERTEX_POINT('',#4806);
#4806 = CARTESIAN_POINT('',(-173.9482681718,-151.3208511739,280.));
#4807 = LINE('',#4808,#4809);
#4808 = CARTESIAN_POINT('',(-173.9482681718,-151.3208511739,18.));
#4809 = VECTOR('',#4810,1.);
#4810 = DIRECTION('',(0.,0.,1.));
#4811 = ORIENTED_EDGE('',*,*,#4812,.T.);
#4812 = EDGE_CURVE('',#4803,#4813,#4815,.T.);
#4813 = VERTEX_POINT('',#4814);
#4814 = CARTESIAN_POINT('',(-171.1198410471,-154.1492782986,18.));
#4815 = LINE('',#4816,#4817);
#4816 = CARTESIAN_POINT('',(-173.9482681718,-151.3208511739,18.));
#4817 = VECTOR('',#4818,1.);
#4818 = DIRECTION('',(0.707106781187,-0.707106781187,0.));
#4819 = ORIENTED_EDGE('',*,*,#4820,.T.);
#4820 = EDGE_CURVE('',#4813,#4821,#4823,.T.);
#4821 = VERTEX_POINT('',#4822);
#4822 = CARTESIAN_POINT('',(-171.1198410471,-154.1492782986,280.));
#4823 = LINE('',#4824,#4825);
#4824 = CARTESIAN_POINT('',(-171.1198410471,-154.1492782986,18.));
#4825 = VECTOR('',#4826,1.);
#4826 = DIRECTION('',(0.,0.,1.));
#4827 = ORIENTED_EDGE('',*,*,#4828,.F.);
#4828 = EDGE_CURVE('',#4805,#4821,#4829,.T.);
#4829 = LINE('',#4830,#4831);
#4830 = CARTESIAN_POINT('',(-173.9482681718,-151.3208511739,280.));
#4831 = VECTOR('',#4832,1.);
#4832 = DIRECTION('',(0.707106781187,-0.707106781187,0.));
#4833 = PLANE('',#4834);
#4834 = AXIS2_PLACEMENT_3D('',#4835,#4836,#4837);
#4835 = CARTESIAN_POINT('',(-173.9482681718,-151.3208511739,18.));
#4836 = DIRECTION('',(-0.707106781187,-0.707106781187,0.));
#4837 = DIRECTION('',(0.,0.,1.));
#4838 = ADVANCED_FACE('',(#4839,#4864,#4875,#4886),#4897,.F.);
#4839 = FACE_BOUND('',#4840,.F.);
#4840 = EDGE_LOOP('',(#4841,#4849,#4850,#4858));
#4841 = ORIENTED_EDGE('',*,*,#4842,.F.);
#4842 = EDGE_CURVE('',#4803,#4843,#4845,.T.);
#4843 = VERTEX_POINT('',#4844);
#4844 = CARTESIAN_POINT('',(-188.0904037956,-165.4629867976,18.));
#4845 = LINE('',#4846,#4847);
#4846 = CARTESIAN_POINT('',(-173.9482681718,-151.3208511739,18.));
#4847 = VECTOR('',#4848,1.);
#4848 = DIRECTION('',(-0.707106781187,-0.707106781187,0.));
#4849 = ORIENTED_EDGE('',*,*,#4802,.T.);
#4850 = ORIENTED_EDGE('',*,*,#4851,.T.);
#4851 = EDGE_CURVE('',#4805,#4852,#4854,.T.);
#4852 = VERTEX_POINT('',#4853);
#4853 = CARTESIAN_POINT('',(-188.0904037956,-165.4629867976,280.));
#4854 = LINE('',#4855,#4856);
#4855 = CARTESIAN_POINT('',(-173.9482681718,-151.3208511739,280.));
#4856 = VECTOR('',#4857,1.);
#4857 = DIRECTION('',(-0.707106781187,-0.707106781187,0.));
#4858 = ORIENTED_EDGE('',*,*,#4859,.F.);
#4859 = EDGE_CURVE('',#4843,#4852,#4860,.T.);
#4860 = LINE('',#4861,#4862);
#4861 = CARTESIAN_POINT('',(-188.0904037956,-165.4629867976,18.));
#4862 = VECTOR('',#4863,1.);
#4863 = DIRECTION('',(0.,0.,1.));
#4864 = FACE_BOUND('',#4865,.F.);
#4865 = EDGE_LOOP('',(#4866));
#4866 = ORIENTED_EDGE('',*,*,#4867,.F.);
#4867 = EDGE_CURVE('',#4868,#4868,#4870,.T.);
#4868 = VERTEX_POINT('',#4869);
#4869 = CARTESIAN_POINT('',(-181.0193359837,-158.3919189857,220.));
#4870 = CIRCLE('',#4871,3.);
#4871 = AXIS2_PLACEMENT_3D('',#4872,#4873,#4874);
#4872 = CARTESIAN_POINT('',(-181.0193359837,-158.3919189857,217.));
#4873 = DIRECTION('',(0.707106781187,-0.707106781187,0.));
#4874 = DIRECTION('',(0.,0.,1.));
#4875 = FACE_BOUND('',#4876,.F.);
#4876 = EDGE_LOOP('',(#4877));
#4877 = ORIENTED_EDGE('',*,*,#4878,.F.);
#4878 = EDGE_CURVE('',#4879,#4879,#4881,.T.);
#4879 = VERTEX_POINT('',#4880);
#4880 = CARTESIAN_POINT('',(-181.0193359837,-158.3919189857,248.));
#4881 = CIRCLE('',#4882,3.);
#4882 = AXIS2_PLACEMENT_3D('',#4883,#4884,#4885);
#4883 = CARTESIAN_POINT('',(-181.0193359837,-158.3919189857,245.));
#4884 = DIRECTION('',(0.707106781187,-0.707106781187,0.));
#4885 = DIRECTION('',(0.,0.,1.));
#4886 = FACE_BOUND('',#4887,.F.);
#4887 = EDGE_LOOP('',(#4888));
#4888 = ORIENTED_EDGE('',*,*,#4889,.F.);
#4889 = EDGE_CURVE('',#4890,#4890,#4892,.T.);
#4890 = VERTEX_POINT('',#4891);
#4891 = CARTESIAN_POINT('',(-181.0193359837,-158.3919189857,276.));
#4892 = CIRCLE('',#4893,3.);
#4893 = AXIS2_PLACEMENT_3D('',#4894,#4895,#4896);
#4894 = CARTESIAN_POINT('',(-181.0193359837,-158.3919189857,273.));
#4895 = DIRECTION('',(0.707106781187,-0.707106781187,0.));
#4896 = DIRECTION('',(0.,0.,1.));
#4897 = PLANE('',#4898);
#4898 = AXIS2_PLACEMENT_3D('',#4899,#4900,#4901);
#4899 = CARTESIAN_POINT('',(-173.9482681718,-151.3208511739,18.));
#4900 = DIRECTION('',(0.707106781187,-0.707106781187,0.));
#4901 = DIRECTION('',(0.,0.,1.));
#4902 = ADVANCED_FACE('',(#4903),#4921,.T.);
#4903 = FACE_BOUND('',#4904,.T.);
#4904 = EDGE_LOOP('',(#4905,#4906,#4907,#4915));
#4905 = ORIENTED_EDGE('',*,*,#4828,.F.);
#4906 = ORIENTED_EDGE('',*,*,#4851,.T.);
#4907 = ORIENTED_EDGE('',*,*,#4908,.T.);
#4908 = EDGE_CURVE('',#4852,#4909,#4911,.T.);
#4909 = VERTEX_POINT('',#4910);
#4910 = CARTESIAN_POINT('',(-185.2619766708,-168.2914139223,280.));
#4911 = LINE('',#4912,#4913);
#4912 = CARTESIAN_POINT('',(-188.0904037956,-165.4629867976,280.));
#4913 = VECTOR('',#4914,1.);
#4914 = DIRECTION('',(0.707106781187,-0.707106781187,0.));
#4915 = ORIENTED_EDGE('',*,*,#4916,.F.);
#4916 = EDGE_CURVE('',#4821,#4909,#4917,.T.);
#4917 = LINE('',#4918,#4919);
#4918 = CARTESIAN_POINT('',(-171.1198410471,-154.1492782986,280.));
#4919 = VECTOR('',#4920,1.);
#4920 = DIRECTION('',(-0.707106781187,-0.707106781187,0.));
#4921 = PLANE('',#4922);
#4922 = AXIS2_PLACEMENT_3D('',#4923,#4924,#4925);
#4923 = CARTESIAN_POINT('',(-173.9482681718,-151.3208511739,280.));
#4924 = DIRECTION('',(0.,0.,1.));
#4925 = DIRECTION('',(-0.707106781187,-0.707106781187,0.));
#4926 = ADVANCED_FACE('',(#4927,#4945,#4956,#4967),#4978,.T.);
#4927 = FACE_BOUND('',#4928,.T.);
#4928 = EDGE_LOOP('',(#4929,#4937,#4938,#4939));
#4929 = ORIENTED_EDGE('',*,*,#4930,.F.);
#4930 = EDGE_CURVE('',#4813,#4931,#4933,.T.);
#4931 = VERTEX_POINT('',#4932);
#4932 = CARTESIAN_POINT('',(-185.2619766708,-168.2914139223,18.));
#4933 = LINE('',#4934,#4935);
#4934 = CARTESIAN_POINT('',(-171.1198410471,-154.1492782986,18.));
#4935 = VECTOR('',#4936,1.);
#4936 = DIRECTION('',(-0.707106781187,-0.707106781187,0.));
#4937 = ORIENTED_EDGE('',*,*,#4820,.T.);
#4938 = ORIENTED_EDGE('',*,*,#4916,.T.);
#4939 = ORIENTED_EDGE('',*,*,#4940,.F.);
#4940 = EDGE_CURVE('',#4931,#4909,#4941,.T.);
#4941 = LINE('',#4942,#4943);
#4942 = CARTESIAN_POINT('',(-185.2619766708,-168.2914139223,18.));
#4943 = VECTOR('',#4944,1.);
#4944 = DIRECTION('',(0.,0.,1.));
#4945 = FACE_BOUND('',#4946,.T.);
#4946 = EDGE_LOOP('',(#4947));
#4947 = ORIENTED_EDGE('',*,*,#4948,.F.);
#4948 = EDGE_CURVE('',#4949,#4949,#4951,.T.);
#4949 = VERTEX_POINT('',#4950);
#4950 = CARTESIAN_POINT('',(-178.190908859,-161.2203461105,220.));
#4951 = CIRCLE('',#4952,3.);
#4952 = AXIS2_PLACEMENT_3D('',#4953,#4954,#4955);
#4953 = CARTESIAN_POINT('',(-178.190908859,-161.2203461105,217.));
#4954 = DIRECTION('',(0.707106781187,-0.707106781187,0.));
#4955 = DIRECTION('',(0.,0.,1.));
#4956 = FACE_BOUND('',#4957,.T.);
#4957 = EDGE_LOOP('',(#4958));
#4958 = ORIENTED_EDGE('',*,*,#4959,.F.);
#4959 = EDGE_CURVE('',#4960,#4960,#4962,.T.);
#4960 = VERTEX_POINT('',#4961);
#4961 = CARTESIAN_POINT('',(-178.190908859,-161.2203461105,248.));
#4962 = CIRCLE('',#4963,3.);
#4963 = AXIS2_PLACEMENT_3D('',#4964,#4965,#4966);
#4964 = CARTESIAN_POINT('',(-178.190908859,-161.2203461105,245.));
#4965 = DIRECTION('',(0.707106781187,-0.707106781187,0.));
#4966 = DIRECTION('',(0.,0.,1.));
#4967 = FACE_BOUND('',#4968,.T.);
#4968 = EDGE_LOOP('',(#4969));
#4969 = ORIENTED_EDGE('',*,*,#4970,.F.);
#4970 = EDGE_CURVE('',#4971,#4971,#4973,.T.);
#4971 = VERTEX_POINT('',#4972);
#4972 = CARTESIAN_POINT('',(-178.190908859,-161.2203461105,276.));
#4973 = CIRCLE('',#4974,3.);
#4974 = AXIS2_PLACEMENT_3D('',#4975,#4976,#4977);
#4975 = CARTESIAN_POINT('',(-178.190908859,-161.2203461105,273.));
#4976 = DIRECTION('',(0.707106781187,-0.707106781187,0.));
#4977 = DIRECTION('',(0.,0.,1.));
#4978 = PLANE('',#4979);
#4979 = AXIS2_PLACEMENT_3D('',#4980,#4981,#4982);
#4980 = CARTESIAN_POINT('',(-171.1198410471,-154.1492782986,18.));
#4981 = DIRECTION('',(0.707106781187,-0.707106781187,0.));
#4982 = DIRECTION('',(0.,0.,1.));
#4983 = ADVANCED_FACE('',(#4984),#4995,.F.);
#4984 = FACE_BOUND('',#4985,.F.);
#4985 = EDGE_LOOP('',(#4986,#4987,#4988,#4994));
#4986 = ORIENTED_EDGE('',*,*,#4812,.F.);
#4987 = ORIENTED_EDGE('',*,*,#4842,.T.);
#4988 = ORIENTED_EDGE('',*,*,#4989,.T.);
#4989 = EDGE_CURVE('',#4843,#4931,#4990,.T.);
#4990 = LINE('',#4991,#4992);
#4991 = CARTESIAN_POINT('',(-188.0904037956,-165.4629867976,18.));
#4992 = VECTOR('',#4993,1.);
#4993 = DIRECTION('',(0.707106781187,-0.707106781187,0.));
#4994 = ORIENTED_EDGE('',*,*,#4930,.F.);
#4995 = PLANE('',#4996);
#4996 = AXIS2_PLACEMENT_3D('',#4997,#4998,#4999);
#4997 = CARTESIAN_POINT('',(-173.9482681718,-151.3208511739,18.));
#4998 = DIRECTION('',(0.,0.,1.));
#4999 = DIRECTION('',(-0.707106781187,-0.707106781187,0.));
#5000 = ADVANCED_FACE('',(#5001),#5007,.T.);
#5001 = FACE_BOUND('',#5002,.T.);
#5002 = EDGE_LOOP('',(#5003,#5004,#5005,#5006));
#5003 = ORIENTED_EDGE('',*,*,#4859,.F.);
#5004 = ORIENTED_EDGE('',*,*,#4989,.T.);
#5005 = ORIENTED_EDGE('',*,*,#4940,.T.);
#5006 = ORIENTED_EDGE('',*,*,#4908,.F.);
#5007 = PLANE('',#5008);
#5008 = AXIS2_PLACEMENT_3D('',#5009,#5010,#5011);
#5009 = CARTESIAN_POINT('',(-188.0904037956,-165.4629867976,18.));
#5010 = DIRECTION('',(-0.707106781187,-0.707106781187,0.));
#5011 = DIRECTION('',(0.,0.,1.));
#5012 = ADVANCED_FACE('',(#5013),#5024,.F.);
#5013 = FACE_BOUND('',#5014,.F.);
#5014 = EDGE_LOOP('',(#5015,#5016,#5022,#5023));
#5015 = ORIENTED_EDGE('',*,*,#4948,.F.);
#5016 = ORIENTED_EDGE('',*,*,#5017,.F.);
#5017 = EDGE_CURVE('',#4868,#4949,#5018,.T.);
#5018 = LINE('',#5019,#5020);
#5019 = CARTESIAN_POINT('',(-212.1320343559,-127.2792206135,220.));
#5020 = VECTOR('',#5021,1.);
#5021 = DIRECTION('',(0.707106781187,-0.707106781187,0.));
#5022 = ORIENTED_EDGE('',*,*,#4867,.T.);
#5023 = ORIENTED_EDGE('',*,*,#5017,.T.);
#5024 = CYLINDRICAL_SURFACE('',#5025,3.);
#5025 = AXIS2_PLACEMENT_3D('',#5026,#5027,#5028);
#5026 = CARTESIAN_POINT('',(-212.1320343559,-127.2792206135,217.));
#5027 = DIRECTION('',(0.707106781187,-0.707106781187,0.));
#5028 = DIRECTION('',(0.,0.,1.));
#5029 = ADVANCED_FACE('',(#5030),#5041,.F.);
#5030 = FACE_BOUND('',#5031,.F.);
#5031 = EDGE_LOOP('',(#5032,#5033,#5039,#5040));
#5032 = ORIENTED_EDGE('',*,*,#4959,.F.);
#5033 = ORIENTED_EDGE('',*,*,#5034,.F.);
#5034 = EDGE_CURVE('',#4879,#4960,#5035,.T.);
#5035 = LINE('',#5036,#5037);
#5036 = CARTESIAN_POINT('',(-212.1320343559,-127.2792206135,248.));
#5037 = VECTOR('',#5038,1.);
#5038 = DIRECTION('',(0.707106781187,-0.707106781187,0.));
#5039 = ORIENTED_EDGE('',*,*,#4878,.T.);
#5040 = ORIENTED_EDGE('',*,*,#5034,.T.);
#5041 = CYLINDRICAL_SURFACE('',#5042,3.);
#5042 = AXIS2_PLACEMENT_3D('',#5043,#5044,#5045);
#5043 = CARTESIAN_POINT('',(-212.1320343559,-127.2792206135,245.));
#5044 = DIRECTION('',(0.707106781187,-0.707106781187,0.));
#5045 = DIRECTION('',(0.,0.,1.));
#5046 = ADVANCED_FACE('',(#5047),#5058,.F.);
#5047 = FACE_BOUND('',#5048,.F.);
#5048 = EDGE_LOOP('',(#5049,#5050,#5056,#5057));
#5049 = ORIENTED_EDGE('',*,*,#4970,.F.);
#5050 = ORIENTED_EDGE('',*,*,#5051,.F.);
#5051 = EDGE_CURVE('',#4890,#4971,#5052,.T.);
#5052 = LINE('',#5053,#5054);
#5053 = CARTESIAN_POINT('',(-212.1320343559,-127.2792206135,276.));
#5054 = VECTOR('',#5055,1.);
#5055 = DIRECTION('',(0.707106781187,-0.707106781187,0.));
#5056 = ORIENTED_EDGE('',*,*,#4889,.T.);
#5057 = ORIENTED_EDGE('',*,*,#5051,.T.);
#5058 = CYLINDRICAL_SURFACE('',#5059,3.);
#5059 = AXIS2_PLACEMENT_3D('',#5060,#5061,#5062);
#5060 = CARTESIAN_POINT('',(-212.1320343559,-127.2792206135,273.));
#5061 = DIRECTION('',(0.707106781187,-0.707106781187,0.));
#5062 = DIRECTION('',(0.,0.,1.));
#5063 = ( GEOMETRIC_REPRESENTATION_CONTEXT(3) 
GLOBAL_UNCERTAINTY_ASSIGNED_CONTEXT((#5067)) 
GLOBAL_UNIT_ASSIGNED_CONTEXT((#5064,#5065,#5066)) REPRESENTATION_CONTEXT
('Context #1','3D Context with UNIT and UNCERTAINTY') );
#5064 = ( LENGTH_UNIT() NAMED_UNIT(*) SI_UNIT(.MILLI.,.METRE.) );
#5065 = ( NAMED_UNIT(*) PLANE_ANGLE_UNIT() SI_UNIT($,.RADIAN.) );
#5066 = ( NAMED_UNIT(*) SI_UNIT($,.STERADIAN.) SOLID_ANGLE_UNIT() );
#5067 = UNCERTAINTY_MEASURE_WITH_UNIT(LENGTH_MEASURE(1.E-07),#5064,
  'distance_accuracy_value','confusion accuracy');
#5068 = CONTEXT_DEPENDENT_SHAPE_REPRESENTATION(#5069,#5071);
#5069 = ( REPRESENTATION_RELATIONSHIP('','',#4795,#10) 
REPRESENTATION_RELATIONSHIP_WITH_TRANSFORMATION(#5070) 
SHAPE_REPRESENTATION_RELATIONSHIP() );
#5070 = ITEM_DEFINED_TRANSFORMATION('','',#11,#83);
#5071 = PRODUCT_DEFINITION_SHAPE('Placement','Placement of an item',
  #5072);
#5072 = NEXT_ASSEMBLY_USAGE_OCCURRENCE('18','P18 Slot jamb 225 / -1','',
  #5,#4790,$);
#5073 = PRODUCT_RELATED_PRODUCT_CATEGORY('part',$,(#4792));
#5074 = SHAPE_DEFINITION_REPRESENTATION(#5075,#5081);
#5075 = PRODUCT_DEFINITION_SHAPE('','',#5076);
#5076 = PRODUCT_DEFINITION('design','',#5077,#5080);
#5077 = PRODUCT_DEFINITION_FORMATION('','',#5078);
#5078 = PRODUCT('P19 Slot jamb 225 / 1','P19 Slot jamb 225 / 1','',(
    #5079));
#5079 = PRODUCT_CONTEXT('',#2,'mechanical');
#5080 = PRODUCT_DEFINITION_CONTEXT('part definition',#2,'design');
#5081 = ADVANCED_BREP_SHAPE_REPRESENTATION('',(#11,#5082),#5349);
#5082 = MANIFOLD_SOLID_BREP('',#5083);
#5083 = CLOSED_SHELL('',(#5084,#5124,#5188,#5212,#5269,#5286,#5298,#5315
    ,#5332));
#5084 = ADVANCED_FACE('',(#5085),#5119,.F.);
#5085 = FACE_BOUND('',#5086,.F.);
#5086 = EDGE_LOOP('',(#5087,#5097,#5105,#5113));
#5087 = ORIENTED_EDGE('',*,*,#5088,.F.);
#5088 = EDGE_CURVE('',#5089,#5091,#5093,.T.);
#5089 = VERTEX_POINT('',#5090);
#5090 = CARTESIAN_POINT('',(-154.1492782986,-171.1198410471,18.));
#5091 = VERTEX_POINT('',#5092);
#5092 = CARTESIAN_POINT('',(-154.1492782986,-171.1198410471,280.));
#5093 = LINE('',#5094,#5095);
#5094 = CARTESIAN_POINT('',(-154.1492782986,-171.1198410471,18.));
#5095 = VECTOR('',#5096,1.);
#5096 = DIRECTION('',(0.,0.,1.));
#5097 = ORIENTED_EDGE('',*,*,#5098,.T.);
#5098 = EDGE_CURVE('',#5089,#5099,#5101,.T.);
#5099 = VERTEX_POINT('',#5100);
#5100 = CARTESIAN_POINT('',(-151.3208511739,-173.9482681718,18.));
#5101 = LINE('',#5102,#5103);
#5102 = CARTESIAN_POINT('',(-154.1492782986,-171.1198410471,18.));
#5103 = VECTOR('',#5104,1.);
#5104 = DIRECTION('',(0.707106781187,-0.707106781187,0.));
#5105 = ORIENTED_EDGE('',*,*,#5106,.T.);
#5106 = EDGE_CURVE('',#5099,#5107,#5109,.T.);
#5107 = VERTEX_POINT('',#5108);
#5108 = CARTESIAN_POINT('',(-151.3208511739,-173.9482681718,280.));
#5109 = LINE('',#5110,#5111);
#5110 = CARTESIAN_POINT('',(-151.3208511739,-173.9482681718,18.));
#5111 = VECTOR('',#5112,1.);
#5112 = DIRECTION('',(0.,0.,1.));
#5113 = ORIENTED_EDGE('',*,*,#5114,.F.);
#5114 = EDGE_CURVE('',#5091,#5107,#5115,.T.);
#5115 = LINE('',#5116,#5117);
#5116 = CARTESIAN_POINT('',(-154.1492782986,-171.1198410471,280.));
#5117 = VECTOR('',#5118,1.);
#5118 = DIRECTION('',(0.707106781187,-0.707106781187,0.));
#5119 = PLANE('',#5120);
#5120 = AXIS2_PLACEMENT_3D('',#5121,#5122,#5123);
#5121 = CARTESIAN_POINT('',(-154.1492782986,-171.1198410471,18.));
#5122 = DIRECTION('',(-0.707106781187,-0.707106781187,0.));
#5123 = DIRECTION('',(0.,0.,1.));
#5124 = ADVANCED_FACE('',(#5125,#5150,#5161,#5172),#5183,.F.);
#5125 = FACE_BOUND('',#5126,.F.);
#5126 = EDGE_LOOP('',(#5127,#5135,#5136,#5144));
#5127 = ORIENTED_EDGE('',*,*,#5128,.F.);
#5128 = EDGE_CURVE('',#5089,#5129,#5131,.T.);
#5129 = VERTEX_POINT('',#5130);
#5130 = CARTESIAN_POINT('',(-168.2914139223,-185.2619766708,18.));
#5131 = LINE('',#5132,#5133);
#5132 = CARTESIAN_POINT('',(-154.1492782986,-171.1198410471,18.));
#5133 = VECTOR('',#5134,1.);
#5134 = DIRECTION('',(-0.707106781187,-0.707106781187,0.));
#5135 = ORIENTED_EDGE('',*,*,#5088,.T.);
#5136 = ORIENTED_EDGE('',*,*,#5137,.T.);
#5137 = EDGE_CURVE('',#5091,#5138,#5140,.T.);
#5138 = VERTEX_POINT('',#5139);
#5139 = CARTESIAN_POINT('',(-168.2914139223,-185.2619766708,280.));
#5140 = LINE('',#5141,#5142);
#5141 = CARTESIAN_POINT('',(-154.1492782986,-171.1198410471,280.));
#5142 = VECTOR('',#5143,1.);
#5143 = DIRECTION('',(-0.707106781187,-0.707106781187,0.));
#5144 = ORIENTED_EDGE('',*,*,#5145,.F.);
#5145 = EDGE_CURVE('',#5129,#5138,#5146,.T.);
#5146 = LINE('',#5147,#5148);
#5147 = CARTESIAN_POINT('',(-168.2914139223,-185.2619766708,18.));
#5148 = VECTOR('',#5149,1.);
#5149 = DIRECTION('',(0.,0.,1.));
#5150 = FACE_BOUND('',#5151,.F.);
#5151 = EDGE_LOOP('',(#5152));
#5152 = ORIENTED_EDGE('',*,*,#5153,.F.);
#5153 = EDGE_CURVE('',#5154,#5154,#5156,.T.);
#5154 = VERTEX_POINT('',#5155);
#5155 = CARTESIAN_POINT('',(-161.2203461105,-178.190908859,220.));
#5156 = CIRCLE('',#5157,3.);
#5157 = AXIS2_PLACEMENT_3D('',#5158,#5159,#5160);
#5158 = CARTESIAN_POINT('',(-161.2203461105,-178.190908859,217.));
#5159 = DIRECTION('',(0.707106781187,-0.707106781187,0.));
#5160 = DIRECTION('',(0.,0.,1.));
#5161 = FACE_BOUND('',#5162,.F.);
#5162 = EDGE_LOOP('',(#5163));
#5163 = ORIENTED_EDGE('',*,*,#5164,.F.);
#5164 = EDGE_CURVE('',#5165,#5165,#5167,.T.);
#5165 = VERTEX_POINT('',#5166);
#5166 = CARTESIAN_POINT('',(-161.2203461105,-178.190908859,248.));
#5167 = CIRCLE('',#5168,3.);
#5168 = AXIS2_PLACEMENT_3D('',#5169,#5170,#5171);
#5169 = CARTESIAN_POINT('',(-161.2203461105,-178.190908859,245.));
#5170 = DIRECTION('',(0.707106781187,-0.707106781187,0.));
#5171 = DIRECTION('',(0.,0.,1.));
#5172 = FACE_BOUND('',#5173,.F.);
#5173 = EDGE_LOOP('',(#5174));
#5174 = ORIENTED_EDGE('',*,*,#5175,.F.);
#5175 = EDGE_CURVE('',#5176,#5176,#5178,.T.);
#5176 = VERTEX_POINT('',#5177);
#5177 = CARTESIAN_POINT('',(-161.2203461105,-178.190908859,276.));
#5178 = CIRCLE('',#5179,3.);
#5179 = AXIS2_PLACEMENT_3D('',#5180,#5181,#5182);
#5180 = CARTESIAN_POINT('',(-161.2203461105,-178.190908859,273.));
#5181 = DIRECTION('',(0.707106781187,-0.707106781187,0.));
#5182 = DIRECTION('',(0.,0.,1.));
#5183 = PLANE('',#5184);
#5184 = AXIS2_PLACEMENT_3D('',#5185,#5186,#5187);
#5185 = CARTESIAN_POINT('',(-154.1492782986,-171.1198410471,18.));
#5186 = DIRECTION('',(0.707106781187,-0.707106781187,0.));
#5187 = DIRECTION('',(0.,0.,1.));
#5188 = ADVANCED_FACE('',(#5189),#5207,.T.);
#5189 = FACE_BOUND('',#5190,.T.);
#5190 = EDGE_LOOP('',(#5191,#5192,#5193,#5201));
#5191 = ORIENTED_EDGE('',*,*,#5114,.F.);
#5192 = ORIENTED_EDGE('',*,*,#5137,.T.);
#5193 = ORIENTED_EDGE('',*,*,#5194,.T.);
#5194 = EDGE_CURVE('',#5138,#5195,#5197,.T.);
#5195 = VERTEX_POINT('',#5196);
#5196 = CARTESIAN_POINT('',(-165.4629867976,-188.0904037956,280.));
#5197 = LINE('',#5198,#5199);
#5198 = CARTESIAN_POINT('',(-168.2914139223,-185.2619766708,280.));
#5199 = VECTOR('',#5200,1.);
#5200 = DIRECTION('',(0.707106781187,-0.707106781187,0.));
#5201 = ORIENTED_EDGE('',*,*,#5202,.F.);
#5202 = EDGE_CURVE('',#5107,#5195,#5203,.T.);
#5203 = LINE('',#5204,#5205);
#5204 = CARTESIAN_POINT('',(-151.3208511739,-173.9482681718,280.));
#5205 = VECTOR('',#5206,1.);
#5206 = DIRECTION('',(-0.707106781187,-0.707106781187,0.));
#5207 = PLANE('',#5208);
#5208 = AXIS2_PLACEMENT_3D('',#5209,#5210,#5211);
#5209 = CARTESIAN_POINT('',(-154.1492782986,-171.1198410471,280.));
#5210 = DIRECTION('',(0.,0.,1.));
#5211 = DIRECTION('',(-0.707106781187,-0.707106781187,0.));
#5212 = ADVANCED_FACE('',(#5213,#5231,#5242,#5253),#5264,.T.);
#5213 = FACE_BOUND('',#5214,.T.);
#5214 = EDGE_LOOP('',(#5215,#5223,#5224,#5225));
#5215 = ORIENTED_EDGE('',*,*,#5216,.F.);
#5216 = EDGE_CURVE('',#5099,#5217,#5219,.T.);
#5217 = VERTEX_POINT('',#5218);
#5218 = CARTESIAN_POINT('',(-165.4629867976,-188.0904037956,18.));
#5219 = LINE('',#5220,#5221);
#5220 = CARTESIAN_POINT('',(-151.3208511739,-173.9482681718,18.));
#5221 = VECTOR('',#5222,1.);
#5222 = DIRECTION('',(-0.707106781187,-0.707106781187,0.));
#5223 = ORIENTED_EDGE('',*,*,#5106,.T.);
#5224 = ORIENTED_EDGE('',*,*,#5202,.T.);
#5225 = ORIENTED_EDGE('',*,*,#5226,.F.);
#5226 = EDGE_CURVE('',#5217,#5195,#5227,.T.);
#5227 = LINE('',#5228,#5229);
#5228 = CARTESIAN_POINT('',(-165.4629867976,-188.0904037956,18.));
#5229 = VECTOR('',#5230,1.);
#5230 = DIRECTION('',(0.,0.,1.));
#5231 = FACE_BOUND('',#5232,.T.);
#5232 = EDGE_LOOP('',(#5233));
#5233 = ORIENTED_EDGE('',*,*,#5234,.F.);
#5234 = EDGE_CURVE('',#5235,#5235,#5237,.T.);
#5235 = VERTEX_POINT('',#5236);
#5236 = CARTESIAN_POINT('',(-158.3919189857,-181.0193359837,220.));
#5237 = CIRCLE('',#5238,3.);
#5238 = AXIS2_PLACEMENT_3D('',#5239,#5240,#5241);
#5239 = CARTESIAN_POINT('',(-158.3919189857,-181.0193359837,217.));
#5240 = DIRECTION('',(0.707106781187,-0.707106781187,0.));
#5241 = DIRECTION('',(0.,0.,1.));
#5242 = FACE_BOUND('',#5243,.T.);
#5243 = EDGE_LOOP('',(#5244));
#5244 = ORIENTED_EDGE('',*,*,#5245,.F.);
#5245 = EDGE_CURVE('',#5246,#5246,#5248,.T.);
#5246 = VERTEX_POINT('',#5247);
#5247 = CARTESIAN_POINT('',(-158.3919189857,-181.0193359837,248.));
#5248 = CIRCLE('',#5249,3.);
#5249 = AXIS2_PLACEMENT_3D('',#5250,#5251,#5252);
#5250 = CARTESIAN_POINT('',(-158.3919189857,-181.0193359837,245.));
#5251 = DIRECTION('',(0.707106781187,-0.707106781187,0.));
#5252 = DIRECTION('',(0.,0.,1.));
#5253 = FACE_BOUND('',#5254,.T.);
#5254 = EDGE_LOOP('',(#5255));
#5255 = ORIENTED_EDGE('',*,*,#5256,.F.);
#5256 = EDGE_CURVE('',#5257,#5257,#5259,.T.);
#5257 = VERTEX_POINT('',#5258);
#5258 = CARTESIAN_POINT('',(-158.3919189857,-181.0193359837,276.));
#5259 = CIRCLE('',#5260,3.);
#5260 = AXIS2_PLACEMENT_3D('',#5261,#5262,#5263);
#5261 = CARTESIAN_POINT('',(-158.3919189857,-181.0193359837,273.));
#5262 = DIRECTION('',(0.707106781187,-0.707106781187,0.));
#5263 = DIRECTION('',(0.,0.,1.));
#5264 = PLANE('',#5265);
#5265 = AXIS2_PLACEMENT_3D('',#5266,#5267,#5268);
#5266 = CARTESIAN_POINT('',(-151.3208511739,-173.9482681718,18.));
#5267 = DIRECTION('',(0.707106781187,-0.707106781187,0.));
#5268 = DIRECTION('',(0.,0.,1.));
#5269 = ADVANCED_FACE('',(#5270),#5281,.F.);
#5270 = FACE_BOUND('',#5271,.F.);
#5271 = EDGE_LOOP('',(#5272,#5273,#5274,#5280));
#5272 = ORIENTED_EDGE('',*,*,#5098,.F.);
#5273 = ORIENTED_EDGE('',*,*,#5128,.T.);
#5274 = ORIENTED_EDGE('',*,*,#5275,.T.);
#5275 = EDGE_CURVE('',#5129,#5217,#5276,.T.);
#5276 = LINE('',#5277,#5278);
#5277 = CARTESIAN_POINT('',(-168.2914139223,-185.2619766708,18.));
#5278 = VECTOR('',#5279,1.);
#5279 = DIRECTION('',(0.707106781187,-0.707106781187,0.));
#5280 = ORIENTED_EDGE('',*,*,#5216,.F.);
#5281 = PLANE('',#5282);
#5282 = AXIS2_PLACEMENT_3D('',#5283,#5284,#5285);
#5283 = CARTESIAN_POINT('',(-154.1492782986,-171.1198410471,18.));
#5284 = DIRECTION('',(0.,0.,1.));
#5285 = DIRECTION('',(-0.707106781187,-0.707106781187,0.));
#5286 = ADVANCED_FACE('',(#5287),#5293,.T.);
#5287 = FACE_BOUND('',#5288,.T.);
#5288 = EDGE_LOOP('',(#5289,#5290,#5291,#5292));
#5289 = ORIENTED_EDGE('',*,*,#5145,.F.);
#5290 = ORIENTED_EDGE('',*,*,#5275,.T.);
#5291 = ORIENTED_EDGE('',*,*,#5226,.T.);
#5292 = ORIENTED_EDGE('',*,*,#5194,.F.);
#5293 = PLANE('',#5294);
#5294 = AXIS2_PLACEMENT_3D('',#5295,#5296,#5297);
#5295 = CARTESIAN_POINT('',(-168.2914139223,-185.2619766708,18.));
#5296 = DIRECTION('',(-0.707106781187,-0.707106781187,0.));
#5297 = DIRECTION('',(0.,0.,1.));
#5298 = ADVANCED_FACE('',(#5299),#5310,.F.);
#5299 = FACE_BOUND('',#5300,.F.);
#5300 = EDGE_LOOP('',(#5301,#5302,#5308,#5309));
#5301 = ORIENTED_EDGE('',*,*,#5234,.F.);
#5302 = ORIENTED_EDGE('',*,*,#5303,.F.);
#5303 = EDGE_CURVE('',#5154,#5235,#5304,.T.);
#5304 = LINE('',#5305,#5306);
#5305 = CARTESIAN_POINT('',(-212.1320343559,-127.2792206135,220.));
#5306 = VECTOR('',#5307,1.);
#5307 = DIRECTION('',(0.707106781187,-0.707106781187,0.));
#5308 = ORIENTED_EDGE('',*,*,#5153,.T.);
#5309 = ORIENTED_EDGE('',*,*,#5303,.T.);
#5310 = CYLINDRICAL_SURFACE('',#5311,3.);
#5311 = AXIS2_PLACEMENT_3D('',#5312,#5313,#5314);
#5312 = CARTESIAN_POINT('',(-212.1320343559,-127.2792206135,217.));
#5313 = DIRECTION('',(0.707106781187,-0.707106781187,0.));
#5314 = DIRECTION('',(0.,0.,1.));
#5315 = ADVANCED_FACE('',(#5316),#5327,.F.);
#5316 = FACE_BOUND('',#5317,.F.);
#5317 = EDGE_LOOP('',(#5318,#5319,#5325,#5326));
#5318 = ORIENTED_EDGE('',*,*,#5245,.F.);
#5319 = ORIENTED_EDGE('',*,*,#5320,.F.);
#5320 = EDGE_CURVE('',#5165,#5246,#5321,.T.);
#5321 = LINE('',#5322,#5323);
#5322 = CARTESIAN_POINT('',(-212.1320343559,-127.2792206135,248.));
#5323 = VECTOR('',#5324,1.);
#5324 = DIRECTION('',(0.707106781187,-0.707106781187,0.));
#5325 = ORIENTED_EDGE('',*,*,#5164,.T.);
#5326 = ORIENTED_EDGE('',*,*,#5320,.T.);
#5327 = CYLINDRICAL_SURFACE('',#5328,3.);
#5328 = AXIS2_PLACEMENT_3D('',#5329,#5330,#5331);
#5329 = CARTESIAN_POINT('',(-212.1320343559,-127.2792206135,245.));
#5330 = DIRECTION('',(0.707106781187,-0.707106781187,0.));
#5331 = DIRECTION('',(0.,0.,1.));
#5332 = ADVANCED_FACE('',(#5333),#5344,.F.);
#5333 = FACE_BOUND('',#5334,.F.);
#5334 = EDGE_LOOP('',(#5335,#5336,#5342,#5343));
#5335 = ORIENTED_EDGE('',*,*,#5256,.F.);
#5336 = ORIENTED_EDGE('',*,*,#5337,.F.);
#5337 = EDGE_CURVE('',#5176,#5257,#5338,.T.);
#5338 = LINE('',#5339,#5340);
#5339 = CARTESIAN_POINT('',(-212.1320343559,-127.2792206135,276.));
#5340 = VECTOR('',#5341,1.);
#5341 = DIRECTION('',(0.707106781187,-0.707106781187,0.));
#5342 = ORIENTED_EDGE('',*,*,#5175,.T.);
#5343 = ORIENTED_EDGE('',*,*,#5337,.T.);
#5344 = CYLINDRICAL_SURFACE('',#5345,3.);
#5345 = AXIS2_PLACEMENT_3D('',#5346,#5347,#5348);
#5346 = CARTESIAN_POINT('',(-212.1320343559,-127.2792206135,273.));
#5347 = DIRECTION('',(0.707106781187,-0.707106781187,0.));
#5348 = DIRECTION('',(0.,0.,1.));
#5349 = ( GEOMETRIC_REPRESENTATION_CONTEXT(3) 
GLOBAL_UNCERTAINTY_ASSIGNED_CONTEXT((#5353)) 
GLOBAL_UNIT_ASSIGNED_CONTEXT((#5350,#5351,#5352)) REPRESENTATION_CONTEXT
('Context #1','3D Context with UNIT and UNCERTAINTY') );
#5350 = ( LENGTH_UNIT() NAMED_UNIT(*) SI_UNIT(.MILLI.,.METRE.) );
#5351 = ( NAMED_UNIT(*) PLANE_ANGLE_UNIT() SI_UNIT($,.RADIAN.) );
#5352 = ( NAMED_UNIT(*) SI_UNIT($,.STERADIAN.) SOLID_ANGLE_UNIT() );
#5353 = UNCERTAINTY_MEASURE_WITH_UNIT(LENGTH_MEASURE(1.E-07),#5350,
  'distance_accuracy_value','confusion accuracy');
#5354 = CONTEXT_DEPENDENT_SHAPE_REPRESENTATION(#5355,#5357);
#5355 = ( REPRESENTATION_RELATIONSHIP('','',#5081,#10) 
REPRESENTATION_RELATIONSHIP_WITH_TRANSFORMATION(#5356) 
SHAPE_REPRESENTATION_RELATIONSHIP() );
#5356 = ITEM_DEFINED_TRANSFORMATION('','',#11,#87);
#5357 = PRODUCT_DEFINITION_SHAPE('Placement','Placement of an item',
  #5358);
#5358 = NEXT_ASSEMBLY_USAGE_OCCURRENCE('19','P19 Slot jamb 225 / 1','',
  #5,#5076,$);
#5359 = PRODUCT_RELATED_PRODUCT_CATEGORY('part',$,(#5078));
#5360 = SHAPE_DEFINITION_REPRESENTATION(#5361,#5367);
#5361 = PRODUCT_DEFINITION_SHAPE('','',#5362);
#5362 = PRODUCT_DEFINITION('design','',#5363,#5366);
#5363 = PRODUCT_DEFINITION_FORMATION('','',#5364);
#5364 = PRODUCT('P20 Slot lintel 225','P20 Slot lintel 225','',(#5365));
#5365 = PRODUCT_CONTEXT('',#2,'mechanical');
#5366 = PRODUCT_DEFINITION_CONTEXT('part definition',#2,'design');
#5367 = ADVANCED_BREP_SHAPE_REPRESENTATION('',(#11,#5368),#5518);
#5368 = MANIFOLD_SOLID_BREP('',#5369);
#5369 = CLOSED_SHELL('',(#5370,#5410,#5450,#5472,#5494,#5506));
#5370 = ADVANCED_FACE('',(#5371),#5405,.F.);
#5371 = FACE_BOUND('',#5372,.F.);
#5372 = EDGE_LOOP('',(#5373,#5383,#5391,#5399));
#5373 = ORIENTED_EDGE('',*,*,#5374,.F.);
#5374 = EDGE_CURVE('',#5375,#5377,#5379,.T.);
#5375 = VERTEX_POINT('',#5376);
#5376 = CARTESIAN_POINT('',(-173.9482681718,-151.3208511739,280.));
#5377 = VERTEX_POINT('',#5378);
#5378 = CARTESIAN_POINT('',(-173.9482681718,-151.3208511739,284.));
#5379 = LINE('',#5380,#5381);
#5380 = CARTESIAN_POINT('',(-173.9482681718,-151.3208511739,280.));
#5381 = VECTOR('',#5382,1.);
#5382 = DIRECTION('',(0.,0.,1.));
#5383 = ORIENTED_EDGE('',*,*,#5384,.T.);
#5384 = EDGE_CURVE('',#5375,#5385,#5387,.T.);
#5385 = VERTEX_POINT('',#5386);
#5386 = CARTESIAN_POINT('',(-151.3208511739,-173.9482681718,280.));
#5387 = LINE('',#5388,#5389);
#5388 = CARTESIAN_POINT('',(-173.9482681718,-151.3208511739,280.));
#5389 = VECTOR('',#5390,1.);
#5390 = DIRECTION('',(0.707106781187,-0.707106781187,0.));
#5391 = ORIENTED_EDGE('',*,*,#5392,.T.);
#5392 = EDGE_CURVE('',#5385,#5393,#5395,.T.);
#5393 = VERTEX_POINT('',#5394);
#5394 = CARTESIAN_POINT('',(-151.3208511739,-173.9482681718,284.));
#5395 = LINE('',#5396,#5397);
#5396 = CARTESIAN_POINT('',(-151.3208511739,-173.9482681718,280.));
#5397 = VECTOR('',#5398,1.);
#5398 = DIRECTION('',(0.,0.,1.));
#5399 = ORIENTED_EDGE('',*,*,#5400,.F.);
#5400 = EDGE_CURVE('',#5377,#5393,#5401,.T.);
#5401 = LINE('',#5402,#5403);
#5402 = CARTESIAN_POINT('',(-173.9482681718,-151.3208511739,284.));
#5403 = VECTOR('',#5404,1.);
#5404 = DIRECTION('',(0.707106781187,-0.707106781187,0.));
#5405 = PLANE('',#5406);
#5406 = AXIS2_PLACEMENT_3D('',#5407,#5408,#5409);
#5407 = CARTESIAN_POINT('',(-173.9482681718,-151.3208511739,280.));
#5408 = DIRECTION('',(-0.707106781187,-0.707106781187,0.));
#5409 = DIRECTION('',(0.,0.,1.));
#5410 = ADVANCED_FACE('',(#5411),#5445,.T.);
#5411 = FACE_BOUND('',#5412,.T.);
#5412 = EDGE_LOOP('',(#5413,#5423,#5431,#5439));
#5413 = ORIENTED_EDGE('',*,*,#5414,.F.);
#5414 = EDGE_CURVE('',#5415,#5417,#5419,.T.);
#5415 = VERTEX_POINT('',#5416);
#5416 = CARTESIAN_POINT('',(-188.0904037956,-165.4629867976,280.));
#5417 = VERTEX_POINT('',#5418);
#5418 = CARTESIAN_POINT('',(-188.0904037956,-165.4629867976,284.));
#5419 = LINE('',#5420,#5421);
#5420 = CARTESIAN_POINT('',(-188.0904037956,-165.4629867976,280.));
#5421 = VECTOR('',#5422,1.);
#5422 = DIRECTION('',(0.,0.,1.));
#5423 = ORIENTED_EDGE('',*,*,#5424,.T.);
#5424 = EDGE_CURVE('',#5415,#5425,#5427,.T.);
#5425 = VERTEX_POINT('',#5426);
#5426 = CARTESIAN_POINT('',(-165.4629867976,-188.0904037956,280.));
#5427 = LINE('',#5428,#5429);
#5428 = CARTESIAN_POINT('',(-188.0904037956,-165.4629867976,280.));
#5429 = VECTOR('',#5430,1.);
#5430 = DIRECTION('',(0.707106781187,-0.707106781187,0.));
#5431 = ORIENTED_EDGE('',*,*,#5432,.T.);
#5432 = EDGE_CURVE('',#5425,#5433,#5435,.T.);
#5433 = VERTEX_POINT('',#5434);
#5434 = CARTESIAN_POINT('',(-165.4629867976,-188.0904037956,284.));
#5435 = LINE('',#5436,#5437);
#5436 = CARTESIAN_POINT('',(-165.4629867976,-188.0904037956,280.));
#5437 = VECTOR('',#5438,1.);
#5438 = DIRECTION('',(0.,0.,1.));
#5439 = ORIENTED_EDGE('',*,*,#5440,.F.);
#5440 = EDGE_CURVE('',#5417,#5433,#5441,.T.);
#5441 = LINE('',#5442,#5443);
#5442 = CARTESIAN_POINT('',(-188.0904037956,-165.4629867976,284.));
#5443 = VECTOR('',#5444,1.);
#5444 = DIRECTION('',(0.707106781187,-0.707106781187,0.));
#5445 = PLANE('',#5446);
#5446 = AXIS2_PLACEMENT_3D('',#5447,#5448,#5449);
#5447 = CARTESIAN_POINT('',(-188.0904037956,-165.4629867976,280.));
#5448 = DIRECTION('',(-0.707106781187,-0.707106781187,0.));
#5449 = DIRECTION('',(0.,0.,1.));
#5450 = ADVANCED_FACE('',(#5451),#5467,.F.);
#5451 = FACE_BOUND('',#5452,.F.);
#5452 = EDGE_LOOP('',(#5453,#5459,#5460,#5466));
#5453 = ORIENTED_EDGE('',*,*,#5454,.F.);
#5454 = EDGE_CURVE('',#5375,#5415,#5455,.T.);
#5455 = LINE('',#5456,#5457);
#5456 = CARTESIAN_POINT('',(-173.9482681718,-151.3208511739,280.));
#5457 = VECTOR('',#5458,1.);
#5458 = DIRECTION('',(-0.707106781187,-0.707106781187,0.));
#5459 = ORIENTED_EDGE('',*,*,#5374,.T.);
#5460 = ORIENTED_EDGE('',*,*,#5461,.T.);
#5461 = EDGE_CURVE('',#5377,#5417,#5462,.T.);
#5462 = LINE('',#5463,#5464);
#5463 = CARTESIAN_POINT('',(-173.9482681718,-151.3208511739,284.));
#5464 = VECTOR('',#5465,1.);
#5465 = DIRECTION('',(-0.707106781187,-0.707106781187,0.));
#5466 = ORIENTED_EDGE('',*,*,#5414,.F.);
#5467 = PLANE('',#5468);
#5468 = AXIS2_PLACEMENT_3D('',#5469,#5470,#5471);
#5469 = CARTESIAN_POINT('',(-173.9482681718,-151.3208511739,280.));
#5470 = DIRECTION('',(0.707106781187,-0.707106781187,0.));
#5471 = DIRECTION('',(0.,0.,1.));
#5472 = ADVANCED_FACE('',(#5473),#5489,.T.);
#5473 = FACE_BOUND('',#5474,.T.);
#5474 = EDGE_LOOP('',(#5475,#5481,#5482,#5488));
#5475 = ORIENTED_EDGE('',*,*,#5476,.F.);
#5476 = EDGE_CURVE('',#5385,#5425,#5477,.T.);
#5477 = LINE('',#5478,#5479);
#5478 = CARTESIAN_POINT('',(-151.3208511739,-173.9482681718,280.));
#5479 = VECTOR('',#5480,1.);
#5480 = DIRECTION('',(-0.707106781187,-0.707106781187,0.));
#5481 = ORIENTED_EDGE('',*,*,#5392,.T.);
#5482 = ORIENTED_EDGE('',*,*,#5483,.T.);
#5483 = EDGE_CURVE('',#5393,#5433,#5484,.T.);
#5484 = LINE('',#5485,#5486);
#5485 = CARTESIAN_POINT('',(-151.3208511739,-173.9482681718,284.));
#5486 = VECTOR('',#5487,1.);
#5487 = DIRECTION('',(-0.707106781187,-0.707106781187,0.));
#5488 = ORIENTED_EDGE('',*,*,#5432,.F.);
#5489 = PLANE('',#5490);
#5490 = AXIS2_PLACEMENT_3D('',#5491,#5492,#5493);
#5491 = CARTESIAN_POINT('',(-151.3208511739,-173.9482681718,280.));
#5492 = DIRECTION('',(0.707106781187,-0.707106781187,0.));
#5493 = DIRECTION('',(0.,0.,1.));
#5494 = ADVANCED_FACE('',(#5495),#5501,.F.);
#5495 = FACE_BOUND('',#5496,.F.);
#5496 = EDGE_LOOP('',(#5497,#5498,#5499,#5500));
#5497 = ORIENTED_EDGE('',*,*,#5384,.F.);
#5498 = ORIENTED_EDGE('',*,*,#5454,.T.);
#5499 = ORIENTED_EDGE('',*,*,#5424,.T.);
#5500 = ORIENTED_EDGE('',*,*,#5476,.F.);
#5501 = PLANE('',#5502);
#5502 = AXIS2_PLACEMENT_3D('',#5503,#5504,#5505);
#5503 = CARTESIAN_POINT('',(-173.9482681718,-151.3208511739,280.));
#5504 = DIRECTION('',(0.,0.,1.));
#5505 = DIRECTION('',(-0.707106781187,-0.707106781187,0.));
#5506 = ADVANCED_FACE('',(#5507),#5513,.T.);
#5507 = FACE_BOUND('',#5508,.T.);
#5508 = EDGE_LOOP('',(#5509,#5510,#5511,#5512));
#5509 = ORIENTED_EDGE('',*,*,#5400,.F.);
#5510 = ORIENTED_EDGE('',*,*,#5461,.T.);
#5511 = ORIENTED_EDGE('',*,*,#5440,.T.);
#5512 = ORIENTED_EDGE('',*,*,#5483,.F.);
#5513 = PLANE('',#5514);
#5514 = AXIS2_PLACEMENT_3D('',#5515,#5516,#5517);
#5515 = CARTESIAN_POINT('',(-173.9482681718,-151.3208511739,284.));
#5516 = DIRECTION('',(0.,0.,1.));
#5517 = DIRECTION('',(-0.707106781187,-0.707106781187,0.));
#5518 = ( GEOMETRIC_REPRESENTATION_CONTEXT(3) 
GLOBAL_UNCERTAINTY_ASSIGNED_CONTEXT((#5522)) 
GLOBAL_UNIT_ASSIGNED_CONTEXT((#5519,#5520,#5521)) REPRESENTATION_CONTEXT
('Context #1','3D Context with UNIT and UNCERTAINTY') );
#5519 = ( LENGTH_UNIT() NAMED_UNIT(*) SI_UNIT(.MILLI.,.METRE.) );
#5520 = ( NAMED_UNIT(*) PLANE_ANGLE_UNIT() SI_UNIT($,.RADIAN.) );
#5521 = ( NAMED_UNIT(*) SI_UNIT($,.STERADIAN.) SOLID_ANGLE_UNIT() );
#5522 = UNCERTAINTY_MEASURE_WITH_UNIT(LENGTH_MEASURE(1.E-07),#5519,
  'distance_accuracy_value','confusion accuracy');
#5523 = CONTEXT_DEPENDENT_SHAPE_REPRESENTATION(#5524,#5526);
#5524 = ( REPRESENTATION_RELATIONSHIP('','',#5367,#10) 
REPRESENTATION_RELATIONSHIP_WITH_TRANSFORMATION(#5525) 
SHAPE_REPRESENTATION_RELATIONSHIP() );
#5525 = ITEM_DEFINED_TRANSFORMATION('','',#11,#91);
#5526 = PRODUCT_DEFINITION_SHAPE('Placement','Placement of an item',
  #5527);
#5527 = NEXT_ASSEMBLY_USAGE_OCCURRENCE('20','P20 Slot lintel 225','',#5,
  #5362,$);
#5528 = PRODUCT_RELATED_PRODUCT_CATEGORY('part',$,(#5364));
#5529 = SHAPE_DEFINITION_REPRESENTATION(#5530,#5536);
#5530 = PRODUCT_DEFINITION_SHAPE('','',#5531);
#5531 = PRODUCT_DEFINITION('design','',#5532,#5535);
#5532 = PRODUCT_DEFINITION_FORMATION('','',#5533);
#5533 = PRODUCT('P21 Foot shoe 225','P21 Foot shoe 225','',(#5534));
#5534 = PRODUCT_CONTEXT('',#2,'mechanical');
#5535 = PRODUCT_DEFINITION_CONTEXT('part definition',#2,'design');
#5536 = ADVANCED_BREP_SHAPE_REPRESENTATION('',(#11,#5537),#5687);
#5537 = MANIFOLD_SOLID_BREP('',#5538);
#5538 = CLOSED_SHELL('',(#5539,#5579,#5619,#5641,#5663,#5675));
#5539 = ADVANCED_FACE('',(#5540),#5574,.F.);
#5540 = FACE_BOUND('',#5541,.F.);
#5541 = EDGE_LOOP('',(#5542,#5552,#5560,#5568));
#5542 = ORIENTED_EDGE('',*,*,#5543,.F.);
#5543 = EDGE_CURVE('',#5544,#5546,#5548,.T.);
#5544 = VERTEX_POINT('',#5545);
#5545 = CARTESIAN_POINT('',(-203.6467529817,-118.7939392393,0.));
#5546 = VERTEX_POINT('',#5547);
#5547 = CARTESIAN_POINT('',(-203.6467529817,-118.7939392393,18.));
#5548 = LINE('',#5549,#5550);
#5549 = CARTESIAN_POINT('',(-203.6467529817,-118.7939392393,0.));
#5550 = VECTOR('',#5551,1.);
#5551 = DIRECTION('',(0.,0.,1.));
#5552 = ORIENTED_EDGE('',*,*,#5553,.T.);
#5553 = EDGE_CURVE('',#5544,#5554,#5556,.T.);
#5554 = VERTEX_POINT('',#5555);
#5555 = CARTESIAN_POINT('',(-118.7939392393,-203.6467529817,0.));
#5556 = LINE('',#5557,#5558);
#5557 = CARTESIAN_POINT('',(-203.6467529817,-118.7939392393,0.));
#5558 = VECTOR('',#5559,1.);
#5559 = DIRECTION('',(0.707106781187,-0.707106781187,0.));
#5560 = ORIENTED_EDGE('',*,*,#5561,.T.);
#5561 = EDGE_CURVE('',#5554,#5562,#5564,.T.);
#5562 = VERTEX_POINT('',#5563);
#5563 = CARTESIAN_POINT('',(-118.7939392393,-203.6467529817,18.));
#5564 = LINE('',#5565,#5566);
#5565 = CARTESIAN_POINT('',(-118.7939392393,-203.6467529817,0.));
#5566 = VECTOR('',#5567,1.);
#5567 = DIRECTION('',(0.,0.,1.));
#5568 = ORIENTED_EDGE('',*,*,#5569,.F.);
#5569 = EDGE_CURVE('',#5546,#5562,#5570,.T.);
#5570 = LINE('',#5571,#5572);
#5571 = CARTESIAN_POINT('',(-203.6467529817,-118.7939392393,18.));
#5572 = VECTOR('',#5573,1.);
#5573 = DIRECTION('',(0.707106781187,-0.707106781187,0.));
#5574 = PLANE('',#5575);
#5575 = AXIS2_PLACEMENT_3D('',#5576,#5577,#5578);
#5576 = CARTESIAN_POINT('',(-203.6467529817,-118.7939392393,0.));
#5577 = DIRECTION('',(-0.707106781187,-0.707106781187,0.));
#5578 = DIRECTION('',(0.,0.,1.));
#5579 = ADVANCED_FACE('',(#5580),#5614,.T.);
#5580 = FACE_BOUND('',#5581,.T.);
#5581 = EDGE_LOOP('',(#5582,#5592,#5600,#5608));
#5582 = ORIENTED_EDGE('',*,*,#5583,.F.);
#5583 = EDGE_CURVE('',#5584,#5586,#5588,.T.);
#5584 = VERTEX_POINT('',#5585);
#5585 = CARTESIAN_POINT('',(-220.6173157302,-135.7645019878,0.));
#5586 = VERTEX_POINT('',#5587);
#5587 = CARTESIAN_POINT('',(-220.6173157302,-135.7645019878,18.));
#5588 = LINE('',#5589,#5590);
#5589 = CARTESIAN_POINT('',(-220.6173157302,-135.7645019878,0.));
#5590 = VECTOR('',#5591,1.);
#5591 = DIRECTION('',(0.,0.,1.));
#5592 = ORIENTED_EDGE('',*,*,#5593,.T.);
#5593 = EDGE_CURVE('',#5584,#5594,#5596,.T.);
#5594 = VERTEX_POINT('',#5595);
#5595 = CARTESIAN_POINT('',(-135.7645019878,-220.6173157302,0.));
#5596 = LINE('',#5597,#5598);
#5597 = CARTESIAN_POINT('',(-220.6173157302,-135.7645019878,0.));
#5598 = VECTOR('',#5599,1.);
#5599 = DIRECTION('',(0.707106781187,-0.707106781187,0.));
#5600 = ORIENTED_EDGE('',*,*,#5601,.T.);
#5601 = EDGE_CURVE('',#5594,#5602,#5604,.T.);
#5602 = VERTEX_POINT('',#5603);
#5603 = CARTESIAN_POINT('',(-135.7645019878,-220.6173157302,18.));
#5604 = LINE('',#5605,#5606);
#5605 = CARTESIAN_POINT('',(-135.7645019878,-220.6173157302,0.));
#5606 = VECTOR('',#5607,1.);
#5607 = DIRECTION('',(0.,0.,1.));
#5608 = ORIENTED_EDGE('',*,*,#5609,.F.);
#5609 = EDGE_CURVE('',#5586,#5602,#5610,.T.);
#5610 = LINE('',#5611,#5612);
#5611 = CARTESIAN_POINT('',(-220.6173157302,-135.7645019878,18.));
#5612 = VECTOR('',#5613,1.);
#5613 = DIRECTION('',(0.707106781187,-0.707106781187,0.));
#5614 = PLANE('',#5615);
#5615 = AXIS2_PLACEMENT_3D('',#5616,#5617,#5618);
#5616 = CARTESIAN_POINT('',(-220.6173157302,-135.7645019878,0.));
#5617 = DIRECTION('',(-0.707106781187,-0.707106781187,0.));
#5618 = DIRECTION('',(0.,0.,1.));
#5619 = ADVANCED_FACE('',(#5620),#5636,.F.);
#5620 = FACE_BOUND('',#5621,.F.);
#5621 = EDGE_LOOP('',(#5622,#5628,#5629,#5635));
#5622 = ORIENTED_EDGE('',*,*,#5623,.F.);
#5623 = EDGE_CURVE('',#5544,#5584,#5624,.T.);
#5624 = LINE('',#5625,#5626);
#5625 = CARTESIAN_POINT('',(-203.6467529817,-118.7939392393,0.));
#5626 = VECTOR('',#5627,1.);
#5627 = DIRECTION('',(-0.707106781187,-0.707106781187,0.));
#5628 = ORIENTED_EDGE('',*,*,#5543,.T.);
#5629 = ORIENTED_EDGE('',*,*,#5630,.T.);
#5630 = EDGE_CURVE('',#5546,#5586,#5631,.T.);
#5631 = LINE('',#5632,#5633);
#5632 = CARTESIAN_POINT('',(-203.6467529817,-118.7939392393,18.));
#5633 = VECTOR('',#5634,1.);
#5634 = DIRECTION('',(-0.707106781187,-0.707106781187,0.));
#5635 = ORIENTED_EDGE('',*,*,#5583,.F.);
#5636 = PLANE('',#5637);
#5637 = AXIS2_PLACEMENT_3D('',#5638,#5639,#5640);
#5638 = CARTESIAN_POINT('',(-203.6467529817,-118.7939392393,0.));
#5639 = DIRECTION('',(0.707106781187,-0.707106781187,0.));
#5640 = DIRECTION('',(0.,0.,1.));
#5641 = ADVANCED_FACE('',(#5642),#5658,.T.);
#5642 = FACE_BOUND('',#5643,.T.);
#5643 = EDGE_LOOP('',(#5644,#5650,#5651,#5657));
#5644 = ORIENTED_EDGE('',*,*,#5645,.F.);
#5645 = EDGE_CURVE('',#5554,#5594,#5646,.T.);
#5646 = LINE('',#5647,#5648);
#5647 = CARTESIAN_POINT('',(-118.7939392393,-203.6467529817,0.));
#5648 = VECTOR('',#5649,1.);
#5649 = DIRECTION('',(-0.707106781187,-0.707106781187,0.));
#5650 = ORIENTED_EDGE('',*,*,#5561,.T.);
#5651 = ORIENTED_EDGE('',*,*,#5652,.T.);
#5652 = EDGE_CURVE('',#5562,#5602,#5653,.T.);
#5653 = LINE('',#5654,#5655);
#5654 = CARTESIAN_POINT('',(-118.7939392393,-203.6467529817,18.));
#5655 = VECTOR('',#5656,1.);
#5656 = DIRECTION('',(-0.707106781187,-0.707106781187,0.));
#5657 = ORIENTED_EDGE('',*,*,#5601,.F.);
#5658 = PLANE('',#5659);
#5659 = AXIS2_PLACEMENT_3D('',#5660,#5661,#5662);
#5660 = CARTESIAN_POINT('',(-118.7939392393,-203.6467529817,0.));
#5661 = DIRECTION('',(0.707106781187,-0.707106781187,0.));
#5662 = DIRECTION('',(0.,0.,1.));
#5663 = ADVANCED_FACE('',(#5664),#5670,.F.);
#5664 = FACE_BOUND('',#5665,.F.);
#5665 = EDGE_LOOP('',(#5666,#5667,#5668,#5669));
#5666 = ORIENTED_EDGE('',*,*,#5553,.F.);
#5667 = ORIENTED_EDGE('',*,*,#5623,.T.);
#5668 = ORIENTED_EDGE('',*,*,#5593,.T.);
#5669 = ORIENTED_EDGE('',*,*,#5645,.F.);
#5670 = PLANE('',#5671);
#5671 = AXIS2_PLACEMENT_3D('',#5672,#5673,#5674);
#5672 = CARTESIAN_POINT('',(-203.6467529817,-118.7939392393,0.));
#5673 = DIRECTION('',(0.,0.,1.));
#5674 = DIRECTION('',(-0.707106781187,-0.707106781187,0.));
#5675 = ADVANCED_FACE('',(#5676),#5682,.T.);
#5676 = FACE_BOUND('',#5677,.T.);
#5677 = EDGE_LOOP('',(#5678,#5679,#5680,#5681));
#5678 = ORIENTED_EDGE('',*,*,#5569,.F.);
#5679 = ORIENTED_EDGE('',*,*,#5630,.T.);
#5680 = ORIENTED_EDGE('',*,*,#5609,.T.);
#5681 = ORIENTED_EDGE('',*,*,#5652,.F.);
#5682 = PLANE('',#5683);
#5683 = AXIS2_PLACEMENT_3D('',#5684,#5685,#5686);
#5684 = CARTESIAN_POINT('',(-203.6467529817,-118.7939392393,18.));
#5685 = DIRECTION('',(0.,0.,1.));
#5686 = DIRECTION('',(-0.707106781187,-0.707106781187,0.));
#5687 = ( GEOMETRIC_REPRESENTATION_CONTEXT(3) 
GLOBAL_UNCERTAINTY_ASSIGNED_CONTEXT((#5691)) 
GLOBAL_UNIT_ASSIGNED_CONTEXT((#5688,#5689,#5690)) REPRESENTATION_CONTEXT
('Context #1','3D Context with UNIT and UNCERTAINTY') );
#5688 = ( LENGTH_UNIT() NAMED_UNIT(*) SI_UNIT(.MILLI.,.METRE.) );
#5689 = ( NAMED_UNIT(*) PLANE_ANGLE_UNIT() SI_UNIT($,.RADIAN.) );
#5690 = ( NAMED_UNIT(*) SI_UNIT($,.STERADIAN.) SOLID_ANGLE_UNIT() );
#5691 = UNCERTAINTY_MEASURE_WITH_UNIT(LENGTH_MEASURE(1.E-07),#5688,
  'distance_accuracy_value','confusion accuracy');
#5692 = CONTEXT_DEPENDENT_SHAPE_REPRESENTATION(#5693,#5695);
#5693 = ( REPRESENTATION_RELATIONSHIP('','',#5536,#10) 
REPRESENTATION_RELATIONSHIP_WITH_TRANSFORMATION(#5694) 
SHAPE_REPRESENTATION_RELATIONSHIP() );
#5694 = ITEM_DEFINED_TRANSFORMATION('','',#11,#95);
#5695 = PRODUCT_DEFINITION_SHAPE('Placement','Placement of an item',
  #5696);
#5696 = NEXT_ASSEMBLY_USAGE_OCCURRENCE('21','P21 Foot shoe 225','',#5,
  #5531,$);
#5697 = PRODUCT_RELATED_PRODUCT_CATEGORY('part',$,(#5533));
#5698 = SHAPE_DEFINITION_REPRESENTATION(#5699,#5705);
#5699 = PRODUCT_DEFINITION_SHAPE('','',#5700);
#5700 = PRODUCT_DEFINITION('design','',#5701,#5704);
#5701 = PRODUCT_DEFINITION_FORMATION('','',#5702);
#5702 = PRODUCT('P22 Arched blade 315','P22 Arched blade 315','',(#5703)
  );
#5703 = PRODUCT_CONTEXT('',#2,'mechanical');
#5704 = PRODUCT_DEFINITION_CONTEXT('part definition',#2,'design');
#5705 = ADVANCED_BREP_SHAPE_REPRESENTATION('',(#11,#5706),#6292);
#5706 = MANIFOLD_SOLID_BREP('',#5707);
#5707 = CLOSED_SHELL('',(#5708,#5781,#5812,#5876,#5907,#5971,#6002,#6066
    ,#6099,#6116,#6133,#6150,#6183,#6200,#6217,#6234,#6256,#6274));
#5708 = ADVANCED_FACE('',(#5709,#5743,#5754,#5765),#5776,.T.);
#5709 = FACE_BOUND('',#5710,.T.);
#5710 = EDGE_LOOP('',(#5711,#5721,#5729,#5737));
#5711 = ORIENTED_EDGE('',*,*,#5712,.F.);
#5712 = EDGE_CURVE('',#5713,#5715,#5717,.T.);
#5713 = VERTEX_POINT('',#5714);
#5714 = CARTESIAN_POINT('',(205.06096654409,-120.2081528017,18.));
#5715 = VERTEX_POINT('',#5716);
#5716 = CARTESIAN_POINT('',(219.20310216783,-134.3502884254,18.));
#5717 = LINE('',#5718,#5719);
#5718 = CARTESIAN_POINT('',(205.06096654409,-120.2081528017,18.));
#5719 = VECTOR('',#5720,1.);
#5720 = DIRECTION('',(0.707106781187,-0.707106781187,0.));
#5721 = ORIENTED_EDGE('',*,*,#5722,.T.);
#5722 = EDGE_CURVE('',#5713,#5723,#5725,.T.);
#5723 = VERTEX_POINT('',#5724);
#5724 = CARTESIAN_POINT('',(205.06096654409,-120.2081528017,
    471.90524980688));
#5725 = LINE('',#5726,#5727);
#5726 = CARTESIAN_POINT('',(205.06096654409,-120.2081528017,18.));
#5727 = VECTOR('',#5728,1.);
#5728 = DIRECTION('',(0.,0.,1.));
#5729 = ORIENTED_EDGE('',*,*,#5730,.T.);
#5730 = EDGE_CURVE('',#5723,#5731,#5733,.T.);
#5731 = VERTEX_POINT('',#5732);
#5732 = CARTESIAN_POINT('',(219.20310216783,-134.3502884254,
    471.90524980688));
#5733 = LINE('',#5734,#5735);
#5734 = CARTESIAN_POINT('',(205.06096654409,-120.2081528017,
    471.90524980688));
#5735 = VECTOR('',#5736,1.);
#5736 = DIRECTION('',(0.707106781187,-0.707106781187,0.));
#5737 = ORIENTED_EDGE('',*,*,#5738,.F.);
#5738 = EDGE_CURVE('',#5715,#5731,#5739,.T.);
#5739 = LINE('',#5740,#5741);
#5740 = CARTESIAN_POINT('',(219.20310216783,-134.3502884254,18.));
#5741 = VECTOR('',#5742,1.);
#5742 = DIRECTION('',(0.,0.,1.));
#5743 = FACE_BOUND('',#5744,.T.);
#5744 = EDGE_LOOP('',(#5745));
#5745 = ORIENTED_EDGE('',*,*,#5746,.F.);
#5746 = EDGE_CURVE('',#5747,#5747,#5749,.T.);
#5747 = VERTEX_POINT('',#5748);
#5748 = CARTESIAN_POINT('',(212.13203435596,-127.2792206135,220.));
#5749 = CIRCLE('',#5750,3.);
#5750 = AXIS2_PLACEMENT_3D('',#5751,#5752,#5753);
#5751 = CARTESIAN_POINT('',(212.13203435596,-127.2792206135,217.));
#5752 = DIRECTION('',(0.707106781187,0.707106781187,-0.));
#5753 = DIRECTION('',(0.,0.,1.));
#5754 = FACE_BOUND('',#5755,.T.);
#5755 = EDGE_LOOP('',(#5756));
#5756 = ORIENTED_EDGE('',*,*,#5757,.F.);
#5757 = EDGE_CURVE('',#5758,#5758,#5760,.T.);
#5758 = VERTEX_POINT('',#5759);
#5759 = CARTESIAN_POINT('',(212.13203435596,-127.2792206135,248.));
#5760 = CIRCLE('',#5761,3.);
#5761 = AXIS2_PLACEMENT_3D('',#5762,#5763,#5764);
#5762 = CARTESIAN_POINT('',(212.13203435596,-127.2792206135,245.));
#5763 = DIRECTION('',(0.707106781187,0.707106781187,-0.));
#5764 = DIRECTION('',(0.,0.,1.));
#5765 = FACE_BOUND('',#5766,.T.);
#5766 = EDGE_LOOP('',(#5767));
#5767 = ORIENTED_EDGE('',*,*,#5768,.F.);
#5768 = EDGE_CURVE('',#5769,#5769,#5771,.T.);
#5769 = VERTEX_POINT('',#5770);
#5770 = CARTESIAN_POINT('',(212.13203435596,-127.2792206135,276.));
#5771 = CIRCLE('',#5772,3.);
#5772 = AXIS2_PLACEMENT_3D('',#5773,#5774,#5775);
#5773 = CARTESIAN_POINT('',(212.13203435596,-127.2792206135,273.));
#5774 = DIRECTION('',(0.707106781187,0.707106781187,-0.));
#5775 = DIRECTION('',(0.,0.,1.));
#5776 = PLANE('',#5777);
#5777 = AXIS2_PLACEMENT_3D('',#5778,#5779,#5780);
#5778 = CARTESIAN_POINT('',(205.06096654409,-120.2081528017,18.));
#5779 = DIRECTION('',(0.707106781187,0.707106781187,0.));
#5780 = DIRECTION('',(0.,0.,1.));
#5781 = ADVANCED_FACE('',(#5782),#5807,.F.);
#5782 = FACE_BOUND('',#5783,.F.);
#5783 = EDGE_LOOP('',(#5784,#5792,#5800,#5806));
#5784 = ORIENTED_EDGE('',*,*,#5785,.F.);
#5785 = EDGE_CURVE('',#5786,#5713,#5788,.T.);
#5786 = VERTEX_POINT('',#5787);
#5787 = CARTESIAN_POINT('',(173.94826817189,-151.3208511739,18.));
#5788 = LINE('',#5789,#5790);
#5789 = CARTESIAN_POINT('',(120.20815280171,-205.060966544,18.));
#5790 = VECTOR('',#5791,1.);
#5791 = DIRECTION('',(0.707106781187,0.707106781187,0.));
#5792 = ORIENTED_EDGE('',*,*,#5793,.T.);
#5793 = EDGE_CURVE('',#5786,#5794,#5796,.T.);
#5794 = VERTEX_POINT('',#5795);
#5795 = CARTESIAN_POINT('',(188.09040379562,-165.4629867976,18.));
#5796 = LINE('',#5797,#5798);
#5797 = CARTESIAN_POINT('',(173.2411613907,-150.6137443927,18.));
#5798 = VECTOR('',#5799,1.);
#5799 = DIRECTION('',(0.707106781187,-0.707106781187,0.));
#5800 = ORIENTED_EDGE('',*,*,#5801,.T.);
#5801 = EDGE_CURVE('',#5794,#5715,#5802,.T.);
#5802 = LINE('',#5803,#5804);
#5803 = CARTESIAN_POINT('',(134.35028842544,-219.2031021678,18.));
#5804 = VECTOR('',#5805,1.);
#5805 = DIRECTION('',(0.707106781187,0.707106781187,0.));
#5806 = ORIENTED_EDGE('',*,*,#5712,.F.);
#5807 = PLANE('',#5808);
#5808 = AXIS2_PLACEMENT_3D('',#5809,#5810,#5811);
#5809 = CARTESIAN_POINT('',(120.20815280171,-205.060966544,18.));
#5810 = DIRECTION('',(0.,0.,1.));
#5811 = DIRECTION('',(0.707106781187,-0.707106781187,0.));
#5812 = ADVANCED_FACE('',(#5813,#5838,#5849,#5860),#5871,.F.);
#5813 = FACE_BOUND('',#5814,.F.);
#5814 = EDGE_LOOP('',(#5815,#5816,#5824,#5832));
#5815 = ORIENTED_EDGE('',*,*,#5793,.F.);
#5816 = ORIENTED_EDGE('',*,*,#5817,.T.);
#5817 = EDGE_CURVE('',#5786,#5818,#5820,.T.);
#5818 = VERTEX_POINT('',#5819);
#5819 = CARTESIAN_POINT('',(173.94826817189,-151.3208511739,284.));
#5820 = LINE('',#5821,#5822);
#5821 = CARTESIAN_POINT('',(173.94826817189,-151.3208511739,18.));
#5822 = VECTOR('',#5823,1.);
#5823 = DIRECTION('',(0.,0.,1.));
#5824 = ORIENTED_EDGE('',*,*,#5825,.T.);
#5825 = EDGE_CURVE('',#5818,#5826,#5828,.T.);
#5826 = VERTEX_POINT('',#5827);
#5827 = CARTESIAN_POINT('',(188.09040379562,-165.4629867976,284.));
#5828 = LINE('',#5829,#5830);
#5829 = CARTESIAN_POINT('',(173.2411613907,-150.6137443927,284.));
#5830 = VECTOR('',#5831,1.);
#5831 = DIRECTION('',(0.707106781187,-0.707106781187,0.));
#5832 = ORIENTED_EDGE('',*,*,#5833,.F.);
#5833 = EDGE_CURVE('',#5794,#5826,#5834,.T.);
#5834 = LINE('',#5835,#5836);
#5835 = CARTESIAN_POINT('',(188.09040379562,-165.4629867976,18.));
#5836 = VECTOR('',#5837,1.);
#5837 = DIRECTION('',(0.,0.,1.));
#5838 = FACE_BOUND('',#5839,.F.);
#5839 = EDGE_LOOP('',(#5840));
#5840 = ORIENTED_EDGE('',*,*,#5841,.F.);
#5841 = EDGE_CURVE('',#5842,#5842,#5844,.T.);
#5842 = VERTEX_POINT('',#5843);
#5843 = CARTESIAN_POINT('',(181.01933598375,-158.3919189857,220.));
#5844 = CIRCLE('',#5845,3.);
#5845 = AXIS2_PLACEMENT_3D('',#5846,#5847,#5848);
#5846 = CARTESIAN_POINT('',(181.01933598375,-158.3919189857,217.));
#5847 = DIRECTION('',(0.707106781187,0.707106781187,-0.));
#5848 = DIRECTION('',(0.,0.,1.));
#5849 = FACE_BOUND('',#5850,.F.);
#5850 = EDGE_LOOP('',(#5851));
#5851 = ORIENTED_EDGE('',*,*,#5852,.F.);
#5852 = EDGE_CURVE('',#5853,#5853,#5855,.T.);
#5853 = VERTEX_POINT('',#5854);
#5854 = CARTESIAN_POINT('',(181.01933598375,-158.3919189857,248.));
#5855 = CIRCLE('',#5856,3.);
#5856 = AXIS2_PLACEMENT_3D('',#5857,#5858,#5859);
#5857 = CARTESIAN_POINT('',(181.01933598375,-158.3919189857,245.));
#5858 = DIRECTION('',(0.707106781187,0.707106781187,-0.));
#5859 = DIRECTION('',(0.,0.,1.));
#5860 = FACE_BOUND('',#5861,.F.);
#5861 = EDGE_LOOP('',(#5862));
#5862 = ORIENTED_EDGE('',*,*,#5863,.F.);
#5863 = EDGE_CURVE('',#5864,#5864,#5866,.T.);
#5864 = VERTEX_POINT('',#5865);
#5865 = CARTESIAN_POINT('',(181.01933598375,-158.3919189857,276.));
#5866 = CIRCLE('',#5867,3.);
#5867 = AXIS2_PLACEMENT_3D('',#5868,#5869,#5870);
#5868 = CARTESIAN_POINT('',(181.01933598375,-158.3919189857,273.));
#5869 = DIRECTION('',(0.707106781187,0.707106781187,-0.));
#5870 = DIRECTION('',(0.,0.,1.));
#5871 = PLANE('',#5872);
#5872 = AXIS2_PLACEMENT_3D('',#5873,#5874,#5875);
#5873 = CARTESIAN_POINT('',(173.2411613907,-150.6137443927,18.));
#5874 = DIRECTION('',(0.707106781187,0.707106781187,0.));
#5875 = DIRECTION('',(0.,0.,1.));
#5876 = ADVANCED_FACE('',(#5877),#5902,.F.);
#5877 = FACE_BOUND('',#5878,.F.);
#5878 = EDGE_LOOP('',(#5879,#5880,#5888,#5896));
#5879 = ORIENTED_EDGE('',*,*,#5825,.F.);
#5880 = ORIENTED_EDGE('',*,*,#5881,.T.);
#5881 = EDGE_CURVE('',#5818,#5882,#5884,.T.);
#5882 = VERTEX_POINT('',#5883);
#5883 = CARTESIAN_POINT('',(151.32085117392,-173.9482681718,284.));
#5884 = LINE('',#5885,#5886);
#5885 = CARTESIAN_POINT('',(135.76450198781,-189.5046173579,284.));
#5886 = VECTOR('',#5887,1.);
#5887 = DIRECTION('',(-0.707106781187,-0.707106781187,0.));
#5888 = ORIENTED_EDGE('',*,*,#5889,.T.);
#5889 = EDGE_CURVE('',#5882,#5890,#5892,.T.);
#5890 = VERTEX_POINT('',#5891);
#5891 = CARTESIAN_POINT('',(165.46298679765,-188.0904037956,284.));
#5892 = LINE('',#5893,#5894);
#5893 = CARTESIAN_POINT('',(150.61374439273,-173.2411613907,284.));
#5894 = VECTOR('',#5895,1.);
#5895 = DIRECTION('',(0.707106781187,-0.707106781187,0.));
#5896 = ORIENTED_EDGE('',*,*,#5897,.F.);
#5897 = EDGE_CURVE('',#5826,#5890,#5898,.T.);
#5898 = LINE('',#5899,#5900);
#5899 = CARTESIAN_POINT('',(149.90663761154,-203.6467529817,284.));
#5900 = VECTOR('',#5901,1.);
#5901 = DIRECTION('',(-0.707106781187,-0.707106781187,0.));
#5902 = PLANE('',#5903);
#5903 = AXIS2_PLACEMENT_3D('',#5904,#5905,#5906);
#5904 = CARTESIAN_POINT('',(150.61374439273,-173.2411613907,284.));
#5905 = DIRECTION('',(0.,0.,1.));
#5906 = DIRECTION('',(0.707106781187,-0.707106781187,0.));
#5907 = ADVANCED_FACE('',(#5908,#5933,#5944,#5955),#5966,.T.);
#5908 = FACE_BOUND('',#5909,.T.);
#5909 = EDGE_LOOP('',(#5910,#5920,#5926,#5927));
#5910 = ORIENTED_EDGE('',*,*,#5911,.F.);
#5911 = EDGE_CURVE('',#5912,#5914,#5916,.T.);
#5912 = VERTEX_POINT('',#5913);
#5913 = CARTESIAN_POINT('',(151.32085117392,-173.9482681718,18.));
#5914 = VERTEX_POINT('',#5915);
#5915 = CARTESIAN_POINT('',(165.46298679765,-188.0904037956,18.));
#5916 = LINE('',#5917,#5918);
#5917 = CARTESIAN_POINT('',(150.61374439273,-173.2411613907,18.));
#5918 = VECTOR('',#5919,1.);
#5919 = DIRECTION('',(0.707106781187,-0.707106781187,0.));
#5920 = ORIENTED_EDGE('',*,*,#5921,.T.);
#5921 = EDGE_CURVE('',#5912,#5882,#5922,.T.);
#5922 = LINE('',#5923,#5924);
#5923 = CARTESIAN_POINT('',(151.32085117392,-173.9482681718,18.));
#5924 = VECTOR('',#5925,1.);
#5925 = DIRECTION('',(0.,0.,1.));
#5926 = ORIENTED_EDGE('',*,*,#5889,.T.);
#5927 = ORIENTED_EDGE('',*,*,#5928,.F.);
#5928 = EDGE_CURVE('',#5914,#5890,#5929,.T.);
#5929 = LINE('',#5930,#5931);
#5930 = CARTESIAN_POINT('',(165.46298679765,-188.0904037956,18.));
#5931 = VECTOR('',#5932,1.);
#5932 = DIRECTION('',(0.,0.,1.));
#5933 = FACE_BOUND('',#5934,.T.);
#5934 = EDGE_LOOP('',(#5935));
#5935 = ORIENTED_EDGE('',*,*,#5936,.F.);
#5936 = EDGE_CURVE('',#5937,#5937,#5939,.T.);
#5937 = VERTEX_POINT('',#5938);
#5938 = CARTESIAN_POINT('',(158.39191898578,-181.0193359837,220.));
#5939 = CIRCLE('',#5940,3.);
#5940 = AXIS2_PLACEMENT_3D('',#5941,#5942,#5943);
#5941 = CARTESIAN_POINT('',(158.39191898578,-181.0193359837,217.));
#5942 = DIRECTION('',(0.707106781187,0.707106781187,-0.));
#5943 = DIRECTION('',(0.,0.,1.));
#5944 = FACE_BOUND('',#5945,.T.);
#5945 = EDGE_LOOP('',(#5946));
#5946 = ORIENTED_EDGE('',*,*,#5947,.F.);
#5947 = EDGE_CURVE('',#5948,#5948,#5950,.T.);
#5948 = VERTEX_POINT('',#5949);
#5949 = CARTESIAN_POINT('',(158.39191898578,-181.0193359837,248.));
#5950 = CIRCLE('',#5951,3.);
#5951 = AXIS2_PLACEMENT_3D('',#5952,#5953,#5954);
#5952 = CARTESIAN_POINT('',(158.39191898578,-181.0193359837,245.));
#5953 = DIRECTION('',(0.707106781187,0.707106781187,-0.));
#5954 = DIRECTION('',(0.,0.,1.));
#5955 = FACE_BOUND('',#5956,.T.);
#5956 = EDGE_LOOP('',(#5957));
#5957 = ORIENTED_EDGE('',*,*,#5958,.F.);
#5958 = EDGE_CURVE('',#5959,#5959,#5961,.T.);
#5959 = VERTEX_POINT('',#5960);
#5960 = CARTESIAN_POINT('',(158.39191898578,-181.0193359837,276.));
#5961 = CIRCLE('',#5962,3.);
#5962 = AXIS2_PLACEMENT_3D('',#5963,#5964,#5965);
#5963 = CARTESIAN_POINT('',(158.39191898578,-181.0193359837,273.));
#5964 = DIRECTION('',(0.707106781187,0.707106781187,-0.));
#5965 = DIRECTION('',(0.,0.,1.));
#5966 = PLANE('',#5967);
#5967 = AXIS2_PLACEMENT_3D('',#5968,#5969,#5970);
#5968 = CARTESIAN_POINT('',(150.61374439273,-173.2411613907,18.));
#5969 = DIRECTION('',(0.707106781187,0.707106781187,0.));
#5970 = DIRECTION('',(0.,0.,1.));
#5971 = ADVANCED_FACE('',(#5972),#5997,.F.);
#5972 = FACE_BOUND('',#5973,.F.);
#5973 = EDGE_LOOP('',(#5974,#5982,#5990,#5996));
#5974 = ORIENTED_EDGE('',*,*,#5975,.F.);
#5975 = EDGE_CURVE('',#5976,#5912,#5978,.T.);
#5976 = VERTEX_POINT('',#5977);
#5977 = CARTESIAN_POINT('',(120.20815280171,-205.060966544,18.));
#5978 = LINE('',#5979,#5980);
#5979 = CARTESIAN_POINT('',(120.20815280171,-205.060966544,18.));
#5980 = VECTOR('',#5981,1.);
#5981 = DIRECTION('',(0.707106781187,0.707106781187,0.));
#5982 = ORIENTED_EDGE('',*,*,#5983,.T.);
#5983 = EDGE_CURVE('',#5976,#5984,#5986,.T.);
#5984 = VERTEX_POINT('',#5985);
#5985 = CARTESIAN_POINT('',(134.35028842544,-219.2031021678,18.));
#5986 = LINE('',#5987,#5988);
#5987 = CARTESIAN_POINT('',(120.20815280171,-205.060966544,18.));
#5988 = VECTOR('',#5989,1.);
#5989 = DIRECTION('',(0.707106781187,-0.707106781187,0.));
#5990 = ORIENTED_EDGE('',*,*,#5991,.T.);
#5991 = EDGE_CURVE('',#5984,#5914,#5992,.T.);
#5992 = LINE('',#5993,#5994);
#5993 = CARTESIAN_POINT('',(134.35028842544,-219.2031021678,18.));
#5994 = VECTOR('',#5995,1.);
#5995 = DIRECTION('',(0.707106781187,0.707106781187,0.));
#5996 = ORIENTED_EDGE('',*,*,#5911,.F.);
#5997 = PLANE('',#5998);
#5998 = AXIS2_PLACEMENT_3D('',#5999,#6000,#6001);
#5999 = CARTESIAN_POINT('',(120.20815280171,-205.060966544,18.));
#6000 = DIRECTION('',(0.,0.,1.));
#6001 = DIRECTION('',(0.707106781187,-0.707106781187,0.));
#6002 = ADVANCED_FACE('',(#6003,#6028,#6039,#6050),#6061,.F.);
#6003 = FACE_BOUND('',#6004,.F.);
#6004 = EDGE_LOOP('',(#6005,#6006,#6014,#6022));
#6005 = ORIENTED_EDGE('',*,*,#5983,.F.);
#6006 = ORIENTED_EDGE('',*,*,#6007,.T.);
#6007 = EDGE_CURVE('',#5976,#6008,#6010,.T.);
#6008 = VERTEX_POINT('',#6009);
#6009 = CARTESIAN_POINT('',(120.20815280171,-205.060966544,
    471.90524980688));
#6010 = LINE('',#6011,#6012);
#6011 = CARTESIAN_POINT('',(120.20815280171,-205.060966544,18.));
#6012 = VECTOR('',#6013,1.);
#6013 = DIRECTION('',(0.,0.,1.));
#6014 = ORIENTED_EDGE('',*,*,#6015,.T.);
#6015 = EDGE_CURVE('',#6008,#6016,#6018,.T.);
#6016 = VERTEX_POINT('',#6017);
#6017 = CARTESIAN_POINT('',(134.35028842544,-219.2031021678,
    471.90524980688));
#6018 = LINE('',#6019,#6020);
#6019 = CARTESIAN_POINT('',(120.20815280171,-205.060966544,
    471.90524980688));
#6020 = VECTOR('',#6021,1.);
#6021 = DIRECTION('',(0.707106781187,-0.707106781187,0.));
#6022 = ORIENTED_EDGE('',*,*,#6023,.F.);
#6023 = EDGE_CURVE('',#5984,#6016,#6024,.T.);
#6024 = LINE('',#6025,#6026);
#6025 = CARTESIAN_POINT('',(134.35028842544,-219.2031021678,18.));
#6026 = VECTOR('',#6027,1.);
#6027 = DIRECTION('',(0.,0.,1.));
#6028 = FACE_BOUND('',#6029,.F.);
#6029 = EDGE_LOOP('',(#6030));
#6030 = ORIENTED_EDGE('',*,*,#6031,.F.);
#6031 = EDGE_CURVE('',#6032,#6032,#6034,.T.);
#6032 = VERTEX_POINT('',#6033);
#6033 = CARTESIAN_POINT('',(127.27922061357,-212.1320343559,220.));
#6034 = CIRCLE('',#6035,3.);
#6035 = AXIS2_PLACEMENT_3D('',#6036,#6037,#6038);
#6036 = CARTESIAN_POINT('',(127.27922061357,-212.1320343559,217.));
#6037 = DIRECTION('',(0.707106781187,0.707106781187,-0.));
#6038 = DIRECTION('',(0.,0.,1.));
#6039 = FACE_BOUND('',#6040,.F.);
#6040 = EDGE_LOOP('',(#6041));
#6041 = ORIENTED_EDGE('',*,*,#6042,.F.);
#6042 = EDGE_CURVE('',#6043,#6043,#6045,.T.);
#6043 = VERTEX_POINT('',#6044);
#6044 = CARTESIAN_POINT('',(127.27922061357,-212.1320343559,248.));
#6045 = CIRCLE('',#6046,3.);
#6046 = AXIS2_PLACEMENT_3D('',#6047,#6048,#6049);
#6047 = CARTESIAN_POINT('',(127.27922061357,-212.1320343559,245.));
#6048 = DIRECTION('',(0.707106781187,0.707106781187,-0.));
#6049 = DIRECTION('',(0.,0.,1.));
#6050 = FACE_BOUND('',#6051,.F.);
#6051 = EDGE_LOOP('',(#6052));
#6052 = ORIENTED_EDGE('',*,*,#6053,.F.);
#6053 = EDGE_CURVE('',#6054,#6054,#6056,.T.);
#6054 = VERTEX_POINT('',#6055);
#6055 = CARTESIAN_POINT('',(127.27922061357,-212.1320343559,276.));
#6056 = CIRCLE('',#6057,3.);
#6057 = AXIS2_PLACEMENT_3D('',#6058,#6059,#6060);
#6058 = CARTESIAN_POINT('',(127.27922061357,-212.1320343559,273.));
#6059 = DIRECTION('',(0.707106781187,0.707106781187,-0.));
#6060 = DIRECTION('',(0.,0.,1.));
#6061 = PLANE('',#6062);
#6062 = AXIS2_PLACEMENT_3D('',#6063,#6064,#6065);
#6063 = CARTESIAN_POINT('',(120.20815280171,-205.060966544,18.));
#6064 = DIRECTION('',(0.707106781187,0.707106781187,0.));
#6065 = DIRECTION('',(0.,0.,1.));
#6066 = ADVANCED_FACE('',(#6067),#6094,.T.);
#6067 = FACE_BOUND('',#6068,.T.);
#6068 = EDGE_LOOP('',(#6069,#6078,#6086,#6093));
#6069 = ORIENTED_EDGE('',*,*,#6070,.F.);
#6070 = EDGE_CURVE('',#6071,#6016,#6073,.T.);
#6071 = VERTEX_POINT('',#6072);
#6072 = CARTESIAN_POINT('',(166.17009357883,-187.3832970144,530.));
#6073 = CIRCLE('',#6074,60.);
#6074 = AXIS2_PLACEMENT_3D('',#6075,#6076,#6077);
#6075 = CARTESIAN_POINT('',(176.77669529663,-176.7766952966,
    471.90524980688));
#6076 = DIRECTION('',(0.707106781187,-0.707106781187,0.));
#6077 = DIRECTION('',(0.,0.,1.));
#6078 = ORIENTED_EDGE('',*,*,#6079,.F.);
#6079 = EDGE_CURVE('',#6080,#6071,#6082,.T.);
#6080 = VERTEX_POINT('',#6081);
#6081 = CARTESIAN_POINT('',(152.0279579551,-173.2411613907,530.));
#6082 = LINE('',#6083,#6084);
#6083 = CARTESIAN_POINT('',(152.0279579551,-173.2411613907,530.));
#6084 = VECTOR('',#6085,1.);
#6085 = DIRECTION('',(0.707106781187,-0.707106781187,0.));
#6086 = ORIENTED_EDGE('',*,*,#6087,.T.);
#6087 = EDGE_CURVE('',#6080,#6008,#6088,.T.);
#6088 = CIRCLE('',#6089,60.);
#6089 = AXIS2_PLACEMENT_3D('',#6090,#6091,#6092);
#6090 = CARTESIAN_POINT('',(162.6345596729,-162.6345596729,
    471.90524980688));
#6091 = DIRECTION('',(0.707106781187,-0.707106781187,0.));
#6092 = DIRECTION('',(0.,0.,1.));
#6093 = ORIENTED_EDGE('',*,*,#6015,.T.);
#6094 = CYLINDRICAL_SURFACE('',#6095,60.);
#6095 = AXIS2_PLACEMENT_3D('',#6096,#6097,#6098);
#6096 = CARTESIAN_POINT('',(162.6345596729,-162.6345596729,
    471.90524980688));
#6097 = DIRECTION('',(0.707106781187,-0.707106781187,0.));
#6098 = DIRECTION('',(0.,0.,1.));
#6099 = ADVANCED_FACE('',(#6100),#6111,.F.);
#6100 = FACE_BOUND('',#6101,.F.);
#6101 = EDGE_LOOP('',(#6102,#6103,#6109,#6110));
#6102 = ORIENTED_EDGE('',*,*,#5936,.F.);
#6103 = ORIENTED_EDGE('',*,*,#6104,.F.);
#6104 = EDGE_CURVE('',#6032,#5937,#6105,.T.);
#6105 = LINE('',#6106,#6107);
#6106 = CARTESIAN_POINT('',(127.27922061357,-212.1320343559,220.));
#6107 = VECTOR('',#6108,1.);
#6108 = DIRECTION('',(0.707106781187,0.707106781187,0.));
#6109 = ORIENTED_EDGE('',*,*,#6031,.T.);
#6110 = ORIENTED_EDGE('',*,*,#6104,.T.);
#6111 = CYLINDRICAL_SURFACE('',#6112,3.);
#6112 = AXIS2_PLACEMENT_3D('',#6113,#6114,#6115);
#6113 = CARTESIAN_POINT('',(127.27922061357,-212.1320343559,217.));
#6114 = DIRECTION('',(0.707106781187,0.707106781187,0.));
#6115 = DIRECTION('',(0.,0.,1.));
#6116 = ADVANCED_FACE('',(#6117),#6128,.F.);
#6117 = FACE_BOUND('',#6118,.F.);
#6118 = EDGE_LOOP('',(#6119,#6120,#6126,#6127));
#6119 = ORIENTED_EDGE('',*,*,#5947,.F.);
#6120 = ORIENTED_EDGE('',*,*,#6121,.F.);
#6121 = EDGE_CURVE('',#6043,#5948,#6122,.T.);
#6122 = LINE('',#6123,#6124);
#6123 = CARTESIAN_POINT('',(127.27922061357,-212.1320343559,248.));
#6124 = VECTOR('',#6125,1.);
#6125 = DIRECTION('',(0.707106781187,0.707106781187,0.));
#6126 = ORIENTED_EDGE('',*,*,#6042,.T.);
#6127 = ORIENTED_EDGE('',*,*,#6121,.T.);
#6128 = CYLINDRICAL_SURFACE('',#6129,3.);
#6129 = AXIS2_PLACEMENT_3D('',#6130,#6131,#6132);
#6130 = CARTESIAN_POINT('',(127.27922061357,-212.1320343559,245.));
#6131 = DIRECTION('',(0.707106781187,0.707106781187,0.));
#6132 = DIRECTION('',(0.,0.,1.));
#6133 = ADVANCED_FACE('',(#6134),#6145,.F.);
#6134 = FACE_BOUND('',#6135,.F.);
#6135 = EDGE_LOOP('',(#6136,#6137,#6143,#6144));
#6136 = ORIENTED_EDGE('',*,*,#5958,.F.);
#6137 = ORIENTED_EDGE('',*,*,#6138,.F.);
#6138 = EDGE_CURVE('',#6054,#5959,#6139,.T.);
#6139 = LINE('',#6140,#6141);
#6140 = CARTESIAN_POINT('',(127.27922061357,-212.1320343559,276.));
#6141 = VECTOR('',#6142,1.);
#6142 = DIRECTION('',(0.707106781187,0.707106781187,0.));
#6143 = ORIENTED_EDGE('',*,*,#6053,.T.);
#6144 = ORIENTED_EDGE('',*,*,#6138,.T.);
#6145 = CYLINDRICAL_SURFACE('',#6146,3.);
#6146 = AXIS2_PLACEMENT_3D('',#6147,#6148,#6149);
#6147 = CARTESIAN_POINT('',(127.27922061357,-212.1320343559,273.));
#6148 = DIRECTION('',(0.707106781187,0.707106781187,0.));
#6149 = DIRECTION('',(0.,0.,1.));
#6150 = ADVANCED_FACE('',(#6151),#6178,.T.);
#6151 = FACE_BOUND('',#6152,.T.);
#6152 = EDGE_LOOP('',(#6153,#6163,#6170,#6171));
#6153 = ORIENTED_EDGE('',*,*,#6154,.T.);
#6154 = EDGE_CURVE('',#6155,#6157,#6159,.T.);
#6155 = VERTEX_POINT('',#6156);
#6156 = CARTESIAN_POINT('',(173.2411613907,-152.0279579551,530.));
#6157 = VERTEX_POINT('',#6158);
#6158 = CARTESIAN_POINT('',(187.38329701443,-166.1700935788,530.));
#6159 = LINE('',#6160,#6161);
#6160 = CARTESIAN_POINT('',(173.2411613907,-152.0279579551,530.));
#6161 = VECTOR('',#6162,1.);
#6162 = DIRECTION('',(0.707106781187,-0.707106781187,0.));
#6163 = ORIENTED_EDGE('',*,*,#6164,.F.);
#6164 = EDGE_CURVE('',#5731,#6157,#6165,.T.);
#6165 = CIRCLE('',#6166,60.);
#6166 = AXIS2_PLACEMENT_3D('',#6167,#6168,#6169);
#6167 = CARTESIAN_POINT('',(176.77669529663,-176.7766952966,
    471.90524980688));
#6168 = DIRECTION('',(0.707106781187,-0.707106781187,0.));
#6169 = DIRECTION('',(0.,0.,1.));
#6170 = ORIENTED_EDGE('',*,*,#5730,.F.);
#6171 = ORIENTED_EDGE('',*,*,#6172,.T.);
#6172 = EDGE_CURVE('',#5723,#6155,#6173,.T.);
#6173 = CIRCLE('',#6174,60.);
#6174 = AXIS2_PLACEMENT_3D('',#6175,#6176,#6177);
#6175 = CARTESIAN_POINT('',(162.6345596729,-162.6345596729,
    471.90524980688));
#6176 = DIRECTION('',(0.707106781187,-0.707106781187,0.));
#6177 = DIRECTION('',(0.,0.,1.));
#6178 = CYLINDRICAL_SURFACE('',#6179,60.);
#6179 = AXIS2_PLACEMENT_3D('',#6180,#6181,#6182);
#6180 = CARTESIAN_POINT('',(162.6345596729,-162.6345596729,
    471.90524980688));
#6181 = DIRECTION('',(0.707106781187,-0.707106781187,0.));
#6182 = DIRECTION('',(0.,0.,1.));
#6183 = ADVANCED_FACE('',(#6184),#6195,.F.);
#6184 = FACE_BOUND('',#6185,.F.);
#6185 = EDGE_LOOP('',(#6186,#6192,#6193,#6194));
#6186 = ORIENTED_EDGE('',*,*,#6187,.T.);
#6187 = EDGE_CURVE('',#5842,#5747,#6188,.T.);
#6188 = LINE('',#6189,#6190);
#6189 = CARTESIAN_POINT('',(127.27922061357,-212.1320343559,220.));
#6190 = VECTOR('',#6191,1.);
#6191 = DIRECTION('',(0.707106781187,0.707106781187,0.));
#6192 = ORIENTED_EDGE('',*,*,#5746,.F.);
#6193 = ORIENTED_EDGE('',*,*,#6187,.F.);
#6194 = ORIENTED_EDGE('',*,*,#5841,.T.);
#6195 = CYLINDRICAL_SURFACE('',#6196,3.);
#6196 = AXIS2_PLACEMENT_3D('',#6197,#6198,#6199);
#6197 = CARTESIAN_POINT('',(127.27922061357,-212.1320343559,217.));
#6198 = DIRECTION('',(0.707106781187,0.707106781187,0.));
#6199 = DIRECTION('',(0.,0.,1.));
#6200 = ADVANCED_FACE('',(#6201),#6212,.F.);
#6201 = FACE_BOUND('',#6202,.F.);
#6202 = EDGE_LOOP('',(#6203,#6209,#6210,#6211));
#6203 = ORIENTED_EDGE('',*,*,#6204,.T.);
#6204 = EDGE_CURVE('',#5853,#5758,#6205,.T.);
#6205 = LINE('',#6206,#6207);
#6206 = CARTESIAN_POINT('',(127.27922061357,-212.1320343559,248.));
#6207 = VECTOR('',#6208,1.);
#6208 = DIRECTION('',(0.707106781187,0.707106781187,0.));
#6209 = ORIENTED_EDGE('',*,*,#5757,.F.);
#6210 = ORIENTED_EDGE('',*,*,#6204,.F.);
#6211 = ORIENTED_EDGE('',*,*,#5852,.T.);
#6212 = CYLINDRICAL_SURFACE('',#6213,3.);
#6213 = AXIS2_PLACEMENT_3D('',#6214,#6215,#6216);
#6214 = CARTESIAN_POINT('',(127.27922061357,-212.1320343559,245.));
#6215 = DIRECTION('',(0.707106781187,0.707106781187,0.));
#6216 = DIRECTION('',(0.,0.,1.));
#6217 = ADVANCED_FACE('',(#6218),#6229,.F.);
#6218 = FACE_BOUND('',#6219,.F.);
#6219 = EDGE_LOOP('',(#6220,#6226,#6227,#6228));
#6220 = ORIENTED_EDGE('',*,*,#6221,.T.);
#6221 = EDGE_CURVE('',#5864,#5769,#6222,.T.);
#6222 = LINE('',#6223,#6224);
#6223 = CARTESIAN_POINT('',(127.27922061357,-212.1320343559,276.));
#6224 = VECTOR('',#6225,1.);
#6225 = DIRECTION('',(0.707106781187,0.707106781187,0.));
#6226 = ORIENTED_EDGE('',*,*,#5768,.F.);
#6227 = ORIENTED_EDGE('',*,*,#6221,.F.);
#6228 = ORIENTED_EDGE('',*,*,#5863,.T.);
#6229 = CYLINDRICAL_SURFACE('',#6230,3.);
#6230 = AXIS2_PLACEMENT_3D('',#6231,#6232,#6233);
#6231 = CARTESIAN_POINT('',(127.27922061357,-212.1320343559,273.));
#6232 = DIRECTION('',(0.707106781187,0.707106781187,0.));
#6233 = DIRECTION('',(0.,0.,1.));
#6234 = ADVANCED_FACE('',(#6235),#6251,.T.);
#6235 = FACE_BOUND('',#6236,.T.);
#6236 = EDGE_LOOP('',(#6237,#6243,#6244,#6250));
#6237 = ORIENTED_EDGE('',*,*,#6238,.F.);
#6238 = EDGE_CURVE('',#6080,#6155,#6239,.T.);
#6239 = LINE('',#6240,#6241);
#6240 = CARTESIAN_POINT('',(120.20815280171,-205.060966544,530.));
#6241 = VECTOR('',#6242,1.);
#6242 = DIRECTION('',(0.707106781187,0.707106781187,0.));
#6243 = ORIENTED_EDGE('',*,*,#6079,.T.);
#6244 = ORIENTED_EDGE('',*,*,#6245,.T.);
#6245 = EDGE_CURVE('',#6071,#6157,#6246,.T.);
#6246 = LINE('',#6247,#6248);
#6247 = CARTESIAN_POINT('',(134.35028842544,-219.2031021678,530.));
#6248 = VECTOR('',#6249,1.);
#6249 = DIRECTION('',(0.707106781187,0.707106781187,0.));
#6250 = ORIENTED_EDGE('',*,*,#6154,.F.);
#6251 = PLANE('',#6252);
#6252 = AXIS2_PLACEMENT_3D('',#6253,#6254,#6255);
#6253 = CARTESIAN_POINT('',(120.20815280171,-205.060966544,530.));
#6254 = DIRECTION('',(0.,0.,1.));
#6255 = DIRECTION('',(0.707106781187,-0.707106781187,0.));
#6256 = ADVANCED_FACE('',(#6257),#6269,.T.);
#6257 = FACE_BOUND('',#6258,.T.);
#6258 = EDGE_LOOP('',(#6259,#6260,#6261,#6262,#6263,#6264,#6265,#6266,
    #6267,#6268));
#6259 = ORIENTED_EDGE('',*,*,#6007,.T.);
#6260 = ORIENTED_EDGE('',*,*,#6087,.F.);
#6261 = ORIENTED_EDGE('',*,*,#6238,.T.);
#6262 = ORIENTED_EDGE('',*,*,#6172,.F.);
#6263 = ORIENTED_EDGE('',*,*,#5722,.F.);
#6264 = ORIENTED_EDGE('',*,*,#5785,.F.);
#6265 = ORIENTED_EDGE('',*,*,#5817,.T.);
#6266 = ORIENTED_EDGE('',*,*,#5881,.T.);
#6267 = ORIENTED_EDGE('',*,*,#5921,.F.);
#6268 = ORIENTED_EDGE('',*,*,#5975,.F.);
#6269 = PLANE('',#6270);
#6270 = AXIS2_PLACEMENT_3D('',#6271,#6272,#6273);
#6271 = CARTESIAN_POINT('',(162.6345596729,-162.6345596729,
    233.91846142422));
#6272 = DIRECTION('',(-0.707106781187,0.707106781187,0.));
#6273 = DIRECTION('',(0.707106781187,0.707106781187,0.));
#6274 = ADVANCED_FACE('',(#6275),#6287,.T.);
#6275 = FACE_BOUND('',#6276,.T.);
#6276 = EDGE_LOOP('',(#6277,#6278,#6279,#6280,#6281,#6282,#6283,#6284,
    #6285,#6286));
#6277 = ORIENTED_EDGE('',*,*,#6023,.F.);
#6278 = ORIENTED_EDGE('',*,*,#5991,.T.);
#6279 = ORIENTED_EDGE('',*,*,#5928,.T.);
#6280 = ORIENTED_EDGE('',*,*,#5897,.F.);
#6281 = ORIENTED_EDGE('',*,*,#5833,.F.);
#6282 = ORIENTED_EDGE('',*,*,#5801,.T.);
#6283 = ORIENTED_EDGE('',*,*,#5738,.T.);
#6284 = ORIENTED_EDGE('',*,*,#6164,.T.);
#6285 = ORIENTED_EDGE('',*,*,#6245,.F.);
#6286 = ORIENTED_EDGE('',*,*,#6070,.T.);
#6287 = PLANE('',#6288);
#6288 = AXIS2_PLACEMENT_3D('',#6289,#6290,#6291);
#6289 = CARTESIAN_POINT('',(176.77669529663,-176.7766952966,
    233.91846142422));
#6290 = DIRECTION('',(0.707106781187,-0.707106781187,-0.));
#6291 = DIRECTION('',(-0.707106781187,-0.707106781187,0.));
#6292 = ( GEOMETRIC_REPRESENTATION_CONTEXT(3) 
GLOBAL_UNCERTAINTY_ASSIGNED_CONTEXT((#6296)) 
GLOBAL_UNIT_ASSIGNED_CONTEXT((#6293,#6294,#6295)) REPRESENTATION_CONTEXT
('Context #1','3D Context with UNIT and UNCERTAINTY') );
#6293 = ( LENGTH_UNIT() NAMED_UNIT(*) SI_UNIT(.MILLI.,.METRE.) );
#6294 = ( NAMED_UNIT(*) PLANE_ANGLE_UNIT() SI_UNIT($,.RADIAN.) );
#6295 = ( NAMED_UNIT(*) SI_UNIT($,.STERADIAN.) SOLID_ANGLE_UNIT() );
#6296 = UNCERTAINTY_MEASURE_WITH_UNIT(LENGTH_MEASURE(1.E-07),#6293,
  'distance_accuracy_value','confusion accuracy');
#6297 = CONTEXT_DEPENDENT_SHAPE_REPRESENTATION(#6298,#6300);
#6298 = ( REPRESENTATION_RELATIONSHIP('','',#5705,#10) 
REPRESENTATION_RELATIONSHIP_WITH_TRANSFORMATION(#6299) 
SHAPE_REPRESENTATION_RELATIONSHIP() );
#6299 = ITEM_DEFINED_TRANSFORMATION('','',#11,#99);
#6300 = PRODUCT_DEFINITION_SHAPE('Placement','Placement of an item',
  #6301);
#6301 = NEXT_ASSEMBLY_USAGE_OCCURRENCE('22','P22 Arched blade 315','',#5
  ,#5700,$);
#6302 = PRODUCT_RELATED_PRODUCT_CATEGORY('part',$,(#5702));
#6303 = SHAPE_DEFINITION_REPRESENTATION(#6304,#6310);
#6304 = PRODUCT_DEFINITION_SHAPE('','',#6305);
#6305 = PRODUCT_DEFINITION('design','',#6306,#6309);
#6306 = PRODUCT_DEFINITION_FORMATION('','',#6307);
#6307 = PRODUCT('P23 Slot jamb 315 / -1','P23 Slot jamb 315 / -1','',(
    #6308));
#6308 = PRODUCT_CONTEXT('',#2,'mechanical');
#6309 = PRODUCT_DEFINITION_CONTEXT('part definition',#2,'design');
#6310 = ADVANCED_BREP_SHAPE_REPRESENTATION('',(#11,#6311),#6578);
#6311 = MANIFOLD_SOLID_BREP('',#6312);
#6312 = CLOSED_SHELL('',(#6313,#6353,#6417,#6441,#6498,#6515,#6527,#6544
    ,#6561));
#6313 = ADVANCED_FACE('',(#6314),#6348,.F.);
#6314 = FACE_BOUND('',#6315,.F.);
#6315 = EDGE_LOOP('',(#6316,#6326,#6334,#6342));
#6316 = ORIENTED_EDGE('',*,*,#6317,.F.);
#6317 = EDGE_CURVE('',#6318,#6320,#6322,.T.);
#6318 = VERTEX_POINT('',#6319);
#6319 = CARTESIAN_POINT('',(151.32085117392,-173.9482681718,18.));
#6320 = VERTEX_POINT('',#6321);
#6321 = CARTESIAN_POINT('',(151.32085117392,-173.9482681718,280.));
#6322 = LINE('',#6323,#6324);
#6323 = CARTESIAN_POINT('',(151.32085117392,-173.9482681718,18.));
#6324 = VECTOR('',#6325,1.);
#6325 = DIRECTION('',(0.,0.,1.));
#6326 = ORIENTED_EDGE('',*,*,#6327,.T.);
#6327 = EDGE_CURVE('',#6318,#6328,#6330,.T.);
#6328 = VERTEX_POINT('',#6329);
#6329 = CARTESIAN_POINT('',(154.14927829866,-171.1198410471,18.));
#6330 = LINE('',#6331,#6332);
#6331 = CARTESIAN_POINT('',(151.32085117392,-173.9482681718,18.));
#6332 = VECTOR('',#6333,1.);
#6333 = DIRECTION('',(0.707106781187,0.707106781187,0.));
#6334 = ORIENTED_EDGE('',*,*,#6335,.T.);
#6335 = EDGE_CURVE('',#6328,#6336,#6338,.T.);
#6336 = VERTEX_POINT('',#6337);
#6337 = CARTESIAN_POINT('',(154.14927829866,-171.1198410471,280.));
#6338 = LINE('',#6339,#6340);
#6339 = CARTESIAN_POINT('',(154.14927829866,-171.1198410471,18.));
#6340 = VECTOR('',#6341,1.);
#6341 = DIRECTION('',(0.,0.,1.));
#6342 = ORIENTED_EDGE('',*,*,#6343,.F.);
#6343 = EDGE_CURVE('',#6320,#6336,#6344,.T.);
#6344 = LINE('',#6345,#6346);
#6345 = CARTESIAN_POINT('',(151.32085117392,-173.9482681718,280.));
#6346 = VECTOR('',#6347,1.);
#6347 = DIRECTION('',(0.707106781187,0.707106781187,0.));
#6348 = PLANE('',#6349);
#6349 = AXIS2_PLACEMENT_3D('',#6350,#6351,#6352);
#6350 = CARTESIAN_POINT('',(151.32085117392,-173.9482681718,18.));
#6351 = DIRECTION('',(0.707106781187,-0.707106781187,0.));
#6352 = DIRECTION('',(0.,0.,1.));
#6353 = ADVANCED_FACE('',(#6354,#6379,#6390,#6401),#6412,.F.);
#6354 = FACE_BOUND('',#6355,.F.);
#6355 = EDGE_LOOP('',(#6356,#6364,#6365,#6373));
#6356 = ORIENTED_EDGE('',*,*,#6357,.F.);
#6357 = EDGE_CURVE('',#6318,#6358,#6360,.T.);
#6358 = VERTEX_POINT('',#6359);
#6359 = CARTESIAN_POINT('',(165.46298679765,-188.0904037956,18.));
#6360 = LINE('',#6361,#6362);
#6361 = CARTESIAN_POINT('',(151.32085117392,-173.9482681718,18.));
#6362 = VECTOR('',#6363,1.);
#6363 = DIRECTION('',(0.707106781187,-0.707106781187,0.));
#6364 = ORIENTED_EDGE('',*,*,#6317,.T.);
#6365 = ORIENTED_EDGE('',*,*,#6366,.T.);
#6366 = EDGE_CURVE('',#6320,#6367,#6369,.T.);
#6367 = VERTEX_POINT('',#6368);
#6368 = CARTESIAN_POINT('',(165.46298679765,-188.0904037956,280.));
#6369 = LINE('',#6370,#6371);
#6370 = CARTESIAN_POINT('',(151.32085117392,-173.9482681718,280.));
#6371 = VECTOR('',#6372,1.);
#6372 = DIRECTION('',(0.707106781187,-0.707106781187,0.));
#6373 = ORIENTED_EDGE('',*,*,#6374,.F.);
#6374 = EDGE_CURVE('',#6358,#6367,#6375,.T.);
#6375 = LINE('',#6376,#6377);
#6376 = CARTESIAN_POINT('',(165.46298679765,-188.0904037956,18.));
#6377 = VECTOR('',#6378,1.);
#6378 = DIRECTION('',(0.,0.,1.));
#6379 = FACE_BOUND('',#6380,.F.);
#6380 = EDGE_LOOP('',(#6381));
#6381 = ORIENTED_EDGE('',*,*,#6382,.F.);
#6382 = EDGE_CURVE('',#6383,#6383,#6385,.T.);
#6383 = VERTEX_POINT('',#6384);
#6384 = CARTESIAN_POINT('',(158.39191898578,-181.0193359837,220.));
#6385 = CIRCLE('',#6386,3.);
#6386 = AXIS2_PLACEMENT_3D('',#6387,#6388,#6389);
#6387 = CARTESIAN_POINT('',(158.39191898578,-181.0193359837,217.));
#6388 = DIRECTION('',(0.707106781187,0.707106781187,-0.));
#6389 = DIRECTION('',(0.,0.,1.));
#6390 = FACE_BOUND('',#6391,.F.);
#6391 = EDGE_LOOP('',(#6392));
#6392 = ORIENTED_EDGE('',*,*,#6393,.F.);
#6393 = EDGE_CURVE('',#6394,#6394,#6396,.T.);
#6394 = VERTEX_POINT('',#6395);
#6395 = CARTESIAN_POINT('',(158.39191898578,-181.0193359837,248.));
#6396 = CIRCLE('',#6397,3.);
#6397 = AXIS2_PLACEMENT_3D('',#6398,#6399,#6400);
#6398 = CARTESIAN_POINT('',(158.39191898578,-181.0193359837,245.));
#6399 = DIRECTION('',(0.707106781187,0.707106781187,-0.));
#6400 = DIRECTION('',(0.,0.,1.));
#6401 = FACE_BOUND('',#6402,.F.);
#6402 = EDGE_LOOP('',(#6403));
#6403 = ORIENTED_EDGE('',*,*,#6404,.F.);
#6404 = EDGE_CURVE('',#6405,#6405,#6407,.T.);
#6405 = VERTEX_POINT('',#6406);
#6406 = CARTESIAN_POINT('',(158.39191898578,-181.0193359837,276.));
#6407 = CIRCLE('',#6408,3.);
#6408 = AXIS2_PLACEMENT_3D('',#6409,#6410,#6411);
#6409 = CARTESIAN_POINT('',(158.39191898578,-181.0193359837,273.));
#6410 = DIRECTION('',(0.707106781187,0.707106781187,-0.));
#6411 = DIRECTION('',(0.,0.,1.));
#6412 = PLANE('',#6413);
#6413 = AXIS2_PLACEMENT_3D('',#6414,#6415,#6416);
#6414 = CARTESIAN_POINT('',(151.32085117392,-173.9482681718,18.));
#6415 = DIRECTION('',(0.707106781187,0.707106781187,0.));
#6416 = DIRECTION('',(0.,0.,1.));
#6417 = ADVANCED_FACE('',(#6418),#6436,.T.);
#6418 = FACE_BOUND('',#6419,.T.);
#6419 = EDGE_LOOP('',(#6420,#6421,#6422,#6430));
#6420 = ORIENTED_EDGE('',*,*,#6343,.F.);
#6421 = ORIENTED_EDGE('',*,*,#6366,.T.);
#6422 = ORIENTED_EDGE('',*,*,#6423,.T.);
#6423 = EDGE_CURVE('',#6367,#6424,#6426,.T.);
#6424 = VERTEX_POINT('',#6425);
#6425 = CARTESIAN_POINT('',(168.29141392239,-185.2619766708,280.));
#6426 = LINE('',#6427,#6428);
#6427 = CARTESIAN_POINT('',(165.46298679765,-188.0904037956,280.));
#6428 = VECTOR('',#6429,1.);
#6429 = DIRECTION('',(0.707106781187,0.707106781187,0.));
#6430 = ORIENTED_EDGE('',*,*,#6431,.F.);
#6431 = EDGE_CURVE('',#6336,#6424,#6432,.T.);
#6432 = LINE('',#6433,#6434);
#6433 = CARTESIAN_POINT('',(154.14927829866,-171.1198410471,280.));
#6434 = VECTOR('',#6435,1.);
#6435 = DIRECTION('',(0.707106781187,-0.707106781187,0.));
#6436 = PLANE('',#6437);
#6437 = AXIS2_PLACEMENT_3D('',#6438,#6439,#6440);
#6438 = CARTESIAN_POINT('',(151.32085117392,-173.9482681718,280.));
#6439 = DIRECTION('',(0.,0.,1.));
#6440 = DIRECTION('',(0.707106781187,-0.707106781187,0.));
#6441 = ADVANCED_FACE('',(#6442,#6460,#6471,#6482),#6493,.T.);
#6442 = FACE_BOUND('',#6443,.T.);
#6443 = EDGE_LOOP('',(#6444,#6452,#6453,#6454));
#6444 = ORIENTED_EDGE('',*,*,#6445,.F.);
#6445 = EDGE_CURVE('',#6328,#6446,#6448,.T.);
#6446 = VERTEX_POINT('',#6447);
#6447 = CARTESIAN_POINT('',(168.29141392239,-185.2619766708,18.));
#6448 = LINE('',#6449,#6450);
#6449 = CARTESIAN_POINT('',(154.14927829866,-171.1198410471,18.));
#6450 = VECTOR('',#6451,1.);
#6451 = DIRECTION('',(0.707106781187,-0.707106781187,0.));
#6452 = ORIENTED_EDGE('',*,*,#6335,.T.);
#6453 = ORIENTED_EDGE('',*,*,#6431,.T.);
#6454 = ORIENTED_EDGE('',*,*,#6455,.F.);
#6455 = EDGE_CURVE('',#6446,#6424,#6456,.T.);
#6456 = LINE('',#6457,#6458);
#6457 = CARTESIAN_POINT('',(168.29141392239,-185.2619766708,18.));
#6458 = VECTOR('',#6459,1.);
#6459 = DIRECTION('',(0.,0.,1.));
#6460 = FACE_BOUND('',#6461,.T.);
#6461 = EDGE_LOOP('',(#6462));
#6462 = ORIENTED_EDGE('',*,*,#6463,.F.);
#6463 = EDGE_CURVE('',#6464,#6464,#6466,.T.);
#6464 = VERTEX_POINT('',#6465);
#6465 = CARTESIAN_POINT('',(161.22034611053,-178.190908859,220.));
#6466 = CIRCLE('',#6467,3.);
#6467 = AXIS2_PLACEMENT_3D('',#6468,#6469,#6470);
#6468 = CARTESIAN_POINT('',(161.22034611053,-178.190908859,217.));
#6469 = DIRECTION('',(0.707106781187,0.707106781187,-0.));
#6470 = DIRECTION('',(0.,0.,1.));
#6471 = FACE_BOUND('',#6472,.T.);
#6472 = EDGE_LOOP('',(#6473));
#6473 = ORIENTED_EDGE('',*,*,#6474,.F.);
#6474 = EDGE_CURVE('',#6475,#6475,#6477,.T.);
#6475 = VERTEX_POINT('',#6476);
#6476 = CARTESIAN_POINT('',(161.22034611053,-178.190908859,248.));
#6477 = CIRCLE('',#6478,3.);
#6478 = AXIS2_PLACEMENT_3D('',#6479,#6480,#6481);
#6479 = CARTESIAN_POINT('',(161.22034611053,-178.190908859,245.));
#6480 = DIRECTION('',(0.707106781187,0.707106781187,-0.));
#6481 = DIRECTION('',(0.,0.,1.));
#6482 = FACE_BOUND('',#6483,.T.);
#6483 = EDGE_LOOP('',(#6484));
#6484 = ORIENTED_EDGE('',*,*,#6485,.F.);
#6485 = EDGE_CURVE('',#6486,#6486,#6488,.T.);
#6486 = VERTEX_POINT('',#6487);
#6487 = CARTESIAN_POINT('',(161.22034611053,-178.190908859,276.));
#6488 = CIRCLE('',#6489,3.);
#6489 = AXIS2_PLACEMENT_3D('',#6490,#6491,#6492);
#6490 = CARTESIAN_POINT('',(161.22034611053,-178.190908859,273.));
#6491 = DIRECTION('',(0.707106781187,0.707106781187,-0.));
#6492 = DIRECTION('',(0.,0.,1.));
#6493 = PLANE('',#6494);
#6494 = AXIS2_PLACEMENT_3D('',#6495,#6496,#6497);
#6495 = CARTESIAN_POINT('',(154.14927829866,-171.1198410471,18.));
#6496 = DIRECTION('',(0.707106781187,0.707106781187,0.));
#6497 = DIRECTION('',(0.,0.,1.));
#6498 = ADVANCED_FACE('',(#6499),#6510,.F.);
#6499 = FACE_BOUND('',#6500,.F.);
#6500 = EDGE_LOOP('',(#6501,#6502,#6503,#6509));
#6501 = ORIENTED_EDGE('',*,*,#6327,.F.);
#6502 = ORIENTED_EDGE('',*,*,#6357,.T.);
#6503 = ORIENTED_EDGE('',*,*,#6504,.T.);
#6504 = EDGE_CURVE('',#6358,#6446,#6505,.T.);
#6505 = LINE('',#6506,#6507);
#6506 = CARTESIAN_POINT('',(165.46298679765,-188.0904037956,18.));
#6507 = VECTOR('',#6508,1.);
#6508 = DIRECTION('',(0.707106781187,0.707106781187,0.));
#6509 = ORIENTED_EDGE('',*,*,#6445,.F.);
#6510 = PLANE('',#6511);
#6511 = AXIS2_PLACEMENT_3D('',#6512,#6513,#6514);
#6512 = CARTESIAN_POINT('',(151.32085117392,-173.9482681718,18.));
#6513 = DIRECTION('',(0.,0.,1.));
#6514 = DIRECTION('',(0.707106781187,-0.707106781187,0.));
#6515 = ADVANCED_FACE('',(#6516),#6522,.T.);
#6516 = FACE_BOUND('',#6517,.T.);
#6517 = EDGE_LOOP('',(#6518,#6519,#6520,#6521));
#6518 = ORIENTED_EDGE('',*,*,#6374,.F.);
#6519 = ORIENTED_EDGE('',*,*,#6504,.T.);
#6520 = ORIENTED_EDGE('',*,*,#6455,.T.);
#6521 = ORIENTED_EDGE('',*,*,#6423,.F.);
#6522 = PLANE('',#6523);
#6523 = AXIS2_PLACEMENT_3D('',#6524,#6525,#6526);
#6524 = CARTESIAN_POINT('',(165.46298679765,-188.0904037956,18.));
#6525 = DIRECTION('',(0.707106781187,-0.707106781187,0.));
#6526 = DIRECTION('',(0.,0.,1.));
#6527 = ADVANCED_FACE('',(#6528),#6539,.F.);
#6528 = FACE_BOUND('',#6529,.F.);
#6529 = EDGE_LOOP('',(#6530,#6531,#6537,#6538));
#6530 = ORIENTED_EDGE('',*,*,#6463,.F.);
#6531 = ORIENTED_EDGE('',*,*,#6532,.F.);
#6532 = EDGE_CURVE('',#6383,#6464,#6533,.T.);
#6533 = LINE('',#6534,#6535);
#6534 = CARTESIAN_POINT('',(127.27922061357,-212.1320343559,220.));
#6535 = VECTOR('',#6536,1.);
#6536 = DIRECTION('',(0.707106781187,0.707106781187,0.));
#6537 = ORIENTED_EDGE('',*,*,#6382,.T.);
#6538 = ORIENTED_EDGE('',*,*,#6532,.T.);
#6539 = CYLINDRICAL_SURFACE('',#6540,3.);
#6540 = AXIS2_PLACEMENT_3D('',#6541,#6542,#6543);
#6541 = CARTESIAN_POINT('',(127.27922061357,-212.1320343559,217.));
#6542 = DIRECTION('',(0.707106781187,0.707106781187,0.));
#6543 = DIRECTION('',(0.,0.,1.));
#6544 = ADVANCED_FACE('',(#6545),#6556,.F.);
#6545 = FACE_BOUND('',#6546,.F.);
#6546 = EDGE_LOOP('',(#6547,#6548,#6554,#6555));
#6547 = ORIENTED_EDGE('',*,*,#6474,.F.);
#6548 = ORIENTED_EDGE('',*,*,#6549,.F.);
#6549 = EDGE_CURVE('',#6394,#6475,#6550,.T.);
#6550 = LINE('',#6551,#6552);
#6551 = CARTESIAN_POINT('',(127.27922061357,-212.1320343559,248.));
#6552 = VECTOR('',#6553,1.);
#6553 = DIRECTION('',(0.707106781187,0.707106781187,0.));
#6554 = ORIENTED_EDGE('',*,*,#6393,.T.);
#6555 = ORIENTED_EDGE('',*,*,#6549,.T.);
#6556 = CYLINDRICAL_SURFACE('',#6557,3.);
#6557 = AXIS2_PLACEMENT_3D('',#6558,#6559,#6560);
#6558 = CARTESIAN_POINT('',(127.27922061357,-212.1320343559,245.));
#6559 = DIRECTION('',(0.707106781187,0.707106781187,0.));
#6560 = DIRECTION('',(0.,0.,1.));
#6561 = ADVANCED_FACE('',(#6562),#6573,.F.);
#6562 = FACE_BOUND('',#6563,.F.);
#6563 = EDGE_LOOP('',(#6564,#6565,#6571,#6572));
#6564 = ORIENTED_EDGE('',*,*,#6485,.F.);
#6565 = ORIENTED_EDGE('',*,*,#6566,.F.);
#6566 = EDGE_CURVE('',#6405,#6486,#6567,.T.);
#6567 = LINE('',#6568,#6569);
#6568 = CARTESIAN_POINT('',(127.27922061357,-212.1320343559,276.));
#6569 = VECTOR('',#6570,1.);
#6570 = DIRECTION('',(0.707106781187,0.707106781187,0.));
#6571 = ORIENTED_EDGE('',*,*,#6404,.T.);
#6572 = ORIENTED_EDGE('',*,*,#6566,.T.);
#6573 = CYLINDRICAL_SURFACE('',#6574,3.);
#6574 = AXIS2_PLACEMENT_3D('',#6575,#6576,#6577);
#6575 = CARTESIAN_POINT('',(127.27922061357,-212.1320343559,273.));
#6576 = DIRECTION('',(0.707106781187,0.707106781187,0.));
#6577 = DIRECTION('',(0.,0.,1.));
#6578 = ( GEOMETRIC_REPRESENTATION_CONTEXT(3) 
GLOBAL_UNCERTAINTY_ASSIGNED_CONTEXT((#6582)) 
GLOBAL_UNIT_ASSIGNED_CONTEXT((#6579,#6580,#6581)) REPRESENTATION_CONTEXT
('Context #1','3D Context with UNIT and UNCERTAINTY') );
#6579 = ( LENGTH_UNIT() NAMED_UNIT(*) SI_UNIT(.MILLI.,.METRE.) );
#6580 = ( NAMED_UNIT(*) PLANE_ANGLE_UNIT() SI_UNIT($,.RADIAN.) );
#6581 = ( NAMED_UNIT(*) SI_UNIT($,.STERADIAN.) SOLID_ANGLE_UNIT() );
#6582 = UNCERTAINTY_MEASURE_WITH_UNIT(LENGTH_MEASURE(1.E-07),#6579,
  'distance_accuracy_value','confusion accuracy');
#6583 = CONTEXT_DEPENDENT_SHAPE_REPRESENTATION(#6584,#6586);
#6584 = ( REPRESENTATION_RELATIONSHIP('','',#6310,#10) 
REPRESENTATION_RELATIONSHIP_WITH_TRANSFORMATION(#6585) 
SHAPE_REPRESENTATION_RELATIONSHIP() );
#6585 = ITEM_DEFINED_TRANSFORMATION('','',#11,#103);
#6586 = PRODUCT_DEFINITION_SHAPE('Placement','Placement of an item',
  #6587);
#6587 = NEXT_ASSEMBLY_USAGE_OCCURRENCE('23','P23 Slot jamb 315 / -1','',
  #5,#6305,$);
#6588 = PRODUCT_RELATED_PRODUCT_CATEGORY('part',$,(#6307));
#6589 = SHAPE_DEFINITION_REPRESENTATION(#6590,#6596);
#6590 = PRODUCT_DEFINITION_SHAPE('','',#6591);
#6591 = PRODUCT_DEFINITION('design','',#6592,#6595);
#6592 = PRODUCT_DEFINITION_FORMATION('','',#6593);
#6593 = PRODUCT('P24 Slot jamb 315 / 1','P24 Slot jamb 315 / 1','',(
    #6594));
#6594 = PRODUCT_CONTEXT('',#2,'mechanical');
#6595 = PRODUCT_DEFINITION_CONTEXT('part definition',#2,'design');
#6596 = ADVANCED_BREP_SHAPE_REPRESENTATION('',(#11,#6597),#6864);
#6597 = MANIFOLD_SOLID_BREP('',#6598);
#6598 = CLOSED_SHELL('',(#6599,#6639,#6703,#6727,#6784,#6801,#6813,#6830
    ,#6847));
#6599 = ADVANCED_FACE('',(#6600),#6634,.F.);
#6600 = FACE_BOUND('',#6601,.F.);
#6601 = EDGE_LOOP('',(#6602,#6612,#6620,#6628));
#6602 = ORIENTED_EDGE('',*,*,#6603,.F.);
#6603 = EDGE_CURVE('',#6604,#6606,#6608,.T.);
#6604 = VERTEX_POINT('',#6605);
#6605 = CARTESIAN_POINT('',(171.11984104714,-154.1492782986,18.));
#6606 = VERTEX_POINT('',#6607);
#6607 = CARTESIAN_POINT('',(171.11984104714,-154.1492782986,280.));
#6608 = LINE('',#6609,#6610);
#6609 = CARTESIAN_POINT('',(171.11984104714,-154.1492782986,18.));
#6610 = VECTOR('',#6611,1.);
#6611 = DIRECTION('',(0.,0.,1.));
#6612 = ORIENTED_EDGE('',*,*,#6613,.T.);
#6613 = EDGE_CURVE('',#6604,#6614,#6616,.T.);
#6614 = VERTEX_POINT('',#6615);
#6615 = CARTESIAN_POINT('',(173.94826817189,-151.3208511739,18.));
#6616 = LINE('',#6617,#6618);
#6617 = CARTESIAN_POINT('',(171.11984104714,-154.1492782986,18.));
#6618 = VECTOR('',#6619,1.);
#6619 = DIRECTION('',(0.707106781187,0.707106781187,0.));
#6620 = ORIENTED_EDGE('',*,*,#6621,.T.);
#6621 = EDGE_CURVE('',#6614,#6622,#6624,.T.);
#6622 = VERTEX_POINT('',#6623);
#6623 = CARTESIAN_POINT('',(173.94826817189,-151.3208511739,280.));
#6624 = LINE('',#6625,#6626);
#6625 = CARTESIAN_POINT('',(173.94826817189,-151.3208511739,18.));
#6626 = VECTOR('',#6627,1.);
#6627 = DIRECTION('',(0.,0.,1.));
#6628 = ORIENTED_EDGE('',*,*,#6629,.F.);
#6629 = EDGE_CURVE('',#6606,#6622,#6630,.T.);
#6630 = LINE('',#6631,#6632);
#6631 = CARTESIAN_POINT('',(171.11984104714,-154.1492782986,280.));
#6632 = VECTOR('',#6633,1.);
#6633 = DIRECTION('',(0.707106781187,0.707106781187,0.));
#6634 = PLANE('',#6635);
#6635 = AXIS2_PLACEMENT_3D('',#6636,#6637,#6638);
#6636 = CARTESIAN_POINT('',(171.11984104714,-154.1492782986,18.));
#6637 = DIRECTION('',(0.707106781187,-0.707106781187,0.));
#6638 = DIRECTION('',(0.,0.,1.));
#6639 = ADVANCED_FACE('',(#6640,#6665,#6676,#6687),#6698,.F.);
#6640 = FACE_BOUND('',#6641,.F.);
#6641 = EDGE_LOOP('',(#6642,#6650,#6651,#6659));
#6642 = ORIENTED_EDGE('',*,*,#6643,.F.);
#6643 = EDGE_CURVE('',#6604,#6644,#6646,.T.);
#6644 = VERTEX_POINT('',#6645);
#6645 = CARTESIAN_POINT('',(185.26197667087,-168.2914139223,18.));
#6646 = LINE('',#6647,#6648);
#6647 = CARTESIAN_POINT('',(171.11984104714,-154.1492782986,18.));
#6648 = VECTOR('',#6649,1.);
#6649 = DIRECTION('',(0.707106781187,-0.707106781187,0.));
#6650 = ORIENTED_EDGE('',*,*,#6603,.T.);
#6651 = ORIENTED_EDGE('',*,*,#6652,.T.);
#6652 = EDGE_CURVE('',#6606,#6653,#6655,.T.);
#6653 = VERTEX_POINT('',#6654);
#6654 = CARTESIAN_POINT('',(185.26197667087,-168.2914139223,280.));
#6655 = LINE('',#6656,#6657);
#6656 = CARTESIAN_POINT('',(171.11984104714,-154.1492782986,280.));
#6657 = VECTOR('',#6658,1.);
#6658 = DIRECTION('',(0.707106781187,-0.707106781187,0.));
#6659 = ORIENTED_EDGE('',*,*,#6660,.F.);
#6660 = EDGE_CURVE('',#6644,#6653,#6661,.T.);
#6661 = LINE('',#6662,#6663);
#6662 = CARTESIAN_POINT('',(185.26197667087,-168.2914139223,18.));
#6663 = VECTOR('',#6664,1.);
#6664 = DIRECTION('',(0.,0.,1.));
#6665 = FACE_BOUND('',#6666,.F.);
#6666 = EDGE_LOOP('',(#6667));
#6667 = ORIENTED_EDGE('',*,*,#6668,.F.);
#6668 = EDGE_CURVE('',#6669,#6669,#6671,.T.);
#6669 = VERTEX_POINT('',#6670);
#6670 = CARTESIAN_POINT('',(178.19090885901,-161.2203461105,220.));
#6671 = CIRCLE('',#6672,3.);
#6672 = AXIS2_PLACEMENT_3D('',#6673,#6674,#6675);
#6673 = CARTESIAN_POINT('',(178.19090885901,-161.2203461105,217.));
#6674 = DIRECTION('',(0.707106781187,0.707106781187,-0.));
#6675 = DIRECTION('',(0.,0.,1.));
#6676 = FACE_BOUND('',#6677,.F.);
#6677 = EDGE_LOOP('',(#6678));
#6678 = ORIENTED_EDGE('',*,*,#6679,.F.);
#6679 = EDGE_CURVE('',#6680,#6680,#6682,.T.);
#6680 = VERTEX_POINT('',#6681);
#6681 = CARTESIAN_POINT('',(178.19090885901,-161.2203461105,248.));
#6682 = CIRCLE('',#6683,3.);
#6683 = AXIS2_PLACEMENT_3D('',#6684,#6685,#6686);
#6684 = CARTESIAN_POINT('',(178.19090885901,-161.2203461105,245.));
#6685 = DIRECTION('',(0.707106781187,0.707106781187,-0.));
#6686 = DIRECTION('',(0.,0.,1.));
#6687 = FACE_BOUND('',#6688,.F.);
#6688 = EDGE_LOOP('',(#6689));
#6689 = ORIENTED_EDGE('',*,*,#6690,.F.);
#6690 = EDGE_CURVE('',#6691,#6691,#6693,.T.);
#6691 = VERTEX_POINT('',#6692);
#6692 = CARTESIAN_POINT('',(178.19090885901,-161.2203461105,276.));
#6693 = CIRCLE('',#6694,3.);
#6694 = AXIS2_PLACEMENT_3D('',#6695,#6696,#6697);
#6695 = CARTESIAN_POINT('',(178.19090885901,-161.2203461105,273.));
#6696 = DIRECTION('',(0.707106781187,0.707106781187,-0.));
#6697 = DIRECTION('',(0.,0.,1.));
#6698 = PLANE('',#6699);
#6699 = AXIS2_PLACEMENT_3D('',#6700,#6701,#6702);
#6700 = CARTESIAN_POINT('',(171.11984104714,-154.1492782986,18.));
#6701 = DIRECTION('',(0.707106781187,0.707106781187,0.));
#6702 = DIRECTION('',(0.,0.,1.));
#6703 = ADVANCED_FACE('',(#6704),#6722,.T.);
#6704 = FACE_BOUND('',#6705,.T.);
#6705 = EDGE_LOOP('',(#6706,#6707,#6708,#6716));
#6706 = ORIENTED_EDGE('',*,*,#6629,.F.);
#6707 = ORIENTED_EDGE('',*,*,#6652,.T.);
#6708 = ORIENTED_EDGE('',*,*,#6709,.T.);
#6709 = EDGE_CURVE('',#6653,#6710,#6712,.T.);
#6710 = VERTEX_POINT('',#6711);
#6711 = CARTESIAN_POINT('',(188.09040379562,-165.4629867976,280.));
#6712 = LINE('',#6713,#6714);
#6713 = CARTESIAN_POINT('',(185.26197667087,-168.2914139223,280.));
#6714 = VECTOR('',#6715,1.);
#6715 = DIRECTION('',(0.707106781187,0.707106781187,0.));
#6716 = ORIENTED_EDGE('',*,*,#6717,.F.);
#6717 = EDGE_CURVE('',#6622,#6710,#6718,.T.);
#6718 = LINE('',#6719,#6720);
#6719 = CARTESIAN_POINT('',(173.94826817189,-151.3208511739,280.));
#6720 = VECTOR('',#6721,1.);
#6721 = DIRECTION('',(0.707106781187,-0.707106781187,0.));
#6722 = PLANE('',#6723);
#6723 = AXIS2_PLACEMENT_3D('',#6724,#6725,#6726);
#6724 = CARTESIAN_POINT('',(171.11984104714,-154.1492782986,280.));
#6725 = DIRECTION('',(0.,0.,1.));
#6726 = DIRECTION('',(0.707106781187,-0.707106781187,0.));
#6727 = ADVANCED_FACE('',(#6728,#6746,#6757,#6768),#6779,.T.);
#6728 = FACE_BOUND('',#6729,.T.);
#6729 = EDGE_LOOP('',(#6730,#6738,#6739,#6740));
#6730 = ORIENTED_EDGE('',*,*,#6731,.F.);
#6731 = EDGE_CURVE('',#6614,#6732,#6734,.T.);
#6732 = VERTEX_POINT('',#6733);
#6733 = CARTESIAN_POINT('',(188.09040379562,-165.4629867976,18.));
#6734 = LINE('',#6735,#6736);
#6735 = CARTESIAN_POINT('',(173.94826817189,-151.3208511739,18.));
#6736 = VECTOR('',#6737,1.);
#6737 = DIRECTION('',(0.707106781187,-0.707106781187,0.));
#6738 = ORIENTED_EDGE('',*,*,#6621,.T.);
#6739 = ORIENTED_EDGE('',*,*,#6717,.T.);
#6740 = ORIENTED_EDGE('',*,*,#6741,.F.);
#6741 = EDGE_CURVE('',#6732,#6710,#6742,.T.);
#6742 = LINE('',#6743,#6744);
#6743 = CARTESIAN_POINT('',(188.09040379562,-165.4629867976,18.));
#6744 = VECTOR('',#6745,1.);
#6745 = DIRECTION('',(0.,0.,1.));
#6746 = FACE_BOUND('',#6747,.T.);
#6747 = EDGE_LOOP('',(#6748));
#6748 = ORIENTED_EDGE('',*,*,#6749,.F.);
#6749 = EDGE_CURVE('',#6750,#6750,#6752,.T.);
#6750 = VERTEX_POINT('',#6751);
#6751 = CARTESIAN_POINT('',(181.01933598375,-158.3919189857,220.));
#6752 = CIRCLE('',#6753,3.);
#6753 = AXIS2_PLACEMENT_3D('',#6754,#6755,#6756);
#6754 = CARTESIAN_POINT('',(181.01933598375,-158.3919189857,217.));
#6755 = DIRECTION('',(0.707106781187,0.707106781187,-0.));
#6756 = DIRECTION('',(0.,0.,1.));
#6757 = FACE_BOUND('',#6758,.T.);
#6758 = EDGE_LOOP('',(#6759));
#6759 = ORIENTED_EDGE('',*,*,#6760,.F.);
#6760 = EDGE_CURVE('',#6761,#6761,#6763,.T.);
#6761 = VERTEX_POINT('',#6762);
#6762 = CARTESIAN_POINT('',(181.01933598375,-158.3919189857,248.));
#6763 = CIRCLE('',#6764,3.);
#6764 = AXIS2_PLACEMENT_3D('',#6765,#6766,#6767);
#6765 = CARTESIAN_POINT('',(181.01933598375,-158.3919189857,245.));
#6766 = DIRECTION('',(0.707106781187,0.707106781187,-0.));
#6767 = DIRECTION('',(0.,0.,1.));
#6768 = FACE_BOUND('',#6769,.T.);
#6769 = EDGE_LOOP('',(#6770));
#6770 = ORIENTED_EDGE('',*,*,#6771,.F.);
#6771 = EDGE_CURVE('',#6772,#6772,#6774,.T.);
#6772 = VERTEX_POINT('',#6773);
#6773 = CARTESIAN_POINT('',(181.01933598375,-158.3919189857,276.));
#6774 = CIRCLE('',#6775,3.);
#6775 = AXIS2_PLACEMENT_3D('',#6776,#6777,#6778);
#6776 = CARTESIAN_POINT('',(181.01933598375,-158.3919189857,273.));
#6777 = DIRECTION('',(0.707106781187,0.707106781187,-0.));
#6778 = DIRECTION('',(0.,0.,1.));
#6779 = PLANE('',#6780);
#6780 = AXIS2_PLACEMENT_3D('',#6781,#6782,#6783);
#6781 = CARTESIAN_POINT('',(173.94826817189,-151.3208511739,18.));
#6782 = DIRECTION('',(0.707106781187,0.707106781187,0.));
#6783 = DIRECTION('',(0.,0.,1.));
#6784 = ADVANCED_FACE('',(#6785),#6796,.F.);
#6785 = FACE_BOUND('',#6786,.F.);
#6786 = EDGE_LOOP('',(#6787,#6788,#6789,#6795));
#6787 = ORIENTED_EDGE('',*,*,#6613,.F.);
#6788 = ORIENTED_EDGE('',*,*,#6643,.T.);
#6789 = ORIENTED_EDGE('',*,*,#6790,.T.);
#6790 = EDGE_CURVE('',#6644,#6732,#6791,.T.);
#6791 = LINE('',#6792,#6793);
#6792 = CARTESIAN_POINT('',(185.26197667087,-168.2914139223,18.));
#6793 = VECTOR('',#6794,1.);
#6794 = DIRECTION('',(0.707106781187,0.707106781187,0.));
#6795 = ORIENTED_EDGE('',*,*,#6731,.F.);
#6796 = PLANE('',#6797);
#6797 = AXIS2_PLACEMENT_3D('',#6798,#6799,#6800);
#6798 = CARTESIAN_POINT('',(171.11984104714,-154.1492782986,18.));
#6799 = DIRECTION('',(0.,0.,1.));
#6800 = DIRECTION('',(0.707106781187,-0.707106781187,0.));
#6801 = ADVANCED_FACE('',(#6802),#6808,.T.);
#6802 = FACE_BOUND('',#6803,.T.);
#6803 = EDGE_LOOP('',(#6804,#6805,#6806,#6807));
#6804 = ORIENTED_EDGE('',*,*,#6660,.F.);
#6805 = ORIENTED_EDGE('',*,*,#6790,.T.);
#6806 = ORIENTED_EDGE('',*,*,#6741,.T.);
#6807 = ORIENTED_EDGE('',*,*,#6709,.F.);
#6808 = PLANE('',#6809);
#6809 = AXIS2_PLACEMENT_3D('',#6810,#6811,#6812);
#6810 = CARTESIAN_POINT('',(185.26197667087,-168.2914139223,18.));
#6811 = DIRECTION('',(0.707106781187,-0.707106781187,0.));
#6812 = DIRECTION('',(0.,0.,1.));
#6813 = ADVANCED_FACE('',(#6814),#6825,.F.);
#6814 = FACE_BOUND('',#6815,.F.);
#6815 = EDGE_LOOP('',(#6816,#6817,#6823,#6824));
#6816 = ORIENTED_EDGE('',*,*,#6749,.F.);
#6817 = ORIENTED_EDGE('',*,*,#6818,.F.);
#6818 = EDGE_CURVE('',#6669,#6750,#6819,.T.);
#6819 = LINE('',#6820,#6821);
#6820 = CARTESIAN_POINT('',(127.27922061357,-212.1320343559,220.));
#6821 = VECTOR('',#6822,1.);
#6822 = DIRECTION('',(0.707106781187,0.707106781187,0.));
#6823 = ORIENTED_EDGE('',*,*,#6668,.T.);
#6824 = ORIENTED_EDGE('',*,*,#6818,.T.);
#6825 = CYLINDRICAL_SURFACE('',#6826,3.);
#6826 = AXIS2_PLACEMENT_3D('',#6827,#6828,#6829);
#6827 = CARTESIAN_POINT('',(127.27922061357,-212.1320343559,217.));
#6828 = DIRECTION('',(0.707106781187,0.707106781187,0.));
#6829 = DIRECTION('',(0.,0.,1.));
#6830 = ADVANCED_FACE('',(#6831),#6842,.F.);
#6831 = FACE_BOUND('',#6832,.F.);
#6832 = EDGE_LOOP('',(#6833,#6834,#6840,#6841));
#6833 = ORIENTED_EDGE('',*,*,#6760,.F.);
#6834 = ORIENTED_EDGE('',*,*,#6835,.F.);
#6835 = EDGE_CURVE('',#6680,#6761,#6836,.T.);
#6836 = LINE('',#6837,#6838);
#6837 = CARTESIAN_POINT('',(127.27922061357,-212.1320343559,248.));
#6838 = VECTOR('',#6839,1.);
#6839 = DIRECTION('',(0.707106781187,0.707106781187,0.));
#6840 = ORIENTED_EDGE('',*,*,#6679,.T.);
#6841 = ORIENTED_EDGE('',*,*,#6835,.T.);
#6842 = CYLINDRICAL_SURFACE('',#6843,3.);
#6843 = AXIS2_PLACEMENT_3D('',#6844,#6845,#6846);
#6844 = CARTESIAN_POINT('',(127.27922061357,-212.1320343559,245.));
#6845 = DIRECTION('',(0.707106781187,0.707106781187,0.));
#6846 = DIRECTION('',(0.,0.,1.));
#6847 = ADVANCED_FACE('',(#6848),#6859,.F.);
#6848 = FACE_BOUND('',#6849,.F.);
#6849 = EDGE_LOOP('',(#6850,#6851,#6857,#6858));
#6850 = ORIENTED_EDGE('',*,*,#6771,.F.);
#6851 = ORIENTED_EDGE('',*,*,#6852,.F.);
#6852 = EDGE_CURVE('',#6691,#6772,#6853,.T.);
#6853 = LINE('',#6854,#6855);
#6854 = CARTESIAN_POINT('',(127.27922061357,-212.1320343559,276.));
#6855 = VECTOR('',#6856,1.);
#6856 = DIRECTION('',(0.707106781187,0.707106781187,0.));
#6857 = ORIENTED_EDGE('',*,*,#6690,.T.);
#6858 = ORIENTED_EDGE('',*,*,#6852,.T.);
#6859 = CYLINDRICAL_SURFACE('',#6860,3.);
#6860 = AXIS2_PLACEMENT_3D('',#6861,#6862,#6863);
#6861 = CARTESIAN_POINT('',(127.27922061357,-212.1320343559,273.));
#6862 = DIRECTION('',(0.707106781187,0.707106781187,0.));
#6863 = DIRECTION('',(0.,0.,1.));
#6864 = ( GEOMETRIC_REPRESENTATION_CONTEXT(3) 
GLOBAL_UNCERTAINTY_ASSIGNED_CONTEXT((#6868)) 
GLOBAL_UNIT_ASSIGNED_CONTEXT((#6865,#6866,#6867)) REPRESENTATION_CONTEXT
('Context #1','3D Context with UNIT and UNCERTAINTY') );
#6865 = ( LENGTH_UNIT() NAMED_UNIT(*) SI_UNIT(.MILLI.,.METRE.) );
#6866 = ( NAMED_UNIT(*) PLANE_ANGLE_UNIT() SI_UNIT($,.RADIAN.) );
#6867 = ( NAMED_UNIT(*) SI_UNIT($,.STERADIAN.) SOLID_ANGLE_UNIT() );
#6868 = UNCERTAINTY_MEASURE_WITH_UNIT(LENGTH_MEASURE(1.E-07),#6865,
  'distance_accuracy_value','confusion accuracy');
#6869 = CONTEXT_DEPENDENT_SHAPE_REPRESENTATION(#6870,#6872);
#6870 = ( REPRESENTATION_RELATIONSHIP('','',#6596,#10) 
REPRESENTATION_RELATIONSHIP_WITH_TRANSFORMATION(#6871) 
SHAPE_REPRESENTATION_RELATIONSHIP() );
#6871 = ITEM_DEFINED_TRANSFORMATION('','',#11,#107);
#6872 = PRODUCT_DEFINITION_SHAPE('Placement','Placement of an item',
  #6873);
#6873 = NEXT_ASSEMBLY_USAGE_OCCURRENCE('24','P24 Slot jamb 315 / 1','',
  #5,#6591,$);
#6874 = PRODUCT_RELATED_PRODUCT_CATEGORY('part',$,(#6593));
#6875 = SHAPE_DEFINITION_REPRESENTATION(#6876,#6882);
#6876 = PRODUCT_DEFINITION_SHAPE('','',#6877);
#6877 = PRODUCT_DEFINITION('design','',#6878,#6881);
#6878 = PRODUCT_DEFINITION_FORMATION('','',#6879);
#6879 = PRODUCT('P25 Slot lintel 315','P25 Slot lintel 315','',(#6880));
#6880 = PRODUCT_CONTEXT('',#2,'mechanical');
#6881 = PRODUCT_DEFINITION_CONTEXT('part definition',#2,'design');
#6882 = ADVANCED_BREP_SHAPE_REPRESENTATION('',(#11,#6883),#7033);
#6883 = MANIFOLD_SOLID_BREP('',#6884);
#6884 = CLOSED_SHELL('',(#6885,#6925,#6965,#6987,#7009,#7021));
#6885 = ADVANCED_FACE('',(#6886),#6920,.F.);
#6886 = FACE_BOUND('',#6887,.F.);
#6887 = EDGE_LOOP('',(#6888,#6898,#6906,#6914));
#6888 = ORIENTED_EDGE('',*,*,#6889,.F.);
#6889 = EDGE_CURVE('',#6890,#6892,#6894,.T.);
#6890 = VERTEX_POINT('',#6891);
#6891 = CARTESIAN_POINT('',(151.32085117392,-173.9482681718,280.));
#6892 = VERTEX_POINT('',#6893);
#6893 = CARTESIAN_POINT('',(151.32085117392,-173.9482681718,284.));
#6894 = LINE('',#6895,#6896);
#6895 = CARTESIAN_POINT('',(151.32085117392,-173.9482681718,280.));
#6896 = VECTOR('',#6897,1.);
#6897 = DIRECTION('',(0.,0.,1.));
#6898 = ORIENTED_EDGE('',*,*,#6899,.T.);
#6899 = EDGE_CURVE('',#6890,#6900,#6902,.T.);
#6900 = VERTEX_POINT('',#6901);
#6901 = CARTESIAN_POINT('',(173.94826817189,-151.3208511739,280.));
#6902 = LINE('',#6903,#6904);
#6903 = CARTESIAN_POINT('',(151.32085117392,-173.9482681718,280.));
#6904 = VECTOR('',#6905,1.);
#6905 = DIRECTION('',(0.707106781187,0.707106781187,0.));
#6906 = ORIENTED_EDGE('',*,*,#6907,.T.);
#6907 = EDGE_CURVE('',#6900,#6908,#6910,.T.);
#6908 = VERTEX_POINT('',#6909);
#6909 = CARTESIAN_POINT('',(173.94826817189,-151.3208511739,284.));
#6910 = LINE('',#6911,#6912);
#6911 = CARTESIAN_POINT('',(173.94826817189,-151.3208511739,280.));
#6912 = VECTOR('',#6913,1.);
#6913 = DIRECTION('',(0.,0.,1.));
#6914 = ORIENTED_EDGE('',*,*,#6915,.F.);
#6915 = EDGE_CURVE('',#6892,#6908,#6916,.T.);
#6916 = LINE('',#6917,#6918);
#6917 = CARTESIAN_POINT('',(151.32085117392,-173.9482681718,284.));
#6918 = VECTOR('',#6919,1.);
#6919 = DIRECTION('',(0.707106781187,0.707106781187,0.));
#6920 = PLANE('',#6921);
#6921 = AXIS2_PLACEMENT_3D('',#6922,#6923,#6924);
#6922 = CARTESIAN_POINT('',(151.32085117392,-173.9482681718,280.));
#6923 = DIRECTION('',(0.707106781187,-0.707106781187,0.));
#6924 = DIRECTION('',(0.,0.,1.));
#6925 = ADVANCED_FACE('',(#6926),#6960,.T.);
#6926 = FACE_BOUND('',#6927,.T.);
#6927 = EDGE_LOOP('',(#6928,#6938,#6946,#6954));
#6928 = ORIENTED_EDGE('',*,*,#6929,.F.);
#6929 = EDGE_CURVE('',#6930,#6932,#6934,.T.);
#6930 = VERTEX_POINT('',#6931);
#6931 = CARTESIAN_POINT('',(165.46298679765,-188.0904037956,280.));
#6932 = VERTEX_POINT('',#6933);
#6933 = CARTESIAN_POINT('',(165.46298679765,-188.0904037956,284.));
#6934 = LINE('',#6935,#6936);
#6935 = CARTESIAN_POINT('',(165.46298679765,-188.0904037956,280.));
#6936 = VECTOR('',#6937,1.);
#6937 = DIRECTION('',(0.,0.,1.));
#6938 = ORIENTED_EDGE('',*,*,#6939,.T.);
#6939 = EDGE_CURVE('',#6930,#6940,#6942,.T.);
#6940 = VERTEX_POINT('',#6941);
#6941 = CARTESIAN_POINT('',(188.09040379562,-165.4629867976,280.));
#6942 = LINE('',#6943,#6944);
#6943 = CARTESIAN_POINT('',(165.46298679765,-188.0904037956,280.));
#6944 = VECTOR('',#6945,1.);
#6945 = DIRECTION('',(0.707106781187,0.707106781187,0.));
#6946 = ORIENTED_EDGE('',*,*,#6947,.T.);
#6947 = EDGE_CURVE('',#6940,#6948,#6950,.T.);
#6948 = VERTEX_POINT('',#6949);
#6949 = CARTESIAN_POINT('',(188.09040379562,-165.4629867976,284.));
#6950 = LINE('',#6951,#6952);
#6951 = CARTESIAN_POINT('',(188.09040379562,-165.4629867976,280.));
#6952 = VECTOR('',#6953,1.);
#6953 = DIRECTION('',(0.,0.,1.));
#6954 = ORIENTED_EDGE('',*,*,#6955,.F.);
#6955 = EDGE_CURVE('',#6932,#6948,#6956,.T.);
#6956 = LINE('',#6957,#6958);
#6957 = CARTESIAN_POINT('',(165.46298679765,-188.0904037956,284.));
#6958 = VECTOR('',#6959,1.);
#6959 = DIRECTION('',(0.707106781187,0.707106781187,0.));
#6960 = PLANE('',#6961);
#6961 = AXIS2_PLACEMENT_3D('',#6962,#6963,#6964);
#6962 = CARTESIAN_POINT('',(165.46298679765,-188.0904037956,280.));
#6963 = DIRECTION('',(0.707106781187,-0.707106781187,0.));
#6964 = DIRECTION('',(0.,0.,1.));
#6965 = ADVANCED_FACE('',(#6966),#6982,.F.);
#6966 = FACE_BOUND('',#6967,.F.);
#6967 = EDGE_LOOP('',(#6968,#6974,#6975,#6981));
#6968 = ORIENTED_EDGE('',*,*,#6969,.F.);
#6969 = EDGE_CURVE('',#6890,#6930,#6970,.T.);
#6970 = LINE('',#6971,#6972);
#6971 = CARTESIAN_POINT('',(151.32085117392,-173.9482681718,280.));
#6972 = VECTOR('',#6973,1.);
#6973 = DIRECTION('',(0.707106781187,-0.707106781187,0.));
#6974 = ORIENTED_EDGE('',*,*,#6889,.T.);
#6975 = ORIENTED_EDGE('',*,*,#6976,.T.);
#6976 = EDGE_CURVE('',#6892,#6932,#6977,.T.);
#6977 = LINE('',#6978,#6979);
#6978 = CARTESIAN_POINT('',(151.32085117392,-173.9482681718,284.));
#6979 = VECTOR('',#6980,1.);
#6980 = DIRECTION('',(0.707106781187,-0.707106781187,0.));
#6981 = ORIENTED_EDGE('',*,*,#6929,.F.);
#6982 = PLANE('',#6983);
#6983 = AXIS2_PLACEMENT_3D('',#6984,#6985,#6986);
#6984 = CARTESIAN_POINT('',(151.32085117392,-173.9482681718,280.));
#6985 = DIRECTION('',(0.707106781187,0.707106781187,0.));
#6986 = DIRECTION('',(0.,0.,1.));
#6987 = ADVANCED_FACE('',(#6988),#7004,.T.);
#6988 = FACE_BOUND('',#6989,.T.);
#6989 = EDGE_LOOP('',(#6990,#6996,#6997,#7003));
#6990 = ORIENTED_EDGE('',*,*,#6991,.F.);
#6991 = EDGE_CURVE('',#6900,#6940,#6992,.T.);
#6992 = LINE('',#6993,#6994);
#6993 = CARTESIAN_POINT('',(173.94826817189,-151.3208511739,280.));
#6994 = VECTOR('',#6995,1.);
#6995 = DIRECTION('',(0.707106781187,-0.707106781187,0.));
#6996 = ORIENTED_EDGE('',*,*,#6907,.T.);
#6997 = ORIENTED_EDGE('',*,*,#6998,.T.);
#6998 = EDGE_CURVE('',#6908,#6948,#6999,.T.);
#6999 = LINE('',#7000,#7001);
#7000 = CARTESIAN_POINT('',(173.94826817189,-151.3208511739,284.));
#7001 = VECTOR('',#7002,1.);
#7002 = DIRECTION('',(0.707106781187,-0.707106781187,0.));
#7003 = ORIENTED_EDGE('',*,*,#6947,.F.);
#7004 = PLANE('',#7005);
#7005 = AXIS2_PLACEMENT_3D('',#7006,#7007,#7008);
#7006 = CARTESIAN_POINT('',(173.94826817189,-151.3208511739,280.));
#7007 = DIRECTION('',(0.707106781187,0.707106781187,0.));
#7008 = DIRECTION('',(0.,0.,1.));
#7009 = ADVANCED_FACE('',(#7010),#7016,.F.);
#7010 = FACE_BOUND('',#7011,.F.);
#7011 = EDGE_LOOP('',(#7012,#7013,#7014,#7015));
#7012 = ORIENTED_EDGE('',*,*,#6899,.F.);
#7013 = ORIENTED_EDGE('',*,*,#6969,.T.);
#7014 = ORIENTED_EDGE('',*,*,#6939,.T.);
#7015 = ORIENTED_EDGE('',*,*,#6991,.F.);
#7016 = PLANE('',#7017);
#7017 = AXIS2_PLACEMENT_3D('',#7018,#7019,#7020);
#7018 = CARTESIAN_POINT('',(151.32085117392,-173.9482681718,280.));
#7019 = DIRECTION('',(0.,0.,1.));
#7020 = DIRECTION('',(0.707106781187,-0.707106781187,0.));
#7021 = ADVANCED_FACE('',(#7022),#7028,.T.);
#7022 = FACE_BOUND('',#7023,.T.);
#7023 = EDGE_LOOP('',(#7024,#7025,#7026,#7027));
#7024 = ORIENTED_EDGE('',*,*,#6915,.F.);
#7025 = ORIENTED_EDGE('',*,*,#6976,.T.);
#7026 = ORIENTED_EDGE('',*,*,#6955,.T.);
#7027 = ORIENTED_EDGE('',*,*,#6998,.F.);
#7028 = PLANE('',#7029);
#7029 = AXIS2_PLACEMENT_3D('',#7030,#7031,#7032);
#7030 = CARTESIAN_POINT('',(151.32085117392,-173.9482681718,284.));
#7031 = DIRECTION('',(0.,0.,1.));
#7032 = DIRECTION('',(0.707106781187,-0.707106781187,0.));
#7033 = ( GEOMETRIC_REPRESENTATION_CONTEXT(3) 
GLOBAL_UNCERTAINTY_ASSIGNED_CONTEXT((#7037)) 
GLOBAL_UNIT_ASSIGNED_CONTEXT((#7034,#7035,#7036)) REPRESENTATION_CONTEXT
('Context #1','3D Context with UNIT and UNCERTAINTY') );
#7034 = ( LENGTH_UNIT() NAMED_UNIT(*) SI_UNIT(.MILLI.,.METRE.) );
#7035 = ( NAMED_UNIT(*) PLANE_ANGLE_UNIT() SI_UNIT($,.RADIAN.) );
#7036 = ( NAMED_UNIT(*) SI_UNIT($,.STERADIAN.) SOLID_ANGLE_UNIT() );
#7037 = UNCERTAINTY_MEASURE_WITH_UNIT(LENGTH_MEASURE(1.E-07),#7034,
  'distance_accuracy_value','confusion accuracy');
#7038 = CONTEXT_DEPENDENT_SHAPE_REPRESENTATION(#7039,#7041);
#7039 = ( REPRESENTATION_RELATIONSHIP('','',#6882,#10) 
REPRESENTATION_RELATIONSHIP_WITH_TRANSFORMATION(#7040) 
SHAPE_REPRESENTATION_RELATIONSHIP() );
#7040 = ITEM_DEFINED_TRANSFORMATION('','',#11,#111);
#7041 = PRODUCT_DEFINITION_SHAPE('Placement','Placement of an item',
  #7042);
#7042 = NEXT_ASSEMBLY_USAGE_OCCURRENCE('25','P25 Slot lintel 315','',#5,
  #6877,$);
#7043 = PRODUCT_RELATED_PRODUCT_CATEGORY('part',$,(#6879));
#7044 = SHAPE_DEFINITION_REPRESENTATION(#7045,#7051);
#7045 = PRODUCT_DEFINITION_SHAPE('','',#7046);
#7046 = PRODUCT_DEFINITION('design','',#7047,#7050);
#7047 = PRODUCT_DEFINITION_FORMATION('','',#7048);
#7048 = PRODUCT('P26 Foot shoe 315','P26 Foot shoe 315','',(#7049));
#7049 = PRODUCT_CONTEXT('',#2,'mechanical');
#7050 = PRODUCT_DEFINITION_CONTEXT('part definition',#2,'design');
#7051 = ADVANCED_BREP_SHAPE_REPRESENTATION('',(#11,#7052),#7202);
#7052 = MANIFOLD_SOLID_BREP('',#7053);
#7053 = CLOSED_SHELL('',(#7054,#7094,#7134,#7156,#7178,#7190));
#7054 = ADVANCED_FACE('',(#7055),#7089,.F.);
#7055 = FACE_BOUND('',#7056,.F.);
#7056 = EDGE_LOOP('',(#7057,#7067,#7075,#7083));
#7057 = ORIENTED_EDGE('',*,*,#7058,.F.);
#7058 = EDGE_CURVE('',#7059,#7061,#7063,.T.);
#7059 = VERTEX_POINT('',#7060);
#7060 = CARTESIAN_POINT('',(118.79393923934,-203.6467529817,0.));
#7061 = VERTEX_POINT('',#7062);
#7062 = CARTESIAN_POINT('',(118.79393923934,-203.6467529817,18.));
#7063 = LINE('',#7064,#7065);
#7064 = CARTESIAN_POINT('',(118.79393923934,-203.6467529817,0.));
#7065 = VECTOR('',#7066,1.);
#7066 = DIRECTION('',(0.,0.,1.));
#7067 = ORIENTED_EDGE('',*,*,#7068,.T.);
#7068 = EDGE_CURVE('',#7059,#7069,#7071,.T.);
#7069 = VERTEX_POINT('',#7070);
#7070 = CARTESIAN_POINT('',(203.64675298172,-118.7939392393,0.));
#7071 = LINE('',#7072,#7073);
#7072 = CARTESIAN_POINT('',(118.79393923934,-203.6467529817,0.));
#7073 = VECTOR('',#7074,1.);
#7074 = DIRECTION('',(0.707106781187,0.707106781187,0.));
#7075 = ORIENTED_EDGE('',*,*,#7076,.T.);
#7076 = EDGE_CURVE('',#7069,#7077,#7079,.T.);
#7077 = VERTEX_POINT('',#7078);
#7078 = CARTESIAN_POINT('',(203.64675298172,-118.7939392393,18.));
#7079 = LINE('',#7080,#7081);
#7080 = CARTESIAN_POINT('',(203.64675298172,-118.7939392393,0.));
#7081 = VECTOR('',#7082,1.);
#7082 = DIRECTION('',(0.,0.,1.));
#7083 = ORIENTED_EDGE('',*,*,#7084,.F.);
#7084 = EDGE_CURVE('',#7061,#7077,#7085,.T.);
#7085 = LINE('',#7086,#7087);
#7086 = CARTESIAN_POINT('',(118.79393923934,-203.6467529817,18.));
#7087 = VECTOR('',#7088,1.);
#7088 = DIRECTION('',(0.707106781187,0.707106781187,0.));
#7089 = PLANE('',#7090);
#7090 = AXIS2_PLACEMENT_3D('',#7091,#7092,#7093);
#7091 = CARTESIAN_POINT('',(118.79393923934,-203.6467529817,0.));
#7092 = DIRECTION('',(0.707106781187,-0.707106781187,0.));
#7093 = DIRECTION('',(0.,0.,1.));
#7094 = ADVANCED_FACE('',(#7095),#7129,.T.);
#7095 = FACE_BOUND('',#7096,.T.);
#7096 = EDGE_LOOP('',(#7097,#7107,#7115,#7123));
#7097 = ORIENTED_EDGE('',*,*,#7098,.F.);
#7098 = EDGE_CURVE('',#7099,#7101,#7103,.T.);
#7099 = VERTEX_POINT('',#7100);
#7100 = CARTESIAN_POINT('',(135.76450198781,-220.6173157302,0.));
#7101 = VERTEX_POINT('',#7102);
#7102 = CARTESIAN_POINT('',(135.76450198781,-220.6173157302,18.));
#7103 = LINE('',#7104,#7105);
#7104 = CARTESIAN_POINT('',(135.76450198781,-220.6173157302,0.));
#7105 = VECTOR('',#7106,1.);
#7106 = DIRECTION('',(0.,0.,1.));
#7107 = ORIENTED_EDGE('',*,*,#7108,.T.);
#7108 = EDGE_CURVE('',#7099,#7109,#7111,.T.);
#7109 = VERTEX_POINT('',#7110);
#7110 = CARTESIAN_POINT('',(220.6173157302,-135.7645019878,0.));
#7111 = LINE('',#7112,#7113);
#7112 = CARTESIAN_POINT('',(135.76450198781,-220.6173157302,0.));
#7113 = VECTOR('',#7114,1.);
#7114 = DIRECTION('',(0.707106781187,0.707106781187,0.));
#7115 = ORIENTED_EDGE('',*,*,#7116,.T.);
#7116 = EDGE_CURVE('',#7109,#7117,#7119,.T.);
#7117 = VERTEX_POINT('',#7118);
#7118 = CARTESIAN_POINT('',(220.6173157302,-135.7645019878,18.));
#7119 = LINE('',#7120,#7121);
#7120 = CARTESIAN_POINT('',(220.6173157302,-135.7645019878,0.));
#7121 = VECTOR('',#7122,1.);
#7122 = DIRECTION('',(0.,0.,1.));
#7123 = ORIENTED_EDGE('',*,*,#7124,.F.);
#7124 = EDGE_CURVE('',#7101,#7117,#7125,.T.);
#7125 = LINE('',#7126,#7127);
#7126 = CARTESIAN_POINT('',(135.76450198781,-220.6173157302,18.));
#7127 = VECTOR('',#7128,1.);
#7128 = DIRECTION('',(0.707106781187,0.707106781187,0.));
#7129 = PLANE('',#7130);
#7130 = AXIS2_PLACEMENT_3D('',#7131,#7132,#7133);
#7131 = CARTESIAN_POINT('',(135.76450198781,-220.6173157302,0.));
#7132 = DIRECTION('',(0.707106781187,-0.707106781187,0.));
#7133 = DIRECTION('',(0.,0.,1.));
#7134 = ADVANCED_FACE('',(#7135),#7151,.F.);
#7135 = FACE_BOUND('',#7136,.F.);
#7136 = EDGE_LOOP('',(#7137,#7143,#7144,#7150));
#7137 = ORIENTED_EDGE('',*,*,#7138,.F.);
#7138 = EDGE_CURVE('',#7059,#7099,#7139,.T.);
#7139 = LINE('',#7140,#7141);
#7140 = CARTESIAN_POINT('',(118.79393923934,-203.6467529817,0.));
#7141 = VECTOR('',#7142,1.);
#7142 = DIRECTION('',(0.707106781187,-0.707106781187,0.));
#7143 = ORIENTED_EDGE('',*,*,#7058,.T.);
#7144 = ORIENTED_EDGE('',*,*,#7145,.T.);
#7145 = EDGE_CURVE('',#7061,#7101,#7146,.T.);
#7146 = LINE('',#7147,#7148);
#7147 = CARTESIAN_POINT('',(118.79393923934,-203.6467529817,18.));
#7148 = VECTOR('',#7149,1.);
#7149 = DIRECTION('',(0.707106781187,-0.707106781187,0.));
#7150 = ORIENTED_EDGE('',*,*,#7098,.F.);
#7151 = PLANE('',#7152);
#7152 = AXIS2_PLACEMENT_3D('',#7153,#7154,#7155);
#7153 = CARTESIAN_POINT('',(118.79393923934,-203.6467529817,0.));
#7154 = DIRECTION('',(0.707106781187,0.707106781187,0.));
#7155 = DIRECTION('',(0.,0.,1.));
#7156 = ADVANCED_FACE('',(#7157),#7173,.T.);
#7157 = FACE_BOUND('',#7158,.T.);
#7158 = EDGE_LOOP('',(#7159,#7165,#7166,#7172));
#7159 = ORIENTED_EDGE('',*,*,#7160,.F.);
#7160 = EDGE_CURVE('',#7069,#7109,#7161,.T.);
#7161 = LINE('',#7162,#7163);
#7162 = CARTESIAN_POINT('',(203.64675298172,-118.7939392393,0.));
#7163 = VECTOR('',#7164,1.);
#7164 = DIRECTION('',(0.707106781187,-0.707106781187,0.));
#7165 = ORIENTED_EDGE('',*,*,#7076,.T.);
#7166 = ORIENTED_EDGE('',*,*,#7167,.T.);
#7167 = EDGE_CURVE('',#7077,#7117,#7168,.T.);
#7168 = LINE('',#7169,#7170);
#7169 = CARTESIAN_POINT('',(203.64675298172,-118.7939392393,18.));
#7170 = VECTOR('',#7171,1.);
#7171 = DIRECTION('',(0.707106781187,-0.707106781187,0.));
#7172 = ORIENTED_EDGE('',*,*,#7116,.F.);
#7173 = PLANE('',#7174);
#7174 = AXIS2_PLACEMENT_3D('',#7175,#7176,#7177);
#7175 = CARTESIAN_POINT('',(203.64675298172,-118.7939392393,0.));
#7176 = DIRECTION('',(0.707106781187,0.707106781187,0.));
#7177 = DIRECTION('',(0.,0.,1.));
#7178 = ADVANCED_FACE('',(#7179),#7185,.F.);
#7179 = FACE_BOUND('',#7180,.F.);
#7180 = EDGE_LOOP('',(#7181,#7182,#7183,#7184));
#7181 = ORIENTED_EDGE('',*,*,#7068,.F.);
#7182 = ORIENTED_EDGE('',*,*,#7138,.T.);
#7183 = ORIENTED_EDGE('',*,*,#7108,.T.);
#7184 = ORIENTED_EDGE('',*,*,#7160,.F.);
#7185 = PLANE('',#7186);
#7186 = AXIS2_PLACEMENT_3D('',#7187,#7188,#7189);
#7187 = CARTESIAN_POINT('',(118.79393923934,-203.6467529817,0.));
#7188 = DIRECTION('',(0.,0.,1.));
#7189 = DIRECTION('',(0.707106781187,-0.707106781187,0.));
#7190 = ADVANCED_FACE('',(#7191),#7197,.T.);
#7191 = FACE_BOUND('',#7192,.T.);
#7192 = EDGE_LOOP('',(#7193,#7194,#7195,#7196));
#7193 = ORIENTED_EDGE('',*,*,#7084,.F.);
#7194 = ORIENTED_EDGE('',*,*,#7145,.T.);
#7195 = ORIENTED_EDGE('',*,*,#7124,.T.);
#7196 = ORIENTED_EDGE('',*,*,#7167,.F.);
#7197 = PLANE('',#7198);
#7198 = AXIS2_PLACEMENT_3D('',#7199,#7200,#7201);
#7199 = CARTESIAN_POINT('',(118.79393923934,-203.6467529817,18.));
#7200 = DIRECTION('',(0.,0.,1.));
#7201 = DIRECTION('',(0.707106781187,-0.707106781187,0.));
#7202 = ( GEOMETRIC_REPRESENTATION_CONTEXT(3) 
GLOBAL_UNCERTAINTY_ASSIGNED_CONTEXT((#7206)) 
GLOBAL_UNIT_ASSIGNED_CONTEXT((#7203,#7204,#7205)) REPRESENTATION_CONTEXT
('Context #1','3D Context with UNIT and UNCERTAINTY') );
#7203 = ( LENGTH_UNIT() NAMED_UNIT(*) SI_UNIT(.MILLI.,.METRE.) );
#7204 = ( NAMED_UNIT(*) PLANE_ANGLE_UNIT() SI_UNIT($,.RADIAN.) );
#7205 = ( NAMED_UNIT(*) SI_UNIT($,.STERADIAN.) SOLID_ANGLE_UNIT() );
#7206 = UNCERTAINTY_MEASURE_WITH_UNIT(LENGTH_MEASURE(1.E-07),#7203,
  'distance_accuracy_value','confusion accuracy');
#7207 = CONTEXT_DEPENDENT_SHAPE_REPRESENTATION(#7208,#7210);
#7208 = ( REPRESENTATION_RELATIONSHIP('','',#7051,#10) 
REPRESENTATION_RELATIONSHIP_WITH_TRANSFORMATION(#7209) 
SHAPE_REPRESENTATION_RELATIONSHIP() );
#7209 = ITEM_DEFINED_TRANSFORMATION('','',#11,#115);
#7210 = PRODUCT_DEFINITION_SHAPE('Placement','Placement of an item',
  #7211);
#7211 = NEXT_ASSEMBLY_USAGE_OCCURRENCE('26','P26 Foot shoe 315','',#5,
  #7046,$);
#7212 = PRODUCT_RELATED_PRODUCT_CATEGORY('part',$,(#7048));
#7213 = SHAPE_DEFINITION_REPRESENTATION(#7214,#7220);
#7214 = PRODUCT_DEFINITION_SHAPE('','',#7215);
#7215 = PRODUCT_DEFINITION('design','',#7216,#7219);
#7216 = PRODUCT_DEFINITION_FORMATION('','',#7217);
#7217 = PRODUCT('P27 X level 1 beam 1','P27 X level 1 beam 1','',(#7218)
  );
#7218 = PRODUCT_CONTEXT('',#2,'mechanical');
#7219 = PRODUCT_DEFINITION_CONTEXT('part definition',#2,'design');
#7220 = ADVANCED_BREP_SHAPE_REPRESENTATION('',(#11,#7221),#7581);
#7221 = MANIFOLD_SOLID_BREP('',#7222);
#7222 = CLOSED_SHELL('',(#7223,#7263,#7348,#7372,#7450,#7467,#7484,#7501
    ,#7518,#7535,#7547,#7564));
#7223 = ADVANCED_FACE('',(#7224),#7258,.F.);
#7224 = FACE_BOUND('',#7225,.F.);
#7225 = EDGE_LOOP('',(#7226,#7236,#7244,#7252));
#7226 = ORIENTED_EDGE('',*,*,#7227,.F.);
#7227 = EDGE_CURVE('',#7228,#7230,#7232,.T.);
#7228 = VERTEX_POINT('',#7229);
#7229 = CARTESIAN_POINT('',(-176.0695885154,-188.7975105768,266.));
#7230 = VERTEX_POINT('',#7231);
#7231 = CARTESIAN_POINT('',(-176.0695885154,-188.7975105768,280.));
#7232 = LINE('',#7233,#7234);
#7233 = CARTESIAN_POINT('',(-176.0695885154,-188.7975105768,266.));
#7234 = VECTOR('',#7235,1.);
#7235 = DIRECTION('',(0.,0.,1.));
#7236 = ORIENTED_EDGE('',*,*,#7237,.T.);
#7237 = EDGE_CURVE('',#7228,#7238,#7240,.T.);
#7238 = VERTEX_POINT('',#7239);
#7239 = CARTESIAN_POINT('',(-188.7975105768,-176.0695885154,266.));
#7240 = LINE('',#7241,#7242);
#7241 = CARTESIAN_POINT('',(-176.0695885154,-188.7975105768,266.));
#7242 = VECTOR('',#7243,1.);
#7243 = DIRECTION('',(-0.707106781187,0.707106781187,0.));
#7244 = ORIENTED_EDGE('',*,*,#7245,.T.);
#7245 = EDGE_CURVE('',#7238,#7246,#7248,.T.);
#7246 = VERTEX_POINT('',#7247);
#7247 = CARTESIAN_POINT('',(-188.7975105768,-176.0695885154,280.));
#7248 = LINE('',#7249,#7250);
#7249 = CARTESIAN_POINT('',(-188.7975105768,-176.0695885154,266.));
#7250 = VECTOR('',#7251,1.);
#7251 = DIRECTION('',(0.,0.,1.));
#7252 = ORIENTED_EDGE('',*,*,#7253,.F.);
#7253 = EDGE_CURVE('',#7230,#7246,#7254,.T.);
#7254 = LINE('',#7255,#7256);
#7255 = CARTESIAN_POINT('',(-176.0695885154,-188.7975105768,280.));
#7256 = VECTOR('',#7257,1.);
#7257 = DIRECTION('',(-0.707106781187,0.707106781187,0.));
#7258 = PLANE('',#7259);
#7259 = AXIS2_PLACEMENT_3D('',#7260,#7261,#7262);
#7260 = CARTESIAN_POINT('',(-176.0695885154,-188.7975105768,266.));
#7261 = DIRECTION('',(0.707106781187,0.707106781187,0.));
#7262 = DIRECTION('',(0.,0.,1.));
#7263 = ADVANCED_FACE('',(#7264,#7321,#7332),#7343,.F.);
#7264 = FACE_BOUND('',#7265,.F.);
#7265 = EDGE_LOOP('',(#7266,#7276,#7282,#7283,#7291,#7299,#7307,#7315));
#7266 = ORIENTED_EDGE('',*,*,#7267,.F.);
#7267 = EDGE_CURVE('',#7268,#7270,#7272,.T.);
#7268 = VERTEX_POINT('',#7269);
#7269 = CARTESIAN_POINT('',(188.7975105768,176.06958851545,266.));
#7270 = VERTEX_POINT('',#7271);
#7271 = CARTESIAN_POINT('',(188.7975105768,176.06958851545,280.));
#7272 = LINE('',#7273,#7274);
#7273 = CARTESIAN_POINT('',(188.7975105768,176.06958851545,266.));
#7274 = VECTOR('',#7275,1.);
#7275 = DIRECTION('',(0.,0.,1.));
#7276 = ORIENTED_EDGE('',*,*,#7277,.F.);
#7277 = EDGE_CURVE('',#7228,#7268,#7278,.T.);
#7278 = LINE('',#7279,#7280);
#7279 = CARTESIAN_POINT('',(-176.0695885154,-188.7975105768,266.));
#7280 = VECTOR('',#7281,1.);
#7281 = DIRECTION('',(0.707106781187,0.707106781187,0.));
#7282 = ORIENTED_EDGE('',*,*,#7227,.T.);
#7283 = ORIENTED_EDGE('',*,*,#7284,.T.);
#7284 = EDGE_CURVE('',#7230,#7285,#7287,.T.);
#7285 = VERTEX_POINT('',#7286);
#7286 = CARTESIAN_POINT('',(-5.551115123126E-16,-12.72792206135,280.));
#7287 = LINE('',#7288,#7289);
#7288 = CARTESIAN_POINT('',(-176.0695885154,-188.7975105768,280.));
#7289 = VECTOR('',#7290,1.);
#7290 = DIRECTION('',(0.707106781187,0.707106781187,0.));
#7291 = ORIENTED_EDGE('',*,*,#7292,.T.);
#7292 = EDGE_CURVE('',#7285,#7293,#7295,.T.);
#7293 = VERTEX_POINT('',#7294);
#7294 = CARTESIAN_POINT('',(-5.551115123126E-16,-12.72792206135,273.));
#7295 = LINE('',#7296,#7297);
#7296 = CARTESIAN_POINT('',(-5.551115123126E-16,-12.72792206135,269.5));
#7297 = VECTOR('',#7298,1.);
#7298 = DIRECTION('',(-0.,0.,-1.));
#7299 = ORIENTED_EDGE('',*,*,#7300,.T.);
#7300 = EDGE_CURVE('',#7293,#7301,#7303,.T.);
#7301 = VERTEX_POINT('',#7302);
#7302 = CARTESIAN_POINT('',(12.727922061358,-1.33226762955E-15,273.));
#7303 = LINE('',#7304,#7305);
#7304 = CARTESIAN_POINT('',(-88.03479425772,-100.762716319,273.));
#7305 = VECTOR('',#7306,1.);
#7306 = DIRECTION('',(0.707106781187,0.707106781187,0.));
#7307 = ORIENTED_EDGE('',*,*,#7308,.F.);
#7308 = EDGE_CURVE('',#7309,#7301,#7311,.T.);
#7309 = VERTEX_POINT('',#7310);
#7310 = CARTESIAN_POINT('',(12.727922061358,-1.33226762955E-15,280.));
#7311 = LINE('',#7312,#7313);
#7312 = CARTESIAN_POINT('',(12.727922061358,-1.33226762955E-15,269.5));
#7313 = VECTOR('',#7314,1.);
#7314 = DIRECTION('',(-0.,0.,-1.));
#7315 = ORIENTED_EDGE('',*,*,#7316,.T.);
#7316 = EDGE_CURVE('',#7309,#7270,#7317,.T.);
#7317 = LINE('',#7318,#7319);
#7318 = CARTESIAN_POINT('',(-176.0695885154,-188.7975105768,280.));
#7319 = VECTOR('',#7320,1.);
#7320 = DIRECTION('',(0.707106781187,0.707106781187,0.));
#7321 = FACE_BOUND('',#7322,.F.);
#7322 = EDGE_LOOP('',(#7323));
#7323 = ORIENTED_EDGE('',*,*,#7324,.F.);
#7324 = EDGE_CURVE('',#7325,#7325,#7327,.T.);
#7325 = VERTEX_POINT('',#7326);
#7326 = CARTESIAN_POINT('',(-163.341666454,-176.0695885154,276.));
#7327 = CIRCLE('',#7328,3.);
#7328 = AXIS2_PLACEMENT_3D('',#7329,#7330,#7331);
#7329 = CARTESIAN_POINT('',(-163.341666454,-176.0695885154,273.));
#7330 = DIRECTION('',(-0.707106781187,0.707106781187,0.));
#7331 = DIRECTION('',(0.,0.,1.));
#7332 = FACE_BOUND('',#7333,.F.);
#7333 = EDGE_LOOP('',(#7334));
#7334 = ORIENTED_EDGE('',*,*,#7335,.F.);
#7335 = EDGE_CURVE('',#7336,#7336,#7338,.T.);
#7336 = VERTEX_POINT('',#7337);
#7337 = CARTESIAN_POINT('',(176.06958851545,163.34166645409,276.));
#7338 = CIRCLE('',#7339,3.);
#7339 = AXIS2_PLACEMENT_3D('',#7340,#7341,#7342);
#7340 = CARTESIAN_POINT('',(176.06958851545,163.34166645409,273.));
#7341 = DIRECTION('',(-0.707106781187,0.707106781187,0.));
#7342 = DIRECTION('',(0.,0.,1.));
#7343 = PLANE('',#7344);
#7344 = AXIS2_PLACEMENT_3D('',#7345,#7346,#7347);
#7345 = CARTESIAN_POINT('',(-176.0695885154,-188.7975105768,266.));
#7346 = DIRECTION('',(-0.707106781187,0.707106781187,0.));
#7347 = DIRECTION('',(0.,0.,1.));
#7348 = ADVANCED_FACE('',(#7349),#7367,.T.);
#7349 = FACE_BOUND('',#7350,.T.);
#7350 = EDGE_LOOP('',(#7351,#7359,#7360,#7361));
#7351 = ORIENTED_EDGE('',*,*,#7352,.F.);
#7352 = EDGE_CURVE('',#7246,#7353,#7355,.T.);
#7353 = VERTEX_POINT('',#7354);
#7354 = CARTESIAN_POINT('',(-12.72792206135,1.33226762955E-15,280.));
#7355 = LINE('',#7356,#7357);
#7356 = CARTESIAN_POINT('',(-188.7975105768,-176.0695885154,280.));
#7357 = VECTOR('',#7358,1.);
#7358 = DIRECTION('',(0.707106781187,0.707106781187,0.));
#7359 = ORIENTED_EDGE('',*,*,#7253,.F.);
#7360 = ORIENTED_EDGE('',*,*,#7284,.T.);
#7361 = ORIENTED_EDGE('',*,*,#7362,.T.);
#7362 = EDGE_CURVE('',#7285,#7353,#7363,.T.);
#7363 = LINE('',#7364,#7365);
#7364 = CARTESIAN_POINT('',(0.707106781187,-13.43502884254,280.));
#7365 = VECTOR('',#7366,1.);
#7366 = DIRECTION('',(-0.707106781187,0.707106781187,0.));
#7367 = PLANE('',#7368);
#7368 = AXIS2_PLACEMENT_3D('',#7369,#7370,#7371);
#7369 = CARTESIAN_POINT('',(-176.0695885154,-188.7975105768,280.));
#7370 = DIRECTION('',(0.,0.,1.));
#7371 = DIRECTION('',(0.707106781187,0.707106781187,0.));
#7372 = ADVANCED_FACE('',(#7373,#7423,#7434),#7445,.T.);
#7373 = FACE_BOUND('',#7374,.T.);
#7374 = EDGE_LOOP('',(#7375,#7385,#7391,#7392,#7393,#7401,#7409,#7417));
#7375 = ORIENTED_EDGE('',*,*,#7376,.F.);
#7376 = EDGE_CURVE('',#7377,#7379,#7381,.T.);
#7377 = VERTEX_POINT('',#7378);
#7378 = CARTESIAN_POINT('',(176.06958851545,188.7975105768,266.));
#7379 = VERTEX_POINT('',#7380);
#7380 = CARTESIAN_POINT('',(176.06958851545,188.7975105768,280.));
#7381 = LINE('',#7382,#7383);
#7382 = CARTESIAN_POINT('',(176.06958851545,188.7975105768,266.));
#7383 = VECTOR('',#7384,1.);
#7384 = DIRECTION('',(0.,0.,1.));
#7385 = ORIENTED_EDGE('',*,*,#7386,.F.);
#7386 = EDGE_CURVE('',#7238,#7377,#7387,.T.);
#7387 = LINE('',#7388,#7389);
#7388 = CARTESIAN_POINT('',(-188.7975105768,-176.0695885154,266.));
#7389 = VECTOR('',#7390,1.);
#7390 = DIRECTION('',(0.707106781187,0.707106781187,0.));
#7391 = ORIENTED_EDGE('',*,*,#7245,.T.);
#7392 = ORIENTED_EDGE('',*,*,#7352,.T.);
#7393 = ORIENTED_EDGE('',*,*,#7394,.T.);
#7394 = EDGE_CURVE('',#7353,#7395,#7397,.T.);
#7395 = VERTEX_POINT('',#7396);
#7396 = CARTESIAN_POINT('',(-12.72792206135,1.33226762955E-15,273.));
#7397 = LINE('',#7398,#7399);
#7398 = CARTESIAN_POINT('',(-12.72792206135,1.33226762955E-15,269.5));
#7399 = VECTOR('',#7400,1.);
#7400 = DIRECTION('',(-0.,0.,-1.));
#7401 = ORIENTED_EDGE('',*,*,#7402,.T.);
#7402 = EDGE_CURVE('',#7395,#7403,#7405,.T.);
#7403 = VERTEX_POINT('',#7404);
#7404 = CARTESIAN_POINT('',(5.551115123126E-16,12.727922061358,273.));
#7405 = LINE('',#7406,#7407);
#7406 = CARTESIAN_POINT('',(-100.762716319,-88.03479425772,273.));
#7407 = VECTOR('',#7408,1.);
#7408 = DIRECTION('',(0.707106781187,0.707106781187,0.));
#7409 = ORIENTED_EDGE('',*,*,#7410,.F.);
#7410 = EDGE_CURVE('',#7411,#7403,#7413,.T.);
#7411 = VERTEX_POINT('',#7412);
#7412 = CARTESIAN_POINT('',(5.551115123126E-16,12.727922061358,280.));
#7413 = LINE('',#7414,#7415);
#7414 = CARTESIAN_POINT('',(5.551115123126E-16,12.727922061358,269.5));
#7415 = VECTOR('',#7416,1.);
#7416 = DIRECTION('',(-0.,0.,-1.));
#7417 = ORIENTED_EDGE('',*,*,#7418,.T.);
#7418 = EDGE_CURVE('',#7411,#7379,#7419,.T.);
#7419 = LINE('',#7420,#7421);
#7420 = CARTESIAN_POINT('',(-188.7975105768,-176.0695885154,280.));
#7421 = VECTOR('',#7422,1.);
#7422 = DIRECTION('',(0.707106781187,0.707106781187,0.));
#7423 = FACE_BOUND('',#7424,.T.);
#7424 = EDGE_LOOP('',(#7425));
#7425 = ORIENTED_EDGE('',*,*,#7426,.F.);
#7426 = EDGE_CURVE('',#7427,#7427,#7429,.T.);
#7427 = VERTEX_POINT('',#7428);
#7428 = CARTESIAN_POINT('',(-176.0695885154,-163.341666454,276.));
#7429 = CIRCLE('',#7430,3.);
#7430 = AXIS2_PLACEMENT_3D('',#7431,#7432,#7433);
#7431 = CARTESIAN_POINT('',(-176.0695885154,-163.341666454,273.));
#7432 = DIRECTION('',(-0.707106781187,0.707106781187,0.));
#7433 = DIRECTION('',(0.,0.,1.));
#7434 = FACE_BOUND('',#7435,.T.);
#7435 = EDGE_LOOP('',(#7436));
#7436 = ORIENTED_EDGE('',*,*,#7437,.F.);
#7437 = EDGE_CURVE('',#7438,#7438,#7440,.T.);
#7438 = VERTEX_POINT('',#7439);
#7439 = CARTESIAN_POINT('',(163.34166645409,176.06958851545,276.));
#7440 = CIRCLE('',#7441,3.);
#7441 = AXIS2_PLACEMENT_3D('',#7442,#7443,#7444);
#7442 = CARTESIAN_POINT('',(163.34166645409,176.06958851545,273.));
#7443 = DIRECTION('',(-0.707106781187,0.707106781187,0.));
#7444 = DIRECTION('',(0.,0.,1.));
#7445 = PLANE('',#7446);
#7446 = AXIS2_PLACEMENT_3D('',#7447,#7448,#7449);
#7447 = CARTESIAN_POINT('',(-188.7975105768,-176.0695885154,266.));
#7448 = DIRECTION('',(-0.707106781187,0.707106781187,0.));
#7449 = DIRECTION('',(0.,0.,1.));
#7450 = ADVANCED_FACE('',(#7451),#7462,.F.);
#7451 = FACE_BOUND('',#7452,.F.);
#7452 = EDGE_LOOP('',(#7453,#7454,#7455,#7461));
#7453 = ORIENTED_EDGE('',*,*,#7237,.F.);
#7454 = ORIENTED_EDGE('',*,*,#7277,.T.);
#7455 = ORIENTED_EDGE('',*,*,#7456,.T.);
#7456 = EDGE_CURVE('',#7268,#7377,#7457,.T.);
#7457 = LINE('',#7458,#7459);
#7458 = CARTESIAN_POINT('',(188.7975105768,176.06958851545,266.));
#7459 = VECTOR('',#7460,1.);
#7460 = DIRECTION('',(-0.707106781187,0.707106781187,0.));
#7461 = ORIENTED_EDGE('',*,*,#7386,.F.);
#7462 = PLANE('',#7463);
#7463 = AXIS2_PLACEMENT_3D('',#7464,#7465,#7466);
#7464 = CARTESIAN_POINT('',(-176.0695885154,-188.7975105768,266.));
#7465 = DIRECTION('',(0.,0.,1.));
#7466 = DIRECTION('',(0.707106781187,0.707106781187,0.));
#7467 = ADVANCED_FACE('',(#7468),#7479,.T.);
#7468 = FACE_BOUND('',#7469,.T.);
#7469 = EDGE_LOOP('',(#7470,#7471,#7472,#7473));
#7470 = ORIENTED_EDGE('',*,*,#7267,.F.);
#7471 = ORIENTED_EDGE('',*,*,#7456,.T.);
#7472 = ORIENTED_EDGE('',*,*,#7376,.T.);
#7473 = ORIENTED_EDGE('',*,*,#7474,.F.);
#7474 = EDGE_CURVE('',#7270,#7379,#7475,.T.);
#7475 = LINE('',#7476,#7477);
#7476 = CARTESIAN_POINT('',(188.7975105768,176.06958851545,280.));
#7477 = VECTOR('',#7478,1.);
#7478 = DIRECTION('',(-0.707106781187,0.707106781187,0.));
#7479 = PLANE('',#7480);
#7480 = AXIS2_PLACEMENT_3D('',#7481,#7482,#7483);
#7481 = CARTESIAN_POINT('',(188.7975105768,176.06958851545,266.));
#7482 = DIRECTION('',(0.707106781187,0.707106781187,0.));
#7483 = DIRECTION('',(0.,0.,1.));
#7484 = ADVANCED_FACE('',(#7485),#7496,.T.);
#7485 = FACE_BOUND('',#7486,.T.);
#7486 = EDGE_LOOP('',(#7487,#7488,#7494,#7495));
#7487 = ORIENTED_EDGE('',*,*,#7418,.F.);
#7488 = ORIENTED_EDGE('',*,*,#7489,.F.);
#7489 = EDGE_CURVE('',#7309,#7411,#7490,.T.);
#7490 = LINE('',#7491,#7492);
#7491 = CARTESIAN_POINT('',(13.435028842544,-0.707106781187,280.));
#7492 = VECTOR('',#7493,1.);
#7493 = DIRECTION('',(-0.707106781187,0.707106781187,0.));
#7494 = ORIENTED_EDGE('',*,*,#7316,.T.);
#7495 = ORIENTED_EDGE('',*,*,#7474,.T.);
#7496 = PLANE('',#7497);
#7497 = AXIS2_PLACEMENT_3D('',#7498,#7499,#7500);
#7498 = CARTESIAN_POINT('',(-176.0695885154,-188.7975105768,280.));
#7499 = DIRECTION('',(0.,0.,1.));
#7500 = DIRECTION('',(0.707106781187,0.707106781187,0.));
#7501 = ADVANCED_FACE('',(#7502),#7513,.F.);
#7502 = FACE_BOUND('',#7503,.F.);
#7503 = EDGE_LOOP('',(#7504,#7505,#7506,#7512));
#7504 = ORIENTED_EDGE('',*,*,#7489,.F.);
#7505 = ORIENTED_EDGE('',*,*,#7308,.T.);
#7506 = ORIENTED_EDGE('',*,*,#7507,.T.);
#7507 = EDGE_CURVE('',#7301,#7403,#7508,.T.);
#7508 = LINE('',#7509,#7510);
#7509 = CARTESIAN_POINT('',(13.435028842544,-0.707106781187,273.));
#7510 = VECTOR('',#7511,1.);
#7511 = DIRECTION('',(-0.707106781187,0.707106781187,0.));
#7512 = ORIENTED_EDGE('',*,*,#7410,.F.);
#7513 = PLANE('',#7514);
#7514 = AXIS2_PLACEMENT_3D('',#7515,#7516,#7517);
#7515 = CARTESIAN_POINT('',(13.435028842544,-0.707106781187,273.));
#7516 = DIRECTION('',(0.707106781187,0.707106781187,0.));
#7517 = DIRECTION('',(0.,0.,1.));
#7518 = ADVANCED_FACE('',(#7519),#7530,.T.);
#7519 = FACE_BOUND('',#7520,.T.);
#7520 = EDGE_LOOP('',(#7521,#7527,#7528,#7529));
#7521 = ORIENTED_EDGE('',*,*,#7522,.F.);
#7522 = EDGE_CURVE('',#7293,#7395,#7523,.T.);
#7523 = LINE('',#7524,#7525);
#7524 = CARTESIAN_POINT('',(0.707106781187,-13.43502884254,273.));
#7525 = VECTOR('',#7526,1.);
#7526 = DIRECTION('',(-0.707106781187,0.707106781187,0.));
#7527 = ORIENTED_EDGE('',*,*,#7300,.T.);
#7528 = ORIENTED_EDGE('',*,*,#7507,.T.);
#7529 = ORIENTED_EDGE('',*,*,#7402,.F.);
#7530 = PLANE('',#7531);
#7531 = AXIS2_PLACEMENT_3D('',#7532,#7533,#7534);
#7532 = CARTESIAN_POINT('',(0.707106781187,-13.43502884254,273.));
#7533 = DIRECTION('',(0.,0.,1.));
#7534 = DIRECTION('',(0.707106781187,0.707106781187,0.));
#7535 = ADVANCED_FACE('',(#7536),#7542,.T.);
#7536 = FACE_BOUND('',#7537,.T.);
#7537 = EDGE_LOOP('',(#7538,#7539,#7540,#7541));
#7538 = ORIENTED_EDGE('',*,*,#7362,.F.);
#7539 = ORIENTED_EDGE('',*,*,#7292,.T.);
#7540 = ORIENTED_EDGE('',*,*,#7522,.T.);
#7541 = ORIENTED_EDGE('',*,*,#7394,.F.);
#7542 = PLANE('',#7543);
#7543 = AXIS2_PLACEMENT_3D('',#7544,#7545,#7546);
#7544 = CARTESIAN_POINT('',(0.707106781187,-13.43502884254,273.));
#7545 = DIRECTION('',(0.707106781187,0.707106781187,0.));
#7546 = DIRECTION('',(0.,0.,1.));
#7547 = ADVANCED_FACE('',(#7548),#7559,.F.);
#7548 = FACE_BOUND('',#7549,.F.);
#7549 = EDGE_LOOP('',(#7550,#7551,#7557,#7558));
#7550 = ORIENTED_EDGE('',*,*,#7426,.F.);
#7551 = ORIENTED_EDGE('',*,*,#7552,.F.);
#7552 = EDGE_CURVE('',#7325,#7427,#7553,.T.);
#7553 = LINE('',#7554,#7555);
#7554 = CARTESIAN_POINT('',(-163.341666454,-176.0695885154,276.));
#7555 = VECTOR('',#7556,1.);
#7556 = DIRECTION('',(-0.707106781187,0.707106781187,0.));
#7557 = ORIENTED_EDGE('',*,*,#7324,.T.);
#7558 = ORIENTED_EDGE('',*,*,#7552,.T.);
#7559 = CYLINDRICAL_SURFACE('',#7560,3.);
#7560 = AXIS2_PLACEMENT_3D('',#7561,#7562,#7563);
#7561 = CARTESIAN_POINT('',(-163.341666454,-176.0695885154,273.));
#7562 = DIRECTION('',(-0.707106781187,0.707106781187,0.));
#7563 = DIRECTION('',(0.,0.,1.));
#7564 = ADVANCED_FACE('',(#7565),#7576,.F.);
#7565 = FACE_BOUND('',#7566,.F.);
#7566 = EDGE_LOOP('',(#7567,#7568,#7574,#7575));
#7567 = ORIENTED_EDGE('',*,*,#7437,.F.);
#7568 = ORIENTED_EDGE('',*,*,#7569,.F.);
#7569 = EDGE_CURVE('',#7336,#7438,#7570,.T.);
#7570 = LINE('',#7571,#7572);
#7571 = CARTESIAN_POINT('',(176.06958851545,163.34166645409,276.));
#7572 = VECTOR('',#7573,1.);
#7573 = DIRECTION('',(-0.707106781187,0.707106781187,0.));
#7574 = ORIENTED_EDGE('',*,*,#7335,.T.);
#7575 = ORIENTED_EDGE('',*,*,#7569,.T.);
#7576 = CYLINDRICAL_SURFACE('',#7577,3.);
#7577 = AXIS2_PLACEMENT_3D('',#7578,#7579,#7580);
#7578 = CARTESIAN_POINT('',(176.06958851545,163.34166645409,273.));
#7579 = DIRECTION('',(-0.707106781187,0.707106781187,0.));
#7580 = DIRECTION('',(0.,0.,1.));
#7581 = ( GEOMETRIC_REPRESENTATION_CONTEXT(3) 
GLOBAL_UNCERTAINTY_ASSIGNED_CONTEXT((#7585)) 
GLOBAL_UNIT_ASSIGNED_CONTEXT((#7582,#7583,#7584)) REPRESENTATION_CONTEXT
('Context #1','3D Context with UNIT and UNCERTAINTY') );
#7582 = ( LENGTH_UNIT() NAMED_UNIT(*) SI_UNIT(.MILLI.,.METRE.) );
#7583 = ( NAMED_UNIT(*) PLANE_ANGLE_UNIT() SI_UNIT($,.RADIAN.) );
#7584 = ( NAMED_UNIT(*) SI_UNIT($,.STERADIAN.) SOLID_ANGLE_UNIT() );
#7585 = UNCERTAINTY_MEASURE_WITH_UNIT(LENGTH_MEASURE(1.E-07),#7582,
  'distance_accuracy_value','confusion accuracy');
#7586 = CONTEXT_DEPENDENT_SHAPE_REPRESENTATION(#7587,#7589);
#7587 = ( REPRESENTATION_RELATIONSHIP('','',#7220,#10) 
REPRESENTATION_RELATIONSHIP_WITH_TRANSFORMATION(#7588) 
SHAPE_REPRESENTATION_RELATIONSHIP() );
#7588 = ITEM_DEFINED_TRANSFORMATION('','',#11,#119);
#7589 = PRODUCT_DEFINITION_SHAPE('Placement','Placement of an item',
  #7590);
#7590 = NEXT_ASSEMBLY_USAGE_OCCURRENCE('27','P27 X level 1 beam 1','',#5
  ,#7215,$);
#7591 = PRODUCT_RELATED_PRODUCT_CATEGORY('part',$,(#7217));
#7592 = SHAPE_DEFINITION_REPRESENTATION(#7593,#7599);
#7593 = PRODUCT_DEFINITION_SHAPE('','',#7594);
#7594 = PRODUCT_DEFINITION('design','',#7595,#7598);
#7595 = PRODUCT_DEFINITION_FORMATION('','',#7596);
#7596 = PRODUCT('P28 X level 1 beam 2','P28 X level 1 beam 2','',(#7597)
  );
#7597 = PRODUCT_CONTEXT('',#2,'mechanical');
#7598 = PRODUCT_DEFINITION_CONTEXT('part definition',#2,'design');
#7599 = ADVANCED_BREP_SHAPE_REPRESENTATION('',(#11,#7600),#7960);
#7600 = MANIFOLD_SOLID_BREP('',#7601);
#7601 = CLOSED_SHELL('',(#7602,#7642,#7727,#7751,#7829,#7846,#7863,#7880
    ,#7897,#7914,#7926,#7943));
#7602 = ADVANCED_FACE('',(#7603),#7637,.F.);
#7603 = FACE_BOUND('',#7604,.F.);
#7604 = EDGE_LOOP('',(#7605,#7615,#7623,#7631));
#7605 = ORIENTED_EDGE('',*,*,#7606,.F.);
#7606 = EDGE_CURVE('',#7607,#7609,#7611,.T.);
#7607 = VERTEX_POINT('',#7608);
#7608 = CARTESIAN_POINT('',(188.7975105768,-176.0695885154,266.));
#7609 = VERTEX_POINT('',#7610);
#7610 = CARTESIAN_POINT('',(188.7975105768,-176.0695885154,280.));
#7611 = LINE('',#7612,#7613);
#7612 = CARTESIAN_POINT('',(188.7975105768,-176.0695885154,266.));
#7613 = VECTOR('',#7614,1.);
#7614 = DIRECTION('',(0.,0.,1.));
#7615 = ORIENTED_EDGE('',*,*,#7616,.T.);
#7616 = EDGE_CURVE('',#7607,#7617,#7619,.T.);
#7617 = VERTEX_POINT('',#7618);
#7618 = CARTESIAN_POINT('',(176.06958851545,-188.7975105768,266.));
#7619 = LINE('',#7620,#7621);
#7620 = CARTESIAN_POINT('',(188.7975105768,-176.0695885154,266.));
#7621 = VECTOR('',#7622,1.);
#7622 = DIRECTION('',(-0.707106781187,-0.707106781187,0.));
#7623 = ORIENTED_EDGE('',*,*,#7624,.T.);
#7624 = EDGE_CURVE('',#7617,#7625,#7627,.T.);
#7625 = VERTEX_POINT('',#7626);
#7626 = CARTESIAN_POINT('',(176.06958851545,-188.7975105768,280.));
#7627 = LINE('',#7628,#7629);
#7628 = CARTESIAN_POINT('',(176.06958851545,-188.7975105768,266.));
#7629 = VECTOR('',#7630,1.);
#7630 = DIRECTION('',(0.,0.,1.));
#7631 = ORIENTED_EDGE('',*,*,#7632,.F.);
#7632 = EDGE_CURVE('',#7609,#7625,#7633,.T.);
#7633 = LINE('',#7634,#7635);
#7634 = CARTESIAN_POINT('',(188.7975105768,-176.0695885154,280.));
#7635 = VECTOR('',#7636,1.);
#7636 = DIRECTION('',(-0.707106781187,-0.707106781187,0.));
#7637 = PLANE('',#7638);
#7638 = AXIS2_PLACEMENT_3D('',#7639,#7640,#7641);
#7639 = CARTESIAN_POINT('',(188.7975105768,-176.0695885154,266.));
#7640 = DIRECTION('',(-0.707106781187,0.707106781187,0.));
#7641 = DIRECTION('',(0.,0.,1.));
#7642 = ADVANCED_FACE('',(#7643,#7700,#7711),#7722,.F.);
#7643 = FACE_BOUND('',#7644,.F.);
#7644 = EDGE_LOOP('',(#7645,#7653,#7654,#7662,#7670,#7678,#7686,#7694));
#7645 = ORIENTED_EDGE('',*,*,#7646,.F.);
#7646 = EDGE_CURVE('',#7607,#7647,#7649,.T.);
#7647 = VERTEX_POINT('',#7648);
#7648 = CARTESIAN_POINT('',(12.727922061358,-5.551115123126E-16,266.));
#7649 = LINE('',#7650,#7651);
#7650 = CARTESIAN_POINT('',(188.7975105768,-176.0695885154,266.));
#7651 = VECTOR('',#7652,1.);
#7652 = DIRECTION('',(-0.707106781187,0.707106781187,0.));
#7653 = ORIENTED_EDGE('',*,*,#7606,.T.);
#7654 = ORIENTED_EDGE('',*,*,#7655,.T.);
#7655 = EDGE_CURVE('',#7609,#7656,#7658,.T.);
#7656 = VERTEX_POINT('',#7657);
#7657 = CARTESIAN_POINT('',(-176.0695885154,188.7975105768,280.));
#7658 = LINE('',#7659,#7660);
#7659 = CARTESIAN_POINT('',(188.7975105768,-176.0695885154,280.));
#7660 = VECTOR('',#7661,1.);
#7661 = DIRECTION('',(-0.707106781187,0.707106781187,0.));
#7662 = ORIENTED_EDGE('',*,*,#7663,.F.);
#7663 = EDGE_CURVE('',#7664,#7656,#7666,.T.);
#7664 = VERTEX_POINT('',#7665);
#7665 = CARTESIAN_POINT('',(-176.0695885154,188.7975105768,266.));
#7666 = LINE('',#7667,#7668);
#7667 = CARTESIAN_POINT('',(-176.0695885154,188.7975105768,266.));
#7668 = VECTOR('',#7669,1.);
#7669 = DIRECTION('',(0.,0.,1.));
#7670 = ORIENTED_EDGE('',*,*,#7671,.F.);
#7671 = EDGE_CURVE('',#7672,#7664,#7674,.T.);
#7672 = VERTEX_POINT('',#7673);
#7673 = CARTESIAN_POINT('',(1.33226762955E-15,12.727922061358,266.));
#7674 = LINE('',#7675,#7676);
#7675 = CARTESIAN_POINT('',(188.7975105768,-176.0695885154,266.));
#7676 = VECTOR('',#7677,1.);
#7677 = DIRECTION('',(-0.707106781187,0.707106781187,0.));
#7678 = ORIENTED_EDGE('',*,*,#7679,.F.);
#7679 = EDGE_CURVE('',#7680,#7672,#7682,.T.);
#7680 = VERTEX_POINT('',#7681);
#7681 = CARTESIAN_POINT('',(1.33226762955E-15,12.727922061358,273.));
#7682 = LINE('',#7683,#7684);
#7683 = CARTESIAN_POINT('',(1.33226762955E-15,12.727922061358,266.));
#7684 = VECTOR('',#7685,1.);
#7685 = DIRECTION('',(0.,-0.,-1.));
#7686 = ORIENTED_EDGE('',*,*,#7687,.F.);
#7687 = EDGE_CURVE('',#7688,#7680,#7690,.T.);
#7688 = VERTEX_POINT('',#7689);
#7689 = CARTESIAN_POINT('',(12.727922061358,-5.551115123126E-16,273.));
#7690 = LINE('',#7691,#7692);
#7691 = CARTESIAN_POINT('',(100.76271631908,-88.03479425772,273.));
#7692 = VECTOR('',#7693,1.);
#7693 = DIRECTION('',(-0.707106781187,0.707106781187,0.));
#7694 = ORIENTED_EDGE('',*,*,#7695,.T.);
#7695 = EDGE_CURVE('',#7688,#7647,#7696,.T.);
#7696 = LINE('',#7697,#7698);
#7697 = CARTESIAN_POINT('',(12.727922061358,-5.551115123126E-16,266.));
#7698 = VECTOR('',#7699,1.);
#7699 = DIRECTION('',(0.,-0.,-1.));
#7700 = FACE_BOUND('',#7701,.F.);
#7701 = EDGE_LOOP('',(#7702));
#7702 = ORIENTED_EDGE('',*,*,#7703,.F.);
#7703 = EDGE_CURVE('',#7704,#7704,#7706,.T.);
#7704 = VERTEX_POINT('',#7705);
#7705 = CARTESIAN_POINT('',(176.06958851545,-163.341666454,276.));
#7706 = CIRCLE('',#7707,3.);
#7707 = AXIS2_PLACEMENT_3D('',#7708,#7709,#7710);
#7708 = CARTESIAN_POINT('',(176.06958851545,-163.341666454,273.));
#7709 = DIRECTION('',(-0.707106781187,-0.707106781187,0.));
#7710 = DIRECTION('',(0.,0.,1.));
#7711 = FACE_BOUND('',#7712,.F.);
#7712 = EDGE_LOOP('',(#7713));
#7713 = ORIENTED_EDGE('',*,*,#7714,.F.);
#7714 = EDGE_CURVE('',#7715,#7715,#7717,.T.);
#7715 = VERTEX_POINT('',#7716);
#7716 = CARTESIAN_POINT('',(-163.341666454,176.06958851545,276.));
#7717 = CIRCLE('',#7718,3.);
#7718 = AXIS2_PLACEMENT_3D('',#7719,#7720,#7721);
#7719 = CARTESIAN_POINT('',(-163.341666454,176.06958851545,273.));
#7720 = DIRECTION('',(-0.707106781187,-0.707106781187,0.));
#7721 = DIRECTION('',(0.,0.,1.));
#7722 = PLANE('',#7723);
#7723 = AXIS2_PLACEMENT_3D('',#7724,#7725,#7726);
#7724 = CARTESIAN_POINT('',(188.7975105768,-176.0695885154,266.));
#7725 = DIRECTION('',(-0.707106781187,-0.707106781187,0.));
#7726 = DIRECTION('',(0.,0.,1.));
#7727 = ADVANCED_FACE('',(#7728),#7746,.T.);
#7728 = FACE_BOUND('',#7729,.T.);
#7729 = EDGE_LOOP('',(#7730,#7731,#7732,#7740));
#7730 = ORIENTED_EDGE('',*,*,#7632,.F.);
#7731 = ORIENTED_EDGE('',*,*,#7655,.T.);
#7732 = ORIENTED_EDGE('',*,*,#7733,.T.);
#7733 = EDGE_CURVE('',#7656,#7734,#7736,.T.);
#7734 = VERTEX_POINT('',#7735);
#7735 = CARTESIAN_POINT('',(-188.7975105768,176.06958851545,280.));
#7736 = LINE('',#7737,#7738);
#7737 = CARTESIAN_POINT('',(-176.0695885154,188.7975105768,280.));
#7738 = VECTOR('',#7739,1.);
#7739 = DIRECTION('',(-0.707106781187,-0.707106781187,0.));
#7740 = ORIENTED_EDGE('',*,*,#7741,.F.);
#7741 = EDGE_CURVE('',#7625,#7734,#7742,.T.);
#7742 = LINE('',#7743,#7744);
#7743 = CARTESIAN_POINT('',(176.06958851545,-188.7975105768,280.));
#7744 = VECTOR('',#7745,1.);
#7745 = DIRECTION('',(-0.707106781187,0.707106781187,0.));
#7746 = PLANE('',#7747);
#7747 = AXIS2_PLACEMENT_3D('',#7748,#7749,#7750);
#7748 = CARTESIAN_POINT('',(188.7975105768,-176.0695885154,280.));
#7749 = DIRECTION('',(0.,0.,1.));
#7750 = DIRECTION('',(-0.707106781187,0.707106781187,0.));
#7751 = ADVANCED_FACE('',(#7752,#7802,#7813),#7824,.T.);
#7752 = FACE_BOUND('',#7753,.T.);
#7753 = EDGE_LOOP('',(#7754,#7762,#7763,#7764,#7772,#7780,#7788,#7796));
#7754 = ORIENTED_EDGE('',*,*,#7755,.F.);
#7755 = EDGE_CURVE('',#7617,#7756,#7758,.T.);
#7756 = VERTEX_POINT('',#7757);
#7757 = CARTESIAN_POINT('',(-1.33226762955E-15,-12.72792206135,266.));
#7758 = LINE('',#7759,#7760);
#7759 = CARTESIAN_POINT('',(176.06958851545,-188.7975105768,266.));
#7760 = VECTOR('',#7761,1.);
#7761 = DIRECTION('',(-0.707106781187,0.707106781187,0.));
#7762 = ORIENTED_EDGE('',*,*,#7624,.T.);
#7763 = ORIENTED_EDGE('',*,*,#7741,.T.);
#7764 = ORIENTED_EDGE('',*,*,#7765,.F.);
#7765 = EDGE_CURVE('',#7766,#7734,#7768,.T.);
#7766 = VERTEX_POINT('',#7767);
#7767 = CARTESIAN_POINT('',(-188.7975105768,176.06958851545,266.));
#7768 = LINE('',#7769,#7770);
#7769 = CARTESIAN_POINT('',(-188.7975105768,176.06958851545,266.));
#7770 = VECTOR('',#7771,1.);
#7771 = DIRECTION('',(0.,0.,1.));
#7772 = ORIENTED_EDGE('',*,*,#7773,.F.);
#7773 = EDGE_CURVE('',#7774,#7766,#7776,.T.);
#7774 = VERTEX_POINT('',#7775);
#7775 = CARTESIAN_POINT('',(-12.72792206135,5.551115123126E-16,266.));
#7776 = LINE('',#7777,#7778);
#7777 = CARTESIAN_POINT('',(176.06958851545,-188.7975105768,266.));
#7778 = VECTOR('',#7779,1.);
#7779 = DIRECTION('',(-0.707106781187,0.707106781187,0.));
#7780 = ORIENTED_EDGE('',*,*,#7781,.F.);
#7781 = EDGE_CURVE('',#7782,#7774,#7784,.T.);
#7782 = VERTEX_POINT('',#7783);
#7783 = CARTESIAN_POINT('',(-12.72792206135,5.551115123126E-16,273.));
#7784 = LINE('',#7785,#7786);
#7785 = CARTESIAN_POINT('',(-12.72792206135,5.551115123126E-16,266.));
#7786 = VECTOR('',#7787,1.);
#7787 = DIRECTION('',(0.,-0.,-1.));
#7788 = ORIENTED_EDGE('',*,*,#7789,.F.);
#7789 = EDGE_CURVE('',#7790,#7782,#7792,.T.);
#7790 = VERTEX_POINT('',#7791);
#7791 = CARTESIAN_POINT('',(-1.33226762955E-15,-12.72792206135,273.));
#7792 = LINE('',#7793,#7794);
#7793 = CARTESIAN_POINT('',(88.034794257725,-100.762716319,273.));
#7794 = VECTOR('',#7795,1.);
#7795 = DIRECTION('',(-0.707106781187,0.707106781187,0.));
#7796 = ORIENTED_EDGE('',*,*,#7797,.T.);
#7797 = EDGE_CURVE('',#7790,#7756,#7798,.T.);
#7798 = LINE('',#7799,#7800);
#7799 = CARTESIAN_POINT('',(-1.33226762955E-15,-12.72792206135,266.));
#7800 = VECTOR('',#7801,1.);
#7801 = DIRECTION('',(0.,-0.,-1.));
#7802 = FACE_BOUND('',#7803,.T.);
#7803 = EDGE_LOOP('',(#7804));
#7804 = ORIENTED_EDGE('',*,*,#7805,.F.);
#7805 = EDGE_CURVE('',#7806,#7806,#7808,.T.);
#7806 = VERTEX_POINT('',#7807);
#7807 = CARTESIAN_POINT('',(163.34166645409,-176.0695885154,276.));
#7808 = CIRCLE('',#7809,3.);
#7809 = AXIS2_PLACEMENT_3D('',#7810,#7811,#7812);
#7810 = CARTESIAN_POINT('',(163.34166645409,-176.0695885154,273.));
#7811 = DIRECTION('',(-0.707106781187,-0.707106781187,0.));
#7812 = DIRECTION('',(0.,0.,1.));
#7813 = FACE_BOUND('',#7814,.T.);
#7814 = EDGE_LOOP('',(#7815));
#7815 = ORIENTED_EDGE('',*,*,#7816,.F.);
#7816 = EDGE_CURVE('',#7817,#7817,#7819,.T.);
#7817 = VERTEX_POINT('',#7818);
#7818 = CARTESIAN_POINT('',(-176.0695885154,163.34166645409,276.));
#7819 = CIRCLE('',#7820,3.);
#7820 = AXIS2_PLACEMENT_3D('',#7821,#7822,#7823);
#7821 = CARTESIAN_POINT('',(-176.0695885154,163.34166645409,273.));
#7822 = DIRECTION('',(-0.707106781187,-0.707106781187,0.));
#7823 = DIRECTION('',(0.,0.,1.));
#7824 = PLANE('',#7825);
#7825 = AXIS2_PLACEMENT_3D('',#7826,#7827,#7828);
#7826 = CARTESIAN_POINT('',(176.06958851545,-188.7975105768,266.));
#7827 = DIRECTION('',(-0.707106781187,-0.707106781187,0.));
#7828 = DIRECTION('',(0.,0.,1.));
#7829 = ADVANCED_FACE('',(#7830),#7841,.F.);
#7830 = FACE_BOUND('',#7831,.F.);
#7831 = EDGE_LOOP('',(#7832,#7833,#7834,#7835));
#7832 = ORIENTED_EDGE('',*,*,#7755,.F.);
#7833 = ORIENTED_EDGE('',*,*,#7616,.F.);
#7834 = ORIENTED_EDGE('',*,*,#7646,.T.);
#7835 = ORIENTED_EDGE('',*,*,#7836,.T.);
#7836 = EDGE_CURVE('',#7647,#7756,#7837,.T.);
#7837 = LINE('',#7838,#7839);
#7838 = CARTESIAN_POINT('',(13.435028842544,0.707106781187,266.));
#7839 = VECTOR('',#7840,1.);
#7840 = DIRECTION('',(-0.707106781187,-0.707106781187,0.));
#7841 = PLANE('',#7842);
#7842 = AXIS2_PLACEMENT_3D('',#7843,#7844,#7845);
#7843 = CARTESIAN_POINT('',(188.7975105768,-176.0695885154,266.));
#7844 = DIRECTION('',(0.,0.,1.));
#7845 = DIRECTION('',(-0.707106781187,0.707106781187,0.));
#7846 = ADVANCED_FACE('',(#7847),#7858,.T.);
#7847 = FACE_BOUND('',#7848,.T.);
#7848 = EDGE_LOOP('',(#7849,#7855,#7856,#7857));
#7849 = ORIENTED_EDGE('',*,*,#7850,.F.);
#7850 = EDGE_CURVE('',#7688,#7790,#7851,.T.);
#7851 = LINE('',#7852,#7853);
#7852 = CARTESIAN_POINT('',(13.435028842544,0.707106781187,273.));
#7853 = VECTOR('',#7854,1.);
#7854 = DIRECTION('',(-0.707106781187,-0.707106781187,0.));
#7855 = ORIENTED_EDGE('',*,*,#7695,.T.);
#7856 = ORIENTED_EDGE('',*,*,#7836,.T.);
#7857 = ORIENTED_EDGE('',*,*,#7797,.F.);
#7858 = PLANE('',#7859);
#7859 = AXIS2_PLACEMENT_3D('',#7860,#7861,#7862);
#7860 = CARTESIAN_POINT('',(13.435028842544,0.707106781187,266.));
#7861 = DIRECTION('',(-0.707106781187,0.707106781187,0.));
#7862 = DIRECTION('',(0.,0.,1.));
#7863 = ADVANCED_FACE('',(#7864),#7875,.F.);
#7864 = FACE_BOUND('',#7865,.F.);
#7865 = EDGE_LOOP('',(#7866,#7867,#7868,#7874));
#7866 = ORIENTED_EDGE('',*,*,#7850,.F.);
#7867 = ORIENTED_EDGE('',*,*,#7687,.T.);
#7868 = ORIENTED_EDGE('',*,*,#7869,.T.);
#7869 = EDGE_CURVE('',#7680,#7782,#7870,.T.);
#7870 = LINE('',#7871,#7872);
#7871 = CARTESIAN_POINT('',(0.707106781187,13.435028842544,273.));
#7872 = VECTOR('',#7873,1.);
#7873 = DIRECTION('',(-0.707106781187,-0.707106781187,0.));
#7874 = ORIENTED_EDGE('',*,*,#7789,.F.);
#7875 = PLANE('',#7876);
#7876 = AXIS2_PLACEMENT_3D('',#7877,#7878,#7879);
#7877 = CARTESIAN_POINT('',(13.435028842544,0.707106781187,273.));
#7878 = DIRECTION('',(0.,0.,1.));
#7879 = DIRECTION('',(-0.707106781187,0.707106781187,0.));
#7880 = ADVANCED_FACE('',(#7881),#7892,.T.);
#7881 = FACE_BOUND('',#7882,.T.);
#7882 = EDGE_LOOP('',(#7883,#7884,#7890,#7891));
#7883 = ORIENTED_EDGE('',*,*,#7663,.F.);
#7884 = ORIENTED_EDGE('',*,*,#7885,.T.);
#7885 = EDGE_CURVE('',#7664,#7766,#7886,.T.);
#7886 = LINE('',#7887,#7888);
#7887 = CARTESIAN_POINT('',(-176.0695885154,188.7975105768,266.));
#7888 = VECTOR('',#7889,1.);
#7889 = DIRECTION('',(-0.707106781187,-0.707106781187,0.));
#7890 = ORIENTED_EDGE('',*,*,#7765,.T.);
#7891 = ORIENTED_EDGE('',*,*,#7733,.F.);
#7892 = PLANE('',#7893);
#7893 = AXIS2_PLACEMENT_3D('',#7894,#7895,#7896);
#7894 = CARTESIAN_POINT('',(-176.0695885154,188.7975105768,266.));
#7895 = DIRECTION('',(-0.707106781187,0.707106781187,0.));
#7896 = DIRECTION('',(0.,0.,1.));
#7897 = ADVANCED_FACE('',(#7898),#7909,.F.);
#7898 = FACE_BOUND('',#7899,.F.);
#7899 = EDGE_LOOP('',(#7900,#7901,#7902,#7908));
#7900 = ORIENTED_EDGE('',*,*,#7869,.F.);
#7901 = ORIENTED_EDGE('',*,*,#7679,.T.);
#7902 = ORIENTED_EDGE('',*,*,#7903,.T.);
#7903 = EDGE_CURVE('',#7672,#7774,#7904,.T.);
#7904 = LINE('',#7905,#7906);
#7905 = CARTESIAN_POINT('',(0.707106781187,13.435028842544,266.));
#7906 = VECTOR('',#7907,1.);
#7907 = DIRECTION('',(-0.707106781187,-0.707106781187,0.));
#7908 = ORIENTED_EDGE('',*,*,#7781,.F.);
#7909 = PLANE('',#7910);
#7910 = AXIS2_PLACEMENT_3D('',#7911,#7912,#7913);
#7911 = CARTESIAN_POINT('',(0.707106781187,13.435028842544,266.));
#7912 = DIRECTION('',(-0.707106781187,0.707106781187,0.));
#7913 = DIRECTION('',(0.,0.,1.));
#7914 = ADVANCED_FACE('',(#7915),#7921,.F.);
#7915 = FACE_BOUND('',#7916,.F.);
#7916 = EDGE_LOOP('',(#7917,#7918,#7919,#7920));
#7917 = ORIENTED_EDGE('',*,*,#7773,.F.);
#7918 = ORIENTED_EDGE('',*,*,#7903,.F.);
#7919 = ORIENTED_EDGE('',*,*,#7671,.T.);
#7920 = ORIENTED_EDGE('',*,*,#7885,.T.);
#7921 = PLANE('',#7922);
#7922 = AXIS2_PLACEMENT_3D('',#7923,#7924,#7925);
#7923 = CARTESIAN_POINT('',(188.7975105768,-176.0695885154,266.));
#7924 = DIRECTION('',(0.,0.,1.));
#7925 = DIRECTION('',(-0.707106781187,0.707106781187,0.));
#7926 = ADVANCED_FACE('',(#7927),#7938,.F.);
#7927 = FACE_BOUND('',#7928,.F.);
#7928 = EDGE_LOOP('',(#7929,#7930,#7936,#7937));
#7929 = ORIENTED_EDGE('',*,*,#7805,.F.);
#7930 = ORIENTED_EDGE('',*,*,#7931,.F.);
#7931 = EDGE_CURVE('',#7704,#7806,#7932,.T.);
#7932 = LINE('',#7933,#7934);
#7933 = CARTESIAN_POINT('',(176.06958851545,-163.341666454,276.));
#7934 = VECTOR('',#7935,1.);
#7935 = DIRECTION('',(-0.707106781187,-0.707106781187,0.));
#7936 = ORIENTED_EDGE('',*,*,#7703,.T.);
#7937 = ORIENTED_EDGE('',*,*,#7931,.T.);
#7938 = CYLINDRICAL_SURFACE('',#7939,3.);
#7939 = AXIS2_PLACEMENT_3D('',#7940,#7941,#7942);
#7940 = CARTESIAN_POINT('',(176.06958851545,-163.341666454,273.));
#7941 = DIRECTION('',(-0.707106781187,-0.707106781187,0.));
#7942 = DIRECTION('',(0.,0.,1.));
#7943 = ADVANCED_FACE('',(#7944),#7955,.F.);
#7944 = FACE_BOUND('',#7945,.F.);
#7945 = EDGE_LOOP('',(#7946,#7947,#7953,#7954));
#7946 = ORIENTED_EDGE('',*,*,#7816,.F.);
#7947 = ORIENTED_EDGE('',*,*,#7948,.F.);
#7948 = EDGE_CURVE('',#7715,#7817,#7949,.T.);
#7949 = LINE('',#7950,#7951);
#7950 = CARTESIAN_POINT('',(-163.341666454,176.06958851545,276.));
#7951 = VECTOR('',#7952,1.);
#7952 = DIRECTION('',(-0.707106781187,-0.707106781187,0.));
#7953 = ORIENTED_EDGE('',*,*,#7714,.T.);
#7954 = ORIENTED_EDGE('',*,*,#7948,.T.);
#7955 = CYLINDRICAL_SURFACE('',#7956,3.);
#7956 = AXIS2_PLACEMENT_3D('',#7957,#7958,#7959);
#7957 = CARTESIAN_POINT('',(-163.341666454,176.06958851545,273.));
#7958 = DIRECTION('',(-0.707106781187,-0.707106781187,0.));
#7959 = DIRECTION('',(0.,0.,1.));
#7960 = ( GEOMETRIC_REPRESENTATION_CONTEXT(3) 
GLOBAL_UNCERTAINTY_ASSIGNED_CONTEXT((#7964)) 
GLOBAL_UNIT_ASSIGNED_CONTEXT((#7961,#7962,#7963)) REPRESENTATION_CONTEXT
('Context #1','3D Context with UNIT and UNCERTAINTY') );
#7961 = ( LENGTH_UNIT() NAMED_UNIT(*) SI_UNIT(.MILLI.,.METRE.) );
#7962 = ( NAMED_UNIT(*) PLANE_ANGLE_UNIT() SI_UNIT($,.RADIAN.) );
#7963 = ( NAMED_UNIT(*) SI_UNIT($,.STERADIAN.) SOLID_ANGLE_UNIT() );
#7964 = UNCERTAINTY_MEASURE_WITH_UNIT(LENGTH_MEASURE(1.E-07),#7961,
  'distance_accuracy_value','confusion accuracy');
#7965 = CONTEXT_DEPENDENT_SHAPE_REPRESENTATION(#7966,#7968);
#7966 = ( REPRESENTATION_RELATIONSHIP('','',#7599,#10) 
REPRESENTATION_RELATIONSHIP_WITH_TRANSFORMATION(#7967) 
SHAPE_REPRESENTATION_RELATIONSHIP() );
#7967 = ITEM_DEFINED_TRANSFORMATION('','',#11,#123);
#7968 = PRODUCT_DEFINITION_SHAPE('Placement','Placement of an item',
  #7969);
#7969 = NEXT_ASSEMBLY_USAGE_OCCURRENCE('28','P28 X level 1 beam 2','',#5
  ,#7594,$);
#7970 = PRODUCT_RELATED_PRODUCT_CATEGORY('part',$,(#7596));
#7971 = SHAPE_DEFINITION_REPRESENTATION(#7972,#7978);
#7972 = PRODUCT_DEFINITION_SHAPE('','',#7973);
#7973 = PRODUCT_DEFINITION('design','',#7974,#7977);
#7974 = PRODUCT_DEFINITION_FORMATION('','',#7975);
#7975 = PRODUCT('P29 X level 2 beam 1','P29 X level 2 beam 1','',(#7976)
  );
#7976 = PRODUCT_CONTEXT('',#2,'mechanical');
#7977 = PRODUCT_DEFINITION_CONTEXT('part definition',#2,'design');
#7978 = ADVANCED_BREP_SHAPE_REPRESENTATION('',(#11,#7979),#8339);
#7979 = MANIFOLD_SOLID_BREP('',#7980);
#7980 = CLOSED_SHELL('',(#7981,#8021,#8106,#8130,#8208,#8225,#8242,#8259
    ,#8276,#8293,#8305,#8322));
#7981 = ADVANCED_FACE('',(#7982),#8016,.F.);
#7982 = FACE_BOUND('',#7983,.F.);
#7983 = EDGE_LOOP('',(#7984,#7994,#8002,#8010));
#7984 = ORIENTED_EDGE('',*,*,#7985,.F.);
#7985 = EDGE_CURVE('',#7986,#7988,#7990,.T.);
#7986 = VERTEX_POINT('',#7987);
#7987 = CARTESIAN_POINT('',(-176.0695885154,-188.7975105768,238.));
#7988 = VERTEX_POINT('',#7989);
#7989 = CARTESIAN_POINT('',(-176.0695885154,-188.7975105768,252.));
#7990 = LINE('',#7991,#7992);
#7991 = CARTESIAN_POINT('',(-176.0695885154,-188.7975105768,238.));
#7992 = VECTOR('',#7993,1.);
#7993 = DIRECTION('',(0.,0.,1.));
#7994 = ORIENTED_EDGE('',*,*,#7995,.T.);
#7995 = EDGE_CURVE('',#7986,#7996,#7998,.T.);
#7996 = VERTEX_POINT('',#7997);
#7997 = CARTESIAN_POINT('',(-188.7975105768,-176.0695885154,238.));
#7998 = LINE('',#7999,#8000);
#7999 = CARTESIAN_POINT('',(-176.0695885154,-188.7975105768,238.));
#8000 = VECTOR('',#8001,1.);
#8001 = DIRECTION('',(-0.707106781187,0.707106781187,0.));
#8002 = ORIENTED_EDGE('',*,*,#8003,.T.);
#8003 = EDGE_CURVE('',#7996,#8004,#8006,.T.);
#8004 = VERTEX_POINT('',#8005);
#8005 = CARTESIAN_POINT('',(-188.7975105768,-176.0695885154,252.));
#8006 = LINE('',#8007,#8008);
#8007 = CARTESIAN_POINT('',(-188.7975105768,-176.0695885154,238.));
#8008 = VECTOR('',#8009,1.);
#8009 = DIRECTION('',(0.,0.,1.));
#8010 = ORIENTED_EDGE('',*,*,#8011,.F.);
#8011 = EDGE_CURVE('',#7988,#8004,#8012,.T.);
#8012 = LINE('',#8013,#8014);
#8013 = CARTESIAN_POINT('',(-176.0695885154,-188.7975105768,252.));
#8014 = VECTOR('',#8015,1.);
#8015 = DIRECTION('',(-0.707106781187,0.707106781187,0.));
#8016 = PLANE('',#8017);
#8017 = AXIS2_PLACEMENT_3D('',#8018,#8019,#8020);
#8018 = CARTESIAN_POINT('',(-176.0695885154,-188.7975105768,238.));
#8019 = DIRECTION('',(0.707106781187,0.707106781187,0.));
#8020 = DIRECTION('',(0.,0.,1.));
#8021 = ADVANCED_FACE('',(#8022,#8079,#8090),#8101,.F.);
#8022 = FACE_BOUND('',#8023,.F.);
#8023 = EDGE_LOOP('',(#8024,#8034,#8040,#8041,#8049,#8057,#8065,#8073));
#8024 = ORIENTED_EDGE('',*,*,#8025,.F.);
#8025 = EDGE_CURVE('',#8026,#8028,#8030,.T.);
#8026 = VERTEX_POINT('',#8027);
#8027 = CARTESIAN_POINT('',(188.7975105768,176.06958851545,238.));
#8028 = VERTEX_POINT('',#8029);
#8029 = CARTESIAN_POINT('',(188.7975105768,176.06958851545,252.));
#8030 = LINE('',#8031,#8032);
#8031 = CARTESIAN_POINT('',(188.7975105768,176.06958851545,238.));
#8032 = VECTOR('',#8033,1.);
#8033 = DIRECTION('',(0.,0.,1.));
#8034 = ORIENTED_EDGE('',*,*,#8035,.F.);
#8035 = EDGE_CURVE('',#7986,#8026,#8036,.T.);
#8036 = LINE('',#8037,#8038);
#8037 = CARTESIAN_POINT('',(-176.0695885154,-188.7975105768,238.));
#8038 = VECTOR('',#8039,1.);
#8039 = DIRECTION('',(0.707106781187,0.707106781187,0.));
#8040 = ORIENTED_EDGE('',*,*,#7985,.T.);
#8041 = ORIENTED_EDGE('',*,*,#8042,.T.);
#8042 = EDGE_CURVE('',#7988,#8043,#8045,.T.);
#8043 = VERTEX_POINT('',#8044);
#8044 = CARTESIAN_POINT('',(-5.551115123126E-16,-12.72792206135,252.));
#8045 = LINE('',#8046,#8047);
#8046 = CARTESIAN_POINT('',(-176.0695885154,-188.7975105768,252.));
#8047 = VECTOR('',#8048,1.);
#8048 = DIRECTION('',(0.707106781187,0.707106781187,0.));
#8049 = ORIENTED_EDGE('',*,*,#8050,.T.);
#8050 = EDGE_CURVE('',#8043,#8051,#8053,.T.);
#8051 = VERTEX_POINT('',#8052);
#8052 = CARTESIAN_POINT('',(-5.551115123126E-16,-12.72792206135,245.));
#8053 = LINE('',#8054,#8055);
#8054 = CARTESIAN_POINT('',(-5.551115123126E-16,-12.72792206135,241.5));
#8055 = VECTOR('',#8056,1.);
#8056 = DIRECTION('',(-0.,0.,-1.));
#8057 = ORIENTED_EDGE('',*,*,#8058,.T.);
#8058 = EDGE_CURVE('',#8051,#8059,#8061,.T.);
#8059 = VERTEX_POINT('',#8060);
#8060 = CARTESIAN_POINT('',(12.727922061358,-1.33226762955E-15,245.));
#8061 = LINE('',#8062,#8063);
#8062 = CARTESIAN_POINT('',(-88.03479425772,-100.762716319,245.));
#8063 = VECTOR('',#8064,1.);
#8064 = DIRECTION('',(0.707106781187,0.707106781187,0.));
#8065 = ORIENTED_EDGE('',*,*,#8066,.F.);
#8066 = EDGE_CURVE('',#8067,#8059,#8069,.T.);
#8067 = VERTEX_POINT('',#8068);
#8068 = CARTESIAN_POINT('',(12.727922061358,-1.33226762955E-15,252.));
#8069 = LINE('',#8070,#8071);
#8070 = CARTESIAN_POINT('',(12.727922061358,-1.33226762955E-15,241.5));
#8071 = VECTOR('',#8072,1.);
#8072 = DIRECTION('',(-0.,0.,-1.));
#8073 = ORIENTED_EDGE('',*,*,#8074,.T.);
#8074 = EDGE_CURVE('',#8067,#8028,#8075,.T.);
#8075 = LINE('',#8076,#8077);
#8076 = CARTESIAN_POINT('',(-176.0695885154,-188.7975105768,252.));
#8077 = VECTOR('',#8078,1.);
#8078 = DIRECTION('',(0.707106781187,0.707106781187,0.));
#8079 = FACE_BOUND('',#8080,.F.);
#8080 = EDGE_LOOP('',(#8081));
#8081 = ORIENTED_EDGE('',*,*,#8082,.F.);
#8082 = EDGE_CURVE('',#8083,#8083,#8085,.T.);
#8083 = VERTEX_POINT('',#8084);
#8084 = CARTESIAN_POINT('',(-163.341666454,-176.0695885154,248.));
#8085 = CIRCLE('',#8086,3.);
#8086 = AXIS2_PLACEMENT_3D('',#8087,#8088,#8089);
#8087 = CARTESIAN_POINT('',(-163.341666454,-176.0695885154,245.));
#8088 = DIRECTION('',(-0.707106781187,0.707106781187,0.));
#8089 = DIRECTION('',(0.,0.,1.));
#8090 = FACE_BOUND('',#8091,.F.);
#8091 = EDGE_LOOP('',(#8092));
#8092 = ORIENTED_EDGE('',*,*,#8093,.F.);
#8093 = EDGE_CURVE('',#8094,#8094,#8096,.T.);
#8094 = VERTEX_POINT('',#8095);
#8095 = CARTESIAN_POINT('',(176.06958851545,163.34166645409,248.));
#8096 = CIRCLE('',#8097,3.);
#8097 = AXIS2_PLACEMENT_3D('',#8098,#8099,#8100);
#8098 = CARTESIAN_POINT('',(176.06958851545,163.34166645409,245.));
#8099 = DIRECTION('',(-0.707106781187,0.707106781187,0.));
#8100 = DIRECTION('',(0.,0.,1.));
#8101 = PLANE('',#8102);
#8102 = AXIS2_PLACEMENT_3D('',#8103,#8104,#8105);
#8103 = CARTESIAN_POINT('',(-176.0695885154,-188.7975105768,238.));
#8104 = DIRECTION('',(-0.707106781187,0.707106781187,0.));
#8105 = DIRECTION('',(0.,0.,1.));
#8106 = ADVANCED_FACE('',(#8107),#8125,.T.);
#8107 = FACE_BOUND('',#8108,.T.);
#8108 = EDGE_LOOP('',(#8109,#8117,#8118,#8119));
#8109 = ORIENTED_EDGE('',*,*,#8110,.F.);
#8110 = EDGE_CURVE('',#8004,#8111,#8113,.T.);
#8111 = VERTEX_POINT('',#8112);
#8112 = CARTESIAN_POINT('',(-12.72792206135,1.33226762955E-15,252.));
#8113 = LINE('',#8114,#8115);
#8114 = CARTESIAN_POINT('',(-188.7975105768,-176.0695885154,252.));
#8115 = VECTOR('',#8116,1.);
#8116 = DIRECTION('',(0.707106781187,0.707106781187,0.));
#8117 = ORIENTED_EDGE('',*,*,#8011,.F.);
#8118 = ORIENTED_EDGE('',*,*,#8042,.T.);
#8119 = ORIENTED_EDGE('',*,*,#8120,.T.);
#8120 = EDGE_CURVE('',#8043,#8111,#8121,.T.);
#8121 = LINE('',#8122,#8123);
#8122 = CARTESIAN_POINT('',(0.707106781187,-13.43502884254,252.));
#8123 = VECTOR('',#8124,1.);
#8124 = DIRECTION('',(-0.707106781187,0.707106781187,0.));
#8125 = PLANE('',#8126);
#8126 = AXIS2_PLACEMENT_3D('',#8127,#8128,#8129);
#8127 = CARTESIAN_POINT('',(-176.0695885154,-188.7975105768,252.));
#8128 = DIRECTION('',(0.,0.,1.));
#8129 = DIRECTION('',(0.707106781187,0.707106781187,0.));
#8130 = ADVANCED_FACE('',(#8131,#8181,#8192),#8203,.T.);
#8131 = FACE_BOUND('',#8132,.T.);
#8132 = EDGE_LOOP('',(#8133,#8143,#8149,#8150,#8151,#8159,#8167,#8175));
#8133 = ORIENTED_EDGE('',*,*,#8134,.F.);
#8134 = EDGE_CURVE('',#8135,#8137,#8139,.T.);
#8135 = VERTEX_POINT('',#8136);
#8136 = CARTESIAN_POINT('',(176.06958851545,188.7975105768,238.));
#8137 = VERTEX_POINT('',#8138);
#8138 = CARTESIAN_POINT('',(176.06958851545,188.7975105768,252.));
#8139 = LINE('',#8140,#8141);
#8140 = CARTESIAN_POINT('',(176.06958851545,188.7975105768,238.));
#8141 = VECTOR('',#8142,1.);
#8142 = DIRECTION('',(0.,0.,1.));
#8143 = ORIENTED_EDGE('',*,*,#8144,.F.);
#8144 = EDGE_CURVE('',#7996,#8135,#8145,.T.);
#8145 = LINE('',#8146,#8147);
#8146 = CARTESIAN_POINT('',(-188.7975105768,-176.0695885154,238.));
#8147 = VECTOR('',#8148,1.);
#8148 = DIRECTION('',(0.707106781187,0.707106781187,0.));
#8149 = ORIENTED_EDGE('',*,*,#8003,.T.);
#8150 = ORIENTED_EDGE('',*,*,#8110,.T.);
#8151 = ORIENTED_EDGE('',*,*,#8152,.T.);
#8152 = EDGE_CURVE('',#8111,#8153,#8155,.T.);
#8153 = VERTEX_POINT('',#8154);
#8154 = CARTESIAN_POINT('',(-12.72792206135,1.33226762955E-15,245.));
#8155 = LINE('',#8156,#8157);
#8156 = CARTESIAN_POINT('',(-12.72792206135,1.33226762955E-15,241.5));
#8157 = VECTOR('',#8158,1.);
#8158 = DIRECTION('',(-0.,0.,-1.));
#8159 = ORIENTED_EDGE('',*,*,#8160,.T.);
#8160 = EDGE_CURVE('',#8153,#8161,#8163,.T.);
#8161 = VERTEX_POINT('',#8162);
#8162 = CARTESIAN_POINT('',(5.551115123126E-16,12.727922061358,245.));
#8163 = LINE('',#8164,#8165);
#8164 = CARTESIAN_POINT('',(-100.762716319,-88.03479425772,245.));
#8165 = VECTOR('',#8166,1.);
#8166 = DIRECTION('',(0.707106781187,0.707106781187,0.));
#8167 = ORIENTED_EDGE('',*,*,#8168,.F.);
#8168 = EDGE_CURVE('',#8169,#8161,#8171,.T.);
#8169 = VERTEX_POINT('',#8170);
#8170 = CARTESIAN_POINT('',(5.551115123126E-16,12.727922061358,252.));
#8171 = LINE('',#8172,#8173);
#8172 = CARTESIAN_POINT('',(5.551115123126E-16,12.727922061358,241.5));
#8173 = VECTOR('',#8174,1.);
#8174 = DIRECTION('',(-0.,0.,-1.));
#8175 = ORIENTED_EDGE('',*,*,#8176,.T.);
#8176 = EDGE_CURVE('',#8169,#8137,#8177,.T.);
#8177 = LINE('',#8178,#8179);
#8178 = CARTESIAN_POINT('',(-188.7975105768,-176.0695885154,252.));
#8179 = VECTOR('',#8180,1.);
#8180 = DIRECTION('',(0.707106781187,0.707106781187,0.));
#8181 = FACE_BOUND('',#8182,.T.);
#8182 = EDGE_LOOP('',(#8183));
#8183 = ORIENTED_EDGE('',*,*,#8184,.F.);
#8184 = EDGE_CURVE('',#8185,#8185,#8187,.T.);
#8185 = VERTEX_POINT('',#8186);
#8186 = CARTESIAN_POINT('',(-176.0695885154,-163.341666454,248.));
#8187 = CIRCLE('',#8188,3.);
#8188 = AXIS2_PLACEMENT_3D('',#8189,#8190,#8191);
#8189 = CARTESIAN_POINT('',(-176.0695885154,-163.341666454,245.));
#8190 = DIRECTION('',(-0.707106781187,0.707106781187,0.));
#8191 = DIRECTION('',(0.,0.,1.));
#8192 = FACE_BOUND('',#8193,.T.);
#8193 = EDGE_LOOP('',(#8194));
#8194 = ORIENTED_EDGE('',*,*,#8195,.F.);
#8195 = EDGE_CURVE('',#8196,#8196,#8198,.T.);
#8196 = VERTEX_POINT('',#8197);
#8197 = CARTESIAN_POINT('',(163.34166645409,176.06958851545,248.));
#8198 = CIRCLE('',#8199,3.);
#8199 = AXIS2_PLACEMENT_3D('',#8200,#8201,#8202);
#8200 = CARTESIAN_POINT('',(163.34166645409,176.06958851545,245.));
#8201 = DIRECTION('',(-0.707106781187,0.707106781187,0.));
#8202 = DIRECTION('',(0.,0.,1.));
#8203 = PLANE('',#8204);
#8204 = AXIS2_PLACEMENT_3D('',#8205,#8206,#8207);
#8205 = CARTESIAN_POINT('',(-188.7975105768,-176.0695885154,238.));
#8206 = DIRECTION('',(-0.707106781187,0.707106781187,0.));
#8207 = DIRECTION('',(0.,0.,1.));
#8208 = ADVANCED_FACE('',(#8209),#8220,.F.);
#8209 = FACE_BOUND('',#8210,.F.);
#8210 = EDGE_LOOP('',(#8211,#8212,#8213,#8219));
#8211 = ORIENTED_EDGE('',*,*,#7995,.F.);
#8212 = ORIENTED_EDGE('',*,*,#8035,.T.);
#8213 = ORIENTED_EDGE('',*,*,#8214,.T.);
#8214 = EDGE_CURVE('',#8026,#8135,#8215,.T.);
#8215 = LINE('',#8216,#8217);
#8216 = CARTESIAN_POINT('',(188.7975105768,176.06958851545,238.));
#8217 = VECTOR('',#8218,1.);
#8218 = DIRECTION('',(-0.707106781187,0.707106781187,0.));
#8219 = ORIENTED_EDGE('',*,*,#8144,.F.);
#8220 = PLANE('',#8221);
#8221 = AXIS2_PLACEMENT_3D('',#8222,#8223,#8224);
#8222 = CARTESIAN_POINT('',(-176.0695885154,-188.7975105768,238.));
#8223 = DIRECTION('',(0.,0.,1.));
#8224 = DIRECTION('',(0.707106781187,0.707106781187,0.));
#8225 = ADVANCED_FACE('',(#8226),#8237,.T.);
#8226 = FACE_BOUND('',#8227,.T.);
#8227 = EDGE_LOOP('',(#8228,#8229,#8230,#8231));
#8228 = ORIENTED_EDGE('',*,*,#8025,.F.);
#8229 = ORIENTED_EDGE('',*,*,#8214,.T.);
#8230 = ORIENTED_EDGE('',*,*,#8134,.T.);
#8231 = ORIENTED_EDGE('',*,*,#8232,.F.);
#8232 = EDGE_CURVE('',#8028,#8137,#8233,.T.);
#8233 = LINE('',#8234,#8235);
#8234 = CARTESIAN_POINT('',(188.7975105768,176.06958851545,252.));
#8235 = VECTOR('',#8236,1.);
#8236 = DIRECTION('',(-0.707106781187,0.707106781187,0.));
#8237 = PLANE('',#8238);
#8238 = AXIS2_PLACEMENT_3D('',#8239,#8240,#8241);
#8239 = CARTESIAN_POINT('',(188.7975105768,176.06958851545,238.));
#8240 = DIRECTION('',(0.707106781187,0.707106781187,0.));
#8241 = DIRECTION('',(0.,0.,1.));
#8242 = ADVANCED_FACE('',(#8243),#8254,.T.);
#8243 = FACE_BOUND('',#8244,.T.);
#8244 = EDGE_LOOP('',(#8245,#8246,#8252,#8253));
#8245 = ORIENTED_EDGE('',*,*,#8176,.F.);
#8246 = ORIENTED_EDGE('',*,*,#8247,.F.);
#8247 = EDGE_CURVE('',#8067,#8169,#8248,.T.);
#8248 = LINE('',#8249,#8250);
#8249 = CARTESIAN_POINT('',(13.435028842544,-0.707106781187,252.));
#8250 = VECTOR('',#8251,1.);
#8251 = DIRECTION('',(-0.707106781187,0.707106781187,0.));
#8252 = ORIENTED_EDGE('',*,*,#8074,.T.);
#8253 = ORIENTED_EDGE('',*,*,#8232,.T.);
#8254 = PLANE('',#8255);
#8255 = AXIS2_PLACEMENT_3D('',#8256,#8257,#8258);
#8256 = CARTESIAN_POINT('',(-176.0695885154,-188.7975105768,252.));
#8257 = DIRECTION('',(0.,0.,1.));
#8258 = DIRECTION('',(0.707106781187,0.707106781187,0.));
#8259 = ADVANCED_FACE('',(#8260),#8271,.F.);
#8260 = FACE_BOUND('',#8261,.F.);
#8261 = EDGE_LOOP('',(#8262,#8263,#8264,#8270));
#8262 = ORIENTED_EDGE('',*,*,#8247,.F.);
#8263 = ORIENTED_EDGE('',*,*,#8066,.T.);
#8264 = ORIENTED_EDGE('',*,*,#8265,.T.);
#8265 = EDGE_CURVE('',#8059,#8161,#8266,.T.);
#8266 = LINE('',#8267,#8268);
#8267 = CARTESIAN_POINT('',(13.435028842544,-0.707106781187,245.));
#8268 = VECTOR('',#8269,1.);
#8269 = DIRECTION('',(-0.707106781187,0.707106781187,0.));
#8270 = ORIENTED_EDGE('',*,*,#8168,.F.);
#8271 = PLANE('',#8272);
#8272 = AXIS2_PLACEMENT_3D('',#8273,#8274,#8275);
#8273 = CARTESIAN_POINT('',(13.435028842544,-0.707106781187,245.));
#8274 = DIRECTION('',(0.707106781187,0.707106781187,0.));
#8275 = DIRECTION('',(0.,0.,1.));
#8276 = ADVANCED_FACE('',(#8277),#8288,.T.);
#8277 = FACE_BOUND('',#8278,.T.);
#8278 = EDGE_LOOP('',(#8279,#8285,#8286,#8287));
#8279 = ORIENTED_EDGE('',*,*,#8280,.F.);
#8280 = EDGE_CURVE('',#8051,#8153,#8281,.T.);
#8281 = LINE('',#8282,#8283);
#8282 = CARTESIAN_POINT('',(0.707106781187,-13.43502884254,245.));
#8283 = VECTOR('',#8284,1.);
#8284 = DIRECTION('',(-0.707106781187,0.707106781187,0.));
#8285 = ORIENTED_EDGE('',*,*,#8058,.T.);
#8286 = ORIENTED_EDGE('',*,*,#8265,.T.);
#8287 = ORIENTED_EDGE('',*,*,#8160,.F.);
#8288 = PLANE('',#8289);
#8289 = AXIS2_PLACEMENT_3D('',#8290,#8291,#8292);
#8290 = CARTESIAN_POINT('',(0.707106781187,-13.43502884254,245.));
#8291 = DIRECTION('',(0.,0.,1.));
#8292 = DIRECTION('',(0.707106781187,0.707106781187,0.));
#8293 = ADVANCED_FACE('',(#8294),#8300,.T.);
#8294 = FACE_BOUND('',#8295,.T.);
#8295 = EDGE_LOOP('',(#8296,#8297,#8298,#8299));
#8296 = ORIENTED_EDGE('',*,*,#8120,.F.);
#8297 = ORIENTED_EDGE('',*,*,#8050,.T.);
#8298 = ORIENTED_EDGE('',*,*,#8280,.T.);
#8299 = ORIENTED_EDGE('',*,*,#8152,.F.);
#8300 = PLANE('',#8301);
#8301 = AXIS2_PLACEMENT_3D('',#8302,#8303,#8304);
#8302 = CARTESIAN_POINT('',(0.707106781187,-13.43502884254,245.));
#8303 = DIRECTION('',(0.707106781187,0.707106781187,0.));
#8304 = DIRECTION('',(0.,0.,1.));
#8305 = ADVANCED_FACE('',(#8306),#8317,.F.);
#8306 = FACE_BOUND('',#8307,.F.);
#8307 = EDGE_LOOP('',(#8308,#8309,#8315,#8316));
#8308 = ORIENTED_EDGE('',*,*,#8184,.F.);
#8309 = ORIENTED_EDGE('',*,*,#8310,.F.);
#8310 = EDGE_CURVE('',#8083,#8185,#8311,.T.);
#8311 = LINE('',#8312,#8313);
#8312 = CARTESIAN_POINT('',(-163.341666454,-176.0695885154,248.));
#8313 = VECTOR('',#8314,1.);
#8314 = DIRECTION('',(-0.707106781187,0.707106781187,0.));
#8315 = ORIENTED_EDGE('',*,*,#8082,.T.);
#8316 = ORIENTED_EDGE('',*,*,#8310,.T.);
#8317 = CYLINDRICAL_SURFACE('',#8318,3.);
#8318 = AXIS2_PLACEMENT_3D('',#8319,#8320,#8321);
#8319 = CARTESIAN_POINT('',(-163.341666454,-176.0695885154,245.));
#8320 = DIRECTION('',(-0.707106781187,0.707106781187,0.));
#8321 = DIRECTION('',(0.,0.,1.));
#8322 = ADVANCED_FACE('',(#8323),#8334,.F.);
#8323 = FACE_BOUND('',#8324,.F.);
#8324 = EDGE_LOOP('',(#8325,#8326,#8332,#8333));
#8325 = ORIENTED_EDGE('',*,*,#8195,.F.);
#8326 = ORIENTED_EDGE('',*,*,#8327,.F.);
#8327 = EDGE_CURVE('',#8094,#8196,#8328,.T.);
#8328 = LINE('',#8329,#8330);
#8329 = CARTESIAN_POINT('',(176.06958851545,163.34166645409,248.));
#8330 = VECTOR('',#8331,1.);
#8331 = DIRECTION('',(-0.707106781187,0.707106781187,0.));
#8332 = ORIENTED_EDGE('',*,*,#8093,.T.);
#8333 = ORIENTED_EDGE('',*,*,#8327,.T.);
#8334 = CYLINDRICAL_SURFACE('',#8335,3.);
#8335 = AXIS2_PLACEMENT_3D('',#8336,#8337,#8338);
#8336 = CARTESIAN_POINT('',(176.06958851545,163.34166645409,245.));
#8337 = DIRECTION('',(-0.707106781187,0.707106781187,0.));
#8338 = DIRECTION('',(0.,0.,1.));
#8339 = ( GEOMETRIC_REPRESENTATION_CONTEXT(3) 
GLOBAL_UNCERTAINTY_ASSIGNED_CONTEXT((#8343)) 
GLOBAL_UNIT_ASSIGNED_CONTEXT((#8340,#8341,#8342)) REPRESENTATION_CONTEXT
('Context #1','3D Context with UNIT and UNCERTAINTY') );
#8340 = ( LENGTH_UNIT() NAMED_UNIT(*) SI_UNIT(.MILLI.,.METRE.) );
#8341 = ( NAMED_UNIT(*) PLANE_ANGLE_UNIT() SI_UNIT($,.RADIAN.) );
#8342 = ( NAMED_UNIT(*) SI_UNIT($,.STERADIAN.) SOLID_ANGLE_UNIT() );
#8343 = UNCERTAINTY_MEASURE_WITH_UNIT(LENGTH_MEASURE(1.E-07),#8340,
  'distance_accuracy_value','confusion accuracy');
#8344 = CONTEXT_DEPENDENT_SHAPE_REPRESENTATION(#8345,#8347);
#8345 = ( REPRESENTATION_RELATIONSHIP('','',#7978,#10) 
REPRESENTATION_RELATIONSHIP_WITH_TRANSFORMATION(#8346) 
SHAPE_REPRESENTATION_RELATIONSHIP() );
#8346 = ITEM_DEFINED_TRANSFORMATION('','',#11,#127);
#8347 = PRODUCT_DEFINITION_SHAPE('Placement','Placement of an item',
  #8348);
#8348 = NEXT_ASSEMBLY_USAGE_OCCURRENCE('29','P29 X level 2 beam 1','',#5
  ,#7973,$);
#8349 = PRODUCT_RELATED_PRODUCT_CATEGORY('part',$,(#7975));
#8350 = SHAPE_DEFINITION_REPRESENTATION(#8351,#8357);
#8351 = PRODUCT_DEFINITION_SHAPE('','',#8352);
#8352 = PRODUCT_DEFINITION('design','',#8353,#8356);
#8353 = PRODUCT_DEFINITION_FORMATION('','',#8354);
#8354 = PRODUCT('P30 X level 2 beam 2','P30 X level 2 beam 2','',(#8355)
  );
#8355 = PRODUCT_CONTEXT('',#2,'mechanical');
#8356 = PRODUCT_DEFINITION_CONTEXT('part definition',#2,'design');
#8357 = ADVANCED_BREP_SHAPE_REPRESENTATION('',(#11,#8358),#8718);
#8358 = MANIFOLD_SOLID_BREP('',#8359);
#8359 = CLOSED_SHELL('',(#8360,#8400,#8485,#8509,#8587,#8604,#8621,#8638
    ,#8655,#8672,#8684,#8701));
#8360 = ADVANCED_FACE('',(#8361),#8395,.F.);
#8361 = FACE_BOUND('',#8362,.F.);
#8362 = EDGE_LOOP('',(#8363,#8373,#8381,#8389));
#8363 = ORIENTED_EDGE('',*,*,#8364,.F.);
#8364 = EDGE_CURVE('',#8365,#8367,#8369,.T.);
#8365 = VERTEX_POINT('',#8366);
#8366 = CARTESIAN_POINT('',(188.7975105768,-176.0695885154,238.));
#8367 = VERTEX_POINT('',#8368);
#8368 = CARTESIAN_POINT('',(188.7975105768,-176.0695885154,252.));
#8369 = LINE('',#8370,#8371);
#8370 = CARTESIAN_POINT('',(188.7975105768,-176.0695885154,238.));
#8371 = VECTOR('',#8372,1.);
#8372 = DIRECTION('',(0.,0.,1.));
#8373 = ORIENTED_EDGE('',*,*,#8374,.T.);
#8374 = EDGE_CURVE('',#8365,#8375,#8377,.T.);
#8375 = VERTEX_POINT('',#8376);
#8376 = CARTESIAN_POINT('',(176.06958851545,-188.7975105768,238.));
#8377 = LINE('',#8378,#8379);
#8378 = CARTESIAN_POINT('',(188.7975105768,-176.0695885154,238.));
#8379 = VECTOR('',#8380,1.);
#8380 = DIRECTION('',(-0.707106781187,-0.707106781187,0.));
#8381 = ORIENTED_EDGE('',*,*,#8382,.T.);
#8382 = EDGE_CURVE('',#8375,#8383,#8385,.T.);
#8383 = VERTEX_POINT('',#8384);
#8384 = CARTESIAN_POINT('',(176.06958851545,-188.7975105768,252.));
#8385 = LINE('',#8386,#8387);
#8386 = CARTESIAN_POINT('',(176.06958851545,-188.7975105768,238.));
#8387 = VECTOR('',#8388,1.);
#8388 = DIRECTION('',(0.,0.,1.));
#8389 = ORIENTED_EDGE('',*,*,#8390,.F.);
#8390 = EDGE_CURVE('',#8367,#8383,#8391,.T.);
#8391 = LINE('',#8392,#8393);
#8392 = CARTESIAN_POINT('',(188.7975105768,-176.0695885154,252.));
#8393 = VECTOR('',#8394,1.);
#8394 = DIRECTION('',(-0.707106781187,-0.707106781187,0.));
#8395 = PLANE('',#8396);
#8396 = AXIS2_PLACEMENT_3D('',#8397,#8398,#8399);
#8397 = CARTESIAN_POINT('',(188.7975105768,-176.0695885154,238.));
#8398 = DIRECTION('',(-0.707106781187,0.707106781187,0.));
#8399 = DIRECTION('',(0.,0.,1.));
#8400 = ADVANCED_FACE('',(#8401,#8458,#8469),#8480,.F.);
#8401 = FACE_BOUND('',#8402,.F.);
#8402 = EDGE_LOOP('',(#8403,#8411,#8412,#8420,#8428,#8436,#8444,#8452));
#8403 = ORIENTED_EDGE('',*,*,#8404,.F.);
#8404 = EDGE_CURVE('',#8365,#8405,#8407,.T.);
#8405 = VERTEX_POINT('',#8406);
#8406 = CARTESIAN_POINT('',(12.727922061358,-5.551115123126E-16,238.));
#8407 = LINE('',#8408,#8409);
#8408 = CARTESIAN_POINT('',(188.7975105768,-176.0695885154,238.));
#8409 = VECTOR('',#8410,1.);
#8410 = DIRECTION('',(-0.707106781187,0.707106781187,0.));
#8411 = ORIENTED_EDGE('',*,*,#8364,.T.);
#8412 = ORIENTED_EDGE('',*,*,#8413,.T.);
#8413 = EDGE_CURVE('',#8367,#8414,#8416,.T.);
#8414 = VERTEX_POINT('',#8415);
#8415 = CARTESIAN_POINT('',(-176.0695885154,188.7975105768,252.));
#8416 = LINE('',#8417,#8418);
#8417 = CARTESIAN_POINT('',(188.7975105768,-176.0695885154,252.));
#8418 = VECTOR('',#8419,1.);
#8419 = DIRECTION('',(-0.707106781187,0.707106781187,0.));
#8420 = ORIENTED_EDGE('',*,*,#8421,.F.);
#8421 = EDGE_CURVE('',#8422,#8414,#8424,.T.);
#8422 = VERTEX_POINT('',#8423);
#8423 = CARTESIAN_POINT('',(-176.0695885154,188.7975105768,238.));
#8424 = LINE('',#8425,#8426);
#8425 = CARTESIAN_POINT('',(-176.0695885154,188.7975105768,238.));
#8426 = VECTOR('',#8427,1.);
#8427 = DIRECTION('',(0.,0.,1.));
#8428 = ORIENTED_EDGE('',*,*,#8429,.F.);
#8429 = EDGE_CURVE('',#8430,#8422,#8432,.T.);
#8430 = VERTEX_POINT('',#8431);
#8431 = CARTESIAN_POINT('',(1.33226762955E-15,12.727922061358,238.));
#8432 = LINE('',#8433,#8434);
#8433 = CARTESIAN_POINT('',(188.7975105768,-176.0695885154,238.));
#8434 = VECTOR('',#8435,1.);
#8435 = DIRECTION('',(-0.707106781187,0.707106781187,0.));
#8436 = ORIENTED_EDGE('',*,*,#8437,.F.);
#8437 = EDGE_CURVE('',#8438,#8430,#8440,.T.);
#8438 = VERTEX_POINT('',#8439);
#8439 = CARTESIAN_POINT('',(1.33226762955E-15,12.727922061358,245.));
#8440 = LINE('',#8441,#8442);
#8441 = CARTESIAN_POINT('',(1.33226762955E-15,12.727922061358,238.));
#8442 = VECTOR('',#8443,1.);
#8443 = DIRECTION('',(0.,-0.,-1.));
#8444 = ORIENTED_EDGE('',*,*,#8445,.F.);
#8445 = EDGE_CURVE('',#8446,#8438,#8448,.T.);
#8446 = VERTEX_POINT('',#8447);
#8447 = CARTESIAN_POINT('',(12.727922061358,-5.551115123126E-16,245.));
#8448 = LINE('',#8449,#8450);
#8449 = CARTESIAN_POINT('',(100.76271631908,-88.03479425772,245.));
#8450 = VECTOR('',#8451,1.);
#8451 = DIRECTION('',(-0.707106781187,0.707106781187,0.));
#8452 = ORIENTED_EDGE('',*,*,#8453,.T.);
#8453 = EDGE_CURVE('',#8446,#8405,#8454,.T.);
#8454 = LINE('',#8455,#8456);
#8455 = CARTESIAN_POINT('',(12.727922061358,-5.551115123126E-16,238.));
#8456 = VECTOR('',#8457,1.);
#8457 = DIRECTION('',(0.,-0.,-1.));
#8458 = FACE_BOUND('',#8459,.F.);
#8459 = EDGE_LOOP('',(#8460));
#8460 = ORIENTED_EDGE('',*,*,#8461,.F.);
#8461 = EDGE_CURVE('',#8462,#8462,#8464,.T.);
#8462 = VERTEX_POINT('',#8463);
#8463 = CARTESIAN_POINT('',(176.06958851545,-163.341666454,248.));
#8464 = CIRCLE('',#8465,3.);
#8465 = AXIS2_PLACEMENT_3D('',#8466,#8467,#8468);
#8466 = CARTESIAN_POINT('',(176.06958851545,-163.341666454,245.));
#8467 = DIRECTION('',(-0.707106781187,-0.707106781187,0.));
#8468 = DIRECTION('',(0.,0.,1.));
#8469 = FACE_BOUND('',#8470,.F.);
#8470 = EDGE_LOOP('',(#8471));
#8471 = ORIENTED_EDGE('',*,*,#8472,.F.);
#8472 = EDGE_CURVE('',#8473,#8473,#8475,.T.);
#8473 = VERTEX_POINT('',#8474);
#8474 = CARTESIAN_POINT('',(-163.341666454,176.06958851545,248.));
#8475 = CIRCLE('',#8476,3.);
#8476 = AXIS2_PLACEMENT_3D('',#8477,#8478,#8479);
#8477 = CARTESIAN_POINT('',(-163.341666454,176.06958851545,245.));
#8478 = DIRECTION('',(-0.707106781187,-0.707106781187,0.));
#8479 = DIRECTION('',(0.,0.,1.));
#8480 = PLANE('',#8481);
#8481 = AXIS2_PLACEMENT_3D('',#8482,#8483,#8484);
#8482 = CARTESIAN_POINT('',(188.7975105768,-176.0695885154,238.));
#8483 = DIRECTION('',(-0.707106781187,-0.707106781187,0.));
#8484 = DIRECTION('',(0.,0.,1.));
#8485 = ADVANCED_FACE('',(#8486),#8504,.T.);
#8486 = FACE_BOUND('',#8487,.T.);
#8487 = EDGE_LOOP('',(#8488,#8489,#8490,#8498));
#8488 = ORIENTED_EDGE('',*,*,#8390,.F.);
#8489 = ORIENTED_EDGE('',*,*,#8413,.T.);
#8490 = ORIENTED_EDGE('',*,*,#8491,.T.);
#8491 = EDGE_CURVE('',#8414,#8492,#8494,.T.);
#8492 = VERTEX_POINT('',#8493);
#8493 = CARTESIAN_POINT('',(-188.7975105768,176.06958851545,252.));
#8494 = LINE('',#8495,#8496);
#8495 = CARTESIAN_POINT('',(-176.0695885154,188.7975105768,252.));
#8496 = VECTOR('',#8497,1.);
#8497 = DIRECTION('',(-0.707106781187,-0.707106781187,0.));
#8498 = ORIENTED_EDGE('',*,*,#8499,.F.);
#8499 = EDGE_CURVE('',#8383,#8492,#8500,.T.);
#8500 = LINE('',#8501,#8502);
#8501 = CARTESIAN_POINT('',(176.06958851545,-188.7975105768,252.));
#8502 = VECTOR('',#8503,1.);
#8503 = DIRECTION('',(-0.707106781187,0.707106781187,0.));
#8504 = PLANE('',#8505);
#8505 = AXIS2_PLACEMENT_3D('',#8506,#8507,#8508);
#8506 = CARTESIAN_POINT('',(188.7975105768,-176.0695885154,252.));
#8507 = DIRECTION('',(0.,0.,1.));
#8508 = DIRECTION('',(-0.707106781187,0.707106781187,0.));
#8509 = ADVANCED_FACE('',(#8510,#8560,#8571),#8582,.T.);
#8510 = FACE_BOUND('',#8511,.T.);
#8511 = EDGE_LOOP('',(#8512,#8520,#8521,#8522,#8530,#8538,#8546,#8554));
#8512 = ORIENTED_EDGE('',*,*,#8513,.F.);
#8513 = EDGE_CURVE('',#8375,#8514,#8516,.T.);
#8514 = VERTEX_POINT('',#8515);
#8515 = CARTESIAN_POINT('',(-1.33226762955E-15,-12.72792206135,238.));
#8516 = LINE('',#8517,#8518);
#8517 = CARTESIAN_POINT('',(176.06958851545,-188.7975105768,238.));
#8518 = VECTOR('',#8519,1.);
#8519 = DIRECTION('',(-0.707106781187,0.707106781187,0.));
#8520 = ORIENTED_EDGE('',*,*,#8382,.T.);
#8521 = ORIENTED_EDGE('',*,*,#8499,.T.);
#8522 = ORIENTED_EDGE('',*,*,#8523,.F.);
#8523 = EDGE_CURVE('',#8524,#8492,#8526,.T.);
#8524 = VERTEX_POINT('',#8525);
#8525 = CARTESIAN_POINT('',(-188.7975105768,176.06958851545,238.));
#8526 = LINE('',#8527,#8528);
#8527 = CARTESIAN_POINT('',(-188.7975105768,176.06958851545,238.));
#8528 = VECTOR('',#8529,1.);
#8529 = DIRECTION('',(0.,0.,1.));
#8530 = ORIENTED_EDGE('',*,*,#8531,.F.);
#8531 = EDGE_CURVE('',#8532,#8524,#8534,.T.);
#8532 = VERTEX_POINT('',#8533);
#8533 = CARTESIAN_POINT('',(-12.72792206135,5.551115123126E-16,238.));
#8534 = LINE('',#8535,#8536);
#8535 = CARTESIAN_POINT('',(176.06958851545,-188.7975105768,238.));
#8536 = VECTOR('',#8537,1.);
#8537 = DIRECTION('',(-0.707106781187,0.707106781187,0.));
#8538 = ORIENTED_EDGE('',*,*,#8539,.F.);
#8539 = EDGE_CURVE('',#8540,#8532,#8542,.T.);
#8540 = VERTEX_POINT('',#8541);
#8541 = CARTESIAN_POINT('',(-12.72792206135,5.551115123126E-16,245.));
#8542 = LINE('',#8543,#8544);
#8543 = CARTESIAN_POINT('',(-12.72792206135,5.551115123126E-16,238.));
#8544 = VECTOR('',#8545,1.);
#8545 = DIRECTION('',(0.,-0.,-1.));
#8546 = ORIENTED_EDGE('',*,*,#8547,.F.);
#8547 = EDGE_CURVE('',#8548,#8540,#8550,.T.);
#8548 = VERTEX_POINT('',#8549);
#8549 = CARTESIAN_POINT('',(-1.33226762955E-15,-12.72792206135,245.));
#8550 = LINE('',#8551,#8552);
#8551 = CARTESIAN_POINT('',(88.034794257725,-100.762716319,245.));
#8552 = VECTOR('',#8553,1.);
#8553 = DIRECTION('',(-0.707106781187,0.707106781187,0.));
#8554 = ORIENTED_EDGE('',*,*,#8555,.T.);
#8555 = EDGE_CURVE('',#8548,#8514,#8556,.T.);
#8556 = LINE('',#8557,#8558);
#8557 = CARTESIAN_POINT('',(-1.33226762955E-15,-12.72792206135,238.));
#8558 = VECTOR('',#8559,1.);
#8559 = DIRECTION('',(0.,-0.,-1.));
#8560 = FACE_BOUND('',#8561,.T.);
#8561 = EDGE_LOOP('',(#8562));
#8562 = ORIENTED_EDGE('',*,*,#8563,.F.);
#8563 = EDGE_CURVE('',#8564,#8564,#8566,.T.);
#8564 = VERTEX_POINT('',#8565);
#8565 = CARTESIAN_POINT('',(163.34166645409,-176.0695885154,248.));
#8566 = CIRCLE('',#8567,3.);
#8567 = AXIS2_PLACEMENT_3D('',#8568,#8569,#8570);
#8568 = CARTESIAN_POINT('',(163.34166645409,-176.0695885154,245.));
#8569 = DIRECTION('',(-0.707106781187,-0.707106781187,0.));
#8570 = DIRECTION('',(0.,0.,1.));
#8571 = FACE_BOUND('',#8572,.T.);
#8572 = EDGE_LOOP('',(#8573));
#8573 = ORIENTED_EDGE('',*,*,#8574,.F.);
#8574 = EDGE_CURVE('',#8575,#8575,#8577,.T.);
#8575 = VERTEX_POINT('',#8576);
#8576 = CARTESIAN_POINT('',(-176.0695885154,163.34166645409,248.));
#8577 = CIRCLE('',#8578,3.);
#8578 = AXIS2_PLACEMENT_3D('',#8579,#8580,#8581);
#8579 = CARTESIAN_POINT('',(-176.0695885154,163.34166645409,245.));
#8580 = DIRECTION('',(-0.707106781187,-0.707106781187,0.));
#8581 = DIRECTION('',(0.,0.,1.));
#8582 = PLANE('',#8583);
#8583 = AXIS2_PLACEMENT_3D('',#8584,#8585,#8586);
#8584 = CARTESIAN_POINT('',(176.06958851545,-188.7975105768,238.));
#8585 = DIRECTION('',(-0.707106781187,-0.707106781187,0.));
#8586 = DIRECTION('',(0.,0.,1.));
#8587 = ADVANCED_FACE('',(#8588),#8599,.F.);
#8588 = FACE_BOUND('',#8589,.F.);
#8589 = EDGE_LOOP('',(#8590,#8591,#8592,#8593));
#8590 = ORIENTED_EDGE('',*,*,#8513,.F.);
#8591 = ORIENTED_EDGE('',*,*,#8374,.F.);
#8592 = ORIENTED_EDGE('',*,*,#8404,.T.);
#8593 = ORIENTED_EDGE('',*,*,#8594,.T.);
#8594 = EDGE_CURVE('',#8405,#8514,#8595,.T.);
#8595 = LINE('',#8596,#8597);
#8596 = CARTESIAN_POINT('',(13.435028842544,0.707106781187,238.));
#8597 = VECTOR('',#8598,1.);
#8598 = DIRECTION('',(-0.707106781187,-0.707106781187,0.));
#8599 = PLANE('',#8600);
#8600 = AXIS2_PLACEMENT_3D('',#8601,#8602,#8603);
#8601 = CARTESIAN_POINT('',(188.7975105768,-176.0695885154,238.));
#8602 = DIRECTION('',(0.,0.,1.));
#8603 = DIRECTION('',(-0.707106781187,0.707106781187,0.));
#8604 = ADVANCED_FACE('',(#8605),#8616,.T.);
#8605 = FACE_BOUND('',#8606,.T.);
#8606 = EDGE_LOOP('',(#8607,#8613,#8614,#8615));
#8607 = ORIENTED_EDGE('',*,*,#8608,.F.);
#8608 = EDGE_CURVE('',#8446,#8548,#8609,.T.);
#8609 = LINE('',#8610,#8611);
#8610 = CARTESIAN_POINT('',(13.435028842544,0.707106781187,245.));
#8611 = VECTOR('',#8612,1.);
#8612 = DIRECTION('',(-0.707106781187,-0.707106781187,0.));
#8613 = ORIENTED_EDGE('',*,*,#8453,.T.);
#8614 = ORIENTED_EDGE('',*,*,#8594,.T.);
#8615 = ORIENTED_EDGE('',*,*,#8555,.F.);
#8616 = PLANE('',#8617);
#8617 = AXIS2_PLACEMENT_3D('',#8618,#8619,#8620);
#8618 = CARTESIAN_POINT('',(13.435028842544,0.707106781187,238.));
#8619 = DIRECTION('',(-0.707106781187,0.707106781187,0.));
#8620 = DIRECTION('',(0.,0.,1.));
#8621 = ADVANCED_FACE('',(#8622),#8633,.F.);
#8622 = FACE_BOUND('',#8623,.F.);
#8623 = EDGE_LOOP('',(#8624,#8625,#8626,#8632));
#8624 = ORIENTED_EDGE('',*,*,#8608,.F.);
#8625 = ORIENTED_EDGE('',*,*,#8445,.T.);
#8626 = ORIENTED_EDGE('',*,*,#8627,.T.);
#8627 = EDGE_CURVE('',#8438,#8540,#8628,.T.);
#8628 = LINE('',#8629,#8630);
#8629 = CARTESIAN_POINT('',(0.707106781187,13.435028842544,245.));
#8630 = VECTOR('',#8631,1.);
#8631 = DIRECTION('',(-0.707106781187,-0.707106781187,0.));
#8632 = ORIENTED_EDGE('',*,*,#8547,.F.);
#8633 = PLANE('',#8634);
#8634 = AXIS2_PLACEMENT_3D('',#8635,#8636,#8637);
#8635 = CARTESIAN_POINT('',(13.435028842544,0.707106781187,245.));
#8636 = DIRECTION('',(0.,0.,1.));
#8637 = DIRECTION('',(-0.707106781187,0.707106781187,0.));
#8638 = ADVANCED_FACE('',(#8639),#8650,.T.);
#8639 = FACE_BOUND('',#8640,.T.);
#8640 = EDGE_LOOP('',(#8641,#8642,#8648,#8649));
#8641 = ORIENTED_EDGE('',*,*,#8421,.F.);
#8642 = ORIENTED_EDGE('',*,*,#8643,.T.);
#8643 = EDGE_CURVE('',#8422,#8524,#8644,.T.);
#8644 = LINE('',#8645,#8646);
#8645 = CARTESIAN_POINT('',(-176.0695885154,188.7975105768,238.));
#8646 = VECTOR('',#8647,1.);
#8647 = DIRECTION('',(-0.707106781187,-0.707106781187,0.));
#8648 = ORIENTED_EDGE('',*,*,#8523,.T.);
#8649 = ORIENTED_EDGE('',*,*,#8491,.F.);
#8650 = PLANE('',#8651);
#8651 = AXIS2_PLACEMENT_3D('',#8652,#8653,#8654);
#8652 = CARTESIAN_POINT('',(-176.0695885154,188.7975105768,238.));
#8653 = DIRECTION('',(-0.707106781187,0.707106781187,0.));
#8654 = DIRECTION('',(0.,0.,1.));
#8655 = ADVANCED_FACE('',(#8656),#8667,.F.);
#8656 = FACE_BOUND('',#8657,.F.);
#8657 = EDGE_LOOP('',(#8658,#8659,#8660,#8666));
#8658 = ORIENTED_EDGE('',*,*,#8627,.F.);
#8659 = ORIENTED_EDGE('',*,*,#8437,.T.);
#8660 = ORIENTED_EDGE('',*,*,#8661,.T.);
#8661 = EDGE_CURVE('',#8430,#8532,#8662,.T.);
#8662 = LINE('',#8663,#8664);
#8663 = CARTESIAN_POINT('',(0.707106781187,13.435028842544,238.));
#8664 = VECTOR('',#8665,1.);
#8665 = DIRECTION('',(-0.707106781187,-0.707106781187,0.));
#8666 = ORIENTED_EDGE('',*,*,#8539,.F.);
#8667 = PLANE('',#8668);
#8668 = AXIS2_PLACEMENT_3D('',#8669,#8670,#8671);
#8669 = CARTESIAN_POINT('',(0.707106781187,13.435028842544,238.));
#8670 = DIRECTION('',(-0.707106781187,0.707106781187,0.));
#8671 = DIRECTION('',(0.,0.,1.));
#8672 = ADVANCED_FACE('',(#8673),#8679,.F.);
#8673 = FACE_BOUND('',#8674,.F.);
#8674 = EDGE_LOOP('',(#8675,#8676,#8677,#8678));
#8675 = ORIENTED_EDGE('',*,*,#8531,.F.);
#8676 = ORIENTED_EDGE('',*,*,#8661,.F.);
#8677 = ORIENTED_EDGE('',*,*,#8429,.T.);
#8678 = ORIENTED_EDGE('',*,*,#8643,.T.);
#8679 = PLANE('',#8680);
#8680 = AXIS2_PLACEMENT_3D('',#8681,#8682,#8683);
#8681 = CARTESIAN_POINT('',(188.7975105768,-176.0695885154,238.));
#8682 = DIRECTION('',(0.,0.,1.));
#8683 = DIRECTION('',(-0.707106781187,0.707106781187,0.));
#8684 = ADVANCED_FACE('',(#8685),#8696,.F.);
#8685 = FACE_BOUND('',#8686,.F.);
#8686 = EDGE_LOOP('',(#8687,#8688,#8694,#8695));
#8687 = ORIENTED_EDGE('',*,*,#8563,.F.);
#8688 = ORIENTED_EDGE('',*,*,#8689,.F.);
#8689 = EDGE_CURVE('',#8462,#8564,#8690,.T.);
#8690 = LINE('',#8691,#8692);
#8691 = CARTESIAN_POINT('',(176.06958851545,-163.341666454,248.));
#8692 = VECTOR('',#8693,1.);
#8693 = DIRECTION('',(-0.707106781187,-0.707106781187,0.));
#8694 = ORIENTED_EDGE('',*,*,#8461,.T.);
#8695 = ORIENTED_EDGE('',*,*,#8689,.T.);
#8696 = CYLINDRICAL_SURFACE('',#8697,3.);
#8697 = AXIS2_PLACEMENT_3D('',#8698,#8699,#8700);
#8698 = CARTESIAN_POINT('',(176.06958851545,-163.341666454,245.));
#8699 = DIRECTION('',(-0.707106781187,-0.707106781187,0.));
#8700 = DIRECTION('',(0.,0.,1.));
#8701 = ADVANCED_FACE('',(#8702),#8713,.F.);
#8702 = FACE_BOUND('',#8703,.F.);
#8703 = EDGE_LOOP('',(#8704,#8705,#8711,#8712));
#8704 = ORIENTED_EDGE('',*,*,#8574,.F.);
#8705 = ORIENTED_EDGE('',*,*,#8706,.F.);
#8706 = EDGE_CURVE('',#8473,#8575,#8707,.T.);
#8707 = LINE('',#8708,#8709);
#8708 = CARTESIAN_POINT('',(-163.341666454,176.06958851545,248.));
#8709 = VECTOR('',#8710,1.);
#8710 = DIRECTION('',(-0.707106781187,-0.707106781187,0.));
#8711 = ORIENTED_EDGE('',*,*,#8472,.T.);
#8712 = ORIENTED_EDGE('',*,*,#8706,.T.);
#8713 = CYLINDRICAL_SURFACE('',#8714,3.);
#8714 = AXIS2_PLACEMENT_3D('',#8715,#8716,#8717);
#8715 = CARTESIAN_POINT('',(-163.341666454,176.06958851545,245.));
#8716 = DIRECTION('',(-0.707106781187,-0.707106781187,0.));
#8717 = DIRECTION('',(0.,0.,1.));
#8718 = ( GEOMETRIC_REPRESENTATION_CONTEXT(3) 
GLOBAL_UNCERTAINTY_ASSIGNED_CONTEXT((#8722)) 
GLOBAL_UNIT_ASSIGNED_CONTEXT((#8719,#8720,#8721)) REPRESENTATION_CONTEXT
('Context #1','3D Context with UNIT and UNCERTAINTY') );
#8719 = ( LENGTH_UNIT() NAMED_UNIT(*) SI_UNIT(.MILLI.,.METRE.) );
#8720 = ( NAMED_UNIT(*) PLANE_ANGLE_UNIT() SI_UNIT($,.RADIAN.) );
#8721 = ( NAMED_UNIT(*) SI_UNIT($,.STERADIAN.) SOLID_ANGLE_UNIT() );
#8722 = UNCERTAINTY_MEASURE_WITH_UNIT(LENGTH_MEASURE(1.E-07),#8719,
  'distance_accuracy_value','confusion accuracy');
#8723 = CONTEXT_DEPENDENT_SHAPE_REPRESENTATION(#8724,#8726);
#8724 = ( REPRESENTATION_RELATIONSHIP('','',#8357,#10) 
REPRESENTATION_RELATIONSHIP_WITH_TRANSFORMATION(#8725) 
SHAPE_REPRESENTATION_RELATIONSHIP() );
#8725 = ITEM_DEFINED_TRANSFORMATION('','',#11,#131);
#8726 = PRODUCT_DEFINITION_SHAPE('Placement','Placement of an item',
  #8727);
#8727 = NEXT_ASSEMBLY_USAGE_OCCURRENCE('30','P30 X level 2 beam 2','',#5
  ,#8352,$);
#8728 = PRODUCT_RELATED_PRODUCT_CATEGORY('part',$,(#8354));
#8729 = SHAPE_DEFINITION_REPRESENTATION(#8730,#8736);
#8730 = PRODUCT_DEFINITION_SHAPE('','',#8731);
#8731 = PRODUCT_DEFINITION('design','',#8732,#8735);
#8732 = PRODUCT_DEFINITION_FORMATION('','',#8733);
#8733 = PRODUCT('P31 X level 3 beam 1','P31 X level 3 beam 1','',(#8734)
  );
#8734 = PRODUCT_CONTEXT('',#2,'mechanical');
#8735 = PRODUCT_DEFINITION_CONTEXT('part definition',#2,'design');
#8736 = ADVANCED_BREP_SHAPE_REPRESENTATION('',(#11,#8737),#9097);
#8737 = MANIFOLD_SOLID_BREP('',#8738);
#8738 = CLOSED_SHELL('',(#8739,#8779,#8864,#8888,#8966,#8983,#9000,#9017
    ,#9034,#9051,#9063,#9080));
#8739 = ADVANCED_FACE('',(#8740),#8774,.F.);
#8740 = FACE_BOUND('',#8741,.F.);
#8741 = EDGE_LOOP('',(#8742,#8752,#8760,#8768));
#8742 = ORIENTED_EDGE('',*,*,#8743,.F.);
#8743 = EDGE_CURVE('',#8744,#8746,#8748,.T.);
#8744 = VERTEX_POINT('',#8745);
#8745 = CARTESIAN_POINT('',(-176.0695885154,-188.7975105768,210.));
#8746 = VERTEX_POINT('',#8747);
#8747 = CARTESIAN_POINT('',(-176.0695885154,-188.7975105768,224.));
#8748 = LINE('',#8749,#8750);
#8749 = CARTESIAN_POINT('',(-176.0695885154,-188.7975105768,210.));
#8750 = VECTOR('',#8751,1.);
#8751 = DIRECTION('',(0.,0.,1.));
#8752 = ORIENTED_EDGE('',*,*,#8753,.T.);
#8753 = EDGE_CURVE('',#8744,#8754,#8756,.T.);
#8754 = VERTEX_POINT('',#8755);
#8755 = CARTESIAN_POINT('',(-188.7975105768,-176.0695885154,210.));
#8756 = LINE('',#8757,#8758);
#8757 = CARTESIAN_POINT('',(-176.0695885154,-188.7975105768,210.));
#8758 = VECTOR('',#8759,1.);
#8759 = DIRECTION('',(-0.707106781187,0.707106781187,0.));
#8760 = ORIENTED_EDGE('',*,*,#8761,.T.);
#8761 = EDGE_CURVE('',#8754,#8762,#8764,.T.);
#8762 = VERTEX_POINT('',#8763);
#8763 = CARTESIAN_POINT('',(-188.7975105768,-176.0695885154,224.));
#8764 = LINE('',#8765,#8766);
#8765 = CARTESIAN_POINT('',(-188.7975105768,-176.0695885154,210.));
#8766 = VECTOR('',#8767,1.);
#8767 = DIRECTION('',(0.,0.,1.));
#8768 = ORIENTED_EDGE('',*,*,#8769,.F.);
#8769 = EDGE_CURVE('',#8746,#8762,#8770,.T.);
#8770 = LINE('',#8771,#8772);
#8771 = CARTESIAN_POINT('',(-176.0695885154,-188.7975105768,224.));
#8772 = VECTOR('',#8773,1.);
#8773 = DIRECTION('',(-0.707106781187,0.707106781187,0.));
#8774 = PLANE('',#8775);
#8775 = AXIS2_PLACEMENT_3D('',#8776,#8777,#8778);
#8776 = CARTESIAN_POINT('',(-176.0695885154,-188.7975105768,210.));
#8777 = DIRECTION('',(0.707106781187,0.707106781187,0.));
#8778 = DIRECTION('',(0.,0.,1.));
#8779 = ADVANCED_FACE('',(#8780,#8837,#8848),#8859,.F.);
#8780 = FACE_BOUND('',#8781,.F.);
#8781 = EDGE_LOOP('',(#8782,#8792,#8798,#8799,#8807,#8815,#8823,#8831));
#8782 = ORIENTED_EDGE('',*,*,#8783,.F.);
#8783 = EDGE_CURVE('',#8784,#8786,#8788,.T.);
#8784 = VERTEX_POINT('',#8785);
#8785 = CARTESIAN_POINT('',(188.7975105768,176.06958851545,210.));
#8786 = VERTEX_POINT('',#8787);
#8787 = CARTESIAN_POINT('',(188.7975105768,176.06958851545,224.));
#8788 = LINE('',#8789,#8790);
#8789 = CARTESIAN_POINT('',(188.7975105768,176.06958851545,210.));
#8790 = VECTOR('',#8791,1.);
#8791 = DIRECTION('',(0.,0.,1.));
#8792 = ORIENTED_EDGE('',*,*,#8793,.F.);
#8793 = EDGE_CURVE('',#8744,#8784,#8794,.T.);
#8794 = LINE('',#8795,#8796);
#8795 = CARTESIAN_POINT('',(-176.0695885154,-188.7975105768,210.));
#8796 = VECTOR('',#8797,1.);
#8797 = DIRECTION('',(0.707106781187,0.707106781187,0.));
#8798 = ORIENTED_EDGE('',*,*,#8743,.T.);
#8799 = ORIENTED_EDGE('',*,*,#8800,.T.);
#8800 = EDGE_CURVE('',#8746,#8801,#8803,.T.);
#8801 = VERTEX_POINT('',#8802);
#8802 = CARTESIAN_POINT('',(-5.551115123126E-16,-12.72792206135,224.));
#8803 = LINE('',#8804,#8805);
#8804 = CARTESIAN_POINT('',(-176.0695885154,-188.7975105768,224.));
#8805 = VECTOR('',#8806,1.);
#8806 = DIRECTION('',(0.707106781187,0.707106781187,0.));
#8807 = ORIENTED_EDGE('',*,*,#8808,.T.);
#8808 = EDGE_CURVE('',#8801,#8809,#8811,.T.);
#8809 = VERTEX_POINT('',#8810);
#8810 = CARTESIAN_POINT('',(-5.551115123126E-16,-12.72792206135,217.));
#8811 = LINE('',#8812,#8813);
#8812 = CARTESIAN_POINT('',(-5.551115123126E-16,-12.72792206135,213.5));
#8813 = VECTOR('',#8814,1.);
#8814 = DIRECTION('',(-0.,0.,-1.));
#8815 = ORIENTED_EDGE('',*,*,#8816,.T.);
#8816 = EDGE_CURVE('',#8809,#8817,#8819,.T.);
#8817 = VERTEX_POINT('',#8818);
#8818 = CARTESIAN_POINT('',(12.727922061358,-1.33226762955E-15,217.));
#8819 = LINE('',#8820,#8821);
#8820 = CARTESIAN_POINT('',(-88.03479425772,-100.762716319,217.));
#8821 = VECTOR('',#8822,1.);
#8822 = DIRECTION('',(0.707106781187,0.707106781187,0.));
#8823 = ORIENTED_EDGE('',*,*,#8824,.F.);
#8824 = EDGE_CURVE('',#8825,#8817,#8827,.T.);
#8825 = VERTEX_POINT('',#8826);
#8826 = CARTESIAN_POINT('',(12.727922061358,-1.33226762955E-15,224.));
#8827 = LINE('',#8828,#8829);
#8828 = CARTESIAN_POINT('',(12.727922061358,-1.33226762955E-15,213.5));
#8829 = VECTOR('',#8830,1.);
#8830 = DIRECTION('',(-0.,0.,-1.));
#8831 = ORIENTED_EDGE('',*,*,#8832,.T.);
#8832 = EDGE_CURVE('',#8825,#8786,#8833,.T.);
#8833 = LINE('',#8834,#8835);
#8834 = CARTESIAN_POINT('',(-176.0695885154,-188.7975105768,224.));
#8835 = VECTOR('',#8836,1.);
#8836 = DIRECTION('',(0.707106781187,0.707106781187,0.));
#8837 = FACE_BOUND('',#8838,.F.);
#8838 = EDGE_LOOP('',(#8839));
#8839 = ORIENTED_EDGE('',*,*,#8840,.F.);
#8840 = EDGE_CURVE('',#8841,#8841,#8843,.T.);
#8841 = VERTEX_POINT('',#8842);
#8842 = CARTESIAN_POINT('',(-163.341666454,-176.0695885154,220.));
#8843 = CIRCLE('',#8844,3.);
#8844 = AXIS2_PLACEMENT_3D('',#8845,#8846,#8847);
#8845 = CARTESIAN_POINT('',(-163.341666454,-176.0695885154,217.));
#8846 = DIRECTION('',(-0.707106781187,0.707106781187,0.));
#8847 = DIRECTION('',(0.,0.,1.));
#8848 = FACE_BOUND('',#8849,.F.);
#8849 = EDGE_LOOP('',(#8850));
#8850 = ORIENTED_EDGE('',*,*,#8851,.F.);
#8851 = EDGE_CURVE('',#8852,#8852,#8854,.T.);
#8852 = VERTEX_POINT('',#8853);
#8853 = CARTESIAN_POINT('',(176.06958851545,163.34166645409,220.));
#8854 = CIRCLE('',#8855,3.);
#8855 = AXIS2_PLACEMENT_3D('',#8856,#8857,#8858);
#8856 = CARTESIAN_POINT('',(176.06958851545,163.34166645409,217.));
#8857 = DIRECTION('',(-0.707106781187,0.707106781187,0.));
#8858 = DIRECTION('',(0.,0.,1.));
#8859 = PLANE('',#8860);
#8860 = AXIS2_PLACEMENT_3D('',#8861,#8862,#8863);
#8861 = CARTESIAN_POINT('',(-176.0695885154,-188.7975105768,210.));
#8862 = DIRECTION('',(-0.707106781187,0.707106781187,0.));
#8863 = DIRECTION('',(0.,0.,1.));
#8864 = ADVANCED_FACE('',(#8865),#8883,.T.);
#8865 = FACE_BOUND('',#8866,.T.);
#8866 = EDGE_LOOP('',(#8867,#8875,#8876,#8877));
#8867 = ORIENTED_EDGE('',*,*,#8868,.F.);
#8868 = EDGE_CURVE('',#8762,#8869,#8871,.T.);
#8869 = VERTEX_POINT('',#8870);
#8870 = CARTESIAN_POINT('',(-12.72792206135,1.33226762955E-15,224.));
#8871 = LINE('',#8872,#8873);
#8872 = CARTESIAN_POINT('',(-188.7975105768,-176.0695885154,224.));
#8873 = VECTOR('',#8874,1.);
#8874 = DIRECTION('',(0.707106781187,0.707106781187,0.));
#8875 = ORIENTED_EDGE('',*,*,#8769,.F.);
#8876 = ORIENTED_EDGE('',*,*,#8800,.T.);
#8877 = ORIENTED_EDGE('',*,*,#8878,.T.);
#8878 = EDGE_CURVE('',#8801,#8869,#8879,.T.);
#8879 = LINE('',#8880,#8881);
#8880 = CARTESIAN_POINT('',(0.707106781187,-13.43502884254,224.));
#8881 = VECTOR('',#8882,1.);
#8882 = DIRECTION('',(-0.707106781187,0.707106781187,0.));
#8883 = PLANE('',#8884);
#8884 = AXIS2_PLACEMENT_3D('',#8885,#8886,#8887);
#8885 = CARTESIAN_POINT('',(-176.0695885154,-188.7975105768,224.));
#8886 = DIRECTION('',(0.,0.,1.));
#8887 = DIRECTION('',(0.707106781187,0.707106781187,0.));
#8888 = ADVANCED_FACE('',(#8889,#8939,#8950),#8961,.T.);
#8889 = FACE_BOUND('',#8890,.T.);
#8890 = EDGE_LOOP('',(#8891,#8901,#8907,#8908,#8909,#8917,#8925,#8933));
#8891 = ORIENTED_EDGE('',*,*,#8892,.F.);
#8892 = EDGE_CURVE('',#8893,#8895,#8897,.T.);
#8893 = VERTEX_POINT('',#8894);
#8894 = CARTESIAN_POINT('',(176.06958851545,188.7975105768,210.));
#8895 = VERTEX_POINT('',#8896);
#8896 = CARTESIAN_POINT('',(176.06958851545,188.7975105768,224.));
#8897 = LINE('',#8898,#8899);
#8898 = CARTESIAN_POINT('',(176.06958851545,188.7975105768,210.));
#8899 = VECTOR('',#8900,1.);
#8900 = DIRECTION('',(0.,0.,1.));
#8901 = ORIENTED_EDGE('',*,*,#8902,.F.);
#8902 = EDGE_CURVE('',#8754,#8893,#8903,.T.);
#8903 = LINE('',#8904,#8905);
#8904 = CARTESIAN_POINT('',(-188.7975105768,-176.0695885154,210.));
#8905 = VECTOR('',#8906,1.);
#8906 = DIRECTION('',(0.707106781187,0.707106781187,0.));
#8907 = ORIENTED_EDGE('',*,*,#8761,.T.);
#8908 = ORIENTED_EDGE('',*,*,#8868,.T.);
#8909 = ORIENTED_EDGE('',*,*,#8910,.T.);
#8910 = EDGE_CURVE('',#8869,#8911,#8913,.T.);
#8911 = VERTEX_POINT('',#8912);
#8912 = CARTESIAN_POINT('',(-12.72792206135,1.33226762955E-15,217.));
#8913 = LINE('',#8914,#8915);
#8914 = CARTESIAN_POINT('',(-12.72792206135,1.33226762955E-15,213.5));
#8915 = VECTOR('',#8916,1.);
#8916 = DIRECTION('',(-0.,0.,-1.));
#8917 = ORIENTED_EDGE('',*,*,#8918,.T.);
#8918 = EDGE_CURVE('',#8911,#8919,#8921,.T.);
#8919 = VERTEX_POINT('',#8920);
#8920 = CARTESIAN_POINT('',(5.551115123126E-16,12.727922061358,217.));
#8921 = LINE('',#8922,#8923);
#8922 = CARTESIAN_POINT('',(-100.762716319,-88.03479425772,217.));
#8923 = VECTOR('',#8924,1.);
#8924 = DIRECTION('',(0.707106781187,0.707106781187,0.));
#8925 = ORIENTED_EDGE('',*,*,#8926,.F.);
#8926 = EDGE_CURVE('',#8927,#8919,#8929,.T.);
#8927 = VERTEX_POINT('',#8928);
#8928 = CARTESIAN_POINT('',(5.551115123126E-16,12.727922061358,224.));
#8929 = LINE('',#8930,#8931);
#8930 = CARTESIAN_POINT('',(5.551115123126E-16,12.727922061358,213.5));
#8931 = VECTOR('',#8932,1.);
#8932 = DIRECTION('',(-0.,0.,-1.));
#8933 = ORIENTED_EDGE('',*,*,#8934,.T.);
#8934 = EDGE_CURVE('',#8927,#8895,#8935,.T.);
#8935 = LINE('',#8936,#8937);
#8936 = CARTESIAN_POINT('',(-188.7975105768,-176.0695885154,224.));
#8937 = VECTOR('',#8938,1.);
#8938 = DIRECTION('',(0.707106781187,0.707106781187,0.));
#8939 = FACE_BOUND('',#8940,.T.);
#8940 = EDGE_LOOP('',(#8941));
#8941 = ORIENTED_EDGE('',*,*,#8942,.F.);
#8942 = EDGE_CURVE('',#8943,#8943,#8945,.T.);
#8943 = VERTEX_POINT('',#8944);
#8944 = CARTESIAN_POINT('',(-176.0695885154,-163.341666454,220.));
#8945 = CIRCLE('',#8946,3.);
#8946 = AXIS2_PLACEMENT_3D('',#8947,#8948,#8949);
#8947 = CARTESIAN_POINT('',(-176.0695885154,-163.341666454,217.));
#8948 = DIRECTION('',(-0.707106781187,0.707106781187,0.));
#8949 = DIRECTION('',(0.,0.,1.));
#8950 = FACE_BOUND('',#8951,.T.);
#8951 = EDGE_LOOP('',(#8952));
#8952 = ORIENTED_EDGE('',*,*,#8953,.F.);
#8953 = EDGE_CURVE('',#8954,#8954,#8956,.T.);
#8954 = VERTEX_POINT('',#8955);
#8955 = CARTESIAN_POINT('',(163.34166645409,176.06958851545,220.));
#8956 = CIRCLE('',#8957,3.);
#8957 = AXIS2_PLACEMENT_3D('',#8958,#8959,#8960);
#8958 = CARTESIAN_POINT('',(163.34166645409,176.06958851545,217.));
#8959 = DIRECTION('',(-0.707106781187,0.707106781187,0.));
#8960 = DIRECTION('',(0.,0.,1.));
#8961 = PLANE('',#8962);
#8962 = AXIS2_PLACEMENT_3D('',#8963,#8964,#8965);
#8963 = CARTESIAN_POINT('',(-188.7975105768,-176.0695885154,210.));
#8964 = DIRECTION('',(-0.707106781187,0.707106781187,0.));
#8965 = DIRECTION('',(0.,0.,1.));
#8966 = ADVANCED_FACE('',(#8967),#8978,.F.);
#8967 = FACE_BOUND('',#8968,.F.);
#8968 = EDGE_LOOP('',(#8969,#8970,#8971,#8977));
#8969 = ORIENTED_EDGE('',*,*,#8753,.F.);
#8970 = ORIENTED_EDGE('',*,*,#8793,.T.);
#8971 = ORIENTED_EDGE('',*,*,#8972,.T.);
#8972 = EDGE_CURVE('',#8784,#8893,#8973,.T.);
#8973 = LINE('',#8974,#8975);
#8974 = CARTESIAN_POINT('',(188.7975105768,176.06958851545,210.));
#8975 = VECTOR('',#8976,1.);
#8976 = DIRECTION('',(-0.707106781187,0.707106781187,0.));
#8977 = ORIENTED_EDGE('',*,*,#8902,.F.);
#8978 = PLANE('',#8979);
#8979 = AXIS2_PLACEMENT_3D('',#8980,#8981,#8982);
#8980 = CARTESIAN_POINT('',(-176.0695885154,-188.7975105768,210.));
#8981 = DIRECTION('',(0.,0.,1.));
#8982 = DIRECTION('',(0.707106781187,0.707106781187,0.));
#8983 = ADVANCED_FACE('',(#8984),#8995,.T.);
#8984 = FACE_BOUND('',#8985,.T.);
#8985 = EDGE_LOOP('',(#8986,#8987,#8988,#8989));
#8986 = ORIENTED_EDGE('',*,*,#8783,.F.);
#8987 = ORIENTED_EDGE('',*,*,#8972,.T.);
#8988 = ORIENTED_EDGE('',*,*,#8892,.T.);
#8989 = ORIENTED_EDGE('',*,*,#8990,.F.);
#8990 = EDGE_CURVE('',#8786,#8895,#8991,.T.);
#8991 = LINE('',#8992,#8993);
#8992 = CARTESIAN_POINT('',(188.7975105768,176.06958851545,224.));
#8993 = VECTOR('',#8994,1.);
#8994 = DIRECTION('',(-0.707106781187,0.707106781187,0.));
#8995 = PLANE('',#8996);
#8996 = AXIS2_PLACEMENT_3D('',#8997,#8998,#8999);
#8997 = CARTESIAN_POINT('',(188.7975105768,176.06958851545,210.));
#8998 = DIRECTION('',(0.707106781187,0.707106781187,0.));
#8999 = DIRECTION('',(0.,0.,1.));
#9000 = ADVANCED_FACE('',(#9001),#9012,.T.);
#9001 = FACE_BOUND('',#9002,.T.);
#9002 = EDGE_LOOP('',(#9003,#9004,#9010,#9011));
#9003 = ORIENTED_EDGE('',*,*,#8934,.F.);
#9004 = ORIENTED_EDGE('',*,*,#9005,.F.);
#9005 = EDGE_CURVE('',#8825,#8927,#9006,.T.);
#9006 = LINE('',#9007,#9008);
#9007 = CARTESIAN_POINT('',(13.435028842544,-0.707106781187,224.));
#9008 = VECTOR('',#9009,1.);
#9009 = DIRECTION('',(-0.707106781187,0.707106781187,0.));
#9010 = ORIENTED_EDGE('',*,*,#8832,.T.);
#9011 = ORIENTED_EDGE('',*,*,#8990,.T.);
#9012 = PLANE('',#9013);
#9013 = AXIS2_PLACEMENT_3D('',#9014,#9015,#9016);
#9014 = CARTESIAN_POINT('',(-176.0695885154,-188.7975105768,224.));
#9015 = DIRECTION('',(0.,0.,1.));
#9016 = DIRECTION('',(0.707106781187,0.707106781187,0.));
#9017 = ADVANCED_FACE('',(#9018),#9029,.F.);
#9018 = FACE_BOUND('',#9019,.F.);
#9019 = EDGE_LOOP('',(#9020,#9021,#9022,#9028));
#9020 = ORIENTED_EDGE('',*,*,#9005,.F.);
#9021 = ORIENTED_EDGE('',*,*,#8824,.T.);
#9022 = ORIENTED_EDGE('',*,*,#9023,.T.);
#9023 = EDGE_CURVE('',#8817,#8919,#9024,.T.);
#9024 = LINE('',#9025,#9026);
#9025 = CARTESIAN_POINT('',(13.435028842544,-0.707106781187,217.));
#9026 = VECTOR('',#9027,1.);
#9027 = DIRECTION('',(-0.707106781187,0.707106781187,0.));
#9028 = ORIENTED_EDGE('',*,*,#8926,.F.);
#9029 = PLANE('',#9030);
#9030 = AXIS2_PLACEMENT_3D('',#9031,#9032,#9033);
#9031 = CARTESIAN_POINT('',(13.435028842544,-0.707106781187,217.));
#9032 = DIRECTION('',(0.707106781187,0.707106781187,0.));
#9033 = DIRECTION('',(0.,0.,1.));
#9034 = ADVANCED_FACE('',(#9035),#9046,.T.);
#9035 = FACE_BOUND('',#9036,.T.);
#9036 = EDGE_LOOP('',(#9037,#9043,#9044,#9045));
#9037 = ORIENTED_EDGE('',*,*,#9038,.F.);
#9038 = EDGE_CURVE('',#8809,#8911,#9039,.T.);
#9039 = LINE('',#9040,#9041);
#9040 = CARTESIAN_POINT('',(0.707106781187,-13.43502884254,217.));
#9041 = VECTOR('',#9042,1.);
#9042 = DIRECTION('',(-0.707106781187,0.707106781187,0.));
#9043 = ORIENTED_EDGE('',*,*,#8816,.T.);
#9044 = ORIENTED_EDGE('',*,*,#9023,.T.);
#9045 = ORIENTED_EDGE('',*,*,#8918,.F.);
#9046 = PLANE('',#9047);
#9047 = AXIS2_PLACEMENT_3D('',#9048,#9049,#9050);
#9048 = CARTESIAN_POINT('',(0.707106781187,-13.43502884254,217.));
#9049 = DIRECTION('',(0.,0.,1.));
#9050 = DIRECTION('',(0.707106781187,0.707106781187,0.));
#9051 = ADVANCED_FACE('',(#9052),#9058,.T.);
#9052 = FACE_BOUND('',#9053,.T.);
#9053 = EDGE_LOOP('',(#9054,#9055,#9056,#9057));
#9054 = ORIENTED_EDGE('',*,*,#8878,.F.);
#9055 = ORIENTED_EDGE('',*,*,#8808,.T.);
#9056 = ORIENTED_EDGE('',*,*,#9038,.T.);
#9057 = ORIENTED_EDGE('',*,*,#8910,.F.);
#9058 = PLANE('',#9059);
#9059 = AXIS2_PLACEMENT_3D('',#9060,#9061,#9062);
#9060 = CARTESIAN_POINT('',(0.707106781187,-13.43502884254,217.));
#9061 = DIRECTION('',(0.707106781187,0.707106781187,0.));
#9062 = DIRECTION('',(0.,0.,1.));
#9063 = ADVANCED_FACE('',(#9064),#9075,.F.);
#9064 = FACE_BOUND('',#9065,.F.);
#9065 = EDGE_LOOP('',(#9066,#9067,#9073,#9074));
#9066 = ORIENTED_EDGE('',*,*,#8942,.F.);
#9067 = ORIENTED_EDGE('',*,*,#9068,.F.);
#9068 = EDGE_CURVE('',#8841,#8943,#9069,.T.);
#9069 = LINE('',#9070,#9071);
#9070 = CARTESIAN_POINT('',(-163.341666454,-176.0695885154,220.));
#9071 = VECTOR('',#9072,1.);
#9072 = DIRECTION('',(-0.707106781187,0.707106781187,0.));
#9073 = ORIENTED_EDGE('',*,*,#8840,.T.);
#9074 = ORIENTED_EDGE('',*,*,#9068,.T.);
#9075 = CYLINDRICAL_SURFACE('',#9076,3.);
#9076 = AXIS2_PLACEMENT_3D('',#9077,#9078,#9079);
#9077 = CARTESIAN_POINT('',(-163.341666454,-176.0695885154,217.));
#9078 = DIRECTION('',(-0.707106781187,0.707106781187,0.));
#9079 = DIRECTION('',(0.,0.,1.));
#9080 = ADVANCED_FACE('',(#9081),#9092,.F.);
#9081 = FACE_BOUND('',#9082,.F.);
#9082 = EDGE_LOOP('',(#9083,#9084,#9090,#9091));
#9083 = ORIENTED_EDGE('',*,*,#8953,.F.);
#9084 = ORIENTED_EDGE('',*,*,#9085,.F.);
#9085 = EDGE_CURVE('',#8852,#8954,#9086,.T.);
#9086 = LINE('',#9087,#9088);
#9087 = CARTESIAN_POINT('',(176.06958851545,163.34166645409,220.));
#9088 = VECTOR('',#9089,1.);
#9089 = DIRECTION('',(-0.707106781187,0.707106781187,0.));
#9090 = ORIENTED_EDGE('',*,*,#8851,.T.);
#9091 = ORIENTED_EDGE('',*,*,#9085,.T.);
#9092 = CYLINDRICAL_SURFACE('',#9093,3.);
#9093 = AXIS2_PLACEMENT_3D('',#9094,#9095,#9096);
#9094 = CARTESIAN_POINT('',(176.06958851545,163.34166645409,217.));
#9095 = DIRECTION('',(-0.707106781187,0.707106781187,0.));
#9096 = DIRECTION('',(0.,0.,1.));
#9097 = ( GEOMETRIC_REPRESENTATION_CONTEXT(3) 
GLOBAL_UNCERTAINTY_ASSIGNED_CONTEXT((#9101)) 
GLOBAL_UNIT_ASSIGNED_CONTEXT((#9098,#9099,#9100)) REPRESENTATION_CONTEXT
('Context #1','3D Context with UNIT and UNCERTAINTY') );
#9098 = ( LENGTH_UNIT() NAMED_UNIT(*) SI_UNIT(.MILLI.,.METRE.) );
#9099 = ( NAMED_UNIT(*) PLANE_ANGLE_UNIT() SI_UNIT($,.RADIAN.) );
#9100 = ( NAMED_UNIT(*) SI_UNIT($,.STERADIAN.) SOLID_ANGLE_UNIT() );
#9101 = UNCERTAINTY_MEASURE_WITH_UNIT(LENGTH_MEASURE(1.E-07),#9098,
  'distance_accuracy_value','confusion accuracy');
#9102 = CONTEXT_DEPENDENT_SHAPE_REPRESENTATION(#9103,#9105);
#9103 = ( REPRESENTATION_RELATIONSHIP('','',#8736,#10) 
REPRESENTATION_RELATIONSHIP_WITH_TRANSFORMATION(#9104) 
SHAPE_REPRESENTATION_RELATIONSHIP() );
#9104 = ITEM_DEFINED_TRANSFORMATION('','',#11,#135);
#9105 = PRODUCT_DEFINITION_SHAPE('Placement','Placement of an item',
  #9106);
#9106 = NEXT_ASSEMBLY_USAGE_OCCURRENCE('31','P31 X level 3 beam 1','',#5
  ,#8731,$);
#9107 = PRODUCT_RELATED_PRODUCT_CATEGORY('part',$,(#8733));
#9108 = SHAPE_DEFINITION_REPRESENTATION(#9109,#9115);
#9109 = PRODUCT_DEFINITION_SHAPE('','',#9110);
#9110 = PRODUCT_DEFINITION('design','',#9111,#9114);
#9111 = PRODUCT_DEFINITION_FORMATION('','',#9112);
#9112 = PRODUCT('P32 X level 3 beam 2','P32 X level 3 beam 2','',(#9113)
  );
#9113 = PRODUCT_CONTEXT('',#2,'mechanical');
#9114 = PRODUCT_DEFINITION_CONTEXT('part definition',#2,'design');
#9115 = ADVANCED_BREP_SHAPE_REPRESENTATION('',(#11,#9116),#9476);
#9116 = MANIFOLD_SOLID_BREP('',#9117);
#9117 = CLOSED_SHELL('',(#9118,#9158,#9243,#9267,#9345,#9362,#9379,#9396
    ,#9413,#9430,#9442,#9459));
#9118 = ADVANCED_FACE('',(#9119),#9153,.F.);
#9119 = FACE_BOUND('',#9120,.F.);
#9120 = EDGE_LOOP('',(#9121,#9131,#9139,#9147));
#9121 = ORIENTED_EDGE('',*,*,#9122,.F.);
#9122 = EDGE_CURVE('',#9123,#9125,#9127,.T.);
#9123 = VERTEX_POINT('',#9124);
#9124 = CARTESIAN_POINT('',(188.7975105768,-176.0695885154,210.));
#9125 = VERTEX_POINT('',#9126);
#9126 = CARTESIAN_POINT('',(188.7975105768,-176.0695885154,224.));
#9127 = LINE('',#9128,#9129);
#9128 = CARTESIAN_POINT('',(188.7975105768,-176.0695885154,210.));
#9129 = VECTOR('',#9130,1.);
#9130 = DIRECTION('',(0.,0.,1.));
#9131 = ORIENTED_EDGE('',*,*,#9132,.T.);
#9132 = EDGE_CURVE('',#9123,#9133,#9135,.T.);
#9133 = VERTEX_POINT('',#9134);
#9134 = CARTESIAN_POINT('',(176.06958851545,-188.7975105768,210.));
#9135 = LINE('',#9136,#9137);
#9136 = CARTESIAN_POINT('',(188.7975105768,-176.0695885154,210.));
#9137 = VECTOR('',#9138,1.);
#9138 = DIRECTION('',(-0.707106781187,-0.707106781187,0.));
#9139 = ORIENTED_EDGE('',*,*,#9140,.T.);
#9140 = EDGE_CURVE('',#9133,#9141,#9143,.T.);
#9141 = VERTEX_POINT('',#9142);
#9142 = CARTESIAN_POINT('',(176.06958851545,-188.7975105768,224.));
#9143 = LINE('',#9144,#9145);
#9144 = CARTESIAN_POINT('',(176.06958851545,-188.7975105768,210.));
#9145 = VECTOR('',#9146,1.);
#9146 = DIRECTION('',(0.,0.,1.));
#9147 = ORIENTED_EDGE('',*,*,#9148,.F.);
#9148 = EDGE_CURVE('',#9125,#9141,#9149,.T.);
#9149 = LINE('',#9150,#9151);
#9150 = CARTESIAN_POINT('',(188.7975105768,-176.0695885154,224.));
#9151 = VECTOR('',#9152,1.);
#9152 = DIRECTION('',(-0.707106781187,-0.707106781187,0.));
#9153 = PLANE('',#9154);
#9154 = AXIS2_PLACEMENT_3D('',#9155,#9156,#9157);
#9155 = CARTESIAN_POINT('',(188.7975105768,-176.0695885154,210.));
#9156 = DIRECTION('',(-0.707106781187,0.707106781187,0.));
#9157 = DIRECTION('',(0.,0.,1.));
#9158 = ADVANCED_FACE('',(#9159,#9216,#9227),#9238,.F.);
#9159 = FACE_BOUND('',#9160,.F.);
#9160 = EDGE_LOOP('',(#9161,#9169,#9170,#9178,#9186,#9194,#9202,#9210));
#9161 = ORIENTED_EDGE('',*,*,#9162,.F.);
#9162 = EDGE_CURVE('',#9123,#9163,#9165,.T.);
#9163 = VERTEX_POINT('',#9164);
#9164 = CARTESIAN_POINT('',(12.727922061358,-5.551115123126E-16,210.));
#9165 = LINE('',#9166,#9167);
#9166 = CARTESIAN_POINT('',(188.7975105768,-176.0695885154,210.));
#9167 = VECTOR('',#9168,1.);
#9168 = DIRECTION('',(-0.707106781187,0.707106781187,0.));
#9169 = ORIENTED_EDGE('',*,*,#9122,.T.);
#9170 = ORIENTED_EDGE('',*,*,#9171,.T.);
#9171 = EDGE_CURVE('',#9125,#9172,#9174,.T.);
#9172 = VERTEX_POINT('',#9173);
#9173 = CARTESIAN_POINT('',(-176.0695885154,188.7975105768,224.));
#9174 = LINE('',#9175,#9176);
#9175 = CARTESIAN_POINT('',(188.7975105768,-176.0695885154,224.));
#9176 = VECTOR('',#9177,1.);
#9177 = DIRECTION('',(-0.707106781187,0.707106781187,0.));
#9178 = ORIENTED_EDGE('',*,*,#9179,.F.);
#9179 = EDGE_CURVE('',#9180,#9172,#9182,.T.);
#9180 = VERTEX_POINT('',#9181);
#9181 = CARTESIAN_POINT('',(-176.0695885154,188.7975105768,210.));
#9182 = LINE('',#9183,#9184);
#9183 = CARTESIAN_POINT('',(-176.0695885154,188.7975105768,210.));
#9184 = VECTOR('',#9185,1.);
#9185 = DIRECTION('',(0.,0.,1.));
#9186 = ORIENTED_EDGE('',*,*,#9187,.F.);
#9187 = EDGE_CURVE('',#9188,#9180,#9190,.T.);
#9188 = VERTEX_POINT('',#9189);
#9189 = CARTESIAN_POINT('',(1.33226762955E-15,12.727922061358,210.));
#9190 = LINE('',#9191,#9192);
#9191 = CARTESIAN_POINT('',(188.7975105768,-176.0695885154,210.));
#9192 = VECTOR('',#9193,1.);
#9193 = DIRECTION('',(-0.707106781187,0.707106781187,0.));
#9194 = ORIENTED_EDGE('',*,*,#9195,.F.);
#9195 = EDGE_CURVE('',#9196,#9188,#9198,.T.);
#9196 = VERTEX_POINT('',#9197);
#9197 = CARTESIAN_POINT('',(1.33226762955E-15,12.727922061358,217.));
#9198 = LINE('',#9199,#9200);
#9199 = CARTESIAN_POINT('',(1.33226762955E-15,12.727922061358,210.));
#9200 = VECTOR('',#9201,1.);
#9201 = DIRECTION('',(0.,-0.,-1.));
#9202 = ORIENTED_EDGE('',*,*,#9203,.F.);
#9203 = EDGE_CURVE('',#9204,#9196,#9206,.T.);
#9204 = VERTEX_POINT('',#9205);
#9205 = CARTESIAN_POINT('',(12.727922061358,-5.551115123126E-16,217.));
#9206 = LINE('',#9207,#9208);
#9207 = CARTESIAN_POINT('',(100.76271631908,-88.03479425772,217.));
#9208 = VECTOR('',#9209,1.);
#9209 = DIRECTION('',(-0.707106781187,0.707106781187,0.));
#9210 = ORIENTED_EDGE('',*,*,#9211,.T.);
#9211 = EDGE_CURVE('',#9204,#9163,#9212,.T.);
#9212 = LINE('',#9213,#9214);
#9213 = CARTESIAN_POINT('',(12.727922061358,-5.551115123126E-16,210.));
#9214 = VECTOR('',#9215,1.);
#9215 = DIRECTION('',(0.,-0.,-1.));
#9216 = FACE_BOUND('',#9217,.F.);
#9217 = EDGE_LOOP('',(#9218));
#9218 = ORIENTED_EDGE('',*,*,#9219,.F.);
#9219 = EDGE_CURVE('',#9220,#9220,#9222,.T.);
#9220 = VERTEX_POINT('',#9221);
#9221 = CARTESIAN_POINT('',(176.06958851545,-163.341666454,220.));
#9222 = CIRCLE('',#9223,3.);
#9223 = AXIS2_PLACEMENT_3D('',#9224,#9225,#9226);
#9224 = CARTESIAN_POINT('',(176.06958851545,-163.341666454,217.));
#9225 = DIRECTION('',(-0.707106781187,-0.707106781187,0.));
#9226 = DIRECTION('',(0.,0.,1.));
#9227 = FACE_BOUND('',#9228,.F.);
#9228 = EDGE_LOOP('',(#9229));
#9229 = ORIENTED_EDGE('',*,*,#9230,.F.);
#9230 = EDGE_CURVE('',#9231,#9231,#9233,.T.);
#9231 = VERTEX_POINT('',#9232);
#9232 = CARTESIAN_POINT('',(-163.341666454,176.06958851545,220.));
#9233 = CIRCLE('',#9234,3.);
#9234 = AXIS2_PLACEMENT_3D('',#9235,#9236,#9237);
#9235 = CARTESIAN_POINT('',(-163.341666454,176.06958851545,217.));
#9236 = DIRECTION('',(-0.707106781187,-0.707106781187,0.));
#9237 = DIRECTION('',(0.,0.,1.));
#9238 = PLANE('',#9239);
#9239 = AXIS2_PLACEMENT_3D('',#9240,#9241,#9242);
#9240 = CARTESIAN_POINT('',(188.7975105768,-176.0695885154,210.));
#9241 = DIRECTION('',(-0.707106781187,-0.707106781187,0.));
#9242 = DIRECTION('',(0.,0.,1.));
#9243 = ADVANCED_FACE('',(#9244),#9262,.T.);
#9244 = FACE_BOUND('',#9245,.T.);
#9245 = EDGE_LOOP('',(#9246,#9247,#9248,#9256));
#9246 = ORIENTED_EDGE('',*,*,#9148,.F.);
#9247 = ORIENTED_EDGE('',*,*,#9171,.T.);
#9248 = ORIENTED_EDGE('',*,*,#9249,.T.);
#9249 = EDGE_CURVE('',#9172,#9250,#9252,.T.);
#9250 = VERTEX_POINT('',#9251);
#9251 = CARTESIAN_POINT('',(-188.7975105768,176.06958851545,224.));
#9252 = LINE('',#9253,#9254);
#9253 = CARTESIAN_POINT('',(-176.0695885154,188.7975105768,224.));
#9254 = VECTOR('',#9255,1.);
#9255 = DIRECTION('',(-0.707106781187,-0.707106781187,0.));
#9256 = ORIENTED_EDGE('',*,*,#9257,.F.);
#9257 = EDGE_CURVE('',#9141,#9250,#9258,.T.);
#9258 = LINE('',#9259,#9260);
#9259 = CARTESIAN_POINT('',(176.06958851545,-188.7975105768,224.));
#9260 = VECTOR('',#9261,1.);
#9261 = DIRECTION('',(-0.707106781187,0.707106781187,0.));
#9262 = PLANE('',#9263);
#9263 = AXIS2_PLACEMENT_3D('',#9264,#9265,#9266);
#9264 = CARTESIAN_POINT('',(188.7975105768,-176.0695885154,224.));
#9265 = DIRECTION('',(0.,0.,1.));
#9266 = DIRECTION('',(-0.707106781187,0.707106781187,0.));
#9267 = ADVANCED_FACE('',(#9268,#9318,#9329),#9340,.T.);
#9268 = FACE_BOUND('',#9269,.T.);
#9269 = EDGE_LOOP('',(#9270,#9278,#9279,#9280,#9288,#9296,#9304,#9312));
#9270 = ORIENTED_EDGE('',*,*,#9271,.F.);
#9271 = EDGE_CURVE('',#9133,#9272,#9274,.T.);
#9272 = VERTEX_POINT('',#9273);
#9273 = CARTESIAN_POINT('',(-1.33226762955E-15,-12.72792206135,210.));
#9274 = LINE('',#9275,#9276);
#9275 = CARTESIAN_POINT('',(176.06958851545,-188.7975105768,210.));
#9276 = VECTOR('',#9277,1.);
#9277 = DIRECTION('',(-0.707106781187,0.707106781187,0.));
#9278 = ORIENTED_EDGE('',*,*,#9140,.T.);
#9279 = ORIENTED_EDGE('',*,*,#9257,.T.);
#9280 = ORIENTED_EDGE('',*,*,#9281,.F.);
#9281 = EDGE_CURVE('',#9282,#9250,#9284,.T.);
#9282 = VERTEX_POINT('',#9283);
#9283 = CARTESIAN_POINT('',(-188.7975105768,176.06958851545,210.));
#9284 = LINE('',#9285,#9286);
#9285 = CARTESIAN_POINT('',(-188.7975105768,176.06958851545,210.));
#9286 = VECTOR('',#9287,1.);
#9287 = DIRECTION('',(0.,0.,1.));
#9288 = ORIENTED_EDGE('',*,*,#9289,.F.);
#9289 = EDGE_CURVE('',#9290,#9282,#9292,.T.);
#9290 = VERTEX_POINT('',#9291);
#9291 = CARTESIAN_POINT('',(-12.72792206135,5.551115123126E-16,210.));
#9292 = LINE('',#9293,#9294);
#9293 = CARTESIAN_POINT('',(176.06958851545,-188.7975105768,210.));
#9294 = VECTOR('',#9295,1.);
#9295 = DIRECTION('',(-0.707106781187,0.707106781187,0.));
#9296 = ORIENTED_EDGE('',*,*,#9297,.F.);
#9297 = EDGE_CURVE('',#9298,#9290,#9300,.T.);
#9298 = VERTEX_POINT('',#9299);
#9299 = CARTESIAN_POINT('',(-12.72792206135,5.551115123126E-16,217.));
#9300 = LINE('',#9301,#9302);
#9301 = CARTESIAN_POINT('',(-12.72792206135,5.551115123126E-16,210.));
#9302 = VECTOR('',#9303,1.);
#9303 = DIRECTION('',(0.,-0.,-1.));
#9304 = ORIENTED_EDGE('',*,*,#9305,.F.);
#9305 = EDGE_CURVE('',#9306,#9298,#9308,.T.);
#9306 = VERTEX_POINT('',#9307);
#9307 = CARTESIAN_POINT('',(-1.33226762955E-15,-12.72792206135,217.));
#9308 = LINE('',#9309,#9310);
#9309 = CARTESIAN_POINT('',(88.034794257725,-100.762716319,217.));
#9310 = VECTOR('',#9311,1.);
#9311 = DIRECTION('',(-0.707106781187,0.707106781187,0.));
#9312 = ORIENTED_EDGE('',*,*,#9313,.T.);
#9313 = EDGE_CURVE('',#9306,#9272,#9314,.T.);
#9314 = LINE('',#9315,#9316);
#9315 = CARTESIAN_POINT('',(-1.33226762955E-15,-12.72792206135,210.));
#9316 = VECTOR('',#9317,1.);
#9317 = DIRECTION('',(0.,-0.,-1.));
#9318 = FACE_BOUND('',#9319,.T.);
#9319 = EDGE_LOOP('',(#9320));
#9320 = ORIENTED_EDGE('',*,*,#9321,.F.);
#9321 = EDGE_CURVE('',#9322,#9322,#9324,.T.);
#9322 = VERTEX_POINT('',#9323);
#9323 = CARTESIAN_POINT('',(163.34166645409,-176.0695885154,220.));
#9324 = CIRCLE('',#9325,3.);
#9325 = AXIS2_PLACEMENT_3D('',#9326,#9327,#9328);
#9326 = CARTESIAN_POINT('',(163.34166645409,-176.0695885154,217.));
#9327 = DIRECTION('',(-0.707106781187,-0.707106781187,0.));
#9328 = DIRECTION('',(0.,0.,1.));
#9329 = FACE_BOUND('',#9330,.T.);
#9330 = EDGE_LOOP('',(#9331));
#9331 = ORIENTED_EDGE('',*,*,#9332,.F.);
#9332 = EDGE_CURVE('',#9333,#9333,#9335,.T.);
#9333 = VERTEX_POINT('',#9334);
#9334 = CARTESIAN_POINT('',(-176.0695885154,163.34166645409,220.));
#9335 = CIRCLE('',#9336,3.);
#9336 = AXIS2_PLACEMENT_3D('',#9337,#9338,#9339);
#9337 = CARTESIAN_POINT('',(-176.0695885154,163.34166645409,217.));
#9338 = DIRECTION('',(-0.707106781187,-0.707106781187,0.));
#9339 = DIRECTION('',(0.,0.,1.));
#9340 = PLANE('',#9341);
#9341 = AXIS2_PLACEMENT_3D('',#9342,#9343,#9344);
#9342 = CARTESIAN_POINT('',(176.06958851545,-188.7975105768,210.));
#9343 = DIRECTION('',(-0.707106781187,-0.707106781187,0.));
#9344 = DIRECTION('',(0.,0.,1.));
#9345 = ADVANCED_FACE('',(#9346),#9357,.F.);
#9346 = FACE_BOUND('',#9347,.F.);
#9347 = EDGE_LOOP('',(#9348,#9349,#9350,#9351));
#9348 = ORIENTED_EDGE('',*,*,#9271,.F.);
#9349 = ORIENTED_EDGE('',*,*,#9132,.F.);
#9350 = ORIENTED_EDGE('',*,*,#9162,.T.);
#9351 = ORIENTED_EDGE('',*,*,#9352,.T.);
#9352 = EDGE_CURVE('',#9163,#9272,#9353,.T.);
#9353 = LINE('',#9354,#9355);
#9354 = CARTESIAN_POINT('',(13.435028842544,0.707106781187,210.));
#9355 = VECTOR('',#9356,1.);
#9356 = DIRECTION('',(-0.707106781187,-0.707106781187,0.));
#9357 = PLANE('',#9358);
#9358 = AXIS2_PLACEMENT_3D('',#9359,#9360,#9361);
#9359 = CARTESIAN_POINT('',(188.7975105768,-176.0695885154,210.));
#9360 = DIRECTION('',(0.,0.,1.));
#9361 = DIRECTION('',(-0.707106781187,0.707106781187,0.));
#9362 = ADVANCED_FACE('',(#9363),#9374,.T.);
#9363 = FACE_BOUND('',#9364,.T.);
#9364 = EDGE_LOOP('',(#9365,#9371,#9372,#9373));
#9365 = ORIENTED_EDGE('',*,*,#9366,.F.);
#9366 = EDGE_CURVE('',#9204,#9306,#9367,.T.);
#9367 = LINE('',#9368,#9369);
#9368 = CARTESIAN_POINT('',(13.435028842544,0.707106781187,217.));
#9369 = VECTOR('',#9370,1.);
#9370 = DIRECTION('',(-0.707106781187,-0.707106781187,0.));
#9371 = ORIENTED_EDGE('',*,*,#9211,.T.);
#9372 = ORIENTED_EDGE('',*,*,#9352,.T.);
#9373 = ORIENTED_EDGE('',*,*,#9313,.F.);
#9374 = PLANE('',#9375);
#9375 = AXIS2_PLACEMENT_3D('',#9376,#9377,#9378);
#9376 = CARTESIAN_POINT('',(13.435028842544,0.707106781187,210.));
#9377 = DIRECTION('',(-0.707106781187,0.707106781187,0.));
#9378 = DIRECTION('',(0.,0.,1.));
#9379 = ADVANCED_FACE('',(#9380),#9391,.F.);
#9380 = FACE_BOUND('',#9381,.F.);
#9381 = EDGE_LOOP('',(#9382,#9383,#9384,#9390));
#9382 = ORIENTED_EDGE('',*,*,#9366,.F.);
#9383 = ORIENTED_EDGE('',*,*,#9203,.T.);
#9384 = ORIENTED_EDGE('',*,*,#9385,.T.);
#9385 = EDGE_CURVE('',#9196,#9298,#9386,.T.);
#9386 = LINE('',#9387,#9388);
#9387 = CARTESIAN_POINT('',(0.707106781187,13.435028842544,217.));
#9388 = VECTOR('',#9389,1.);
#9389 = DIRECTION('',(-0.707106781187,-0.707106781187,0.));
#9390 = ORIENTED_EDGE('',*,*,#9305,.F.);
#9391 = PLANE('',#9392);
#9392 = AXIS2_PLACEMENT_3D('',#9393,#9394,#9395);
#9393 = CARTESIAN_POINT('',(13.435028842544,0.707106781187,217.));
#9394 = DIRECTION('',(0.,0.,1.));
#9395 = DIRECTION('',(-0.707106781187,0.707106781187,0.));
#9396 = ADVANCED_FACE('',(#9397),#9408,.T.);
#9397 = FACE_BOUND('',#9398,.T.);
#9398 = EDGE_LOOP('',(#9399,#9400,#9406,#9407));
#9399 = ORIENTED_EDGE('',*,*,#9179,.F.);
#9400 = ORIENTED_EDGE('',*,*,#9401,.T.);
#9401 = EDGE_CURVE('',#9180,#9282,#9402,.T.);
#9402 = LINE('',#9403,#9404);
#9403 = CARTESIAN_POINT('',(-176.0695885154,188.7975105768,210.));
#9404 = VECTOR('',#9405,1.);
#9405 = DIRECTION('',(-0.707106781187,-0.707106781187,0.));
#9406 = ORIENTED_EDGE('',*,*,#9281,.T.);
#9407 = ORIENTED_EDGE('',*,*,#9249,.F.);
#9408 = PLANE('',#9409);
#9409 = AXIS2_PLACEMENT_3D('',#9410,#9411,#9412);
#9410 = CARTESIAN_POINT('',(-176.0695885154,188.7975105768,210.));
#9411 = DIRECTION('',(-0.707106781187,0.707106781187,0.));
#9412 = DIRECTION('',(0.,0.,1.));
#9413 = ADVANCED_FACE('',(#9414),#9425,.F.);
#9414 = FACE_BOUND('',#9415,.F.);
#9415 = EDGE_LOOP('',(#9416,#9417,#9418,#9424));
#9416 = ORIENTED_EDGE('',*,*,#9385,.F.);
#9417 = ORIENTED_EDGE('',*,*,#9195,.T.);
#9418 = ORIENTED_EDGE('',*,*,#9419,.T.);
#9419 = EDGE_CURVE('',#9188,#9290,#9420,.T.);
#9420 = LINE('',#9421,#9422);
#9421 = CARTESIAN_POINT('',(0.707106781187,13.435028842544,210.));
#9422 = VECTOR('',#9423,1.);
#9423 = DIRECTION('',(-0.707106781187,-0.707106781187,0.));
#9424 = ORIENTED_EDGE('',*,*,#9297,.F.);
#9425 = PLANE('',#9426);
#9426 = AXIS2_PLACEMENT_3D('',#9427,#9428,#9429);
#9427 = CARTESIAN_POINT('',(0.707106781187,13.435028842544,210.));
#9428 = DIRECTION('',(-0.707106781187,0.707106781187,0.));
#9429 = DIRECTION('',(0.,0.,1.));
#9430 = ADVANCED_FACE('',(#9431),#9437,.F.);
#9431 = FACE_BOUND('',#9432,.F.);
#9432 = EDGE_LOOP('',(#9433,#9434,#9435,#9436));
#9433 = ORIENTED_EDGE('',*,*,#9289,.F.);
#9434 = ORIENTED_EDGE('',*,*,#9419,.F.);
#9435 = ORIENTED_EDGE('',*,*,#9187,.T.);
#9436 = ORIENTED_EDGE('',*,*,#9401,.T.);
#9437 = PLANE('',#9438);
#9438 = AXIS2_PLACEMENT_3D('',#9439,#9440,#9441);
#9439 = CARTESIAN_POINT('',(188.7975105768,-176.0695885154,210.));
#9440 = DIRECTION('',(0.,0.,1.));
#9441 = DIRECTION('',(-0.707106781187,0.707106781187,0.));
#9442 = ADVANCED_FACE('',(#9443),#9454,.F.);
#9443 = FACE_BOUND('',#9444,.F.);
#9444 = EDGE_LOOP('',(#9445,#9446,#9452,#9453));
#9445 = ORIENTED_EDGE('',*,*,#9321,.F.);
#9446 = ORIENTED_EDGE('',*,*,#9447,.F.);
#9447 = EDGE_CURVE('',#9220,#9322,#9448,.T.);
#9448 = LINE('',#9449,#9450);
#9449 = CARTESIAN_POINT('',(176.06958851545,-163.341666454,220.));
#9450 = VECTOR('',#9451,1.);
#9451 = DIRECTION('',(-0.707106781187,-0.707106781187,0.));
#9452 = ORIENTED_EDGE('',*,*,#9219,.T.);
#9453 = ORIENTED_EDGE('',*,*,#9447,.T.);
#9454 = CYLINDRICAL_SURFACE('',#9455,3.);
#9455 = AXIS2_PLACEMENT_3D('',#9456,#9457,#9458);
#9456 = CARTESIAN_POINT('',(176.06958851545,-163.341666454,217.));
#9457 = DIRECTION('',(-0.707106781187,-0.707106781187,0.));
#9458 = DIRECTION('',(0.,0.,1.));
#9459 = ADVANCED_FACE('',(#9460),#9471,.F.);
#9460 = FACE_BOUND('',#9461,.F.);
#9461 = EDGE_LOOP('',(#9462,#9463,#9469,#9470));
#9462 = ORIENTED_EDGE('',*,*,#9332,.F.);
#9463 = ORIENTED_EDGE('',*,*,#9464,.F.);
#9464 = EDGE_CURVE('',#9231,#9333,#9465,.T.);
#9465 = LINE('',#9466,#9467);
#9466 = CARTESIAN_POINT('',(-163.341666454,176.06958851545,220.));
#9467 = VECTOR('',#9468,1.);
#9468 = DIRECTION('',(-0.707106781187,-0.707106781187,0.));
#9469 = ORIENTED_EDGE('',*,*,#9230,.T.);
#9470 = ORIENTED_EDGE('',*,*,#9464,.T.);
#9471 = CYLINDRICAL_SURFACE('',#9472,3.);
#9472 = AXIS2_PLACEMENT_3D('',#9473,#9474,#9475);
#9473 = CARTESIAN_POINT('',(-163.341666454,176.06958851545,217.));
#9474 = DIRECTION('',(-0.707106781187,-0.707106781187,0.));
#9475 = DIRECTION('',(0.,0.,1.));
#9476 = ( GEOMETRIC_REPRESENTATION_CONTEXT(3) 
GLOBAL_UNCERTAINTY_ASSIGNED_CONTEXT((#9480)) 
GLOBAL_UNIT_ASSIGNED_CONTEXT((#9477,#9478,#9479)) REPRESENTATION_CONTEXT
('Context #1','3D Context with UNIT and UNCERTAINTY') );
#9477 = ( LENGTH_UNIT() NAMED_UNIT(*) SI_UNIT(.MILLI.,.METRE.) );
#9478 = ( NAMED_UNIT(*) PLANE_ANGLE_UNIT() SI_UNIT($,.RADIAN.) );
#9479 = ( NAMED_UNIT(*) SI_UNIT($,.STERADIAN.) SOLID_ANGLE_UNIT() );
#9480 = UNCERTAINTY_MEASURE_WITH_UNIT(LENGTH_MEASURE(1.E-07),#9477,
  'distance_accuracy_value','confusion accuracy');
#9481 = CONTEXT_DEPENDENT_SHAPE_REPRESENTATION(#9482,#9484);
#9482 = ( REPRESENTATION_RELATIONSHIP('','',#9115,#10) 
REPRESENTATION_RELATIONSHIP_WITH_TRANSFORMATION(#9483) 
SHAPE_REPRESENTATION_RELATIONSHIP() );
#9483 = ITEM_DEFINED_TRANSFORMATION('','',#11,#139);
#9484 = PRODUCT_DEFINITION_SHAPE('Placement','Placement of an item',
  #9485);
#9485 = NEXT_ASSEMBLY_USAGE_OCCURRENCE('32','P32 X level 3 beam 2','',#5
  ,#9110,$);
#9486 = PRODUCT_RELATED_PRODUCT_CATEGORY('part',$,(#9112));
#9487 = SHAPE_DEFINITION_REPRESENTATION(#9488,#9494);
#9488 = PRODUCT_DEFINITION_SHAPE('','',#9489);
#9489 = PRODUCT_DEFINITION('design','',#9490,#9493);
#9490 = PRODUCT_DEFINITION_FORMATION('','',#9491);
#9491 = PRODUCT('P33 Cross pin 45 / level 1',
  'P33 Cross pin 45 / level 1','',(#9492));
#9492 = PRODUCT_CONTEXT('',#2,'mechanical');
#9493 = PRODUCT_DEFINITION_CONTEXT('part definition',#2,'design');
#9494 = ADVANCED_BREP_SHAPE_REPRESENTATION('',(#11,#9495),#9548);
#9495 = MANIFOLD_SOLID_BREP('',#9496);
#9496 = CLOSED_SHELL('',(#9497,#9530,#9539));
#9497 = ADVANCED_FACE('',(#9498),#9525,.T.);
#9498 = FACE_BOUND('',#9499,.T.);
#9499 = EDGE_LOOP('',(#9500,#9509,#9517,#9524));
#9500 = ORIENTED_EDGE('',*,*,#9501,.F.);
#9501 = EDGE_CURVE('',#9502,#9502,#9504,.T.);
#9502 = VERTEX_POINT('',#9503);
#9503 = CARTESIAN_POINT('',(127.27922061357,212.13203435596,276.));
#9504 = CIRCLE('',#9505,3.);
#9505 = AXIS2_PLACEMENT_3D('',#9506,#9507,#9508);
#9506 = CARTESIAN_POINT('',(127.27922061357,212.13203435596,273.));
#9507 = DIRECTION('',(-0.707106781187,0.707106781187,0.));
#9508 = DIRECTION('',(0.,0.,1.));
#9509 = ORIENTED_EDGE('',*,*,#9510,.F.);
#9510 = EDGE_CURVE('',#9511,#9502,#9513,.T.);
#9511 = VERTEX_POINT('',#9512);
#9512 = CARTESIAN_POINT('',(212.13203435596,127.27922061357,276.));
#9513 = LINE('',#9514,#9515);
#9514 = CARTESIAN_POINT('',(212.13203435596,127.27922061357,276.));
#9515 = VECTOR('',#9516,1.);
#9516 = DIRECTION('',(-0.707106781187,0.707106781187,0.));
#9517 = ORIENTED_EDGE('',*,*,#9518,.T.);
#9518 = EDGE_CURVE('',#9511,#9511,#9519,.T.);
#9519 = CIRCLE('',#9520,3.);
#9520 = AXIS2_PLACEMENT_3D('',#9521,#9522,#9523);
#9521 = CARTESIAN_POINT('',(212.13203435596,127.27922061357,273.));
#9522 = DIRECTION('',(-0.707106781187,0.707106781187,0.));
#9523 = DIRECTION('',(0.,0.,1.));
#9524 = ORIENTED_EDGE('',*,*,#9510,.T.);
#9525 = CYLINDRICAL_SURFACE('',#9526,3.);
#9526 = AXIS2_PLACEMENT_3D('',#9527,#9528,#9529);
#9527 = CARTESIAN_POINT('',(212.13203435596,127.27922061357,273.));
#9528 = DIRECTION('',(-0.707106781187,0.707106781187,0.));
#9529 = DIRECTION('',(0.,0.,1.));
#9530 = ADVANCED_FACE('',(#9531),#9534,.T.);
#9531 = FACE_BOUND('',#9532,.T.);
#9532 = EDGE_LOOP('',(#9533));
#9533 = ORIENTED_EDGE('',*,*,#9501,.T.);
#9534 = PLANE('',#9535);
#9535 = AXIS2_PLACEMENT_3D('',#9536,#9537,#9538);
#9536 = CARTESIAN_POINT('',(127.27922061357,212.13203435596,273.));
#9537 = DIRECTION('',(-0.707106781187,0.707106781187,0.));
#9538 = DIRECTION('',(0.,0.,1.));
#9539 = ADVANCED_FACE('',(#9540),#9543,.F.);
#9540 = FACE_BOUND('',#9541,.T.);
#9541 = EDGE_LOOP('',(#9542));
#9542 = ORIENTED_EDGE('',*,*,#9518,.F.);
#9543 = PLANE('',#9544);
#9544 = AXIS2_PLACEMENT_3D('',#9545,#9546,#9547);
#9545 = CARTESIAN_POINT('',(212.13203435596,127.27922061357,273.));
#9546 = DIRECTION('',(-0.707106781187,0.707106781187,0.));
#9547 = DIRECTION('',(0.,0.,1.));
#9548 = ( GEOMETRIC_REPRESENTATION_CONTEXT(3) 
GLOBAL_UNCERTAINTY_ASSIGNED_CONTEXT((#9552)) 
GLOBAL_UNIT_ASSIGNED_CONTEXT((#9549,#9550,#9551)) REPRESENTATION_CONTEXT
('Context #1','3D Context with UNIT and UNCERTAINTY') );
#9549 = ( LENGTH_UNIT() NAMED_UNIT(*) SI_UNIT(.MILLI.,.METRE.) );
#9550 = ( NAMED_UNIT(*) PLANE_ANGLE_UNIT() SI_UNIT($,.RADIAN.) );
#9551 = ( NAMED_UNIT(*) SI_UNIT($,.STERADIAN.) SOLID_ANGLE_UNIT() );
#9552 = UNCERTAINTY_MEASURE_WITH_UNIT(LENGTH_MEASURE(1.E-07),#9549,
  'distance_accuracy_value','confusion accuracy');
#9553 = CONTEXT_DEPENDENT_SHAPE_REPRESENTATION(#9554,#9556);
#9554 = ( REPRESENTATION_RELATIONSHIP('','',#9494,#10) 
REPRESENTATION_RELATIONSHIP_WITH_TRANSFORMATION(#9555) 
SHAPE_REPRESENTATION_RELATIONSHIP() );
#9555 = ITEM_DEFINED_TRANSFORMATION('','',#11,#143);
#9556 = PRODUCT_DEFINITION_SHAPE('Placement','Placement of an item',
  #9557);
#9557 = NEXT_ASSEMBLY_USAGE_OCCURRENCE('33','P33 Cross pin 45 / level 1'
  ,'',#5,#9489,$);
#9558 = PRODUCT_RELATED_PRODUCT_CATEGORY('part',$,(#9491));
#9559 = SHAPE_DEFINITION_REPRESENTATION(#9560,#9566);
#9560 = PRODUCT_DEFINITION_SHAPE('','',#9561);
#9561 = PRODUCT_DEFINITION('design','',#9562,#9565);
#9562 = PRODUCT_DEFINITION_FORMATION('','',#9563);
#9563 = PRODUCT('P34 Cross pin 45 / level 2',
  'P34 Cross pin 45 / level 2','',(#9564));
#9564 = PRODUCT_CONTEXT('',#2,'mechanical');
#9565 = PRODUCT_DEFINITION_CONTEXT('part definition',#2,'design');
#9566 = ADVANCED_BREP_SHAPE_REPRESENTATION('',(#11,#9567),#9620);
#9567 = MANIFOLD_SOLID_BREP('',#9568);
#9568 = CLOSED_SHELL('',(#9569,#9602,#9611));
#9569 = ADVANCED_FACE('',(#9570),#9597,.T.);
#9570 = FACE_BOUND('',#9571,.T.);
#9571 = EDGE_LOOP('',(#9572,#9581,#9589,#9596));
#9572 = ORIENTED_EDGE('',*,*,#9573,.F.);
#9573 = EDGE_CURVE('',#9574,#9574,#9576,.T.);
#9574 = VERTEX_POINT('',#9575);
#9575 = CARTESIAN_POINT('',(127.27922061357,212.13203435596,248.));
#9576 = CIRCLE('',#9577,3.);
#9577 = AXIS2_PLACEMENT_3D('',#9578,#9579,#9580);
#9578 = CARTESIAN_POINT('',(127.27922061357,212.13203435596,245.));
#9579 = DIRECTION('',(-0.707106781187,0.707106781187,0.));
#9580 = DIRECTION('',(0.,0.,1.));
#9581 = ORIENTED_EDGE('',*,*,#9582,.F.);
#9582 = EDGE_CURVE('',#9583,#9574,#9585,.T.);
#9583 = VERTEX_POINT('',#9584);
#9584 = CARTESIAN_POINT('',(212.13203435596,127.27922061357,248.));
#9585 = LINE('',#9586,#9587);
#9586 = CARTESIAN_POINT('',(212.13203435596,127.27922061357,248.));
#9587 = VECTOR('',#9588,1.);
#9588 = DIRECTION('',(-0.707106781187,0.707106781187,0.));
#9589 = ORIENTED_EDGE('',*,*,#9590,.T.);
#9590 = EDGE_CURVE('',#9583,#9583,#9591,.T.);
#9591 = CIRCLE('',#9592,3.);
#9592 = AXIS2_PLACEMENT_3D('',#9593,#9594,#9595);
#9593 = CARTESIAN_POINT('',(212.13203435596,127.27922061357,245.));
#9594 = DIRECTION('',(-0.707106781187,0.707106781187,0.));
#9595 = DIRECTION('',(0.,0.,1.));
#9596 = ORIENTED_EDGE('',*,*,#9582,.T.);
#9597 = CYLINDRICAL_SURFACE('',#9598,3.);
#9598 = AXIS2_PLACEMENT_3D('',#9599,#9600,#9601);
#9599 = CARTESIAN_POINT('',(212.13203435596,127.27922061357,245.));
#9600 = DIRECTION('',(-0.707106781187,0.707106781187,0.));
#9601 = DIRECTION('',(0.,0.,1.));
#9602 = ADVANCED_FACE('',(#9603),#9606,.T.);
#9603 = FACE_BOUND('',#9604,.T.);
#9604 = EDGE_LOOP('',(#9605));
#9605 = ORIENTED_EDGE('',*,*,#9573,.T.);
#9606 = PLANE('',#9607);
#9607 = AXIS2_PLACEMENT_3D('',#9608,#9609,#9610);
#9608 = CARTESIAN_POINT('',(127.27922061357,212.13203435596,245.));
#9609 = DIRECTION('',(-0.707106781187,0.707106781187,0.));
#9610 = DIRECTION('',(0.,0.,1.));
#9611 = ADVANCED_FACE('',(#9612),#9615,.F.);
#9612 = FACE_BOUND('',#9613,.T.);
#9613 = EDGE_LOOP('',(#9614));
#9614 = ORIENTED_EDGE('',*,*,#9590,.F.);
#9615 = PLANE('',#9616);
#9616 = AXIS2_PLACEMENT_3D('',#9617,#9618,#9619);
#9617 = CARTESIAN_POINT('',(212.13203435596,127.27922061357,245.));
#9618 = DIRECTION('',(-0.707106781187,0.707106781187,0.));
#9619 = DIRECTION('',(0.,0.,1.));
#9620 = ( GEOMETRIC_REPRESENTATION_CONTEXT(3) 
GLOBAL_UNCERTAINTY_ASSIGNED_CONTEXT((#9624)) 
GLOBAL_UNIT_ASSIGNED_CONTEXT((#9621,#9622,#9623)) REPRESENTATION_CONTEXT
('Context #1','3D Context with UNIT and UNCERTAINTY') );
#9621 = ( LENGTH_UNIT() NAMED_UNIT(*) SI_UNIT(.MILLI.,.METRE.) );
#9622 = ( NAMED_UNIT(*) PLANE_ANGLE_UNIT() SI_UNIT($,.RADIAN.) );
#9623 = ( NAMED_UNIT(*) SI_UNIT($,.STERADIAN.) SOLID_ANGLE_UNIT() );
#9624 = UNCERTAINTY_MEASURE_WITH_UNIT(LENGTH_MEASURE(1.E-07),#9621,
  'distance_accuracy_value','confusion accuracy');
#9625 = CONTEXT_DEPENDENT_SHAPE_REPRESENTATION(#9626,#9628);
#9626 = ( REPRESENTATION_RELATIONSHIP('','',#9566,#10) 
REPRESENTATION_RELATIONSHIP_WITH_TRANSFORMATION(#9627) 
SHAPE_REPRESENTATION_RELATIONSHIP() );
#9627 = ITEM_DEFINED_TRANSFORMATION('','',#11,#147);
#9628 = PRODUCT_DEFINITION_SHAPE('Placement','Placement of an item',
  #9629);
#9629 = NEXT_ASSEMBLY_USAGE_OCCURRENCE('34','P34 Cross pin 45 / level 2'
  ,'',#5,#9561,$);
#9630 = PRODUCT_RELATED_PRODUCT_CATEGORY('part',$,(#9563));
#9631 = SHAPE_DEFINITION_REPRESENTATION(#9632,#9638);
#9632 = PRODUCT_DEFINITION_SHAPE('','',#9633);
#9633 = PRODUCT_DEFINITION('design','',#9634,#9637);
#9634 = PRODUCT_DEFINITION_FORMATION('','',#9635);
#9635 = PRODUCT('P35 Cross pin 45 / level 3',
  'P35 Cross pin 45 / level 3','',(#9636));
#9636 = PRODUCT_CONTEXT('',#2,'mechanical');
#9637 = PRODUCT_DEFINITION_CONTEXT('part definition',#2,'design');
#9638 = ADVANCED_BREP_SHAPE_REPRESENTATION('',(#11,#9639),#9692);
#9639 = MANIFOLD_SOLID_BREP('',#9640);
#9640 = CLOSED_SHELL('',(#9641,#9674,#9683));
#9641 = ADVANCED_FACE('',(#9642),#9669,.T.);
#9642 = FACE_BOUND('',#9643,.T.);
#9643 = EDGE_LOOP('',(#9644,#9653,#9661,#9668));
#9644 = ORIENTED_EDGE('',*,*,#9645,.F.);
#9645 = EDGE_CURVE('',#9646,#9646,#9648,.T.);
#9646 = VERTEX_POINT('',#9647);
#9647 = CARTESIAN_POINT('',(127.27922061357,212.13203435596,220.));
#9648 = CIRCLE('',#9649,3.);
#9649 = AXIS2_PLACEMENT_3D('',#9650,#9651,#9652);
#9650 = CARTESIAN_POINT('',(127.27922061357,212.13203435596,217.));
#9651 = DIRECTION('',(-0.707106781187,0.707106781187,0.));
#9652 = DIRECTION('',(0.,0.,1.));
#9653 = ORIENTED_EDGE('',*,*,#9654,.F.);
#9654 = EDGE_CURVE('',#9655,#9646,#9657,.T.);
#9655 = VERTEX_POINT('',#9656);
#9656 = CARTESIAN_POINT('',(212.13203435596,127.27922061357,220.));
#9657 = LINE('',#9658,#9659);
#9658 = CARTESIAN_POINT('',(212.13203435596,127.27922061357,220.));
#9659 = VECTOR('',#9660,1.);
#9660 = DIRECTION('',(-0.707106781187,0.707106781187,0.));
#9661 = ORIENTED_EDGE('',*,*,#9662,.T.);
#9662 = EDGE_CURVE('',#9655,#9655,#9663,.T.);
#9663 = CIRCLE('',#9664,3.);
#9664 = AXIS2_PLACEMENT_3D('',#9665,#9666,#9667);
#9665 = CARTESIAN_POINT('',(212.13203435596,127.27922061357,217.));
#9666 = DIRECTION('',(-0.707106781187,0.707106781187,0.));
#9667 = DIRECTION('',(0.,0.,1.));
#9668 = ORIENTED_EDGE('',*,*,#9654,.T.);
#9669 = CYLINDRICAL_SURFACE('',#9670,3.);
#9670 = AXIS2_PLACEMENT_3D('',#9671,#9672,#9673);
#9671 = CARTESIAN_POINT('',(212.13203435596,127.27922061357,217.));
#9672 = DIRECTION('',(-0.707106781187,0.707106781187,0.));
#9673 = DIRECTION('',(0.,0.,1.));
#9674 = ADVANCED_FACE('',(#9675),#9678,.T.);
#9675 = FACE_BOUND('',#9676,.T.);
#9676 = EDGE_LOOP('',(#9677));
#9677 = ORIENTED_EDGE('',*,*,#9645,.T.);
#9678 = PLANE('',#9679);
#9679 = AXIS2_PLACEMENT_3D('',#9680,#9681,#9682);
#9680 = CARTESIAN_POINT('',(127.27922061357,212.13203435596,217.));
#9681 = DIRECTION('',(-0.707106781187,0.707106781187,0.));
#9682 = DIRECTION('',(0.,0.,1.));
#9683 = ADVANCED_FACE('',(#9684),#9687,.F.);
#9684 = FACE_BOUND('',#9685,.T.);
#9685 = EDGE_LOOP('',(#9686));
#9686 = ORIENTED_EDGE('',*,*,#9662,.F.);
#9687 = PLANE('',#9688);
#9688 = AXIS2_PLACEMENT_3D('',#9689,#9690,#9691);
#9689 = CARTESIAN_POINT('',(212.13203435596,127.27922061357,217.));
#9690 = DIRECTION('',(-0.707106781187,0.707106781187,0.));
#9691 = DIRECTION('',(0.,0.,1.));
#9692 = ( GEOMETRIC_REPRESENTATION_CONTEXT(3) 
GLOBAL_UNCERTAINTY_ASSIGNED_CONTEXT((#9696)) 
GLOBAL_UNIT_ASSIGNED_CONTEXT((#9693,#9694,#9695)) REPRESENTATION_CONTEXT
('Context #1','3D Context with UNIT and UNCERTAINTY') );
#9693 = ( LENGTH_UNIT() NAMED_UNIT(*) SI_UNIT(.MILLI.,.METRE.) );
#9694 = ( NAMED_UNIT(*) PLANE_ANGLE_UNIT() SI_UNIT($,.RADIAN.) );
#9695 = ( NAMED_UNIT(*) SI_UNIT($,.STERADIAN.) SOLID_ANGLE_UNIT() );
#9696 = UNCERTAINTY_MEASURE_WITH_UNIT(LENGTH_MEASURE(1.E-07),#9693,
  'distance_accuracy_value','confusion accuracy');
#9697 = CONTEXT_DEPENDENT_SHAPE_REPRESENTATION(#9698,#9700);
#9698 = ( REPRESENTATION_RELATIONSHIP('','',#9638,#10) 
REPRESENTATION_RELATIONSHIP_WITH_TRANSFORMATION(#9699) 
SHAPE_REPRESENTATION_RELATIONSHIP() );
#9699 = ITEM_DEFINED_TRANSFORMATION('','',#11,#151);
#9700 = PRODUCT_DEFINITION_SHAPE('Placement','Placement of an item',
  #9701);
#9701 = NEXT_ASSEMBLY_USAGE_OCCURRENCE('35','P35 Cross pin 45 / level 3'
  ,'',#5,#9633,$);
#9702 = PRODUCT_RELATED_PRODUCT_CATEGORY('part',$,(#9635));
#9703 = SHAPE_DEFINITION_REPRESENTATION(#9704,#9710);
#9704 = PRODUCT_DEFINITION_SHAPE('','',#9705);
#9705 = PRODUCT_DEFINITION('design','',#9706,#9709);
#9706 = PRODUCT_DEFINITION_FORMATION('','',#9707);
#9707 = PRODUCT('P36 Cross pin 135 / level 1',
  'P36 Cross pin 135 / level 1','',(#9708));
#9708 = PRODUCT_CONTEXT('',#2,'mechanical');
#9709 = PRODUCT_DEFINITION_CONTEXT('part definition',#2,'design');
#9710 = ADVANCED_BREP_SHAPE_REPRESENTATION('',(#11,#9711),#9764);
#9711 = MANIFOLD_SOLID_BREP('',#9712);
#9712 = CLOSED_SHELL('',(#9713,#9746,#9755));
#9713 = ADVANCED_FACE('',(#9714),#9741,.T.);
#9714 = FACE_BOUND('',#9715,.T.);
#9715 = EDGE_LOOP('',(#9716,#9725,#9733,#9740));
#9716 = ORIENTED_EDGE('',*,*,#9717,.F.);
#9717 = EDGE_CURVE('',#9718,#9718,#9720,.T.);
#9718 = VERTEX_POINT('',#9719);
#9719 = CARTESIAN_POINT('',(-212.1320343559,127.27922061357,276.));
#9720 = CIRCLE('',#9721,3.);
#9721 = AXIS2_PLACEMENT_3D('',#9722,#9723,#9724);
#9722 = CARTESIAN_POINT('',(-212.1320343559,127.27922061357,273.));
#9723 = DIRECTION('',(-0.707106781187,-0.707106781187,0.));
#9724 = DIRECTION('',(0.,0.,1.));
#9725 = ORIENTED_EDGE('',*,*,#9726,.F.);
#9726 = EDGE_CURVE('',#9727,#9718,#9729,.T.);
#9727 = VERTEX_POINT('',#9728);
#9728 = CARTESIAN_POINT('',(-127.2792206135,212.13203435596,276.));
#9729 = LINE('',#9730,#9731);
#9730 = CARTESIAN_POINT('',(-127.2792206135,212.13203435596,276.));
#9731 = VECTOR('',#9732,1.);
#9732 = DIRECTION('',(-0.707106781187,-0.707106781187,0.));
#9733 = ORIENTED_EDGE('',*,*,#9734,.T.);
#9734 = EDGE_CURVE('',#9727,#9727,#9735,.T.);
#9735 = CIRCLE('',#9736,3.);
#9736 = AXIS2_PLACEMENT_3D('',#9737,#9738,#9739);
#9737 = CARTESIAN_POINT('',(-127.2792206135,212.13203435596,273.));
#9738 = DIRECTION('',(-0.707106781187,-0.707106781187,0.));
#9739 = DIRECTION('',(0.,0.,1.));
#9740 = ORIENTED_EDGE('',*,*,#9726,.T.);
#9741 = CYLINDRICAL_SURFACE('',#9742,3.);
#9742 = AXIS2_PLACEMENT_3D('',#9743,#9744,#9745);
#9743 = CARTESIAN_POINT('',(-127.2792206135,212.13203435596,273.));
#9744 = DIRECTION('',(-0.707106781187,-0.707106781187,0.));
#9745 = DIRECTION('',(0.,0.,1.));
#9746 = ADVANCED_FACE('',(#9747),#9750,.T.);
#9747 = FACE_BOUND('',#9748,.T.);
#9748 = EDGE_LOOP('',(#9749));
#9749 = ORIENTED_EDGE('',*,*,#9717,.T.);
#9750 = PLANE('',#9751);
#9751 = AXIS2_PLACEMENT_3D('',#9752,#9753,#9754);
#9752 = CARTESIAN_POINT('',(-212.1320343559,127.27922061357,273.));
#9753 = DIRECTION('',(-0.707106781187,-0.707106781187,0.));
#9754 = DIRECTION('',(0.,0.,1.));
#9755 = ADVANCED_FACE('',(#9756),#9759,.F.);
#9756 = FACE_BOUND('',#9757,.T.);
#9757 = EDGE_LOOP('',(#9758));
#9758 = ORIENTED_EDGE('',*,*,#9734,.F.);
#9759 = PLANE('',#9760);
#9760 = AXIS2_PLACEMENT_3D('',#9761,#9762,#9763);
#9761 = CARTESIAN_POINT('',(-127.2792206135,212.13203435596,273.));
#9762 = DIRECTION('',(-0.707106781187,-0.707106781187,0.));
#9763 = DIRECTION('',(0.,0.,1.));
#9764 = ( GEOMETRIC_REPRESENTATION_CONTEXT(3) 
GLOBAL_UNCERTAINTY_ASSIGNED_CONTEXT((#9768)) 
GLOBAL_UNIT_ASSIGNED_CONTEXT((#9765,#9766,#9767)) REPRESENTATION_CONTEXT
('Context #1','3D Context with UNIT and UNCERTAINTY') );
#9765 = ( LENGTH_UNIT() NAMED_UNIT(*) SI_UNIT(.MILLI.,.METRE.) );
#9766 = ( NAMED_UNIT(*) PLANE_ANGLE_UNIT() SI_UNIT($,.RADIAN.) );
#9767 = ( NAMED_UNIT(*) SI_UNIT($,.STERADIAN.) SOLID_ANGLE_UNIT() );
#9768 = UNCERTAINTY_MEASURE_WITH_UNIT(LENGTH_MEASURE(1.E-07),#9765,
  'distance_accuracy_value','confusion accuracy');
#9769 = CONTEXT_DEPENDENT_SHAPE_REPRESENTATION(#9770,#9772);
#9770 = ( REPRESENTATION_RELATIONSHIP('','',#9710,#10) 
REPRESENTATION_RELATIONSHIP_WITH_TRANSFORMATION(#9771) 
SHAPE_REPRESENTATION_RELATIONSHIP() );
#9771 = ITEM_DEFINED_TRANSFORMATION('','',#11,#155);
#9772 = PRODUCT_DEFINITION_SHAPE('Placement','Placement of an item',
  #9773);
#9773 = NEXT_ASSEMBLY_USAGE_OCCURRENCE('36',
  'P36 Cross pin 135 / level 1','',#5,#9705,$);
#9774 = PRODUCT_RELATED_PRODUCT_CATEGORY('part',$,(#9707));
#9775 = SHAPE_DEFINITION_REPRESENTATION(#9776,#9782);
#9776 = PRODUCT_DEFINITION_SHAPE('','',#9777);
#9777 = PRODUCT_DEFINITION('design','',#9778,#9781);
#9778 = PRODUCT_DEFINITION_FORMATION('','',#9779);
#9779 = PRODUCT('P37 Cross pin 135 / level 2',
  'P37 Cross pin 135 / level 2','',(#9780));
#9780 = PRODUCT_CONTEXT('',#2,'mechanical');
#9781 = PRODUCT_DEFINITION_CONTEXT('part definition',#2,'design');
#9782 = ADVANCED_BREP_SHAPE_REPRESENTATION('',(#11,#9783),#9836);
#9783 = MANIFOLD_SOLID_BREP('',#9784);
#9784 = CLOSED_SHELL('',(#9785,#9818,#9827));
#9785 = ADVANCED_FACE('',(#9786),#9813,.T.);
#9786 = FACE_BOUND('',#9787,.T.);
#9787 = EDGE_LOOP('',(#9788,#9797,#9805,#9812));
#9788 = ORIENTED_EDGE('',*,*,#9789,.F.);
#9789 = EDGE_CURVE('',#9790,#9790,#9792,.T.);
#9790 = VERTEX_POINT('',#9791);
#9791 = CARTESIAN_POINT('',(-212.1320343559,127.27922061357,248.));
#9792 = CIRCLE('',#9793,3.);
#9793 = AXIS2_PLACEMENT_3D('',#9794,#9795,#9796);
#9794 = CARTESIAN_POINT('',(-212.1320343559,127.27922061357,245.));
#9795 = DIRECTION('',(-0.707106781187,-0.707106781187,0.));
#9796 = DIRECTION('',(0.,0.,1.));
#9797 = ORIENTED_EDGE('',*,*,#9798,.F.);
#9798 = EDGE_CURVE('',#9799,#9790,#9801,.T.);
#9799 = VERTEX_POINT('',#9800);
#9800 = CARTESIAN_POINT('',(-127.2792206135,212.13203435596,248.));
#9801 = LINE('',#9802,#9803);
#9802 = CARTESIAN_POINT('',(-127.2792206135,212.13203435596,248.));
#9803 = VECTOR('',#9804,1.);
#9804 = DIRECTION('',(-0.707106781187,-0.707106781187,0.));
#9805 = ORIENTED_EDGE('',*,*,#9806,.T.);
#9806 = EDGE_CURVE('',#9799,#9799,#9807,.T.);
#9807 = CIRCLE('',#9808,3.);
#9808 = AXIS2_PLACEMENT_3D('',#9809,#9810,#9811);
#9809 = CARTESIAN_POINT('',(-127.2792206135,212.13203435596,245.));
#9810 = DIRECTION('',(-0.707106781187,-0.707106781187,0.));
#9811 = DIRECTION('',(0.,0.,1.));
#9812 = ORIENTED_EDGE('',*,*,#9798,.T.);
#9813 = CYLINDRICAL_SURFACE('',#9814,3.);
#9814 = AXIS2_PLACEMENT_3D('',#9815,#9816,#9817);
#9815 = CARTESIAN_POINT('',(-127.2792206135,212.13203435596,245.));
#9816 = DIRECTION('',(-0.707106781187,-0.707106781187,0.));
#9817 = DIRECTION('',(0.,0.,1.));
#9818 = ADVANCED_FACE('',(#9819),#9822,.T.);
#9819 = FACE_BOUND('',#9820,.T.);
#9820 = EDGE_LOOP('',(#9821));
#9821 = ORIENTED_EDGE('',*,*,#9789,.T.);
#9822 = PLANE('',#9823);
#9823 = AXIS2_PLACEMENT_3D('',#9824,#9825,#9826);
#9824 = CARTESIAN_POINT('',(-212.1320343559,127.27922061357,245.));
#9825 = DIRECTION('',(-0.707106781187,-0.707106781187,0.));
#9826 = DIRECTION('',(0.,0.,1.));
#9827 = ADVANCED_FACE('',(#9828),#9831,.F.);
#9828 = FACE_BOUND('',#9829,.T.);
#9829 = EDGE_LOOP('',(#9830));
#9830 = ORIENTED_EDGE('',*,*,#9806,.F.);
#9831 = PLANE('',#9832);
#9832 = AXIS2_PLACEMENT_3D('',#9833,#9834,#9835);
#9833 = CARTESIAN_POINT('',(-127.2792206135,212.13203435596,245.));
#9834 = DIRECTION('',(-0.707106781187,-0.707106781187,0.));
#9835 = DIRECTION('',(0.,0.,1.));
#9836 = ( GEOMETRIC_REPRESENTATION_CONTEXT(3) 
GLOBAL_UNCERTAINTY_ASSIGNED_CONTEXT((#9840)) 
GLOBAL_UNIT_ASSIGNED_CONTEXT((#9837,#9838,#9839)) REPRESENTATION_CONTEXT
('Context #1','3D Context with UNIT and UNCERTAINTY') );
#9837 = ( LENGTH_UNIT() NAMED_UNIT(*) SI_UNIT(.MILLI.,.METRE.) );
#9838 = ( NAMED_UNIT(*) PLANE_ANGLE_UNIT() SI_UNIT($,.RADIAN.) );
#9839 = ( NAMED_UNIT(*) SI_UNIT($,.STERADIAN.) SOLID_ANGLE_UNIT() );
#9840 = UNCERTAINTY_MEASURE_WITH_UNIT(LENGTH_MEASURE(1.E-07),#9837,
  'distance_accuracy_value','confusion accuracy');
#9841 = CONTEXT_DEPENDENT_SHAPE_REPRESENTATION(#9842,#9844);
#9842 = ( REPRESENTATION_RELATIONSHIP('','',#9782,#10) 
REPRESENTATION_RELATIONSHIP_WITH_TRANSFORMATION(#9843) 
SHAPE_REPRESENTATION_RELATIONSHIP() );
#9843 = ITEM_DEFINED_TRANSFORMATION('','',#11,#159);
#9844 = PRODUCT_DEFINITION_SHAPE('Placement','Placement of an item',
  #9845);
#9845 = NEXT_ASSEMBLY_USAGE_OCCURRENCE('37',
  'P37 Cross pin 135 / level 2','',#5,#9777,$);
#9846 = PRODUCT_RELATED_PRODUCT_CATEGORY('part',$,(#9779));
#9847 = SHAPE_DEFINITION_REPRESENTATION(#9848,#9854);
#9848 = PRODUCT_DEFINITION_SHAPE('','',#9849);
#9849 = PRODUCT_DEFINITION('design','',#9850,#9853);
#9850 = PRODUCT_DEFINITION_FORMATION('','',#9851);
#9851 = PRODUCT('P38 Cross pin 135 / level 3',
  'P38 Cross pin 135 / level 3','',(#9852));
#9852 = PRODUCT_CONTEXT('',#2,'mechanical');
#9853 = PRODUCT_DEFINITION_CONTEXT('part definition',#2,'design');
#9854 = ADVANCED_BREP_SHAPE_REPRESENTATION('',(#11,#9855),#9908);
#9855 = MANIFOLD_SOLID_BREP('',#9856);
#9856 = CLOSED_SHELL('',(#9857,#9890,#9899));
#9857 = ADVANCED_FACE('',(#9858),#9885,.T.);
#9858 = FACE_BOUND('',#9859,.T.);
#9859 = EDGE_LOOP('',(#9860,#9869,#9877,#9884));
#9860 = ORIENTED_EDGE('',*,*,#9861,.F.);
#9861 = EDGE_CURVE('',#9862,#9862,#9864,.T.);
#9862 = VERTEX_POINT('',#9863);
#9863 = CARTESIAN_POINT('',(-212.1320343559,127.27922061357,220.));
#9864 = CIRCLE('',#9865,3.);
#9865 = AXIS2_PLACEMENT_3D('',#9866,#9867,#9868);
#9866 = CARTESIAN_POINT('',(-212.1320343559,127.27922061357,217.));
#9867 = DIRECTION('',(-0.707106781187,-0.707106781187,0.));
#9868 = DIRECTION('',(0.,0.,1.));
#9869 = ORIENTED_EDGE('',*,*,#9870,.F.);
#9870 = EDGE_CURVE('',#9871,#9862,#9873,.T.);
#9871 = VERTEX_POINT('',#9872);
#9872 = CARTESIAN_POINT('',(-127.2792206135,212.13203435596,220.));
#9873 = LINE('',#9874,#9875);
#9874 = CARTESIAN_POINT('',(-127.2792206135,212.13203435596,220.));
#9875 = VECTOR('',#9876,1.);
#9876 = DIRECTION('',(-0.707106781187,-0.707106781187,0.));
#9877 = ORIENTED_EDGE('',*,*,#9878,.T.);
#9878 = EDGE_CURVE('',#9871,#9871,#9879,.T.);
#9879 = CIRCLE('',#9880,3.);
#9880 = AXIS2_PLACEMENT_3D('',#9881,#9882,#9883);
#9881 = CARTESIAN_POINT('',(-127.2792206135,212.13203435596,217.));
#9882 = DIRECTION('',(-0.707106781187,-0.707106781187,0.));
#9883 = DIRECTION('',(0.,0.,1.));
#9884 = ORIENTED_EDGE('',*,*,#9870,.T.);
#9885 = CYLINDRICAL_SURFACE('',#9886,3.);
#9886 = AXIS2_PLACEMENT_3D('',#9887,#9888,#9889);
#9887 = CARTESIAN_POINT('',(-127.2792206135,212.13203435596,217.));
#9888 = DIRECTION('',(-0.707106781187,-0.707106781187,0.));
#9889 = DIRECTION('',(0.,0.,1.));
#9890 = ADVANCED_FACE('',(#9891),#9894,.T.);
#9891 = FACE_BOUND('',#9892,.T.);
#9892 = EDGE_LOOP('',(#9893));
#9893 = ORIENTED_EDGE('',*,*,#9861,.T.);
#9894 = PLANE('',#9895);
#9895 = AXIS2_PLACEMENT_3D('',#9896,#9897,#9898);
#9896 = CARTESIAN_POINT('',(-212.1320343559,127.27922061357,217.));
#9897 = DIRECTION('',(-0.707106781187,-0.707106781187,0.));
#9898 = DIRECTION('',(0.,0.,1.));
#9899 = ADVANCED_FACE('',(#9900),#9903,.F.);
#9900 = FACE_BOUND('',#9901,.T.);
#9901 = EDGE_LOOP('',(#9902));
#9902 = ORIENTED_EDGE('',*,*,#9878,.F.);
#9903 = PLANE('',#9904);
#9904 = AXIS2_PLACEMENT_3D('',#9905,#9906,#9907);
#9905 = CARTESIAN_POINT('',(-127.2792206135,212.13203435596,217.));
#9906 = DIRECTION('',(-0.707106781187,-0.707106781187,0.));
#9907 = DIRECTION('',(0.,0.,1.));
#9908 = ( GEOMETRIC_REPRESENTATION_CONTEXT(3) 
GLOBAL_UNCERTAINTY_ASSIGNED_CONTEXT((#9912)) 
GLOBAL_UNIT_ASSIGNED_CONTEXT((#9909,#9910,#9911)) REPRESENTATION_CONTEXT
('Context #1','3D Context with UNIT and UNCERTAINTY') );
#9909 = ( LENGTH_UNIT() NAMED_UNIT(*) SI_UNIT(.MILLI.,.METRE.) );
#9910 = ( NAMED_UNIT(*) PLANE_ANGLE_UNIT() SI_UNIT($,.RADIAN.) );
#9911 = ( NAMED_UNIT(*) SI_UNIT($,.STERADIAN.) SOLID_ANGLE_UNIT() );
#9912 = UNCERTAINTY_MEASURE_WITH_UNIT(LENGTH_MEASURE(1.E-07),#9909,
  'distance_accuracy_value','confusion accuracy');
#9913 = CONTEXT_DEPENDENT_SHAPE_REPRESENTATION(#9914,#9916);
#9914 = ( REPRESENTATION_RELATIONSHIP('','',#9854,#10) 
REPRESENTATION_RELATIONSHIP_WITH_TRANSFORMATION(#9915) 
SHAPE_REPRESENTATION_RELATIONSHIP() );
#9915 = ITEM_DEFINED_TRANSFORMATION('','',#11,#163);
#9916 = PRODUCT_DEFINITION_SHAPE('Placement','Placement of an item',
  #9917);
#9917 = NEXT_ASSEMBLY_USAGE_OCCURRENCE('38',
  'P38 Cross pin 135 / level 3','',#5,#9849,$);
#9918 = PRODUCT_RELATED_PRODUCT_CATEGORY('part',$,(#9851));
#9919 = SHAPE_DEFINITION_REPRESENTATION(#9920,#9926);
#9920 = PRODUCT_DEFINITION_SHAPE('','',#9921);
#9921 = PRODUCT_DEFINITION('design','',#9922,#9925);
#9922 = PRODUCT_DEFINITION_FORMATION('','',#9923);
#9923 = PRODUCT('P39 Cross pin 225 / level 1',
  'P39 Cross pin 225 / level 1','',(#9924));
#9924 = PRODUCT_CONTEXT('',#2,'mechanical');
#9925 = PRODUCT_DEFINITION_CONTEXT('part definition',#2,'design');
#9926 = ADVANCED_BREP_SHAPE_REPRESENTATION('',(#11,#9927),#9980);
#9927 = MANIFOLD_SOLID_BREP('',#9928);
#9928 = CLOSED_SHELL('',(#9929,#9962,#9971));
#9929 = ADVANCED_FACE('',(#9930),#9957,.T.);
#9930 = FACE_BOUND('',#9931,.T.);
#9931 = EDGE_LOOP('',(#9932,#9941,#9949,#9956));
#9932 = ORIENTED_EDGE('',*,*,#9933,.F.);
#9933 = EDGE_CURVE('',#9934,#9934,#9936,.T.);
#9934 = VERTEX_POINT('',#9935);
#9935 = CARTESIAN_POINT('',(-127.2792206135,-212.1320343559,276.));
#9936 = CIRCLE('',#9937,3.);
#9937 = AXIS2_PLACEMENT_3D('',#9938,#9939,#9940);
#9938 = CARTESIAN_POINT('',(-127.2792206135,-212.1320343559,273.));
#9939 = DIRECTION('',(0.707106781187,-0.707106781187,0.));
#9940 = DIRECTION('',(0.,0.,1.));
#9941 = ORIENTED_EDGE('',*,*,#9942,.F.);
#9942 = EDGE_CURVE('',#9943,#9934,#9945,.T.);
#9943 = VERTEX_POINT('',#9944);
#9944 = CARTESIAN_POINT('',(-212.1320343559,-127.2792206135,276.));
#9945 = LINE('',#9946,#9947);
#9946 = CARTESIAN_POINT('',(-212.1320343559,-127.2792206135,276.));
#9947 = VECTOR('',#9948,1.);
#9948 = DIRECTION('',(0.707106781187,-0.707106781187,0.));
#9949 = ORIENTED_EDGE('',*,*,#9950,.T.);
#9950 = EDGE_CURVE('',#9943,#9943,#9951,.T.);
#9951 = CIRCLE('',#9952,3.);
#9952 = AXIS2_PLACEMENT_3D('',#9953,#9954,#9955);
#9953 = CARTESIAN_POINT('',(-212.1320343559,-127.2792206135,273.));
#9954 = DIRECTION('',(0.707106781187,-0.707106781187,0.));
#9955 = DIRECTION('',(0.,0.,1.));
#9956 = ORIENTED_EDGE('',*,*,#9942,.T.);
#9957 = CYLINDRICAL_SURFACE('',#9958,3.);
#9958 = AXIS2_PLACEMENT_3D('',#9959,#9960,#9961);
#9959 = CARTESIAN_POINT('',(-212.1320343559,-127.2792206135,273.));
#9960 = DIRECTION('',(0.707106781187,-0.707106781187,0.));
#9961 = DIRECTION('',(0.,0.,1.));
#9962 = ADVANCED_FACE('',(#9963),#9966,.T.);
#9963 = FACE_BOUND('',#9964,.T.);
#9964 = EDGE_LOOP('',(#9965));
#9965 = ORIENTED_EDGE('',*,*,#9933,.T.);
#9966 = PLANE('',#9967);
#9967 = AXIS2_PLACEMENT_3D('',#9968,#9969,#9970);
#9968 = CARTESIAN_POINT('',(-127.2792206135,-212.1320343559,273.));
#9969 = DIRECTION('',(0.707106781187,-0.707106781187,0.));
#9970 = DIRECTION('',(0.,0.,1.));
#9971 = ADVANCED_FACE('',(#9972),#9975,.F.);
#9972 = FACE_BOUND('',#9973,.T.);
#9973 = EDGE_LOOP('',(#9974));
#9974 = ORIENTED_EDGE('',*,*,#9950,.F.);
#9975 = PLANE('',#9976);
#9976 = AXIS2_PLACEMENT_3D('',#9977,#9978,#9979);
#9977 = CARTESIAN_POINT('',(-212.1320343559,-127.2792206135,273.));
#9978 = DIRECTION('',(0.707106781187,-0.707106781187,0.));
#9979 = DIRECTION('',(0.,0.,1.));
#9980 = ( GEOMETRIC_REPRESENTATION_CONTEXT(3) 
GLOBAL_UNCERTAINTY_ASSIGNED_CONTEXT((#9984)) 
GLOBAL_UNIT_ASSIGNED_CONTEXT((#9981,#9982,#9983)) REPRESENTATION_CONTEXT
('Context #1','3D Context with UNIT and UNCERTAINTY') );
#9981 = ( LENGTH_UNIT() NAMED_UNIT(*) SI_UNIT(.MILLI.,.METRE.) );
#9982 = ( NAMED_UNIT(*) PLANE_ANGLE_UNIT() SI_UNIT($,.RADIAN.) );
#9983 = ( NAMED_UNIT(*) SI_UNIT($,.STERADIAN.) SOLID_ANGLE_UNIT() );
#9984 = UNCERTAINTY_MEASURE_WITH_UNIT(LENGTH_MEASURE(1.E-07),#9981,
  'distance_accuracy_value','confusion accuracy');
#9985 = CONTEXT_DEPENDENT_SHAPE_REPRESENTATION(#9986,#9988);
#9986 = ( REPRESENTATION_RELATIONSHIP('','',#9926,#10) 
REPRESENTATION_RELATIONSHIP_WITH_TRANSFORMATION(#9987) 
SHAPE_REPRESENTATION_RELATIONSHIP() );
#9987 = ITEM_DEFINED_TRANSFORMATION('','',#11,#167);
#9988 = PRODUCT_DEFINITION_SHAPE('Placement','Placement of an item',
  #9989);
#9989 = NEXT_ASSEMBLY_USAGE_OCCURRENCE('39',
  'P39 Cross pin 225 / level 1','',#5,#9921,$);
#9990 = PRODUCT_RELATED_PRODUCT_CATEGORY('part',$,(#9923));
#9991 = SHAPE_DEFINITION_REPRESENTATION(#9992,#9998);
#9992 = PRODUCT_DEFINITION_SHAPE('','',#9993);
#9993 = PRODUCT_DEFINITION('design','',#9994,#9997);
#9994 = PRODUCT_DEFINITION_FORMATION('','',#9995);
#9995 = PRODUCT('P40 Cross pin 225 / level 2',
  'P40 Cross pin 225 / level 2','',(#9996));
#9996 = PRODUCT_CONTEXT('',#2,'mechanical');
#9997 = PRODUCT_DEFINITION_CONTEXT('part definition',#2,'design');
#9998 = ADVANCED_BREP_SHAPE_REPRESENTATION('',(#11,#9999),#10052);
#9999 = MANIFOLD_SOLID_BREP('',#10000);
#10000 = CLOSED_SHELL('',(#10001,#10034,#10043));
#10001 = ADVANCED_FACE('',(#10002),#10029,.T.);
#10002 = FACE_BOUND('',#10003,.T.);
#10003 = EDGE_LOOP('',(#10004,#10013,#10021,#10028));
#10004 = ORIENTED_EDGE('',*,*,#10005,.F.);
#10005 = EDGE_CURVE('',#10006,#10006,#10008,.T.);
#10006 = VERTEX_POINT('',#10007);
#10007 = CARTESIAN_POINT('',(-127.2792206135,-212.1320343559,248.));
#10008 = CIRCLE('',#10009,3.);
#10009 = AXIS2_PLACEMENT_3D('',#10010,#10011,#10012);
#10010 = CARTESIAN_POINT('',(-127.2792206135,-212.1320343559,245.));
#10011 = DIRECTION('',(0.707106781187,-0.707106781187,0.));
#10012 = DIRECTION('',(0.,0.,1.));
#10013 = ORIENTED_EDGE('',*,*,#10014,.F.);
#10014 = EDGE_CURVE('',#10015,#10006,#10017,.T.);
#10015 = VERTEX_POINT('',#10016);
#10016 = CARTESIAN_POINT('',(-212.1320343559,-127.2792206135,248.));
#10017 = LINE('',#10018,#10019);
#10018 = CARTESIAN_POINT('',(-212.1320343559,-127.2792206135,248.));
#10019 = VECTOR('',#10020,1.);
#10020 = DIRECTION('',(0.707106781187,-0.707106781187,0.));
#10021 = ORIENTED_EDGE('',*,*,#10022,.T.);
#10022 = EDGE_CURVE('',#10015,#10015,#10023,.T.);
#10023 = CIRCLE('',#10024,3.);
#10024 = AXIS2_PLACEMENT_3D('',#10025,#10026,#10027);
#10025 = CARTESIAN_POINT('',(-212.1320343559,-127.2792206135,245.));
#10026 = DIRECTION('',(0.707106781187,-0.707106781187,0.));
#10027 = DIRECTION('',(0.,0.,1.));
#10028 = ORIENTED_EDGE('',*,*,#10014,.T.);
#10029 = CYLINDRICAL_SURFACE('',#10030,3.);
#10030 = AXIS2_PLACEMENT_3D('',#10031,#10032,#10033);
#10031 = CARTESIAN_POINT('',(-212.1320343559,-127.2792206135,245.));
#10032 = DIRECTION('',(0.707106781187,-0.707106781187,0.));
#10033 = DIRECTION('',(0.,0.,1.));
#10034 = ADVANCED_FACE('',(#10035),#10038,.T.);
#10035 = FACE_BOUND('',#10036,.T.);
#10036 = EDGE_LOOP('',(#10037));
#10037 = ORIENTED_EDGE('',*,*,#10005,.T.);
#10038 = PLANE('',#10039);
#10039 = AXIS2_PLACEMENT_3D('',#10040,#10041,#10042);
#10040 = CARTESIAN_POINT('',(-127.2792206135,-212.1320343559,245.));
#10041 = DIRECTION('',(0.707106781187,-0.707106781187,0.));
#10042 = DIRECTION('',(0.,0.,1.));
#10043 = ADVANCED_FACE('',(#10044),#10047,.F.);
#10044 = FACE_BOUND('',#10045,.T.);
#10045 = EDGE_LOOP('',(#10046));
#10046 = ORIENTED_EDGE('',*,*,#10022,.F.);
#10047 = PLANE('',#10048);
#10048 = AXIS2_PLACEMENT_3D('',#10049,#10050,#10051);
#10049 = CARTESIAN_POINT('',(-212.1320343559,-127.2792206135,245.));
#10050 = DIRECTION('',(0.707106781187,-0.707106781187,0.));
#10051 = DIRECTION('',(0.,0.,1.));
#10052 = ( GEOMETRIC_REPRESENTATION_CONTEXT(3) 
GLOBAL_UNCERTAINTY_ASSIGNED_CONTEXT((#10056)) 
GLOBAL_UNIT_ASSIGNED_CONTEXT((#10053,#10054,#10055)) 
REPRESENTATION_CONTEXT('Context #1',
  '3D Context with UNIT and UNCERTAINTY') );
#10053 = ( LENGTH_UNIT() NAMED_UNIT(*) SI_UNIT(.MILLI.,.METRE.) );
#10054 = ( NAMED_UNIT(*) PLANE_ANGLE_UNIT() SI_UNIT($,.RADIAN.) );
#10055 = ( NAMED_UNIT(*) SI_UNIT($,.STERADIAN.) SOLID_ANGLE_UNIT() );
#10056 = UNCERTAINTY_MEASURE_WITH_UNIT(LENGTH_MEASURE(1.E-07),#10053,
  'distance_accuracy_value','confusion accuracy');
#10057 = CONTEXT_DEPENDENT_SHAPE_REPRESENTATION(#10058,#10060);
#10058 = ( REPRESENTATION_RELATIONSHIP('','',#9998,#10) 
REPRESENTATION_RELATIONSHIP_WITH_TRANSFORMATION(#10059) 
SHAPE_REPRESENTATION_RELATIONSHIP() );
#10059 = ITEM_DEFINED_TRANSFORMATION('','',#11,#171);
#10060 = PRODUCT_DEFINITION_SHAPE('Placement','Placement of an item',
  #10061);
#10061 = NEXT_ASSEMBLY_USAGE_OCCURRENCE('40',
  'P40 Cross pin 225 / level 2','',#5,#9993,$);
#10062 = PRODUCT_RELATED_PRODUCT_CATEGORY('part',$,(#9995));
#10063 = SHAPE_DEFINITION_REPRESENTATION(#10064,#10070);
#10064 = PRODUCT_DEFINITION_SHAPE('','',#10065);
#10065 = PRODUCT_DEFINITION('design','',#10066,#10069);
#10066 = PRODUCT_DEFINITION_FORMATION('','',#10067);
#10067 = PRODUCT('P41 Cross pin 225 / level 3',
  'P41 Cross pin 225 / level 3','',(#10068));
#10068 = PRODUCT_CONTEXT('',#2,'mechanical');
#10069 = PRODUCT_DEFINITION_CONTEXT('part definition',#2,'design');
#10070 = ADVANCED_BREP_SHAPE_REPRESENTATION('',(#11,#10071),#10124);
#10071 = MANIFOLD_SOLID_BREP('',#10072);
#10072 = CLOSED_SHELL('',(#10073,#10106,#10115));
#10073 = ADVANCED_FACE('',(#10074),#10101,.T.);
#10074 = FACE_BOUND('',#10075,.T.);
#10075 = EDGE_LOOP('',(#10076,#10085,#10093,#10100));
#10076 = ORIENTED_EDGE('',*,*,#10077,.F.);
#10077 = EDGE_CURVE('',#10078,#10078,#10080,.T.);
#10078 = VERTEX_POINT('',#10079);
#10079 = CARTESIAN_POINT('',(-127.2792206135,-212.1320343559,220.));
#10080 = CIRCLE('',#10081,3.);
#10081 = AXIS2_PLACEMENT_3D('',#10082,#10083,#10084);
#10082 = CARTESIAN_POINT('',(-127.2792206135,-212.1320343559,217.));
#10083 = DIRECTION('',(0.707106781187,-0.707106781187,0.));
#10084 = DIRECTION('',(0.,0.,1.));
#10085 = ORIENTED_EDGE('',*,*,#10086,.F.);
#10086 = EDGE_CURVE('',#10087,#10078,#10089,.T.);
#10087 = VERTEX_POINT('',#10088);
#10088 = CARTESIAN_POINT('',(-212.1320343559,-127.2792206135,220.));
#10089 = LINE('',#10090,#10091);
#10090 = CARTESIAN_POINT('',(-212.1320343559,-127.2792206135,220.));
#10091 = VECTOR('',#10092,1.);
#10092 = DIRECTION('',(0.707106781187,-0.707106781187,0.));
#10093 = ORIENTED_EDGE('',*,*,#10094,.T.);
#10094 = EDGE_CURVE('',#10087,#10087,#10095,.T.);
#10095 = CIRCLE('',#10096,3.);
#10096 = AXIS2_PLACEMENT_3D('',#10097,#10098,#10099);
#10097 = CARTESIAN_POINT('',(-212.1320343559,-127.2792206135,217.));
#10098 = DIRECTION('',(0.707106781187,-0.707106781187,0.));
#10099 = DIRECTION('',(0.,0.,1.));
#10100 = ORIENTED_EDGE('',*,*,#10086,.T.);
#10101 = CYLINDRICAL_SURFACE('',#10102,3.);
#10102 = AXIS2_PLACEMENT_3D('',#10103,#10104,#10105);
#10103 = CARTESIAN_POINT('',(-212.1320343559,-127.2792206135,217.));
#10104 = DIRECTION('',(0.707106781187,-0.707106781187,0.));
#10105 = DIRECTION('',(0.,0.,1.));
#10106 = ADVANCED_FACE('',(#10107),#10110,.T.);
#10107 = FACE_BOUND('',#10108,.T.);
#10108 = EDGE_LOOP('',(#10109));
#10109 = ORIENTED_EDGE('',*,*,#10077,.T.);
#10110 = PLANE('',#10111);
#10111 = AXIS2_PLACEMENT_3D('',#10112,#10113,#10114);
#10112 = CARTESIAN_POINT('',(-127.2792206135,-212.1320343559,217.));
#10113 = DIRECTION('',(0.707106781187,-0.707106781187,0.));
#10114 = DIRECTION('',(0.,0.,1.));
#10115 = ADVANCED_FACE('',(#10116),#10119,.F.);
#10116 = FACE_BOUND('',#10117,.T.);
#10117 = EDGE_LOOP('',(#10118));
#10118 = ORIENTED_EDGE('',*,*,#10094,.F.);
#10119 = PLANE('',#10120);
#10120 = AXIS2_PLACEMENT_3D('',#10121,#10122,#10123);
#10121 = CARTESIAN_POINT('',(-212.1320343559,-127.2792206135,217.));
#10122 = DIRECTION('',(0.707106781187,-0.707106781187,0.));
#10123 = DIRECTION('',(0.,0.,1.));
#10124 = ( GEOMETRIC_REPRESENTATION_CONTEXT(3) 
GLOBAL_UNCERTAINTY_ASSIGNED_CONTEXT((#10128)) 
GLOBAL_UNIT_ASSIGNED_CONTEXT((#10125,#10126,#10127)) 
REPRESENTATION_CONTEXT('Context #1',
  '3D Context with UNIT and UNCERTAINTY') );
#10125 = ( LENGTH_UNIT() NAMED_UNIT(*) SI_UNIT(.MILLI.,.METRE.) );
#10126 = ( NAMED_UNIT(*) PLANE_ANGLE_UNIT() SI_UNIT($,.RADIAN.) );
#10127 = ( NAMED_UNIT(*) SI_UNIT($,.STERADIAN.) SOLID_ANGLE_UNIT() );
#10128 = UNCERTAINTY_MEASURE_WITH_UNIT(LENGTH_MEASURE(1.E-07),#10125,
  'distance_accuracy_value','confusion accuracy');
#10129 = CONTEXT_DEPENDENT_SHAPE_REPRESENTATION(#10130,#10132);
#10130 = ( REPRESENTATION_RELATIONSHIP('','',#10070,#10) 
REPRESENTATION_RELATIONSHIP_WITH_TRANSFORMATION(#10131) 
SHAPE_REPRESENTATION_RELATIONSHIP() );
#10131 = ITEM_DEFINED_TRANSFORMATION('','',#11,#175);
#10132 = PRODUCT_DEFINITION_SHAPE('Placement','Placement of an item',
  #10133);
#10133 = NEXT_ASSEMBLY_USAGE_OCCURRENCE('41',
  'P41 Cross pin 225 / level 3','',#5,#10065,$);
#10134 = PRODUCT_RELATED_PRODUCT_CATEGORY('part',$,(#10067));
#10135 = SHAPE_DEFINITION_REPRESENTATION(#10136,#10142);
#10136 = PRODUCT_DEFINITION_SHAPE('','',#10137);
#10137 = PRODUCT_DEFINITION('design','',#10138,#10141);
#10138 = PRODUCT_DEFINITION_FORMATION('','',#10139);
#10139 = PRODUCT('P42 Cross pin 315 / level 1',
  'P42 Cross pin 315 / level 1','',(#10140));
#10140 = PRODUCT_CONTEXT('',#2,'mechanical');
#10141 = PRODUCT_DEFINITION_CONTEXT('part definition',#2,'design');
#10142 = ADVANCED_BREP_SHAPE_REPRESENTATION('',(#11,#10143),#10196);
#10143 = MANIFOLD_SOLID_BREP('',#10144);
#10144 = CLOSED_SHELL('',(#10145,#10178,#10187));
#10145 = ADVANCED_FACE('',(#10146),#10173,.T.);
#10146 = FACE_BOUND('',#10147,.T.);
#10147 = EDGE_LOOP('',(#10148,#10157,#10165,#10172));
#10148 = ORIENTED_EDGE('',*,*,#10149,.F.);
#10149 = EDGE_CURVE('',#10150,#10150,#10152,.T.);
#10150 = VERTEX_POINT('',#10151);
#10151 = CARTESIAN_POINT('',(212.13203435596,-127.2792206135,276.));
#10152 = CIRCLE('',#10153,3.);
#10153 = AXIS2_PLACEMENT_3D('',#10154,#10155,#10156);
#10154 = CARTESIAN_POINT('',(212.13203435596,-127.2792206135,273.));
#10155 = DIRECTION('',(0.707106781187,0.707106781187,-0.));
#10156 = DIRECTION('',(0.,0.,1.));
#10157 = ORIENTED_EDGE('',*,*,#10158,.F.);
#10158 = EDGE_CURVE('',#10159,#10150,#10161,.T.);
#10159 = VERTEX_POINT('',#10160);
#10160 = CARTESIAN_POINT('',(127.27922061357,-212.1320343559,276.));
#10161 = LINE('',#10162,#10163);
#10162 = CARTESIAN_POINT('',(127.27922061357,-212.1320343559,276.));
#10163 = VECTOR('',#10164,1.);
#10164 = DIRECTION('',(0.707106781187,0.707106781187,0.));
#10165 = ORIENTED_EDGE('',*,*,#10166,.T.);
#10166 = EDGE_CURVE('',#10159,#10159,#10167,.T.);
#10167 = CIRCLE('',#10168,3.);
#10168 = AXIS2_PLACEMENT_3D('',#10169,#10170,#10171);
#10169 = CARTESIAN_POINT('',(127.27922061357,-212.1320343559,273.));
#10170 = DIRECTION('',(0.707106781187,0.707106781187,-0.));
#10171 = DIRECTION('',(0.,0.,1.));
#10172 = ORIENTED_EDGE('',*,*,#10158,.T.);
#10173 = CYLINDRICAL_SURFACE('',#10174,3.);
#10174 = AXIS2_PLACEMENT_3D('',#10175,#10176,#10177);
#10175 = CARTESIAN_POINT('',(127.27922061357,-212.1320343559,273.));
#10176 = DIRECTION('',(0.707106781187,0.707106781187,0.));
#10177 = DIRECTION('',(0.,0.,1.));
#10178 = ADVANCED_FACE('',(#10179),#10182,.T.);
#10179 = FACE_BOUND('',#10180,.T.);
#10180 = EDGE_LOOP('',(#10181));
#10181 = ORIENTED_EDGE('',*,*,#10149,.T.);
#10182 = PLANE('',#10183);
#10183 = AXIS2_PLACEMENT_3D('',#10184,#10185,#10186);
#10184 = CARTESIAN_POINT('',(212.13203435596,-127.2792206135,273.));
#10185 = DIRECTION('',(0.707106781187,0.707106781187,0.));
#10186 = DIRECTION('',(0.,0.,1.));
#10187 = ADVANCED_FACE('',(#10188),#10191,.F.);
#10188 = FACE_BOUND('',#10189,.T.);
#10189 = EDGE_LOOP('',(#10190));
#10190 = ORIENTED_EDGE('',*,*,#10166,.F.);
#10191 = PLANE('',#10192);
#10192 = AXIS2_PLACEMENT_3D('',#10193,#10194,#10195);
#10193 = CARTESIAN_POINT('',(127.27922061357,-212.1320343559,273.));
#10194 = DIRECTION('',(0.707106781187,0.707106781187,0.));
#10195 = DIRECTION('',(0.,0.,1.));
#10196 = ( GEOMETRIC_REPRESENTATION_CONTEXT(3) 
GLOBAL_UNCERTAINTY_ASSIGNED_CONTEXT((#10200)) 
GLOBAL_UNIT_ASSIGNED_CONTEXT((#10197,#10198,#10199)) 
REPRESENTATION_CONTEXT('Context #1',
  '3D Context with UNIT and UNCERTAINTY') );
#10197 = ( LENGTH_UNIT() NAMED_UNIT(*) SI_UNIT(.MILLI.,.METRE.) );
#10198 = ( NAMED_UNIT(*) PLANE_ANGLE_UNIT() SI_UNIT($,.RADIAN.) );
#10199 = ( NAMED_UNIT(*) SI_UNIT($,.STERADIAN.) SOLID_ANGLE_UNIT() );
#10200 = UNCERTAINTY_MEASURE_WITH_UNIT(LENGTH_MEASURE(1.E-07),#10197,
  'distance_accuracy_value','confusion accuracy');
#10201 = CONTEXT_DEPENDENT_SHAPE_REPRESENTATION(#10202,#10204);
#10202 = ( REPRESENTATION_RELATIONSHIP('','',#10142,#10) 
REPRESENTATION_RELATIONSHIP_WITH_TRANSFORMATION(#10203) 
SHAPE_REPRESENTATION_RELATIONSHIP() );
#10203 = ITEM_DEFINED_TRANSFORMATION('','',#11,#179);
#10204 = PRODUCT_DEFINITION_SHAPE('Placement','Placement of an item',
  #10205);
#10205 = NEXT_ASSEMBLY_USAGE_OCCURRENCE('42',
  'P42 Cross pin 315 / level 1','',#5,#10137,$);
#10206 = PRODUCT_RELATED_PRODUCT_CATEGORY('part',$,(#10139));
#10207 = SHAPE_DEFINITION_REPRESENTATION(#10208,#10214);
#10208 = PRODUCT_DEFINITION_SHAPE('','',#10209);
#10209 = PRODUCT_DEFINITION('design','',#10210,#10213);
#10210 = PRODUCT_DEFINITION_FORMATION('','',#10211);
#10211 = PRODUCT('P43 Cross pin 315 / level 2',
  'P43 Cross pin 315 / level 2','',(#10212));
#10212 = PRODUCT_CONTEXT('',#2,'mechanical');
#10213 = PRODUCT_DEFINITION_CONTEXT('part definition',#2,'design');
#10214 = ADVANCED_BREP_SHAPE_REPRESENTATION('',(#11,#10215),#10268);
#10215 = MANIFOLD_SOLID_BREP('',#10216);
#10216 = CLOSED_SHELL('',(#10217,#10250,#10259));
#10217 = ADVANCED_FACE('',(#10218),#10245,.T.);
#10218 = FACE_BOUND('',#10219,.T.);
#10219 = EDGE_LOOP('',(#10220,#10229,#10237,#10244));
#10220 = ORIENTED_EDGE('',*,*,#10221,.F.);
#10221 = EDGE_CURVE('',#10222,#10222,#10224,.T.);
#10222 = VERTEX_POINT('',#10223);
#10223 = CARTESIAN_POINT('',(212.13203435596,-127.2792206135,248.));
#10224 = CIRCLE('',#10225,3.);
#10225 = AXIS2_PLACEMENT_3D('',#10226,#10227,#10228);
#10226 = CARTESIAN_POINT('',(212.13203435596,-127.2792206135,245.));
#10227 = DIRECTION('',(0.707106781187,0.707106781187,-0.));
#10228 = DIRECTION('',(0.,0.,1.));
#10229 = ORIENTED_EDGE('',*,*,#10230,.F.);
#10230 = EDGE_CURVE('',#10231,#10222,#10233,.T.);
#10231 = VERTEX_POINT('',#10232);
#10232 = CARTESIAN_POINT('',(127.27922061357,-212.1320343559,248.));
#10233 = LINE('',#10234,#10235);
#10234 = CARTESIAN_POINT('',(127.27922061357,-212.1320343559,248.));
#10235 = VECTOR('',#10236,1.);
#10236 = DIRECTION('',(0.707106781187,0.707106781187,0.));
#10237 = ORIENTED_EDGE('',*,*,#10238,.T.);
#10238 = EDGE_CURVE('',#10231,#10231,#10239,.T.);
#10239 = CIRCLE('',#10240,3.);
#10240 = AXIS2_PLACEMENT_3D('',#10241,#10242,#10243);
#10241 = CARTESIAN_POINT('',(127.27922061357,-212.1320343559,245.));
#10242 = DIRECTION('',(0.707106781187,0.707106781187,-0.));
#10243 = DIRECTION('',(0.,0.,1.));
#10244 = ORIENTED_EDGE('',*,*,#10230,.T.);
#10245 = CYLINDRICAL_SURFACE('',#10246,3.);
#10246 = AXIS2_PLACEMENT_3D('',#10247,#10248,#10249);
#10247 = CARTESIAN_POINT('',(127.27922061357,-212.1320343559,245.));
#10248 = DIRECTION('',(0.707106781187,0.707106781187,0.));
#10249 = DIRECTION('',(0.,0.,1.));
#10250 = ADVANCED_FACE('',(#10251),#10254,.T.);
#10251 = FACE_BOUND('',#10252,.T.);
#10252 = EDGE_LOOP('',(#10253));
#10253 = ORIENTED_EDGE('',*,*,#10221,.T.);
#10254 = PLANE('',#10255);
#10255 = AXIS2_PLACEMENT_3D('',#10256,#10257,#10258);
#10256 = CARTESIAN_POINT('',(212.13203435596,-127.2792206135,245.));
#10257 = DIRECTION('',(0.707106781187,0.707106781187,0.));
#10258 = DIRECTION('',(0.,0.,1.));
#10259 = ADVANCED_FACE('',(#10260),#10263,.F.);
#10260 = FACE_BOUND('',#10261,.T.);
#10261 = EDGE_LOOP('',(#10262));
#10262 = ORIENTED_EDGE('',*,*,#10238,.F.);
#10263 = PLANE('',#10264);
#10264 = AXIS2_PLACEMENT_3D('',#10265,#10266,#10267);
#10265 = CARTESIAN_POINT('',(127.27922061357,-212.1320343559,245.));
#10266 = DIRECTION('',(0.707106781187,0.707106781187,0.));
#10267 = DIRECTION('',(0.,0.,1.));
#10268 = ( GEOMETRIC_REPRESENTATION_CONTEXT(3) 
GLOBAL_UNCERTAINTY_ASSIGNED_CONTEXT((#10272)) 
GLOBAL_UNIT_ASSIGNED_CONTEXT((#10269,#10270,#10271)) 
REPRESENTATION_CONTEXT('Context #1',
  '3D Context with UNIT and UNCERTAINTY') );
#10269 = ( LENGTH_UNIT() NAMED_UNIT(*) SI_UNIT(.MILLI.,.METRE.) );
#10270 = ( NAMED_UNIT(*) PLANE_ANGLE_UNIT() SI_UNIT($,.RADIAN.) );
#10271 = ( NAMED_UNIT(*) SI_UNIT($,.STERADIAN.) SOLID_ANGLE_UNIT() );
#10272 = UNCERTAINTY_MEASURE_WITH_UNIT(LENGTH_MEASURE(1.E-07),#10269,
  'distance_accuracy_value','confusion accuracy');
#10273 = CONTEXT_DEPENDENT_SHAPE_REPRESENTATION(#10274,#10276);
#10274 = ( REPRESENTATION_RELATIONSHIP('','',#10214,#10) 
REPRESENTATION_RELATIONSHIP_WITH_TRANSFORMATION(#10275) 
SHAPE_REPRESENTATION_RELATIONSHIP() );
#10275 = ITEM_DEFINED_TRANSFORMATION('','',#11,#183);
#10276 = PRODUCT_DEFINITION_SHAPE('Placement','Placement of an item',
  #10277);
#10277 = NEXT_ASSEMBLY_USAGE_OCCURRENCE('43',
  'P43 Cross pin 315 / level 2','',#5,#10209,$);
#10278 = PRODUCT_RELATED_PRODUCT_CATEGORY('part',$,(#10211));
#10279 = SHAPE_DEFINITION_REPRESENTATION(#10280,#10286);
#10280 = PRODUCT_DEFINITION_SHAPE('','',#10281);
#10281 = PRODUCT_DEFINITION('design','',#10282,#10285);
#10282 = PRODUCT_DEFINITION_FORMATION('','',#10283);
#10283 = PRODUCT('P44 Cross pin 315 / level 3',
  'P44 Cross pin 315 / level 3','',(#10284));
#10284 = PRODUCT_CONTEXT('',#2,'mechanical');
#10285 = PRODUCT_DEFINITION_CONTEXT('part definition',#2,'design');
#10286 = ADVANCED_BREP_SHAPE_REPRESENTATION('',(#11,#10287),#10340);
#10287 = MANIFOLD_SOLID_BREP('',#10288);
#10288 = CLOSED_SHELL('',(#10289,#10322,#10331));
#10289 = ADVANCED_FACE('',(#10290),#10317,.T.);
#10290 = FACE_BOUND('',#10291,.T.);
#10291 = EDGE_LOOP('',(#10292,#10301,#10309,#10316));
#10292 = ORIENTED_EDGE('',*,*,#10293,.F.);
#10293 = EDGE_CURVE('',#10294,#10294,#10296,.T.);
#10294 = VERTEX_POINT('',#10295);
#10295 = CARTESIAN_POINT('',(212.13203435596,-127.2792206135,220.));
#10296 = CIRCLE('',#10297,3.);
#10297 = AXIS2_PLACEMENT_3D('',#10298,#10299,#10300);
#10298 = CARTESIAN_POINT('',(212.13203435596,-127.2792206135,217.));
#10299 = DIRECTION('',(0.707106781187,0.707106781187,-0.));
#10300 = DIRECTION('',(0.,0.,1.));
#10301 = ORIENTED_EDGE('',*,*,#10302,.F.);
#10302 = EDGE_CURVE('',#10303,#10294,#10305,.T.);
#10303 = VERTEX_POINT('',#10304);
#10304 = CARTESIAN_POINT('',(127.27922061357,-212.1320343559,220.));
#10305 = LINE('',#10306,#10307);
#10306 = CARTESIAN_POINT('',(127.27922061357,-212.1320343559,220.));
#10307 = VECTOR('',#10308,1.);
#10308 = DIRECTION('',(0.707106781187,0.707106781187,0.));
#10309 = ORIENTED_EDGE('',*,*,#10310,.T.);
#10310 = EDGE_CURVE('',#10303,#10303,#10311,.T.);
#10311 = CIRCLE('',#10312,3.);
#10312 = AXIS2_PLACEMENT_3D('',#10313,#10314,#10315);
#10313 = CARTESIAN_POINT('',(127.27922061357,-212.1320343559,217.));
#10314 = DIRECTION('',(0.707106781187,0.707106781187,-0.));
#10315 = DIRECTION('',(0.,0.,1.));
#10316 = ORIENTED_EDGE('',*,*,#10302,.T.);
#10317 = CYLINDRICAL_SURFACE('',#10318,3.);
#10318 = AXIS2_PLACEMENT_3D('',#10319,#10320,#10321);
#10319 = CARTESIAN_POINT('',(127.27922061357,-212.1320343559,217.));
#10320 = DIRECTION('',(0.707106781187,0.707106781187,0.));
#10321 = DIRECTION('',(0.,0.,1.));
#10322 = ADVANCED_FACE('',(#10323),#10326,.T.);
#10323 = FACE_BOUND('',#10324,.T.);
#10324 = EDGE_LOOP('',(#10325));
#10325 = ORIENTED_EDGE('',*,*,#10293,.T.);
#10326 = PLANE('',#10327);
#10327 = AXIS2_PLACEMENT_3D('',#10328,#10329,#10330);
#10328 = CARTESIAN_POINT('',(212.13203435596,-127.2792206135,217.));
#10329 = DIRECTION('',(0.707106781187,0.707106781187,0.));
#10330 = DIRECTION('',(0.,0.,1.));
#10331 = ADVANCED_FACE('',(#10332),#10335,.F.);
#10332 = FACE_BOUND('',#10333,.T.);
#10333 = EDGE_LOOP('',(#10334));
#10334 = ORIENTED_EDGE('',*,*,#10310,.F.);
#10335 = PLANE('',#10336);
#10336 = AXIS2_PLACEMENT_3D('',#10337,#10338,#10339);
#10337 = CARTESIAN_POINT('',(127.27922061357,-212.1320343559,217.));
#10338 = DIRECTION('',(0.707106781187,0.707106781187,0.));
#10339 = DIRECTION('',(0.,0.,1.));
#10340 = ( GEOMETRIC_REPRESENTATION_CONTEXT(3) 
GLOBAL_UNCERTAINTY_ASSIGNED_CONTEXT((#10344)) 
GLOBAL_UNIT_ASSIGNED_CONTEXT((#10341,#10342,#10343)) 
REPRESENTATION_CONTEXT('Context #1',
  '3D Context with UNIT and UNCERTAINTY') );
#10341 = ( LENGTH_UNIT() NAMED_UNIT(*) SI_UNIT(.MILLI.,.METRE.) );
#10342 = ( NAMED_UNIT(*) PLANE_ANGLE_UNIT() SI_UNIT($,.RADIAN.) );
#10343 = ( NAMED_UNIT(*) SI_UNIT($,.STERADIAN.) SOLID_ANGLE_UNIT() );
#10344 = UNCERTAINTY_MEASURE_WITH_UNIT(LENGTH_MEASURE(1.E-07),#10341,
  'distance_accuracy_value','confusion accuracy');
#10345 = CONTEXT_DEPENDENT_SHAPE_REPRESENTATION(#10346,#10348);
#10346 = ( REPRESENTATION_RELATIONSHIP('','',#10286,#10) 
REPRESENTATION_RELATIONSHIP_WITH_TRANSFORMATION(#10347) 
SHAPE_REPRESENTATION_RELATIONSHIP() );
#10347 = ITEM_DEFINED_TRANSFORMATION('','',#11,#187);
#10348 = PRODUCT_DEFINITION_SHAPE('Placement','Placement of an item',
  #10349);
#10349 = NEXT_ASSEMBLY_USAGE_OCCURRENCE('44',
  'P44 Cross pin 315 / level 3','',#5,#10281,$);
#10350 = PRODUCT_RELATED_PRODUCT_CATEGORY('part',$,(#10283));
ENDSEC;
END-ISO-10303-21;
