  0
SECTION
  2
HEADER
  9
$ACADVER
  1
AC1015
  9
$ACADMAINTVER
 70
     6
  9
$DWGCODEPAGE
  3
ANSI_1252
  9
$INSBASE
 10
0.0
 20
0.0
 30
0.0
  9
$EXTMIN
 10
0.0
 20
0.0
 30
0.0
  9
$EXTMAX
 10
1189.0
 20
841.0
 30
0.0
  9
$LIMMIN
 10
0.0
 20
0.0
  9
$LIMMAX
 10
1189.0
 20
841.0
  9
$ORTHOMODE
 70
     0
  9
$REGENMODE
 70
     1
  9
$FILLMODE
 70
     1
  9
$QTEXTMODE
 70
     0
  9
$MIRRTEXT
 70
     1
  9
$LTSCALE
 40
1.0
  9
$ATTMODE
 70
     1
  9
$TEXTSIZE
 40
3.5
  9
$TRACEWID
 40
1.0
  9
$TEXTSTYLE
  7
Standard
  9
$CLAYER
  8
0
  9
$CELTYPE
  6
ByLayer
  9
$CECOLOR
 62
   256
  9
$CELTSCALE
 40
1.0
  9
$DISPSILH
 70
     0
  9
$DIMSCALE
 40
1.0
  9
$DIMASZ
 40
3.556
  9
$DIMEXO
 40
1.0
  9
$DIMDLI
 40
3.75
  9
$DIMRND
 40
0.0
  9
$DIMDLE
 40
0.0
  9
$DIMEXE
 40
1.0
  9
$DIMTP
 40
0.0
  9
$DIMTM
 40
0.0
  9
$DIMTXT
 40
3.5
  9
$DIMCEN
 40
2.5
  9
$DIMTSZ
 40
0.0
  9
$DIMTOL
 70
     0
  9
$DIMLIM
 70
     0
  9
$DIMTIH
 70
     1
  9
$DIMTOH
 70
     1
  9
$DIMSE1
 70
     0
  9
$DIMSE2
 70
     0
  9
$DIMTAD
 70
     1
  9
$DIMZIN
 70
     1
  9
$DIMBLK
  1

  9
$DIMASO
 70
     1
  9
$DIMSHO
 70
     1
  9
$DIMPOST
  1

  9
$DIMAPOST
  1

  9
$DIMALT
 70
     0
  9
$DIMALTD
 70
     3
  9
$DIMALTF
 40
0.0393700787
  9
$DIMLFAC
 40
5.0
  9
$DIMTOFL
 70
     1
  9
$DIMTVP
 40
0.0
  9
$DIMTIX
 70
     0
  9
$DIMSOXD
 70
     0
  9
$DIMSAH
 70
     0
  9
$DIMBLK1
  1

  9
$DIMBLK2
  1

  9
$DIMSTYLE
  2
ISO-25
  9
$DIMCLRD
 70
     0
  9
$DIMCLRE
 70
     0
  9
$DIMCLRT
 70
     0
  9
$DIMTFAC
 40
1.0
  9
$DIMGAP
 40
1.524
  9
$DIMJUST
 70
     0
  9
$DIMSD1
 70
     0
  9
$DIMSD2
 70
     0
  9
$DIMTOLJ
 70
     0
  9
$DIMTZIN
 70
     1
  9
$DIMALTZ
 70
     0
  9
$DIMALTTZ
 70
     0
  9
$DIMUPT
 70
     0
  9
$DIMDEC
 70
     2
  9
$DIMTDEC
 70
     2
  9
$DIMALTU
 70
     2
  9
$DIMALTTD
 70
     3
  9
$DIMTXSTY
  7
Standard
  9
$DIMAUNIT
 70
     0
  9
$DIMADEC
 70
     2
  9
$DIMALTRND
 40
0.0
  9
$DIMAZIN
 70
     0
  9
$DIMDSEP
 70
    44
  9
$DIMATFIT
 70
     3
  9
$DIMFRAC
 70
     0
  9
$DIMLDRBLK
  1

  9
$DIMLUNIT
 70
     2
  9
$DIMLWD
 70
    -2
  9
$DIMLWE
 70
    -2
  9
$DIMTMOVE
 70
     0
  9
$LUNITS
 70
     2
  9
$LUPREC
 70
     2
  9
$SKETCHINC
 40
1.0
  9
$FILLETRAD
 40
0.0
  9
$AUNITS
 70
     0
  9
$AUPREC
 70
     2
  9
$MENU
  1
.
  9
$ELEVATION
 40
0.0
  9
$PELEVATION
 40
0.0
  9
$THICKNESS
 40
0.0
  9
$LIMCHECK
 70
     0
  9
$CHAMFERA
 40
0.0
  9
$CHAMFERB
 40
0.0
  9
$CHAMFERC
 40
0.0
  9
$CHAMFERD
 40
0.0
  9
$SKPOLY
 70
     0
  9
$TDCREATE
 40
2460341.533777743
  9
$TDUCREATE
 40
2460341.492111077
  9
$TDUPDATE
 40
2460341.533780405
  9
$TDUUPDATE
 40
2460341.492113738
  9
$TDINDWG
 40
0.0000000116
  9
$TDUSRTIMER
 40
0.0000000116
  9
$USRTIMER
 70
     1
  9
$ANGBASE
 50
0.0
  9
$ANGDIR
 70
     0
  9
$PDMODE
 70
     0
  9
$PDSIZE
 40
-1.0
  9
$PLINEWID
 40
0.0
  9
$SPLFRAME
 70
     0
  9
$SPLINETYPE
 70
     6
  9
$SPLINESEGS
 70
     8
  9
$HANDSEED
  5
30E
  9
$SURFTAB1
 70
     6
  9
$SURFTAB2
 70
     6
  9
$SURFTYPE
 70
     6
  9
$SURFU
 70
     6
  9
$SURFV
 70
     6
  9
$UCSBASE
  2

  9
$UCSNAME
  2

  9
$UCSORG
 10
0.0
 20
0.0
 30
0.0
  9
$UCSXDIR
 10
1.0
 20
0.0
 30
0.0
  9
$UCSYDIR
 10
0.0
 20
1.0
 30
0.0
  9
$UCSORTHOREF
  2

  9
$UCSORTHOVIEW
 70
     0
  9
$UCSORGTOP
 10
0.0
 20
0.0
 30
0.0
  9
$UCSORGBOTTOM
 10
0.0
 20
0.0
 30
0.0
  9
$UCSORGLEFT
 10
0.0
 20
0.0
 30
0.0
  9
$UCSORGRIGHT
 10
0.0
 20
0.0
 30
0.0
  9
$UCSORGFRONT
 10
0.0
 20
0.0
 30
0.0
  9
$UCSORGBACK
 10
0.0
 20
0.0
 30
0.0
  9
$PUCSBASE
  2

  9
$PUCSNAME
  2

  9
$PUCSORG
 10
0.0
 20
0.0
 30
0.0
  9
$PUCSXDIR
 10
1.0
 20
0.0
 30
0.0
  9
$PUCSYDIR
 10
0.0
 20
1.0
 30
0.0
  9
$PUCSORTHOREF
  2

  9
$PUCSORTHOVIEW
 70
     0
  9
$PUCSORGTOP
 10
0.0
 20
0.0
 30
0.0
  9
$PUCSORGBOTTOM
 10
0.0
 20
0.0
 30
0.0
  9
$PUCSORGLEFT
 10
0.0
 20
0.0
 30
0.0
  9
$PUCSORGRIGHT
 10
0.0
 20
0.0
 30
0.0
  9
$PUCSORGFRONT
 10
0.0
 20
0.0
 30
0.0
  9
$PUCSORGBACK
 10
0.0
 20
0.0
 30
0.0
  9
$USERI1
 70
     0
  9
$USERI2
 70
     0
  9
$USERI3
 70
     0
  9
$USERI4
 70
     0
  9
$USERI5
 70
     0
  9
$USERR1
 40
0.0
  9
$USERR2
 40
0.0
  9
$USERR3
 40
0.0
  9
$USERR4
 40
0.0
  9
$USERR5
 40
0.0
  9
$WORLDVIEW
 70
     1
  9
$SHADEDGE
 70
     3
  9
$SHADEDIF
 70
    70
  9
$TILEMODE
 70
     1
  9
$MAXACTVP
 70
    64
  9
$PINSBASE
 10
0.0
 20
0.0
 30
0.0
  9
$PLIMCHECK
 70
     0
  9
$PEXTMIN
 10
1.0000000000E+20
 20
1.0000000000E+20
 30
1.0000000000E+20
  9
$PEXTMAX
 10
-1.0000000000E+20
 20
-1.0000000000E+20
 30
-1.0000000000E+20
  9
$PLIMMIN
 10
0.0
 20
0.0
  9
$PLIMMAX
 10
420.0
 20
297.0
  9
$UNITMODE
 70
     0
  9
$VISRETAIN
 70
     1
  9
$PLINEGEN
 70
     0
  9
$PSLTSCALE
 70
     1
  9
$TREEDEPTH
 70
  3020
  9
$CMLSTYLE
  2
Standard
  9
$CMLJUST
 70
     0
  9
$CMLSCALE
 40
20.0
  9
$PROXYGRAPHICS
 70
     1
  9
$MEASUREMENT
 70
     1
  9
$CELWEIGHT
370
    -1
  9
$ENDCAPS
280
     0
  9
$JOINSTYLE
280
     0
  9
$LWDISPLAY
290
     1
  9
$INSUNITS
 70
     4
  9
$HYPERLINKBASE
  1

  9
$STYLESHEET
  1

  9
$XEDIT
290
     1
  9
$CEPSNTYPE
380
     0
  9
$PSTYLEMODE
290
     1
  9
$FINGERPRINTGUID
  2
{25266dae-0894-4f43-a09c-28e3587b6a4d}
  9
$VERSIONGUID
  2
{FAEB1C32-E019-11D5-929B-00C0DF256EC4}
  9
$EXTNAMES
290
     1
  9
$PSVPSCALE
 40
0.0
  9
$OLESTARTUP
290
     0
  0
ENDSEC
  0
SECTION
  2
CLASSES
  0
CLASS
  1
ACDBDICTIONARYWDFLT
  2
AcDbDictionaryWithDefault
  3
ObjectDBX Classes
 90
        0
280
     0
281
     0
  0
CLASS
  1
VISUALSTYLE
  2
AcDbVisualStyle
  3
ObjectDBX Classes
 90
     4095
280
     0
281
     0
  0
CLASS
  1
MATERIAL
  2
AcDbMaterial
  3
ObjectDBX Classes
 90
     1153
280
     0
281
     0
  0
CLASS
  1
SCALE
  2
AcDbScale
  3
ObjectDBX Classes
 90
     1153
280
     0
281
     0
  0
CLASS
  1
TABLESTYLE
  2
AcDbTableStyle
  3
ObjectDBX Classes
 90
     4095
280
     0
281
     0
  0
CLASS
  1
MLEADERSTYLE
  2
AcDbMLeaderStyle
  3
ACDB_MLEADERSTYLE_CLASS
 90
     4095
280
     0
281
     0
  0
CLASS
  1
SUN
  2
AcDbSun
  3
SCENEOE
 90
     1153
280
     0
281
     0
  0
CLASS
  1
ACDBPLACEHOLDER
  2
AcDbPlaceHolder
  3
ObjectDBX Classes
 90
        0
280
     0
281
     0
  0
CLASS
  1
LAYOUT
  2
AcDbLayout
  3
ObjectDBX Classes
 90
        0
280
     0
281
     0
  0
ENDSEC
  0
SECTION
  2
TABLES
  0
TABLE
  2
VPORT
  5
8
330
0
100
AcDbSymbolTable
 70
     1
  0
VPORT
  5
29
330
8
100
AcDbSymbolTableRecord
100
AcDbViewportTableRecord
  2
*Active
 70
     0
 10
0.0
 20
0.0
 11
1.0
 21
1.0
 12
594.5
 22
420.5
 13
0.0
 23
0.0
 14
10.0
 24
10.0
 15
10.0
 25
10.0
 16
0.0
 26
0.0
 36
1.0
 17
0.0
 27
0.0
 37
0.0
 40
841.0
 41
1.4137931034
 42
50.0
 43
0.0
 44
0.0
 50
0.0
 51
0.0
 71
     0
 72
  2000
 73
     1
 74
     3
 75
     0
 76
     0
 77
     0
 78
     0
281
     0
 65
     1
110
0.0
120
0.0
130
0.0
111
1.0
121
0.0
131
0.0
112
0.0
122
1.0
132
0.0
 79
     0
146
0.0
  0
ENDTAB
  0
TABLE
  2
LTYPE
  5
5
330
0
100
AcDbSymbolTable
 70
     6
  0
LTYPE
  5
14
330
5
100
AcDbSymbolTableRecord
100
AcDbLinetypeTableRecord
  2
ByBlock
 70
     0
  3

 72
    65
 73
     0
 40
0.0
  0
LTYPE
  5
15
330
5
100
AcDbSymbolTableRecord
100
AcDbLinetypeTableRecord
  2
ByLayer
 70
     0
  3

 72
    65
 73
     0
 40
0.0
  0
LTYPE
  5
16
330
5
100
AcDbSymbolTableRecord
100
AcDbLinetypeTableRecord
  2
Continuous
 70
     0
  3
Solid line
 72
    65
 73
     0
 40
0.0
  0
LTYPE
  5
5E
330
5
100
AcDbSymbolTableRecord
100
AcDbLinetypeTableRecord
  2
HIDDEN
 70
     0
  3
Hidden __ __ __ __ __ __ __ __ __ __ __ __ __ __
 72
    65
 73
     2
 40
1.905
 49
1.27
 74
     0
 49
-0.635
 74
     0
  0
LTYPE
  5
5F
330
5
100
AcDbSymbolTableRecord
100
AcDbLinetypeTableRecord
  2
PHANTOM
 70
     0
  3
Phantom ______  __  __  ______  __  __  ______
 72
    65
 73
     6
 40
12.7
 49
6.35
 74
     0
 49
-1.27
 74
     0
 49
1.27
 74
     0
 49
-1.27
 74
     0
 49
1.27
 74
     0
 49
-1.27
 74
     0
  0
LTYPE
  5
60
330
5
100
AcDbSymbolTableRecord
100
AcDbLinetypeTableRecord
  2
CENTER
 70
     0
  3
Center ____ _ ____ _ ____ _ ____ _ ____ _ ____
 72
    65
 73
     4
 40
10.16
 49
6.35
 74
     0
 49
-1.27
 74
     0
 49
1.27
 74
     0
 49
-1.27
 74
     0
  0
LTYPE
  5
61
330
5
100
AcDbSymbolTableRecord
100
AcDbLinetypeTableRecord
  2
CENTERX2
 70
     0
  3
Center (2x) ________  __  ________  __  _____
 72
    65
 73
     4
 40
20.32
 49
12.7
 74
     0
 49
-2.54
 74
     0
 49
2.54
 74
     0
 49
-2.54
 74
     0
  0
LTYPE
  5
62
330
5
100
AcDbSymbolTableRecord
100
AcDbLinetypeTableRecord
  2
DOT2
 70
     0
  3
Dot (.5x) ........................................
 72
    65
 73
     2
 40
0.635
 49
0.0
 74
     0
 49
-0.635
 74
     0
  0
ENDTAB
  0
TABLE
  2
LAYER
  5
2
330
0
100
AcDbSymbolTable
 70
     1
  0
LAYER
  5
10
330
2
100
AcDbSymbolTableRecord
100
AcDbLayerTableRecord
  2
0
 70
     0
 62
     7
  6
Continuous
370
    -3
390
F
  0
ENDTAB
  0
TABLE
  2
STYLE
  5
3
330
0
100
AcDbSymbolTable
 70
     1
  0
STYLE
  5
11
330
3
100
AcDbSymbolTableRecord
100
AcDbTextStyleTableRecord
  2
Standard
 70
     0
 40
0.0
 41
1.0
 50
0.0
 71
     0
 42
3.5
  3
txt
  4

  0
ENDTAB
  0
TABLE
  2
VIEW
  5
6
330
0
100
AcDbSymbolTable
 70
     0
  0
ENDTAB
  0
TABLE
  2
UCS
  5
7
330
0
100
AcDbSymbolTable
 70
     0
  0
ENDTAB
  0
TABLE
  2
APPID
  5
9
330
0
100
AcDbSymbolTable
 70
     1
  0
APPID
  5
12
330
9
100
AcDbSymbolTableRecord
100
AcDbRegAppTableRecord
  2
ACAD
 70
     0
  0
ENDTAB
  0
TABLE
  2
DIMSTYLE
  5
A
330
0
100
AcDbSymbolTable
 70
     1
100
AcDbDimStyleTable
  0
DIMSTYLE
105
27
330
A
100
AcDbSymbolTableRecord
100
AcDbDimStyleTableRecord
  2
ISO-25
 70
     0
 41
2.5
 42
0.625
 43
3.75
 44
1.25
 73
     0
 74
     0
 77
     1
 78
     8
140
2.5
141
2.5
143
0.0393700787
147
0.625
171
     3
172
     1
178
     0
271
     2
272
     2
274
     3
278
    44
283
     0
284
     8
340
11
  0
ENDTAB
  0
TABLE
  2
BLOCK_RECORD
  5
1
330
0
100
AcDbSymbolTable
 70
     1
  0
BLOCK_RECORD
  5
1F
330
1
100
AcDbSymbolTableRecord
100
AcDbBlockTableRecord
  2
*Model_Space
340
22
  0
BLOCK_RECORD
  5
1B
330
1
100
AcDbSymbolTableRecord
100
AcDbBlockTableRecord
  2
*Paper_Space
340
1E
  0
BLOCK_RECORD
  5
23
330
1
100
AcDbSymbolTableRecord
100
AcDbBlockTableRecord
  2
*Paper_Space0
340
26
  0
ENDTAB
  0
ENDSEC
  0
SECTION
  2
BLOCKS
  0
BLOCK
  5
20
330
1F
100
AcDbEntity
  8
0
100
AcDbBlockBegin
  2
*Model_Space
 70
     0
 10
0.0
 20
0.0
 30
0.0
  3
*Model_Space
  1

  0
ENDBLK
  5
21
330
1F
100
AcDbEntity
  8
0
100
AcDbBlockEnd
  0
BLOCK
  5
1C
330
1B
100
AcDbEntity
 67
     1
  8
0
100
AcDbBlockBegin
  2
*Paper_Space
 70
     0
 10
0.0
 20
0.0
 30
0.0
  3
*Paper_Space
  1

  0
ENDBLK
  5
1D
330
1B
100
AcDbEntity
 67
     1
  8
0
100
AcDbBlockEnd
  0
BLOCK
  5
24
330
23
100
AcDbEntity
  8
0
100
AcDbBlockBegin
  2
*Paper_Space0
 70
     0
 10
0.0
 20
0.0
 30
0.0
  3
*Paper_Space0
  1

  0
ENDBLK
  5
25
330
23
100
AcDbEntity
  8
0
100
AcDbBlockEnd
  0
ENDSEC
  0
SECTION
  2
ENTITIES
  0
SPLINE
  5
63
330
1F
100
AcDbEntity
  8
0
  6
Continuous
 62
     7
370
    25
100
AcDbSpline
210
0.0
220
0.0
230
1.0
 70
     8
 71
     3
 72
    23
 73
    19
 74
     0
 42
0.00000001
 43
0.00000001
 40
0.0
 40
0.0
 40
0.0
 40
0.0
 40
0.0319748234497369
 40
0.0692645636396523
 40
0.1139982245725504
 40
0.1686043349392424
 40
0.2351142173736067
 40
0.3141445866767842
 40
0.4039266767108399
 40
0.4999999999999926
 40
0.5960733232891474
 40
0.6858554133232029
 40
0.7648857826263861
 40
0.8313956650607535
 40
0.8860017754274451
 40
0.9307354363603394
 40
0.9680251765502582
 40
1.0
 40
1.0
 40
1.0
 40
1.0
 10
577.9852568993078
 20
452.610486599555
 30
0.0
 10
578.0922627716316
 20
452.6173561739727
 30
0.0
 10
578.32406123848
 20
452.632237196699
 30
0.0
 10
578.68676930215
 20
452.7641154842613
 30
0.0
 10
579.0745123449994
 20
453.0106878345388
 30
0.0
 10
579.466528946564
 20
453.408770062125
 30
0.0
 10
579.8328284073881
 20
453.9728156789259
 30
0.0
 10
580.136237464981
 20
454.7023619159593
 30
0.0
 10
580.338363834096
 20
455.5676842842958
 30
0.0
 10
580.4094971005134
 20
456.510486599555
 30
0.0
 10
580.3383638340961
 20
457.4532889148142
 30
0.0
 10
580.136237464981
 20
458.3186112831506
 30
0.0
 10
579.8328284073881
 20
459.0481575201842
 30
0.0
 10
579.4665289465642
 20
459.612203136985
 30
0.0
 10
579.0745123449996
 20
460.0102853645714
 30
0.0
 10
578.68676930215
 20
460.2568577148487
 30
0.0
 10
578.32406123848
 20
460.3887360024112
 30
0.0
 10
578.0922627716317
 20
460.4036170251374
 30
0.0
 10
577.9852568993078
 20
460.410486599555
 30
0.0
  0
SPLINE
  5
64
330
1F
100
AcDbEntity
  8
0
  6
Continuous
 62
     7
370
    25
100
AcDbSpline
210
0.0
220
0.0
230
1.0
 70
     8
 71
     3
 72
    23
 73
    19
 74
     0
 42
0.00000001
 43
0.00000001
 40
0.0
 40
0.0
 40
0.0
 40
0.0
 40
0.0319748234497426
 40
0.0692645636396613
 40
0.1139982245725543
 40
0.1686043349392503
 40
0.2351142173736176
 40
0.3141445866767945
 40
0.4039266767108519
 40
0.5000000000000064
 40
0.5960733232891544
 40
0.6858554133232142
 40
0.7648857826263955
 40
0.8313956650607596
 40
0.8860017754274528
 40
0.9307354363603451
 40
0.9680251765502632
 40
1.0
 40
1.0
 40
1.0
 40
1.0
 10
577.9852568993078
 20
460.410486599555
 30
0.0
 10
577.8782510269839
 20
460.4036170251374
 30
0.0
 10
577.6464525601356
 20
460.3887360024112
 30
0.0
 10
577.2837444964656
 20
460.2568577148486
 30
0.0
 10
576.896001453616
 20
460.0102853645712
 30
0.0
 10
576.5039848520514
 20
459.612203136985
 30
0.0
 10
576.1376853912275
 20
459.0481575201841
 30
0.0
 10
575.8342763336345
 20
458.3186112831506
 30
0.0
 10
575.6321499645195
 20
457.4532889148143
 30
0.0
 10
575.5610166981022
 20
456.5104865995549
 30
0.0
 10
575.6321499645195
 20
455.5676842842959
 30
0.0
 10
575.8342763336345
 20
454.7023619159593
 30
0.0
 10
576.1376853912275
 20
453.9728156789259
 30
0.0
 10
576.5039848520514
 20
453.408770062125
 30
0.0
 10
576.8960014536161
 20
453.0106878345387
 30
0.0
 10
577.2837444964657
 20
452.7641154842614
 30
0.0
 10
577.6464525601356
 20
452.6322371966989
 30
0.0
 10
577.8782510269839
 20
452.6173561739726
 30
0.0
 10
577.9852568993078
 20
452.610486599555
 30
0.0
  0
SPLINE
  5
65
330
1F
100
AcDbEntity
  8
0
  6
Continuous
 62
     7
370
    25
100
AcDbSpline
210
0.0
220
0.0
230
1.0
 70
     8
 71
     3
 72
    23
 73
    19
 74
     0
 42
0.00000001
 43
0.00000001
 40
0.0
 40
0.0
 40
0.0
 40
0.0
 40
0.0319748234497266
 40
0.0692645636396429
 40
0.1139982245725372
 40
0.1686043349392276
 40
0.2351142173735959
 40
0.3141445866767816
 40
0.4039266767108293
 40
0.4999999999999874
 40
0.5960733232891385
 40
0.6858554133232033
 40
0.7648857826263797
 40
0.8313956650607439
 40
0.8860017754274434
 40
0.9307354363603367
 40
0.9680251765502557
 40
1.0
 40
1.0
 40
1.0
 40
1.0
 10
585.385256899914
 20
460.4104865998642
 30
0.0
 10
585.27825102759
 20
460.4036170254471
 30
0.0
 10
585.0464525607417
 20
460.3887360027221
 30
0.0
 10
584.6837444970711
 20
460.2568577151617
 30
0.0
 10
584.2960014542202
 20
460.0102853648863
 30
0.0
 10
583.9039848526534
 20
459.6122031373024
 30
0.0
 10
583.5376853918262
 20
459.0481575205033
 30
0.0
 10
583.2342763342295
 20
458.3186112834716
 30
0.0
 10
583.0321499651097
 20
457.4532889151362
 30
0.0
 10
582.9610166986872
 20
456.5104865998774
 30
0.0
 10
583.0321499650995
 20
455.5676842846179
 30
0.0
 10
583.2342763342098
 20
454.7023619162801
 30
0.0
 10
583.5376853917987
 20
453.9728156792452
 30
0.0
 10
583.9039848526197
 20
453.4087700624422
 30
0.0
 10
584.2960014541821
 20
453.0106878348538
 30
0.0
 10
584.6837444970303
 20
452.7641154845744
 30
0.0
 10
585.0464525606995
 20
452.6322371970098
 30
0.0
 10
585.2782510275479
 20
452.6173561742823
 30
0.0
 10
585.3852568998717
 20
452.6104865998641
 30
0.0
  0
SPLINE
  5
66
330
1F
100
AcDbEntity
  8
0
  6
Continuous
 62
     7
370
    25
100
AcDbSpline
210
0.0
220
0.0
230
1.0
 70
     8
 71
     3
 72
    23
 73
    19
 74
     0
 42
0.00000001
 43
0.00000001
 40
0.0
 40
0.0
 40
0.0
 40
0.0
 40
0.0319748234497434
 40
0.0692645636396603
 40
0.1139982245725605
 40
0.1686043349392478
 40
0.2351142173736161
 40
0.3141445866767948
 40
0.403926676710848
 40
0.4999999999999961
 40
0.5960733232891505
 40
0.6858554133232017
 40
0.764885782626376
 40
0.8313956650607365
 40
0.8860017754274285
 40
0.9307354363603255
 40
0.9680251765502426
 40
0.9999999999999999
 40
0.9999999999999999
 40
0.9999999999999999
 40
0.9999999999999999
 10
585.3852568998717
 20
452.6104865998643
 30
0.0
 10
585.4922627721957
 20
452.6173561742812
 30
0.0
 10
585.7240612390441
 20
452.6322371970062
 30
0.0
 10
586.0867693027149
 20
452.7641154845667
 30
0.0
 10
586.4745123455656
 20
453.0106878348422
 30
0.0
 10
586.8665289471325
 20
453.4087700624262
 30
0.0
 10
587.2328284079596
 20
453.9728156792252
 30
0.0
 10
587.5362374655564
 20
454.7023619162569
 30
0.0
 10
587.7383638346762
 20
455.5676842845923
 30
0.0
 10
587.8094971010985
 20
456.5104865998512
 30
0.0
 10
587.7383638346863
 20
457.4532889151107
 30
0.0
 10
587.536237465576
 20
458.3186112834483
 30
0.0
 10
587.2328284079871
 20
459.0481575204834
 30
0.0
 10
586.8665289471661
 20
459.6122031372861
 30
0.0
 10
586.4745123456037
 20
460.0102853648746
 30
0.0
 10
586.0867693027554
 20
460.2568577151541
 30
0.0
 10
585.7240612390862
 20
460.3887360027186
 30
0.0
 10
585.4922627722378
 20
460.4036170254461
 30
0.0
 10
585.385256899914
 20
460.4104865998642
 30
0.0
  0
LINE
  5
67
330
1F
100
AcDbEntity
  8
0
  6
Continuous
 62
     7
370
    25
100
AcDbLine
 10
519.1852568993
 20
569.5104865996
 30
0.0
 11
519.1852568993
 21
567.5104865996
 31
0.0
  0
LINE
  5
68
330
1F
100
AcDbEntity
  8
0
  6
Continuous
 62
     7
370
    25
100
AcDbLine
 10
519.1852568993
 20
345.5104865996
 30
0.0
 11
519.1852568993
 21
343.5104865996
 31
0.0
  0
LINE
  5
69
330
1F
100
AcDbEntity
  8
0
  6
Continuous
 62
     7
370
    25
100
AcDbLine
 10
519.1852568993
 20
343.5104865996
 30
0.0
 11
513.1852568993
 21
343.5104865996
 31
0.0
  0
LINE
  5
6A
330
1F
100
AcDbEntity
  8
0
  6
Continuous
 62
     7
370
    25
100
AcDbLine
 10
513.1852568993
 20
343.5104865996
 30
0.0
 11
513.1852568993
 21
569.5104865996
 31
0.0
  0
LINE
  5
6B
330
1F
100
AcDbEntity
  8
0
  6
Continuous
 62
     7
370
    25
100
AcDbLine
 10
513.1852568993
 20
569.5104865996
 30
0.0
 11
519.1852568993
 21
569.5104865996
 31
0.0
  0
LINE
  5
6C
330
1F
100
AcDbEntity
  8
0
  6
Continuous
 62
     7
370
    25
100
AcDbLine
 10
582.1852569005
 20
562.5104865996
 30
0.0
 11
581.1852568993
 21
562.5104865996
 31
0.0
  0
LINE
  5
6D
330
1F
100
AcDbEntity
  8
0
  6
Continuous
 62
     7
370
    25
100
AcDbLine
 10
644.1852568993
 20
569.5104865996
 30
0.0
 11
644.1852568993
 21
567.5104865995
 31
0.0
  0
LINE
  5
6E
330
1F
100
AcDbEntity
  8
0
  6
Continuous
 62
     7
370
    25
100
AcDbLine
 10
519.1852568993
 20
567.5104865996
 30
0.0
 11
519.1852568993
 21
569.5104865996
 31
0.0
  0
LINE
  5
6F
330
1F
100
AcDbEntity
  8
0
  6
Continuous
 62
     7
370
    25
100
AcDbLine
 10
519.1852568993
 20
569.5104865996
 30
0.0
 11
644.1852568993
 21
569.5104865996
 31
0.0
  0
LINE
  5
70
330
1F
100
AcDbEntity
  8
0
  6
Continuous
 62
     7
370
    25
100
AcDbLine
 10
581.1852568993
 20
495.6328970998
 30
0.0
 11
582.1852569001
 21
495.6328970998
 31
0.0
  0
LINE
  5
71
330
1F
100
AcDbEntity
  8
0
  6
Continuous
 62
     7
370
    25
100
AcDbLine
 10
582.1852569001
 20
498.9528970998
 30
0.0
 11
581.1852568993
 21
498.9528970998
 31
0.0
  0
LINE
  5
72
330
1F
100
AcDbEntity
  8
0
  6
Continuous
 62
     7
370
    25
100
AcDbLine
 10
581.1852568993
 20
350.5104865997
 30
0.0
 11
582.1852568993
 21
350.5104865997
 31
0.0
  0
LINE
  5
73
330
1F
100
AcDbEntity
  8
0
  6
Continuous
 62
     7
370
    25
100
AcDbLine
 10
644.1852568993
 20
343.5104865997
 30
0.0
 11
519.1852568993
 21
343.5104865997
 31
0.0
  0
LINE
  5
74
330
1F
100
AcDbEntity
  8
0
  6
Continuous
 62
     7
370
    25
100
AcDbLine
 10
519.1852568993
 20
345.5104865996
 30
0.0
 11
519.1852568993
 21
343.5104865997
 31
0.0
  0
LINE
  5
75
330
1F
100
AcDbEntity
  8
0
  6
Continuous
 62
     7
370
    25
100
AcDbLine
 10
644.1852568993
 20
343.5104865997
 30
0.0
 11
644.1852568993
 21
345.5104865995
 31
0.0
  0
SPLINE
  5
76
330
1F
100
AcDbEntity
  8
0
  6
Continuous
 62
     7
370
    25
100
AcDbSpline
210
0.0
220
0.0
230
1.0
 70
     8
 71
     3
 72
    14
 73
    10
 74
     0
 42
0.00000001
 43
0.00000001
 40
0.0
 40
0.0
 40
0.0
 40
0.0
 40
0.1500621028686873
 40
0.3124881525732146
 40
0.4749142022777633
 40
0.6249763051464392
 40
0.7750384080151203
 40
0.9374644577196517
 40
1.0
 40
1.0
 40
1.0
 40
1.0
 10
581.1991942180031
 20
559.5104865995279
 30
0.0
 10
581.2068296698263
 20
559.5795717662395
 30
0.0
 10
581.2227296751488
 20
559.7234341785557
 30
0.0
 10
581.3504287183893
 20
559.9104178170082
 30
0.0
 10
581.5357677775219
 20
560.0329446023469
 30
0.0
 10
581.7499717252289
 20
560.0741310090675
 30
0.0
 10
581.9593825085186
 20
560.0312025727021
 30
0.0
 10
582.1180373987208
 20
559.9418583829018
 30
0.0
 10
582.1706355095179
 20
559.8524592442662
 30
0.0
 10
582.185256900452
 20
559.8276077860033
 30
0.0
  0
SPLINE
  5
77
330
1F
100
AcDbEntity
  8
0
  6
Continuous
 62
     7
370
    25
100
AcDbSpline
210
0.0
220
0.0
230
1.0
 70
     8
 71
     3
 72
    14
 73
    10
 74
     0
 42
0.00000001
 43
0.00000001
 40
0.0
 40
0.0
 40
0.0
 40
0.0
 40
0.0625355422760735
 40
0.2249615919813493
 40
0.375023694850713
 40
0.5250857977200766
 40
0.6875118474253529
 40
0.8499378971306244
 40
1.0
 40
1.0
 40
1.0
 40
1.0
 10
582.1852569004486
 20
559.1933654130471
 30
0.0
 10
582.1706355095155
 20
559.1685139547859
 30
0.0
 10
582.1180373987193
 20
559.0791148161522
 30
0.0
 10
581.9593825085185
 20
558.9897706263536
 30
0.0
 10
581.7499717252289
 20
558.9468421899879
 30
0.0
 10
581.5357677775219
 20
558.9880285967089
 30
0.0
 10
581.3504287183893
 20
559.1105553820474
 30
0.0
 10
581.2227296751488
 20
559.2975390204999
 30
0.0
 10
581.2068296698263
 20
559.4414014328162
 30
0.0
 10
581.1991942180031
 20
559.5104865995279
 30
0.0
  0
LINE
  5
78
330
1F
100
AcDbEntity
  8
0
  6
Continuous
 62
     7
370
    25
100
AcDbLine
 10
574.7852568993
 20
345.5104865996
 30
0.0
 11
581.1852568993
 21
345.5104865996
 31
0.0
  0
LINE
  5
79
330
1F
100
AcDbEntity
  8
0
  6
Continuous
 62
     7
370
    25
100
AcDbLine
 10
581.1852568993
 20
567.5104865996
 30
0.0
 11
574.7852568993
 21
567.5104865996
 31
0.0
  0
LINE
  5
7A
330
1F
100
AcDbEntity
  8
0
  6
Continuous
 62
     7
370
    25
100
AcDbLine
 10
574.7852568993
 20
567.5104865996
 30
0.0
 11
574.7852568993
 21
345.5104865996
 31
0.0
  0
LINE
  5
7B
330
1F
100
AcDbEntity
  8
0
  6
Continuous
 62
     7
370
    25
100
AcDbLine
 10
581.1852568993
 20
567.5104865996
 30
0.0
 11
581.1852568993
 21
345.5104865996
 31
0.0
  0
LINE
  5
7C
330
1F
100
AcDbEntity
  8
0
  6
Continuous
 62
     7
370
    25
100
AcDbLine
 10
515.1852568993
 20
345.5104865996
 30
0.0
 11
515.1852568993
 21
567.5104865996
 31
0.0
  0
LINE
  5
7D
330
1F
100
AcDbEntity
  8
0
  6
Continuous
 62
     7
370
    25
100
AcDbLine
 10
521.5852568993
 20
345.5104865996
 30
0.0
 11
521.5852568993
 21
567.5104865996
 31
0.0
  0
LINE
  5
7E
330
1F
100
AcDbEntity
  8
0
  6
Continuous
 62
     7
370
    25
100
AcDbLine
 10
521.5852568993
 20
345.5104865996
 30
0.0
 11
515.1852568993
 21
345.5104865996
 31
0.0
  0
LINE
  5
7F
330
1F
100
AcDbEntity
  8
0
  6
Continuous
 62
     7
370
    25
100
AcDbLine
 10
521.5852568993
 20
567.5104865996
 30
0.0
 11
515.1852568993
 21
567.5104865996
 31
0.0
  0
LINE
  5
80
330
1F
100
AcDbEntity
  8
0
  6
Continuous
 62
     7
370
    25
100
AcDbLine
 10
569.6852568993
 20
351.9104865996
 30
0.0
 11
569.6852568993
 21
561.1104865996
 31
0.0
  0
LINE
  5
81
330
1F
100
AcDbEntity
  8
0
  6
Continuous
 62
     7
370
    25
100
AcDbLine
 10
572.0852568993
 20
561.1104865996
 30
0.0
 11
572.0852568993
 21
351.9104865996
 31
0.0
  0
LINE
  5
82
330
1F
100
AcDbEntity
  8
0
  6
Continuous
 62
     7
370
    25
100
AcDbLine
 10
567.2852568993
 20
561.1104865996
 30
0.0
 11
567.2852568993
 21
351.9104865996
 31
0.0
  0
LINE
  5
83
330
1F
100
AcDbEntity
  8
0
  6
Continuous
 62
     7
370
    25
100
AcDbLine
 10
574.4852568993
 20
561.1104865996
 30
0.0
 11
574.4852568993
 21
351.9104865996
 31
0.0
  0
LINE
  5
84
330
1F
100
AcDbEntity
  8
0
  6
Continuous
 62
     7
370
    25
100
AcDbLine
 10
528.8852568993
 20
561.1104865996
 30
0.0
 11
528.8852568993
 21
351.9104865996
 31
0.0
  0
LINE
  5
85
330
1F
100
AcDbEntity
  8
0
  6
Continuous
 62
     7
370
    25
100
AcDbLine
 10
531.2852568993
 20
561.1104865996
 30
0.0
 11
531.2852568993
 21
351.9104865996
 31
0.0
  0
LINE
  5
86
330
1F
100
AcDbEntity
  8
0
  6
Continuous
 62
     7
370
    25
100
AcDbLine
 10
536.0852568993
 20
561.1104865996
 30
0.0
 11
536.0852568993
 21
351.9104865996
 31
0.0
  0
LINE
  5
87
330
1F
100
AcDbEntity
  8
0
  6
Continuous
 62
     7
370
    25
100
AcDbLine
 10
538.4852568993
 20
561.1104865996
 30
0.0
 11
538.4852568993
 21
351.9104865996
 31
0.0
  0
LINE
  5
88
330
1F
100
AcDbEntity
  8
0
  6
Continuous
 62
     7
370
    25
100
AcDbLine
 10
521.6852568993
 20
561.1104865996
 30
0.0
 11
521.6852568993
 21
351.9104865996
 31
0.0
  0
LINE
  5
89
330
1F
100
AcDbEntity
  8
0
  6
Continuous
 62
     7
370
    25
100
AcDbLine
 10
524.0852568993
 20
561.1104865996
 30
0.0
 11
524.0852568993
 21
351.9104865996
 31
0.0
  0
LINE
  5
8A
330
1F
100
AcDbEntity
  8
0
  6
Continuous
 62
     7
370
    25
100
AcDbLine
 10
533.6852568993
 20
561.1104865996
 30
0.0
 11
533.6852568993
 21
351.9104865996
 31
0.0
  0
LINE
  5
8B
330
1F
100
AcDbEntity
  8
0
  6
Continuous
 62
     7
370
    25
100
AcDbLine
 10
526.4852568993
 20
561.1104865996
 30
0.0
 11
526.4852568993
 21
351.9104865996
 31
0.0
  0
LINE
  5
8C
330
1F
100
AcDbEntity
  8
0
  6
Continuous
 62
     7
370
    25
100
AcDbLine
 10
548.0852568993
 20
561.1104865996
 30
0.0
 11
548.0852568993
 21
351.9104865996
 31
0.0
  0
LINE
  5
8D
330
1F
100
AcDbEntity
  8
0
  6
Continuous
 62
     7
370
    25
100
AcDbLine
 10
550.4852568993
 20
561.1104865996
 30
0.0
 11
550.4852568993
 21
351.9104865996
 31
0.0
  0
LINE
  5
8E
330
1F
100
AcDbEntity
  8
0
  6
Continuous
 62
     7
370
    25
100
AcDbLine
 10
545.6852568993
 20
561.1104865996
 30
0.0
 11
545.6852568993
 21
351.9104865996
 31
0.0
  0
LINE
  5
8F
330
1F
100
AcDbEntity
  8
0
  6
Continuous
 62
     7
370
    25
100
AcDbLine
 10
540.8852568993
 20
561.1104865996
 30
0.0
 11
540.8852568993
 21
351.9104865996
 31
0.0
  0
LINE
  5
90
330
1F
100
AcDbEntity
  8
0
  6
Continuous
 62
     7
370
    25
100
AcDbLine
 10
552.8852568993
 20
561.1104865996
 30
0.0
 11
552.8852568993
 21
351.9104865996
 31
0.0
  0
LINE
  5
91
330
1F
100
AcDbEntity
  8
0
  6
Continuous
 62
     7
370
    25
100
AcDbLine
 10
555.2852568993
 20
561.1104865996
 30
0.0
 11
555.2852568993
 21
351.9104865996
 31
0.0
  0
LINE
  5
92
330
1F
100
AcDbEntity
  8
0
  6
Continuous
 62
     7
370
    25
100
AcDbLine
 10
543.2852568993
 20
561.1104865996
 30
0.0
 11
543.2852568993
 21
351.9104865996
 31
0.0
  0
LINE
  5
93
330
1F
100
AcDbEntity
  8
0
  6
Continuous
 62
     7
370
    25
100
AcDbLine
 10
557.6852568993
 20
561.1104865996
 30
0.0
 11
557.6852568993
 21
351.9104865996
 31
0.0
  0
LINE
  5
94
330
1F
100
AcDbEntity
  8
0
  6
Continuous
 62
     7
370
    25
100
AcDbLine
 10
562.4852568993
 20
561.1104865996
 30
0.0
 11
562.4852568993
 21
351.9104865996
 31
0.0
  0
LINE
  5
95
330
1F
100
AcDbEntity
  8
0
  6
Continuous
 62
     7
370
    25
100
AcDbLine
 10
564.8852568993
 20
561.1104865996
 30
0.0
 11
564.8852568993
 21
351.9104865996
 31
0.0
  0
LINE
  5
96
330
1F
100
AcDbEntity
  8
0
  6
Continuous
 62
     7
370
    25
100
AcDbLine
 10
560.0852568993
 20
561.1104865996
 30
0.0
 11
560.0852568993
 21
351.9104865996
 31
0.0
  0
LINE
  5
97
330
1F
100
AcDbEntity
  8
0
  6
Continuous
 62
     7
370
    25
100
AcDbLine
 10
521.5852568993
 20
345.5104865996
 30
0.0
 11
574.7852568993
 21
345.5104865996
 31
0.0
  0
LINE
  5
98
330
1F
100
AcDbEntity
  8
0
  6
Continuous
 62
     7
370
    25
100
AcDbLine
 10
574.7852568993
 20
351.9104865996
 30
0.0
 11
521.5852568993
 21
351.9104865996
 31
0.0
  0
LINE
  5
99
330
1F
100
AcDbEntity
  8
0
  6
Continuous
 62
     7
370
    25
100
AcDbLine
 10
521.5852568993
 20
351.9104865996
 30
0.0
 11
521.5852568993
 21
345.5104865996
 31
0.0
  0
LINE
  5
9A
330
1F
100
AcDbEntity
  8
0
  6
Continuous
 62
     7
370
    25
100
AcDbLine
 10
574.7852568993
 20
345.5104865996
 30
0.0
 11
574.7852568993
 21
351.9104865996
 31
0.0
  0
LINE
  5
9B
330
1F
100
AcDbEntity
  8
0
  6
Continuous
 62
     7
370
    25
100
AcDbLine
 10
521.5852568993
 20
561.1104865996
 30
0.0
 11
574.7852568993
 21
561.1104865996
 31
0.0
  0
LINE
  5
9C
330
1F
100
AcDbEntity
  8
0
  6
Continuous
 62
     7
370
    25
100
AcDbLine
 10
521.5852568993
 20
567.5104865996
 30
0.0
 11
521.5852568993
 21
561.1104865996
 31
0.0
  0
LINE
  5
9D
330
1F
100
AcDbEntity
  8
0
  6
Continuous
 62
     7
370
    25
100
AcDbLine
 10
574.7852568993
 20
567.5104865996
 30
0.0
 11
521.5852568993
 21
567.5104865996
 31
0.0
  0
LINE
  5
9E
330
1F
100
AcDbEntity
  8
0
  6
Continuous
 62
     7
370
    25
100
AcDbLine
 10
574.7852568993
 20
561.1104865996
 30
0.0
 11
574.7852568993
 21
567.5104865996
 31
0.0
  0
LINE
  5
9F
330
1F
100
AcDbEntity
  8
0
  6
Continuous
 62
     7
370
    25
100
AcDbLine
 10
650.1852568993
 20
569.5104865996
 30
0.0
 11
650.1852568993
 21
343.5104865996
 31
0.0
  0
LINE
  5
A0
330
1F
100
AcDbEntity
  8
0
  6
Continuous
 62
     7
370
    25
100
AcDbLine
 10
650.1852568993
 20
343.5104865996
 30
0.0
 11
644.1852568993
 21
343.5104865996
 31
0.0
  0
LINE
  5
A1
330
1F
100
AcDbEntity
  8
0
  6
Continuous
 62
     7
370
    25
100
AcDbLine
 10
644.1852568993
 20
343.5104865996
 30
0.0
 11
644.1852568993
 21
345.5104865995
 31
0.0
  0
LINE
  5
A2
330
1F
100
AcDbEntity
  8
0
  6
Continuous
 62
     7
370
    25
100
AcDbLine
 10
644.1852568993
 20
567.5104865995
 30
0.0
 11
644.1852568993
 21
569.5104865996
 31
0.0
  0
LINE
  5
A3
330
1F
100
AcDbEntity
  8
0
  6
Continuous
 62
     7
370
    25
100
AcDbLine
 10
644.1852568993
 20
569.5104865996
 30
0.0
 11
650.1852568993
 21
569.5104865996
 31
0.0
  0
LINE
  5
A4
330
1F
100
AcDbEntity
  8
0
  6
Continuous
 62
     7
370
    25
100
AcDbLine
 10
588.5852569005
 20
567.5104865998
 30
0.0
 11
582.1852569005
 21
567.5104865999
 31
0.0
  0
LINE
  5
A5
330
1F
100
AcDbEntity
  8
0
  6
Continuous
 62
     7
370
    25
100
AcDbLine
 10
588.5852568993
 20
345.5104865998
 30
0.0
 11
588.5852569005
 21
567.5104865998
 31
0.0
  0
LINE
  5
A6
330
1F
100
AcDbEntity
  8
0
  6
Continuous
 62
     7
370
    25
100
AcDbLine
 10
582.1852568993
 20
345.5104865999
 30
0.0
 11
588.5852568993
 21
345.5104865998
 31
0.0
  0
LINE
  5
A7
330
1F
100
AcDbEntity
  8
0
  6
Continuous
 62
     7
370
    25
100
AcDbLine
 10
582.1852568993
 20
345.5104865999
 30
0.0
 11
582.1852569005
 21
567.5104865999
 31
0.0
  0
LINE
  5
A8
330
1F
100
AcDbEntity
  8
0
  6
Continuous
 62
     7
370
    25
100
AcDbLine
 10
648.1852569005
 20
567.5104865995
 30
0.0
 11
648.1852568993
 21
345.5104865995
 31
0.0
  0
LINE
  5
A9
330
1F
100
AcDbEntity
  8
0
  6
Continuous
 62
     7
370
    25
100
AcDbLine
 10
641.7852568993
 20
345.5104865996
 30
0.0
 11
648.1852568993
 21
345.5104865995
 31
0.0
  0
LINE
  5
AA
330
1F
100
AcDbEntity
  8
0
  6
Continuous
 62
     7
370
    25
100
AcDbLine
 10
641.7852569005
 20
567.5104865996
 30
0.0
 11
648.1852569005
 21
567.5104865995
 31
0.0
  0
LINE
  5
AB
330
1F
100
AcDbEntity
  8
0
  6
Continuous
 62
     7
370
    25
100
AcDbLine
 10
641.7852569005
 20
567.5104865996
 30
0.0
 11
641.7852568993
 21
345.5104865996
 31
0.0
  0
LINE
  5
AC
330
1F
100
AcDbEntity
  8
0
  6
Continuous
 62
     7
370
    25
100
AcDbLine
 10
617.6852568993
 20
351.9104865997
 30
0.0
 11
617.6852569005
 21
561.1104865997
 31
0.0
  0
LINE
  5
AD
330
1F
100
AcDbEntity
  8
0
  6
Continuous
 62
     7
370
    25
100
AcDbLine
 10
615.2852568993
 20
351.9104865997
 30
0.0
 11
615.2852569005
 21
561.1104865997
 31
0.0
  0
LINE
  5
AE
330
1F
100
AcDbEntity
  8
0
  6
Continuous
 62
     7
370
    25
100
AcDbLine
 10
605.6852568993
 20
351.9104865998
 30
0.0
 11
605.6852569005
 21
561.1104865998
 31
0.0
  0
LINE
  5
AF
330
1F
100
AcDbEntity
  8
0
  6
Continuous
 62
     7
370
    25
100
AcDbLine
 10
603.2852568993
 20
351.9104865998
 30
0.0
 11
603.2852569005
 21
561.1104865998
 31
0.0
  0
LINE
  5
B0
330
1F
100
AcDbEntity
  8
0
  6
Continuous
 62
     7
370
    25
100
AcDbLine
 10
596.0852568993
 20
351.9104865998
 30
0.0
 11
596.0852569005
 21
561.1104865998
 31
0.0
  0
LINE
  5
B1
330
1F
100
AcDbEntity
  8
0
  6
Continuous
 62
     7
370
    25
100
AcDbLine
 10
593.6852569005
 20
561.1104865998
 30
0.0
 11
593.6852568993
 21
351.9104865998
 31
0.0
  0
LINE
  5
B2
330
1F
100
AcDbEntity
  8
0
  6
Continuous
 62
     7
370
    25
100
AcDbLine
 10
600.8852568993
 20
351.9104865998
 30
0.0
 11
600.8852569005
 21
561.1104865998
 31
0.0
  0
LINE
  5
B3
330
1F
100
AcDbEntity
  8
0
  6
Continuous
 62
     7
370
    25
100
AcDbLine
 10
629.6852568993
 20
351.9104865996
 30
0.0
 11
629.6852569005
 21
561.1104865996
 31
0.0
  0
LINE
  5
B4
330
1F
100
AcDbEntity
  8
0
  6
Continuous
 62
     7
370
    25
100
AcDbLine
 10
627.2852568993
 20
351.9104865996
 30
0.0
 11
627.2852569005
 21
561.1104865996
 31
0.0
  0
LINE
  5
B5
330
1F
100
AcDbEntity
  8
0
  6
Continuous
 62
     7
370
    25
100
AcDbLine
 10
598.4852568993
 20
351.9104865998
 30
0.0
 11
598.4852569005
 21
561.1104865998
 31
0.0
  0
LINE
  5
B6
330
1F
100
AcDbEntity
  8
0
  6
Continuous
 62
     7
370
    25
100
AcDbLine
 10
591.2852568993
 20
351.9104865998
 30
0.0
 11
591.2852569005
 21
561.1104865998
 31
0.0
  0
LINE
  5
B7
330
1F
100
AcDbEntity
  8
0
  6
Continuous
 62
     7
370
    25
100
AcDbLine
 10
588.8852568993
 20
351.9104865998
 30
0.0
 11
588.8852569005
 21
561.1104865998
 31
0.0
  0
LINE
  5
B8
330
1F
100
AcDbEntity
  8
0
  6
Continuous
 62
     7
370
    25
100
AcDbLine
 10
612.8852568993
 20
351.9104865997
 30
0.0
 11
612.8852569005
 21
561.1104865997
 31
0.0
  0
LINE
  5
B9
330
1F
100
AcDbEntity
  8
0
  6
Continuous
 62
     7
370
    25
100
AcDbLine
 10
624.8852568993
 20
351.9104865997
 30
0.0
 11
624.8852569005
 21
561.1104865997
 31
0.0
  0
LINE
  5
BA
330
1F
100
AcDbEntity
  8
0
  6
Continuous
 62
     7
370
    25
100
AcDbLine
 10
634.4852568993
 20
351.9104865996
 30
0.0
 11
634.4852569005
 21
561.1104865996
 31
0.0
  0
LINE
  5
BB
330
1F
100
AcDbEntity
  8
0
  6
Continuous
 62
     7
370
    25
100
AcDbLine
 10
632.0852568993
 20
351.9104865996
 30
0.0
 11
632.0852569005
 21
561.1104865996
 31
0.0
  0
LINE
  5
BC
330
1F
100
AcDbEntity
  8
0
  6
Continuous
 62
     7
370
    25
100
AcDbLine
 10
622.4852568993
 20
351.9104865997
 30
0.0
 11
622.4852569005
 21
561.1104865997
 31
0.0
  0
LINE
  5
BD
330
1F
100
AcDbEntity
  8
0
  6
Continuous
 62
     7
370
    25
100
AcDbLine
 10
620.0852568993
 20
351.9104865997
 30
0.0
 11
620.0852569005
 21
561.1104865997
 31
0.0
  0
LINE
  5
BE
330
1F
100
AcDbEntity
  8
0
  6
Continuous
 62
     7
370
    25
100
AcDbLine
 10
608.0852568993
 20
351.9104865997
 30
0.0
 11
608.0852569005
 21
561.1104865997
 31
0.0
  0
LINE
  5
BF
330
1F
100
AcDbEntity
  8
0
  6
Continuous
 62
     7
370
    25
100
AcDbLine
 10
641.6852568993
 20
351.9104865996
 30
0.0
 11
641.6852569005
 21
561.1104865996
 31
0.0
  0
LINE
  5
C0
330
1F
100
AcDbEntity
  8
0
  6
Continuous
 62
     7
370
    25
100
AcDbLine
 10
639.2852568993
 20
351.9104865996
 30
0.0
 11
639.2852569005
 21
561.1104865996
 31
0.0
  0
LINE
  5
C1
330
1F
100
AcDbEntity
  8
0
  6
Continuous
 62
     7
370
    25
100
AcDbLine
 10
636.8852568993
 20
351.9104865996
 30
0.0
 11
636.8852569005
 21
561.1104865996
 31
0.0
  0
LINE
  5
C2
330
1F
100
AcDbEntity
  8
0
  6
Continuous
 62
     7
370
    25
100
AcDbLine
 10
610.4852568993
 20
351.9104865997
 30
0.0
 11
610.4852569005
 21
561.1104865997
 31
0.0
  0
LINE
  5
C3
330
1F
100
AcDbEntity
  8
0
  6
Continuous
 62
     7
370
    25
100
AcDbLine
 10
588.5852569005
 20
561.1104865998
 30
0.0
 11
641.7852569005
 21
561.1104865996
 31
0.0
  0
LINE
  5
C4
330
1F
100
AcDbEntity
  8
0
  6
Continuous
 62
     7
370
    25
100
AcDbLine
 10
588.5852569005
 20
567.5104865998
 30
0.0
 11
588.5852569005
 21
561.1104865998
 31
0.0
  0
LINE
  5
C5
330
1F
100
AcDbEntity
  8
0
  6
Continuous
 62
     7
370
    25
100
AcDbLine
 10
641.7852569005
 20
567.5104865996
 30
0.0
 11
588.5852569005
 21
567.5104865998
 31
0.0
  0
LINE
  5
C6
330
1F
100
AcDbEntity
  8
0
  6
Continuous
 62
     7
370
    25
100
AcDbLine
 10
641.7852569005
 20
561.1104865996
 30
0.0
 11
641.7852569005
 21
567.5104865996
 31
0.0
  0
LINE
  5
C7
330
1F
100
AcDbEntity
  8
0
  6
Continuous
 62
     7
370
    25
100
AcDbLine
 10
641.7852568993
 20
351.9104865996
 30
0.0
 11
588.5852568993
 21
351.9104865998
 31
0.0
  0
LINE
  5
C8
330
1F
100
AcDbEntity
  8
0
  6
Continuous
 62
     7
370
    25
100
AcDbLine
 10
641.7852568993
 20
345.5104865996
 30
0.0
 11
641.7852568993
 21
351.9104865996
 31
0.0
  0
LINE
  5
C9
330
1F
100
AcDbEntity
  8
0
  6
Continuous
 62
     7
370
    25
100
AcDbLine
 10
588.5852568993
 20
345.5104865998
 30
0.0
 11
641.7852568993
 21
345.5104865996
 31
0.0
  0
LINE
  5
CA
330
1F
100
AcDbEntity
  8
0
  6
Continuous
 62
     7
370
    25
100
AcDbLine
 10
588.5852568993
 20
351.9104865998
 30
0.0
 11
588.5852568993
 21
345.5104865998
 31
0.0
  0
LINE
  5
CB
330
1F
100
AcDbEntity
  8
0
  6
Continuous
 62
     7
370
    25
100
AcDbLine
 10
649.1852568992
 20
283.5104865997
 30
0.0
 11
641.1852568992
 21
283.5104865997
 31
0.0
  0
LINE
  5
CC
330
1F
100
AcDbEntity
  8
0
  6
Continuous
 62
     7
370
    25
100
AcDbLine
 10
649.1852568992
 20
343.5104865997
 30
0.0
 11
649.1852568992
 21
283.5104865997
 31
0.0
  0
LINE
  5
CD
330
1F
100
AcDbEntity
  8
0
  6
Continuous
 62
     7
370
    25
100
AcDbLine
 10
641.1852568992
 20
343.5104865997
 30
0.0
 11
641.1852568992
 21
283.5104865997
 31
0.0
  0
LINE
  5
CE
330
1F
100
AcDbEntity
  8
0
  6
Continuous
 62
     7
370
    25
100
AcDbLine
 10
522.1852568992
 20
343.5104865997
 30
0.0
 11
522.1852568992
 21
283.5104865997
 31
0.0
  0
LINE
  5
CF
330
1F
100
AcDbEntity
  8
0
  6
Continuous
 62
     7
370
    25
100
AcDbLine
 10
514.1852568992
 20
343.5104865997
 30
0.0
 11
514.1852568992
 21
283.5104865997
 31
0.0
  0
LINE
  5
D0
330
1F
100
AcDbEntity
  8
0
  6
Continuous
 62
     7
370
    25
100
AcDbLine
 10
522.1852568992
 20
283.5104865997
 30
0.0
 11
514.1852568992
 21
283.5104865997
 31
0.0
  0
LINE
  5
D1
330
1F
100
AcDbEntity
  8
0
  6
Continuous
 62
     7
370
    25
100
AcDbLine
 10
640.7852568992
 20
343.5104865997
 30
0.0
 11
640.7852568992
 21
335.5104865997
 31
0.0
  0
LINE
  5
D2
330
1F
100
AcDbEntity
  8
0
  6
Continuous
 62
     7
370
    25
100
AcDbLine
 10
640.7852568992
 20
335.5104865997
 30
0.0
 11
641.1852568992
 21
335.5104865997
 31
0.0
  0
LINE
  5
D3
330
1F
100
AcDbEntity
  8
0
  6
Continuous
 62
     7
370
    25
100
AcDbLine
 10
522.5852568992
 20
335.5104865997
 30
0.0
 11
522.5852568992
 21
343.5104865997
 31
0.0
  0
LINE
  5
D4
330
1F
100
AcDbEntity
  8
0
  6
Continuous
 62
     7
370
    25
100
AcDbLine
 10
522.1852568992
 20
335.5104865997
 30
0.0
 11
522.5852568992
 21
335.5104865997
 31
0.0
  0
LINE
  5
D5
330
1F
100
AcDbEntity
  8
0
  6
Continuous
 62
     7
370
    25
100
AcDbLine
 10
640.7852568992
 20
335.5104865997
 30
0.0
 11
522.5852568992
 21
335.5104865997
 31
0.0
  0
LINE
  5
D6
330
1F
100
AcDbEntity
  8
0
  6
Continuous
 62
     7
370
    25
100
AcDbLine
 10
581.1852568993
 20
416.2553975357
 30
0.0
 11
582.1852568997
 21
416.2553975357
 31
0.0
  0
LINE
  5
D7
330
1F
100
AcDbEntity
  8
0
  6
Continuous
 62
     7
370
    25
100
AcDbLine
 10
582.1852568997
 20
419.5753975357
 30
0.0
 11
581.1852568993
 21
419.5753975357
 31
0.0
  0
ARC
  5
D8
330
1F
100
AcDbEntity
  8
0
  6
Continuous
 62
     7
370
    25
100
AcDbCircle
 10
585.3852568993
 20
669.8015141173
 30
0.0
 40
2.399999999999997
100
AcDbArc
 50
120.2654292254
 51
270.0180807937
  0
ARC
  5
D9
330
1F
100
AcDbEntity
  8
0
  6
Continuous
 62
     7
370
    25
100
AcDbCircle
 10
585.3852568993
 20
669.8015141173
 30
0.0
 40
2.399999999999922
100
AcDbArc
 50
270.0180807937
 51
0.0
  0
ARC
  5
DA
330
1F
100
AcDbEntity
  8
0
  6
Continuous
 62
     7
370
    25
100
AcDbCircle
 10
585.3852568993
 20
669.8015141173
 30
0.0
 40
2.400000000000069
100
AcDbArc
 50
0.0
 51
59.9795958052
  0
SPLINE
  5
DB
330
1F
100
AcDbEntity
  8
0
  6
Continuous
 62
     7
370
    25
100
AcDbSpline
210
0.0
220
0.0
230
1.0
 70
     8
 71
     3
 72
    11
 73
     7
 74
     0
 42
0.00000001
 43
0.00000001
 40
0.0
 40
0.0
 40
0.0
 40
0.0
 40
0.2456097121220636
 40
0.5000059506695442
 40
0.7543990594180409
 40
1.0
 40
1.0
 40
1.0
 40
1.0
 10
584.6895459540311
 20
672.7504721190878
 30
0.0
 10
584.6840648142615
 20
672.6642286724007
 30
0.0
 10
584.6729064505407
 20
672.4886564762639
 30
0.0
 10
584.5702159081849
 20
672.2427459661295
 30
0.0
 10
584.4137508524791
 20
672.0284437993218
 30
0.0
 10
584.2707956909966
 20
671.930335299494
 30
0.0
 10
584.2005750110342
 20
671.8821436462752
 30
0.0
  0
ARC
  5
DC
330
1F
100
AcDbEntity
  8
0
  6
Continuous
 62
     7
370
    25
100
AcDbCircle
 10
577.9852568987
 20
669.8015141173
 30
0.0
 40
2.400000000000084
100
AcDbArc
 50
120.2657233516
 51
270.0180807937
  0
ARC
  5
DD
330
1F
100
AcDbEntity
  8
0
  6
Continuous
 62
     7
370
    25
100
AcDbCircle
 10
577.9852568987
 20
669.8015141173
 30
0.0
 40
2.399999999999977
100
AcDbArc
 50
270.0180807937
 51
0.0
  0
ARC
  5
DE
330
1F
100
AcDbEntity
  8
0
  6
Continuous
 62
     7
370
    25
100
AcDbCircle
 10
577.9852568987
 20
669.8015141173
 30
0.0
 40
2.399999999999977
100
AcDbArc
 50
0.0
 51
59.9792570105
  0
SPLINE
  5
DF
330
1F
100
AcDbEntity
  8
0
  6
Continuous
 62
     7
370
    25
100
AcDbSpline
210
0.0
220
0.0
230
1.0
 70
     8
 71
     3
 72
    11
 73
     7
 74
     0
 42
0.00000001
 43
0.00000001
 40
0.0
 40
0.0
 40
0.0
 40
0.0
 40
0.2456088646400145
 40
0.5000028139153901
 40
0.7543952823525266
 40
0.9999999999999999
 40
0.9999999999999999
 40
0.9999999999999999
 40
0.9999999999999999
 10
577.2894367557755
 20
672.7503951273995
 30
0.0
 10
577.2839491154642
 20
672.6641651304144
 30
0.0
 10
577.2727775496439
 20
672.4886208103846
 30
0.0
 10
577.1700840527252
 20
672.2427423447427
 30
0.0
 10
577.0136256619902
 20
672.0284549365534
 30
0.0
 10
576.8706784120794
 20
671.9303364143176
 30
0.0
 10
576.800460979002
 20
671.8821393991735
 30
0.0
  0
LINE
  5
E0
330
1F
100
AcDbEntity
  8
0
  6
Continuous
 62
     7
370
    25
100
AcDbLine
 10
644.1852568993
 20
681.3335141173
 30
0.0
 11
650.1852568993
 21
681.3335141173
 31
0.0
  0
LINE
  5
E1
330
1F
100
AcDbEntity
  8
0
  6
Continuous
 62
     7
370
    25
100
AcDbLine
 10
644.1852568993
 20
681.3335141173
 30
0.0
 11
644.1852568993
 21
685.1460210422
 31
0.0
  0
LINE
  5
E2
330
1F
100
AcDbEntity
  8
0
  6
Continuous
 62
     7
370
    25
100
AcDbLine
 10
650.1852568993
 20
689.3335141173
 30
0.0
 11
649.1852568994
 21
689.3335141173
 31
0.0
  0
LINE
  5
E3
330
1F
100
AcDbEntity
  8
0
  6
Continuous
 62
     7
370
    25
100
AcDbLine
 10
650.1852568993
 20
689.3335141173
 30
0.0
 11
650.1852568993
 21
681.3335141173
 31
0.0
  0
LINE
  5
E4
330
1F
100
AcDbEntity
  8
0
  6
Continuous
 62
     7
370
    25
100
AcDbLine
 10
650.1852568993
 20
755.3335141173
 30
0.0
 11
650.1852568993
 21
747.3335141173
 31
0.0
  0
LINE
  5
E5
330
1F
100
AcDbEntity
  8
0
  6
Continuous
 62
     7
370
    25
100
AcDbLine
 10
649.1852568994
 20
747.3335141173
 30
0.0
 11
650.1852568993
 21
747.3335141173
 31
0.0
  0
LINE
  5
E6
330
1F
100
AcDbEntity
  8
0
  6
Continuous
 62
     7
370
    25
100
AcDbLine
 10
650.1852568993
 20
755.3335141173
 30
0.0
 11
644.1852568993
 21
755.3335141173
 31
0.0
  0
LINE
  5
E7
330
1F
100
AcDbEntity
  8
0
  6
Continuous
 62
     7
370
    25
100
AcDbLine
 10
644.1852568993
 20
749.1460210422
 30
0.0
 11
644.1852568993
 21
755.3335141173
 31
0.0
  0
LINE
  5
E8
330
1F
100
AcDbEntity
  8
0
  6
Continuous
 62
     7
370
    25
100
AcDbLine
 10
644.1852568993
 20
681.3335141173
 30
0.0
 11
644.1852568993
 21
685.1460210422
 31
0.0
  0
LINE
  5
E9
330
1F
100
AcDbEntity
  8
0
  6
Continuous
 62
     7
370
    25
100
AcDbLine
 10
644.1852568993
 20
749.1460210422
 30
0.0
 11
644.1852568993
 21
755.3335141173
 31
0.0
  0
LINE
  5
EA
330
1F
100
AcDbEntity
  8
0
  6
Continuous
 62
     7
370
    25
100
AcDbLine
 10
519.1852568993
 20
681.3335141173
 30
0.0
 11
644.1852568993
 21
681.3335141173
 31
0.0
  0
LINE
  5
EB
330
1F
100
AcDbEntity
  8
0
  6
Continuous
 62
     7
370
    25
100
AcDbLine
 10
519.1852568993
 20
755.3335141173
 30
0.0
 11
519.1852568993
 21
749.1460210422
 31
0.0
  0
LINE
  5
EC
330
1F
100
AcDbEntity
  8
0
  6
Continuous
 62
     7
370
    25
100
AcDbLine
 10
519.1852568993
 20
685.1460210422
 30
0.0
 11
519.1852568993
 21
681.3335141173
 31
0.0
  0
LINE
  5
ED
330
1F
100
AcDbEntity
  8
0
  6
Continuous
 62
     7
370
    25
100
AcDbLine
 10
644.1852568993
 20
755.3335141173
 30
0.0
 11
519.1852568993
 21
755.3335141173
 31
0.0
  0
SPLINE
  5
EE
330
1F
100
AcDbEntity
  8
0
  6
Continuous
 62
     7
370
    25
100
AcDbSpline
210
0.0
220
0.0
230
1.0
 70
     8
 71
     3
 72
    10
 73
     6
 74
     0
 42
0.00000001
 43
0.00000001
 40
0.0
 40
0.0
 40
0.0
 40
0.0
 40
0.370927593251372
 40
0.7724167270598855
 40
1.0
 40
1.0
 40
1.0
 40
1.0
 10
637.1852568993072
 20
719.5335141172629
 30
0.0
 10
637.3346513318913
 20
719.5160303730675
 30
0.0
 10
637.6457491330721
 20
719.4796223605227
 30
0.0
 10
638.0121874733524
 20
719.2539458102507
 30
0.0
 10
638.1392784422922
 20
719.0318053830437
 30
0.0
 10
638.1852568994016
 20
718.9514403170613
 30
0.0
  0
SPLINE
  5
EF
330
1F
100
AcDbEntity
  8
0
  6
Continuous
 62
     7
370
    25
100
AcDbSpline
210
0.0
220
0.0
230
1.0
 70
     8
 71
     3
 72
    10
 73
     6
 74
     0
 42
0.00000001
 43
0.00000001
 40
0.0
 40
0.0
 40
0.0
 40
0.0
 40
0.2275832729401147
 40
0.6290724067486283
 40
1.0
 40
1.0
 40
1.0
 40
1.0
 10
638.1852568994016
 20
717.7155879174647
 30
0.0
 10
638.1392784422922
 20
717.6352228514822
 30
0.0
 10
638.0121874733524
 20
717.4130824242753
 30
0.0
 10
637.645749133072
 20
717.1874058740032
 30
0.0
 10
637.3346513318913
 20
717.1509978614586
 30
0.0
 10
637.1852568993072
 20
717.133514117263
 30
0.0
  0
SPLINE
  5
F0
330
1F
100
AcDbEntity
  8
0
  6
Continuous
 62
     7
370
    25
100
AcDbSpline
210
0.0
220
0.0
230
1.0
 70
     8
 71
     3
 72
    10
 73
     6
 74
     0
 42
0.00000001
 43
0.00000001
 40
0.0
 40
0.0
 40
0.0
 40
0.0
 40
0.3709275933565841
 40
0.7724167272789765
 40
1.0
 40
1.0
 40
1.0
 40
1.0
 10
637.1852568993072
 20
717.133514117263
 30
0.0
 10
637.0358624667244
 20
717.1509978614597
 30
0.0
 10
636.724764665547
 20
717.1874058740069
 30
0.0
 10
636.358326325349
 20
717.4130824241983
 30
0.0
 10
636.2312353564571
 20
717.6352228512976
 30
0.0
 10
636.1852568994016
 20
717.7155879171772
 30
0.0
  0
SPLINE
  5
F1
330
1F
100
AcDbEntity
  8
0
  6
Continuous
 62
     7
370
    25
100
AcDbSpline
210
0.0
220
0.0
230
1.0
 70
     8
 71
     3
 72
    10
 73
     6
 74
     0
 42
0.00000001
 43
0.00000001
 40
0.0
 40
0.0
 40
0.0
 40
0.0
 40
0.227583272721009
 40
0.6290724066434171
 40
1.0
 40
1.0
 40
1.0
 40
1.0
 10
636.1852568994016
 20
718.9514403173487
 30
0.0
 10
636.2312353564571
 20
719.0318053832283
 30
0.0
 10
636.3583263253489
 20
719.2539458103278
 30
0.0
 10
636.724764665547
 20
719.4796223605191
 30
0.0
 10
637.0358624667246
 20
719.5160303730663
 30
0.0
 10
637.1852568993072
 20
719.5335141172629
 30
0.0
  0
SPLINE
  5
F2
330
1F
100
AcDbEntity
  8
0
  6
Continuous
 62
     7
370
    25
100
AcDbSpline
210
0.0
220
0.0
230
1.0
 70
     8
 71
     3
 72
    10
 73
     6
 74
     0
 42
0.00000001
 43
0.00000001
 40
0.0
 40
0.0
 40
0.0
 40
0.0
 40
0.37092759335635
 40
0.772416727278503
 40
1.0
 40
1.0
 40
1.0
 40
1.0
 10
526.1852568993072
 20
717.133514117263
 30
0.0
 10
526.0358624667244
 20
717.1509978614597
 30
0.0
 10
525.7247646655471
 20
717.1874058740069
 30
0.0
 10
525.3583263253488
 20
717.4130824241985
 30
0.0
 10
525.2312353564569
 20
717.6352228512981
 30
0.0
 10
525.1852568994011
 20
717.7155879171779
 30
0.0
  0
SPLINE
  5
F3
330
1F
100
AcDbEntity
  8
0
  6
Continuous
 62
     7
370
    25
100
AcDbSpline
210
0.0
220
0.0
230
1.0
 70
     8
 71
     3
 72
    10
 73
     6
 74
     0
 42
0.00000001
 43
0.00000001
 40
0.0
 40
0.0
 40
0.0
 40
0.0
 40
0.2275832727214977
 40
0.6290724066436505
 40
1.0
 40
1.0
 40
1.0
 40
1.0
 10
525.1852568994011
 20
718.951440317348
 30
0.0
 10
525.2312353564569
 20
719.0318053832278
 30
0.0
 10
525.3583263253488
 20
719.2539458103277
 30
0.0
 10
525.7247646655471
 20
719.4796223605191
 30
0.0
 10
526.0358624667244
 20
719.5160303730663
 30
0.0
 10
526.1852568993072
 20
719.5335141172629
 30
0.0
  0
SPLINE
  5
F4
330
1F
100
AcDbEntity
  8
0
  6
Continuous
 62
     7
370
    25
100
AcDbSpline
210
0.0
220
0.0
230
1.0
 70
     8
 71
     3
 72
    10
 73
     6
 74
     0
 42
0.00000001
 43
0.00000001
 40
0.0
 40
0.0
 40
0.0
 40
0.0
 40
0.3709275932516091
 40
0.7724167270603696
 40
1.0
 40
1.0
 40
1.0
 40
1.0
 10
526.1852568993072
 20
719.5335141172629
 30
0.0
 10
526.3346513318913
 20
719.5160303730675
 30
0.0
 10
526.645749133072
 20
719.4796223605227
 30
0.0
 10
527.0121874733521
 20
719.2539458102508
 30
0.0
 10
527.1392784422918
 20
719.0318053830441
 30
0.0
 10
527.1852568994011
 20
718.951440317062
 30
0.0
  0
SPLINE
  5
F5
330
1F
100
AcDbEntity
  8
0
  6
Continuous
 62
     7
370
    25
100
AcDbSpline
210
0.0
220
0.0
230
1.0
 70
     8
 71
     3
 72
    10
 73
     6
 74
     0
 42
0.00000001
 43
0.00000001
 40
0.0
 40
0.0
 40
0.0
 40
0.0
 40
0.2275832729396314
 40
0.6290724067484084
 40
1.0
 40
1.0
 40
1.0
 40
1.0
 10
527.1852568994011
 20
717.7155879174642
 30
0.0
 10
527.1392784422918
 20
717.635222851482
 30
0.0
 10
527.0121874733521
 20
717.4130824242751
 30
0.0
 10
526.645749133072
 20
717.1874058740032
 30
0.0
 10
526.3346513318913
 20
717.1509978614586
 30
0.0
 10
526.1852568993072
 20
717.133514117263
 30
0.0
  0
LINE
  5
F6
330
1F
100
AcDbEntity
  8
0
  6
Continuous
 62
     7
370
    25
100
AcDbLine
 10
650.1852568993
 20
747.3335141173
 30
0.0
 11
649.1852568994
 21
747.3335141173
 31
0.0
  0
LINE
  5
F7
330
1F
100
AcDbEntity
  8
0
  6
Continuous
 62
     7
370
    25
100
AcDbLine
 10
650.1852568993
 20
747.3335141173
 30
0.0
 11
650.1852568993
 21
689.3335141173
 31
0.0
  0
LINE
  5
F8
330
1F
100
AcDbEntity
  8
0
  6
Continuous
 62
     7
370
    25
100
AcDbLine
 10
649.1852568994
 20
689.3335141173
 30
0.0
 11
650.1852568993
 21
689.3335141173
 31
0.0
  0
LINE
  5
F9
330
1F
100
AcDbEntity
  8
0
  6
Continuous
 62
     7
370
    25
100
AcDbLine
 10
582.1852568993
 20
674.4015141173
 30
0.0
 11
582.1852568993
 21
680.8015141173
 31
0.0
  0
LINE
  5
FA
330
1F
100
AcDbEntity
  8
0
  6
Continuous
 62
     7
370
    25
100
AcDbLine
 10
588.5852568993
 20
680.8015141173
 30
0.0
 11
582.1852568993
 21
680.8015141173
 31
0.0
  0
LINE
  5
FB
330
1F
100
AcDbEntity
  8
0
  6
Continuous
 62
     7
370
    25
100
AcDbLine
 10
588.5852568993
 20
674.4015141173
 30
0.0
 11
588.5852568993
 21
680.8015141173
 31
0.0
  0
LINE
  5
FC
330
1F
100
AcDbEntity
  8
0
  6
Continuous
 62
     7
370
    25
100
AcDbLine
 10
588.5852568993
 20
674.4015141173
 30
0.0
 11
582.1852568993
 21
674.4015141173
 31
0.0
  0
LINE
  5
FD
330
1F
100
AcDbEntity
  8
0
  6
Continuous
 62
     7
370
    25
100
AcDbLine
 10
648.1852568993
 20
680.8015141173
 30
0.0
 11
648.1852568993
 21
674.4015141173
 31
0.0
  0
LINE
  5
FE
330
1F
100
AcDbEntity
  8
0
  6
Continuous
 62
     7
370
    25
100
AcDbLine
 10
641.7852568993
 20
674.4015141173
 30
0.0
 11
648.1852568993
 21
674.4015141173
 31
0.0
  0
LINE
  5
FF
330
1F
100
AcDbEntity
  8
0
  6
Continuous
 62
     7
370
    25
100
AcDbLine
 10
641.7852568993
 20
680.8015141173
 30
0.0
 11
641.7852568993
 21
674.4015141173
 31
0.0
  0
LINE
  5
100
330
1F
100
AcDbEntity
  8
0
  6
Continuous
 62
     7
370
    25
100
AcDbLine
 10
648.1852568993
 20
680.8015141173
 30
0.0
 11
641.7852568993
 21
680.8015141173
 31
0.0
  0
LINE
  5
101
330
1F
100
AcDbEntity
  8
0
  6
Continuous
 62
     7
370
    25
100
AcDbLine
 10
641.7852568993
 20
674.4015141173
 30
0.0
 11
588.5852568993
 21
674.4015141173
 31
0.0
  0
LINE
  5
102
330
1F
100
AcDbEntity
  8
0
  6
Continuous
 62
     7
370
    25
100
AcDbLine
 10
641.7852568993
 20
674.4015141173
 30
0.0
 11
641.7852568993
 21
680.8015141173
 31
0.0
  0
LINE
  5
103
330
1F
100
AcDbEntity
  8
0
  6
Continuous
 62
     7
370
    25
100
AcDbLine
 10
641.7852568993
 20
680.8015141173
 30
0.0
 11
588.5852568993
 21
680.8015141173
 31
0.0
  0
LINE
  5
104
330
1F
100
AcDbEntity
  8
0
  6
Continuous
 62
     7
370
    25
100
AcDbLine
 10
588.5852568993
 20
680.8015141173
 30
0.0
 11
588.5852568993
 21
674.4015141173
 31
0.0
  0
LINE
  5
105
330
1F
100
AcDbEntity
  8
0
  6
Continuous
 62
     7
370
    25
100
AcDbLine
 10
587.1352568993
 20
674.4015141173
 30
0.0
 11
587.1352568993
 21
674.0015141173
 31
0.0
  0
LINE
  5
106
330
1F
100
AcDbEntity
  8
0
  6
Continuous
 62
     7
370
    25
100
AcDbLine
 10
583.6352568993
 20
674.0015141173
 30
0.0
 11
583.6352568993
 21
674.4015141173
 31
0.0
  0
SPLINE
  5
107
330
1F
100
AcDbEntity
  8
0
  6
Continuous
 62
     7
370
    25
100
AcDbSpline
210
0.0
220
0.0
230
1.0
 70
    24
 71
     3
 72
    19
 73
    15
 74
     0
 42
0.00000001
 43
0.00000001
 40
0.0
 40
0.0
 40
0.0
 40
0.0
 40
0.0785035252242138
 40
0.1626765933322096
 40
0.2500000000000001
 40
0.3373234066677877
 40
0.4214964747757856
 40
0.500000000000001
 40
0.5785035252242166
 40
0.662676593332214
 40
0.7499999999999982
 40
0.8373234066677911
 40
0.9214964747757902
 40
1.0
 40
1.0
 40
1.0
 40
1.0
 10
583.6352568993068
 20
674.0015141172669
 30
0.0
 10
583.6455918331351
 20
674.0015141172669
 30
0.0
 10
583.6670080921209
 20
674.0015141172669
 30
0.0
 10
583.8445175585961
 20
674.0015141172669
 30
0.0
 10
584.1317867306414
 20
674.0015141172669
 30
0.0
 10
584.5140988556537
 20
674.0015141172669
 30
0.0
 10
584.9434409017448
 20
674.0015141172669
 30
0.0
 10
585.3852568993069
 20
674.0015141172669
 30
0.0
 10
585.8270728968691
 20
674.0015141172669
 30
0.0
 10
586.25641494296
 20
674.0015141172669
 30
0.0
 10
586.6387270679724
 20
674.0015141172669
 30
0.0
 10
586.9259962400178
 20
674.0015141172669
 30
0.0
 10
587.1035057064929
 20
674.0015141172669
 30
0.0
 10
587.1249219654786
 20
674.0015141172669
 30
0.0
 10
587.1352568993069
 20
674.0015141172669
 30
0.0
  0
SPLINE
  5
108
330
1F
100
AcDbEntity
  8
0
  6
Continuous
 62
     7
370
    25
100
AcDbSpline
210
0.0
220
0.0
230
1.0
 70
     8
 71
     3
 72
    11
 73
     7
 74
     0
 42
0.00000001
 43
0.00000001
 40
0.0
 40
0.0
 40
0.0
 40
0.0
 40
0.2702613318128849
 40
0.5624293896420914
 40
0.7897364218595323
 40
1.0
 40
1.0
 40
1.0
 40
1.0
 10
584.6776164170991
 20
673.0015141172669
 30
0.0
 10
584.6599871147666
 20
673.1432197277094
 30
0.0
 10
584.6232995217463
 20
673.43811726061
 30
0.0
 10
584.3528009367477
 20
673.7735395302268
 30
0.0
 10
584.0163969935151
 20
673.9687667957661
 30
0.0
 10
583.7875723556192
 20
673.9908855195245
 30
0.0
 10
583.6776164170991
 20
674.0015141172669
 30
0.0
  0
SPLINE
  5
109
330
1F
100
AcDbEntity
  8
0
  6
Continuous
 62
     7
370
    25
100
AcDbSpline
210
0.0
220
0.0
230
1.0
 70
     8
 71
     3
 72
    11
 73
     7
 74
     0
 42
0.00000001
 43
0.00000001
 40
0.0
 40
0.0
 40
0.0
 40
0.0
 40
0.2702613318128833
 40
0.5624293896420887
 40
0.7897364218595324
 40
1.0
 40
1.0
 40
1.0
 40
1.0
 10
587.0928973815146
 20
674.0015141172669
 30
0.0
 10
586.951191771072
 20
673.9838848149343
 30
0.0
 10
586.6562942381713
 20
673.9471972219139
 30
0.0
 10
586.3208719685547
 20
673.6766986369154
 30
0.0
 10
586.1256447030154
 20
673.3402946936826
 30
0.0
 10
586.1035259792569
 20
673.1114700557869
 30
0.0
 10
586.0928973815146
 20
673.0015141172669
 30
0.0
  0
LINE
  5
10A
330
1F
100
AcDbEntity
  8
0
  6
Continuous
 62
     7
370
    25
100
AcDbLine
 10
584.6776164171
 20
672.7415760186
 30
0.0
 11
584.6906133042
 21
672.7512345889
 31
0.0
  0
SPLINE
  5
10B
330
1F
100
AcDbEntity
  8
0
  6
Continuous
 62
     7
370
    25
100
AcDbSpline
210
0.0
220
0.0
230
1.0
 70
     8
 71
     3
 72
    10
 73
     6
 74
     0
 42
0.00000001
 43
0.00000001
 40
0.0
 40
0.0
 40
0.0
 40
0.0
 40
0.2765469980809918
 40
0.5626558021282924
 40
1.0
 40
1.0
 40
1.0
 40
1.0
 10
586.0926980206525
 20
672.741725939793
 30
0.0
 10
586.1009865501386
 20
672.6459792644571
 30
0.0
 10
586.1178501908178
 20
672.451175405489
 30
0.0
 10
586.2679352012374
 20
672.1269197309427
 30
0.0
 10
586.4688462858674
 20
671.971124390641
 30
0.0
 10
586.5903017182425
 20
671.8769424770188
 30
0.0
  0
SPLINE
  5
10C
330
1F
100
AcDbEntity
  8
0
  6
Continuous
 62
     7
370
    25
100
AcDbSpline
210
0.0
220
0.0
230
1.0
 70
     8
 71
     3
 72
    10
 73
     6
 74
     0
 42
0.00000001
 43
0.00000001
 40
0.0
 40
0.0
 40
0.0
 40
0.0
 40
0.2765470006073441
 40
0.5626558002071006
 40
1.0
 40
1.0
 40
1.0
 40
1.0
 10
584.1802112896072
 20
671.8769422715769
 30
0.0
 10
584.2588128127403
 20
671.9322014354065
 30
0.0
 10
584.4187335596615
 20
672.0446303859105
 30
0.0
 10
584.6236426690791
 20
672.337317331837
 30
0.0
 10
584.6574051306314
 20
672.5893599578186
 30
0.0
 10
584.6778153255482
 20
672.7417255996313
 30
0.0
  0
LINE
  5
10D
330
1F
100
AcDbEntity
  8
0
  6
Continuous
 62
     7
370
    25
100
AcDbLine
 10
586.0928973815
 20
673.0015141173
 30
0.0
 11
586.0928973815
 21
672.7415760186
 31
0.0
  0
LINE
  5
10E
330
1F
100
AcDbEntity
  8
0
  6
Continuous
 62
     7
370
    25
100
AcDbLine
 10
584.6776164171
 20
672.7415760186
 30
0.0
 11
584.6776164171
 21
673.0015141173
 31
0.0
  0
LINE
  5
10F
330
1F
100
AcDbEntity
  8
0
  6
Continuous
 62
     7
370
    25
100
AcDbLine
 10
513.1852568993
 20
689.3335141173
 30
0.0
 11
514.1852568994
 21
689.3335141173
 31
0.0
  0
LINE
  5
110
330
1F
100
AcDbEntity
  8
0
  6
Continuous
 62
     7
370
    25
100
AcDbLine
 10
513.1852568993
 20
689.3335141173
 30
0.0
 11
513.1852568993
 21
747.3335141173
 31
0.0
  0
LINE
  5
111
330
1F
100
AcDbEntity
  8
0
  6
Continuous
 62
     7
370
    25
100
AcDbLine
 10
514.1852568994
 20
747.3335141173
 30
0.0
 11
513.1852568993
 21
747.3335141173
 31
0.0
  0
LINE
  5
112
330
1F
100
AcDbEntity
  8
0
  6
Continuous
 62
     7
370
    25
100
AcDbLine
 10
519.1852568993
 20
755.3335141173
 30
0.0
 11
519.1852568993
 21
749.1460210422
 31
0.0
  0
LINE
  5
113
330
1F
100
AcDbEntity
  8
0
  6
Continuous
 62
     7
370
    25
100
AcDbLine
 10
513.1852568993
 20
747.3335141173
 30
0.0
 11
514.1852568994
 21
747.3335141173
 31
0.0
  0
LINE
  5
114
330
1F
100
AcDbEntity
  8
0
  6
Continuous
 62
     7
370
    25
100
AcDbLine
 10
513.1852568993
 20
747.3335141173
 30
0.0
 11
513.1852568993
 21
755.3335141173
 31
0.0
  0
LINE
  5
115
330
1F
100
AcDbEntity
  8
0
  6
Continuous
 62
     7
370
    25
100
AcDbLine
 10
519.1852568993
 20
755.3335141173
 30
0.0
 11
513.1852568993
 21
755.3335141173
 31
0.0
  0
LINE
  5
116
330
1F
100
AcDbEntity
  8
0
  6
Continuous
 62
     7
370
    25
100
AcDbLine
 10
513.1852568993
 20
681.3335141173
 30
0.0
 11
513.1852568993
 21
689.3335141173
 31
0.0
  0
LINE
  5
117
330
1F
100
AcDbEntity
  8
0
  6
Continuous
 62
     7
370
    25
100
AcDbLine
 10
514.1852568994
 20
689.3335141173
 30
0.0
 11
513.1852568993
 21
689.3335141173
 31
0.0
  0
LINE
  5
118
330
1F
100
AcDbEntity
  8
0
  6
Continuous
 62
     7
370
    25
100
AcDbLine
 10
519.1852568993
 20
685.1460210422
 30
0.0
 11
519.1852568993
 21
681.3335141173
 31
0.0
  0
LINE
  5
119
330
1F
100
AcDbEntity
  8
0
  6
Continuous
 62
     7
370
    25
100
AcDbLine
 10
513.1852568993
 20
681.3335141173
 30
0.0
 11
519.1852568993
 21
681.3335141173
 31
0.0
  0
LINE
  5
11A
330
1F
100
AcDbEntity
  8
0
  6
Continuous
 62
     7
370
    25
100
AcDbLine
 10
581.1852568993
 20
680.8015141173
 30
0.0
 11
581.1852568993
 21
674.4015141173
 31
0.0
  0
LINE
  5
11B
330
1F
100
AcDbEntity
  8
0
  6
Continuous
 62
     7
370
    25
100
AcDbLine
 10
581.1852568993
 20
674.4015141173
 30
0.0
 11
574.7852568993
 21
674.4015141173
 31
0.0
  0
LINE
  5
11C
330
1F
100
AcDbEntity
  8
0
  6
Continuous
 62
     7
370
    25
100
AcDbLine
 10
574.7852568993
 20
680.8015141173
 30
0.0
 11
574.7852568993
 21
674.4015141173
 31
0.0
  0
LINE
  5
11D
330
1F
100
AcDbEntity
  8
0
  6
Continuous
 62
     7
370
    25
100
AcDbLine
 10
574.7852568993
 20
680.8015141173
 30
0.0
 11
581.1852568993
 21
680.8015141173
 31
0.0
  0
LINE
  5
11E
330
1F
100
AcDbEntity
  8
0
  6
Continuous
 62
     7
370
    25
100
AcDbLine
 10
521.5852568993
 20
680.8015141173
 30
0.0
 11
515.1852568993
 21
680.8015141173
 31
0.0
  0
LINE
  5
11F
330
1F
100
AcDbEntity
  8
0
  6
Continuous
 62
     7
370
    25
100
AcDbLine
 10
521.5852568993
 20
674.4015141173
 30
0.0
 11
521.5852568993
 21
680.8015141173
 31
0.0
  0
LINE
  5
120
330
1F
100
AcDbEntity
  8
0
  6
Continuous
 62
     7
370
    25
100
AcDbLine
 10
521.5852568993
 20
674.4015141173
 30
0.0
 11
515.1852568993
 21
674.4015141173
 31
0.0
  0
LINE
  5
121
330
1F
100
AcDbEntity
  8
0
  6
Continuous
 62
     7
370
    25
100
AcDbLine
 10
515.1852568993
 20
674.4015141173
 30
0.0
 11
515.1852568993
 21
680.8015141173
 31
0.0
  0
LINE
  5
122
330
1F
100
AcDbEntity
  8
0
  6
Continuous
 62
     7
370
    25
100
AcDbLine
 10
576.2352568987
 20
674.4015141173
 30
0.0
 11
576.2352568987
 21
674.0015141173
 31
0.0
  0
LINE
  5
123
330
1F
100
AcDbEntity
  8
0
  6
Continuous
 62
     7
370
    25
100
AcDbLine
 10
579.7352568987
 20
674.0015141173
 30
0.0
 11
579.7352568987
 21
674.4015141173
 31
0.0
  0
SPLINE
  5
124
330
1F
100
AcDbEntity
  8
0
  6
Continuous
 62
     7
370
    25
100
AcDbSpline
210
0.0
220
0.0
230
1.0
 70
    24
 71
     3
 72
    19
 73
    15
 74
     0
 42
0.00000001
 43
0.00000001
 40
0.0
 40
0.0
 40
0.0
 40
0.0
 40
0.0785035252242119
 40
0.1626765933322042
 40
0.2499999999999977
 40
0.337323406667786
 40
0.4214964747757816
 40
0.4999999999999971
 40
0.5785035252242113
 40
0.6626765933322096
 40
0.7499999999999993
 40
0.8373234066677891
 40
0.9214964747757917
 40
1.0
 40
1.0
 40
1.0
 40
1.0
 10
576.2352568987219
 20
674.0015141172669
 30
0.0
 10
576.2455918325509
 20
674.0015141172669
 30
0.0
 10
576.2670080915383
 20
674.0015141172669
 30
0.0
 10
576.4445175580158
 20
674.0015141172668
 30
0.0
 10
576.7317867300632
 20
674.0015141172668
 30
0.0
 10
577.1140988550771
 20
674.0015141172668
 30
0.0
 10
577.543440901169
 20
674.0015141172669
 30
0.0
 10
577.9852568987314
 20
674.0015141172669
 30
0.0
 10
578.4270728962932
 20
674.0015141172669
 30
0.0
 10
578.8564149423834
 20
674.0015141172668
 30
0.0
 10
579.2387270673942
 20
674.0015141172668
 30
0.0
 10
579.5259962394373
 20
674.0015141172669
 30
0.0
 10
579.7035057059102
 20
674.0015141172669
 30
0.0
 10
579.7249219648943
 20
674.0015141172669
 30
0.0
 10
579.7352568987219
 20
674.0015141172669
 30
0.0
  0
SPLINE
  5
125
330
1F
100
AcDbEntity
  8
0
  6
Continuous
 62
     7
370
    25
100
AcDbSpline
210
0.0
220
0.0
230
1.0
 70
     8
 71
     3
 72
    11
 73
     7
 74
     0
 42
0.00000001
 43
0.00000001
 40
0.0
 40
0.0
 40
0.0
 40
0.0
 40
0.2702613318128828
 40
0.5624293896420874
 40
0.7897364218595321
 40
0.9999999999999999
 40
0.9999999999999999
 40
0.9999999999999999
 40
0.9999999999999999
 10
576.2776164165141
 20
674.0015141172669
 30
0.0
 10
576.4193220269567
 20
673.9838848149343
 30
0.0
 10
576.7142195598574
 20
673.9471972219139
 30
0.0
 10
577.049641829474
 20
673.6766986369154
 30
0.0
 10
577.2448690950134
 20
673.3402946936827
 30
0.0
 10
577.2669878187718
 20
673.1114700557869
 30
0.0
 10
577.2776164165141
 20
673.0015141172669
 30
0.0
  0
SPLINE
  5
126
330
1F
100
AcDbEntity
  8
0
  6
Continuous
 62
     7
370
    25
100
AcDbSpline
210
0.0
220
0.0
230
1.0
 70
     8
 71
     3
 72
    11
 73
     7
 74
     0
 42
0.00000001
 43
0.00000001
 40
0.0
 40
0.0
 40
0.0
 40
0.0
 40
0.2702613318128841
 40
0.562429389642091
 40
0.7897364218595307
 40
0.9999999999999999
 40
0.9999999999999999
 40
0.9999999999999999
 40
0.9999999999999999
 10
578.6928973809297
 20
673.0015141172669
 30
0.0
 10
578.7105266832621
 20
673.1432197277094
 30
0.0
 10
578.7472142762824
 20
673.43811726061
 30
0.0
 10
579.017712861281
 20
673.7735395302268
 30
0.0
 10
579.3541168045138
 20
673.9687667957661
 30
0.0
 10
579.5829414424096
 20
673.9908855195246
 30
0.0
 10
579.6928973809297
 20
674.0015141172669
 30
0.0
  0
SPLINE
  5
127
330
1F
100
AcDbEntity
  8
0
  6
Continuous
 62
     7
370
    25
100
AcDbSpline
210
0.0
220
0.0
230
1.0
 70
     8
 71
     3
 72
    10
 73
     6
 74
     0
 42
0.00000001
 43
0.00000001
 40
0.0
 40
0.0
 40
0.0
 40
0.0
 40
0.2765470006073443
 40
0.5626558002070982
 40
1.0
 40
1.0
 40
1.0
 40
1.0
 10
579.1903025084217
 20
671.8769422715769
 30
0.0
 10
579.1117009852886
 20
671.9322014354065
 30
0.0
 10
578.9517802383674
 20
672.0446303859105
 30
0.0
 10
578.7468711289498
 20
672.337317331837
 30
0.0
 10
578.7131086673974
 20
672.5893599578186
 30
0.0
 10
578.6926984724806
 20
672.7417255996313
 30
0.0
  0
SPLINE
  5
128
330
1F
100
AcDbEntity
  8
0
  6
Continuous
 62
     7
370
    25
100
AcDbSpline
210
0.0
220
0.0
230
1.0
 70
     8
 71
     3
 72
    10
 73
     6
 74
     0
 42
0.00000001
 43
0.00000001
 40
0.0
 40
0.0
 40
0.0
 40
0.0
 40
0.2765469980809925
 40
0.5626558021282945
 40
1.0
 40
1.0
 40
1.0
 40
1.0
 10
577.2778157773762
 20
672.741725939793
 30
0.0
 10
577.26952724789
 20
672.6459792644571
 30
0.0
 10
577.2526636072109
 20
672.451175405489
 30
0.0
 10
577.1025785967912
 20
672.1269197309426
 30
0.0
 10
576.9016675121612
 20
671.971124390641
 30
0.0
 10
576.7802120797861
 20
671.8769424770188
 30
0.0
  0
LINE
  5
129
330
1F
100
AcDbEntity
  8
0
  6
Continuous
 62
     7
370
    25
100
AcDbLine
 10
577.2776164165
 20
672.7415760186
 30
0.0
 11
577.2905012714
 21
672.7511522617
 31
0.0
  0
LINE
  5
12A
330
1F
100
AcDbEntity
  8
0
  6
Continuous
 62
     7
370
    25
100
AcDbLine
 10
577.2776164165
 20
673.0015141173
 30
0.0
 11
577.2776164165
 21
672.7415760186
 31
0.0
  0
LINE
  5
12B
330
1F
100
AcDbEntity
  8
0
  6
Continuous
 62
     7
370
    25
100
AcDbLine
 10
578.6928973809
 20
672.7415760186
 30
0.0
 11
578.6928973809
 21
673.0015141173
 31
0.0
  0
LINE
  5
12C
330
1F
100
AcDbEntity
  8
0
  6
Continuous
 62
     7
370
    25
100
AcDbLine
 10
574.7852568993
 20
674.4015141173
 30
0.0
 11
521.5852568993
 21
674.4015141173
 31
0.0
  0
LINE
  5
12D
330
1F
100
AcDbEntity
  8
0
  6
Continuous
 62
     7
370
    25
100
AcDbLine
 10
574.7852568993
 20
680.8015141173
 30
0.0
 11
521.5852568993
 21
680.8015141173
 31
0.0
  0
LINE
  5
12E
330
1F
100
AcDbEntity
  8
0
  6
Continuous
 62
     7
370
    25
100
AcDbLine
 10
574.7852568993
 20
674.4015141173
 30
0.0
 11
574.7852568993
 21
680.8015141173
 31
0.0
  0
LINE
  5
12F
330
1F
100
AcDbEntity
  8
0
  6
Continuous
 62
     7
370
    25
100
AcDbLine
 10
521.5852568993
 20
680.8015141173
 30
0.0
 11
521.5852568993
 21
674.4015141173
 31
0.0
  0
LINE
  5
130
330
1F
100
AcDbEntity
  8
0
  6
Continuous
 62
     7
370
    25
100
AcDbLine
 10
649.1852568994
 20
741.1460210422
 30
0.0
 11
649.1852568994
 21
749.1460210422
 31
0.0
  0
LINE
  5
131
330
1F
100
AcDbEntity
  8
0
  6
Continuous
 62
     7
370
    25
100
AcDbLine
 10
641.1852568994
 20
741.1460210422
 30
0.0
 11
649.1852568994
 21
741.1460210422
 31
0.0
  0
LINE
  5
132
330
1F
100
AcDbEntity
  8
0
  6
Continuous
 62
     7
370
    25
100
AcDbLine
 10
641.1852568994
 20
749.1460210422
 30
0.0
 11
641.1852568994
 21
741.1460210422
 31
0.0
  0
LINE
  5
133
330
1F
100
AcDbEntity
  8
0
  6
Continuous
 62
     7
370
    25
100
AcDbLine
 10
649.1852568994
 20
749.1460210422
 30
0.0
 11
641.1852568994
 21
749.1460210422
 31
0.0
  0
SPLINE
  5
134
330
1F
100
AcDbEntity
  8
0
  6
Continuous
 62
     7
370
    25
100
AcDbSpline
210
0.0
220
0.0
230
1.0
 70
     8
 71
     3
 72
    19
 73
    15
 74
     0
 42
0.00000001
 43
0.00000001
 40
0.0
 40
0.0
 40
0.0
 40
0.0
 40
0.0785035252242153
 40
0.1626765933322117
 40
0.2499999999999983
 40
0.3373234066677873
 40
0.4214964747757846
 40
0.5
 40
0.578503525224215
 40
0.6626765933322134
 40
0.7500000000000003
 40
0.8373234066677887
 40
0.9214964747757856
 40
1.0
 40
1.0
 40
1.0
 40
1.0
 10
645.1852568993987
 20
748.6460210422197
 30
0.0
 10
645.4728616285361
 20
748.6253511745631
 30
0.0
 10
646.0688419673638
 20
748.5825186565918
 30
0.0
 10
646.9277798149848
 20
748.2274997236412
 30
0.0
 10
647.691391069768
 20
747.6529613795506
 30
0.0
 10
648.2696952527335
 20
746.888337129526
 30
0.0
 10
648.6114530467712
 20
746.0296530373439
 30
0.0
 10
648.7208727337834
 20
745.1460210422196
 30
0.0
 10
648.6114530467712
 20
744.2623890470954
 30
0.0
 10
648.2696952527335
 20
743.4037049549133
 30
0.0
 10
647.691391069768
 20
742.6390807048886
 30
0.0
 10
646.9277798149848
 20
742.0645423607981
 30
0.0
 10
646.0688419673637
 20
741.7095234278477
 30
0.0
 10
645.4728616285361
 20
741.6666909098761
 30
0.0
 10
645.1852568993987
 20
741.6460210422197
 30
0.0
  0
SPLINE
  5
135
330
1F
100
AcDbEntity
  8
0
  6
Continuous
 62
     7
370
    25
100
AcDbSpline
210
0.0
220
0.0
230
1.0
 70
     8
 71
     3
 72
    19
 73
    15
 74
     0
 42
0.00000001
 43
0.00000001
 40
0.0
 40
0.0
 40
0.0
 40
0.0
 40
0.078503525224213
 40
0.1626765933322084
 40
0.2499999999999965
 40
0.337323406667785
 40
0.4214964747757837
 40
0.5
 40
0.578503525224216
 40
0.6626765933322146
 40
0.7500000000000049
 40
0.8373234066677911
 40
0.9214964747757872
 40
1.0
 40
1.0
 40
1.0
 40
1.0
 10
645.1852568993987
 20
741.6460210422197
 30
0.0
 10
644.8976521702614
 20
741.6666909098761
 30
0.0
 10
644.3016718314339
 20
741.7095234278477
 30
0.0
 10
643.4427339838128
 20
742.0645423607981
 30
0.0
 10
642.6791227290296
 20
742.6390807048886
 30
0.0
 10
642.100818546064
 20
743.4037049549133
 30
0.0
 10
641.7590607520264
 20
744.2623890470954
 30
0.0
 10
641.649641065014
 20
745.1460210422196
 30
0.0
 10
641.7590607520264
 20
746.0296530373439
 30
0.0
 10
642.100818546064
 20
746.888337129526
 30
0.0
 10
642.6791227290296
 20
747.6529613795506
 30
0.0
 10
643.4427339838128
 20
748.2274997236412
 30
0.0
 10
644.3016718314337
 20
748.5825186565917
 30
0.0
 10
644.8976521702614
 20
748.6253511745631
 30
0.0
 10
645.1852568993987
 20
748.6460210422197
 30
0.0
  0
SPLINE
  5
136
330
1F
100
AcDbEntity
  8
0
  6
Continuous
 62
     7
370
    25
100
AcDbSpline
210
0.0
220
0.0
230
1.0
 70
     8
 71
     3
 72
    15
 73
    11
 74
     0
 42
0.00000001
 43
0.00000001
 40
0.0
 40
0.0
 40
0.0
 40
0.0
 40
0.1200542337629258
 40
0.2500000000000022
 40
0.3799457662370732
 40
0.5000000000000004
 40
0.6200542337629297
 40
0.7499999999999991
 40
0.8799457662370771
 40
1.0
 40
1.0
 40
1.0
 40
1.0
 10
645.185256899399
 20
746.346021042223
 30
0.0
 10
645.3359945183852
 20
746.3293517356109
 30
0.0
 10
645.6498893604527
 20
746.2946397015376
 30
0.0
 10
646.0577482770261
 20
746.0161919772428
 30
0.0
 10
646.3254759384735
 20
745.6111823871145
 30
0.0
 10
646.4139647292291
 20
745.1460210422231
 30
0.0
 10
646.3254759384735
 20
744.6808596973317
 30
0.0
 10
646.0577482770261
 20
744.2758501072033
 30
0.0
 10
645.6498893604527
 20
743.9974023829086
 30
0.0
 10
645.3359945183852
 20
743.9626903488352
 30
0.0
 10
645.185256899399
 20
743.946021042223
 30
0.0
  0
SPLINE
  5
137
330
1F
100
AcDbEntity
  8
0
  6
Continuous
 62
     7
370
    25
100
AcDbSpline
210
0.0
220
0.0
230
1.0
 70
     8
 71
     3
 72
    15
 73
    11
 74
     0
 42
0.00000001
 43
0.00000001
 40
0.0
 40
0.0
 40
0.0
 40
0.0
 40
0.1200542337629284
 40
0.2499999999999999
 40
0.3799457662370738
 40
0.5000000000000011
 40
0.6200542337629289
 40
0.7500000000000012
 40
0.879945766237071
 40
1.0
 40
1.0
 40
1.0
 40
1.0
 10
645.185256899399
 20
743.946021042223
 30
0.0
 10
645.0345192804127
 20
743.9626903488352
 30
0.0
 10
644.7206244383452
 20
743.9974023829086
 30
0.0
 10
644.3127655217719
 20
744.2758501072033
 30
0.0
 10
644.0450378603244
 20
744.6808596973317
 30
0.0
 10
643.956549069569
 20
745.1460210422231
 30
0.0
 10
644.0450378603244
 20
745.6111823871145
 30
0.0
 10
644.3127655217719
 20
746.0161919772428
 30
0.0
 10
644.7206244383452
 20
746.2946397015376
 30
0.0
 10
645.0345192804127
 20
746.3293517356109
 30
0.0
 10
645.185256899399
 20
746.346021042223
 30
0.0
  0
LINE
  5
138
330
1F
100
AcDbEntity
  8
0
  6
Continuous
 62
     7
370
    25
100
AcDbLine
 10
641.1852568994
 20
741.1460210423
 30
0.0
 11
641.1852568994
 21
693.1460210423
 31
0.0
  0
LINE
  5
139
330
1F
100
AcDbEntity
  8
0
  6
Continuous
 62
     7
370
    25
100
AcDbLine
 10
649.1852568994
 20
693.1460210423
 30
0.0
 11
649.1852568994
 21
741.1460210423
 31
0.0
  0
SPLINE
  5
13A
330
1F
100
AcDbEntity
  8
0
  6
Continuous
 62
     7
370
    25
100
AcDbSpline
210
0.0
220
0.0
230
1.0
 70
     8
 71
     3
 72
    15
 73
    11
 74
     0
 42
0.00000001
 43
0.00000001
 40
0.0
 40
0.0
 40
0.0
 40
0.0
 40
0.1200542337629438
 40
0.2500000000000261
 40
0.3799457662370907
 40
0.4999999999999965
 40
0.6200542337629152
 40
0.7499999999999813
 40
0.8799457662370592
 40
1.0
 40
1.0
 40
1.0
 40
1.0
 10
644.4353779817234
 20
745.1594972740987
 30
0.0
 10
644.4474874289789
 20
745.253505876713
 30
0.0
 10
644.4727040474935
 20
745.4492686575577
 30
0.0
 10
644.6512861137065
 20
745.7010123049132
 30
0.0
 10
644.9073828746556
 20
745.8637667431212
 30
0.0
 10
645.1990555257507
 20
745.913839456867
 30
0.0
 10
645.4887406844083
 20
745.8533190395491
 30
0.0
 10
645.7388241786153
 20
745.6814679294271
 30
0.0
 10
645.9082455759412
 20
745.4234702385752
 30
0.0
 10
645.9264119949954
 20
745.2269278120303
 30
0.0
 10
645.9351358170745
 20
745.1325448103474
 30
0.0
  0
LINE
  5
13B
330
1F
100
AcDbEntity
  8
0
  6
Continuous
 62
     7
370
    25
100
AcDbLine
 10
645.8779653714
 20
745.1335722325
 30
0.0
 11
645.8180504539
 21
745.2417932585
 31
0.0
  0
SPLINE
  5
13C
330
1F
100
AcDbEntity
  8
0
  6
Continuous
 62
     7
370
    25
100
AcDbSpline
210
0.0
220
0.0
230
1.0
 70
     8
 71
     3
 72
     9
 73
     5
 74
     0
 42
0.00000001
 43
0.00000001
 40
0.0
 40
0.0
 40
0.0
 40
0.0
 40
0.5599999999999256
 40
1.0
 40
1.0
 40
1.0
 40
1.0
 10
645.6023070383785
 20
745.6314787454038
 30
0.0
 10
645.661607986889
 20
745.5687429729211
 30
0.0
 10
645.7675025378006
 20
745.4567148077733
 30
0.0
 10
645.8026052572942
 20
745.3074637319171
 30
0.0
 10
645.8180504538713
 20
745.2417932585405
 30
0.0
  0
LINE
  5
13D
330
1F
100
AcDbEntity
  8
0
  6
Continuous
 62
     7
370
    25
100
AcDbLine
 10
645.6023070384
 20
745.6314787454
 30
0.0
 11
645.5423921208
 21
745.7396997717
 31
0.0
  0
LINE
  5
13E
330
1F
100
AcDbEntity
  8
0
  6
Continuous
 62
     7
370
    25
100
AcDbLine
 10
645.5423921204
 20
745.7396997715
 30
0.0
 11
645.4187125043
 21
745.7419224439
 31
0.0
  0
SPLINE
  5
13F
330
1F
100
AcDbEntity
  8
0
  6
Continuous
 62
     7
370
    25
100
AcDbSpline
210
0.0
220
0.0
230
1.0
 70
     8
 71
     3
 72
     9
 73
     5
 74
     0
 42
0.00000001
 43
0.00000001
 40
0.0
 40
0.0
 40
0.0
 40
0.0
 40
0.5599999999999266
 40
1.0
 40
1.0
 40
1.0
 40
1.0
 10
644.9733632654714
 20
745.7499259088216
 30
0.0
 10
645.0573445124228
 20
745.7699141504589
 30
0.0
 10
645.2073110248358
 20
745.8056074390969
 30
0.0
 10
645.3541176078161
 20
745.7613817479922
 30
0.0
 10
645.4187125043273
 20
745.7419224439062
 30
0.0
  0
LINE
  5
140
330
1F
100
AcDbEntity
  8
0
  6
Continuous
 62
     7
370
    25
100
AcDbLine
 10
644.9733632655
 20
745.7499259088
 30
0.0
 11
644.8496836489
 21
745.7521485812
 31
0.0
  0
LINE
  5
141
330
1F
100
AcDbEntity
  8
0
  6
Continuous
 62
     7
370
    25
100
AcDbLine
 10
644.8496836489
 20
745.7521485812
 30
0.0
 11
644.7859189499
 21
745.6461502276
 31
0.0
  0
SPLINE
  5
142
330
1F
100
AcDbEntity
  8
0
  6
Continuous
 62
     7
370
    25
100
AcDbSpline
210
0.0
220
0.0
230
1.0
 70
     8
 71
     3
 72
     9
 73
     5
 74
     0
 42
0.00000001
 43
0.00000001
 40
0.0
 40
0.0
 40
0.0
 40
0.0
 40
0.5599999999999377
 40
0.9999999999999999
 40
0.9999999999999999
 40
0.9999999999999999
 40
0.9999999999999999
 10
644.556313126492
 20
745.2644682056413
 30
0.0
 10
644.5809934249328
 20
745.3471922197612
 30
0.0
 10
644.6250653864342
 20
745.4949136735466
 30
0.0
 10
644.736769249921
 20
745.5999390582982
 30
0.0
 10
644.7859189498552
 20
745.6461502275888
 30
0.0
  0
LINE
  5
143
330
1F
100
AcDbEntity
  8
0
  6
Continuous
 62
     7
370
    25
100
AcDbLine
 10
644.5563131265
 20
745.2644682056
 30
0.0
 11
644.4925484274
 21
745.158469852
 31
0.0
  0
LINE
  5
144
330
1F
100
AcDbEntity
  8
0
  6
Continuous
 62
     7
370
    25
100
AcDbLine
 10
644.4925484274
 20
745.158469852
 30
0.0
 11
644.5524633449
 21
745.0502488259
 31
0.0
  0
SPLINE
  5
145
330
1F
100
AcDbEntity
  8
0
  6
Continuous
 62
     7
370
    25
100
AcDbSpline
210
0.0
220
0.0
230
1.0
 70
     8
 71
     3
 72
     9
 73
     5
 74
     0
 42
0.00000001
 43
0.00000001
 40
0.0
 40
0.0
 40
0.0
 40
0.0
 40
0.5600000000000809
 40
1.0
 40
1.0
 40
1.0
 40
1.0
 10
644.5524633449265
 20
745.0502488259061
 30
0.0
 10
644.5741553654174
 20
744.9666914450814
 30
0.0
 10
644.6128911162938
 20
744.817481836466
 30
0.0
 10
644.7207492024921
 20
744.7085106576999
 30
0.0
 10
644.7682067604194
 20
744.6605633390428
 30
0.0
  0
LINE
  5
146
330
1F
100
AcDbEntity
  8
0
  6
Continuous
 62
     7
370
    25
100
AcDbLine
 10
644.7682067604
 20
744.660563339
 30
0.0
 11
644.828121678
 21
744.5523423128
 31
0.0
  0
LINE
  5
147
330
1F
100
AcDbEntity
  8
0
  6
Continuous
 62
     7
370
    25
100
AcDbLine
 10
644.8281216784
 20
744.552342313
 30
0.0
 11
644.9518012945
 21
744.5501196405
 31
0.0
  0
SPLINE
  5
148
330
1F
100
AcDbEntity
  8
0
  6
Continuous
 62
     7
370
    25
100
AcDbSpline
210
0.0
220
0.0
230
1.0
 70
     8
 71
     3
 72
     9
 73
     5
 74
     0
 42
0.00000001
 43
0.00000001
 40
0.0
 40
0.0
 40
0.0
 40
0.0
 40
0.5599999999999933
 40
1.0
 40
1.0
 40
1.0
 40
1.0
 10
644.9518012944706
 20
744.5501196405404
 30
0.0
 10
645.0350101191838
 20
744.5271267909326
 30
0.0
 10
645.1835973061716
 20
744.4860681309186
 30
0.0
 10
645.3318981583625
 20
744.5249903841869
 30
0.0
 10
645.3971505333263
 20
744.5421161756251
 30
0.0
  0
LINE
  5
149
330
1F
100
AcDbEntity
  8
0
  6
Continuous
 62
     7
370
    25
100
AcDbLine
 10
645.3971505333
 20
744.5421161756
 30
0.0
 11
645.5208301499
 21
744.5398935032
 31
0.0
  0
LINE
  5
14A
330
1F
100
AcDbEntity
  8
0
  6
Continuous
 62
     7
370
    25
100
AcDbLine
 10
645.5208301499
 20
744.5398935032
 30
0.0
 11
645.5845948489
 21
744.6458918569
 31
0.0
  0
SPLINE
  5
14B
330
1F
100
AcDbEntity
  8
0
  6
Continuous
 62
     7
370
    25
100
AcDbSpline
210
0.0
220
0.0
230
1.0
 70
     8
 71
     3
 72
     9
 73
     5
 74
     0
 42
0.00000001
 43
0.00000001
 40
0.0
 40
0.0
 40
0.0
 40
0.0
 40
0.5600000000001
 40
1.0
 40
1.0
 40
1.0
 40
1.0
 10
645.584594848943
 20
744.645891856858
 30
0.0
 10
645.6461116531653
 20
744.7064563880748
 30
0.0
 10
645.7559630892766
 20
744.8146073366762
 30
0.0
 10
645.7964058552692
 20
744.9625007687104
 30
0.0
 10
645.814200672306
 20
745.0275738788055
 30
0.0
  0
LINE
  5
14C
330
1F
100
AcDbEntity
  8
0
  6
Continuous
 62
     7
370
    25
100
AcDbLine
 10
645.8142006723
 20
745.0275738788
 30
0.0
 11
645.8779653714
 21
745.1335722325
 31
0.0
  0
SPLINE
  5
14D
330
1F
100
AcDbEntity
  8
0
  6
Continuous
 62
     7
370
    25
100
AcDbSpline
210
0.0
220
0.0
230
1.0
 70
     8
 71
     3
 72
    15
 73
    11
 74
     0
 42
0.00000001
 43
0.00000001
 40
0.0
 40
0.0
 40
0.0
 40
0.0
 40
0.1200542337629266
 40
0.2499999999999968
 40
0.3799457662370765
 40
0.4999999999999959
 40
0.6200542337629328
 40
0.7500000000000031
 40
0.879945766237077
 40
0.9999999999999999
 40
0.9999999999999999
 40
0.9999999999999999
 40
0.9999999999999999
 10
645.9351358170745
 20
745.1325448103474
 30
0.0
 10
645.9230263698191
 20
745.038536207733
 30
0.0
 10
645.8978097513044
 20
744.8427734268886
 30
0.0
 10
645.7192276850914
 20
744.591029779533
 30
0.0
 10
645.4631309241423
 20
744.428275341325
 30
0.0
 10
645.1714582730473
 20
744.3782026275793
 30
0.0
 10
644.8817731143896
 20
744.4387230448972
 30
0.0
 10
644.6316896201824
 20
744.6105741550192
 30
0.0
 10
644.4622682228566
 20
744.8685718458711
 30
0.0
 10
644.4441018038024
 20
745.0651142724157
 30
0.0
 10
644.4353779817234
 20
745.1594972740987
 30
0.0
  0
SPLINE
  5
14E
330
1F
100
AcDbEntity
  8
0
  6
Continuous
 62
     7
370
    25
100
AcDbSpline
210
0.0
220
0.0
230
1.0
 70
     8
 71
     3
 72
    15
 73
    11
 74
     0
 42
0.00000001
 43
0.00000001
 40
0.0
 40
0.0
 40
0.0
 40
0.0
 40
0.1200542337629458
 40
0.2500000000000286
 40
0.3799457662370992
 40
0.5000000000000265
 40
0.6200542337629412
 40
0.7500000000000094
 40
0.8799457662370772
 40
1.0
 40
1.0
 40
1.0
 40
1.0
 10
646.38506316768
 20
745.1244590712223
 30
0.0
 10
646.3656880520712
 20
744.9740453070392
 30
0.0
 10
646.3253414624478
 20
744.6608248576878
 30
0.0
 10
646.0396101565069
 20
744.258035021919
 30
0.0
 10
645.6298553389885
 20
743.9976279207862
 30
0.0
 10
645.1631790972361
 20
743.9175115787931
 30
0.0
 10
644.6996828433839
 20
744.0143442465017
 30
0.0
 10
644.2995492526527
 20
744.2893060226969
 30
0.0
 10
644.0284750169312
 20
744.7021023280599
 30
0.0
 10
643.9994087464445
 20
745.0165702105313
 30
0.0
 10
643.985450631118
 20
745.1675830132241
 30
0.0
  0
SPLINE
  5
14F
330
1F
100
AcDbEntity
  8
0
  6
Continuous
 62
     7
370
    25
100
AcDbSpline
210
0.0
220
0.0
230
1.0
 70
     8
 71
     3
 72
    15
 73
    11
 74
     0
 42
0.00000001
 43
0.00000001
 40
0.0
 40
0.0
 40
0.0
 40
0.0
 40
0.1200542337629189
 40
0.2499999999999866
 40
0.3799457662370487
 40
0.4999999999999667
 40
0.6200542337629059
 40
0.7499999999999879
 40
0.879945766237063
 40
1.0
 40
1.0
 40
1.0
 40
1.0
 10
646.38506316768
 20
745.1244590712223
 30
0.0
 10
646.3711050523534
 20
745.2754718739149
 30
0.0
 10
646.3420387818667
 20
745.5899397563863
 30
0.0
 10
646.0709645461453
 20
746.0027360617494
 30
0.0
 10
645.670830955414
 20
746.2776978379446
 30
0.0
 10
645.2073347015619
 20
746.3745305056533
 30
0.0
 10
644.7406584598094
 20
746.2944141636601
 30
0.0
 10
644.3309036422909
 20
746.0340070625273
 30
0.0
 10
644.0451723363501
 20
745.6312172267585
 30
0.0
 10
644.0048257467267
 20
745.3179967774071
 30
0.0
 10
643.985450631118
 20
745.1675830132241
 30
0.0
  0
SPLINE
  5
150
330
1F
100
AcDbEntity
  8
0
  6
Continuous
 62
     7
370
    25
100
AcDbSpline
210
0.0
220
0.0
230
1.0
 70
     8
 71
     3
 72
     9
 73
     5
 74
     0
 42
0.00000001
 43
0.00000001
 40
0.0
 40
0.0
 40
0.0
 40
0.0
 40
0.5599999999996405
 40
1.0
 40
1.0
 40
1.0
 40
1.0
 10
644.5453602229824
 20
745.1575207600918
 30
0.0
 10
644.5461960382595
 20
745.17761424287
 30
0.0
 10
644.5476885655402
 20
745.213495462117
 30
0.0
 10
644.5536778439791
 20
745.2488932006763
 30
0.0
 10
644.5563131264922
 20
745.2644682056424
 30
0.0
  0
SPLINE
  5
151
330
1F
100
AcDbEntity
  8
0
  6
Continuous
 62
     7
370
    25
100
AcDbSpline
210
0.0
220
0.0
230
1.0
 70
     8
 71
     3
 72
     9
 73
     5
 74
     0
 42
0.00000001
 43
0.00000001
 40
0.0
 40
0.0
 40
0.0
 40
0.0
 40
0.5599999999998516
 40
1.0
 40
1.0
 40
1.0
 40
1.0
 10
644.7859189498549
 20
745.6461502275898
 30
0.0
 10
644.8186005532623
 20
745.6697918630057
 30
0.0
 10
644.8769605593467
 20
745.7120090691052
 30
0.0
 10
644.9439068830447
 20
745.738340207798
 30
0.0
 10
644.9733632654717
 20
745.7499259088228
 30
0.0
  0
SPLINE
  5
152
330
1F
100
AcDbEntity
  8
0
  6
Continuous
 62
     7
370
    25
100
AcDbSpline
210
0.0
220
0.0
230
1.0
 70
     8
 71
     3
 72
     9
 73
     5
 74
     0
 42
0.00000001
 43
0.00000001
 40
0.0
 40
0.0
 40
0.0
 40
0.0
 40
0.5600000000001271
 40
1.0
 40
1.0
 40
1.0
 40
1.0
 10
645.4187125043271
 20
745.7419224439075
 30
0.0
 10
645.4555275628878
 20
745.7254401628281
 30
0.0
 10
645.5212687388891
 20
745.6960075180439
 30
0.0
 10
645.5775453357567
 20
745.6511958703779
 30
0.0
 10
645.6023070383784
 20
745.631478745405
 30
0.0
  0
SPLINE
  5
153
330
1F
100
AcDbEntity
  8
0
  6
Continuous
 62
     7
370
    25
100
AcDbSpline
210
0.0
220
0.0
230
1.0
 70
     8
 71
     3
 72
     9
 73
     5
 74
     0
 42
0.00000001
 43
0.00000001
 40
0.0
 40
0.0
 40
0.0
 40
0.0
 40
0.5599999999995586
 40
1.0
 40
1.0
 40
1.0
 40
1.0
 10
645.8180504538713
 20
745.2417932585422
 30
0.0
 10
645.8205897967083
 20
745.2218433619187
 30
0.0
 10
645.8251243374889
 20
745.1862185465194
 30
0.0
 10
645.8251446418824
 20
745.1503176977958
 30
0.0
 10
645.8251535758156
 20
745.1345213243575
 30
0.0
  0
SPLINE
  5
154
330
1F
100
AcDbEntity
  8
0
  6
Continuous
 62
     7
370
    25
100
AcDbSpline
210
0.0
220
0.0
230
1.0
 70
     8
 71
     3
 72
    15
 73
    11
 74
     0
 42
0.00000001
 43
0.00000001
 40
0.0
 40
0.0
 40
0.0
 40
0.0
 40
0.1200542337629321
 40
0.2500000000000089
 40
0.3799457662370923
 40
0.5000000000000377
 40
0.620054233762965
 40
0.7500000000000315
 40
0.8799457662370801
 40
1.0
 40
1.0
 40
1.0
 40
1.0
 10
645.6768775178272
 20
745.1371860246072
 30
0.0
 10
645.6711581800721
 20
745.1990635205105
 30
0.0
 10
645.6592482757402
 20
745.3279167353533
 30
0.0
 10
645.5481756076533
 20
745.4970600214757
 30
0.0
 10
645.384220868851
 20
745.6097256092718
 30
0.0
 10
645.194303278835
 20
745.6494027948654
 30
0.0
 10
645.003082688777
 20
745.6165751237338
 30
0.0
 10
644.835185652299
 20
745.5098733140446
 30
0.0
 10
644.7181072496896
 20
745.3448301788384
 30
0.0
 10
644.7015752345915
 20
745.2164880997167
 30
0.0
 10
644.6936362809707
 20
745.1548560598427
 30
0.0
  0
SPLINE
  5
155
330
1F
100
AcDbEntity
  8
0
  6
Continuous
 62
     7
370
    25
100
AcDbSpline
210
0.0
220
0.0
230
1.0
 70
     8
 71
     3
 72
     9
 73
     5
 74
     0
 42
0.00000001
 43
0.00000001
 40
0.0
 40
0.0
 40
0.0
 40
0.0
 40
0.5599999999997018
 40
1.0
 40
1.0
 40
1.0
 40
1.0
 10
645.8251535758156
 20
745.1345213243575
 30
0.0
 10
645.8243177605384
 20
745.1144278415792
 30
0.0
 10
645.8228252332578
 20
745.0785466223324
 30
0.0
 10
645.8168359548189
 20
745.043148883773
 30
0.0
 10
645.8142006723058
 20
745.0275738788068
 30
0.0
  0
SPLINE
  5
156
330
1F
100
AcDbEntity
  8
0
  6
Continuous
 62
     7
370
    25
100
AcDbSpline
210
0.0
220
0.0
230
1.0
 70
     8
 71
     3
 72
     9
 73
     5
 74
     0
 42
0.00000001
 43
0.00000001
 40
0.0
 40
0.0
 40
0.0
 40
0.0
 40
0.5599999999995189
 40
1.0
 40
1.0
 40
1.0
 40
1.0
 10
644.5524633449268
 20
745.0502488259071
 30
0.0
 10
644.5499240020897
 20
745.0701987225307
 30
0.0
 10
644.545389461309
 20
745.1058235379298
 30
0.0
 10
644.5453691569155
 20
745.1417243866534
 30
0.0
 10
644.5453602229824
 20
745.1575207600918
 30
0.0
  0
SPLINE
  5
157
330
1F
100
AcDbEntity
  8
0
  6
Continuous
 62
     7
370
    25
100
AcDbSpline
210
0.0
220
0.0
230
1.0
 70
     8
 71
     3
 72
    15
 73
    11
 74
     0
 42
0.00000001
 43
0.00000001
 40
0.0
 40
0.0
 40
0.0
 40
0.0
 40
0.12005423376293
 40
0.2499999999999865
 40
0.3799457662370428
 40
0.4999999999999593
 40
0.6200542337629027
 40
0.749999999999984
 40
0.8799457662370654
 40
1.0
 40
1.0
 40
1.0
 40
1.0
 10
645.6768775178272
 20
745.1371860246072
 30
0.0
 10
645.6689385642064
 20
745.0755539847332
 30
0.0
 10
645.6524065491083
 20
744.9472119056115
 30
0.0
 10
645.5353281464991
 20
744.7821687704053
 30
0.0
 10
645.3674311100208
 20
744.6754669607162
 30
0.0
 10
645.1762105199628
 20
744.6426392895845
 30
0.0
 10
644.9862929299468
 20
744.6823164751781
 30
0.0
 10
644.8223381911447
 20
744.7949820629741
 30
0.0
 10
644.7112655230577
 20
744.9641253490967
 30
0.0
 10
644.6993556187258
 20
745.0929785639393
 30
0.0
 10
644.6936362809707
 20
745.1548560598427
 30
0.0
  0
SPLINE
  5
158
330
1F
100
AcDbEntity
  8
0
  6
Continuous
 62
     7
370
    25
100
AcDbSpline
210
0.0
220
0.0
230
1.0
 70
     8
 71
     3
 72
     9
 73
     5
 74
     0
 42
0.00000001
 43
0.00000001
 40
0.0
 40
0.0
 40
0.0
 40
0.0
 40
0.5599999999999249
 40
1.0
 40
1.0
 40
1.0
 40
1.0
 10
645.584594848943
 20
744.6458918568595
 30
0.0
 10
645.5519132455357
 20
744.6222502214437
 30
0.0
 10
645.4935532394512
 20
744.580033015344
 30
0.0
 10
645.4266069157535
 20
744.5537018766513
 30
0.0
 10
645.3971505333263
 20
744.5421161756265
 30
0.0
  0
SPLINE
  5
159
330
1F
100
AcDbEntity
  8
0
  6
Continuous
 62
     7
370
    25
100
AcDbSpline
210
0.0
220
0.0
230
1.0
 70
     8
 71
     3
 72
     9
 73
     5
 74
     0
 42
0.00000001
 43
0.00000001
 40
0.0
 40
0.0
 40
0.0
 40
0.0
 40
0.5600000000000177
 40
1.0
 40
1.0
 40
1.0
 40
1.0
 10
644.9518012944707
 20
744.5501196405419
 30
0.0
 10
644.9149862359101
 20
744.5666019216211
 30
0.0
 10
644.8492450599089
 20
744.5960345664054
 30
0.0
 10
644.7929684630412
 20
744.6408462140712
 30
0.0
 10
644.7682067604196
 20
744.6605633390443
 30
0.0
  0
LINE
  5
15A
330
1F
100
AcDbEntity
  8
0
  6
Continuous
 62
     7
370
    25
100
AcDbLine
 10
633.1852568994
 20
741.1460210423
 30
0.0
 11
633.1852568994
 21
693.1460210423
 31
0.0
  0
LINE
  5
15B
330
1F
100
AcDbEntity
  8
0
  6
Continuous
 62
     7
370
    25
100
AcDbLine
 10
633.1852568994
 20
741.1460210423
 30
0.0
 11
641.1852568994
 21
741.1460210423
 31
0.0
  0
LINE
  5
15C
330
1F
100
AcDbEntity
  8
0
  6
Continuous
 62
     7
370
    25
100
AcDbLine
 10
641.1852568994
 20
693.1460210423
 30
0.0
 11
633.1852568994
 21
693.1460210423
 31
0.0
  0
LINE
  5
15D
330
1F
100
AcDbEntity
  8
0
  6
Continuous
 62
     7
370
    25
100
AcDbLine
 10
639.1852568994
 20
709.1460210423
 30
0.0
 11
639.1852568994
 21
725.1460210423
 31
0.0
  0
SPLINE
  5
15E
330
1F
100
AcDbEntity
  8
0
  6
Continuous
 62
     7
370
    25
100
AcDbSpline
210
0.0
220
0.0
230
1.0
 70
     8
 71
     3
 72
    19
 73
    15
 74
     0
 42
0.00000001
 43
0.00000001
 40
0.0
 40
0.0
 40
0.0
 40
0.0
 40
0.0785035252242144
 40
0.1626765933322097
 40
0.2499999999999965
 40
0.3373234066677867
 40
0.4214964747757856
 40
0.5000000000000023
 40
0.5785035252242147
 40
0.662676593332211
 40
0.7499999999999989
 40
0.8373234066677869
 40
0.9214964747757841
 40
1.0
 40
1.0
 40
1.0
 40
1.0
 10
639.1852568994013
 20
725.1460210423309
 30
0.0
 10
639.1734455464547
 20
725.3103666018379
 30
0.0
 10
639.1489698218996
 20
725.6509267954536
 30
0.0
 10
638.9461018602137
 20
726.1417484226656
 30
0.0
 10
638.6177942350191
 20
726.5780977111132
 30
0.0
 10
638.1808660921478
 20
726.9085572442364
 30
0.0
 10
637.6901894680437
 20
727.1038474122579
 30
0.0
 10
637.1852568994013
 20
727.1663729476935
 30
0.0
 10
636.6803243307589
 20
727.1038474122579
 30
0.0
 10
636.189647706655
 20
726.9085572442364
 30
0.0
 10
635.7527195637837
 20
726.5780977111132
 30
0.0
 10
635.4244119385891
 20
726.1417484226656
 30
0.0
 10
635.2215439769031
 20
725.6509267954536
 30
0.0
 10
635.1970682523479
 20
725.3103666018379
 30
0.0
 10
635.1852568994013
 20
725.1460210423309
 30
0.0
  0
LINE
  5
15F
330
1F
100
AcDbEntity
  8
0
  6
Continuous
 62
     7
370
    25
100
AcDbLine
 10
635.1852568994
 20
725.1460210423
 30
0.0
 11
635.1852568994
 21
709.1460210423
 31
0.0
  0
SPLINE
  5
160
330
1F
100
AcDbEntity
  8
0
  6
Continuous
 62
     7
370
    25
100
AcDbSpline
210
0.0
220
0.0
230
1.0
 70
     8
 71
     3
 72
    19
 73
    15
 74
     0
 42
0.00000001
 43
0.00000001
 40
0.0
 40
0.0
 40
0.0
 40
0.0
 40
0.0785035252242159
 40
0.1626765933322132
 40
0.2500000000000024
 40
0.3373234066677894
 40
0.4214964747757857
 40
0.4999999999999978
 40
0.5785035252242144
 40
0.6626765933322135
 40
0.7500000000000024
 40
0.8373234066677903
 40
0.9214964747757861
 40
1.0
 40
1.0
 40
1.0
 40
1.0
 10
635.1852568994013
 20
709.1460210423309
 30
0.0
 10
635.1970682523479
 20
708.9816754828238
 30
0.0
 10
635.2215439769031
 20
708.641115289208
 30
0.0
 10
635.4244119385891
 20
708.1502936619959
 30
0.0
 10
635.7527195637837
 20
707.7139443735484
 30
0.0
 10
636.1896477066549
 20
707.3834848404252
 30
0.0
 10
636.6803243307589
 20
707.1881946724037
 30
0.0
 10
637.1852568994015
 20
707.1256691369681
 30
0.0
 10
637.6901894680437
 20
707.1881946724037
 30
0.0
 10
638.1808660921479
 20
707.3834848404252
 30
0.0
 10
638.6177942350191
 20
707.7139443735484
 30
0.0
 10
638.9461018602137
 20
708.1502936619959
 30
0.0
 10
639.1489698218998
 20
708.641115289208
 30
0.0
 10
639.1734455464548
 20
708.9816754828238
 30
0.0
 10
639.1852568994013
 20
709.1460210423309
 30
0.0
  0
LINE
  5
161
330
1F
100
AcDbEntity
  8
0
  6
Continuous
 62
     7
370
    25
100
AcDbLine
 10
641.1852568994
 20
741.1460210423
 30
0.0
 11
641.1852568994
 21
693.1460210423
 31
0.0
  0
SPLINE
  5
162
330
1F
100
AcDbEntity
  8
0
  6
Continuous
 62
     7
370
    25
100
AcDbSpline
210
0.0
220
0.0
230
1.0
 70
     8
 71
     3
 72
    15
 73
    11
 74
     0
 42
0.00000001
 43
0.00000001
 40
0.0
 40
0.0
 40
0.0
 40
0.0
 40
0.1200542337629292
 40
0.2500000000000023
 40
0.3799457662370775
 40
0.5000000000000003
 40
0.6200542337629231
 40
0.7499999999999954
 40
0.8799457662370708
 40
1.0
 40
1.0
 40
1.0
 40
1.0
 10
638.1852568994016
 20
709.1460210423372
 30
0.0
 10
638.1713658105581
 20
709.0204063598486
 30
0.0
 10
638.1424391154969
 20
708.7588273247925
 30
0.0
 10
637.9103993452513
 20
708.4189448943146
 30
0.0
 10
637.5728913534778
 20
708.1958385097751
 30
0.0
 10
637.1852568994016
 20
708.1220978508121
 30
0.0
 10
636.7976224453255
 20
708.1958385097751
 30
0.0
 10
636.4601144535518
 20
708.4189448943146
 30
0.0
 10
636.2280746833062
 20
708.7588273247925
 30
0.0
 10
636.199147988245
 20
709.0204063598486
 30
0.0
 10
636.1852568994016
 20
709.1460210423372
 30
0.0
  0
LINE
  5
163
330
1F
100
AcDbEntity
  8
0
  6
Continuous
 62
     7
370
    25
100
AcDbLine
 10
638.1852568994
 20
725.1460210423
 30
0.0
 11
638.1852568994
 21
709.1460210423
 31
0.0
  0
SPLINE
  5
164
330
1F
100
AcDbEntity
  8
0
  6
Continuous
 62
     7
370
    25
100
AcDbSpline
210
0.0
220
0.0
230
1.0
 70
     8
 71
     3
 72
    15
 73
    11
 74
     0
 42
0.00000001
 43
0.00000001
 40
0.0
 40
0.0
 40
0.0
 40
0.0
 40
0.1200542337629287
 40
0.2500000000000053
 40
0.3799457662370753
 40
0.500000000000002
 40
0.620054233762929
 40
0.7500000000000031
 40
0.8799457662370731
 40
1.0
 40
1.0
 40
1.0
 40
1.0
 10
636.1852568994016
 20
725.1460210423371
 30
0.0
 10
636.1991479882449
 20
725.2716357248256
 30
0.0
 10
636.2280746833062
 20
725.533214759882
 30
0.0
 10
636.4601144535518
 20
725.8730971903599
 30
0.0
 10
636.7976224453255
 20
726.0962035748994
 30
0.0
 10
637.1852568994016
 20
726.1699442338622
 30
0.0
 10
637.5728913534778
 20
726.0962035748994
 30
0.0
 10
637.9103993452513
 20
725.8730971903599
 30
0.0
 10
638.1424391154968
 20
725.533214759882
 30
0.0
 10
638.1713658105581
 20
725.2716357248256
 30
0.0
 10
638.1852568994016
 20
725.1460210423371
 30
0.0
  0
LINE
  5
165
330
1F
100
AcDbEntity
  8
0
  6
Continuous
 62
     7
370
    25
100
AcDbLine
 10
636.1852568994
 20
709.1460210423
 30
0.0
 11
636.1852568994
 21
725.1460210423
 31
0.0
  0
SPLINE
  5
166
330
1F
100
AcDbEntity
  8
0
  6
Continuous
 62
     7
370
    25
100
AcDbSpline
210
0.0
220
0.0
230
1.0
 70
     8
 71
     3
 72
    15
 73
    11
 74
     0
 42
0.00000001
 43
0.00000001
 40
0.0
 40
0.0
 40
0.0
 40
0.0
 40
0.1200542337629546
 40
0.25000000000004
 40
0.3799457662371162
 40
0.5000000000000331
 40
0.6200542337629621
 40
0.7500000000000213
 40
0.8799457662370848
 40
1.0
 40
1.0
 40
1.0
 40
1.0
 10
517.4353779817229
 20
689.1594972740986
 30
0.0
 10
517.4474874289784
 20
689.2535058767131
 30
0.0
 10
517.4727040474932
 20
689.4492686575577
 30
0.0
 10
517.6512861137061
 20
689.7010123049132
 30
0.0
 10
517.9073828746551
 20
689.8637667431213
 30
0.0
 10
518.1990555257504
 20
689.913839456867
 30
0.0
 10
518.4887406844078
 20
689.8533190395491
 30
0.0
 10
518.738824178615
 20
689.6814679294271
 30
0.0
 10
518.9082455759409
 20
689.4234702385752
 30
0.0
 10
518.9264119949951
 20
689.2269278120306
 30
0.0
 10
518.9351358170742
 20
689.1325448103477
 30
0.0
  0
LINE
  5
167
330
1F
100
AcDbEntity
  8
0
  6
Continuous
 62
     7
370
    25
100
AcDbLine
 10
518.8779653714
 20
689.1335722325
 30
0.0
 11
518.8180504539
 21
689.2417932585
 31
0.0
  0
SPLINE
  5
168
330
1F
100
AcDbEntity
  8
0
  6
Continuous
 62
     7
370
    25
100
AcDbSpline
210
0.0
220
0.0
230
1.0
 70
     8
 71
     3
 72
     9
 73
     5
 74
     0
 42
0.00000001
 43
0.00000001
 40
0.0
 40
0.0
 40
0.0
 40
0.0
 40
0.5599999999998866
 40
1.0
 40
1.0
 40
1.0
 40
1.0
 10
518.6023070383782
 20
689.6314787454039
 30
0.0
 10
518.6616079868886
 20
689.5687429729212
 30
0.0
 10
518.7675025378003
 20
689.4567148077732
 30
0.0
 10
518.8026052572939
 20
689.3074637319172
 30
0.0
 10
518.818050453871
 20
689.2417932585404
 30
0.0
  0
LINE
  5
169
330
1F
100
AcDbEntity
  8
0
  6
Continuous
 62
     7
370
    25
100
AcDbLine
 10
518.6023070384
 20
689.6314787454
 30
0.0
 11
518.5423921208
 21
689.7396997717
 31
0.0
  0
LINE
  5
16A
330
1F
100
AcDbEntity
  8
0
  6
Continuous
 62
     7
370
    25
100
AcDbLine
 10
518.5423921204
 20
689.7396997715
 30
0.0
 11
518.4187125043
 21
689.7419224439
 31
0.0
  0
SPLINE
  5
16B
330
1F
100
AcDbEntity
  8
0
  6
Continuous
 62
     7
370
    25
100
AcDbSpline
210
0.0
220
0.0
230
1.0
 70
     8
 71
     3
 72
     9
 73
     5
 74
     0
 42
0.00000001
 43
0.00000001
 40
0.0
 40
0.0
 40
0.0
 40
0.0
 40
0.5599999999999867
 40
1.0
 40
1.0
 40
1.0
 40
1.0
 10
517.9733632654712
 20
689.7499259088216
 30
0.0
 10
518.0573445124223
 20
689.7699141504589
 30
0.0
 10
518.2073110248355
 20
689.8056074390969
 30
0.0
 10
518.3541176078157
 20
689.7613817479922
 30
0.0
 10
518.4187125043269
 20
689.7419224439063
 30
0.0
  0
LINE
  5
16C
330
1F
100
AcDbEntity
  8
0
  6
Continuous
 62
     7
370
    25
100
AcDbLine
 10
517.9733632655
 20
689.7499259088
 30
0.0
 11
517.8496836489
 21
689.7521485812
 31
0.0
  0
LINE
  5
16D
330
1F
100
AcDbEntity
  8
0
  6
Continuous
 62
     7
370
    25
100
AcDbLine
 10
517.8496836489
 20
689.7521485812
 30
0.0
 11
517.7859189499
 21
689.6461502276
 31
0.0
  0
SPLINE
  5
16E
330
1F
100
AcDbEntity
  8
0
  6
Continuous
 62
     7
370
    25
100
AcDbSpline
210
0.0
220
0.0
230
1.0
 70
     8
 71
     3
 72
     9
 73
     5
 74
     0
 42
0.00000001
 43
0.00000001
 40
0.0
 40
0.0
 40
0.0
 40
0.0
 40
0.5599999999999377
 40
0.9999999999999999
 40
0.9999999999999999
 40
0.9999999999999999
 40
0.9999999999999999
 10
517.5563131264915
 20
689.2644682056413
 30
0.0
 10
517.5809934249324
 20
689.3471922197612
 30
0.0
 10
517.6250653864339
 20
689.4949136735468
 30
0.0
 10
517.7367692499206
 20
689.5999390582982
 30
0.0
 10
517.7859189498547
 20
689.6461502275888
 30
0.0
  0
LINE
  5
16F
330
1F
100
AcDbEntity
  8
0
  6
Continuous
 62
     7
370
    25
100
AcDbLine
 10
517.5563131265
 20
689.2644682056
 30
0.0
 11
517.4925484274
 21
689.158469852
 31
0.0
  0
LINE
  5
170
330
1F
100
AcDbEntity
  8
0
  6
Continuous
 62
     7
370
    25
100
AcDbLine
 10
517.4925484274
 20
689.158469852
 30
0.0
 11
517.5524633449
 21
689.0502488259
 31
0.0
  0
SPLINE
  5
171
330
1F
100
AcDbEntity
  8
0
  6
Continuous
 62
     7
370
    25
100
AcDbSpline
210
0.0
220
0.0
230
1.0
 70
     8
 71
     3
 72
     9
 73
     5
 74
     0
 42
0.00000001
 43
0.00000001
 40
0.0
 40
0.0
 40
0.0
 40
0.0
 40
0.5600000000000575
 40
1.0
 40
1.0
 40
1.0
 40
1.0
 10
517.5524633449261
 20
689.050248825906
 30
0.0
 10
517.5741553654169
 20
688.9666914450813
 30
0.0
 10
517.6128911162934
 20
688.8174818364661
 30
0.0
 10
517.7207492024917
 20
688.7085106576999
 30
0.0
 10
517.7682067604189
 20
688.6605633390428
 30
0.0
  0
LINE
  5
172
330
1F
100
AcDbEntity
  8
0
  6
Continuous
 62
     7
370
    25
100
AcDbLine
 10
517.7682067604
 20
688.660563339
 30
0.0
 11
517.828121678
 21
688.5523423128
 31
0.0
  0
LINE
  5
173
330
1F
100
AcDbEntity
  8
0
  6
Continuous
 62
     7
370
    25
100
AcDbLine
 10
517.8281216784
 20
688.552342313
 30
0.0
 11
517.9518012945
 21
688.5501196405
 31
0.0
  0
SPLINE
  5
174
330
1F
100
AcDbEntity
  8
0
  6
Continuous
 62
     7
370
    25
100
AcDbSpline
210
0.0
220
0.0
230
1.0
 70
     8
 71
     3
 72
     9
 73
     5
 74
     0
 42
0.00000001
 43
0.00000001
 40
0.0
 40
0.0
 40
0.0
 40
0.0
 40
0.560000000000047
 40
1.0
 40
1.0
 40
1.0
 40
1.0
 10
517.9518012944702
 20
688.5501196405405
 30
0.0
 10
518.0350101191833
 20
688.5271267909327
 30
0.0
 10
518.1835973061711
 20
688.4860681309187
 30
0.0
 10
518.331898158362
 20
688.524990384187
 30
0.0
 10
518.3971505333259
 20
688.542116175625
 30
0.0
  0
LINE
  5
175
330
1F
100
AcDbEntity
  8
0
  6
Continuous
 62
     7
370
    25
100
AcDbLine
 10
518.3971505333
 20
688.5421161756
 30
0.0
 11
518.5208301499
 21
688.5398935032
 31
0.0
  0
LINE
  5
176
330
1F
100
AcDbEntity
  8
0
  6
Continuous
 62
     7
370
    25
100
AcDbLine
 10
518.5208301499
 20
688.5398935032
 30
0.0
 11
518.5845948489
 21
688.6458918569
 31
0.0
  0
SPLINE
  5
177
330
1F
100
AcDbEntity
  8
0
  6
Continuous
 62
     7
370
    25
100
AcDbSpline
210
0.0
220
0.0
230
1.0
 70
     8
 71
     3
 72
     9
 73
     5
 74
     0
 42
0.00000001
 43
0.00000001
 40
0.0
 40
0.0
 40
0.0
 40
0.0
 40
0.559999999999932
 40
0.9999999999999999
 40
0.9999999999999999
 40
0.9999999999999999
 40
0.9999999999999999
 10
518.5845948489426
 20
688.645891856858
 30
0.0
 10
518.6461116531649
 20
688.7064563880748
 30
0.0
 10
518.7559630892763
 20
688.8146073366762
 30
0.0
 10
518.7964058552689
 20
688.9625007687106
 30
0.0
 10
518.8142006723056
 20
689.0275738788057
 30
0.0
  0
LINE
  5
178
330
1F
100
AcDbEntity
  8
0
  6
Continuous
 62
     7
370
    25
100
AcDbLine
 10
518.8142006723
 20
689.0275738788
 30
0.0
 11
518.8779653714
 21
689.1335722325
 31
0.0
  0
SPLINE
  5
179
330
1F
100
AcDbEntity
  8
0
  6
Continuous
 62
     7
370
    25
100
AcDbSpline
210
0.0
220
0.0
230
1.0
 70
     8
 71
     3
 72
    15
 73
    11
 74
     0
 42
0.00000001
 43
0.00000001
 40
0.0
 40
0.0
 40
0.0
 40
0.0
 40
0.1200542337629516
 40
0.2500000000000405
 40
0.3799457662371055
 40
0.5000000000000289
 40
0.6200542337629544
 40
0.7500000000000223
 40
0.879945766237084
 40
0.9999999999999999
 40
0.9999999999999999
 40
0.9999999999999999
 40
0.9999999999999999
 10
518.9351358170742
 20
689.1325448103477
 30
0.0
 10
518.9230263698187
 20
689.0385362077333
 30
0.0
 10
518.8978097513041
 20
688.8427734268886
 30
0.0
 10
518.719227685091
 20
688.591029779533
 30
0.0
 10
518.463130924142
 20
688.428275341325
 30
0.0
 10
518.1714582730468
 20
688.3782026275793
 30
0.0
 10
517.8817731143893
 20
688.4387230448973
 30
0.0
 10
517.6316896201821
 20
688.6105741550192
 30
0.0
 10
517.4622682228562
 20
688.8685718458711
 30
0.0
 10
517.444101803802
 20
689.0651142724158
 30
0.0
 10
517.4353779817229
 20
689.1594972740986
 30
0.0
  0
SPLINE
  5
17A
330
1F
100
AcDbEntity
  8
0
  6
Continuous
 62
     7
370
    25
100
AcDbSpline
210
0.0
220
0.0
230
1.0
 70
     8
 71
     3
 72
    15
 73
    11
 74
     0
 42
0.00000001
 43
0.00000001
 40
0.0
 40
0.0
 40
0.0
 40
0.0
 40
0.1200542337629331
 40
0.2500000000000064
 40
0.3799457662370906
 40
0.5000000000000281
 40
0.6200542337629465
 40
0.7500000000000118
 40
0.8799457662370788
 40
0.9999999999999999
 40
0.9999999999999999
 40
0.9999999999999999
 40
0.9999999999999999
 10
519.3850631676795
 20
689.1244590712222
 30
0.0
 10
519.3656880520708
 20
688.9740453070392
 30
0.0
 10
519.3253414624475
 20
688.6608248576878
 30
0.0
 10
519.0396101565067
 20
688.258035021919
 30
0.0
 10
518.6298553389881
 20
687.9976279207863
 30
0.0
 10
518.1631790972357
 20
687.917511578793
 30
0.0
 10
517.6996828433835
 20
688.0143442465018
 30
0.0
 10
517.2995492526522
 20
688.2893060226969
 30
0.0
 10
517.0284750169308
 20
688.7021023280599
 30
0.0
 10
516.999408746444
 20
689.0165702105314
 30
0.0
 10
516.9854506311176
 20
689.167583013224
 30
0.0
  0
SPLINE
  5
17B
330
1F
100
AcDbEntity
  8
0
  6
Continuous
 62
     7
370
    25
100
AcDbSpline
210
0.0
220
0.0
230
1.0
 70
     8
 71
     3
 72
    15
 73
    11
 74
     0
 42
0.00000001
 43
0.00000001
 40
0.0
 40
0.0
 40
0.0
 40
0.0
 40
0.1200542337629242
 40
0.2499999999999896
 40
0.379945766237057
 40
0.4999999999999771
 40
0.6200542337629241
 40
0.7500000000000062
 40
0.8799457662370771
 40
1.0
 40
1.0
 40
1.0
 40
1.0
 10
519.3850631676795
 20
689.1244590712222
 30
0.0
 10
519.3711050523531
 20
689.275471873915
 30
0.0
 10
519.3420387818663
 20
689.5899397563863
 30
0.0
 10
519.0709645461449
 20
690.0027360617494
 30
0.0
 10
518.6708309554135
 20
690.2776978379445
 30
0.0
 10
518.2073347015614
 20
690.3745305056533
 30
0.0
 10
517.740658459809
 20
690.2944141636601
 30
0.0
 10
517.3309036422905
 20
690.0340070625273
 30
0.0
 10
517.0451723363497
 20
689.6312172267585
 30
0.0
 10
517.0048257467263
 20
689.317996777407
 30
0.0
 10
516.9854506311176
 20
689.167583013224
 30
0.0
  0
SPLINE
  5
17C
330
1F
100
AcDbEntity
  8
0
  6
Continuous
 62
     7
370
    25
100
AcDbSpline
210
0.0
220
0.0
230
1.0
 70
     8
 71
     3
 72
     9
 73
     5
 74
     0
 42
0.00000001
 43
0.00000001
 40
0.0
 40
0.0
 40
0.0
 40
0.0
 40
0.5599999999998424
 40
1.0
 40
1.0
 40
1.0
 40
1.0
 10
517.5453602229819
 20
689.1575207600919
 30
0.0
 10
517.5461960382592
 20
689.17761424287
 30
0.0
 10
517.5476885655398
 20
689.2134954621168
 30
0.0
 10
517.5536778439787
 20
689.2488932006763
 30
0.0
 10
517.5563131264918
 20
689.2644682056425
 30
0.0
  0
SPLINE
  5
17D
330
1F
100
AcDbEntity
  8
0
  6
Continuous
 62
     7
370
    25
100
AcDbSpline
210
0.0
220
0.0
230
1.0
 70
     8
 71
     3
 72
     9
 73
     5
 74
     0
 42
0.00000001
 43
0.00000001
 40
0.0
 40
0.0
 40
0.0
 40
0.0
 40
0.5599999999998155
 40
1.0
 40
1.0
 40
1.0
 40
1.0
 10
517.7859189498546
 20
689.6461502275899
 30
0.0
 10
517.818600553262
 20
689.6697918630056
 30
0.0
 10
517.8769605593463
 20
689.7120090691052
 30
0.0
 10
517.9439068830443
 20
689.738340207798
 30
0.0
 10
517.9733632654713
 20
689.7499259088229
 30
0.0
  0
SPLINE
  5
17E
330
1F
100
AcDbEntity
  8
0
  6
Continuous
 62
     7
370
    25
100
AcDbSpline
210
0.0
220
0.0
230
1.0
 70
     8
 71
     3
 72
     9
 73
     5
 74
     0
 42
0.00000001
 43
0.00000001
 40
0.0
 40
0.0
 40
0.0
 40
0.0
 40
0.5600000000000287
 40
0.9999999999999999
 40
0.9999999999999999
 40
0.9999999999999999
 40
0.9999999999999999
 10
518.4187125043267
 20
689.7419224439075
 30
0.0
 10
518.4555275628875
 20
689.7254401628282
 30
0.0
 10
518.5212687388887
 20
689.696007518044
 30
0.0
 10
518.5775453357563
 20
689.651195870378
 30
0.0
 10
518.602307038378
 20
689.631478745405
 30
0.0
  0
SPLINE
  5
17F
330
1F
100
AcDbEntity
  8
0
  6
Continuous
 62
     7
370
    25
100
AcDbSpline
210
0.0
220
0.0
230
1.0
 70
     8
 71
     3
 72
     9
 73
     5
 74
     0
 42
0.00000001
 43
0.00000001
 40
0.0
 40
0.0
 40
0.0
 40
0.0
 40
0.559999999999458
 40
1.0
 40
1.0
 40
1.0
 40
1.0
 10
518.8180504538708
 20
689.2417932585423
 30
0.0
 10
518.8205897967078
 20
689.2218433619187
 30
0.0
 10
518.8251243374885
 20
689.1862185465194
 30
0.0
 10
518.825144641882
 20
689.1503176977958
 30
0.0
 10
518.8251535758152
 20
689.1345213243575
 30
0.0
  0
SPLINE
  5
180
330
1F
100
AcDbEntity
  8
0
  6
Continuous
 62
     7
370
    25
100
AcDbSpline
210
0.0
220
0.0
230
1.0
 70
     8
 71
     3
 72
    15
 73
    11
 74
     0
 42
0.00000001
 43
0.00000001
 40
0.0
 40
0.0
 40
0.0
 40
0.0
 40
0.1200542337629412
 40
0.2500000000000259
 40
0.3799457662371006
 40
0.5000000000000421
 40
0.6200542337629716
 40
0.7500000000000091
 40
0.8799457662370621
 40
1.0
 40
1.0
 40
1.0
 40
1.0
 10
518.6768775178267
 20
689.1371860246072
 30
0.0
 10
518.6711581800718
 20
689.1990635205105
 30
0.0
 10
518.6592482757399
 20
689.3279167353534
 30
0.0
 10
518.5481756076529
 20
689.4970600214758
 30
0.0
 10
518.3842208688507
 20
689.6097256092717
 30
0.0
 10
518.1943032788348
 20
689.6494027948653
 30
0.0
 10
518.0030826887767
 20
689.6165751237338
 30
0.0
 10
517.8351856522985
 20
689.5098733140445
 30
0.0
 10
517.7181072496893
 20
689.3448301788383
 30
0.0
 10
517.701575234591
 20
689.2164880997167
 30
0.0
 10
517.6936362809703
 20
689.1548560598426
 30
0.0
  0
SPLINE
  5
181
330
1F
100
AcDbEntity
  8
0
  6
Continuous
 62
     7
370
    25
100
AcDbSpline
210
0.0
220
0.0
230
1.0
 70
     8
 71
     3
 72
     9
 73
     5
 74
     0
 42
0.00000001
 43
0.00000001
 40
0.0
 40
0.0
 40
0.0
 40
0.0
 40
0.5599999999997105
 40
1.0
 40
1.0
 40
1.0
 40
1.0
 10
518.8251535758152
 20
689.1345213243575
 30
0.0
 10
518.8243177605381
 20
689.1144278415793
 30
0.0
 10
518.8228252332574
 20
689.0785466223324
 30
0.0
 10
518.8168359548184
 20
689.0431488837729
 30
0.0
 10
518.8142006723053
 20
689.0275738788068
 30
0.0
  0
SPLINE
  5
182
330
1F
100
AcDbEntity
  8
0
  6
Continuous
 62
     7
370
    25
100
AcDbSpline
210
0.0
220
0.0
230
1.0
 70
     8
 71
     3
 72
     9
 73
     5
 74
     0
 42
0.00000001
 43
0.00000001
 40
0.0
 40
0.0
 40
0.0
 40
0.0
 40
0.559999999999394
 40
1.0
 40
1.0
 40
1.0
 40
1.0
 10
517.5524633449263
 20
689.050248825907
 30
0.0
 10
517.5499240020893
 20
689.0701987225306
 30
0.0
 10
517.5453894613087
 20
689.10582353793
 30
0.0
 10
517.5453691569152
 20
689.1417243866534
 30
0.0
 10
517.5453602229819
 20
689.1575207600919
 30
0.0
  0
SPLINE
  5
183
330
1F
100
AcDbEntity
  8
0
  6
Continuous
 62
     7
370
    25
100
AcDbSpline
210
0.0
220
0.0
230
1.0
 70
     8
 71
     3
 72
    15
 73
    11
 74
     0
 42
0.00000001
 43
0.00000001
 40
0.0
 40
0.0
 40
0.0
 40
0.0
 40
0.1200542337629155
 40
0.2499999999999728
 40
0.3799457662370321
 40
0.4999999999999689
 40
0.620054233762922
 40
0.7499999999999982
 40
0.8799457662370649
 40
1.0
 40
1.0
 40
1.0
 40
1.0
 10
518.6768775178267
 20
689.1371860246072
 30
0.0
 10
518.6689385642061
 20
689.0755539847333
 30
0.0
 10
518.6524065491079
 20
688.9472119056114
 30
0.0
 10
518.5353281464986
 20
688.7821687704053
 30
0.0
 10
518.3674311100204
 20
688.6754669607161
 30
0.0
 10
518.1762105199623
 20
688.6426392895846
 30
0.0
 10
517.9862929299463
 20
688.682316475178
 30
0.0
 10
517.8223381911442
 20
688.7949820629742
 30
0.0
 10
517.7112655230574
 20
688.9641253490967
 30
0.0
 10
517.6993556187253
 20
689.0929785639394
 30
0.0
 10
517.6936362809703
 20
689.1548560598426
 30
0.0
  0
SPLINE
  5
184
330
1F
100
AcDbEntity
  8
0
  6
Continuous
 62
     7
370
    25
100
AcDbSpline
210
0.0
220
0.0
230
1.0
 70
     8
 71
     3
 72
     9
 73
     5
 74
     0
 42
0.00000001
 43
0.00000001
 40
0.0
 40
0.0
 40
0.0
 40
0.0
 40
0.559999999999992
 40
1.0
 40
1.0
 40
1.0
 40
1.0
 10
518.5845948489426
 20
688.6458918568594
 30
0.0
 10
518.5519132455353
 20
688.6222502214437
 30
0.0
 10
518.4935532394508
 20
688.580033015344
 30
0.0
 10
518.426606915753
 20
688.5537018766513
 30
0.0
 10
518.3971505333259
 20
688.5421161756265
 30
0.0
  0
SPLINE
  5
185
330
1F
100
AcDbEntity
  8
0
  6
Continuous
 62
     7
370
    25
100
AcDbSpline
210
0.0
220
0.0
230
1.0
 70
     8
 71
     3
 72
     9
 73
     5
 74
     0
 42
0.00000001
 43
0.00000001
 40
0.0
 40
0.0
 40
0.0
 40
0.0
 40
0.5599999999998297
 40
1.0
 40
1.0
 40
1.0
 40
1.0
 10
517.9518012944703
 20
688.5501196405419
 30
0.0
 10
517.9149862359096
 20
688.566601921621
 30
0.0
 10
517.8492450599083
 20
688.5960345664053
 30
0.0
 10
517.7929684630409
 20
688.6408462140712
 30
0.0
 10
517.7682067604192
 20
688.6605633390442
 30
0.0
  0
LINE
  5
186
330
1F
100
AcDbEntity
  8
0
  6
Continuous
 62
     7
370
    25
100
AcDbLine
 10
514.1852568994
 20
741.1460210422
 30
0.0
 11
522.1852568994
 21
741.1460210422
 31
0.0
  0
LINE
  5
187
330
1F
100
AcDbEntity
  8
0
  6
Continuous
 62
     7
370
    25
100
AcDbLine
 10
514.1852568994
 20
749.1460210422
 30
0.0
 11
514.1852568994
 21
741.1460210422
 31
0.0
  0
SPLINE
  5
188
330
1F
100
AcDbEntity
  8
0
  6
Continuous
 62
     7
370
    25
100
AcDbSpline
210
0.0
220
0.0
230
1.0
 70
     8
 71
     3
 72
    19
 73
    15
 74
     0
 42
0.00000001
 43
0.00000001
 40
0.0
 40
0.0
 40
0.0
 40
0.0
 40
0.0785035252242151
 40
0.1626765933322148
 40
0.2500000000000003
 40
0.3373234066677883
 40
0.4214964747757849
 40
0.4999999999999999
 40
0.5785035252242146
 40
0.6626765933322114
 40
0.7499999999999999
 40
0.8373234066677855
 40
0.9214964747757849
 40
0.9999999999999999
 40
0.9999999999999999
 40
0.9999999999999999
 40
0.9999999999999999
 10
518.1852568993985
 20
748.6460210422197
 30
0.0
 10
518.472861628536
 20
748.6253511745631
 30
0.0
 10
519.0688419673636
 20
748.5825186565917
 30
0.0
 10
519.9277798149847
 20
748.2274997236412
 30
0.0
 10
520.6913910697679
 20
747.6529613795506
 30
0.0
 10
521.2696952527334
 20
746.888337129526
 30
0.0
 10
521.6114530467711
 20
746.0296530373439
 30
0.0
 10
521.7208727337833
 20
745.1460210422196
 30
0.0
 10
521.6114530467711
 20
744.2623890470954
 30
0.0
 10
521.2696952527334
 20
743.4037049549133
 30
0.0
 10
520.6913910697677
 20
742.6390807048887
 30
0.0
 10
519.9277798149847
 20
742.064542360798
 30
0.0
 10
519.0688419673636
 20
741.7095234278477
 30
0.0
 10
518.472861628536
 20
741.6666909098761
 30
0.0
 10
518.1852568993985
 20
741.6460210422197
 30
0.0
  0
SPLINE
  5
189
330
1F
100
AcDbEntity
  8
0
  6
Continuous
 62
     7
370
    25
100
AcDbSpline
210
0.0
220
0.0
230
1.0
 70
     8
 71
     3
 72
    19
 73
    15
 74
     0
 42
0.00000001
 43
0.00000001
 40
0.0
 40
0.0
 40
0.0
 40
0.0
 40
0.0785035252242171
 40
0.1626765933322124
 40
0.2500000000000011
 40
0.3373234066677891
 40
0.4214964747757856
 40
0.5000000000000003
 40
0.5785035252242148
 40
0.6626765933322113
 40
0.7499999999999986
 40
0.8373234066677872
 40
0.9214964747757831
 40
1.0
 40
1.0
 40
1.0
 40
1.0
 10
518.1852568993985
 20
741.6460210422197
 30
0.0
 10
517.8976521702612
 20
741.6666909098761
 30
0.0
 10
517.3016718314336
 20
741.7095234278476
 30
0.0
 10
516.4427339838124
 20
742.0645423607981
 30
0.0
 10
515.6791227290294
 20
742.6390807048886
 30
0.0
 10
515.1008185460637
 20
743.4037049549133
 30
0.0
 10
514.759060752026
 20
744.2623890470954
 30
0.0
 10
514.6496410650138
 20
745.1460210422196
 30
0.0
 10
514.759060752026
 20
746.0296530373439
 30
0.0
 10
515.1008185460638
 20
746.888337129526
 30
0.0
 10
515.6791227290292
 20
747.6529613795506
 30
0.0
 10
516.4427339838126
 20
748.2274997236412
 30
0.0
 10
517.3016718314336
 20
748.5825186565918
 30
0.0
 10
517.8976521702612
 20
748.6253511745631
 30
0.0
 10
518.1852568993985
 20
748.6460210422197
 30
0.0
  0
LINE
  5
18A
330
1F
100
AcDbEntity
  8
0
  6
Continuous
 62
     7
370
    25
100
AcDbLine
 10
522.1852568994
 20
741.1460210422
 30
0.0
 11
522.1852568994
 21
749.1460210422
 31
0.0
  0
LINE
  5
18B
330
1F
100
AcDbEntity
  8
0
  6
Continuous
 62
     7
370
    25
100
AcDbLine
 10
522.1852568994
 20
749.1460210422
 30
0.0
 11
514.1852568994
 21
749.1460210422
 31
0.0
  0
SPLINE
  5
18C
330
1F
100
AcDbEntity
  8
0
  6
Continuous
 62
     7
370
    25
100
AcDbSpline
210
0.0
220
0.0
230
1.0
 70
     8
 71
     3
 72
    15
 73
    11
 74
     0
 42
0.00000001
 43
0.00000001
 40
0.0
 40
0.0
 40
0.0
 40
0.0
 40
0.1200542337629331
 40
0.2500000000000055
 40
0.379945766237075
 40
0.4999999999999997
 40
0.6200542337629258
 40
0.7499999999999953
 40
0.8799457662370669
 40
1.0
 40
1.0
 40
1.0
 40
1.0
 10
518.1852568993987
 20
746.346021042223
 30
0.0
 10
518.335994518385
 20
746.3293517356109
 30
0.0
 10
518.6498893604526
 20
746.2946397015376
 30
0.0
 10
519.0577482770259
 20
746.0161919772428
 30
0.0
 10
519.3254759384733
 20
745.6111823871145
 30
0.0
 10
519.4139647292288
 20
745.1460210422231
 30
0.0
 10
519.3254759384733
 20
744.6808596973317
 30
0.0
 10
519.0577482770259
 20
744.2758501072033
 30
0.0
 10
518.6498893604526
 20
743.9974023829086
 30
0.0
 10
518.335994518385
 20
743.9626903488352
 30
0.0
 10
518.1852568993987
 20
743.946021042223
 30
0.0
  0
SPLINE
  5
18D
330
1F
100
AcDbEntity
  8
0
  6
Continuous
 62
     7
370
    25
100
AcDbSpline
210
0.0
220
0.0
230
1.0
 70
     8
 71
     3
 72
    15
 73
    11
 74
     0
 42
0.00000001
 43
0.00000001
 40
0.0
 40
0.0
 40
0.0
 40
0.0
 40
0.1200542337629302
 40
0.2500000000000054
 40
0.3799457662370765
 40
0.5000000000000016
 40
0.6200542337629271
 40
0.7499999999999966
 40
0.8799457662370751
 40
1.0
 40
1.0
 40
1.0
 40
1.0
 10
518.1852568993987
 20
743.946021042223
 30
0.0
 10
518.0345192804125
 20
743.9626903488352
 30
0.0
 10
517.720624438345
 20
743.9974023829086
 30
0.0
 10
517.3127655217716
 20
744.2758501072033
 30
0.0
 10
517.0450378603242
 20
744.6808596973317
 30
0.0
 10
516.9565490695687
 20
745.1460210422231
 30
0.0
 10
517.0450378603242
 20
745.6111823871145
 30
0.0
 10
517.3127655217716
 20
746.0161919772428
 30
0.0
 10
517.720624438345
 20
746.2946397015376
 30
0.0
 10
518.0345192804125
 20
746.3293517356109
 30
0.0
 10
518.1852568993987
 20
746.346021042223
 30
0.0
  0
LINE
  5
18E
330
1F
100
AcDbEntity
  8
0
  6
Continuous
 62
     7
370
    25
100
AcDbLine
 10
514.1852568994
 20
693.1460210422
 30
0.0
 11
514.1852568994
 21
685.1460210422
 31
0.0
  0
LINE
  5
18F
330
1F
100
AcDbEntity
  8
0
  6
Continuous
 62
     7
370
    25
100
AcDbLine
 10
514.1852568994
 20
685.1460210422
 30
0.0
 11
522.1852568994
 21
685.1460210422
 31
0.0
  0
SPLINE
  5
190
330
1F
100
AcDbEntity
  8
0
  6
Continuous
 62
     7
370
    25
100
AcDbSpline
210
0.0
220
0.0
230
1.0
 70
     8
 71
     3
 72
    19
 73
    15
 74
     0
 42
0.00000001
 43
0.00000001
 40
0.0
 40
0.0
 40
0.0
 40
0.0
 40
0.0785035252242171
 40
0.162676593332213
 40
0.2500000000000014
 40
0.3373234066677891
 40
0.4214964747757852
 40
0.5
 40
0.5785035252242144
 40
0.6626765933322116
 40
0.7499999999999978
 40
0.8373234066677875
 40
0.9214964747757829
 40
1.0
 40
1.0
 40
1.0
 40
1.0
 10
518.1852568993985
 20
685.6460210422196
 30
0.0
 10
517.8976521702612
 20
685.6666909098763
 30
0.0
 10
517.3016718314335
 20
685.7095234278477
 30
0.0
 10
516.4427339838126
 20
686.0645423607981
 30
0.0
 10
515.6791227290292
 20
686.6390807048887
 30
0.0
 10
515.1008185460637
 20
687.4037049549133
 30
0.0
 10
514.7590607520261
 20
688.2623890470953
 30
0.0
 10
514.6496410650138
 20
689.1460210422197
 30
0.0
 10
514.7590607520261
 20
690.0296530373439
 30
0.0
 10
515.1008185460638
 20
690.8883371295259
 30
0.0
 10
515.6791227290292
 20
691.6529613795507
 30
0.0
 10
516.4427339838124
 20
692.2274997236412
 30
0.0
 10
517.3016718314336
 20
692.5825186565917
 30
0.0
 10
517.8976521702612
 20
692.6253511745631
 30
0.0
 10
518.1852568993985
 20
692.6460210422197
 30
0.0
  0
SPLINE
  5
191
330
1F
100
AcDbEntity
  8
0
  6
Continuous
 62
     7
370
    25
100
AcDbSpline
210
0.0
220
0.0
230
1.0
 70
     8
 71
     3
 72
    19
 73
    15
 74
     0
 42
0.00000001
 43
0.00000001
 40
0.0
 40
0.0
 40
0.0
 40
0.0
 40
0.0785035252242152
 40
0.1626765933322145
 40
0.2500000000000009
 40
0.3373234066677886
 40
0.4214964747757858
 40
0.5000000000000003
 40
0.578503525224215
 40
0.6626765933322113
 40
0.7500000000000002
 40
0.8373234066677852
 40
0.9214964747757848
 40
1.0
 40
1.0
 40
1.0
 40
1.0
 10
518.1852568993985
 20
692.6460210422197
 30
0.0
 10
518.472861628536
 20
692.6253511745631
 30
0.0
 10
519.0688419673636
 20
692.5825186565917
 30
0.0
 10
519.9277798149847
 20
692.2274997236412
 30
0.0
 10
520.6913910697677
 20
691.6529613795506
 30
0.0
 10
521.2696952527334
 20
690.8883371295259
 30
0.0
 10
521.611453046771
 20
690.0296530373439
 30
0.0
 10
521.7208727337833
 20
689.1460210422197
 30
0.0
 10
521.611453046771
 20
688.2623890470953
 30
0.0
 10
521.2696952527334
 20
687.4037049549133
 30
0.0
 10
520.6913910697677
 20
686.6390807048887
 30
0.0
 10
519.9277798149847
 20
686.0645423607981
 30
0.0
 10
519.0688419673636
 20
685.7095234278477
 30
0.0
 10
518.472861628536
 20
685.6666909098763
 30
0.0
 10
518.1852568993985
 20
685.6460210422196
 30
0.0
  0
LINE
  5
192
330
1F
100
AcDbEntity
  8
0
  6
Continuous
 62
     7
370
    25
100
AcDbLine
 10
522.1852568994
 20
693.1460210422
 30
0.0
 11
514.1852568994
 21
693.1460210422
 31
0.0
  0
LINE
  5
193
330
1F
100
AcDbEntity
  8
0
  6
Continuous
 62
     7
370
    25
100
AcDbLine
 10
522.1852568994
 20
685.1460210422
 30
0.0
 11
522.1852568994
 21
693.1460210422
 31
0.0
  0
SPLINE
  5
194
330
1F
100
AcDbEntity
  8
0
  6
Continuous
 62
     7
370
    25
100
AcDbSpline
210
0.0
220
0.0
230
1.0
 70
     8
 71
     3
 72
    15
 73
    11
 74
     0
 42
0.00000001
 43
0.00000001
 40
0.0
 40
0.0
 40
0.0
 40
0.0
 40
0.120054233762927
 40
0.2500000000000042
 40
0.379945766237076
 40
0.4999999999999996
 40
0.620054233762928
 40
0.7500000000000014
 40
0.8799457662370737
 40
1.0
 40
1.0
 40
1.0
 40
1.0
 10
518.1852568993985
 20
687.946021042223
 30
0.0
 10
518.0345192804124
 20
687.9626903488352
 30
0.0
 10
517.7206244383448
 20
687.9974023829086
 30
0.0
 10
517.3127655217714
 20
688.2758501072033
 30
0.0
 10
517.0450378603241
 20
688.6808596973317
 30
0.0
 10
516.9565490695685
 20
689.1460210422231
 30
0.0
 10
517.0450378603241
 20
689.6111823871144
 30
0.0
 10
517.3127655217714
 20
690.0161919772428
 30
0.0
 10
517.7206244383449
 20
690.2946397015374
 30
0.0
 10
518.0345192804124
 20
690.3293517356109
 30
0.0
 10
518.1852568993985
 20
690.346021042223
 30
0.0
  0
SPLINE
  5
195
330
1F
100
AcDbEntity
  8
0
  6
Continuous
 62
     7
370
    25
100
AcDbSpline
210
0.0
220
0.0
230
1.0
 70
     8
 71
     3
 72
    15
 73
    11
 74
     0
 42
0.00000001
 43
0.00000001
 40
0.0
 40
0.0
 40
0.0
 40
0.0
 40
0.1200542337629266
 40
0.2500000000000004
 40
0.3799457662370749
 40
0.5000000000000013
 40
0.6200542337629277
 40
0.7499999999999986
 40
0.8799457662370699
 40
1.0
 40
1.0
 40
1.0
 40
1.0
 10
518.1852568993985
 20
690.346021042223
 30
0.0
 10
518.3359945183847
 20
690.3293517356109
 30
0.0
 10
518.6498893604523
 20
690.2946397015374
 30
0.0
 10
519.0577482770257
 20
690.0161919772428
 30
0.0
 10
519.3254759384731
 20
689.6111823871144
 30
0.0
 10
519.4139647292286
 20
689.1460210422231
 30
0.0
 10
519.3254759384731
 20
688.6808596973317
 30
0.0
 10
519.0577482770257
 20
688.2758501072034
 30
0.0
 10
518.6498893604523
 20
687.9974023829086
 30
0.0
 10
518.3359945183847
 20
687.9626903488352
 30
0.0
 10
518.1852568993985
 20
687.946021042223
 30
0.0
  0
LINE
  5
196
330
1F
100
AcDbEntity
  8
0
  6
Continuous
 62
     7
370
    25
100
AcDbLine
 10
641.1852568994
 20
693.1460210422
 30
0.0
 11
641.1852568994
 21
685.1460210422
 31
0.0
  0
LINE
  5
197
330
1F
100
AcDbEntity
  8
0
  6
Continuous
 62
     7
370
    25
100
AcDbLine
 10
641.1852568994
 20
685.1460210422
 30
0.0
 11
649.1852568994
 21
685.1460210422
 31
0.0
  0
SPLINE
  5
198
330
1F
100
AcDbEntity
  8
0
  6
Continuous
 62
     7
370
    25
100
AcDbSpline
210
0.0
220
0.0
230
1.0
 70
     8
 71
     3
 72
    19
 73
    15
 74
     0
 42
0.00000001
 43
0.00000001
 40
0.0
 40
0.0
 40
0.0
 40
0.0
 40
0.0785035252242159
 40
0.1626765933322132
 40
0.2500000000000016
 40
0.3373234066677876
 40
0.4214964747757846
 40
0.5000000000000001
 40
0.5785035252242147
 40
0.6626765933322117
 40
0.7499999999999993
 40
0.837323406667787
 40
0.9214964747757837
 40
0.9999999999999999
 40
0.9999999999999999
 40
0.9999999999999999
 40
0.9999999999999999
 10
645.185256899399
 20
685.6460210422198
 30
0.0
 10
644.8976521702616
 20
685.6666909098763
 30
0.0
 10
644.301671831434
 20
685.7095234278479
 30
0.0
 10
643.4427339838129
 20
686.0645423607983
 30
0.0
 10
642.6791227290297
 20
686.6390807048888
 30
0.0
 10
642.1008185460641
 20
687.4037049549136
 30
0.0
 10
641.7590607520265
 20
688.2623890470956
 30
0.0
 10
641.6496410650142
 20
689.1460210422198
 30
0.0
 10
641.7590607520265
 20
690.0296530373441
 30
0.0
 10
642.1008185460641
 20
690.8883371295261
 30
0.0
 10
642.6791227290297
 20
691.6529613795508
 30
0.0
 10
643.4427339838129
 20
692.2274997236415
 30
0.0
 10
644.301671831434
 20
692.5825186565919
 30
0.0
 10
644.8976521702616
 20
692.6253511745633
 30
0.0
 10
645.185256899399
 20
692.6460210422198
 30
0.0
  0
SPLINE
  5
199
330
1F
100
AcDbEntity
  8
0
  6
Continuous
 62
     7
370
    25
100
AcDbSpline
210
0.0
220
0.0
230
1.0
 70
     8
 71
     3
 72
    19
 73
    15
 74
     0
 42
0.00000001
 43
0.00000001
 40
0.0
 40
0.0
 40
0.0
 40
0.0
 40
0.0785035252242171
 40
0.1626765933322137
 40
0.2500000000000004
 40
0.337323406667789
 40
0.4214964747757851
 40
0.5
 40
0.5785035252242153
 40
0.6626765933322118
 40
0.7499999999999992
 40
0.8373234066677864
 40
0.921496474775784
 40
1.0
 40
1.0
 40
1.0
 40
1.0
 10
645.185256899399
 20
692.6460210422198
 30
0.0
 10
645.4728616285363
 20
692.6253511745633
 30
0.0
 10
646.0688419673639
 20
692.5825186565919
 30
0.0
 10
646.927779814985
 20
692.2274997236415
 30
0.0
 10
647.6913910697681
 20
691.6529613795508
 30
0.0
 10
648.2696952527338
 20
690.8883371295261
 30
0.0
 10
648.6114530467713
 20
690.0296530373441
 30
0.0
 10
648.7208727337836
 20
689.1460210422198
 30
0.0
 10
648.6114530467713
 20
688.2623890470956
 30
0.0
 10
648.2696952527338
 20
687.4037049549136
 30
0.0
 10
647.6913910697681
 20
686.6390807048888
 30
0.0
 10
646.927779814985
 20
686.0645423607983
 30
0.0
 10
646.0688419673639
 20
685.7095234278479
 30
0.0
 10
645.4728616285363
 20
685.6666909098763
 30
0.0
 10
645.185256899399
 20
685.6460210422198
 30
0.0
  0
LINE
  5
19A
330
1F
100
AcDbEntity
  8
0
  6
Continuous
 62
     7
370
    25
100
AcDbLine
 10
649.1852568994
 20
693.1460210422
 30
0.0
 11
641.1852568994
 21
693.1460210422
 31
0.0
  0
LINE
  5
19B
330
1F
100
AcDbEntity
  8
0
  6
Continuous
 62
     7
370
    25
100
AcDbLine
 10
649.1852568994
 20
685.1460210422
 30
0.0
 11
649.1852568994
 21
693.1460210422
 31
0.0
  0
SPLINE
  5
19C
330
1F
100
AcDbEntity
  8
0
  6
Continuous
 62
     7
370
    25
100
AcDbSpline
210
0.0
220
0.0
230
1.0
 70
     8
 71
     3
 72
    15
 73
    11
 74
     0
 42
0.00000001
 43
0.00000001
 40
0.0
 40
0.0
 40
0.0
 40
0.0
 40
0.1200542337629286
 40
0.2499999999999999
 40
0.3799457662370713
 40
0.4999999999999985
 40
0.6200542337629291
 40
0.7500000000000013
 40
0.879945766237072
 40
1.0
 40
1.0
 40
1.0
 40
1.0
 10
645.185256899399
 20
687.9460210422233
 30
0.0
 10
645.0345192804127
 20
687.9626903488354
 30
0.0
 10
644.7206244383452
 20
687.9974023829088
 30
0.0
 10
644.3127655217719
 20
688.2758501072035
 30
0.0
 10
644.0450378603244
 20
688.6808596973319
 30
0.0
 10
643.956549069569
 20
689.1460210422232
 30
0.0
 10
644.0450378603244
 20
689.6111823871146
 30
0.0
 10
644.3127655217719
 20
690.0161919772429
 30
0.0
 10
644.7206244383452
 20
690.2946397015377
 30
0.0
 10
645.0345192804127
 20
690.329351735611
 30
0.0
 10
645.185256899399
 20
690.3460210422232
 30
0.0
  0
SPLINE
  5
19D
330
1F
100
AcDbEntity
  8
0
  6
Continuous
 62
     7
370
    25
100
AcDbSpline
210
0.0
220
0.0
230
1.0
 70
     8
 71
     3
 72
    15
 73
    11
 74
     0
 42
0.00000001
 43
0.00000001
 40
0.0
 40
0.0
 40
0.0
 40
0.0
 40
0.1200542337629256
 40
0.2500000000000021
 40
0.3799457662370733
 40
0.500000000000002
 40
0.6200542337629299
 40
0.7499999999999994
 40
0.8799457662370768
 40
1.0
 40
1.0
 40
1.0
 40
1.0
 10
645.185256899399
 20
690.3460210422232
 30
0.0
 10
645.3359945183852
 20
690.329351735611
 30
0.0
 10
645.6498893604527
 20
690.2946397015377
 30
0.0
 10
646.0577482770261
 20
690.0161919772429
 30
0.0
 10
646.3254759384735
 20
689.6111823871146
 30
0.0
 10
646.4139647292291
 20
689.1460210422232
 30
0.0
 10
646.3254759384735
 20
688.6808596973319
 30
0.0
 10
646.0577482770261
 20
688.2758501072035
 30
0.0
 10
645.6498893604527
 20
687.9974023829088
 30
0.0
 10
645.3359945183852
 20
687.9626903488354
 30
0.0
 10
645.185256899399
 20
687.9460210422233
 30
0.0
  0
SPLINE
  5
19E
330
1F
100
AcDbEntity
  8
0
  6
Continuous
 62
     7
370
    25
100
AcDbSpline
210
0.0
220
0.0
230
1.0
 70
     8
 71
     3
 72
    15
 73
    11
 74
     0
 42
0.00000001
 43
0.00000001
 40
0.0
 40
0.0
 40
0.0
 40
0.0
 40
0.1200542337629159
 40
0.2499999999999767
 40
0.3799457662370471
 40
0.4999999999999718
 40
0.6200542337629282
 40
0.7500000000000125
 40
0.879945766237085
 40
1.0
 40
1.0
 40
1.0
 40
1.0
 10
517.4353779817228
 20
745.1594972740988
 30
0.0
 10
517.4474874289782
 20
745.2535058767132
 30
0.0
 10
517.4727040474928
 20
745.4492686575578
 30
0.0
 10
517.6512861137059
 20
745.7010123049132
 30
0.0
 10
517.9073828746549
 20
745.8637667431212
 30
0.0
 10
518.1990555257502
 20
745.913839456867
 30
0.0
 10
518.4887406844077
 20
745.8533190395491
 30
0.0
 10
518.7388241786149
 20
745.6814679294271
 30
0.0
 10
518.9082455759409
 20
745.4234702385752
 30
0.0
 10
518.9264119949951
 20
745.2269278120306
 30
0.0
 10
518.9351358170742
 20
745.1325448103477
 30
0.0
  0
LINE
  5
19F
330
1F
100
AcDbEntity
  8
0
  6
Continuous
 62
     7
370
    25
100
AcDbLine
 10
518.8779653714
 20
745.1335722325
 30
0.0
 11
518.8180504539
 21
745.2417932585
 31
0.0
  0
SPLINE
  5
1A0
330
1F
100
AcDbEntity
  8
0
  6
Continuous
 62
     7
370
    25
100
AcDbSpline
210
0.0
220
0.0
230
1.0
 70
     8
 71
     3
 72
     9
 73
     5
 74
     0
 42
0.00000001
 43
0.00000001
 40
0.0
 40
0.0
 40
0.0
 40
0.0
 40
0.5599999999999115
 40
1.0
 40
1.0
 40
1.0
 40
1.0
 10
518.602307038378
 20
745.6314787454038
 30
0.0
 10
518.6616079868884
 20
745.5687429729211
 30
0.0
 10
518.7675025378
 20
745.4567148077733
 30
0.0
 10
518.8026052572937
 20
745.3074637319171
 30
0.0
 10
518.818050453871
 20
745.2417932585405
 30
0.0
  0
LINE
  5
1A1
330
1F
100
AcDbEntity
  8
0
  6
Continuous
 62
     7
370
    25
100
AcDbLine
 10
518.6023070384
 20
745.6314787454
 30
0.0
 11
518.5423921208
 21
745.7396997717
 31
0.0
  0
LINE
  5
1A2
330
1F
100
AcDbEntity
  8
0
  6
Continuous
 62
     7
370
    25
100
AcDbLine
 10
518.5423921204
 20
745.7396997715
 30
0.0
 11
518.4187125043
 21
745.7419224439
 31
0.0
  0
SPLINE
  5
1A3
330
1F
100
AcDbEntity
  8
0
  6
Continuous
 62
     7
370
    25
100
AcDbSpline
210
0.0
220
0.0
230
1.0
 70
     8
 71
     3
 72
     9
 73
     5
 74
     0
 42
0.00000001
 43
0.00000001
 40
0.0
 40
0.0
 40
0.0
 40
0.0
 40
0.5599999999998355
 40
1.0
 40
1.0
 40
1.0
 40
1.0
 10
517.9733632654712
 20
745.7499259088219
 30
0.0
 10
518.0573445124223
 20
745.769914150459
 30
0.0
 10
518.2073110248353
 20
745.8056074390969
 30
0.0
 10
518.3541176078155
 20
745.7613817479922
 30
0.0
 10
518.4187125043267
 20
745.7419224439062
 30
0.0
  0
LINE
  5
1A4
330
1F
100
AcDbEntity
  8
0
  6
Continuous
 62
     7
370
    25
100
AcDbLine
 10
517.9733632655
 20
745.7499259088
 30
0.0
 11
517.8496836489
 21
745.7521485812
 31
0.0
  0
LINE
  5
1A5
330
1F
100
AcDbEntity
  8
0
  6
Continuous
 62
     7
370
    25
100
AcDbLine
 10
517.8496836489
 20
745.7521485812
 30
0.0
 11
517.7859189499
 21
745.6461502276
 31
0.0
  0
SPLINE
  5
1A6
330
1F
100
AcDbEntity
  8
0
  6
Continuous
 62
     7
370
    25
100
AcDbSpline
210
0.0
220
0.0
230
1.0
 70
     8
 71
     3
 72
     9
 73
     5
 74
     0
 42
0.00000001
 43
0.00000001
 40
0.0
 40
0.0
 40
0.0
 40
0.0
 40
0.5599999999999377
 40
0.9999999999999999
 40
0.9999999999999999
 40
0.9999999999999999
 40
0.9999999999999999
 10
517.5563131264915
 20
745.2644682056413
 30
0.0
 10
517.5809934249324
 20
745.3471922197612
 30
0.0
 10
517.6250653864339
 20
745.4949136735466
 30
0.0
 10
517.7367692499206
 20
745.5999390582982
 30
0.0
 10
517.7859189498547
 20
745.6461502275888
 30
0.0
  0
LINE
  5
1A7
330
1F
100
AcDbEntity
  8
0
  6
Continuous
 62
     7
370
    25
100
AcDbLine
 10
517.5563131265
 20
745.2644682056
 30
0.0
 11
517.4925484274
 21
745.158469852
 31
0.0
  0
LINE
  5
1A8
330
1F
100
AcDbEntity
  8
0
  6
Continuous
 62
     7
370
    25
100
AcDbLine
 10
517.4925484274
 20
745.158469852
 30
0.0
 11
517.5524633449
 21
745.0502488259
 31
0.0
  0
SPLINE
  5
1A9
330
1F
100
AcDbEntity
  8
0
  6
Continuous
 62
     7
370
    25
100
AcDbSpline
210
0.0
220
0.0
230
1.0
 70
     8
 71
     3
 72
     9
 73
     5
 74
     0
 42
0.00000001
 43
0.00000001
 40
0.0
 40
0.0
 40
0.0
 40
0.0
 40
0.5600000000000087
 40
1.0
 40
1.0
 40
1.0
 40
1.0
 10
517.552463344926
 20
745.0502488259061
 30
0.0
 10
517.5741553654167
 20
744.9666914450814
 30
0.0
 10
517.6128911162933
 20
744.817481836466
 30
0.0
 10
517.7207492024917
 20
744.7085106576999
 30
0.0
 10
517.7682067604189
 20
744.6605633390428
 30
0.0
  0
LINE
  5
1AA
330
1F
100
AcDbEntity
  8
0
  6
Continuous
 62
     7
370
    25
100
AcDbLine
 10
517.7682067604
 20
744.660563339
 30
0.0
 11
517.828121678
 21
744.5523423128
 31
0.0
  0
LINE
  5
1AB
330
1F
100
AcDbEntity
  8
0
  6
Continuous
 62
     7
370
    25
100
AcDbLine
 10
517.8281216784
 20
744.552342313
 30
0.0
 11
517.9518012945
 21
744.5501196405
 31
0.0
  0
SPLINE
  5
1AC
330
1F
100
AcDbEntity
  8
0
  6
Continuous
 62
     7
370
    25
100
AcDbSpline
210
0.0
220
0.0
230
1.0
 70
     8
 71
     3
 72
     9
 73
     5
 74
     0
 42
0.00000001
 43
0.00000001
 40
0.0
 40
0.0
 40
0.0
 40
0.0
 40
0.5599999999999374
 40
1.0
 40
1.0
 40
1.0
 40
1.0
 10
517.9518012944702
 20
744.5501196405406
 30
0.0
 10
518.0350101191833
 20
744.5271267909328
 30
0.0
 10
518.183597306171
 20
744.4860681309186
 30
0.0
 10
518.3318981583618
 20
744.5249903841869
 30
0.0
 10
518.3971505333258
 20
744.5421161756251
 30
0.0
  0
LINE
  5
1AD
330
1F
100
AcDbEntity
  8
0
  6
Continuous
 62
     7
370
    25
100
AcDbLine
 10
518.3971505333
 20
744.5421161756
 30
0.0
 11
518.5208301499
 21
744.5398935032
 31
0.0
  0
LINE
  5
1AE
330
1F
100
AcDbEntity
  8
0
  6
Continuous
 62
     7
370
    25
100
AcDbLine
 10
518.5208301499
 20
744.5398935032
 30
0.0
 11
518.5845948489
 21
744.6458918569
 31
0.0
  0
SPLINE
  5
1AF
330
1F
100
AcDbEntity
  8
0
  6
Continuous
 62
     7
370
    25
100
AcDbSpline
210
0.0
220
0.0
230
1.0
 70
     8
 71
     3
 72
     9
 73
     5
 74
     0
 42
0.00000001
 43
0.00000001
 40
0.0
 40
0.0
 40
0.0
 40
0.0
 40
0.5599999999999481
 40
1.0
 40
1.0
 40
1.0
 40
1.0
 10
518.5845948489424
 20
744.645891856858
 30
0.0
 10
518.6461116531647
 20
744.7064563880748
 30
0.0
 10
518.7559630892761
 20
744.8146073366762
 30
0.0
 10
518.7964058552686
 20
744.9625007687105
 30
0.0
 10
518.8142006723053
 20
745.0275738788057
 30
0.0
  0
LINE
  5
1B0
330
1F
100
AcDbEntity
  8
0
  6
Continuous
 62
     7
370
    25
100
AcDbLine
 10
518.8142006723
 20
745.0275738788
 30
0.0
 11
518.8779653714
 21
745.1335722325
 31
0.0
  0
SPLINE
  5
1B1
330
1F
100
AcDbEntity
  8
0
  6
Continuous
 62
     7
370
    25
100
AcDbSpline
210
0.0
220
0.0
230
1.0
 70
     8
 71
     3
 72
    15
 73
    11
 74
     0
 42
0.00000001
 43
0.00000001
 40
0.0
 40
0.0
 40
0.0
 40
0.0
 40
0.1200542337629371
 40
0.2500000000000225
 40
0.3799457662370974
 40
0.5000000000000372
 40
0.6200542337629386
 40
0.7499999999999964
 40
0.8799457662370674
 40
1.0
 40
1.0
 40
1.0
 40
1.0
 10
518.9351358170742
 20
745.1325448103477
 30
0.0
 10
518.9230263698187
 20
745.0385362077332
 30
0.0
 10
518.8978097513041
 20
744.8427734268886
 30
0.0
 10
518.7192276850909
 20
744.5910297795331
 30
0.0
 10
518.4631309241419
 20
744.428275341325
 30
0.0
 10
518.1714582730466
 20
744.3782026275793
 30
0.0
 10
517.881773114389
 20
744.4387230448972
 30
0.0
 10
517.6316896201819
 20
744.6105741550193
 30
0.0
 10
517.462268222856
 20
744.8685718458712
 30
0.0
 10
517.4441018038018
 20
745.0651142724159
 30
0.0
 10
517.4353779817228
 20
745.1594972740988
 30
0.0
  0
SPLINE
  5
1B2
330
1F
100
AcDbEntity
  8
0
  6
Continuous
 62
     7
370
    25
100
AcDbSpline
210
0.0
220
0.0
230
1.0
 70
     8
 71
     3
 72
    15
 73
    11
 74
     0
 42
0.00000001
 43
0.00000001
 40
0.0
 40
0.0
 40
0.0
 40
0.0
 40
0.1200542337629393
 40
0.2500000000000191
 40
0.3799457662370883
 40
0.4999999999999979
 40
0.6200542337629388
 40
0.7500000000000177
 40
0.8799457662370839
 40
1.0
 40
1.0
 40
1.0
 40
1.0
 10
519.3850631676795
 20
745.1244590712223
 30
0.0
 10
519.3656880520708
 20
744.9740453070392
 30
0.0
 10
519.3253414624475
 20
744.6608248576878
 30
0.0
 10
519.0396101565065
 20
744.258035021919
 30
0.0
 10
518.629855338988
 20
743.9976279207862
 30
0.0
 10
518.1631790972357
 20
743.9175115787931
 30
0.0
 10
517.6996828433834
 20
744.0143442465017
 30
0.0
 10
517.2995492526521
 20
744.2893060226969
 30
0.0
 10
517.0284750169307
 20
744.7021023280599
 30
0.0
 10
516.9994087464439
 20
745.0165702105313
 30
0.0
 10
516.9854506311174
 20
745.1675830132241
 30
0.0
  0
SPLINE
  5
1B3
330
1F
100
AcDbEntity
  8
0
  6
Continuous
 62
     7
370
    25
100
AcDbSpline
210
0.0
220
0.0
230
1.0
 70
     8
 71
     3
 72
    15
 73
    11
 74
     0
 42
0.00000001
 43
0.00000001
 40
0.0
 40
0.0
 40
0.0
 40
0.0
 40
0.1200542337629167
 40
0.2499999999999871
 40
0.3799457662370604
 40
0.4999999999999955
 40
0.6200542337629226
 40
0.7499999999999885
 40
0.8799457662370633
 40
1.0
 40
1.0
 40
1.0
 40
1.0
 10
519.3850631676795
 20
745.1244590712223
 30
0.0
 10
519.3711050523531
 20
745.2754718739149
 30
0.0
 10
519.3420387818663
 20
745.5899397563863
 30
0.0
 10
519.0709645461448
 20
746.0027360617494
 30
0.0
 10
518.6708309554134
 20
746.2776978379446
 30
0.0
 10
518.2073347015613
 20
746.3745305056533
 30
0.0
 10
517.7406584598089
 20
746.2944141636601
 30
0.0
 10
517.3309036422904
 20
746.0340070625273
 30
0.0
 10
517.0451723363495
 20
745.6312172267585
 30
0.0
 10
517.0048257467262
 20
745.3179967774071
 30
0.0
 10
516.9854506311174
 20
745.1675830132241
 30
0.0
  0
SPLINE
  5
1B4
330
1F
100
AcDbEntity
  8
0
  6
Continuous
 62
     7
370
    25
100
AcDbSpline
210
0.0
220
0.0
230
1.0
 70
     8
 71
     3
 72
     9
 73
     5
 74
     0
 42
0.00000001
 43
0.00000001
 40
0.0
 40
0.0
 40
0.0
 40
0.0
 40
0.5599999999996306
 40
1.0
 40
1.0
 40
1.0
 40
1.0
 10
517.5453602229819
 20
745.1575207600918
 30
0.0
 10
517.546196038259
 20
745.17761424287
 30
0.0
 10
517.5476885655396
 20
745.213495462117
 30
0.0
 10
517.5536778439784
 20
745.2488932006763
 30
0.0
 10
517.5563131264915
 20
745.2644682056424
 30
0.0
  0
SPLINE
  5
1B5
330
1F
100
AcDbEntity
  8
0
  6
Continuous
 62
     7
370
    25
100
AcDbSpline
210
0.0
220
0.0
230
1.0
 70
     8
 71
     3
 72
     9
 73
     5
 74
     0
 42
0.00000001
 43
0.00000001
 40
0.0
 40
0.0
 40
0.0
 40
0.0
 40
0.5600000000001236
 40
1.0
 40
1.0
 40
1.0
 40
1.0
 10
517.7859189498546
 20
745.6461502275898
 30
0.0
 10
517.8186005532618
 20
745.6697918630057
 30
0.0
 10
517.8769605593462
 20
745.7120090691054
 30
0.0
 10
517.9439068830441
 20
745.7383402077982
 30
0.0
 10
517.9733632654712
 20
745.749925908823
 30
0.0
  0
SPLINE
  5
1B6
330
1F
100
AcDbEntity
  8
0
  6
Continuous
 62
     7
370
    25
100
AcDbSpline
210
0.0
220
0.0
230
1.0
 70
     8
 71
     3
 72
     9
 73
     5
 74
     0
 42
0.00000001
 43
0.00000001
 40
0.0
 40
0.0
 40
0.0
 40
0.0
 40
0.5599999999998232
 40
1.0
 40
1.0
 40
1.0
 40
1.0
 10
518.4187125043267
 20
745.7419224439075
 30
0.0
 10
518.4555275628875
 20
745.7254401628282
 30
0.0
 10
518.5212687388888
 20
745.696007518044
 30
0.0
 10
518.5775453357563
 20
745.651195870378
 30
0.0
 10
518.602307038378
 20
745.631478745405
 30
0.0
  0
SPLINE
  5
1B7
330
1F
100
AcDbEntity
  8
0
  6
Continuous
 62
     7
370
    25
100
AcDbSpline
210
0.0
220
0.0
230
1.0
 70
     8
 71
     3
 72
     9
 73
     5
 74
     0
 42
0.00000001
 43
0.00000001
 40
0.0
 40
0.0
 40
0.0
 40
0.0
 40
0.5599999999991859
 40
1.0
 40
1.0
 40
1.0
 40
1.0
 10
518.8180504538708
 20
745.2417932585422
 30
0.0
 10
518.8205897967078
 20
745.2218433619187
 30
0.0
 10
518.8251243374884
 20
745.1862185465194
 30
0.0
 10
518.8251446418819
 20
745.1503176977958
 30
0.0
 10
518.825153575815
 20
745.1345213243575
 30
0.0
  0
SPLINE
  5
1B8
330
1F
100
AcDbEntity
  8
0
  6
Continuous
 62
     7
370
    25
100
AcDbSpline
210
0.0
220
0.0
230
1.0
 70
     8
 71
     3
 72
    15
 73
    11
 74
     0
 42
0.00000001
 43
0.00000001
 40
0.0
 40
0.0
 40
0.0
 40
0.0
 40
0.1200542337629273
 40
0.2500000000000042
 40
0.3799457662370853
 40
0.5000000000000145
 40
0.6200542337629458
 40
0.7499999999999981
 40
0.8799457662370697
 40
1.0
 40
1.0
 40
1.0
 40
1.0
 10
518.6768775178266
 20
745.1371860246072
 30
0.0
 10
518.6711581800715
 20
745.1990635205105
 30
0.0
 10
518.6592482757396
 20
745.3279167353533
 30
0.0
 10
518.5481756076529
 20
745.4970600214758
 30
0.0
 10
518.3842208688507
 20
745.6097256092719
 30
0.0
 10
518.1943032788348
 20
745.6494027948655
 30
0.0
 10
518.0030826887767
 20
745.6165751237338
 30
0.0
 10
517.8351856522985
 20
745.5098733140446
 30
0.0
 10
517.7181072496893
 20
745.3448301788384
 30
0.0
 10
517.701575234591
 20
745.2164880997167
 30
0.0
 10
517.6936362809703
 20
745.1548560598427
 30
0.0
  0
SPLINE
  5
1B9
330
1F
100
AcDbEntity
  8
0
  6
Continuous
 62
     7
370
    25
100
AcDbSpline
210
0.0
220
0.0
230
1.0
 70
     8
 71
     3
 72
     9
 73
     5
 74
     0
 42
0.00000001
 43
0.00000001
 40
0.0
 40
0.0
 40
0.0
 40
0.0
 40
0.5599999999998073
 40
1.0
 40
1.0
 40
1.0
 40
1.0
 10
518.825153575815
 20
745.1345213243575
 30
0.0
 10
518.8243177605378
 20
745.1144278415792
 30
0.0
 10
518.8228252332573
 20
745.0785466223324
 30
0.0
 10
518.8168359548184
 20
745.043148883773
 30
0.0
 10
518.8142006723053
 20
745.0275738788068
 30
0.0
  0
SPLINE
  5
1BA
330
1F
100
AcDbEntity
  8
0
  6
Continuous
 62
     7
370
    25
100
AcDbSpline
210
0.0
220
0.0
230
1.0
 70
     8
 71
     3
 72
     9
 73
     5
 74
     0
 42
0.00000001
 43
0.00000001
 40
0.0
 40
0.0
 40
0.0
 40
0.0
 40
0.559999999999482
 40
1.0
 40
1.0
 40
1.0
 40
1.0
 10
517.5524633449261
 20
745.0502488259071
 30
0.0
 10
517.5499240020891
 20
745.0701987225307
 30
0.0
 10
517.5453894613084
 20
745.1058235379298
 30
0.0
 10
517.5453691569151
 20
745.1417243866534
 30
0.0
 10
517.5453602229819
 20
745.1575207600918
 30
0.0
  0
SPLINE
  5
1BB
330
1F
100
AcDbEntity
  8
0
  6
Continuous
 62
     7
370
    25
100
AcDbSpline
210
0.0
220
0.0
230
1.0
 70
     8
 71
     3
 72
    15
 73
    11
 74
     0
 42
0.00000001
 43
0.00000001
 40
0.0
 40
0.0
 40
0.0
 40
0.0
 40
0.1200542337629049
 40
0.2499999999999699
 40
0.3799457662370586
 40
0.4999999999999964
 40
0.6200542337629198
 40
0.7499999999999817
 40
0.8799457662370526
 40
0.9999999999999999
 40
0.9999999999999999
 40
0.9999999999999999
 40
0.9999999999999999
 10
518.6768775178266
 20
745.1371860246072
 30
0.0
 10
518.6689385642059
 20
745.0755539847332
 30
0.0
 10
518.6524065491077
 20
744.9472119056115
 30
0.0
 10
518.5353281464984
 20
744.7821687704054
 30
0.0
 10
518.3674311100201
 20
744.6754669607163
 30
0.0
 10
518.1762105199622
 20
744.6426392895845
 30
0.0
 10
517.9862929299462
 20
744.6823164751781
 30
0.0
 10
517.8223381911442
 20
744.7949820629741
 30
0.0
 10
517.7112655230574
 20
744.9641253490967
 30
0.0
 10
517.6993556187253
 20
745.0929785639393
 30
0.0
 10
517.6936362809703
 20
745.1548560598427
 30
0.0
  0
SPLINE
  5
1BC
330
1F
100
AcDbEntity
  8
0
  6
Continuous
 62
     7
370
    25
100
AcDbSpline
210
0.0
220
0.0
230
1.0
 70
     8
 71
     3
 72
     9
 73
     5
 74
     0
 42
0.00000001
 43
0.00000001
 40
0.0
 40
0.0
 40
0.0
 40
0.0
 40
0.5599999999999895
 40
1.0
 40
1.0
 40
1.0
 40
1.0
 10
518.5845948489424
 20
744.6458918568595
 30
0.0
 10
518.551913245535
 20
744.6222502214437
 30
0.0
 10
518.4935532394506
 20
744.5800330153442
 30
0.0
 10
518.4266069157528
 20
744.5537018766513
 30
0.0
 10
518.3971505333257
 20
744.5421161756265
 30
0.0
  0
SPLINE
  5
1BD
330
1F
100
AcDbEntity
  8
0
  6
Continuous
 62
     7
370
    25
100
AcDbSpline
210
0.0
220
0.0
230
1.0
 70
     8
 71
     3
 72
     9
 73
     5
 74
     0
 42
0.00000001
 43
0.00000001
 40
0.0
 40
0.0
 40
0.0
 40
0.0
 40
0.5600000000001252
 40
1.0
 40
1.0
 40
1.0
 40
1.0
 10
517.9518012944702
 20
744.5501196405419
 30
0.0
 10
517.9149862359095
 20
744.5666019216211
 30
0.0
 10
517.8492450599082
 20
744.5960345664054
 30
0.0
 10
517.7929684630407
 20
744.6408462140712
 30
0.0
 10
517.7682067604189
 20
744.6605633390443
 30
0.0
  0
LINE
  5
1BE
330
1F
100
AcDbEntity
  8
0
  6
Continuous
 62
     7
370
    25
100
AcDbLine
 10
522.1852568994
 20
741.1460210423
 30
0.0
 11
641.1852568994
 21
741.1460210423
 31
0.0
  0
LINE
  5
1BF
330
1F
100
AcDbEntity
  8
0
  6
Continuous
 62
     7
370
    25
100
AcDbLine
 10
522.1852568994
 20
748.7460210423
 30
0.0
 11
522.5852568994
 21
749.1460210423
 31
0.0
  0
LINE
  5
1C0
330
1F
100
AcDbEntity
  8
0
  6
Continuous
 62
     7
370
    25
100
AcDbLine
 10
640.7852568994
 20
749.1460210423
 30
0.0
 11
522.5852568994
 21
749.1460210423
 31
0.0
  0
LINE
  5
1C1
330
1F
100
AcDbEntity
  8
0
  6
Continuous
 62
     7
370
    25
100
AcDbLine
 10
640.7852568994
 20
749.1460210423
 30
0.0
 11
641.1852568994
 21
748.7460210423
 31
0.0
  0
LINE
  5
1C2
330
1F
100
AcDbEntity
  8
0
  6
Continuous
 62
     7
370
    25
100
AcDbLine
 10
514.1852568994
 20
741.1460210423
 30
0.0
 11
514.1852568994
 21
693.1460210423
 31
0.0
  0
LINE
  5
1C3
330
1F
100
AcDbEntity
  8
0
  6
Continuous
 62
     7
370
    25
100
AcDbLine
 10
522.1852568994
 20
693.1460210423
 30
0.0
 11
522.1852568994
 21
741.1460210423
 31
0.0
  0
SPLINE
  5
1C4
330
1F
100
AcDbEntity
  8
0
  6
Continuous
 62
     7
370
    25
100
AcDbSpline
210
0.0
220
0.0
230
1.0
 70
     8
 71
     3
 72
    15
 73
    11
 74
     0
 42
0.00000001
 43
0.00000001
 40
0.0
 40
0.0
 40
0.0
 40
0.0
 40
0.1200542337629215
 40
0.2499999999999862
 40
0.3799457662370479
 40
0.4999999999999568
 40
0.6200542337628997
 40
0.7499999999999758
 40
0.8799457662370586
 40
1.0
 40
1.0
 40
1.0
 40
1.0
 10
644.4353779817234
 20
689.1594972740988
 30
0.0
 10
644.4474874289789
 20
689.2535058767132
 30
0.0
 10
644.4727040474935
 20
689.4492686575578
 30
0.0
 10
644.6512861137065
 20
689.7010123049133
 30
0.0
 10
644.9073828746556
 20
689.8637667431213
 30
0.0
 10
645.1990555257507
 20
689.913839456867
 30
0.0
 10
645.4887406844083
 20
689.8533190395491
 30
0.0
 10
645.7388241786155
 20
689.681467929427
 30
0.0
 10
645.9082455759412
 20
689.4234702385751
 30
0.0
 10
645.9264119949954
 20
689.2269278120305
 30
0.0
 10
645.9351358170745
 20
689.1325448103474
 30
0.0
  0
LINE
  5
1C5
330
1F
100
AcDbEntity
  8
0
  6
Continuous
 62
     7
370
    25
100
AcDbLine
 10
645.8779653714
 20
689.1335722325
 30
0.0
 11
645.8180504539
 21
689.2417932585
 31
0.0
  0
SPLINE
  5
1C6
330
1F
100
AcDbEntity
  8
0
  6
Continuous
 62
     7
370
    25
100
AcDbSpline
210
0.0
220
0.0
230
1.0
 70
     8
 71
     3
 72
     9
 73
     5
 74
     0
 42
0.00000001
 43
0.00000001
 40
0.0
 40
0.0
 40
0.0
 40
0.0
 40
0.5599999999998799
 40
1.0
 40
1.0
 40
1.0
 40
1.0
 10
645.6023070383785
 20
689.6314787454039
 30
0.0
 10
645.661607986889
 20
689.5687429729212
 30
0.0
 10
645.7675025378006
 20
689.4567148077732
 30
0.0
 10
645.8026052572942
 20
689.3074637319172
 30
0.0
 10
645.8180504538713
 20
689.2417932585404
 30
0.0
  0
LINE
  5
1C7
330
1F
100
AcDbEntity
  8
0
  6
Continuous
 62
     7
370
    25
100
AcDbLine
 10
645.6023070384
 20
689.6314787454
 30
0.0
 11
645.5423921208
 21
689.7396997717
 31
0.0
  0
LINE
  5
1C8
330
1F
100
AcDbEntity
  8
0
  6
Continuous
 62
     7
370
    25
100
AcDbLine
 10
645.5423921204
 20
689.7396997715
 30
0.0
 11
645.4187125043
 21
689.7419224439
 31
0.0
  0
SPLINE
  5
1C9
330
1F
100
AcDbEntity
  8
0
  6
Continuous
 62
     7
370
    25
100
AcDbSpline
210
0.0
220
0.0
230
1.0
 70
     8
 71
     3
 72
     9
 73
     5
 74
     0
 42
0.00000001
 43
0.00000001
 40
0.0
 40
0.0
 40
0.0
 40
0.0
 40
0.559999999999894
 40
1.0
 40
1.0
 40
1.0
 40
1.0
 10
644.9733632654714
 20
689.7499259088218
 30
0.0
 10
645.0573445124228
 20
689.769914150459
 30
0.0
 10
645.2073110248359
 20
689.8056074390969
 30
0.0
 10
645.3541176078161
 20
689.7613817479922
 30
0.0
 10
645.4187125043273
 20
689.7419224439063
 30
0.0
  0
LINE
  5
1CA
330
1F
100
AcDbEntity
  8
0
  6
Continuous
 62
     7
370
    25
100
AcDbLine
 10
644.9733632655
 20
689.7499259088
 30
0.0
 11
644.8496836489
 21
689.7521485812
 31
0.0
  0
LINE
  5
1CB
330
1F
100
AcDbEntity
  8
0
  6
Continuous
 62
     7
370
    25
100
AcDbLine
 10
644.8496836489
 20
689.7521485812
 30
0.0
 11
644.7859189499
 21
689.6461502276
 31
0.0
  0
SPLINE
  5
1CC
330
1F
100
AcDbEntity
  8
0
  6
Continuous
 62
     7
370
    25
100
AcDbSpline
210
0.0
220
0.0
230
1.0
 70
     8
 71
     3
 72
     9
 73
     5
 74
     0
 42
0.00000001
 43
0.00000001
 40
0.0
 40
0.0
 40
0.0
 40
0.0
 40
0.5600000000001291
 40
1.0
 40
1.0
 40
1.0
 40
1.0
 10
644.556313126492
 20
689.2644682056413
 30
0.0
 10
644.5809934249328
 20
689.3471922197612
 30
0.0
 10
644.6250653864342
 20
689.4949136735469
 30
0.0
 10
644.7367692499209
 20
689.5999390582983
 30
0.0
 10
644.7859189498552
 20
689.6461502275888
 30
0.0
  0
LINE
  5
1CD
330
1F
100
AcDbEntity
  8
0
  6
Continuous
 62
     7
370
    25
100
AcDbLine
 10
644.5563131265
 20
689.2644682056
 30
0.0
 11
644.4925484274
 21
689.158469852
 31
0.0
  0
LINE
  5
1CE
330
1F
100
AcDbEntity
  8
0
  6
Continuous
 62
     7
370
    25
100
AcDbLine
 10
644.4925484274
 20
689.158469852
 30
0.0
 11
644.5524633449
 21
689.0502488259
 31
0.0
  0
SPLINE
  5
1CF
330
1F
100
AcDbEntity
  8
0
  6
Continuous
 62
     7
370
    25
100
AcDbSpline
210
0.0
220
0.0
230
1.0
 70
     8
 71
     3
 72
     9
 73
     5
 74
     0
 42
0.00000001
 43
0.00000001
 40
0.0
 40
0.0
 40
0.0
 40
0.0
 40
0.5600000000000448
 40
1.0
 40
1.0
 40
1.0
 40
1.0
 10
644.5524633449265
 20
689.050248825906
 30
0.0
 10
644.5741553654174
 20
688.9666914450813
 30
0.0
 10
644.6128911162938
 20
688.8174818364661
 30
0.0
 10
644.7207492024921
 20
688.7085106576999
 30
0.0
 10
644.7682067604194
 20
688.6605633390428
 30
0.0
  0
LINE
  5
1D0
330
1F
100
AcDbEntity
  8
0
  6
Continuous
 62
     7
370
    25
100
AcDbLine
 10
644.7682067604
 20
688.660563339
 30
0.0
 11
644.828121678
 21
688.5523423128
 31
0.0
  0
LINE
  5
1D1
330
1F
100
AcDbEntity
  8
0
  6
Continuous
 62
     7
370
    25
100
AcDbLine
 10
644.8281216784
 20
688.552342313
 30
0.0
 11
644.9518012945
 21
688.5501196405
 31
0.0
  0
SPLINE
  5
1D2
330
1F
100
AcDbEntity
  8
0
  6
Continuous
 62
     7
370
    25
100
AcDbSpline
210
0.0
220
0.0
230
1.0
 70
     8
 71
     3
 72
     9
 73
     5
 74
     0
 42
0.00000001
 43
0.00000001
 40
0.0
 40
0.0
 40
0.0
 40
0.0
 40
0.5600000000000313
 40
1.0
 40
1.0
 40
1.0
 40
1.0
 10
644.9518012944706
 20
688.5501196405406
 30
0.0
 10
645.0350101191838
 20
688.5271267909327
 30
0.0
 10
645.1835973061715
 20
688.4860681309187
 30
0.0
 10
645.3318981583624
 20
688.524990384187
 30
0.0
 10
645.3971505333263
 20
688.5421161756251
 30
0.0
  0
LINE
  5
1D3
330
1F
100
AcDbEntity
  8
0
  6
Continuous
 62
     7
370
    25
100
AcDbLine
 10
645.3971505333
 20
688.5421161756
 30
0.0
 11
645.5208301499
 21
688.5398935032
 31
0.0
  0
LINE
  5
1D4
330
1F
100
AcDbEntity
  8
0
  6
Continuous
 62
     7
370
    25
100
AcDbLine
 10
645.5208301499
 20
688.5398935032
 30
0.0
 11
645.5845948489
 21
688.6458918569
 31
0.0
  0
SPLINE
  5
1D5
330
1F
100
AcDbEntity
  8
0
  6
Continuous
 62
     7
370
    25
100
AcDbSpline
210
0.0
220
0.0
230
1.0
 70
     8
 71
     3
 72
     9
 73
     5
 74
     0
 42
0.00000001
 43
0.00000001
 40
0.0
 40
0.0
 40
0.0
 40
0.0
 40
0.5599999999999666
 40
1.0
 40
1.0
 40
1.0
 40
1.0
 10
645.584594848943
 20
688.645891856858
 30
0.0
 10
645.6461116531653
 20
688.7064563880748
 30
0.0
 10
645.7559630892767
 20
688.8146073366762
 30
0.0
 10
645.7964058552692
 20
688.9625007687106
 30
0.0
 10
645.814200672306
 20
689.0275738788057
 30
0.0
  0
LINE
  5
1D6
330
1F
100
AcDbEntity
  8
0
  6
Continuous
 62
     7
370
    25
100
AcDbLine
 10
645.8142006723
 20
689.0275738788
 30
0.0
 11
645.8779653714
 21
689.1335722325
 31
0.0
  0
SPLINE
  5
1D7
330
1F
100
AcDbEntity
  8
0
  6
Continuous
 62
     7
370
    25
100
AcDbSpline
210
0.0
220
0.0
230
1.0
 70
     8
 71
     3
 72
    15
 73
    11
 74
     0
 42
0.00000001
 43
0.00000001
 40
0.0
 40
0.0
 40
0.0
 40
0.0
 40
0.1200542337629189
 40
0.2499999999999833
 40
0.3799457662370561
 40
0.4999999999999706
 40
0.6200542337629085
 40
0.7499999999999889
 40
0.879945766237073
 40
1.0
 40
1.0
 40
1.0
 40
1.0
 10
645.9351358170745
 20
689.1325448103474
 30
0.0
 10
645.9230263698191
 20
689.038536207733
 30
0.0
 10
645.8978097513045
 20
688.8427734268885
 30
0.0
 10
645.7192276850914
 20
688.591029779533
 30
0.0
 10
645.4631309241424
 20
688.428275341325
 30
0.0
 10
645.1714582730472
 20
688.3782026275793
 30
0.0
 10
644.8817731143895
 20
688.4387230448973
 30
0.0
 10
644.6316896201824
 20
688.6105741550193
 30
0.0
 10
644.4622682228566
 20
688.8685718458712
 30
0.0
 10
644.4441018038024
 20
689.0651142724159
 30
0.0
 10
644.4353779817234
 20
689.1594972740988
 30
0.0
  0
SPLINE
  5
1D8
330
1F
100
AcDbEntity
  8
0
  6
Continuous
 62
     7
370
    25
100
AcDbSpline
210
0.0
220
0.0
230
1.0
 70
     8
 71
     3
 72
    15
 73
    11
 74
     0
 42
0.00000001
 43
0.00000001
 40
0.0
 40
0.0
 40
0.0
 40
0.0
 40
0.1200542337629349
 40
0.2500000000000122
 40
0.3799457662370789
 40
0.500000000000002
 40
0.6200542337629129
 40
0.7499999999999815
 40
0.8799457662370601
 40
1.0
 40
1.0
 40
1.0
 40
1.0
 10
646.38506316768
 20
689.1244590712222
 30
0.0
 10
646.3656880520712
 20
688.9740453070392
 30
0.0
 10
646.3253414624478
 20
688.6608248576878
 30
0.0
 10
646.0396101565069
 20
688.258035021919
 30
0.0
 10
645.6298553389885
 20
687.9976279207863
 30
0.0
 10
645.1631790972361
 20
687.917511578793
 30
0.0
 10
644.6996828433839
 20
688.0143442465018
 30
0.0
 10
644.2995492526527
 20
688.289306022697
 30
0.0
 10
644.0284750169312
 20
688.70210232806
 30
0.0
 10
643.9994087464445
 20
689.0165702105315
 30
0.0
 10
643.985450631118
 20
689.1675830132242
 30
0.0
  0
SPLINE
  5
1D9
330
1F
100
AcDbEntity
  8
0
  6
Continuous
 62
     7
370
    25
100
AcDbSpline
210
0.0
220
0.0
230
1.0
 70
     8
 71
     3
 72
    15
 73
    11
 74
     0
 42
0.00000001
 43
0.00000001
 40
0.0
 40
0.0
 40
0.0
 40
0.0
 40
0.1200542337629226
 40
0.2499999999999881
 40
0.379945766237066
 40
0.5000000000000093
 40
0.620054233762933
 40
0.750000000000002
 40
0.8799457662370743
 40
1.0
 40
1.0
 40
1.0
 40
1.0
 10
646.38506316768
 20
689.1244590712222
 30
0.0
 10
646.3711050523535
 20
689.275471873915
 30
0.0
 10
646.3420387818668
 20
689.5899397563863
 30
0.0
 10
646.0709645461454
 20
690.0027360617494
 30
0.0
 10
645.670830955414
 20
690.2776978379445
 30
0.0
 10
645.2073347015619
 20
690.3745305056533
 30
0.0
 10
644.7406584598095
 20
690.2944141636601
 30
0.0
 10
644.330903642291
 20
690.0340070625274
 30
0.0
 10
644.0451723363501
 20
689.6312172267587
 30
0.0
 10
644.0048257467267
 20
689.3179967774072
 30
0.0
 10
643.985450631118
 20
689.1675830132242
 30
0.0
  0
SPLINE
  5
1DA
330
1F
100
AcDbEntity
  8
0
  6
Continuous
 62
     7
370
    25
100
AcDbSpline
210
0.0
220
0.0
230
1.0
 70
     8
 71
     3
 72
     9
 73
     5
 74
     0
 42
0.00000001
 43
0.00000001
 40
0.0
 40
0.0
 40
0.0
 40
0.0
 40
0.5600000000003534
 40
1.0
 40
1.0
 40
1.0
 40
1.0
 10
644.5453602229824
 20
689.1575207600919
 30
0.0
 10
644.5461960382595
 20
689.1776142428702
 30
0.0
 10
644.5476885655402
 20
689.213495462117
 30
0.0
 10
644.5536778439791
 20
689.2488932006765
 30
0.0
 10
644.5563131264922
 20
689.2644682056426
 30
0.0
  0
SPLINE
  5
1DB
330
1F
100
AcDbEntity
  8
0
  6
Continuous
 62
     7
370
    25
100
AcDbSpline
210
0.0
220
0.0
230
1.0
 70
     8
 71
     3
 72
     9
 73
     5
 74
     0
 42
0.00000001
 43
0.00000001
 40
0.0
 40
0.0
 40
0.0
 40
0.0
 40
0.5600000000000496
 40
1.0
 40
1.0
 40
1.0
 40
1.0
 10
644.7859189498552
 20
689.6461502275899
 30
0.0
 10
644.8186005532624
 20
689.6697918630057
 30
0.0
 10
644.8769605593468
 20
689.7120090691053
 30
0.0
 10
644.9439068830447
 20
689.7383402077983
 30
0.0
 10
644.9733632654717
 20
689.7499259088231
 30
0.0
  0
SPLINE
  5
1DC
330
1F
100
AcDbEntity
  8
0
  6
Continuous
 62
     7
370
    25
100
AcDbSpline
210
0.0
220
0.0
230
1.0
 70
     8
 71
     3
 72
     9
 73
     5
 74
     0
 42
0.00000001
 43
0.00000001
 40
0.0
 40
0.0
 40
0.0
 40
0.0
 40
0.5600000000000165
 40
1.0
 40
1.0
 40
1.0
 40
1.0
 10
645.4187125043271
 20
689.7419224439075
 30
0.0
 10
645.4555275628879
 20
689.7254401628284
 30
0.0
 10
645.5212687388894
 20
689.6960075180441
 30
0.0
 10
645.5775453357569
 20
689.651195870378
 30
0.0
 10
645.6023070383785
 20
689.631478745405
 30
0.0
  0
SPLINE
  5
1DD
330
1F
100
AcDbEntity
  8
0
  6
Continuous
 62
     7
370
    25
100
AcDbSpline
210
0.0
220
0.0
230
1.0
 70
     8
 71
     3
 72
     9
 73
     5
 74
     0
 42
0.00000001
 43
0.00000001
 40
0.0
 40
0.0
 40
0.0
 40
0.0
 40
0.5599999999995136
 40
1.0
 40
1.0
 40
1.0
 40
1.0
 10
645.8180504538713
 20
689.2417932585423
 30
0.0
 10
645.8205897967083
 20
689.2218433619187
 30
0.0
 10
645.8251243374891
 20
689.1862185465194
 30
0.0
 10
645.8251446418825
 20
689.1503176977958
 30
0.0
 10
645.8251535758156
 20
689.1345213243575
 30
0.0
  0
SPLINE
  5
1DE
330
1F
100
AcDbEntity
  8
0
  6
Continuous
 62
     7
370
    25
100
AcDbSpline
210
0.0
220
0.0
230
1.0
 70
     8
 71
     3
 72
    15
 73
    11
 74
     0
 42
0.00000001
 43
0.00000001
 40
0.0
 40
0.0
 40
0.0
 40
0.0
 40
0.1200542337629301
 40
0.2500000000000004
 40
0.379945766237062
 40
0.499999999999956
 40
0.6200542337628792
 40
0.7499999999999668
 40
0.8799457662370636
 40
1.0
 40
1.0
 40
1.0
 40
1.0
 10
645.6768775178272
 20
689.1371860246072
 30
0.0
 10
645.6711581800721
 20
689.1990635205105
 30
0.0
 10
645.6592482757402
 20
689.3279167353534
 30
0.0
 10
645.5481756076533
 20
689.4970600214758
 30
0.0
 10
645.3842208688511
 20
689.6097256092719
 30
0.0
 10
645.1943032788353
 20
689.6494027948656
 30
0.0
 10
645.0030826887772
 20
689.6165751237338
 30
0.0
 10
644.8351856522991
 20
689.5098733140446
 30
0.0
 10
644.7181072496898
 20
689.3448301788384
 30
0.0
 10
644.7015752345915
 20
689.2164880997167
 30
0.0
 10
644.6936362809707
 20
689.1548560598426
 30
0.0
  0
SPLINE
  5
1DF
330
1F
100
AcDbEntity
  8
0
  6
Continuous
 62
     7
370
    25
100
AcDbSpline
210
0.0
220
0.0
230
1.0
 70
     8
 71
     3
 72
     9
 73
     5
 74
     0
 42
0.00000001
 43
0.00000001
 40
0.0
 40
0.0
 40
0.0
 40
0.0
 40
0.5599999999997018
 40
1.0
 40
1.0
 40
1.0
 40
1.0
 10
645.8251535758156
 20
689.1345213243575
 30
0.0
 10
645.8243177605384
 20
689.1144278415793
 30
0.0
 10
645.8228252332578
 20
689.0785466223324
 30
0.0
 10
645.8168359548189
 20
689.0431488837729
 30
0.0
 10
645.8142006723058
 20
689.0275738788068
 30
0.0
  0
SPLINE
  5
1E0
330
1F
100
AcDbEntity
  8
0
  6
Continuous
 62
     7
370
    25
100
AcDbSpline
210
0.0
220
0.0
230
1.0
 70
     8
 71
     3
 72
     9
 73
     5
 74
     0
 42
0.00000001
 43
0.00000001
 40
0.0
 40
0.0
 40
0.0
 40
0.0
 40
0.5600000000003423
 40
1.0
 40
1.0
 40
1.0
 40
1.0
 10
644.5524633449268
 20
689.050248825907
 30
0.0
 10
644.5499240020897
 20
689.0701987225306
 30
0.0
 10
644.545389461309
 20
689.10582353793
 30
0.0
 10
644.5453691569155
 20
689.1417243866536
 30
0.0
 10
644.5453602229824
 20
689.1575207600919
 30
0.0
  0
SPLINE
  5
1E1
330
1F
100
AcDbEntity
  8
0
  6
Continuous
 62
     7
370
    25
100
AcDbSpline
210
0.0
220
0.0
230
1.0
 70
     8
 71
     3
 72
    15
 73
    11
 74
     0
 42
0.00000001
 43
0.00000001
 40
0.0
 40
0.0
 40
0.0
 40
0.0
 40
0.1200542337628913
 40
0.2499999999999398
 40
0.3799457662370099
 40
0.4999999999999374
 40
0.6200542337628832
 40
0.7499999999999726
 40
0.8799457662370581
 40
0.9999999999999999
 40
0.9999999999999999
 40
0.9999999999999999
 40
0.9999999999999999
 10
645.6768775178272
 20
689.1371860246072
 30
0.0
 10
645.6689385642064
 20
689.0755539847333
 30
0.0
 10
645.6524065491083
 20
688.9472119056115
 30
0.0
 10
645.5353281464991
 20
688.7821687704053
 30
0.0
 10
645.3674311100208
 20
688.6754669607162
 30
0.0
 10
645.1762105199628
 20
688.6426392895846
 30
0.0
 10
644.9862929299468
 20
688.682316475178
 30
0.0
 10
644.8223381911447
 20
688.7949820629742
 30
0.0
 10
644.7112655230577
 20
688.9641253490965
 30
0.0
 10
644.6993556187258
 20
689.0929785639394
 30
0.0
 10
644.6936362809707
 20
689.1548560598426
 30
0.0
  0
SPLINE
  5
1E2
330
1F
100
AcDbEntity
  8
0
  6
Continuous
 62
     7
370
    25
100
AcDbSpline
210
0.0
220
0.0
230
1.0
 70
     8
 71
     3
 72
     9
 73
     5
 74
     0
 42
0.00000001
 43
0.00000001
 40
0.0
 40
0.0
 40
0.0
 40
0.0
 40
0.5599999999999729
 40
1.0
 40
1.0
 40
1.0
 40
1.0
 10
645.584594848943
 20
688.6458918568594
 30
0.0
 10
645.5519132455357
 20
688.6222502214437
 30
0.0
 10
645.4935532394512
 20
688.580033015344
 30
0.0
 10
645.4266069157534
 20
688.5537018766512
 30
0.0
 10
645.3971505333263
 20
688.5421161756265
 30
0.0
  0
SPLINE
  5
1E3
330
1F
100
AcDbEntity
  8
0
  6
Continuous
 62
     7
370
    25
100
AcDbSpline
210
0.0
220
0.0
230
1.0
 70
     8
 71
     3
 72
     9
 73
     5
 74
     0
 42
0.00000001
 43
0.00000001
 40
0.0
 40
0.0
 40
0.0
 40
0.0
 40
0.5599999999997781
 40
1.0
 40
1.0
 40
1.0
 40
1.0
 10
644.9518012944706
 20
688.5501196405419
 30
0.0
 10
644.91498623591
 20
688.5666019216211
 30
0.0
 10
644.8492450599088
 20
688.5960345664054
 30
0.0
 10
644.7929684630412
 20
688.6408462140713
 30
0.0
 10
644.7682067604196
 20
688.6605633390442
 30
0.0
  0
LINE
  5
1E4
330
1F
100
AcDbEntity
  8
0
  6
Continuous
 62
     7
370
    25
100
AcDbLine
 10
522.1852568994
 20
741.1460210423
 30
0.0
 11
522.1852568994
 21
693.1460210423
 31
0.0
  0
LINE
  5
1E5
330
1F
100
AcDbEntity
  8
0
  6
Continuous
 62
     7
370
    25
100
AcDbLine
 10
530.1852568994
 20
693.1460210423
 30
0.0
 11
522.1852568994
 21
693.1460210423
 31
0.0
  0
LINE
  5
1E6
330
1F
100
AcDbEntity
  8
0
  6
Continuous
 62
     7
370
    25
100
AcDbLine
 10
528.1852568994
 20
709.1460210423
 30
0.0
 11
528.1852568994
 21
725.1460210423
 31
0.0
  0
SPLINE
  5
1E7
330
1F
100
AcDbEntity
  8
0
  6
Continuous
 62
     7
370
    25
100
AcDbSpline
210
0.0
220
0.0
230
1.0
 70
     8
 71
     3
 72
    19
 73
    15
 74
     0
 42
0.00000001
 43
0.00000001
 40
0.0
 40
0.0
 40
0.0
 40
0.0
 40
0.0785035252242147
 40
0.1626765933322115
 40
0.2499999999999998
 40
0.3373234066677872
 40
0.4214964747757859
 40
0.499999999999999
 40
0.5785035252242137
 40
0.6626765933322121
 40
0.7500000000000004
 40
0.8373234066677882
 40
0.9214964747757851
 40
1.0
 40
1.0
 40
1.0
 40
1.0
 10
528.1852568994012
 20
725.1460210423307
 30
0.0
 10
528.1734455464547
 20
725.3103666018378
 30
0.0
 10
528.1489698218995
 20
725.6509267954536
 30
0.0
 10
527.9461018602135
 20
726.1417484226656
 30
0.0
 10
527.6177942350189
 20
726.5780977111132
 30
0.0
 10
527.1808660921477
 20
726.9085572442364
 30
0.0
 10
526.6901894680436
 20
727.1038474122579
 30
0.0
 10
526.1852568994012
 20
727.1663729476935
 30
0.0
 10
525.6803243307587
 20
727.1038474122579
 30
0.0
 10
525.1896477066548
 20
726.9085572442364
 30
0.0
 10
524.7527195637834
 20
726.5780977111132
 30
0.0
 10
524.4244119385888
 20
726.1417484226656
 30
0.0
 10
524.2215439769029
 20
725.6509267954536
 30
0.0
 10
524.1970682523477
 20
725.3103666018379
 30
0.0
 10
524.1852568994011
 20
725.1460210423309
 30
0.0
  0
LINE
  5
1E8
330
1F
100
AcDbEntity
  8
0
  6
Continuous
 62
     7
370
    25
100
AcDbLine
 10
524.1852568994
 20
725.1460210423
 30
0.0
 11
524.1852568994
 21
709.1460210423
 31
0.0
  0
SPLINE
  5
1E9
330
1F
100
AcDbEntity
  8
0
  6
Continuous
 62
     7
370
    25
100
AcDbSpline
210
0.0
220
0.0
230
1.0
 70
     8
 71
     3
 72
    19
 73
    15
 74
     0
 42
0.00000001
 43
0.00000001
 40
0.0
 40
0.0
 40
0.0
 40
0.0
 40
0.0785035252242151
 40
0.162676593332212
 40
0.2499999999999998
 40
0.3373234066677874
 40
0.4214964747757878
 40
0.5000000000000009
 40
0.5785035252242159
 40
0.6626765933322131
 40
0.7500000000000018
 40
0.8373234066677898
 40
0.9214964747757857
 40
1.0
 40
1.0
 40
1.0
 40
1.0
 10
524.1852568994012
 20
709.1460210423309
 30
0.0
 10
524.1970682523477
 20
708.9816754828238
 30
0.0
 10
524.2215439769029
 20
708.641115289208
 30
0.0
 10
524.4244119385888
 20
708.1502936619959
 30
0.0
 10
524.7527195637834
 20
707.7139443735484
 30
0.0
 10
525.1896477066547
 20
707.3834848404252
 30
0.0
 10
525.6803243307587
 20
707.1881946724037
 30
0.0
 10
526.1852568994012
 20
707.1256691369681
 30
0.0
 10
526.6901894680436
 20
707.1881946724037
 30
0.0
 10
527.1808660921477
 20
707.3834848404252
 30
0.0
 10
527.6177942350189
 20
707.7139443735484
 30
0.0
 10
527.9461018602135
 20
708.1502936619959
 30
0.0
 10
528.1489698218995
 20
708.641115289208
 30
0.0
 10
528.1734455464547
 20
708.9816754828238
 30
0.0
 10
528.1852568994012
 20
709.1460210423309
 30
0.0
  0
LINE
  5
1EA
330
1F
100
AcDbEntity
  8
0
  6
Continuous
 62
     7
370
    25
100
AcDbLine
 10
530.1852568994
 20
741.1460210423
 30
0.0
 11
530.1852568994
 21
693.1460210423
 31
0.0
  0
LINE
  5
1EB
330
1F
100
AcDbEntity
  8
0
  6
Continuous
 62
     7
370
    25
100
AcDbLine
 10
522.1852568994
 20
741.1460210423
 30
0.0
 11
530.1852568994
 21
741.1460210423
 31
0.0
  0
SPLINE
  5
1EC
330
1F
100
AcDbEntity
  8
0
  6
Continuous
 62
     7
370
    25
100
AcDbSpline
210
0.0
220
0.0
230
1.0
 70
     8
 71
     3
 72
    15
 73
    11
 74
     0
 42
0.00000001
 43
0.00000001
 40
0.0
 40
0.0
 40
0.0
 40
0.0
 40
0.1200542337629286
 40
0.2500000000000024
 40
0.3799457662370726
 40
0.4999999999999964
 40
0.6200542337629276
 40
0.7500000000000038
 40
0.8799457662370752
 40
1.0
 40
1.0
 40
1.0
 40
1.0
 10
527.1852568994011
 20
709.1460210423371
 30
0.0
 10
527.1713658105576
 20
709.0204063598486
 30
0.0
 10
527.1424391154965
 20
708.7588273247925
 30
0.0
 10
526.9103993452509
 20
708.4189448943146
 30
0.0
 10
526.5728913534773
 20
708.1958385097751
 30
0.0
 10
526.1852568994012
 20
708.1220978508121
 30
0.0
 10
525.797622445325
 20
708.1958385097751
 30
0.0
 10
525.4601144535513
 20
708.4189448943146
 30
0.0
 10
525.2280746833057
 20
708.7588273247925
 30
0.0
 10
525.1991479882446
 20
709.0204063598486
 30
0.0
 10
525.1852568994011
 20
709.1460210423371
 30
0.0
  0
LINE
  5
1ED
330
1F
100
AcDbEntity
  8
0
  6
Continuous
 62
     7
370
    25
100
AcDbLine
 10
527.1852568994
 20
725.1460210423
 30
0.0
 11
527.1852568994
 21
709.1460210423
 31
0.0
  0
SPLINE
  5
1EE
330
1F
100
AcDbEntity
  8
0
  6
Continuous
 62
     7
370
    25
100
AcDbSpline
210
0.0
220
0.0
230
1.0
 70
     8
 71
     3
 72
    15
 73
    11
 74
     0
 42
0.00000001
 43
0.00000001
 40
0.0
 40
0.0
 40
0.0
 40
0.0
 40
0.1200542337629265
 40
0.2499999999999978
 40
0.3799457662370704
 40
0.5000000000000044
 40
0.6200542337629288
 40
0.7499999999999963
 40
0.879945766237072
 40
1.0
 40
1.0
 40
1.0
 40
1.0
 10
525.1852568994011
 20
725.1460210423371
 30
0.0
 10
525.1991479882446
 20
725.2716357248256
 30
0.0
 10
525.2280746833057
 20
725.533214759882
 30
0.0
 10
525.4601144535513
 20
725.8730971903598
 30
0.0
 10
525.797622445325
 20
726.0962035748994
 30
0.0
 10
526.1852568994011
 20
726.1699442338622
 30
0.0
 10
526.5728913534773
 20
726.0962035748993
 30
0.0
 10
526.9103993452509
 20
725.8730971903598
 30
0.0
 10
527.1424391154965
 20
725.533214759882
 30
0.0
 10
527.1713658105576
 20
725.2716357248256
 30
0.0
 10
527.1852568994011
 20
725.1460210423371
 30
0.0
  0
LINE
  5
1EF
330
1F
100
AcDbEntity
  8
0
  6
Continuous
 62
     7
370
    25
100
AcDbLine
 10
525.1852568994
 20
709.1460210423
 30
0.0
 11
525.1852568994
 21
725.1460210423
 31
0.0
  0
LINE
  5
1F0
330
1F
100
AcDbEntity
  8
0
  6
Continuous
 62
     7
370
    25
100
AcDbLine
 10
585.6852568994
 20
693.1460210423
 30
0.0
 11
577.6852568994
 21
693.1460210423
 31
0.0
  0
LINE
  5
1F1
330
1F
100
AcDbEntity
  8
0
  6
Continuous
 62
     7
370
    25
100
AcDbLine
 10
577.6852568994
 20
741.1460210423
 30
0.0
 11
577.6852568994
 21
693.1460210423
 31
0.0
  0
LINE
  5
1F2
330
1F
100
AcDbEntity
  8
0
  6
Continuous
 62
     7
370
    25
100
AcDbLine
 10
577.6852568994
 20
741.1460210423
 30
0.0
 11
585.6852568994
 21
741.1460210423
 31
0.0
  0
LINE
  5
1F3
330
1F
100
AcDbEntity
  8
0
  6
Continuous
 62
     7
370
    25
100
AcDbLine
 10
585.6852568994
 20
741.1460210423
 30
0.0
 11
585.6852568994
 21
693.1460210423
 31
0.0
  0
LINE
  5
1F4
330
1F
100
AcDbEntity
  8
0
  6
Continuous
 62
     7
370
    25
100
AcDbLine
 10
641.1852568994
 20
685.5460210423
 30
0.0
 11
640.7852568994
 21
685.1460210423
 31
0.0
  0
LINE
  5
1F5
330
1F
100
AcDbEntity
  8
0
  6
Continuous
 62
     7
370
    25
100
AcDbLine
 10
522.5852568994
 20
685.1460210423
 30
0.0
 11
640.7852568994
 21
685.1460210423
 31
0.0
  0
LINE
  5
1F6
330
1F
100
AcDbEntity
  8
0
  6
Continuous
 62
     7
370
    25
100
AcDbLine
 10
522.5852568994
 20
685.1460210423
 30
0.0
 11
522.1852568994
 21
685.5460210423
 31
0.0
  0
LINE
  5
1F7
330
1F
100
AcDbEntity
  8
0
  6
Continuous
 62
     7
370
    25
100
AcDbLine
 10
641.1852568994
 20
693.1460210423
 30
0.0
 11
522.1852568994
 21
693.1460210423
 31
0.0
  0
SPLINE
  5
1F8
330
1F
100
AcDbEntity
  8
0
  6
Continuous
 62
     7
370
    25
100
AcDbSpline
210
0.0
220
0.0
230
1.0
 70
     8
 71
     3
 72
    15
 73
    11
 74
     0
 42
0.00000001
 43
0.00000001
 40
0.0
 40
0.0
 40
0.0
 40
0.0
 40
0.0971189964362091
 40
0.23490887426259
 40
0.3726987520889727
 40
0.4999999999999982
 40
0.6273012479110237
 40
0.7650911257374063
 40
0.902881003563791
 40
1.0
 40
1.0
 40
1.0
 40
1.0
 10
638.3905339808875
 20
680.8015141172674
 30
0.0
 10
638.3968844842586
 20
680.8540620107296
 30
0.0
 10
638.4122449147887
 20
680.9811634733791
 30
0.0
 10
638.5332354248322
 20
681.1531936590893
 30
0.0
 10
638.7180231025467
 20
681.2761702454862
 30
0.0
 10
638.9313782895355
 20
681.3166451075658
 30
0.0
 10
639.1447334765245
 20
681.2761702454862
 30
0.0
 10
639.3295211542389
 20
681.1531936590893
 30
0.0
 10
639.4505116642823
 20
680.9811634733791
 30
0.0
 10
639.4658720948124
 20
680.8540620107296
 30
0.0
 10
639.4722225981836
 20
680.8015141172674
 30
0.0
  0
LINE
  5
1F9
330
1F
100
AcDbEntity
  8
0
  6
Continuous
 62
     7
370
    25
100
AcDbLine
 10
640.3052146502
 20
681.3335141173
 30
0.0
 11
640.0571389761
 21
680.8015141173
 31
0.0
  0
LINE
  5
1FA
330
1F
100
AcDbEntity
  8
0
  6
Continuous
 62
     7
370
    25
100
AcDbLine
 10
638.1269475341
 20
680.8015141173
 30
0.0
 11
638.1130400487
 21
681.0288994943
 31
0.0
  0
LINE
  5
1FB
330
1F
100
AcDbEntity
  8
0
  6
Continuous
 62
     7
370
    25
100
AcDbLine
 10
638.1130400487
 20
681.0288994943
 30
0.0
 11
638.1119209277
 21
681.0655285593
 31
0.0
  0
SPLINE
  5
1FC
330
1F
100
AcDbEntity
  8
0
  6
Continuous
 62
     7
370
    25
100
AcDbSpline
210
0.0
220
0.0
230
1.0
 70
     8
 71
     3
 72
    10
 73
     6
 74
     0
 42
0.00000001
 43
0.00000001
 40
0.0
 40
0.0
 40
0.0
 40
0.0
 40
0.4219502107365203
 40
0.8439004214730275
 40
1.0
 40
1.0
 40
1.0
 40
1.0
 10
638.1119209277286
 20
681.0655285593061
 30
0.0
 10
638.1144030621449
 20
681.1046638077725
 30
0.0
 10
638.1193673309776
 20
681.1829343047049
 30
0.0
 10
638.1446001048289
 20
681.2740165560633
 30
0.0
 10
638.170981216633
 20
681.3208633616649
 30
0.0
 10
638.1781053095921
 20
681.3335141172669
 30
0.0
  0
LINE
  5
1FD
330
1F
100
AcDbEntity
  8
0
  6
Continuous
 62
     7
370
    25
100
AcDbLine
 10
642.6084436232
 20
681.3335141173
 30
0.0
 11
642.6586231631
 21
681.2497860069
 31
0.0
  0
SPLINE
  5
1FE
330
1F
100
AcDbEntity
  8
0
  6
Continuous
 62
     7
370
    25
100
AcDbSpline
210
0.0
220
0.0
230
1.0
 70
     8
 71
     3
 72
    11
 73
     7
 74
     0
 42
0.00000001
 43
0.00000001
 40
0.0
 40
0.0
 40
0.0
 40
0.0
 40
0.2499999999999997
 40
0.4999999999999958
 40
0.7499999999999941
 40
1.0
 40
1.0
 40
1.0
 40
1.0
 10
642.6586231631386
 20
681.2497860069369
 30
0.0
 10
642.6861595010336
 20
681.2103008791729
 30
0.0
 10
642.7412321768236
 20
681.131330623645
 30
0.0
 10
642.8565487528614
 20
681.0426908615846
 30
0.0
 10
642.9877376166964
 20
680.9798863861636
 30
0.0
 10
643.08307281878
 20
680.9664513528367
 30
0.0
 10
643.1307404198218
 20
680.9597338361731
 30
0.0
  0
LINE
  5
1FF
330
1F
100
AcDbEntity
  8
0
  6
Continuous
 62
     7
370
    25
100
AcDbLine
 10
643.1307404198
 20
680.9597338362
 30
0.0
 11
643.8590255003
 21
680.907975625
 31
0.0
  0
LINE
  5
200
330
1F
100
AcDbEntity
  8
0
  6
Continuous
 62
     7
370
    25
100
AcDbLine
 10
643.8590255003
 20
680.907975625
 30
0.0
 11
644.0064263872
 21
680.8683001276
 31
0.0
  0
LINE
  5
201
330
1F
100
AcDbEntity
  8
0
  6
Continuous
 62
     7
370
    25
100
AcDbLine
 10
644.0064263872
 20
680.8683001276
 30
0.0
 11
644.1429640617
 21
680.8015141173
 31
0.0
  0
LINE
  5
202
330
1F
100
AcDbEntity
  8
0
  6
Continuous
 62
     7
370
    25
100
AcDbLine
 10
645.5171996619
 20
680.8101819297
 30
0.0
 11
645.6391636614
 21
680.8015141173
 31
0.0
  0
LINE
  5
203
330
1F
100
AcDbEntity
  8
0
  6
Continuous
 62
     7
370
    25
100
AcDbLine
 10
641.843141176
 20
680.8015141173
 30
0.0
 11
641.729444605
 21
680.9744367683
 31
0.0
  0
SPLINE
  5
204
330
1F
100
AcDbEntity
  8
0
  6
Continuous
 62
     7
370
    25
100
AcDbSpline
210
0.0
220
0.0
230
1.0
 70
     8
 71
     3
 72
    11
 73
     7
 74
     0
 42
0.00000001
 43
0.00000001
 40
0.0
 40
0.0
 40
0.0
 40
0.0
 40
0.2499999999999873
 40
0.4999999999999948
 40
0.75
 40
1.0
 40
1.0
 40
1.0
 40
1.0
 10
641.7294446049824
 20
680.9744367682896
 30
0.0
 10
641.7073488039276
 20
681.0044269275057
 30
0.0
 10
641.6631572018182
 20
681.064407245938
 30
0.0
 10
641.5771564205684
 20
681.13651372213
 30
0.0
 10
641.4807180090565
 20
681.1939167801448
 30
0.0
 10
641.4095179361682
 20
681.2158504509938
 30
0.0
 10
641.3739178997239
 20
681.2268172864182
 30
0.0
  0
LINE
  5
205
330
1F
100
AcDbEntity
  8
0
  6
Continuous
 62
     7
370
    25
100
AcDbLine
 10
641.3739178997
 20
681.2268172864
 30
0.0
 11
640.9480421701
 21
681.3335141173
 31
0.0
  0
SPLINE
  5
206
330
1F
100
AcDbEntity
  8
0
  6
Continuous
 62
     7
370
    25
100
AcDbSpline
210
0.0
220
0.0
230
1.0
 70
     8
 71
     3
 72
    15
 73
    11
 74
     0
 42
0.00000001
 43
0.00000001
 40
0.0
 40
0.0
 40
0.0
 40
0.0
 40
0.0971189964362118
 40
0.2349088742625955
 40
0.3726987520889773
 40
0.5000000000000018
 40
0.6273012479110264
 40
0.7650911257374082
 40
0.9028810035637881
 40
1.0
 40
1.0
 40
1.0
 40
1.0
 10
523.8982912004324
 20
680.8015141172674
 30
0.0
 10
523.9046417038036
 20
680.8540620107296
 30
0.0
 10
523.9200021343338
 20
680.9811634733791
 30
0.0
 10
524.0409926443771
 20
681.1531936590893
 30
0.0
 10
524.2257803220915
 20
681.2761702454862
 30
0.0
 10
524.4391355090805
 20
681.3166451075657
 30
0.0
 10
524.6524906960694
 20
681.2761702454862
 30
0.0
 10
524.8372783737839
 20
681.1531936590893
 30
0.0
 10
524.9582688838273
 20
680.9811634733791
 30
0.0
 10
524.9736293143575
 20
680.8540620107296
 30
0.0
 10
524.9799798177285
 20
680.8015141172674
 30
0.0
  0
SPLINE
  5
207
330
1F
100
AcDbEntity
  8
0
  6
Continuous
 62
     7
370
    25
100
AcDbSpline
210
0.0
220
0.0
230
1.0
 70
     8
 71
     3
 72
    10
 73
     6
 74
     0
 42
0.00000001
 43
0.00000001
 40
0.0
 40
0.0
 40
0.0
 40
0.0
 40
0.4016251400175339
 40
0.8032502800350905
 40
1.0
 40
1.0
 40
1.0
 40
1.0
 10
525.2574737499403
 20
681.0288994943269
 30
0.0
 10
525.2572283823516
 20
681.0711782079364
 30
0.0
 10
525.2567376471744
 20
681.1557356351555
 30
0.0
 10
525.2315756954771
 20
681.2598744997202
 30
0.0
 10
525.2015435480355
 20
681.3152923511487
 30
0.0
 10
525.191668773886
 20
681.3335141172669
 30
0.0
  0
LINE
  5
208
330
1F
100
AcDbEntity
  8
0
  6
Continuous
 62
     7
370
    25
100
AcDbLine
 10
525.2435662645
 20
680.8015141173
 30
0.0
 11
525.2574737499
 21
681.0288994943
 31
0.0
  0
LINE
  5
209
330
1F
100
AcDbEntity
  8
0
  6
Continuous
 62
     7
370
    25
100
AcDbLine
 10
523.0652991484
 20
681.3335141173
 30
0.0
 11
523.3133748225
 21
680.8015141173
 31
0.0
  0
LINE
  5
20A
330
1F
100
AcDbEntity
  8
0
  6
Continuous
 62
     7
370
    25
100
AcDbLine
 10
521.5273726226
 20
680.8015141173
 30
0.0
 11
521.6410691936
 21
680.9744367683
 31
0.0
  0
LINE
  5
20B
330
1F
100
AcDbEntity
  8
0
  6
Continuous
 62
     7
370
    25
100
AcDbLine
 10
517.8533141368
 20
680.8101819297
 30
0.0
 11
517.7313501372
 21
680.8015141173
 31
0.0
  0
LINE
  5
20C
330
1F
100
AcDbEntity
  8
0
  6
Continuous
 62
     7
370
    25
100
AcDbLine
 10
519.3640874114
 20
680.8683001276
 30
0.0
 11
519.2275497369
 21
680.8015141173
 31
0.0
  0
LINE
  5
20D
330
1F
100
AcDbEntity
  8
0
  6
Continuous
 62
     7
370
    25
100
AcDbLine
 10
519.5114882983
 20
680.907975625
 30
0.0
 11
519.3640874114
 21
680.8683001276
 31
0.0
  0
LINE
  5
20E
330
1F
100
AcDbEntity
  8
0
  6
Continuous
 62
     7
370
    25
100
AcDbLine
 10
520.2397733788
 20
680.9597338362
 30
0.0
 11
519.5114882983
 21
680.907975625
 31
0.0
  0
SPLINE
  5
20F
330
1F
100
AcDbEntity
  8
0
  6
Continuous
 62
     7
370
    25
100
AcDbSpline
210
0.0
220
0.0
230
1.0
 70
     8
 71
     3
 72
    11
 73
     7
 74
     0
 42
0.00000001
 43
0.00000001
 40
0.0
 40
0.0
 40
0.0
 40
0.0
 40
0.2500000000000017
 40
0.4999999999999957
 40
0.7499999999999961
 40
0.9999999999999999
 40
0.9999999999999999
 40
0.9999999999999999
 40
0.9999999999999999
 10
520.7118906354756
 20
681.2497860069369
 30
0.0
 10
520.6843542975806
 20
681.2103008791729
 30
0.0
 10
520.6292816217908
 20
681.131330623645
 30
0.0
 10
520.5139650457529
 20
681.0426908615846
 30
0.0
 10
520.3827761819178
 20
680.9798863861635
 30
0.0
 10
520.2874409798343
 20
680.9664513528367
 30
0.0
 10
520.2397733787925
 20
680.9597338361731
 30
0.0
  0
LINE
  5
210
330
1F
100
AcDbEntity
  8
0
  6
Continuous
 62
     7
370
    25
100
AcDbLine
 10
520.7620701754
 20
681.3335141173
 30
0.0
 11
520.7118906355
 21
681.2497860069
 31
0.0
  0
LINE
  5
211
330
1F
100
AcDbEntity
  8
0
  6
Continuous
 62
     7
370
    25
100
AcDbLine
 10
521.9965958989
 20
681.2268172864
 30
0.0
 11
522.4224716285
 21
681.3335141173
 31
0.0
  0
SPLINE
  5
212
330
1F
100
AcDbEntity
  8
0
  6
Continuous
 62
     7
370
    25
100
AcDbSpline
210
0.0
220
0.0
230
1.0
 70
     8
 71
     3
 72
    11
 73
     7
 74
     0
 42
0.00000001
 43
0.00000001
 40
0.0
 40
0.0
 40
0.0
 40
0.0
 40
0.2499999999999873
 40
0.4999999999999948
 40
0.75
 40
1.0
 40
1.0
 40
1.0
 40
1.0
 10
521.641069193632
 20
680.9744367682896
 30
0.0
 10
521.6631649946867
 20
681.0044269275057
 30
0.0
 10
521.707356596796
 20
681.064407245938
 30
0.0
 10
521.7933573780459
 20
681.13651372213
 30
0.0
 10
521.8897957895576
 20
681.1939167801448
 30
0.0
 10
521.9609958624461
 20
681.2158504509938
 30
0.0
 10
521.9965958988904
 20
681.2268172864182
 30
0.0
  0
LINE
  5
213
330
1F
100
AcDbEntity
  8
0
  6
Continuous
 62
     7
370
    25
100
AcDbLine
 10
843.63995483
 20
455.0448029953
 30
0.0
 11
843.7300751187
 21
455.2547302995
 31
0.0
  0
LINE
  5
214
330
1F
100
AcDbEntity
  8
0
  6
Continuous
 62
     7
370
    25
100
AcDbLine
 10
844.2935635927
 20
455.7513767725
 30
0.0
 11
844.610257186
 21
455.8028446506
 31
0.0
  0
SPLINE
  5
215
330
1F
100
AcDbEntity
  8
0
  6
Continuous
 62
     7
370
    25
100
AcDbSpline
210
0.0
220
0.0
230
1.0
 70
     8
 71
     3
 72
     9
 73
     5
 74
     0
 42
0.00000001
 43
0.00000001
 40
0.0
 40
0.0
 40
0.0
 40
0.0
 40
0.9998987254456735
 40
1.0
 40
1.0
 40
1.0
 40
1.0
 10
844.610257778842
 20
457.2181230058323
 30
0.0
 10
844.4990366613789
 20
457.2185636609489
 30
0.0
 10
844.387804278906
 20
457.2190043606971
 30
0.0
 10
844.2935735594932
 20
457.2695912348724
 30
0.0
 10
844.293564016319
 20
457.2695963580354
 30
0.0
  0
LINE
  5
216
330
1F
100
AcDbEntity
  8
0
  6
Continuous
 62
     7
370
    25
100
AcDbLine
 10
843.7300751182
 20
457.7662429011
 30
0.0
 11
843.6399791943
 21
457.976051738
 31
0.0
  0
LINE
  5
217
330
1F
100
AcDbEntity
  8
0
  6
Continuous
 62
     7
370
    25
100
AcDbLine
 10
846.0158879052
 20
458.2604865999
 30
0.0
 11
845.6158879052
 21
458.2604865999
 31
0.0
  0
LINE
  5
218
330
1F
100
AcDbEntity
  8
0
  6
Continuous
 62
     7
370
    25
100
AcDbLine
 10
845.6158879052
 20
454.7604865999
 30
0.0
 11
846.0158879052
 21
454.7604865999
 31
0.0
  0
ARC
  5
219
330
1F
100
AcDbEntity
  8
0
  6
Continuous
 62
     7
370
    25
100
AcDbCircle
 10
844.6158879052
 20
458.2181270821
 30
0.0
 40
1.000000000000128
100
AcDbArc
 50
269.9802690385
 51
0.0
  0
ARC
  5
21A
330
1F
100
AcDbEntity
  8
0
  6
Continuous
 62
     7
370
    25
100
AcDbCircle
 10
844.6158879052
 20
454.8028461177
 30
0.0
 40
1.000000000000114
100
AcDbArc
 50
0.0
 51
89.9802690385
  0
SPLINE
  5
21B
330
1F
100
AcDbEntity
  8
0
  6
Continuous
 62
     7
370
    25
100
AcDbSpline
210
0.0
220
0.0
230
1.0
 70
     8
 71
     3
 72
    11
 73
     7
 74
     0
 42
0.00000001
 43
0.00000001
 40
0.0
 40
0.0
 40
0.0
 40
0.0
 40
0.242998735997787
 40
0.4999978989096146
 40
0.7569982392095176
 40
1.0
 40
1.0
 40
1.0
 40
1.0
 10
843.6399791942565
 20
455.0449214614104
 30
0.0
 10
843.6757822163468
 20
455.1467690876604
 30
0.0
 10
843.7494510597104
 20
455.3563323140898
 30
0.0
 10
843.9839104194396
 20
455.6046523089166
 30
0.0
 10
844.2816049461778
 20
455.7720227881211
 30
0.0
 10
844.5027708314336
 20
455.7927679932201
 30
0.0
 10
844.610257778842
 20
455.8028501935869
 30
0.0
  0
SPLINE
  5
21C
330
1F
100
AcDbEntity
  8
0
  6
Continuous
 62
     7
370
    25
100
AcDbSpline
210
0.0
220
0.0
230
1.0
 70
     8
 71
     3
 72
    11
 73
     7
 74
     0
 42
0.00000001
 43
0.00000001
 40
0.0
 40
0.0
 40
0.0
 40
0.0
 40
0.2430037667003447
 40
0.5000062168582717
 40
0.7570052951721641
 40
1.0
 40
1.0
 40
1.0
 40
1.0
 10
844.6102571859561
 20
457.2181285488076
 30
0.0
 10
844.502760191513
 20
457.2282127222682
 30
0.0
 10
844.2815736385426
 20
457.2489619867371
 30
0.0
 10
843.9838594572187
 20
457.416363601877
 30
0.0
 10
843.7494003784057
 20
457.6647240291264
 30
0.0
 10
843.6757490437243
 20
457.8743115985314
 30
0.0
 10
843.6399548300071
 20
457.9761702041388
 30
0.0
  0
LINE
  5
21D
330
1F
100
AcDbEntity
  8
0
  6
Continuous
 62
     7
370
    25
100
AcDbLine
 10
852.6678879052
 20
349.0304865996
 30
0.0
 11
852.6678879052
 21
349.0344865996
 31
0.0
  0
LINE
  5
21E
330
1F
100
AcDbEntity
  8
0
  6
Continuous
 62
     7
370
    25
100
AcDbLine
 10
852.6678879052
 20
349.0344865996
 30
0.0
 11
852.6447938945
 21
349.0744865995
 31
0.0
  0
LINE
  5
21F
330
1F
100
AcDbEntity
  8
0
  6
Continuous
 62
     7
370
    25
100
AcDbLine
 10
852.4255620567
 20
564.1704865995
 30
0.0
 11
852.4255620567
 21
564.6704865995
 31
0.0
  0
ARC
  5
220
330
1F
100
AcDbEntity
  8
0
  6
Continuous
 62
     7
370
    25
100
AcDbCircle
 10
852.8778879052
 20
564.9964865996
 30
0.0
 40
0.0400000000000468
100
AcDbArc
 50
0.0170173071
 51
90.0
  0
ARC
  5
221
330
1F
100
AcDbEntity
  8
0
  6
Continuous
 62
     7
370
    25
100
AcDbCircle
 10
852.8778879052
 20
564.9964865996
 30
0.0
 40
0.040000000000078
100
AcDbArc
 50
310.3791170657
 51
0.0170173071
  0
LINE
  5
222
330
1F
100
AcDbEntity
  8
0
  6
Continuous
 62
     7
370
    25
100
AcDbLine
 10
852.6678879052
 20
563.9864865996
 30
0.0
 11
852.6678879052
 21
564.1704865996
 31
0.0
  0
LINE
  5
223
330
1F
100
AcDbEntity
  8
0
  6
Continuous
 62
     7
370
    25
100
AcDbLine
 10
852.6447938945
 20
563.9464865996
 30
0.0
 11
852.6678879052
 21
563.9864865996
 31
0.0
  0
ARC
  5
224
330
1F
100
AcDbEntity
  8
0
  6
Continuous
 62
     7
370
    25
100
AcDbCircle
 10
852.8778879052
 20
565.0004865996
 30
0.0
 40
0.0400000000000468
100
AcDbArc
 50
0.0170173071
 51
90.0
  0
LINE
  5
225
330
1F
100
AcDbEntity
  8
0
  6
Continuous
 62
     7
370
    25
100
AcDbLine
 10
852.4255620567
 20
348.3504865995
 30
0.0
 11
852.4255620567
 21
348.8504865995
 31
0.0
  0
ARC
  5
226
330
1F
100
AcDbEntity
  8
0
  6
Continuous
 62
     7
370
    25
100
AcDbCircle
 10
852.8778879052
 20
348.0204865996
 30
0.0
 40
0.0400000000000205
100
AcDbArc
 50
270.0
 51
0.0170173072
  0
LINE
  5
227
330
1F
100
AcDbEntity
  8
0
  6
Continuous
 62
     7
370
    25
100
AcDbLine
 10
852.6678879052
 20
348.8504865996
 30
0.0
 11
852.6678879052
 21
349.0304865996
 31
0.0
  0
LINE
  5
228
330
1F
100
AcDbEntity
  8
0
  6
Continuous
 62
     7
370
    25
100
AcDbLine
 10
852.6678879052
 20
349.0304865996
 30
0.0
 11
852.6447938945
 21
349.0704865996
 31
0.0
  0
LINE
  5
229
330
1F
100
AcDbEntity
  8
0
  6
Continuous
 62
     7
370
    25
100
AcDbLine
 10
915.9478879052
 20
561.5104865996
 30
0.0
 11
915.9478879052
 21
351.5104865996
 31
0.0
  0
LINE
  5
22A
330
1F
100
AcDbEntity
  8
0
  6
Continuous
 62
     7
370
    25
100
AcDbLine
 10
918.3478879052
 20
561.5104865996
 30
0.0
 11
918.3478879052
 21
351.5104865996
 31
0.0
  0
LINE
  5
22B
330
1F
100
AcDbEntity
  8
0
  6
Continuous
 62
     7
370
    25
100
AcDbLine
 10
913.5478879052
 20
561.5104865996
 30
0.0
 11
913.5478879052
 21
351.5104865996
 31
0.0
  0
LINE
  5
22C
330
1F
100
AcDbEntity
  8
0
  6
Continuous
 62
     7
370
    25
100
AcDbLine
 10
911.1478879052
 20
561.5104865996
 30
0.0
 11
911.1478879052
 21
351.5104865996
 31
0.0
  0
LINE
  5
22D
330
1F
100
AcDbEntity
  8
0
  6
Continuous
 62
     7
370
    25
100
AcDbLine
 10
908.7478879052
 20
561.5104865996
 30
0.0
 11
908.7478879052
 21
351.5104865996
 31
0.0
  0
LINE
  5
22E
330
1F
100
AcDbEntity
  8
0
  6
Continuous
 62
     7
370
    25
100
AcDbLine
 10
903.9478879052
 20
561.5104865996
 30
0.0
 11
903.9478879052
 21
351.5104865996
 31
0.0
  0
LINE
  5
22F
330
1F
100
AcDbEntity
  8
0
  6
Continuous
 62
     7
370
    25
100
AcDbLine
 10
906.3478879052
 20
561.5104865996
 30
0.0
 11
906.3478879052
 21
351.5104865996
 31
0.0
  0
LINE
  5
230
330
1F
100
AcDbEntity
  8
0
  6
Continuous
 62
     7
370
    25
100
AcDbLine
 10
901.5478879052
 20
561.5104865996
 30
0.0
 11
901.5478879052
 21
351.5104865996
 31
0.0
  0
LINE
  5
231
330
1F
100
AcDbEntity
  8
0
  6
Continuous
 62
     7
370
    25
100
AcDbLine
 10
899.1478879052
 20
561.5104865996
 30
0.0
 11
899.1478879052
 21
351.5104865996
 31
0.0
  0
LINE
  5
232
330
1F
100
AcDbEntity
  8
0
  6
Continuous
 62
     7
370
    25
100
AcDbLine
 10
896.7478879052
 20
561.5104865996
 30
0.0
 11
896.7478879052
 21
351.5104865996
 31
0.0
  0
LINE
  5
233
330
1F
100
AcDbEntity
  8
0
  6
Continuous
 62
     7
370
    25
100
AcDbLine
 10
894.3478879052
 20
561.5104865996
 30
0.0
 11
894.3478879052
 21
351.5104865996
 31
0.0
  0
LINE
  5
234
330
1F
100
AcDbEntity
  8
0
  6
Continuous
 62
     7
370
    25
100
AcDbLine
 10
891.9478879052
 20
561.5104865996
 30
0.0
 11
891.9478879052
 21
351.5104865996
 31
0.0
  0
LINE
  5
235
330
1F
100
AcDbEntity
  8
0
  6
Continuous
 62
     7
370
    25
100
AcDbLine
 10
889.5478879052
 20
561.5104865996
 30
0.0
 11
889.5478879052
 21
351.5104865996
 31
0.0
  0
LINE
  5
236
330
1F
100
AcDbEntity
  8
0
  6
Continuous
 62
     7
370
    25
100
AcDbLine
 10
884.7478879052
 20
561.5104865996
 30
0.0
 11
884.7478879052
 21
351.5104865996
 31
0.0
  0
LINE
  5
237
330
1F
100
AcDbEntity
  8
0
  6
Continuous
 62
     7
370
    25
100
AcDbLine
 10
887.1478879052
 20
561.5104865996
 30
0.0
 11
887.1478879052
 21
351.5104865996
 31
0.0
  0
LINE
  5
238
330
1F
100
AcDbEntity
  8
0
  6
Continuous
 62
     7
370
    25
100
AcDbLine
 10
882.3478879052
 20
561.5104865996
 30
0.0
 11
882.3478879052
 21
351.5104865996
 31
0.0
  0
LINE
  5
239
330
1F
100
AcDbEntity
  8
0
  6
Continuous
 62
     7
370
    25
100
AcDbLine
 10
879.9478879052
 20
561.5104865996
 30
0.0
 11
879.9478879052
 21
351.5104865996
 31
0.0
  0
LINE
  5
23A
330
1F
100
AcDbEntity
  8
0
  6
Continuous
 62
     7
370
    25
100
AcDbLine
 10
877.5478879052
 20
561.5104865996
 30
0.0
 11
877.5478879052
 21
351.5104865996
 31
0.0
  0
LINE
  5
23B
330
1F
100
AcDbEntity
  8
0
  6
Continuous
 62
     7
370
    25
100
AcDbLine
 10
875.1478879052
 20
561.5104865996
 30
0.0
 11
875.1478879052
 21
351.5104865996
 31
0.0
  0
LINE
  5
23C
330
1F
100
AcDbEntity
  8
0
  6
Continuous
 62
     7
370
    25
100
AcDbLine
 10
872.7478879052
 20
561.5104865996
 30
0.0
 11
872.7478879052
 21
351.5104865996
 31
0.0
  0
LINE
  5
23D
330
1F
100
AcDbEntity
  8
0
  6
Continuous
 62
     7
370
    25
100
AcDbLine
 10
870.3478879052
 20
561.5104865996
 30
0.0
 11
870.3478879052
 21
351.5104865996
 31
0.0
  0
LINE
  5
23E
330
1F
100
AcDbEntity
  8
0
  6
Continuous
 62
     7
370
    25
100
AcDbLine
 10
865.5478879052
 20
561.5104865996
 30
0.0
 11
865.5478879052
 21
351.5104865996
 31
0.0
  0
LINE
  5
23F
330
1F
100
AcDbEntity
  8
0
  6
Continuous
 62
     7
370
    25
100
AcDbLine
 10
867.9478879052
 20
561.5104865996
 30
0.0
 11
867.9478879052
 21
351.5104865996
 31
0.0
  0
LINE
  5
240
330
1F
100
AcDbEntity
  8
0
  6
Continuous
 62
     7
370
    25
100
AcDbLine
 10
863.1478879052
 20
561.5104865996
 30
0.0
 11
863.1478879052
 21
351.5104865996
 31
0.0
  0
LINE
  5
241
330
1F
100
AcDbEntity
  8
0
  6
Continuous
 62
     7
370
    25
100
AcDbLine
 10
860.9478879053
 20
351.5104865996
 30
0.0
 11
860.9478879053
 21
343.5104865996
 31
0.0
  0
LINE
  5
242
330
1F
100
AcDbEntity
  8
0
  6
Continuous
 62
     7
370
    25
100
AcDbLine
 10
918.9478879053
 20
343.5104865996
 30
0.0
 11
918.9478879053
 21
351.5104865996
 31
0.0
  0
LINE
  5
243
330
1F
100
AcDbEntity
  8
0
  6
Continuous
 62
     7
370
    25
100
AcDbLine
 10
860.9478879053
 20
343.5104865996
 30
0.0
 11
918.9478879053
 21
343.5104865996
 31
0.0
  0
LINE
  5
244
330
1F
100
AcDbEntity
  8
0
  6
Continuous
 62
     7
370
    25
100
AcDbLine
 10
918.9478879053
 20
351.5104865996
 30
0.0
 11
860.9478879053
 21
351.5104865996
 31
0.0
  0
LINE
  5
245
330
1F
100
AcDbEntity
  8
0
  6
Continuous
 62
     7
370
    25
100
AcDbLine
 10
918.9478879052
 20
569.5104865996
 30
0.0
 11
918.9478879052
 21
343.5104865996
 31
0.0
  0
LINE
  5
246
330
1F
100
AcDbEntity
  8
0
  6
Continuous
 62
     7
370
    25
100
AcDbLine
 10
918.9478879052
 20
343.5104865996
 30
0.0
 11
926.9478879052
 21
343.5104865996
 31
0.0
  0
LINE
  5
247
330
1F
100
AcDbEntity
  8
0
  6
Continuous
 62
     7
370
    25
100
AcDbLine
 10
926.9478879052
 20
569.5104865996
 30
0.0
 11
918.9478879052
 21
569.5104865996
 31
0.0
  0
LINE
  5
248
330
1F
100
AcDbEntity
  8
0
  6
Continuous
 62
     7
370
    25
100
AcDbLine
 10
926.9478879052
 20
343.5104865996
 30
0.0
 11
926.9478879052
 21
569.5104865996
 31
0.0
  0
LINE
  5
249
330
1F
100
AcDbEntity
  8
0
  6
Continuous
 62
     7
370
    25
100
AcDbLine
 10
860.9478879052
 20
569.5104865996
 30
0.0
 11
852.9478879053
 21
569.5104865996
 31
0.0
  0
LINE
  5
24A
330
1F
100
AcDbEntity
  8
0
  6
Continuous
 62
     7
370
    25
100
AcDbLine
 10
860.9478879053
 20
343.5104865996
 30
0.0
 11
860.9478879052
 21
569.5104865996
 31
0.0
  0
LINE
  5
24B
330
1F
100
AcDbEntity
  8
0
  6
Continuous
 62
     7
370
    25
100
AcDbLine
 10
852.9478879053
 20
343.5104865996
 30
0.0
 11
860.9478879053
 21
343.5104865996
 31
0.0
  0
LINE
  5
24C
330
1F
100
AcDbEntity
  8
0
  6
Continuous
 62
     7
370
    25
100
AcDbLine
 10
852.9478879053
 20
569.5104865996
 30
0.0
 11
852.9478879053
 21
343.5104865996
 31
0.0
  0
LINE
  5
24D
330
1F
100
AcDbEntity
  8
0
  6
Continuous
 62
     7
370
    25
100
AcDbLine
 10
918.9478879052
 20
561.5104865996
 30
0.0
 11
918.9478879052
 21
569.5104865996
 31
0.0
  0
LINE
  5
24E
330
1F
100
AcDbEntity
  8
0
  6
Continuous
 62
     7
370
    25
100
AcDbLine
 10
860.9478879052
 20
569.5104865996
 30
0.0
 11
860.9478879052
 21
561.5104865996
 31
0.0
  0
LINE
  5
24F
330
1F
100
AcDbEntity
  8
0
  6
Continuous
 62
     7
370
    25
100
AcDbLine
 10
918.9478879052
 20
569.5104865996
 30
0.0
 11
860.9478879052
 21
569.5104865996
 31
0.0
  0
LINE
  5
250
330
1F
100
AcDbEntity
  8
0
  6
Continuous
 62
     7
370
    25
100
AcDbLine
 10
860.9478879052
 20
561.5104865996
 30
0.0
 11
918.9478879052
 21
561.5104865996
 31
0.0
  0
LINE
  5
251
330
1F
100
AcDbEntity
  8
0
  6
Continuous
 62
     7
370
    25
100
AcDbLine
 10
846.0158879052
 20
567.5104865995
 30
0.0
 11
846.0158879052
 21
345.5104865995
 31
0.0
  0
LINE
  5
252
330
1F
100
AcDbEntity
  8
0
  6
Continuous
 62
     7
370
    25
100
AcDbLine
 10
852.4158879052
 20
567.5104865995
 30
0.0
 11
846.0158879052
 21
567.5104865995
 31
0.0
  0
LINE
  5
253
330
1F
100
AcDbEntity
  8
0
  6
Continuous
 62
     7
370
    25
100
AcDbLine
 10
852.4158879052
 20
345.5104865995
 30
0.0
 11
852.4158879052
 21
567.5104865995
 31
0.0
  0
LINE
  5
254
330
1F
100
AcDbEntity
  8
0
  6
Continuous
 62
     7
370
    25
100
AcDbLine
 10
846.0158879052
 20
345.5104865995
 30
0.0
 11
852.4158879052
 21
345.5104865995
 31
0.0
  0
SPLINE
  5
255
330
1F
100
AcDbEntity
  8
0
  6
Continuous
 62
     7
370
    25
100
AcDbSpline
210
0.0
220
0.0
230
1.0
 70
     8
 71
     3
 72
    12
 73
     8
 74
     0
 42
0.00000001
 43
0.00000001
 40
0.0
 40
0.0
 40
0.0
 40
0.0
 40
0.2197462096881706
 40
0.4313867020516983
 40
0.6253553500208319
 40
0.8253790878526063
 40
1.0
 40
1.0
 40
1.0
 40
1.0
 10
843.6399925218427
 20
455.0449576180252
 30
0.0
 10
843.5673124122208
 20
454.7965926878399
 30
0.0
 10
843.4246331239675
 20
454.3090241955779
 30
0.0
 10
843.07791312068
 20
453.6527246240576
 30
0.0
 10
842.6257833020152
 20
453.1010029003791
 30
0.0
 10
842.0649263118556
 20
452.6934309509369
 30
0.0
 10
841.6222283103025
 20
452.6368560270421
 30
0.0
 10
841.4158879052246
 20
452.6104865998643
 30
0.0
  0
SPLINE
  5
256
330
1F
100
AcDbEntity
  8
0
  6
Continuous
 62
     7
370
    25
100
AcDbSpline
210
0.0
220
0.0
230
1.0
 70
     8
 71
     3
 72
    23
 73
    19
 74
     0
 42
0.00000001
 43
0.00000001
 40
0.0
 40
0.0
 40
0.0
 40
0.0
 40
0.0319748234497439
 40
0.0692645636396602
 40
0.1139982245725614
 40
0.168604334939246
 40
0.235114217373619
 40
0.3141445866767927
 40
0.4039266767108544
 40
0.5000000000000043
 40
0.5960733232891605
 40
0.6858554133232106
 40
0.7648857826263913
 40
0.8313956650607564
 40
0.886001775427445
 40
0.9307354363603407
 40
0.968025176550256
 40
1.0
 40
1.0
 40
1.0
 40
1.0
 10
841.4158879052246
 20
452.6104865998643
 30
0.0
 10
841.3088820329007
 20
452.6173561742818
 30
0.0
 10
841.0770835660522
 20
452.6322371970081
 30
0.0
 10
840.7143755023823
 20
452.7641154845705
 30
0.0
 10
840.3266324595329
 20
453.010687834848
 30
0.0
 10
839.9346158579681
 20
453.4087700624341
 30
0.0
 10
839.5683163971441
 20
453.9728156792352
 30
0.0
 10
839.2649073395512
 20
454.7023619162685
 30
0.0
 10
839.0627809704362
 20
455.5676842846051
 30
0.0
 10
838.9916477040189
 20
456.5104865998642
 30
0.0
 10
839.062780970436
 20
457.4532889151234
 30
0.0
 10
839.2649073395512
 20
458.31861128346
 30
0.0
 10
839.568316397144
 20
459.0481575204934
 30
0.0
 10
839.934615857968
 20
459.6122031372943
 30
0.0
 10
840.3266324595327
 20
460.0102853648804
 30
0.0
 10
840.7143755023822
 20
460.2568577151578
 30
0.0
 10
841.0770835660521
 20
460.3887360027205
 30
0.0
 10
841.3088820329004
 20
460.4036170254466
 30
0.0
 10
841.4158879052244
 20
460.4104865998642
 30
0.0
  0
SPLINE
  5
257
330
1F
100
AcDbEntity
  8
0
  6
Continuous
 62
     7
370
    25
100
AcDbSpline
210
0.0
220
0.0
230
1.0
 70
     8
 71
     3
 72
    12
 73
     8
 74
     0
 42
0.00000001
 43
0.00000001
 40
0.0
 40
0.0
 40
0.0
 40
0.0
 40
0.1470411502208379
 40
0.3112200566641499
 40
0.4973755909611136
 40
0.7417443173023113
 40
1.0
 40
1.0
 40
1.0
 40
1.0
 10
841.4158879052244
 20
460.4104865998642
 30
0.0
 10
841.5895413072129
 20
460.3920745213233
 30
0.0
 10
841.9570875452941
 20
460.3531044226929
 30
0.0
 10
842.4739153534298
 20
460.0457872811543
 30
0.0
 10
842.9643428861601
 20
459.5420793666985
 30
0.0
 10
843.3822382658211
 20
458.8352176174105
 30
0.0
 10
843.5525063304178
 20
458.2676434094209
 30
0.0
 10
843.6399925218427
 20
457.9760155817033
 30
0.0
  0
SPLINE
  5
258
330
1F
100
AcDbEntity
  8
0
  6
Continuous
 62
     7
370
    25
100
AcDbSpline
210
0.0
220
0.0
230
1.0
 70
    24
 71
     3
 72
    13
 73
     9
 74
     0
 42
0.00000001
 43
0.00000001
 40
0.0
 40
0.0
 40
0.0
 40
0.0
 40
0.1570070504484345
 40
0.3253531866644313
 40
0.5000000000000188
 40
0.6746468133355857
 40
0.842992949551576
 40
1.0
 40
1.0
 40
1.0
 40
1.0
 10
845.6158879052246
 20
458.2604865998642
 30
0.0
 10
845.6158879052246
 20
458.2501516660352
 30
0.0
 10
845.6158879052244
 20
458.2287354070479
 30
0.0
 10
845.6158879052244
 20
458.0512259405704
 30
0.0
 10
845.6158879052244
 20
457.7639567685229
 30
0.0
 10
845.6158879052244
 20
457.381644643509
 30
0.0
 10
845.6158879052244
 20
456.9523025974171
 30
0.0
 10
845.6158879052246
 20
456.65429660176
 30
0.0
 10
845.6158879052246
 20
456.5104865998548
 30
0.0
  0
SPLINE
  5
259
330
1F
100
AcDbEntity
  8
0
  6
Continuous
 62
     7
370
    25
100
AcDbSpline
210
0.0
220
0.0
230
1.0
 70
    24
 71
     3
 72
    13
 73
     9
 74
     0
 42
0.00000001
 43
0.00000001
 40
0.0
 40
0.0
 40
0.0
 40
0.0
 40
0.1570070504484247
 40
0.3253531866644104
 40
0.4999999999999983
 40
0.6746468133355759
 40
0.8429929495515681
 40
1.0
 40
1.0
 40
1.0
 40
1.0
 10
845.6158879052246
 20
456.5104865998548
 30
0.0
 10
845.6158879052246
 20
456.3666765979497
 30
0.0
 10
845.6158879052244
 20
456.0686706022929
 30
0.0
 10
845.6158879052244
 20
455.6393285562028
 30
0.0
 10
845.6158879052244
 20
455.257016431192
 30
0.0
 10
845.6158879052244
 20
454.9697472591487
 30
0.0
 10
845.6158879052244
 20
454.7922377926758
 30
0.0
 10
845.6158879052246
 20
454.7708215336917
 30
0.0
 10
845.6158879052246
 20
454.7604865998642
 30
0.0
  0
LINE
  5
25A
330
1F
100
AcDbEntity
  8
0
  6
Continuous
 62
     7
370
    25
100
AcDbLine
 10
912.7603948302
 20
283.5104865996
 30
0.0
 11
912.7603948303
 21
343.5104865996
 31
0.0
  0
LINE
  5
25B
330
1F
100
AcDbEntity
  8
0
  6
Continuous
 62
     7
370
    25
100
AcDbLine
 10
920.7603948303
 20
343.5104865996
 30
0.0
 11
920.7603948302
 21
283.5104865996
 31
0.0
  0
LINE
  5
25C
330
1F
100
AcDbEntity
  8
0
  6
Continuous
 62
     7
370
    25
100
AcDbLine
 10
920.7603948302
 20
283.5104865996
 30
0.0
 11
912.7603948302
 21
283.5104865996
 31
0.0
  0
LINE
  5
25D
330
1F
100
AcDbEntity
  8
0
  6
Continuous
 62
     7
370
    25
100
AcDbLine
 10
864.7603948302
 20
283.5104865997
 30
0.0
 11
856.7603948302
 21
283.5104865997
 31
0.0
  0
LINE
  5
25E
330
1F
100
AcDbEntity
  8
0
  6
Continuous
 62
     7
370
    25
100
AcDbLine
 10
856.7603948303
 20
343.5104865997
 30
0.0
 11
856.7603948302
 21
283.5104865997
 31
0.0
  0
LINE
  5
25F
330
1F
100
AcDbEntity
  8
0
  6
Continuous
 62
     7
370
    25
100
AcDbLine
 10
864.7603948303
 20
343.5104865997
 30
0.0
 11
864.7603948302
 21
283.5104865997
 31
0.0
  0
LINE
  5
260
330
1F
100
AcDbEntity
  8
0
  6
Continuous
 62
     7
370
    25
100
AcDbLine
 10
912.7603948303
 20
335.5104865996
 30
0.0
 11
864.7603948303
 21
335.5104865997
 31
0.0
  0
LINE
  5
261
330
1F
100
AcDbEntity
  8
0
  6
Continuous
 62
     7
370
    25
100
AcDbLine
 10
864.7603948303
 20
335.5104865997
 30
0.0
 11
864.7603948303
 21
343.5104865997
 31
0.0
  0
LINE
  5
262
330
1F
100
AcDbEntity
  8
0
  6
Continuous
 62
     7
370
    25
100
AcDbLine
 10
912.7603948303
 20
343.5104865996
 30
0.0
 11
912.7603948303
 21
335.5104865996
 31
0.0
  0
SPLINE
  5
263
330
1F
100
AcDbEntity
  8
0
  6
Continuous
 62
     7
370
    25
100
AcDbSpline
210
0.0
220
0.0
230
1.0
 70
    24
 71
     3
 72
    11
 73
     7
 74
     0
 42
0.00000001
 43
0.00000001
 40
0.0
 40
0.0
 40
0.0
 40
0.0
 40
0.2819259881008007
 40
0.5638519762015893
 40
0.8457779643023899
 40
0.9999999999999999
 40
0.9999999999999999
 40
0.9999999999999999
 40
0.9999999999999999
 10
852.6447938944535
 20
349.074486599555
 30
0.0
 10
852.6406521218331
 20
349.074486599555
 30
0.0
 10
852.6323685765923
 20
349.074486599555
 30
0.0
 10
852.5680258857955
 20
349.074486599555
 30
0.0
 10
852.491311069364
 20
349.074486599555
 30
0.0
 10
852.4355906556012
 20
349.074486599555
 30
0.0
 10
852.4158879052242
 20
349.074486599555
 30
0.0
  0
LINE
  5
264
330
1F
100
AcDbEntity
  8
0
  6
Continuous
 62
     7
370
    25
100
AcDbLine
 10
852.4245557176
 20
564.6704865995
 30
0.0
 11
852.4158879052
 21
564.6704865995
 31
0.0
  0
LINE
  5
265
330
1F
100
AcDbEntity
  8
0
  6
Continuous
 62
     7
370
    25
100
AcDbLine
 10
852.4245557176
 20
564.1704865995
 30
0.0
 11
852.4158879052
 21
564.1704865995
 31
0.0
  0
LINE
  5
266
330
1F
100
AcDbEntity
  8
0
  6
Continuous
 62
     7
370
    25
100
AcDbLine
 10
852.4826739155
 20
564.6704865995
 30
0.0
 11
852.4255620567
 21
564.6704865995
 31
0.0
  0
LINE
  5
267
330
1F
100
AcDbEntity
  8
0
  6
Continuous
 62
     7
370
    25
100
AcDbLine
 10
852.4826739155
 20
564.1704865995
 30
0.0
 11
852.4255620567
 21
564.1704865995
 31
0.0
  0
LINE
  5
268
330
1F
100
AcDbEntity
  8
0
  6
Continuous
 62
     7
370
    25
100
AcDbLine
 10
852.522349413
 20
564.6704865995
 30
0.0
 11
852.4826739155
 21
564.6704865995
 31
0.0
  0
LINE
  5
269
330
1F
100
AcDbEntity
  8
0
  6
Continuous
 62
     7
370
    25
100
AcDbLine
 10
852.522349413
 20
564.1704865995
 30
0.0
 11
852.4826739155
 21
564.1704865995
 31
0.0
  0
SPLINE
  5
26A
330
1F
100
AcDbEntity
  8
0
  6
Continuous
 62
     7
370
    25
100
AcDbSpline
210
0.0
220
0.0
230
1.0
 70
    24
 71
     3
 72
    11
 73
     7
 74
     0
 42
0.00000001
 43
0.00000001
 40
0.0
 40
0.0
 40
0.0
 40
0.0
 40
0.2500000000000006
 40
0.5000000000000128
 40
0.7500000000000121
 40
1.0
 40
1.0
 40
1.0
 40
1.0
 10
852.8641597948944
 20
564.6704865995548
 30
0.0
 10
852.8246746671305
 20
564.6704865995546
 30
0.0
 10
852.7457044116024
 20
564.6704865995542
 30
0.0
 10
852.657064649542
 20
564.6704865995538
 30
0.0
 10
852.594260174121
 20
564.6704865995529
 30
0.0
 10
852.5808251407941
 20
564.6704865995524
 30
0.0
 10
852.5741076241306
 20
564.6704865995522
 30
0.0
  0
SPLINE
  5
26B
330
1F
100
AcDbEntity
  8
0
  6
Continuous
 62
     7
370
    25
100
AcDbSpline
210
0.0
220
0.0
230
1.0
 70
    24
 71
     3
 72
    11
 73
     7
 74
     0
 42
0.00000001
 43
0.00000001
 40
0.0
 40
0.0
 40
0.0
 40
0.0
 40
0.2500000000000011
 40
0.5000000000000077
 40
0.7500000000000115
 40
1.0
 40
1.0
 40
1.0
 40
1.0
 10
852.8641597948944
 20
564.1704865995547
 30
0.0
 10
852.8246746671305
 20
564.1704865995546
 30
0.0
 10
852.7457044116024
 20
564.1704865995542
 30
0.0
 10
852.657064649542
 20
564.1704865995536
 30
0.0
 10
852.594260174121
 20
564.170486599553
 30
0.0
 10
852.5808251407941
 20
564.1704865995525
 30
0.0
 10
852.5741076241306
 20
564.1704865995522
 30
0.0
  0
LINE
  5
26C
330
1F
100
AcDbEntity
  8
0
  6
Continuous
 62
     7
370
    25
100
AcDbLine
 10
852.9478879052
 20
564.6704865996
 30
0.0
 11
852.8641597949
 21
564.6704865996
 31
0.0
  0
LINE
  5
26D
330
1F
100
AcDbEntity
  8
0
  6
Continuous
 62
     7
370
    25
100
AcDbLine
 10
852.9478879052
 20
564.1704865996
 30
0.0
 11
852.8641597949
 21
564.1704865996
 31
0.0
  0
LINE
  5
26E
330
1F
100
AcDbEntity
  8
0
  6
Continuous
 62
     7
370
    25
100
AcDbLine
 10
852.9478879052
 20
564.9664865996
 30
0.0
 11
852.4158879052
 21
564.9664865996
 31
0.0
  0
SPLINE
  5
26F
330
1F
100
AcDbEntity
  8
0
  6
Continuous
 62
     7
370
    25
100
AcDbSpline
210
0.0
220
0.0
230
1.0
 70
    24
 71
     3
 72
    11
 73
     7
 74
     0
 42
0.00000001
 43
0.00000001
 40
0.0
 40
0.0
 40
0.0
 40
0.0
 40
0.1904049889174157
 40
0.4672956754455464
 40
0.7441863619736668
 40
1.0
 40
1.0
 40
1.0
 40
1.0
 10
852.4158879052244
 20
565.0364865995723
 30
0.0
 10
852.463459819408
 20
565.0364865995722
 30
0.0
 10
852.5802117485306
 20
565.0364865995722
 30
0.0
 10
852.737487656759
 20
565.036486599573
 30
0.0
 10
852.8561016386769
 20
565.0364865995739
 30
0.0
 10
852.8708199316728
 20
565.0364865995746
 30
0.0
 10
852.8778879052244
 20
565.0364865995749
 30
0.0
  0
SPLINE
  5
270
330
1F
100
AcDbEntity
  8
0
  6
Continuous
 62
     7
370
    25
100
AcDbSpline
210
0.0
220
0.0
230
1.0
 70
    24
 71
     3
 72
     9
 73
     5
 74
     0
 42
0.00000001
 43
0.00000001
 40
0.0
 40
0.0
 40
0.0
 40
0.0
 40
0.1853219887275254
 40
1.0
 40
1.0
 40
1.0
 40
1.0
 10
852.9341617948944
 20
564.1704865995744
 30
0.0
 10
852.9366238452928
 20
564.1704865995744
 30
0.0
 10
852.9499091031051
 20
564.1704865995747
 30
0.0
 10
852.9437335527508
 20
564.1704865995748
 30
0.0
 10
852.9387024676696
 20
564.1704865995749
 30
0.0
  0
SPLINE
  5
271
330
1F
100
AcDbEntity
  8
0
  6
Continuous
 62
     7
370
    25
100
AcDbSpline
210
0.0
220
0.0
230
1.0
 70
    24
 71
     3
 72
    11
 73
     7
 74
     0
 42
0.00000001
 43
0.00000001
 40
0.0
 40
0.0
 40
0.0
 40
0.0
 40
0.1515581858794403
 40
0.4417349201417547
 40
0.7319116544040949
 40
1.0
 40
1.0
 40
1.0
 40
1.0
 10
852.4158879052244
 20
563.9864865995734
 30
0.0
 10
852.437075543959
 20
563.9864865995734
 30
0.0
 10
852.4988295155455
 20
563.9864865995734
 30
0.0
 10
852.5851812003406
 20
563.9864865995736
 30
0.0
 10
852.655099423022
 20
563.9864865995744
 30
0.0
 10
852.6637390229985
 20
563.9864865995747
 30
0.0
 10
852.6678879052195
 20
563.986486599575
 30
0.0
  0
SPLINE
  5
272
330
1F
100
AcDbEntity
  8
0
  6
Continuous
 62
     7
370
    25
100
AcDbSpline
210
0.0
220
0.0
230
1.0
 70
    24
 71
     3
 72
    11
 73
     7
 74
     0
 42
0.00000001
 43
0.00000001
 40
0.0
 40
0.0
 40
0.0
 40
0.0
 40
0.1542220356965437
 40
0.4361480237976885
 40
0.7180740118988295
 40
0.9999999999999999
 40
0.9999999999999999
 40
0.9999999999999999
 40
0.9999999999999999
 10
852.4158879052244
 20
563.9464865995735
 30
0.0
 10
852.4355906556013
 20
563.9464865995734
 30
0.0
 10
852.491311069364
 20
563.9464865995736
 30
0.0
 10
852.5680258857952
 20
563.9464865995739
 30
0.0
 10
852.6323685765921
 20
563.9464865995742
 30
0.0
 10
852.6406521218329
 20
563.9464865995747
 30
0.0
 10
852.6447938944533
 20
563.9464865995749
 30
0.0
  0
LINE
  5
273
330
1F
100
AcDbEntity
  8
0
  6
Continuous
 62
     7
370
    25
100
AcDbLine
 10
852.9077900354
 20
564.9704865996
 30
0.0
 11
852.9478879052
 21
564.9704865996
 31
0.0
  0
SPLINE
  5
274
330
1F
100
AcDbEntity
  8
0
  6
Continuous
 62
     7
370
    25
100
AcDbSpline
210
0.0
220
0.0
230
1.0
 70
    24
 71
     3
 72
    11
 73
     7
 74
     0
 42
0.00000001
 43
0.00000001
 40
0.0
 40
0.0
 40
0.0
 40
0.0
 40
0.2558136380261941
 40
0.5327043245541655
 40
0.809595011082139
 40
1.0
 40
1.0
 40
1.0
 40
1.0
 10
852.8778879052244
 20
565.0404865995558
 30
0.0
 10
852.8708199316728
 20
565.0404865995558
 30
0.0
 10
852.8561016386769
 20
565.0404865995558
 30
0.0
 10
852.737487656759
 20
565.0404865995557
 30
0.0
 10
852.5802117485305
 20
565.0404865995558
 30
0.0
 10
852.4634598194077
 20
565.0404865995558
 30
0.0
 10
852.4158879052239
 20
565.0404865995558
 30
0.0
  0
LINE
  5
275
330
1F
100
AcDbEntity
  8
0
  6
Continuous
 62
     7
370
    25
100
AcDbLine
 10
852.4245557176
 20
348.8504865995
 30
0.0
 11
852.4158879052
 21
348.8504865995
 31
0.0
  0
LINE
  5
276
330
1F
100
AcDbEntity
  8
0
  6
Continuous
 62
     7
370
    25
100
AcDbLine
 10
852.4245557176
 20
348.3504865995
 30
0.0
 11
852.4158879052
 21
348.3504865995
 31
0.0
  0
LINE
  5
277
330
1F
100
AcDbEntity
  8
0
  6
Continuous
 62
     7
370
    25
100
AcDbLine
 10
852.4826739155
 20
348.8504865995
 30
0.0
 11
852.4255620567
 21
348.8504865995
 31
0.0
  0
LINE
  5
278
330
1F
100
AcDbEntity
  8
0
  6
Continuous
 62
     7
370
    25
100
AcDbLine
 10
852.4826739155
 20
348.3504865995
 30
0.0
 11
852.4255620567
 21
348.3504865995
 31
0.0
  0
LINE
  5
279
330
1F
100
AcDbEntity
  8
0
  6
Continuous
 62
     7
370
    25
100
AcDbLine
 10
852.522349413
 20
348.8504865995
 30
0.0
 11
852.4826739155
 21
348.8504865995
 31
0.0
  0
LINE
  5
27A
330
1F
100
AcDbEntity
  8
0
  6
Continuous
 62
     7
370
    25
100
AcDbLine
 10
852.522349413
 20
348.3504865995
 30
0.0
 11
852.4826739155
 21
348.3504865995
 31
0.0
  0
SPLINE
  5
27B
330
1F
100
AcDbEntity
  8
0
  6
Continuous
 62
     7
370
    25
100
AcDbSpline
210
0.0
220
0.0
230
1.0
 70
    24
 71
     3
 72
    11
 73
     7
 74
     0
 42
0.00000001
 43
0.00000001
 40
0.0
 40
0.0
 40
0.0
 40
0.0
 40
0.2500000000000065
 40
0.5000000000000053
 40
0.7500000000000104
 40
1.0
 40
1.0
 40
1.0
 40
1.0
 10
852.8641597948946
 20
348.8504865995543
 30
0.0
 10
852.8246746671306
 20
348.8504865995541
 30
0.0
 10
852.7457044116027
 20
348.8504865995538
 30
0.0
 10
852.6570646495421
 20
348.8504865995533
 30
0.0
 10
852.5942601741212
 20
348.8504865995525
 30
0.0
 10
852.5808251407943
 20
348.850486599552
 30
0.0
 10
852.5741076241309
 20
348.8504865995517
 30
0.0
  0
SPLINE
  5
27C
330
1F
100
AcDbEntity
  8
0
  6
Continuous
 62
     7
370
    25
100
AcDbSpline
210
0.0
220
0.0
230
1.0
 70
    24
 71
     3
 72
    11
 73
     7
 74
     0
 42
0.00000001
 43
0.00000001
 40
0.0
 40
0.0
 40
0.0
 40
0.0
 40
0.2500000000000017
 40
0.4999999999999957
 40
0.7499999999999961
 40
0.9999999999999999
 40
0.9999999999999999
 40
0.9999999999999999
 40
0.9999999999999999
 10
852.8641597948946
 20
348.3504865995543
 30
0.0
 10
852.8246746671306
 20
348.3504865995541
 30
0.0
 10
852.7457044116027
 20
348.3504865995538
 30
0.0
 10
852.6570646495422
 20
348.3504865995533
 30
0.0
 10
852.5942601741212
 20
348.3504865995525
 30
0.0
 10
852.5808251407943
 20
348.350486599552
 30
0.0
 10
852.5741076241309
 20
348.3504865995517
 30
0.0
  0
LINE
  5
27D
330
1F
100
AcDbEntity
  8
0
  6
Continuous
 62
     7
370
    25
100
AcDbLine
 10
852.9478879052
 20
348.8504865996
 30
0.0
 11
852.8641597949
 21
348.8504865996
 31
0.0
  0
LINE
  5
27E
330
1F
100
AcDbEntity
  8
0
  6
Continuous
 62
     7
370
    25
100
AcDbLine
 10
852.9478879052
 20
348.3504865996
 30
0.0
 11
852.8641597949
 21
348.3504865996
 31
0.0
  0
LINE
  5
27F
330
1F
100
AcDbEntity
  8
0
  6
Continuous
 62
     7
370
    25
100
AcDbLine
 10
852.9478879052
 20
348.0504865996
 30
0.0
 11
852.4158879052
 21
348.0504865996
 31
0.0
  0
SPLINE
  5
280
330
1F
100
AcDbEntity
  8
0
  6
Continuous
 62
     7
370
    25
100
AcDbSpline
210
0.0
220
0.0
230
1.0
 70
    24
 71
     3
 72
    11
 73
     7
 74
     0
 42
0.00000001
 43
0.00000001
 40
0.0
 40
0.0
 40
0.0
 40
0.0
 40
0.1904049889174325
 40
0.4672956754455481
 40
0.7441863619736677
 40
1.0
 40
1.0
 40
1.0
 40
1.0
 10
852.4158879052245
 20
347.9804865995717
 30
0.0
 10
852.4634598194082
 20
347.9804865995718
 30
0.0
 10
852.5802117485308
 20
347.9804865995719
 30
0.0
 10
852.7374876567592
 20
347.9804865995725
 30
0.0
 10
852.8561016386772
 20
347.9804865995734
 30
0.0
 10
852.8708199316729
 20
347.9804865995741
 30
0.0
 10
852.8778879052246
 20
347.9804865995745
 30
0.0
  0
SPLINE
  5
281
330
1F
100
AcDbEntity
  8
0
  6
Continuous
 62
     7
370
    25
100
AcDbSpline
210
0.0
220
0.0
230
1.0
 70
    24
 71
     3
 72
     9
 73
     5
 74
     0
 42
0.00000001
 43
0.00000001
 40
0.0
 40
0.0
 40
0.0
 40
0.0
 40
0.8146780112724746
 40
1.0
 40
1.0
 40
1.0
 40
1.0
 10
852.9387024676698
 20
348.8504865995745
 30
0.0
 10
852.943733552751
 20
348.8504865995744
 30
0.0
 10
852.9499091031054
 20
348.8504865995741
 30
0.0
 10
852.9366238452931
 20
348.850486599574
 30
0.0
 10
852.9341617948945
 20
348.8504865995739
 30
0.0
  0
SPLINE
  5
282
330
1F
100
AcDbEntity
  8
0
  6
Continuous
 62
     7
370
    25
100
AcDbSpline
210
0.0
220
0.0
230
1.0
 70
    24
 71
     3
 72
    11
 73
     7
 74
     0
 42
0.00000001
 43
0.00000001
 40
0.0
 40
0.0
 40
0.0
 40
0.0
 40
0.2680883455951663
 40
0.5582650798566752
 40
0.8484418141181768
 40
1.0
 40
1.0
 40
1.0
 40
1.0
 10
852.6678879052267
 20
349.0304865995745
 30
0.0
 10
852.6637390230059
 20
349.0304865995743
 30
0.0
 10
852.6550994230291
 20
349.0304865995739
 30
0.0
 10
852.585181200346
 20
349.0304865995733
 30
0.0
 10
852.4988295155484
 20
349.030486599573
 30
0.0
 10
852.4370755439602
 20
349.0304865995729
 30
0.0
 10
852.4158879052246
 20
349.0304865995729
 30
0.0
  0
SPLINE
  5
283
330
1F
100
AcDbEntity
  8
0
  6
Continuous
 62
     7
370
    25
100
AcDbSpline
210
0.0
220
0.0
230
1.0
 70
    24
 71
     3
 72
    11
 73
     7
 74
     0
 42
0.00000001
 43
0.00000001
 40
0.0
 40
0.0
 40
0.0
 40
0.0
 40
0.2819259881003376
 40
0.5638519762006325
 40
0.8457779643009313
 40
1.0
 40
1.0
 40
1.0
 40
1.0
 10
852.6447938944616
 20
349.0704865995745
 30
0.0
 10
852.6406521218411
 20
349.0704865995743
 30
0.0
 10
852.6323685766
 20
349.0704865995739
 30
0.0
 10
852.5680258858011
 20
349.0704865995734
 30
0.0
 10
852.4913110693675
 20
349.0704865995731
 30
0.0
 10
852.4355906556026
 20
349.0704865995731
 30
0.0
 10
852.4158879052246
 20
349.0704865995731
 30
0.0
  0
ARC
  5
284
330
1F
100
AcDbEntity
  8
0
  6
Continuous
 62
     7
370
    25
100
AcDbCircle
 10
577.9852568993
 20
104.6548393808
 30
0.0
 40
2.399999999999993
100
AcDbArc
 50
270.0180807937
 51
0.0
  0
ARC
  5
285
330
1F
100
AcDbEntity
  8
0
  6
Continuous
 62
     7
370
    25
100
AcDbCircle
 10
577.9852568993
 20
104.6548393808
 30
0.0
 40
2.399999999999967
100
AcDbArc
 50
0.0
 51
59.9792570105
  0
ARC
  5
286
330
1F
100
AcDbEntity
  8
0
  6
Continuous
 62
     7
370
    25
100
AcDbCircle
 10
577.9852568993
 20
104.6548393808
 30
0.0
 40
2.400000000000043
100
AcDbArc
 50
120.2657233516
 51
270.0180807937
  0
SPLINE
  5
287
330
1F
100
AcDbEntity
  8
0
  6
Continuous
 62
     7
370
    25
100
AcDbSpline
210
0.0
220
0.0
230
1.0
 70
     8
 71
     3
 72
    11
 73
     7
 74
     0
 42
0.00000001
 43
0.00000001
 40
0.0
 40
0.0
 40
0.0
 40
0.0
 40
0.2456088646399555
 40
0.5000028139153242
 40
0.754395282352489
 40
1.0
 40
1.0
 40
1.0
 40
1.0
 10
577.289436756361
 20
107.6037203909226
 30
0.0
 10
577.2839491160497
 20
107.5174903939374
 30
0.0
 10
577.2727775502294
 20
107.3419460739076
 30
0.0
 10
577.1700840533107
 20
107.0960676082658
 30
0.0
 10
577.0136256625757
 20
106.8817802000765
 30
0.0
 10
576.8706784126649
 20
106.7836616778407
 30
0.0
 10
576.8004609795873
 20
106.7354646626966
 30
0.0
  0
ARC
  5
288
330
1F
100
AcDbEntity
  8
0
  6
Continuous
 62
     7
370
    25
100
AcDbCircle
 10
585.3852568999
 20
104.6548393808
 30
0.0
 40
2.399999999999948
100
AcDbArc
 50
120.2654292254
 51
270.0180807937
  0
ARC
  5
289
330
1F
100
AcDbEntity
  8
0
  6
Continuous
 62
     7
370
    25
100
AcDbCircle
 10
585.3852568999
 20
104.6548393808
 30
0.0
 40
2.400000000000091
100
AcDbArc
 50
270.0180807937
 51
0.0
  0
ARC
  5
28A
330
1F
100
AcDbEntity
  8
0
  6
Continuous
 62
     7
370
    25
100
AcDbCircle
 10
585.3852568999
 20
104.6548393808
 30
0.0
 40
2.400000000000091
100
AcDbArc
 50
0.0
 51
59.9795958052
  0
SPLINE
  5
28B
330
1F
100
AcDbEntity
  8
0
  6
Continuous
 62
     7
370
    25
100
AcDbSpline
210
0.0
220
0.0
230
1.0
 70
     8
 71
     3
 72
    11
 73
     7
 74
     0
 42
0.00000001
 43
0.00000001
 40
0.0
 40
0.0
 40
0.0
 40
0.0
 40
0.2456097121221018
 40
0.5000059506695993
 40
0.7543990594180935
 40
1.0
 40
1.0
 40
1.0
 40
1.0
 10
584.6895459546174
 20
107.6037973826104
 30
0.0
 10
584.6840648148479
 20
107.5175539359233
 30
0.0
 10
584.6729064511269
 20
107.3419817397866
 30
0.0
 10
584.5702159087712
 20
107.0960712296523
 30
0.0
 10
584.4137508530655
 20
106.8817690628444
 30
0.0
 10
584.2707956915829
 20
106.7836605630166
 30
0.0
 10
584.2005750116206
 20
106.7354689097978
 30
0.0
  0
LINE
  5
28C
330
1F
100
AcDbEntity
  8
0
  6
Continuous
 62
     7
370
    25
100
AcDbLine
 10
519.1852568993
 20
124.1868393808
 30
0.0
 11
519.1852568993
 21
116.1868393808
 31
0.0
  0
LINE
  5
28D
330
1F
100
AcDbEntity
  8
0
  6
Continuous
 62
     7
370
    25
100
AcDbLine
 10
513.1852568993
 20
116.1868393808
 30
0.0
 11
519.1852568993
 21
116.1868393808
 31
0.0
  0
LINE
  5
28E
330
1F
100
AcDbEntity
  8
0
  6
Continuous
 62
     7
370
    25
100
AcDbLine
 10
519.1852568993
 20
124.1868393808
 30
0.0
 11
513.1852568993
 21
124.1868393808
 31
0.0
  0
LINE
  5
28F
330
1F
100
AcDbEntity
  8
0
  6
Continuous
 62
     7
370
    25
100
AcDbLine
 10
513.1852568993
 20
116.1868393808
 30
0.0
 11
513.1852568993
 21
124.1868393808
 31
0.0
  0
LINE
  5
290
330
1F
100
AcDbEntity
  8
0
  6
Continuous
 62
     7
370
    25
100
AcDbLine
 10
519.1852568993
 20
116.1868393808
 30
0.0
 11
644.1852568993
 21
116.1868393808
 31
0.0
  0
LINE
  5
291
330
1F
100
AcDbEntity
  8
0
  6
Continuous
 62
     7
370
    25
100
AcDbLine
 10
644.1852568993
 20
116.1868393808
 30
0.0
 11
644.1852568993
 21
190.1868393808
 31
0.0
  0
LINE
  5
292
330
1F
100
AcDbEntity
  8
0
  6
Continuous
 62
     7
370
    25
100
AcDbLine
 10
644.1852568993
 20
190.1868393808
 30
0.0
 11
519.1852568993
 21
190.1868393808
 31
0.0
  0
LINE
  5
293
330
1F
100
AcDbEntity
  8
0
  6
Continuous
 62
     7
370
    25
100
AcDbLine
 10
519.1852568993
 20
190.1868393808
 30
0.0
 11
519.1852568993
 21
116.1868393808
 31
0.0
  0
LINE
  5
294
330
1F
100
AcDbEntity
  8
0
  6
Continuous
 62
     7
370
    25
100
AcDbLine
 10
513.1852568993
 20
182.1868393808
 30
0.0
 11
519.1852568993
 21
182.1868393808
 31
0.0
  0
LINE
  5
295
330
1F
100
AcDbEntity
  8
0
  6
Continuous
 62
     7
370
    25
100
AcDbLine
 10
513.1852568993
 20
182.1868393808
 30
0.0
 11
513.1852568993
 21
190.1868393808
 31
0.0
  0
LINE
  5
296
330
1F
100
AcDbEntity
  8
0
  6
Continuous
 62
     7
370
    25
100
AcDbLine
 10
519.1852568993
 20
190.1868393808
 30
0.0
 11
513.1852568993
 21
190.1868393808
 31
0.0
  0
LINE
  5
297
330
1F
100
AcDbEntity
  8
0
  6
Continuous
 62
     7
370
    25
100
AcDbLine
 10
519.1852568993
 20
190.1868393808
 30
0.0
 11
519.1852568993
 21
182.1868393808
 31
0.0
  0
LINE
  5
298
330
1F
100
AcDbEntity
  8
0
  6
Continuous
 62
     7
370
    25
100
AcDbLine
 10
513.1852568993
 20
124.1868393808
 30
0.0
 11
519.1852568993
 21
124.1868393808
 31
0.0
  0
LINE
  5
299
330
1F
100
AcDbEntity
  8
0
  6
Continuous
 62
     7
370
    25
100
AcDbLine
 10
513.1852568993
 20
124.1868393808
 30
0.0
 11
513.1852568993
 21
182.1868393808
 31
0.0
  0
LINE
  5
29A
330
1F
100
AcDbEntity
  8
0
  6
Continuous
 62
     7
370
    25
100
AcDbLine
 10
519.1852568993
 20
182.1868393808
 30
0.0
 11
513.1852568993
 21
182.1868393808
 31
0.0
  0
LINE
  5
29B
330
1F
100
AcDbEntity
  8
0
  6
Continuous
 62
     7
370
    25
100
AcDbLine
 10
519.1852568993
 20
182.1868393808
 30
0.0
 11
519.1852568993
 21
124.1868393808
 31
0.0
  0
LINE
  5
29C
330
1F
100
AcDbEntity
  8
0
  6
Continuous
 62
     7
370
    25
100
AcDbLine
 10
581.1852568993
 20
115.6548393808
 30
0.0
 11
581.1852568993
 21
109.2548393808
 31
0.0
  0
LINE
  5
29D
330
1F
100
AcDbEntity
  8
0
  6
Continuous
 62
     7
370
    25
100
AcDbLine
 10
574.7852568993
 20
115.6548393808
 30
0.0
 11
574.7852568993
 21
109.2548393808
 31
0.0
  0
LINE
  5
29E
330
1F
100
AcDbEntity
  8
0
  6
Continuous
 62
     7
370
    25
100
AcDbLine
 10
574.7852568993
 20
115.6548393808
 30
0.0
 11
581.1852568993
 21
115.6548393808
 31
0.0
  0
LINE
  5
29F
330
1F
100
AcDbEntity
  8
0
  6
Continuous
 62
     7
370
    25
100
AcDbLine
 10
581.1852568993
 20
109.2548393808
 30
0.0
 11
574.7852568993
 21
109.2548393808
 31
0.0
  0
LINE
  5
2A0
330
1F
100
AcDbEntity
  8
0
  6
Continuous
 62
     7
370
    25
100
AcDbLine
 10
521.5852568993
 20
115.6548393808
 30
0.0
 11
515.1852568993
 21
115.6548393808
 31
0.0
  0
LINE
  5
2A1
330
1F
100
AcDbEntity
  8
0
  6
Continuous
 62
     7
370
    25
100
AcDbLine
 10
521.5852568993
 20
109.2548393808
 30
0.0
 11
521.5852568993
 21
115.6548393808
 31
0.0
  0
LINE
  5
2A2
330
1F
100
AcDbEntity
  8
0
  6
Continuous
 62
     7
370
    25
100
AcDbLine
 10
521.5852568993
 20
109.2548393808
 30
0.0
 11
515.1852568993
 21
109.2548393808
 31
0.0
  0
LINE
  5
2A3
330
1F
100
AcDbEntity
  8
0
  6
Continuous
 62
     7
370
    25
100
AcDbLine
 10
515.1852568993
 20
109.2548393808
 30
0.0
 11
515.1852568993
 21
115.6548393808
 31
0.0
  0
LINE
  5
2A4
330
1F
100
AcDbEntity
  8
0
  6
Continuous
 62
     7
370
    25
100
AcDbLine
 10
576.2352568993
 20
109.2548393808
 30
0.0
 11
576.2352568993
 21
108.8548393808
 31
0.0
  0
LINE
  5
2A5
330
1F
100
AcDbEntity
  8
0
  6
Continuous
 62
     7
370
    25
100
AcDbLine
 10
579.7352568993
 20
108.8548393808
 30
0.0
 11
579.7352568993
 21
109.2548393808
 31
0.0
  0
SPLINE
  5
2A6
330
1F
100
AcDbEntity
  8
0
  6
Continuous
 62
     7
370
    25
100
AcDbSpline
210
0.0
220
0.0
230
1.0
 70
    24
 71
     3
 72
    19
 73
    15
 74
     0
 42
0.00000001
 43
0.00000001
 40
0.0
 40
0.0
 40
0.0
 40
0.0
 40
0.0785035252242196
 40
0.162676593332224
 40
0.2500000000000117
 40
0.3373234066677967
 40
0.4214964747757909
 40
0.5000000000000024
 40
0.5785035252242147
 40
0.6626765933322072
 40
0.749999999999999
 40
0.8373234066677799
 40
0.9214964747757804
 40
1.0
 40
1.0
 40
1.0
 40
1.0
 10
576.2352568993077
 20
108.8548393807897
 30
0.0
 10
576.245591833136
 20
108.8548393807897
 30
0.0
 10
576.2670080921217
 20
108.8548393807897
 30
0.0
 10
576.4445175585969
 20
108.8548393807896
 30
0.0
 10
576.7317867306423
 20
108.8548393807897
 30
0.0
 10
577.1140988556547
 20
108.8548393807897
 30
0.0
 10
577.5434409017457
 20
108.8548393807897
 30
0.0
 10
577.9852568993078
 20
108.8548393807897
 30
0.0
 10
578.4270728968698
 20
108.8548393807897
 30
0.0
 10
578.8564149429609
 20
108.8548393807896
 30
0.0
 10
579.2387270679733
 20
108.8548393807896
 30
0.0
 10
579.5259962400187
 20
108.8548393807897
 30
0.0
 10
579.7035057064937
 20
108.8548393807897
 30
0.0
 10
579.7249219654796
 20
108.8548393807897
 30
0.0
 10
579.7352568993078
 20
108.8548393807897
 30
0.0
  0
SPLINE
  5
2A7
330
1F
100
AcDbEntity
  8
0
  6
Continuous
 62
     7
370
    25
100
AcDbSpline
210
0.0
220
0.0
230
1.0
 70
     8
 71
     3
 72
    11
 73
     7
 74
     0
 42
0.00000001
 43
0.00000001
 40
0.0
 40
0.0
 40
0.0
 40
0.0
 40
0.2702613318128833
 40
0.5624293896420887
 40
0.7897364218595324
 40
1.0
 40
1.0
 40
1.0
 40
1.0
 10
576.2776164171
 20
108.8548393807897
 30
0.0
 10
576.4193220275426
 20
108.8372100784572
 30
0.0
 10
576.7142195604433
 20
108.8005224854368
 30
0.0
 10
577.0496418300601
 20
108.5300239004383
 30
0.0
 10
577.2448690955993
 20
108.1936199572055
 30
0.0
 10
577.2669878193577
 20
107.9647953193097
 30
0.0
 10
577.2776164171
 20
107.8548393807897
 30
0.0
  0
SPLINE
  5
2A8
330
1F
100
AcDbEntity
  8
0
  6
Continuous
 62
     7
370
    25
100
AcDbSpline
210
0.0
220
0.0
230
1.0
 70
     8
 71
     3
 72
    11
 73
     7
 74
     0
 42
0.00000001
 43
0.00000001
 40
0.0
 40
0.0
 40
0.0
 40
0.0
 40
0.2702613318128849
 40
0.5624293896420914
 40
0.7897364218595323
 40
1.0
 40
1.0
 40
1.0
 40
1.0
 10
578.6928973815155
 20
107.8548393807897
 30
0.0
 10
578.710526683848
 20
107.9965449912323
 30
0.0
 10
578.7472142768684
 20
108.2914425241329
 30
0.0
 10
579.017712861867
 20
108.6268647937496
 30
0.0
 10
579.3541168050996
 20
108.8220920592889
 30
0.0
 10
579.5829414429955
 20
108.8442107830474
 30
0.0
 10
579.6928973815155
 20
108.8548393807897
 30
0.0
  0
SPLINE
  5
2A9
330
1F
100
AcDbEntity
  8
0
  6
Continuous
 62
     7
370
    25
100
AcDbSpline
210
0.0
220
0.0
230
1.0
 70
     8
 71
     3
 72
    10
 73
     6
 74
     0
 42
0.00000001
 43
0.00000001
 40
0.0
 40
0.0
 40
0.0
 40
0.0
 40
0.2765470006073441
 40
0.5626558002071006
 40
1.0
 40
1.0
 40
1.0
 40
1.0
 10
579.1903025090074
 20
106.7302675350997
 30
0.0
 10
579.1117009858743
 20
106.7855266989293
 30
0.0
 10
578.9517802389531
 20
106.8979556494334
 30
0.0
 10
578.7468711295356
 20
107.1906425953598
 30
0.0
 10
578.7131086679832
 20
107.4426852213415
 30
0.0
 10
578.6926984730665
 20
107.5950508631541
 30
0.0
  0
SPLINE
  5
2AA
330
1F
100
AcDbEntity
  8
0
  6
Continuous
 62
     7
370
    25
100
AcDbSpline
210
0.0
220
0.0
230
1.0
 70
     8
 71
     3
 72
    10
 73
     6
 74
     0
 42
0.00000001
 43
0.00000001
 40
0.0
 40
0.0
 40
0.0
 40
0.0
 40
0.2765469980809918
 40
0.5626558021282924
 40
1.0
 40
1.0
 40
1.0
 40
1.0
 10
577.2778157779621
 20
107.5950512033159
 30
0.0
 10
577.269527248476
 20
107.49930452798
 30
0.0
 10
577.2526636077969
 20
107.3045006690119
 30
0.0
 10
577.1025785973773
 20
106.9802449944655
 30
0.0
 10
576.9016675127473
 20
106.8244496541638
 30
0.0
 10
576.7802120803722
 20
106.7302677405417
 30
0.0
  0
LINE
  5
2AB
330
1F
100
AcDbEntity
  8
0
  6
Continuous
 62
     7
370
    25
100
AcDbLine
 10
577.2776164171
 20
107.5949012821
 30
0.0
 11
577.290501272
 21
107.6044775252
 31
0.0
  0
LINE
  5
2AC
330
1F
100
AcDbEntity
  8
0
  6
Continuous
 62
     7
370
    25
100
AcDbLine
 10
577.2776164171
 20
107.8548393808
 30
0.0
 11
577.2776164171
 21
107.5949012821
 31
0.0
  0
LINE
  5
2AD
330
1F
100
AcDbEntity
  8
0
  6
Continuous
 62
     7
370
    25
100
AcDbLine
 10
578.6928973815
 20
107.5949012821
 30
0.0
 11
578.6928973815
 21
107.8548393808
 31
0.0
  0
LINE
  5
2AE
330
1F
100
AcDbEntity
  8
0
  6
Continuous
 62
     7
370
    25
100
AcDbLine
 10
574.7852568993
 20
109.2548393808
 30
0.0
 11
521.5852568993
 21
109.2548393808
 31
0.0
  0
LINE
  5
2AF
330
1F
100
AcDbEntity
  8
0
  6
Continuous
 62
     7
370
    25
100
AcDbLine
 10
521.5852568993
 20
115.6548393808
 30
0.0
 11
521.5852568993
 21
109.2548393808
 31
0.0
  0
LINE
  5
2B0
330
1F
100
AcDbEntity
  8
0
  6
Continuous
 62
     7
370
    25
100
AcDbLine
 10
574.7852568993
 20
115.6548393808
 30
0.0
 11
521.5852568993
 21
115.6548393808
 31
0.0
  0
LINE
  5
2B1
330
1F
100
AcDbEntity
  8
0
  6
Continuous
 62
     7
370
    25
100
AcDbLine
 10
574.7852568993
 20
109.2548393808
 30
0.0
 11
574.7852568993
 21
115.6548393808
 31
0.0
  0
LINE
  5
2B2
330
1F
100
AcDbEntity
  8
0
  6
Continuous
 62
     7
370
    25
100
AcDbLine
 10
644.1852568993
 20
182.1868393808
 30
0.0
 11
644.1852568993
 21
190.1868393808
 31
0.0
  0
LINE
  5
2B3
330
1F
100
AcDbEntity
  8
0
  6
Continuous
 62
     7
370
    25
100
AcDbLine
 10
650.1852568993
 20
190.1868393808
 30
0.0
 11
644.1852568993
 21
190.1868393808
 31
0.0
  0
LINE
  5
2B4
330
1F
100
AcDbEntity
  8
0
  6
Continuous
 62
     7
370
    25
100
AcDbLine
 10
644.1852568993
 20
182.1868393808
 30
0.0
 11
650.1852568993
 21
182.1868393808
 31
0.0
  0
LINE
  5
2B5
330
1F
100
AcDbEntity
  8
0
  6
Continuous
 62
     7
370
    25
100
AcDbLine
 10
650.1852568993
 20
190.1868393808
 30
0.0
 11
650.1852568993
 21
182.1868393808
 31
0.0
  0
LINE
  5
2B6
330
1F
100
AcDbEntity
  8
0
  6
Continuous
 62
     7
370
    25
100
AcDbLine
 10
644.1852568993
 20
116.1868393808
 30
0.0
 11
650.1852568993
 21
116.1868393808
 31
0.0
  0
LINE
  5
2B7
330
1F
100
AcDbEntity
  8
0
  6
Continuous
 62
     7
370
    25
100
AcDbLine
 10
650.1852568993
 20
124.1868393808
 30
0.0
 11
644.1852568993
 21
124.1868393808
 31
0.0
  0
LINE
  5
2B8
330
1F
100
AcDbEntity
  8
0
  6
Continuous
 62
     7
370
    25
100
AcDbLine
 10
644.1852568993
 20
116.1868393808
 30
0.0
 11
644.1852568993
 21
124.1868393808
 31
0.0
  0
LINE
  5
2B9
330
1F
100
AcDbEntity
  8
0
  6
Continuous
 62
     7
370
    25
100
AcDbLine
 10
650.1852568993
 20
124.1868393808
 30
0.0
 11
650.1852568993
 21
116.1868393808
 31
0.0
  0
LINE
  5
2BA
330
1F
100
AcDbEntity
  8
0
  6
Continuous
 62
     7
370
    25
100
AcDbLine
 10
650.1852568993
 20
182.1868393808
 30
0.0
 11
644.1852568993
 21
182.1868393808
 31
0.0
  0
LINE
  5
2BB
330
1F
100
AcDbEntity
  8
0
  6
Continuous
 62
     7
370
    25
100
AcDbLine
 10
650.1852568993
 20
182.1868393808
 30
0.0
 11
650.1852568993
 21
124.1868393808
 31
0.0
  0
LINE
  5
2BC
330
1F
100
AcDbEntity
  8
0
  6
Continuous
 62
     7
370
    25
100
AcDbLine
 10
644.1852568993
 20
124.1868393808
 30
0.0
 11
650.1852568993
 21
124.1868393808
 31
0.0
  0
LINE
  5
2BD
330
1F
100
AcDbEntity
  8
0
  6
Continuous
 62
     7
370
    25
100
AcDbLine
 10
644.1852568993
 20
124.1868393808
 30
0.0
 11
644.1852568993
 21
182.1868393808
 31
0.0
  0
LINE
  5
2BE
330
1F
100
AcDbEntity
  8
0
  6
Continuous
 62
     7
370
    25
100
AcDbLine
 10
582.1852569005
 20
109.2548393808
 30
0.0
 11
582.1852569005
 21
115.6548393808
 31
0.0
  0
LINE
  5
2BF
330
1F
100
AcDbEntity
  8
0
  6
Continuous
 62
     7
370
    25
100
AcDbLine
 10
588.5852569005
 20
109.2548393808
 30
0.0
 11
588.5852569005
 21
115.6548393808
 31
0.0
  0
LINE
  5
2C0
330
1F
100
AcDbEntity
  8
0
  6
Continuous
 62
     7
370
    25
100
AcDbLine
 10
588.5852569005
 20
109.2548393808
 30
0.0
 11
582.1852569005
 21
109.2548393808
 31
0.0
  0
LINE
  5
2C1
330
1F
100
AcDbEntity
  8
0
  6
Continuous
 62
     7
370
    25
100
AcDbLine
 10
588.5852569005
 20
115.6548393808
 30
0.0
 11
582.1852569005
 21
115.6548393808
 31
0.0
  0
LINE
  5
2C2
330
1F
100
AcDbEntity
  8
0
  6
Continuous
 62
     7
370
    25
100
AcDbLine
 10
648.1852569005
 20
115.6548393808
 30
0.0
 11
648.1852569005
 21
109.2548393808
 31
0.0
  0
LINE
  5
2C3
330
1F
100
AcDbEntity
  8
0
  6
Continuous
 62
     7
370
    25
100
AcDbLine
 10
641.7852569005
 20
115.6548393808
 30
0.0
 11
641.7852569005
 21
109.2548393808
 31
0.0
  0
LINE
  5
2C4
330
1F
100
AcDbEntity
  8
0
  6
Continuous
 62
     7
370
    25
100
AcDbLine
 10
648.1852569005
 20
115.6548393808
 30
0.0
 11
641.7852569005
 21
115.6548393808
 31
0.0
  0
LINE
  5
2C5
330
1F
100
AcDbEntity
  8
0
  6
Continuous
 62
     7
370
    25
100
AcDbLine
 10
641.7852569005
 20
109.2548393808
 30
0.0
 11
648.1852569005
 21
109.2548393808
 31
0.0
  0
LINE
  5
2C6
330
1F
100
AcDbEntity
  8
0
  6
Continuous
 62
     7
370
    25
100
AcDbLine
 10
641.7852569005
 20
109.2548393808
 30
0.0
 11
588.5852569005
 21
109.2548393808
 31
0.0
  0
LINE
  5
2C7
330
1F
100
AcDbEntity
  8
0
  6
Continuous
 62
     7
370
    25
100
AcDbLine
 10
588.5852569005
 20
115.6548393808
 30
0.0
 11
588.5852569005
 21
109.2548393808
 31
0.0
  0
LINE
  5
2C8
330
1F
100
AcDbEntity
  8
0
  6
Continuous
 62
     7
370
    25
100
AcDbLine
 10
641.7852569005
 20
109.2548393808
 30
0.0
 11
641.7852569005
 21
115.6548393808
 31
0.0
  0
LINE
  5
2C9
330
1F
100
AcDbEntity
  8
0
  6
Continuous
 62
     7
370
    25
100
AcDbLine
 10
641.7852569005
 20
115.6548393808
 30
0.0
 11
588.5852569005
 21
115.6548393808
 31
0.0
  0
LINE
  5
2CA
330
1F
100
AcDbEntity
  8
0
  6
Continuous
 62
     7
370
    25
100
AcDbLine
 10
587.1352568999
 20
109.2548393808
 30
0.0
 11
587.1352568999
 21
108.8548393808
 31
0.0
  0
LINE
  5
2CB
330
1F
100
AcDbEntity
  8
0
  6
Continuous
 62
     7
370
    25
100
AcDbLine
 10
583.6352568999
 20
108.8548393808
 30
0.0
 11
583.6352568999
 21
109.2548393808
 31
0.0
  0
SPLINE
  5
2CC
330
1F
100
AcDbEntity
  8
0
  6
Continuous
 62
     7
370
    25
100
AcDbSpline
210
0.0
220
0.0
230
1.0
 70
    24
 71
     3
 72
    19
 73
    15
 74
     0
 42
0.00000001
 43
0.00000001
 40
0.0
 40
0.0
 40
0.0
 40
0.0
 40
0.0785035252242183
 40
0.1626765933322247
 40
0.2500000000000141
 40
0.3373234066677955
 40
0.4214964747757927
 40
0.5000000000000069
 40
0.5785035252242231
 40
0.6626765933322203
 40
0.7500000000000128
 40
0.837323406667795
 40
0.9214964747757891
 40
1.0
 40
1.0
 40
1.0
 40
1.0
 10
583.6352568998929
 20
108.8548393807897
 30
0.0
 10
583.6455918337219
 20
108.8548393807897
 30
0.0
 10
583.6670080927092
 20
108.8548393807896
 30
0.0
 10
583.8445175591868
 20
108.8548393807896
 30
0.0
 10
584.1317867312341
 20
108.8548393807896
 30
0.0
 10
584.5140988562481
 20
108.8548393807896
 30
0.0
 10
584.94344090234
 20
108.8548393807896
 30
0.0
 10
585.3852568999024
 20
108.8548393807897
 30
0.0
 10
585.8270728974643
 20
108.8548393807896
 30
0.0
 10
586.2564149435543
 20
108.8548393807896
 30
0.0
 10
586.6387270685651
 20
108.8548393807896
 30
0.0
 10
586.9259962406084
 20
108.8548393807896
 30
0.0
 10
587.1035057070812
 20
108.8548393807896
 30
0.0
 10
587.1249219660654
 20
108.8548393807897
 30
0.0
 10
587.1352568998927
 20
108.8548393807897
 30
0.0
  0
SPLINE
  5
2CD
330
1F
100
AcDbEntity
  8
0
  6
Continuous
 62
     7
370
    25
100
AcDbSpline
210
0.0
220
0.0
230
1.0
 70
     8
 71
     3
 72
    11
 73
     7
 74
     0
 42
0.00000001
 43
0.00000001
 40
0.0
 40
0.0
 40
0.0
 40
0.0
 40
0.2702613318128841
 40
0.562429389642091
 40
0.7897364218595307
 40
0.9999999999999999
 40
0.9999999999999999
 40
0.9999999999999999
 40
0.9999999999999999
 10
584.6776164176852
 20
107.8548393807897
 30
0.0
 10
584.6599871153526
 20
107.9965449912323
 30
0.0
 10
584.6232995223322
 20
108.2914425241329
 30
0.0
 10
584.3528009373337
 20
108.6268647937496
 30
0.0
 10
584.0163969941009
 20
108.8220920592889
 30
0.0
 10
583.787572356205
 20
108.8442107830474
 30
0.0
 10
583.6776164176852
 20
108.8548393807897
 30
0.0
  0
SPLINE
  5
2CE
330
1F
100
AcDbEntity
  8
0
  6
Continuous
 62
     7
370
    25
100
AcDbSpline
210
0.0
220
0.0
230
1.0
 70
     8
 71
     3
 72
    11
 73
     7
 74
     0
 42
0.00000001
 43
0.00000001
 40
0.0
 40
0.0
 40
0.0
 40
0.0
 40
0.2702613318128828
 40
0.5624293896420874
 40
0.7897364218595321
 40
0.9999999999999999
 40
0.9999999999999999
 40
0.9999999999999999
 40
0.9999999999999999
 10
587.0928973821005
 20
108.8548393807897
 30
0.0
 10
586.951191771658
 20
108.8372100784572
 30
0.0
 10
586.6562942387574
 20
108.8005224854368
 30
0.0
 10
586.3208719691406
 20
108.5300239004382
 30
0.0
 10
586.1256447036013
 20
108.1936199572055
 30
0.0
 10
586.1035259798429
 20
107.9647953193097
 30
0.0
 10
586.0928973821005
 20
107.8548393807897
 30
0.0
  0
LINE
  5
2CF
330
1F
100
AcDbEntity
  8
0
  6
Continuous
 62
     7
370
    25
100
AcDbLine
 10
584.6776164177
 20
107.5949012821
 30
0.0
 11
584.6906133047
 21
107.6045598524
 31
0.0
  0
SPLINE
  5
2D0
330
1F
100
AcDbEntity
  8
0
  6
Continuous
 62
     7
370
    25
100
AcDbSpline
210
0.0
220
0.0
230
1.0
 70
     8
 71
     3
 72
    10
 73
     6
 74
     0
 42
0.00000001
 43
0.00000001
 40
0.0
 40
0.0
 40
0.0
 40
0.0
 40
0.2765469980809925
 40
0.5626558021282945
 40
1.0
 40
1.0
 40
1.0
 40
1.0
 10
586.0926980212386
 20
107.5950512033159
 30
0.0
 10
586.1009865507248
 20
107.49930452798
 30
0.0
 10
586.1178501914037
 20
107.3045006690119
 30
0.0
 10
586.2679352018235
 20
106.9802449944655
 30
0.0
 10
586.4688462864535
 20
106.8244496541638
 30
0.0
 10
586.5903017188285
 20
106.7302677405417
 30
0.0
  0
SPLINE
  5
2D1
330
1F
100
AcDbEntity
  8
0
  6
Continuous
 62
     7
370
    25
100
AcDbSpline
210
0.0
220
0.0
230
1.0
 70
     8
 71
     3
 72
    10
 73
     6
 74
     0
 42
0.00000001
 43
0.00000001
 40
0.0
 40
0.0
 40
0.0
 40
0.0
 40
0.2765470006073443
 40
0.5626558002070982
 40
1.0
 40
1.0
 40
1.0
 40
1.0
 10
584.1802112901929
 20
106.7302675350997
 30
0.0
 10
584.258812813326
 20
106.7855266989293
 30
0.0
 10
584.4187335602473
 20
106.8979556494334
 30
0.0
 10
584.6236426696648
 20
107.1906425953598
 30
0.0
 10
584.6574051312174
 20
107.4426852213415
 30
0.0
 10
584.677815326134
 20
107.5950508631541
 30
0.0
  0
LINE
  5
2D2
330
1F
100
AcDbEntity
  8
0
  6
Continuous
 62
     7
370
    25
100
AcDbLine
 10
586.0928973821
 20
107.8548393808
 30
0.0
 11
586.0928973821
 21
107.5949012821
 31
0.0
  0
LINE
  5
2D3
330
1F
100
AcDbEntity
  8
0
  6
Continuous
 62
     7
370
    25
100
AcDbLine
 10
584.6776164177
 20
107.5949012821
 30
0.0
 11
584.6776164177
 21
107.8548393808
 31
0.0
  0
SPLINE
  5
2D4
330
1F
100
AcDbEntity
  8
0
  6
Continuous
 62
     7
370
    25
100
AcDbSpline
210
0.0
220
0.0
230
1.0
 70
     8
 71
     3
 72
    15
 73
    11
 74
     0
 42
0.00000001
 43
0.00000001
 40
0.0
 40
0.0
 40
0.0
 40
0.0
 40
0.0971189964360066
 40
0.2349088742624608
 40
0.3726987520889131
 40
0.5000000000000028
 40
0.6273012479110925
 40
0.7650911257375391
 40
0.9028810035639933
 40
1.0
 40
1.0
 40
1.0
 40
1.0
 10
638.3905339820609
 20
115.6548393807904
 30
0.0
 10
638.396884485432
 20
115.7073872742526
 30
0.0
 10
638.4122449159621
 20
115.8344887369018
 30
0.0
 10
638.5332354260055
 20
116.006518922612
 30
0.0
 10
638.7180231037199
 20
116.1294955090089
 30
0.0
 10
638.931378290709
 20
116.1699703710884
 30
0.0
 10
639.1447334776977
 20
116.1294955090089
 30
0.0
 10
639.3295211554122
 20
116.006518922612
 30
0.0
 10
639.4505116654557
 20
115.8344887369018
 30
0.0
 10
639.4658720959857
 20
115.7073872742525
 30
0.0
 10
639.4722225993568
 20
115.6548393807904
 30
0.0
  0
LINE
  5
2D5
330
1F
100
AcDbEntity
  8
0
  6
Continuous
 62
     7
370
    25
100
AcDbLine
 10
640.3052146514
 20
116.1868393808
 30
0.0
 11
640.0571389773
 21
115.6548393808
 31
0.0
  0
LINE
  5
2D6
330
1F
100
AcDbEntity
  8
0
  6
Continuous
 62
     7
370
    25
100
AcDbLine
 10
638.1269475353
 20
115.6548393808
 30
0.0
 11
638.1130400498
 21
115.8822247578
 31
0.0
  0
LINE
  5
2D7
330
1F
100
AcDbEntity
  8
0
  6
Continuous
 62
     7
370
    25
100
AcDbLine
 10
638.1130400498
 20
115.8822247578
 30
0.0
 11
638.1119209289
 21
115.9188538228
 31
0.0
  0
SPLINE
  5
2D8
330
1F
100
AcDbEntity
  8
0
  6
Continuous
 62
     7
370
    25
100
AcDbSpline
210
0.0
220
0.0
230
1.0
 70
     8
 71
     3
 72
    10
 73
     6
 74
     0
 42
0.00000001
 43
0.00000001
 40
0.0
 40
0.0
 40
0.0
 40
0.0
 40
0.4219502107365282
 40
0.8439004214730432
 40
0.9999999999999999
 40
0.9999999999999999
 40
0.9999999999999999
 40
0.9999999999999999
 10
638.1119209289018
 20
115.9188538228288
 30
0.0
 10
638.1144030633182
 20
115.957989071295
 30
0.0
 10
638.1193673321508
 20
116.0362595682275
 30
0.0
 10
638.144600106002
 20
116.1273418195859
 30
0.0
 10
638.1709812178061
 20
116.1741886251875
 30
0.0
 10
638.1781053107652
 20
116.1868393807895
 30
0.0
  0
LINE
  5
2D9
330
1F
100
AcDbEntity
  8
0
  6
Continuous
 62
     7
370
    25
100
AcDbLine
 10
642.6084436244
 20
116.1868393808
 30
0.0
 11
642.6586231643
 21
116.1031112705
 31
0.0
  0
SPLINE
  5
2DA
330
1F
100
AcDbEntity
  8
0
  6
Continuous
 62
     7
370
    25
100
AcDbSpline
210
0.0
220
0.0
230
1.0
 70
     8
 71
     3
 72
    11
 73
     7
 74
     0
 42
0.00000001
 43
0.00000001
 40
0.0
 40
0.0
 40
0.0
 40
0.0
 40
0.2500000000000006
 40
0.5000000000000128
 40
0.7500000000000121
 40
1.0
 40
1.0
 40
1.0
 40
1.0
 10
642.6586231643103
 20
116.1031112704595
 30
0.0
 10
642.6861595022051
 20
116.0636261426955
 30
0.0
 10
642.741232177995
 20
115.9846558871676
 30
0.0
 10
642.8565487540329
 20
115.8960161251071
 30
0.0
 10
642.987737617868
 20
115.8332116496862
 30
0.0
 10
643.0830728199516
 20
115.8197766163592
 30
0.0
 10
643.1307404209933
 20
115.8130590996958
 30
0.0
  0
LINE
  5
2DB
330
1F
100
AcDbEntity
  8
0
  6
Continuous
 62
     7
370
    25
100
AcDbLine
 10
643.130740421
 20
115.8130590997
 30
0.0
 11
643.8590255015
 21
115.7613008885
 31
0.0
  0
LINE
  5
2DC
330
1F
100
AcDbEntity
  8
0
  6
Continuous
 62
     7
370
    25
100
AcDbLine
 10
643.8590255015
 20
115.7613008885
 30
0.0
 11
644.0064263884
 21
115.7216253911
 31
0.0
  0
LINE
  5
2DD
330
1F
100
AcDbEntity
  8
0
  6
Continuous
 62
     7
370
    25
100
AcDbLine
 10
644.0064263884
 20
115.7216253911
 30
0.0
 11
644.1429640629
 21
115.6548393808
 31
0.0
  0
LINE
  5
2DE
330
1F
100
AcDbEntity
  8
0
  6
Continuous
 62
     7
370
    25
100
AcDbLine
 10
645.517199663
 20
115.6635071932
 30
0.0
 11
645.6391636626
 21
115.6548393808
 31
0.0
  0
LINE
  5
2DF
330
1F
100
AcDbEntity
  8
0
  6
Continuous
 62
     7
370
    25
100
AcDbLine
 10
641.8431411772
 20
115.6548393808
 30
0.0
 11
641.7294446062
 21
115.8277620318
 31
0.0
  0
SPLINE
  5
2E0
330
1F
100
AcDbEntity
  8
0
  6
Continuous
 62
     7
370
    25
100
AcDbSpline
210
0.0
220
0.0
230
1.0
 70
     8
 71
     3
 72
    11
 73
     7
 74
     0
 42
0.00000001
 43
0.00000001
 40
0.0
 40
0.0
 40
0.0
 40
0.0
 40
0.249999999999999
 40
0.5000000000000026
 40
0.7500000000000039
 40
1.0
 40
1.0
 40
1.0
 40
1.0
 10
641.7294446061538
 20
115.8277620318123
 30
0.0
 10
641.7073488050992
 20
115.8577521910284
 30
0.0
 10
641.6631572029897
 20
115.9177325094607
 30
0.0
 10
641.5771564217399
 20
115.9898389856525
 30
0.0
 10
641.4807180102282
 20
116.0472420436675
 30
0.0
 10
641.4095179373397
 20
116.0691757145164
 30
0.0
 10
641.3739179008954
 20
116.0801425499408
 30
0.0
  0
LINE
  5
2E1
330
1F
100
AcDbEntity
  8
0
  6
Continuous
 62
     7
370
    25
100
AcDbLine
 10
641.3739179009
 20
116.0801425499
 30
0.0
 11
640.9480421713
 21
116.1868393808
 31
0.0
  0
SPLINE
  5
2E2
330
1F
100
AcDbEntity
  8
0
  6
Continuous
 62
     7
370
    25
100
AcDbSpline
210
0.0
220
0.0
230
1.0
 70
     8
 71
     3
 72
    15
 73
    11
 74
     0
 42
0.00000001
 43
0.00000001
 40
0.0
 40
0.0
 40
0.0
 40
0.0
 40
0.0971189964360065
 40
0.2349088742624603
 40
0.3726987520889123
 40
0.5000000000000018
 40
0.6273012479110913
 40
0.7650911257375432
 40
0.9028810035639935
 40
1.0
 40
1.0
 40
1.0
 40
1.0
 10
523.8982912004312
 20
115.6548393807904
 30
0.0
 10
523.9046417038022
 20
115.7073872742525
 30
0.0
 10
523.9200021343324
 20
115.8344887369018
 30
0.0
 10
524.0409926443757
 20
116.006518922612
 30
0.0
 10
524.2257803220903
 20
116.1294955090089
 30
0.0
 10
524.4391355090792
 20
116.1699703710884
 30
0.0
 10
524.652490696068
 20
116.1294955090089
 30
0.0
 10
524.8372783737825
 20
116.006518922612
 30
0.0
 10
524.9582688838259
 20
115.8344887369019
 30
0.0
 10
524.973629314356
 20
115.7073872742525
 30
0.0
 10
524.979979817727
 20
115.6548393807904
 30
0.0
  0
SPLINE
  5
2E3
330
1F
100
AcDbEntity
  8
0
  6
Continuous
 62
     7
370
    25
100
AcDbSpline
210
0.0
220
0.0
230
1.0
 70
     8
 71
     3
 72
    10
 73
     6
 74
     0
 42
0.00000001
 43
0.00000001
 40
0.0
 40
0.0
 40
0.0
 40
0.0
 40
0.4016251400175371
 40
0.8032502800350808
 40
0.9999999999999999
 40
0.9999999999999999
 40
0.9999999999999999
 40
0.9999999999999999
 10
525.2574737499391
 20
115.8822247578495
 30
0.0
 10
525.2572283823505
 20
115.924503471459
 30
0.0
 10
525.256737647173
 20
116.009060898678
 30
0.0
 10
525.231575695476
 20
116.1131997632429
 30
0.0
 10
525.2015435480342
 20
116.1686176146713
 30
0.0
 10
525.1916687738848
 20
116.1868393807895
 30
0.0
  0
LINE
  5
2E4
330
1F
100
AcDbEntity
  8
0
  6
Continuous
 62
     7
370
    25
100
AcDbLine
 10
525.2435662645
 20
115.6548393808
 30
0.0
 11
525.2574737499
 21
115.8822247578
 31
0.0
  0
LINE
  5
2E5
330
1F
100
AcDbEntity
  8
0
  6
Continuous
 62
     7
370
    25
100
AcDbLine
 10
523.0652991484
 20
116.1868393808
 30
0.0
 11
523.3133748225
 21
115.6548393808
 31
0.0
  0
LINE
  5
2E6
330
1F
100
AcDbEntity
  8
0
  6
Continuous
 62
     7
370
    25
100
AcDbLine
 10
521.5273726226
 20
115.6548393808
 30
0.0
 11
521.6410691936
 21
115.8277620318
 31
0.0
  0
LINE
  5
2E7
330
1F
100
AcDbEntity
  8
0
  6
Continuous
 62
     7
370
    25
100
AcDbLine
 10
517.8533141368
 20
115.6635071932
 30
0.0
 11
517.7313501372
 21
115.6548393808
 31
0.0
  0
LINE
  5
2E8
330
1F
100
AcDbEntity
  8
0
  6
Continuous
 62
     7
370
    25
100
AcDbLine
 10
519.3640874114
 20
115.7216253911
 30
0.0
 11
519.2275497369
 21
115.6548393808
 31
0.0
  0
LINE
  5
2E9
330
1F
100
AcDbEntity
  8
0
  6
Continuous
 62
     7
370
    25
100
AcDbLine
 10
519.5114882983
 20
115.7613008885
 30
0.0
 11
519.3640874114
 21
115.7216253911
 31
0.0
  0
LINE
  5
2EA
330
1F
100
AcDbEntity
  8
0
  6
Continuous
 62
     7
370
    25
100
AcDbLine
 10
520.2397733788
 20
115.8130590997
 30
0.0
 11
519.5114882983
 21
115.7613008885
 31
0.0
  0
SPLINE
  5
2EB
330
1F
100
AcDbEntity
  8
0
  6
Continuous
 62
     7
370
    25
100
AcDbSpline
210
0.0
220
0.0
230
1.0
 70
     8
 71
     3
 72
    11
 73
     7
 74
     0
 42
0.00000001
 43
0.00000001
 40
0.0
 40
0.0
 40
0.0
 40
0.0
 40
0.2499999999999929
 40
0.4999999999999898
 40
0.7499999999999932
 40
0.9999999999999999
 40
0.9999999999999999
 40
0.9999999999999999
 40
0.9999999999999999
 10
520.711890635476
 20
116.1031112704595
 30
0.0
 10
520.6843542975811
 20
116.0636261426955
 30
0.0
 10
520.6292816217913
 20
115.9846558871676
 30
0.0
 10
520.5139650457534
 20
115.8960161251071
 30
0.0
 10
520.3827761819183
 20
115.8332116496862
 30
0.0
 10
520.2874409798347
 20
115.8197766163593
 30
0.0
 10
520.2397733787928
 20
115.8130590996958
 30
0.0
  0
LINE
  5
2EC
330
1F
100
AcDbEntity
  8
0
  6
Continuous
 62
     7
370
    25
100
AcDbLine
 10
520.7620701754
 20
116.1868393808
 30
0.0
 11
520.7118906355
 21
116.1031112705
 31
0.0
  0
LINE
  5
2ED
330
1F
100
AcDbEntity
  8
0
  6
Continuous
 62
     7
370
    25
100
AcDbLine
 10
521.9965958989
 20
116.0801425499
 30
0.0
 11
522.4224716285
 21
116.1868393808
 31
0.0
  0
SPLINE
  5
2EE
330
1F
100
AcDbEntity
  8
0
  6
Continuous
 62
     7
370
    25
100
AcDbSpline
210
0.0
220
0.0
230
1.0
 70
     8
 71
     3
 72
    11
 73
     7
 74
     0
 42
0.00000001
 43
0.00000001
 40
0.0
 40
0.0
 40
0.0
 40
0.0
 40
0.2499999999999873
 40
0.4999999999999948
 40
0.75
 40
1.0
 40
1.0
 40
1.0
 40
1.0
 10
521.6410691936323
 20
115.8277620318123
 30
0.0
 10
521.663164994687
 20
115.8577521910284
 30
0.0
 10
521.7073565967964
 20
115.9177325094607
 30
0.0
 10
521.7933573780464
 20
115.9898389856525
 30
0.0
 10
521.8897957895581
 20
116.0472420436675
 30
0.0
 10
521.9609958624465
 20
116.0691757145164
 30
0.0
 10
521.9965958988907
 20
116.0801425499408
 30
0.0
  0
LINE
  5
2EF
330
1F
100
AcDbEntity
  8
0
  6
Continuous
 62
     7
370
    25
100
AcDbLine
 10
232.9101114545
 20
569.5104865996
 30
0.0
 11
232.9101114545
 21
562.5104865996
 31
0.0
  0
LINE
  5
2F0
330
1F
100
AcDbEntity
  8
0
  6
Continuous
 62
     7
370
    25
100
AcDbLine
 10
357.9101114545
 20
569.5104865996
 30
0.0
 11
357.9101114545
 21
562.5104865996
 31
0.0
  0
LINE
  5
2F1
330
1F
100
AcDbEntity
  8
0
  6
Continuous
 62
     7
370
    25
100
AcDbLine
 10
357.9101114545
 20
562.5104865996
 30
0.0
 11
232.9101114545
 21
562.5104865996
 31
0.0
  0
LINE
  5
2F2
330
1F
100
AcDbEntity
  8
0
  6
Continuous
 62
     7
370
    25
100
AcDbLine
 10
232.9101114545
 20
569.5104865996
 30
0.0
 11
357.9101114545
 21
569.5104865996
 31
0.0
  0
LINE
  5
2F3
330
1F
100
AcDbEntity
  8
0
  6
Continuous
 62
     7
370
    25
100
AcDbLine
 10
363.9101114545
 20
569.5104865996
 30
0.0
 11
363.9101114545
 21
343.5104865996
 31
0.0
  0
LINE
  5
2F4
330
1F
100
AcDbEntity
  8
0
  6
Continuous
 62
     7
370
    25
100
AcDbLine
 10
363.9101114545
 20
343.5104865996
 30
0.0
 11
357.9101114545
 21
343.5104865996
 31
0.0
  0
LINE
  5
2F5
330
1F
100
AcDbEntity
  8
0
  6
Continuous
 62
     7
370
    25
100
AcDbLine
 10
357.9101114545
 20
343.5104865996
 30
0.0
 11
357.9101114545
 21
569.5104865996
 31
0.0
  0
LINE
  5
2F6
330
1F
100
AcDbEntity
  8
0
  6
Continuous
 62
     7
370
    25
100
AcDbLine
 10
357.9101114545
 20
569.5104865996
 30
0.0
 11
363.9101114545
 21
569.5104865996
 31
0.0
  0
LINE
  5
2F7
330
1F
100
AcDbEntity
  8
0
  6
Continuous
 62
     7
370
    25
100
AcDbLine
 10
357.9101114545
 20
343.5104865995
 30
0.0
 11
232.9101114545
 21
343.5104865995
 31
0.0
  0
LINE
  5
2F8
330
1F
100
AcDbEntity
  8
0
  6
Continuous
 62
     7
370
    25
100
AcDbLine
 10
232.9101114545
 20
350.5104865995
 30
0.0
 11
357.9101114545
 21
350.5104865995
 31
0.0
  0
LINE
  5
2F9
330
1F
100
AcDbEntity
  8
0
  6
Continuous
 62
     7
370
    25
100
AcDbLine
 10
357.9101114545
 20
350.5104865995
 30
0.0
 11
357.9101114545
 21
343.5104865995
 31
0.0
  0
LINE
  5
2FA
330
1F
100
AcDbEntity
  8
0
  6
Continuous
 62
     7
370
    25
100
AcDbLine
 10
232.9101114545
 20
350.5104865995
 30
0.0
 11
232.9101114545
 21
343.5104865995
 31
0.0
  0
SPLINE
  5
2FB
330
1F
100
AcDbEntity
  8
0
  6
Continuous
 62
     7
370
    25
100
AcDbSpline
210
0.0
220
0.0
230
1.0
 70
     8
 71
     3
 72
    15
 73
    11
 74
     0
 42
0.00000001
 43
0.00000001
 40
0.0
 40
0.0
 40
0.0
 40
0.0
 40
0.1200542337629574
 40
0.2500000000000223
 40
0.3799457662370768
 40
0.5000000000000039
 40
0.6200542337629311
 40
0.7499999999999852
 40
0.8799457662370935
 40
1.0
 40
1.0
 40
1.0
 40
1.0
 10
295.8961741357548
 20
559.5104865995238
 30
0.0
 10
295.8885340368909
 20
559.5795746748925
 30
0.0
 10
295.8726243546072
 20
559.7234431441735
 30
0.0
 10
295.7450024809722
 20
559.9103784809364
 30
0.0
 10
295.5593730854967
 20
560.033086992433
 30
0.0
 10
295.3461741357548
 20
560.0736443548626
 30
0.0
 10
295.132975186013
 20
560.0330869924329
 30
0.0
 10
294.9473457905374
 20
559.9103784809363
 30
0.0
 10
294.8197239169024
 20
559.7234431441735
 30
0.0
 10
294.8038142346187
 20
559.5795746748925
 30
0.0
 10
294.7961741357548
 20
559.5104865995238
 30
0.0
  0
SPLINE
  5
2FC
330
1F
100
AcDbEntity
  8
0
  6
Continuous
 62
     7
370
    25
100
AcDbSpline
210
0.0
220
0.0
230
1.0
 70
     8
 71
     3
 72
    15
 73
    11
 74
     0
 42
0.00000001
 43
0.00000001
 40
0.0
 40
0.0
 40
0.0
 40
0.0
 40
0.1200542337629341
 40
0.2500000000000018
 40
0.3799457662370868
 40
0.5000000000000069
 40
0.620054233762931
 40
0.7500000000000021
 40
0.8799457662370913
 40
1.0
 40
1.0
 40
1.0
 40
1.0
 10
295.8961741357548
 20
559.5104865995238
 30
0.0
 10
295.8885340368909
 20
559.441398524155
 30
0.0
 10
295.8726243546072
 20
559.2975300548742
 30
0.0
 10
295.7450024809722
 20
559.1105947181113
 30
0.0
 10
295.5593730854967
 20
558.9878862066147
 30
0.0
 10
295.3461741357548
 20
558.9473288441851
 30
0.0
 10
295.132975186013
 20
558.9878862066147
 30
0.0
 10
294.9473457905374
 20
559.1105947181114
 30
0.0
 10
294.8197239169024
 20
559.2975300548742
 30
0.0
 10
294.8038142346187
 20
559.4413985241551
 30
0.0
 10
294.7961741357548
 20
559.5104865995238
 30
0.0
  0
LINE
  5
2FD
330
1F
100
AcDbEntity
  8
0
  6
Continuous
 62
     7
370
    25
100
AcDbLine
 10
232.9101114545
 20
569.5104865996
 30
0.0
 11
232.9101114545
 21
343.5104865996
 31
0.0
  0
LINE
  5
2FE
330
1F
100
AcDbEntity
  8
0
  6
Continuous
 62
     7
370
    25
100
AcDbLine
 10
232.9101114545
 20
343.5104865996
 30
0.0
 11
226.9101114545
 21
343.5104865996
 31
0.0
  0
LINE
  5
2FF
330
1F
100
AcDbEntity
  8
0
  6
Continuous
 62
     7
370
    25
100
AcDbLine
 10
226.9101114545
 20
343.5104865996
 30
0.0
 11
226.9101114545
 21
569.5104865996
 31
0.0
  0
LINE
  5
300
330
1F
100
AcDbEntity
  8
0
  6
Continuous
 62
     7
370
    25
100
AcDbLine
 10
226.9101114545
 20
569.5104865996
 30
0.0
 11
232.9101114545
 21
569.5104865996
 31
0.0
  0
LINE
  5
301
330
1F
100
AcDbEntity
  8
0
  6
Continuous
 62
     7
370
    25
100
AcDbLine
 10
294.9101114533
 20
559.827607786
 30
0.0
 11
294.9101114533
 21
559.193365413
 31
0.0
  0
LINE
  5
302
330
1F
100
AcDbEntity
  8
0
  6
Continuous
 62
     7
370
    25
100
AcDbLine
 10
362.9101114545
 20
283.5104865996
 30
0.0
 11
354.9101114545
 21
283.5104865996
 31
0.0
  0
LINE
  5
303
330
1F
100
AcDbEntity
  8
0
  6
Continuous
 62
     7
370
    25
100
AcDbLine
 10
354.9101114545
 20
343.5104865996
 30
0.0
 11
354.9101114545
 21
283.5104865996
 31
0.0
  0
LINE
  5
304
330
1F
100
AcDbEntity
  8
0
  6
Continuous
 62
     7
370
    25
100
AcDbLine
 10
362.9101114545
 20
343.5104865996
 30
0.0
 11
362.9101114545
 21
283.5104865996
 31
0.0
  0
LINE
  5
305
330
1F
100
AcDbEntity
  8
0
  6
Continuous
 62
     7
370
    25
100
AcDbLine
 10
235.9101114545
 20
283.5104865996
 30
0.0
 11
227.9101114545
 21
283.5104865996
 31
0.0
  0
LINE
  5
306
330
1F
100
AcDbEntity
  8
0
  6
Continuous
 62
     7
370
    25
100
AcDbLine
 10
227.9101114545
 20
343.5104865996
 30
0.0
 11
227.9101114545
 21
283.5104865996
 31
0.0
  0
LINE
  5
307
330
1F
100
AcDbEntity
  8
0
  6
Continuous
 62
     7
370
    25
100
AcDbLine
 10
235.9101114545
 20
343.5104865996
 30
0.0
 11
235.9101114545
 21
283.5104865996
 31
0.0
  0
LINE
  5
308
330
1F
100
AcDbEntity
  8
0
  6
Continuous
 62
     7
370
    25
100
AcDbLine
 10
354.5101114545
 20
335.5104865996
 30
0.0
 11
236.3101114545
 21
335.5104865996
 31
0.0
  0
LINE
  5
309
330
1F
100
AcDbEntity
  8
0
  6
Continuous
 62
     7
370
    25
100
AcDbLine
 10
236.3101114545
 20
335.5104865996
 30
0.0
 11
236.3101114545
 21
343.5104865996
 31
0.0
  0
LINE
  5
30A
330
1F
100
AcDbEntity
  8
0
  6
Continuous
 62
     7
370
    25
100
AcDbLine
 10
354.5101114545
 20
343.5104865996
 30
0.0
 11
354.5101114545
 21
335.5104865996
 31
0.0
  0
LINE
  5
30B
330
1F
100
AcDbEntity
  8
0
  6
Continuous
 62
     7
370
    25
100
AcDbLine
 10
235.9101114545
 20
335.5104865996
 30
0.0
 11
236.3101114545
 21
335.5104865996
 31
0.0
  0
LINE
  5
30C
330
1F
100
AcDbEntity
  8
0
  6
Continuous
 62
     7
370
    25
100
AcDbLine
 10
354.5101114545
 20
335.5104865996
 30
0.0
 11
354.9101114545
 21
335.5104865996
 31
0.0
  0
ENDSEC
  0
SECTION
  2
OBJECTS
  0
DICTIONARY
  5
C
330
0
100
AcDbDictionary
281
     1
  3
ACAD_GROUP
350
D
  3
ACAD_LAYOUT
350
1A
  3
ACAD_MLINESTYLE
350
17
  3
ACAD_PLOTSETTINGS
350
19
  3
ACAD_PLOTSTYLENAME
350
E
  3
ACAD_SCALELIST
350
47
  3
DWGPROPS
350
30D
  0
DICTIONARY
  5
D
102
{ACAD_REACTORS
330
C
102
}
330
C
100
AcDbDictionary
281
     1
  0
DICTIONARY
  5
1A
102
{ACAD_REACTORS
330
C
102
}
330
C
100
AcDbDictionary
281
     1
  3
Layout1
350
1E
  3
Layout2
350
26
  3
Model
350
22
  0
DICTIONARY
  5
17
102
{ACAD_REACTORS
330
C
102
}
330
C
100
AcDbDictionary
281
     1
  3
Standard
350
18
  0
DICTIONARY
  5
19
102
{ACAD_REACTORS
330
C
102
}
330
C
100
AcDbDictionary
281
     1
  0
ACDBDICTIONARYWDFLT
  5
E
102
{ACAD_REACTORS
330
C
102
}
330
C
100
AcDbDictionary
281
     1
  3
Normal
350
F
100
AcDbDictionaryWithDefault
340
F
  0
DICTIONARY
  5
47
102
{ACAD_REACTORS
330
C
102
}
330
C
100
AcDbDictionary
281
     1
  3
A0
350
48
  3
A1
350
49
  3
A2
350
4A
  3
A3
350
4B
  3
A4
350
4C
  3
A5
350
4D
  3
A6
350
4E
  3
A7
350
4F
  3
A8
350
50
  3
A9
350
51
  3
B0
350
52
  3
B1
350
53
  3
B2
350
54
  3
B3
350
55
  3
B4
350
56
  3
B5
350
57
  3
B6
350
58
  0
XRECORD
  5
30D
102
{ACAD_REACTORS
330
C
102
}
330
C
100
AcDbXrecord
280
     1
  1
DWGPROPS COOKIE
  2

  3

  4

  6

  7

  8
jhu
  9

300
=
301
=
302
=
303
=
304
=
305
=
306
=
307
=
308
=
309
=
 40
0.0
 41
2460341.492111077
 42
2460341.492113738
  1

 90
        0
  0
LAYOUT
  5
1E
102
{ACAD_REACTORS
330
1A
102
}
330
1A
100
AcDbPlotSettings
  1

  2
none_device
  4

  6

 40
0.0
 41
0.0
 42
0.0
 43
0.0
 44
0.0
 45
0.0
 46
0.0
 47
0.0
 48
0.0
 49
0.0
140
0.0
141
0.0
142
1.0
143
1.0
 70
   688
 72
     1
 73
     0
 74
     5
  7

 75
    16
147
1.0
148
0.0
149
0.0
100
AcDbLayout
  1
Layout1
 70
     1
 71
     1
 10
0.0
 20
0.0
 11
420.0
 21
297.0
 12
0.0
 22
0.0
 32
0.0
 14
1.0000000000E+20
 24
1.0000000000E+20
 34
1.0000000000E+20
 15
-1.0000000000E+20
 25
-1.0000000000E+20
 35
-1.0000000000E+20
146
0.0
 13
0.0
 23
0.0
 33
0.0
 16
1.0
 26
0.0
 36
0.0
 17
0.0
 27
1.0
 37
0.0
 76
     0
330
1B
  0
LAYOUT
  5
26
102
{ACAD_REACTORS
330
1A
102
}
330
1A
100
AcDbPlotSettings
  1

  2
none_device
  4

  6

 40
0.0
 41
0.0
 42
0.0
 43
0.0
 44
0.0
 45
0.0
 46
0.0
 47
0.0
 48
0.0
 49
0.0
140
0.0
141
0.0
142
1.0
143
1.0
 70
   688
 72
     1
 73
     0
 74
     5
  7

 75
    16
147
1.0
148
0.0
149
0.0
100
AcDbLayout
  1
Layout2
 70
     1
 71
     2
 10
0.0
 20
0.0
 11
0.0
 21
0.0
 12
0.0
 22
0.0
 32
0.0
 14
0.0
 24
0.0
 34
0.0
 15
0.0
 25
0.0
 35
0.0
146
0.0
 13
0.0
 23
0.0
 33
0.0
 16
1.0
 26
0.0
 36
0.0
 17
0.0
 27
1.0
 37
0.0
 76
     0
330
23
  0
LAYOUT
  5
22
102
{ACAD_REACTORS
330
1A
102
}
330
1A
100
AcDbPlotSettings
  1

  2
none_device
  4
Letter_(8.50_x_11.00_Inches)
  6

 40
6.35
 41
6.35
 42
6.35000508
 43
6.35000508
 44
215.9
 45
279.4
 46
0.0
 47
0.0
 48
0.0
 49
0.0
140
0.0
141
0.0
142
1.0
143
1.0
 70
  1712
 72
     1
 73
     0
 74
     0
  7

 75
     0
147
1.0
148
0.0
149
0.0
100
AcDbLayout
  1
Model
 70
     1
 71
     0
 10
0.0
 20
0.0
 11
1189.0
 21
841.0
 12
0.0
 22
0.0
 32
0.0
 14
0.0
 24
0.0
 34
0.0
 15
1189.0
 25
841.0
 35
0.0
146
0.0
 13
0.0
 23
0.0
 33
0.0
 16
1.0
 26
0.0
 36
0.0
 17
0.0
 27
1.0
 37
0.0
 76
     0
330
1F
331
29
  0
MLINESTYLE
  5
18
102
{ACAD_REACTORS
330
17
102
}
330
17
100
AcDbMlineStyle
  2
Standard
 70
     0
  3

 62
   256
 51
90.0
 52
90.0
 71
     2
 49
0.5
 62
   256
  6
BYLAYER
 49
-0.5
 62
   256
  6
BYLAYER
  0
ACDBPLACEHOLDER
  5
F
102
{ACAD_REACTORS
330
E
102
}
330
E
  0
SCALE
  5
48
102
{ACAD_REACTORS
330
47
102
}
330
47
100
AcDbScale
 70
     0
300
1:1
140
1.0
141
1.0
290
     1
  0
SCALE
  5
49
102
{ACAD_REACTORS
330
47
102
}
330
47
100
AcDbScale
 70
     0
300
1:2
140
1.0
141
2.0
290
     0
  0
SCALE
  5
4A
102
{ACAD_REACTORS
330
47
102
}
330
47
100
AcDbScale
 70
     0
300
1:4
140
1.0
141
4.0
290
     0
  0
SCALE
  5
4B
102
{ACAD_REACTORS
330
47
102
}
330
47
100
AcDbScale
 70
     0
300
1:5
140
1.0
141
5.0
290
     0
  0
SCALE
  5
4C
102
{ACAD_REACTORS
330
47
102
}
330
47
100
AcDbScale
 70
     0
300
1:8
140
1.0
141
8.0
290
     0
  0
SCALE
  5
4D
102
{ACAD_REACTORS
330
47
102
}
330
47
100
AcDbScale
 70
     0
300
1:10
140
1.0
141
10.0
290
     0
  0
SCALE
  5
4E
102
{ACAD_REACTORS
330
47
102
}
330
47
100
AcDbScale
 70
     0
300
1:16
140
1.0
141
16.0
290
     0
  0
SCALE
  5
4F
102
{ACAD_REACTORS
330
47
102
}
330
47
100
AcDbScale
 70
     0
300
1:20
140
1.0
141
20.0
290
     0
  0
SCALE
  5
50
102
{ACAD_REACTORS
330
47
102
}
330
47
100
AcDbScale
 70
     0
300
1:30
140
1.0
141
30.0
290
     0
  0
SCALE
  5
51
102
{ACAD_REACTORS
330
47
102
}
330
47
100
AcDbScale
 70
     0
300
1:40
140
1.0
141
40.0
290
     0
  0
SCALE
  5
52
102
{ACAD_REACTORS
330
47
102
}
330
47
100
AcDbScale
 70
     0
300
1:50
140
1.0
141
50.0
290
     0
  0
SCALE
  5
53
102
{ACAD_REACTORS
330
47
102
}
330
47
100
AcDbScale
 70
     0
300
1:100
140
1.0
141
100.0
290
     0
  0
SCALE
  5
54
102
{ACAD_REACTORS
330
47
102
}
330
47
100
AcDbScale
 70
     0
300
2:1
140
2.0
141
1.0
290
     0
  0
SCALE
  5
55
102
{ACAD_REACTORS
330
47
102
}
330
47
100
AcDbScale
 70
     0
300
4:1
140
4.0
141
1.0
290
     0
  0
SCALE
  5
56
102
{ACAD_REACTORS
330
47
102
}
330
47
100
AcDbScale
 70
     0
300
8:1
140
8.0
141
1.0
290
     0
  0
SCALE
  5
57
102
{ACAD_REACTORS
330
47
102
}
330
47
100
AcDbScale
 70
     0
300
10:1
140
10.0
141
1.0
290
     0
  0
SCALE
  5
58
102
{ACAD_REACTORS
330
47
102
}
330
47
100
AcDbScale
 70
     0
300
100:1
140
100.0
141
1.0
290
     0
  0
ENDSEC
  0
EOF
