ISO-10303-21;
HEADER;
FILE_DESCRIPTION(('FreeCAD Model'),'2;1');
FILE_NAME('Open CASCADE Shape Model','2026-09-11T11:16:59',('Author'),(
    ''),'Open CASCADE STEP processor 7.8','FreeCAD','Unknown');
FILE_SCHEMA(('AUTOMOTIVE_DESIGN { 1 0 10303 214 1 1 1 1 }'));
ENDSEC;
DATA;
#1 = APPLICATION_PROTOCOL_DEFINITION('international standard',
  'automotive_design',2000,#2);
#2 = APPLICATION_CONTEXT(
  'core data for automotive mechanical design processes');
#3 = SHAPE_DEFINITION_REPRESENTATION(#4,#10);
#4 = PRODUCT_DEFINITION_SHAPE('','',#5);
#5 = PRODUCT_DEFINITION('design','',#6,#9);
#6 = PRODUCT_DEFINITION_FORMATION('','',#7);
#7 = PRODUCT('TB001_D07','TB001_D07','',(#8));
#8 = PRODUCT_CONTEXT('',#2,'mechanical');
#9 = PRODUCT_DEFINITION_CONTEXT('part definition',#2,'design');
#10 = SHAPE_REPRESENTATION('',(#11,#15,#19,#23,#27,#31,#35,#39,#43,#47,
    #51,#55,#59,#63,#67,#71,#75,#79,#83,#87,#91,#95,#99,#103,#107,#111,
    #115,#119,#123,#127,#131,#135,#139,#143,#147,#151,#155,#159,#163,
    #167,#171,#175,#179),#183);
#11 = AXIS2_PLACEMENT_3D('',#12,#13,#14);
#12 = CARTESIAN_POINT('',(0.,0.,0.));
#13 = DIRECTION('',(0.,0.,1.));
#14 = DIRECTION('',(1.,0.,-0.));
#15 = AXIS2_PLACEMENT_3D('',#16,#17,#18);
#16 = CARTESIAN_POINT('',(0.,0.,0.));
#17 = DIRECTION('',(0.,0.,1.));
#18 = DIRECTION('',(1.,0.,0.));
#19 = AXIS2_PLACEMENT_3D('',#20,#21,#22);
#20 = CARTESIAN_POINT('',(0.,0.,0.));
#21 = DIRECTION('',(0.,0.,1.));
#22 = DIRECTION('',(1.,0.,0.));
#23 = AXIS2_PLACEMENT_3D('',#24,#25,#26);
#24 = CARTESIAN_POINT('',(0.,0.,0.));
#25 = DIRECTION('',(0.,0.,1.));
#26 = DIRECTION('',(1.,0.,0.));
#27 = AXIS2_PLACEMENT_3D('',#28,#29,#30);
#28 = CARTESIAN_POINT('',(0.,0.,0.));
#29 = DIRECTION('',(0.,0.,1.));
#30 = DIRECTION('',(1.,0.,0.));
#31 = AXIS2_PLACEMENT_3D('',#32,#33,#34);
#32 = CARTESIAN_POINT('',(0.,0.,0.));
#33 = DIRECTION('',(0.,0.,1.));
#34 = DIRECTION('',(1.,0.,0.));
#35 = AXIS2_PLACEMENT_3D('',#36,#37,#38);
#36 = CARTESIAN_POINT('',(0.,0.,0.));
#37 = DIRECTION('',(0.,0.,1.));
#38 = DIRECTION('',(1.,0.,0.));
#39 = AXIS2_PLACEMENT_3D('',#40,#41,#42);
#40 = CARTESIAN_POINT('',(0.,0.,0.));
#41 = DIRECTION('',(0.,0.,1.));
#42 = DIRECTION('',(1.,0.,0.));
#43 = AXIS2_PLACEMENT_3D('',#44,#45,#46);
#44 = CARTESIAN_POINT('',(0.,0.,0.));
#45 = DIRECTION('',(0.,0.,1.));
#46 = DIRECTION('',(1.,0.,0.));
#47 = AXIS2_PLACEMENT_3D('',#48,#49,#50);
#48 = CARTESIAN_POINT('',(0.,0.,0.));
#49 = DIRECTION('',(0.,0.,1.));
#50 = DIRECTION('',(1.,0.,0.));
#51 = AXIS2_PLACEMENT_3D('',#52,#53,#54);
#52 = CARTESIAN_POINT('',(0.,0.,0.));
#53 = DIRECTION('',(0.,0.,1.));
#54 = DIRECTION('',(1.,0.,0.));
#55 = AXIS2_PLACEMENT_3D('',#56,#57,#58);
#56 = CARTESIAN_POINT('',(0.,0.,0.));
#57 = DIRECTION('',(0.,0.,1.));
#58 = DIRECTION('',(1.,0.,0.));
#59 = AXIS2_PLACEMENT_3D('',#60,#61,#62);
#60 = CARTESIAN_POINT('',(0.,0.,0.));
#61 = DIRECTION('',(0.,0.,1.));
#62 = DIRECTION('',(1.,0.,0.));
#63 = AXIS2_PLACEMENT_3D('',#64,#65,#66);
#64 = CARTESIAN_POINT('',(0.,0.,0.));
#65 = DIRECTION('',(0.,0.,1.));
#66 = DIRECTION('',(1.,0.,0.));
#67 = AXIS2_PLACEMENT_3D('',#68,#69,#70);
#68 = CARTESIAN_POINT('',(0.,0.,0.));
#69 = DIRECTION('',(0.,0.,1.));
#70 = DIRECTION('',(1.,0.,0.));
#71 = AXIS2_PLACEMENT_3D('',#72,#73,#74);
#72 = CARTESIAN_POINT('',(0.,0.,0.));
#73 = DIRECTION('',(0.,0.,1.));
#74 = DIRECTION('',(1.,0.,0.));
#75 = AXIS2_PLACEMENT_3D('',#76,#77,#78);
#76 = CARTESIAN_POINT('',(0.,0.,0.));
#77 = DIRECTION('',(0.,0.,1.));
#78 = DIRECTION('',(1.,0.,0.));
#79 = AXIS2_PLACEMENT_3D('',#80,#81,#82);
#80 = CARTESIAN_POINT('',(0.,0.,0.));
#81 = DIRECTION('',(0.,0.,1.));
#82 = DIRECTION('',(1.,0.,0.));
#83 = AXIS2_PLACEMENT_3D('',#84,#85,#86);
#84 = CARTESIAN_POINT('',(0.,0.,0.));
#85 = DIRECTION('',(0.,0.,1.));
#86 = DIRECTION('',(1.,0.,0.));
#87 = AXIS2_PLACEMENT_3D('',#88,#89,#90);
#88 = CARTESIAN_POINT('',(0.,0.,0.));
#89 = DIRECTION('',(0.,0.,1.));
#90 = DIRECTION('',(1.,0.,0.));
#91 = AXIS2_PLACEMENT_3D('',#92,#93,#94);
#92 = CARTESIAN_POINT('',(0.,0.,0.));
#93 = DIRECTION('',(0.,0.,1.));
#94 = DIRECTION('',(1.,0.,0.));
#95 = AXIS2_PLACEMENT_3D('',#96,#97,#98);
#96 = CARTESIAN_POINT('',(0.,0.,0.));
#97 = DIRECTION('',(0.,0.,1.));
#98 = DIRECTION('',(1.,0.,0.));
#99 = AXIS2_PLACEMENT_3D('',#100,#101,#102);
#100 = CARTESIAN_POINT('',(0.,0.,0.));
#101 = DIRECTION('',(0.,0.,1.));
#102 = DIRECTION('',(1.,0.,0.));
#103 = AXIS2_PLACEMENT_3D('',#104,#105,#106);
#104 = CARTESIAN_POINT('',(0.,0.,0.));
#105 = DIRECTION('',(0.,0.,1.));
#106 = DIRECTION('',(1.,0.,0.));
#107 = AXIS2_PLACEMENT_3D('',#108,#109,#110);
#108 = CARTESIAN_POINT('',(0.,0.,0.));
#109 = DIRECTION('',(0.,0.,1.));
#110 = DIRECTION('',(1.,0.,0.));
#111 = AXIS2_PLACEMENT_3D('',#112,#113,#114);
#112 = CARTESIAN_POINT('',(0.,0.,0.));
#113 = DIRECTION('',(0.,0.,1.));
#114 = DIRECTION('',(1.,0.,0.));
#115 = AXIS2_PLACEMENT_3D('',#116,#117,#118);
#116 = CARTESIAN_POINT('',(0.,0.,0.));
#117 = DIRECTION('',(0.,0.,1.));
#118 = DIRECTION('',(1.,0.,0.));
#119 = AXIS2_PLACEMENT_3D('',#120,#121,#122);
#120 = CARTESIAN_POINT('',(0.,0.,0.));
#121 = DIRECTION('',(0.,0.,1.));
#122 = DIRECTION('',(1.,0.,0.));
#123 = AXIS2_PLACEMENT_3D('',#124,#125,#126);
#124 = CARTESIAN_POINT('',(0.,0.,0.));
#125 = DIRECTION('',(0.,0.,1.));
#126 = DIRECTION('',(1.,0.,0.));
#127 = AXIS2_PLACEMENT_3D('',#128,#129,#130);
#128 = CARTESIAN_POINT('',(0.,0.,0.));
#129 = DIRECTION('',(0.,0.,1.));
#130 = DIRECTION('',(1.,0.,0.));
#131 = AXIS2_PLACEMENT_3D('',#132,#133,#134);
#132 = CARTESIAN_POINT('',(0.,0.,0.));
#133 = DIRECTION('',(0.,0.,1.));
#134 = DIRECTION('',(1.,0.,0.));
#135 = AXIS2_PLACEMENT_3D('',#136,#137,#138);
#136 = CARTESIAN_POINT('',(0.,0.,0.));
#137 = DIRECTION('',(0.,0.,1.));
#138 = DIRECTION('',(1.,0.,0.));
#139 = AXIS2_PLACEMENT_3D('',#140,#141,#142);
#140 = CARTESIAN_POINT('',(0.,0.,0.));
#141 = DIRECTION('',(0.,0.,1.));
#142 = DIRECTION('',(1.,0.,0.));
#143 = AXIS2_PLACEMENT_3D('',#144,#145,#146);
#144 = CARTESIAN_POINT('',(0.,0.,0.));
#145 = DIRECTION('',(0.,0.,1.));
#146 = DIRECTION('',(1.,0.,0.));
#147 = AXIS2_PLACEMENT_3D('',#148,#149,#150);
#148 = CARTESIAN_POINT('',(0.,0.,0.));
#149 = DIRECTION('',(0.,0.,1.));
#150 = DIRECTION('',(1.,0.,0.));
#151 = AXIS2_PLACEMENT_3D('',#152,#153,#154);
#152 = CARTESIAN_POINT('',(0.,0.,0.));
#153 = DIRECTION('',(0.,0.,1.));
#154 = DIRECTION('',(1.,0.,0.));
#155 = AXIS2_PLACEMENT_3D('',#156,#157,#158);
#156 = CARTESIAN_POINT('',(0.,0.,0.));
#157 = DIRECTION('',(0.,0.,1.));
#158 = DIRECTION('',(1.,0.,0.));
#159 = AXIS2_PLACEMENT_3D('',#160,#161,#162);
#160 = CARTESIAN_POINT('',(0.,0.,0.));
#161 = DIRECTION('',(0.,0.,1.));
#162 = DIRECTION('',(1.,0.,0.));
#163 = AXIS2_PLACEMENT_3D('',#164,#165,#166);
#164 = CARTESIAN_POINT('',(0.,0.,0.));
#165 = DIRECTION('',(0.,0.,1.));
#166 = DIRECTION('',(1.,0.,0.));
#167 = AXIS2_PLACEMENT_3D('',#168,#169,#170);
#168 = CARTESIAN_POINT('',(0.,0.,0.));
#169 = DIRECTION('',(0.,0.,1.));
#170 = DIRECTION('',(1.,0.,0.));
#171 = AXIS2_PLACEMENT_3D('',#172,#173,#174);
#172 = CARTESIAN_POINT('',(0.,0.,0.));
#173 = DIRECTION('',(0.,0.,1.));
#174 = DIRECTION('',(1.,0.,0.));
#175 = AXIS2_PLACEMENT_3D('',#176,#177,#178);
#176 = CARTESIAN_POINT('',(0.,0.,0.));
#177 = DIRECTION('',(0.,0.,1.));
#178 = DIRECTION('',(1.,0.,0.));
#179 = AXIS2_PLACEMENT_3D('',#180,#181,#182);
#180 = CARTESIAN_POINT('',(0.,0.,0.));
#181 = DIRECTION('',(0.,0.,1.));
#182 = DIRECTION('',(1.,0.,0.));
#183 = ( GEOMETRIC_REPRESENTATION_CONTEXT(3) 
GLOBAL_UNCERTAINTY_ASSIGNED_CONTEXT((#187)) GLOBAL_UNIT_ASSIGNED_CONTEXT
((#184,#185,#186)) REPRESENTATION_CONTEXT('Context #1',
  '3D Context with UNIT and UNCERTAINTY') );
#184 = ( LENGTH_UNIT() NAMED_UNIT(*) SI_UNIT(.MILLI.,.METRE.) );
#185 = ( NAMED_UNIT(*) PLANE_ANGLE_UNIT() SI_UNIT($,.RADIAN.) );
#186 = ( NAMED_UNIT(*) SI_UNIT($,.STERADIAN.) SOLID_ANGLE_UNIT() );
#187 = UNCERTAINTY_MEASURE_WITH_UNIT(LENGTH_MEASURE(1.E-07),#184,
  'distance_accuracy_value','confusion accuracy');
#188 = PRODUCT_RELATED_PRODUCT_CATEGORY('part',$,(#7));
#189 = SHAPE_DEFINITION_REPRESENTATION(#190,#196);
#190 = PRODUCT_DEFINITION_SHAPE('','',#191);
#191 = PRODUCT_DEFINITION('design','',#192,#195);
#192 = PRODUCT_DEFINITION_FORMATION('','',#193);
#193 = PRODUCT('P01 Upper circular maple top with grip recess',
  'P01 Upper circular maple top with grip recess','',(#194));
#194 = PRODUCT_CONTEXT('',#2,'mechanical');
#195 = PRODUCT_DEFINITION_CONTEXT('part definition',#2,'design');
#196 = ADVANCED_BREP_SHAPE_REPRESENTATION('',(#11,#197),#386);
#197 = MANIFOLD_SOLID_BREP('',#198);
#198 = CLOSED_SHELL('',(#199,#232,#275,#318,#340,#357,#374));
#199 = ADVANCED_FACE('',(#200),#227,.T.);
#200 = FACE_BOUND('',#201,.T.);
#201 = EDGE_LOOP('',(#202,#211,#219,#226));
#202 = ORIENTED_EDGE('',*,*,#203,.F.);
#203 = EDGE_CURVE('',#204,#204,#206,.T.);
#204 = VERTEX_POINT('',#205);
#205 = CARTESIAN_POINT('',(325.,-7.960204194458E-14,550.));
#206 = CIRCLE('',#207,325.);
#207 = AXIS2_PLACEMENT_3D('',#208,#209,#210);
#208 = CARTESIAN_POINT('',(0.,0.,550.));
#209 = DIRECTION('',(0.,0.,1.));
#210 = DIRECTION('',(1.,0.,-0.));
#211 = ORIENTED_EDGE('',*,*,#212,.F.);
#212 = EDGE_CURVE('',#213,#204,#215,.T.);
#213 = VERTEX_POINT('',#214);
#214 = CARTESIAN_POINT('',(325.,-7.960204194458E-14,530.));
#215 = LINE('',#216,#217);
#216 = CARTESIAN_POINT('',(325.,-7.960204194458E-14,530.));
#217 = VECTOR('',#218,1.);
#218 = DIRECTION('',(0.,0.,1.));
#219 = ORIENTED_EDGE('',*,*,#220,.T.);
#220 = EDGE_CURVE('',#213,#213,#221,.T.);
#221 = CIRCLE('',#222,325.);
#222 = AXIS2_PLACEMENT_3D('',#223,#224,#225);
#223 = CARTESIAN_POINT('',(0.,0.,530.));
#224 = DIRECTION('',(0.,0.,1.));
#225 = DIRECTION('',(1.,0.,-0.));
#226 = ORIENTED_EDGE('',*,*,#212,.T.);
#227 = CYLINDRICAL_SURFACE('',#228,325.);
#228 = AXIS2_PLACEMENT_3D('',#229,#230,#231);
#229 = CARTESIAN_POINT('',(0.,0.,530.));
#230 = DIRECTION('',(0.,0.,1.));
#231 = DIRECTION('',(1.,0.,-0.));
#232 = ADVANCED_FACE('',(#233,#236),#270,.T.);
#233 = FACE_BOUND('',#234,.T.);
#234 = EDGE_LOOP('',(#235));
#235 = ORIENTED_EDGE('',*,*,#203,.T.);
#236 = FACE_BOUND('',#237,.T.);
#237 = EDGE_LOOP('',(#238,#248,#256,#264));
#238 = ORIENTED_EDGE('',*,*,#239,.F.);
#239 = EDGE_CURVE('',#240,#242,#244,.T.);
#240 = VERTEX_POINT('',#241);
#241 = CARTESIAN_POINT('',(-67.5,-35.,550.));
#242 = VERTEX_POINT('',#243);
#243 = CARTESIAN_POINT('',(67.5,-35.,550.));
#244 = LINE('',#245,#246);
#245 = CARTESIAN_POINT('',(-67.5,-35.,550.));
#246 = VECTOR('',#247,1.);
#247 = DIRECTION('',(1.,0.,-0.));
#248 = ORIENTED_EDGE('',*,*,#249,.T.);
#249 = EDGE_CURVE('',#240,#250,#252,.T.);
#250 = VERTEX_POINT('',#251);
#251 = CARTESIAN_POINT('',(-67.5,35.,550.));
#252 = LINE('',#253,#254);
#253 = CARTESIAN_POINT('',(-67.5,-35.,550.));
#254 = VECTOR('',#255,1.);
#255 = DIRECTION('',(-0.,1.,0.));
#256 = ORIENTED_EDGE('',*,*,#257,.T.);
#257 = EDGE_CURVE('',#250,#258,#260,.T.);
#258 = VERTEX_POINT('',#259);
#259 = CARTESIAN_POINT('',(67.5,35.,550.));
#260 = LINE('',#261,#262);
#261 = CARTESIAN_POINT('',(-67.5,35.,550.));
#262 = VECTOR('',#263,1.);
#263 = DIRECTION('',(1.,0.,-0.));
#264 = ORIENTED_EDGE('',*,*,#265,.F.);
#265 = EDGE_CURVE('',#242,#258,#266,.T.);
#266 = LINE('',#267,#268);
#267 = CARTESIAN_POINT('',(67.5,-35.,550.));
#268 = VECTOR('',#269,1.);
#269 = DIRECTION('',(-0.,1.,0.));
#270 = PLANE('',#271);
#271 = AXIS2_PLACEMENT_3D('',#272,#273,#274);
#272 = CARTESIAN_POINT('',(0.,0.,550.));
#273 = DIRECTION('',(0.,0.,1.));
#274 = DIRECTION('',(1.,0.,-0.));
#275 = ADVANCED_FACE('',(#276,#279),#313,.F.);
#276 = FACE_BOUND('',#277,.F.);
#277 = EDGE_LOOP('',(#278));
#278 = ORIENTED_EDGE('',*,*,#220,.T.);
#279 = FACE_BOUND('',#280,.F.);
#280 = EDGE_LOOP('',(#281,#291,#299,#307));
#281 = ORIENTED_EDGE('',*,*,#282,.F.);
#282 = EDGE_CURVE('',#283,#285,#287,.T.);
#283 = VERTEX_POINT('',#284);
#284 = CARTESIAN_POINT('',(-67.5,-35.,530.));
#285 = VERTEX_POINT('',#286);
#286 = CARTESIAN_POINT('',(67.5,-35.,530.));
#287 = LINE('',#288,#289);
#288 = CARTESIAN_POINT('',(-67.5,-35.,530.));
#289 = VECTOR('',#290,1.);
#290 = DIRECTION('',(1.,0.,-0.));
#291 = ORIENTED_EDGE('',*,*,#292,.T.);
#292 = EDGE_CURVE('',#283,#293,#295,.T.);
#293 = VERTEX_POINT('',#294);
#294 = CARTESIAN_POINT('',(-67.5,35.,530.));
#295 = LINE('',#296,#297);
#296 = CARTESIAN_POINT('',(-67.5,-35.,530.));
#297 = VECTOR('',#298,1.);
#298 = DIRECTION('',(-0.,1.,0.));
#299 = ORIENTED_EDGE('',*,*,#300,.T.);
#300 = EDGE_CURVE('',#293,#301,#303,.T.);
#301 = VERTEX_POINT('',#302);
#302 = CARTESIAN_POINT('',(67.5,35.,530.));
#303 = LINE('',#304,#305);
#304 = CARTESIAN_POINT('',(-67.5,35.,530.));
#305 = VECTOR('',#306,1.);
#306 = DIRECTION('',(1.,0.,-0.));
#307 = ORIENTED_EDGE('',*,*,#308,.F.);
#308 = EDGE_CURVE('',#285,#301,#309,.T.);
#309 = LINE('',#310,#311);
#310 = CARTESIAN_POINT('',(67.5,-35.,530.));
#311 = VECTOR('',#312,1.);
#312 = DIRECTION('',(-0.,1.,0.));
#313 = PLANE('',#314);
#314 = AXIS2_PLACEMENT_3D('',#315,#316,#317);
#315 = CARTESIAN_POINT('',(0.,0.,530.));
#316 = DIRECTION('',(0.,0.,1.));
#317 = DIRECTION('',(1.,0.,-0.));
#318 = ADVANCED_FACE('',(#319),#335,.T.);
#319 = FACE_BOUND('',#320,.T.);
#320 = EDGE_LOOP('',(#321,#322,#328,#329));
#321 = ORIENTED_EDGE('',*,*,#282,.F.);
#322 = ORIENTED_EDGE('',*,*,#323,.T.);
#323 = EDGE_CURVE('',#283,#240,#324,.T.);
#324 = LINE('',#325,#326);
#325 = CARTESIAN_POINT('',(-67.5,-35.,530.));
#326 = VECTOR('',#327,1.);
#327 = DIRECTION('',(0.,0.,1.));
#328 = ORIENTED_EDGE('',*,*,#239,.T.);
#329 = ORIENTED_EDGE('',*,*,#330,.F.);
#330 = EDGE_CURVE('',#285,#242,#331,.T.);
#331 = LINE('',#332,#333);
#332 = CARTESIAN_POINT('',(67.5,-35.,530.));
#333 = VECTOR('',#334,1.);
#334 = DIRECTION('',(0.,0.,1.));
#335 = PLANE('',#336);
#336 = AXIS2_PLACEMENT_3D('',#337,#338,#339);
#337 = CARTESIAN_POINT('',(-67.5,-35.,530.));
#338 = DIRECTION('',(-0.,1.,0.));
#339 = DIRECTION('',(0.,0.,1.));
#340 = ADVANCED_FACE('',(#341),#352,.F.);
#341 = FACE_BOUND('',#342,.F.);
#342 = EDGE_LOOP('',(#343,#344,#345,#351));
#343 = ORIENTED_EDGE('',*,*,#330,.F.);
#344 = ORIENTED_EDGE('',*,*,#308,.T.);
#345 = ORIENTED_EDGE('',*,*,#346,.T.);
#346 = EDGE_CURVE('',#301,#258,#347,.T.);
#347 = LINE('',#348,#349);
#348 = CARTESIAN_POINT('',(67.5,35.,530.));
#349 = VECTOR('',#350,1.);
#350 = DIRECTION('',(0.,0.,1.));
#351 = ORIENTED_EDGE('',*,*,#265,.F.);
#352 = PLANE('',#353);
#353 = AXIS2_PLACEMENT_3D('',#354,#355,#356);
#354 = CARTESIAN_POINT('',(67.5,-35.,530.));
#355 = DIRECTION('',(1.,0.,-0.));
#356 = DIRECTION('',(0.,0.,1.));
#357 = ADVANCED_FACE('',(#358),#369,.F.);
#358 = FACE_BOUND('',#359,.F.);
#359 = EDGE_LOOP('',(#360,#361,#367,#368));
#360 = ORIENTED_EDGE('',*,*,#300,.F.);
#361 = ORIENTED_EDGE('',*,*,#362,.T.);
#362 = EDGE_CURVE('',#293,#250,#363,.T.);
#363 = LINE('',#364,#365);
#364 = CARTESIAN_POINT('',(-67.5,35.,530.));
#365 = VECTOR('',#366,1.);
#366 = DIRECTION('',(0.,0.,1.));
#367 = ORIENTED_EDGE('',*,*,#257,.T.);
#368 = ORIENTED_EDGE('',*,*,#346,.F.);
#369 = PLANE('',#370);
#370 = AXIS2_PLACEMENT_3D('',#371,#372,#373);
#371 = CARTESIAN_POINT('',(-67.5,35.,530.));
#372 = DIRECTION('',(-0.,1.,0.));
#373 = DIRECTION('',(0.,0.,1.));
#374 = ADVANCED_FACE('',(#375),#381,.T.);
#375 = FACE_BOUND('',#376,.T.);
#376 = EDGE_LOOP('',(#377,#378,#379,#380));
#377 = ORIENTED_EDGE('',*,*,#323,.F.);
#378 = ORIENTED_EDGE('',*,*,#292,.T.);
#379 = ORIENTED_EDGE('',*,*,#362,.T.);
#380 = ORIENTED_EDGE('',*,*,#249,.F.);
#381 = PLANE('',#382);
#382 = AXIS2_PLACEMENT_3D('',#383,#384,#385);
#383 = CARTESIAN_POINT('',(-67.5,-35.,530.));
#384 = DIRECTION('',(1.,0.,-0.));
#385 = DIRECTION('',(0.,0.,1.));
#386 = ( GEOMETRIC_REPRESENTATION_CONTEXT(3) 
GLOBAL_UNCERTAINTY_ASSIGNED_CONTEXT((#390)) GLOBAL_UNIT_ASSIGNED_CONTEXT
((#387,#388,#389)) REPRESENTATION_CONTEXT('Context #1',
  '3D Context with UNIT and UNCERTAINTY') );
#387 = ( LENGTH_UNIT() NAMED_UNIT(*) SI_UNIT(.MILLI.,.METRE.) );
#388 = ( NAMED_UNIT(*) PLANE_ANGLE_UNIT() SI_UNIT($,.RADIAN.) );
#389 = ( NAMED_UNIT(*) SI_UNIT($,.STERADIAN.) SOLID_ANGLE_UNIT() );
#390 = UNCERTAINTY_MEASURE_WITH_UNIT(LENGTH_MEASURE(1.E-07),#387,
  'distance_accuracy_value','confusion accuracy');
#391 = CONTEXT_DEPENDENT_SHAPE_REPRESENTATION(#392,#394);
#392 = ( REPRESENTATION_RELATIONSHIP('','',#196,#10) 
REPRESENTATION_RELATIONSHIP_WITH_TRANSFORMATION(#393) 
SHAPE_REPRESENTATION_RELATIONSHIP() );
#393 = ITEM_DEFINED_TRANSFORMATION('','',#11,#15);
#394 = PRODUCT_DEFINITION_SHAPE('Placement','Placement of an item',#395
  );
#395 = NEXT_ASSEMBLY_USAGE_OCCURRENCE('1',
  'P01 Upper circular maple top with grip recess','',#5,#191,$);
#396 = PRODUCT_RELATED_PRODUCT_CATEGORY('part',$,(#193));
#397 = SHAPE_DEFINITION_REPRESENTATION(#398,#404);
#398 = PRODUCT_DEFINITION_SHAPE('','',#399);
#399 = PRODUCT_DEFINITION('design','',#400,#403);
#400 = PRODUCT_DEFINITION_FORMATION('','',#401);
#401 = PRODUCT('P02 Grip mitred strip north',
  'P02 Grip mitred strip north','',(#402));
#402 = PRODUCT_CONTEXT('',#2,'mechanical');
#403 = PRODUCT_DEFINITION_CONTEXT('part definition',#2,'design');
#404 = ADVANCED_BREP_SHAPE_REPRESENTATION('',(#11,#405),#555);
#405 = MANIFOLD_SOLID_BREP('',#406);
#406 = CLOSED_SHELL('',(#407,#447,#478,#502,#526,#543));
#407 = ADVANCED_FACE('',(#408),#442,.T.);
#408 = FACE_BOUND('',#409,.T.);
#409 = EDGE_LOOP('',(#410,#420,#428,#436));
#410 = ORIENTED_EDGE('',*,*,#411,.F.);
#411 = EDGE_CURVE('',#412,#414,#416,.T.);
#412 = VERTEX_POINT('',#413);
#413 = CARTESIAN_POINT('',(-67.5,35.,530.));
#414 = VERTEX_POINT('',#415);
#415 = CARTESIAN_POINT('',(67.5,35.,530.));
#416 = LINE('',#417,#418);
#417 = CARTESIAN_POINT('',(-67.5,35.,530.));
#418 = VECTOR('',#419,1.);
#419 = DIRECTION('',(1.,0.,-0.));
#420 = ORIENTED_EDGE('',*,*,#421,.T.);
#421 = EDGE_CURVE('',#412,#422,#424,.T.);
#422 = VERTEX_POINT('',#423);
#423 = CARTESIAN_POINT('',(-67.5,35.,550.));
#424 = LINE('',#425,#426);
#425 = CARTESIAN_POINT('',(-67.5,35.,530.));
#426 = VECTOR('',#427,1.);
#427 = DIRECTION('',(0.,0.,1.));
#428 = ORIENTED_EDGE('',*,*,#429,.T.);
#429 = EDGE_CURVE('',#422,#430,#432,.T.);
#430 = VERTEX_POINT('',#431);
#431 = CARTESIAN_POINT('',(67.5,35.,550.));
#432 = LINE('',#433,#434);
#433 = CARTESIAN_POINT('',(-67.5,35.,550.));
#434 = VECTOR('',#435,1.);
#435 = DIRECTION('',(1.,0.,-0.));
#436 = ORIENTED_EDGE('',*,*,#437,.F.);
#437 = EDGE_CURVE('',#414,#430,#438,.T.);
#438 = LINE('',#439,#440);
#439 = CARTESIAN_POINT('',(67.5,35.,530.));
#440 = VECTOR('',#441,1.);
#441 = DIRECTION('',(0.,0.,1.));
#442 = PLANE('',#443);
#443 = AXIS2_PLACEMENT_3D('',#444,#445,#446);
#444 = CARTESIAN_POINT('',(-67.5,35.,530.));
#445 = DIRECTION('',(-0.,1.,0.));
#446 = DIRECTION('',(0.,0.,1.));
#447 = ADVANCED_FACE('',(#448),#473,.F.);
#448 = FACE_BOUND('',#449,.F.);
#449 = EDGE_LOOP('',(#450,#451,#459,#467));
#450 = ORIENTED_EDGE('',*,*,#411,.F.);
#451 = ORIENTED_EDGE('',*,*,#452,.F.);
#452 = EDGE_CURVE('',#453,#412,#455,.T.);
#453 = VERTEX_POINT('',#454);
#454 = CARTESIAN_POINT('',(-47.5,15.,530.));
#455 = LINE('',#456,#457);
#456 = CARTESIAN_POINT('',(-32.5,0.,530.));
#457 = VECTOR('',#458,1.);
#458 = DIRECTION('',(-0.707106781187,0.707106781187,0.));
#459 = ORIENTED_EDGE('',*,*,#460,.T.);
#460 = EDGE_CURVE('',#453,#461,#463,.T.);
#461 = VERTEX_POINT('',#462);
#462 = CARTESIAN_POINT('',(47.5,15.,530.));
#463 = LINE('',#464,#465);
#464 = CARTESIAN_POINT('',(-47.5,15.,530.));
#465 = VECTOR('',#466,1.);
#466 = DIRECTION('',(1.,0.,-0.));
#467 = ORIENTED_EDGE('',*,*,#468,.F.);
#468 = EDGE_CURVE('',#414,#461,#469,.T.);
#469 = LINE('',#470,#471);
#470 = CARTESIAN_POINT('',(67.5,35.,530.));
#471 = VECTOR('',#472,1.);
#472 = DIRECTION('',(-0.707106781187,-0.707106781187,0.));
#473 = PLANE('',#474);
#474 = AXIS2_PLACEMENT_3D('',#475,#476,#477);
#475 = CARTESIAN_POINT('',(-67.5,-35.,530.));
#476 = DIRECTION('',(0.,0.,1.));
#477 = DIRECTION('',(1.,0.,-0.));
#478 = ADVANCED_FACE('',(#479),#497,.T.);
#479 = FACE_BOUND('',#480,.T.);
#480 = EDGE_LOOP('',(#481,#482,#483,#491));
#481 = ORIENTED_EDGE('',*,*,#468,.F.);
#482 = ORIENTED_EDGE('',*,*,#437,.T.);
#483 = ORIENTED_EDGE('',*,*,#484,.T.);
#484 = EDGE_CURVE('',#430,#485,#487,.T.);
#485 = VERTEX_POINT('',#486);
#486 = CARTESIAN_POINT('',(47.5,15.,550.));
#487 = LINE('',#488,#489);
#488 = CARTESIAN_POINT('',(67.5,35.,550.));
#489 = VECTOR('',#490,1.);
#490 = DIRECTION('',(-0.707106781187,-0.707106781187,0.));
#491 = ORIENTED_EDGE('',*,*,#492,.F.);
#492 = EDGE_CURVE('',#461,#485,#493,.T.);
#493 = LINE('',#494,#495);
#494 = CARTESIAN_POINT('',(47.5,15.,530.));
#495 = VECTOR('',#496,1.);
#496 = DIRECTION('',(0.,0.,1.));
#497 = PLANE('',#498);
#498 = AXIS2_PLACEMENT_3D('',#499,#500,#501);
#499 = CARTESIAN_POINT('',(67.5,35.,530.));
#500 = DIRECTION('',(0.707106781187,-0.707106781187,0.));
#501 = DIRECTION('',(-0.707106781187,-0.707106781187,0.));
#502 = ADVANCED_FACE('',(#503),#521,.T.);
#503 = FACE_BOUND('',#504,.T.);
#504 = EDGE_LOOP('',(#505,#506,#514,#520));
#505 = ORIENTED_EDGE('',*,*,#429,.F.);
#506 = ORIENTED_EDGE('',*,*,#507,.F.);
#507 = EDGE_CURVE('',#508,#422,#510,.T.);
#508 = VERTEX_POINT('',#509);
#509 = CARTESIAN_POINT('',(-47.5,15.,550.));
#510 = LINE('',#511,#512);
#511 = CARTESIAN_POINT('',(-32.5,0.,550.));
#512 = VECTOR('',#513,1.);
#513 = DIRECTION('',(-0.707106781187,0.707106781187,0.));
#514 = ORIENTED_EDGE('',*,*,#515,.T.);
#515 = EDGE_CURVE('',#508,#485,#516,.T.);
#516 = LINE('',#517,#518);
#517 = CARTESIAN_POINT('',(-47.5,15.,550.));
#518 = VECTOR('',#519,1.);
#519 = DIRECTION('',(1.,0.,-0.));
#520 = ORIENTED_EDGE('',*,*,#484,.F.);
#521 = PLANE('',#522);
#522 = AXIS2_PLACEMENT_3D('',#523,#524,#525);
#523 = CARTESIAN_POINT('',(-67.5,-35.,550.));
#524 = DIRECTION('',(0.,0.,1.));
#525 = DIRECTION('',(1.,0.,-0.));
#526 = ADVANCED_FACE('',(#527),#538,.T.);
#527 = FACE_BOUND('',#528,.T.);
#528 = EDGE_LOOP('',(#529,#530,#536,#537));
#529 = ORIENTED_EDGE('',*,*,#452,.F.);
#530 = ORIENTED_EDGE('',*,*,#531,.T.);
#531 = EDGE_CURVE('',#453,#508,#532,.T.);
#532 = LINE('',#533,#534);
#533 = CARTESIAN_POINT('',(-47.5,15.,530.));
#534 = VECTOR('',#535,1.);
#535 = DIRECTION('',(0.,0.,1.));
#536 = ORIENTED_EDGE('',*,*,#507,.T.);
#537 = ORIENTED_EDGE('',*,*,#421,.F.);
#538 = PLANE('',#539);
#539 = AXIS2_PLACEMENT_3D('',#540,#541,#542);
#540 = CARTESIAN_POINT('',(-32.5,0.,530.));
#541 = DIRECTION('',(-0.707106781187,-0.707106781187,0.));
#542 = DIRECTION('',(-0.707106781187,0.707106781187,0.));
#543 = ADVANCED_FACE('',(#544),#550,.F.);
#544 = FACE_BOUND('',#545,.F.);
#545 = EDGE_LOOP('',(#546,#547,#548,#549));
#546 = ORIENTED_EDGE('',*,*,#460,.F.);
#547 = ORIENTED_EDGE('',*,*,#531,.T.);
#548 = ORIENTED_EDGE('',*,*,#515,.T.);
#549 = ORIENTED_EDGE('',*,*,#492,.F.);
#550 = PLANE('',#551);
#551 = AXIS2_PLACEMENT_3D('',#552,#553,#554);
#552 = CARTESIAN_POINT('',(-47.5,15.,530.));
#553 = DIRECTION('',(-0.,1.,0.));
#554 = DIRECTION('',(0.,0.,1.));
#555 = ( GEOMETRIC_REPRESENTATION_CONTEXT(3) 
GLOBAL_UNCERTAINTY_ASSIGNED_CONTEXT((#559)) GLOBAL_UNIT_ASSIGNED_CONTEXT
((#556,#557,#558)) REPRESENTATION_CONTEXT('Context #1',
  '3D Context with UNIT and UNCERTAINTY') );
#556 = ( LENGTH_UNIT() NAMED_UNIT(*) SI_UNIT(.MILLI.,.METRE.) );
#557 = ( NAMED_UNIT(*) PLANE_ANGLE_UNIT() SI_UNIT($,.RADIAN.) );
#558 = ( NAMED_UNIT(*) SI_UNIT($,.STERADIAN.) SOLID_ANGLE_UNIT() );
#559 = UNCERTAINTY_MEASURE_WITH_UNIT(LENGTH_MEASURE(1.E-07),#556,
  'distance_accuracy_value','confusion accuracy');
#560 = CONTEXT_DEPENDENT_SHAPE_REPRESENTATION(#561,#563);
#561 = ( REPRESENTATION_RELATIONSHIP('','',#404,#10) 
REPRESENTATION_RELATIONSHIP_WITH_TRANSFORMATION(#562) 
SHAPE_REPRESENTATION_RELATIONSHIP() );
#562 = ITEM_DEFINED_TRANSFORMATION('','',#11,#19);
#563 = PRODUCT_DEFINITION_SHAPE('Placement','Placement of an item',#564
  );
#564 = NEXT_ASSEMBLY_USAGE_OCCURRENCE('2','P02 Grip mitred strip north',
  '',#5,#399,$);
#565 = PRODUCT_RELATED_PRODUCT_CATEGORY('part',$,(#401));
#566 = SHAPE_DEFINITION_REPRESENTATION(#567,#573);
#567 = PRODUCT_DEFINITION_SHAPE('','',#568);
#568 = PRODUCT_DEFINITION('design','',#569,#572);
#569 = PRODUCT_DEFINITION_FORMATION('','',#570);
#570 = PRODUCT('P03 Grip mitred strip south',
  'P03 Grip mitred strip south','',(#571));
#571 = PRODUCT_CONTEXT('',#2,'mechanical');
#572 = PRODUCT_DEFINITION_CONTEXT('part definition',#2,'design');
#573 = ADVANCED_BREP_SHAPE_REPRESENTATION('',(#11,#574),#724);
#574 = MANIFOLD_SOLID_BREP('',#575);
#575 = CLOSED_SHELL('',(#576,#616,#647,#671,#695,#712));
#576 = ADVANCED_FACE('',(#577),#611,.F.);
#577 = FACE_BOUND('',#578,.F.);
#578 = EDGE_LOOP('',(#579,#589,#597,#605));
#579 = ORIENTED_EDGE('',*,*,#580,.F.);
#580 = EDGE_CURVE('',#581,#583,#585,.T.);
#581 = VERTEX_POINT('',#582);
#582 = CARTESIAN_POINT('',(-67.5,-35.,530.));
#583 = VERTEX_POINT('',#584);
#584 = CARTESIAN_POINT('',(67.5,-35.,530.));
#585 = LINE('',#586,#587);
#586 = CARTESIAN_POINT('',(-67.5,-35.,530.));
#587 = VECTOR('',#588,1.);
#588 = DIRECTION('',(1.,0.,-0.));
#589 = ORIENTED_EDGE('',*,*,#590,.T.);
#590 = EDGE_CURVE('',#581,#591,#593,.T.);
#591 = VERTEX_POINT('',#592);
#592 = CARTESIAN_POINT('',(-67.5,-35.,550.));
#593 = LINE('',#594,#595);
#594 = CARTESIAN_POINT('',(-67.5,-35.,530.));
#595 = VECTOR('',#596,1.);
#596 = DIRECTION('',(0.,0.,1.));
#597 = ORIENTED_EDGE('',*,*,#598,.T.);
#598 = EDGE_CURVE('',#591,#599,#601,.T.);
#599 = VERTEX_POINT('',#600);
#600 = CARTESIAN_POINT('',(67.5,-35.,550.));
#601 = LINE('',#602,#603);
#602 = CARTESIAN_POINT('',(-67.5,-35.,550.));
#603 = VECTOR('',#604,1.);
#604 = DIRECTION('',(1.,0.,-0.));
#605 = ORIENTED_EDGE('',*,*,#606,.F.);
#606 = EDGE_CURVE('',#583,#599,#607,.T.);
#607 = LINE('',#608,#609);
#608 = CARTESIAN_POINT('',(67.5,-35.,530.));
#609 = VECTOR('',#610,1.);
#610 = DIRECTION('',(0.,0.,1.));
#611 = PLANE('',#612);
#612 = AXIS2_PLACEMENT_3D('',#613,#614,#615);
#613 = CARTESIAN_POINT('',(-67.5,-35.,530.));
#614 = DIRECTION('',(-0.,1.,0.));
#615 = DIRECTION('',(0.,0.,1.));
#616 = ADVANCED_FACE('',(#617),#642,.F.);
#617 = FACE_BOUND('',#618,.F.);
#618 = EDGE_LOOP('',(#619,#627,#628,#636));
#619 = ORIENTED_EDGE('',*,*,#620,.F.);
#620 = EDGE_CURVE('',#581,#621,#623,.T.);
#621 = VERTEX_POINT('',#622);
#622 = CARTESIAN_POINT('',(-47.5,-15.,530.));
#623 = LINE('',#624,#625);
#624 = CARTESIAN_POINT('',(-67.5,-35.,530.));
#625 = VECTOR('',#626,1.);
#626 = DIRECTION('',(0.707106781187,0.707106781187,0.));
#627 = ORIENTED_EDGE('',*,*,#580,.T.);
#628 = ORIENTED_EDGE('',*,*,#629,.F.);
#629 = EDGE_CURVE('',#630,#583,#632,.T.);
#630 = VERTEX_POINT('',#631);
#631 = CARTESIAN_POINT('',(47.5,-15.,530.));
#632 = LINE('',#633,#634);
#633 = CARTESIAN_POINT('',(32.5,0.,530.));
#634 = VECTOR('',#635,1.);
#635 = DIRECTION('',(0.707106781187,-0.707106781187,0.));
#636 = ORIENTED_EDGE('',*,*,#637,.F.);
#637 = EDGE_CURVE('',#621,#630,#638,.T.);
#638 = LINE('',#639,#640);
#639 = CARTESIAN_POINT('',(-47.5,-15.,530.));
#640 = VECTOR('',#641,1.);
#641 = DIRECTION('',(1.,0.,-0.));
#642 = PLANE('',#643);
#643 = AXIS2_PLACEMENT_3D('',#644,#645,#646);
#644 = CARTESIAN_POINT('',(-67.5,-35.,530.));
#645 = DIRECTION('',(0.,0.,1.));
#646 = DIRECTION('',(1.,0.,-0.));
#647 = ADVANCED_FACE('',(#648),#666,.T.);
#648 = FACE_BOUND('',#649,.T.);
#649 = EDGE_LOOP('',(#650,#651,#659,#665));
#650 = ORIENTED_EDGE('',*,*,#629,.F.);
#651 = ORIENTED_EDGE('',*,*,#652,.T.);
#652 = EDGE_CURVE('',#630,#653,#655,.T.);
#653 = VERTEX_POINT('',#654);
#654 = CARTESIAN_POINT('',(47.5,-15.,550.));
#655 = LINE('',#656,#657);
#656 = CARTESIAN_POINT('',(47.5,-15.,530.));
#657 = VECTOR('',#658,1.);
#658 = DIRECTION('',(0.,0.,1.));
#659 = ORIENTED_EDGE('',*,*,#660,.T.);
#660 = EDGE_CURVE('',#653,#599,#661,.T.);
#661 = LINE('',#662,#663);
#662 = CARTESIAN_POINT('',(32.5,0.,550.));
#663 = VECTOR('',#664,1.);
#664 = DIRECTION('',(0.707106781187,-0.707106781187,0.));
#665 = ORIENTED_EDGE('',*,*,#606,.F.);
#666 = PLANE('',#667);
#667 = AXIS2_PLACEMENT_3D('',#668,#669,#670);
#668 = CARTESIAN_POINT('',(32.5,0.,530.));
#669 = DIRECTION('',(0.707106781187,0.707106781187,-0.));
#670 = DIRECTION('',(0.707106781187,-0.707106781187,0.));
#671 = ADVANCED_FACE('',(#672),#690,.T.);
#672 = FACE_BOUND('',#673,.T.);
#673 = EDGE_LOOP('',(#674,#682,#683,#684));
#674 = ORIENTED_EDGE('',*,*,#675,.F.);
#675 = EDGE_CURVE('',#591,#676,#678,.T.);
#676 = VERTEX_POINT('',#677);
#677 = CARTESIAN_POINT('',(-47.5,-15.,550.));
#678 = LINE('',#679,#680);
#679 = CARTESIAN_POINT('',(-67.5,-35.,550.));
#680 = VECTOR('',#681,1.);
#681 = DIRECTION('',(0.707106781187,0.707106781187,0.));
#682 = ORIENTED_EDGE('',*,*,#598,.T.);
#683 = ORIENTED_EDGE('',*,*,#660,.F.);
#684 = ORIENTED_EDGE('',*,*,#685,.F.);
#685 = EDGE_CURVE('',#676,#653,#686,.T.);
#686 = LINE('',#687,#688);
#687 = CARTESIAN_POINT('',(-47.5,-15.,550.));
#688 = VECTOR('',#689,1.);
#689 = DIRECTION('',(1.,0.,-0.));
#690 = PLANE('',#691);
#691 = AXIS2_PLACEMENT_3D('',#692,#693,#694);
#692 = CARTESIAN_POINT('',(-67.5,-35.,550.));
#693 = DIRECTION('',(0.,0.,1.));
#694 = DIRECTION('',(1.,0.,-0.));
#695 = ADVANCED_FACE('',(#696),#707,.T.);
#696 = FACE_BOUND('',#697,.T.);
#697 = EDGE_LOOP('',(#698,#699,#700,#701));
#698 = ORIENTED_EDGE('',*,*,#620,.F.);
#699 = ORIENTED_EDGE('',*,*,#590,.T.);
#700 = ORIENTED_EDGE('',*,*,#675,.T.);
#701 = ORIENTED_EDGE('',*,*,#702,.F.);
#702 = EDGE_CURVE('',#621,#676,#703,.T.);
#703 = LINE('',#704,#705);
#704 = CARTESIAN_POINT('',(-47.5,-15.,530.));
#705 = VECTOR('',#706,1.);
#706 = DIRECTION('',(0.,0.,1.));
#707 = PLANE('',#708);
#708 = AXIS2_PLACEMENT_3D('',#709,#710,#711);
#709 = CARTESIAN_POINT('',(-67.5,-35.,530.));
#710 = DIRECTION('',(-0.707106781187,0.707106781187,0.));
#711 = DIRECTION('',(0.707106781187,0.707106781187,0.));
#712 = ADVANCED_FACE('',(#713),#719,.T.);
#713 = FACE_BOUND('',#714,.T.);
#714 = EDGE_LOOP('',(#715,#716,#717,#718));
#715 = ORIENTED_EDGE('',*,*,#637,.F.);
#716 = ORIENTED_EDGE('',*,*,#702,.T.);
#717 = ORIENTED_EDGE('',*,*,#685,.T.);
#718 = ORIENTED_EDGE('',*,*,#652,.F.);
#719 = PLANE('',#720);
#720 = AXIS2_PLACEMENT_3D('',#721,#722,#723);
#721 = CARTESIAN_POINT('',(-47.5,-15.,530.));
#722 = DIRECTION('',(-0.,1.,0.));
#723 = DIRECTION('',(0.,0.,1.));
#724 = ( GEOMETRIC_REPRESENTATION_CONTEXT(3) 
GLOBAL_UNCERTAINTY_ASSIGNED_CONTEXT((#728)) GLOBAL_UNIT_ASSIGNED_CONTEXT
((#725,#726,#727)) REPRESENTATION_CONTEXT('Context #1',
  '3D Context with UNIT and UNCERTAINTY') );
#725 = ( LENGTH_UNIT() NAMED_UNIT(*) SI_UNIT(.MILLI.,.METRE.) );
#726 = ( NAMED_UNIT(*) PLANE_ANGLE_UNIT() SI_UNIT($,.RADIAN.) );
#727 = ( NAMED_UNIT(*) SI_UNIT($,.STERADIAN.) SOLID_ANGLE_UNIT() );
#728 = UNCERTAINTY_MEASURE_WITH_UNIT(LENGTH_MEASURE(1.E-07),#725,
  'distance_accuracy_value','confusion accuracy');
#729 = CONTEXT_DEPENDENT_SHAPE_REPRESENTATION(#730,#732);
#730 = ( REPRESENTATION_RELATIONSHIP('','',#573,#10) 
REPRESENTATION_RELATIONSHIP_WITH_TRANSFORMATION(#731) 
SHAPE_REPRESENTATION_RELATIONSHIP() );
#731 = ITEM_DEFINED_TRANSFORMATION('','',#11,#23);
#732 = PRODUCT_DEFINITION_SHAPE('Placement','Placement of an item',#733
  );
#733 = NEXT_ASSEMBLY_USAGE_OCCURRENCE('3','P03 Grip mitred strip south',
  '',#5,#568,$);
#734 = PRODUCT_RELATED_PRODUCT_CATEGORY('part',$,(#570));
#735 = SHAPE_DEFINITION_REPRESENTATION(#736,#742);
#736 = PRODUCT_DEFINITION_SHAPE('','',#737);
#737 = PRODUCT_DEFINITION('design','',#738,#741);
#738 = PRODUCT_DEFINITION_FORMATION('','',#739);
#739 = PRODUCT('P04 Grip mitred strip east','P04 Grip mitred strip east'
  ,'',(#740));
#740 = PRODUCT_CONTEXT('',#2,'mechanical');
#741 = PRODUCT_DEFINITION_CONTEXT('part definition',#2,'design');
#742 = ADVANCED_BREP_SHAPE_REPRESENTATION('',(#11,#743),#893);
#743 = MANIFOLD_SOLID_BREP('',#744);
#744 = CLOSED_SHELL('',(#745,#785,#816,#840,#864,#881));
#745 = ADVANCED_FACE('',(#746),#780,.T.);
#746 = FACE_BOUND('',#747,.T.);
#747 = EDGE_LOOP('',(#748,#758,#766,#774));
#748 = ORIENTED_EDGE('',*,*,#749,.F.);
#749 = EDGE_CURVE('',#750,#752,#754,.T.);
#750 = VERTEX_POINT('',#751);
#751 = CARTESIAN_POINT('',(67.5,-35.,530.));
#752 = VERTEX_POINT('',#753);
#753 = CARTESIAN_POINT('',(67.5,-35.,550.));
#754 = LINE('',#755,#756);
#755 = CARTESIAN_POINT('',(67.5,-35.,530.));
#756 = VECTOR('',#757,1.);
#757 = DIRECTION('',(0.,0.,1.));
#758 = ORIENTED_EDGE('',*,*,#759,.T.);
#759 = EDGE_CURVE('',#750,#760,#762,.T.);
#760 = VERTEX_POINT('',#761);
#761 = CARTESIAN_POINT('',(67.5,35.,530.));
#762 = LINE('',#763,#764);
#763 = CARTESIAN_POINT('',(67.5,-35.,530.));
#764 = VECTOR('',#765,1.);
#765 = DIRECTION('',(-0.,1.,0.));
#766 = ORIENTED_EDGE('',*,*,#767,.T.);
#767 = EDGE_CURVE('',#760,#768,#770,.T.);
#768 = VERTEX_POINT('',#769);
#769 = CARTESIAN_POINT('',(67.5,35.,550.));
#770 = LINE('',#771,#772);
#771 = CARTESIAN_POINT('',(67.5,35.,530.));
#772 = VECTOR('',#773,1.);
#773 = DIRECTION('',(0.,0.,1.));
#774 = ORIENTED_EDGE('',*,*,#775,.F.);
#775 = EDGE_CURVE('',#752,#768,#776,.T.);
#776 = LINE('',#777,#778);
#777 = CARTESIAN_POINT('',(67.5,-35.,550.));
#778 = VECTOR('',#779,1.);
#779 = DIRECTION('',(-0.,1.,0.));
#780 = PLANE('',#781);
#781 = AXIS2_PLACEMENT_3D('',#782,#783,#784);
#782 = CARTESIAN_POINT('',(67.5,-35.,530.));
#783 = DIRECTION('',(1.,0.,-0.));
#784 = DIRECTION('',(0.,0.,1.));
#785 = ADVANCED_FACE('',(#786),#811,.T.);
#786 = FACE_BOUND('',#787,.T.);
#787 = EDGE_LOOP('',(#788,#796,#797,#805));
#788 = ORIENTED_EDGE('',*,*,#789,.F.);
#789 = EDGE_CURVE('',#750,#790,#792,.T.);
#790 = VERTEX_POINT('',#791);
#791 = CARTESIAN_POINT('',(47.5,-15.,530.));
#792 = LINE('',#793,#794);
#793 = CARTESIAN_POINT('',(67.5,-35.,530.));
#794 = VECTOR('',#795,1.);
#795 = DIRECTION('',(-0.707106781187,0.707106781187,0.));
#796 = ORIENTED_EDGE('',*,*,#749,.T.);
#797 = ORIENTED_EDGE('',*,*,#798,.T.);
#798 = EDGE_CURVE('',#752,#799,#801,.T.);
#799 = VERTEX_POINT('',#800);
#800 = CARTESIAN_POINT('',(47.5,-15.,550.));
#801 = LINE('',#802,#803);
#802 = CARTESIAN_POINT('',(67.5,-35.,550.));
#803 = VECTOR('',#804,1.);
#804 = DIRECTION('',(-0.707106781187,0.707106781187,0.));
#805 = ORIENTED_EDGE('',*,*,#806,.F.);
#806 = EDGE_CURVE('',#790,#799,#807,.T.);
#807 = LINE('',#808,#809);
#808 = CARTESIAN_POINT('',(47.5,-15.,530.));
#809 = VECTOR('',#810,1.);
#810 = DIRECTION('',(0.,0.,1.));
#811 = PLANE('',#812);
#812 = AXIS2_PLACEMENT_3D('',#813,#814,#815);
#813 = CARTESIAN_POINT('',(67.5,-35.,530.));
#814 = DIRECTION('',(-0.707106781187,-0.707106781187,0.));
#815 = DIRECTION('',(-0.707106781187,0.707106781187,0.));
#816 = ADVANCED_FACE('',(#817),#835,.T.);
#817 = FACE_BOUND('',#818,.T.);
#818 = EDGE_LOOP('',(#819,#820,#828,#834));
#819 = ORIENTED_EDGE('',*,*,#775,.T.);
#820 = ORIENTED_EDGE('',*,*,#821,.F.);
#821 = EDGE_CURVE('',#822,#768,#824,.T.);
#822 = VERTEX_POINT('',#823);
#823 = CARTESIAN_POINT('',(47.5,15.,550.));
#824 = LINE('',#825,#826);
#825 = CARTESIAN_POINT('',(32.5,0.,550.));
#826 = VECTOR('',#827,1.);
#827 = DIRECTION('',(0.707106781187,0.707106781187,0.));
#828 = ORIENTED_EDGE('',*,*,#829,.F.);
#829 = EDGE_CURVE('',#799,#822,#830,.T.);
#830 = LINE('',#831,#832);
#831 = CARTESIAN_POINT('',(47.5,-15.,550.));
#832 = VECTOR('',#833,1.);
#833 = DIRECTION('',(-0.,1.,0.));
#834 = ORIENTED_EDGE('',*,*,#798,.F.);
#835 = PLANE('',#836);
#836 = AXIS2_PLACEMENT_3D('',#837,#838,#839);
#837 = CARTESIAN_POINT('',(-67.5,-35.,550.));
#838 = DIRECTION('',(0.,0.,1.));
#839 = DIRECTION('',(1.,0.,-0.));
#840 = ADVANCED_FACE('',(#841),#859,.T.);
#841 = FACE_BOUND('',#842,.T.);
#842 = EDGE_LOOP('',(#843,#851,#857,#858));
#843 = ORIENTED_EDGE('',*,*,#844,.F.);
#844 = EDGE_CURVE('',#845,#760,#847,.T.);
#845 = VERTEX_POINT('',#846);
#846 = CARTESIAN_POINT('',(47.5,15.,530.));
#847 = LINE('',#848,#849);
#848 = CARTESIAN_POINT('',(32.5,0.,530.));
#849 = VECTOR('',#850,1.);
#850 = DIRECTION('',(0.707106781187,0.707106781187,0.));
#851 = ORIENTED_EDGE('',*,*,#852,.T.);
#852 = EDGE_CURVE('',#845,#822,#853,.T.);
#853 = LINE('',#854,#855);
#854 = CARTESIAN_POINT('',(47.5,15.,530.));
#855 = VECTOR('',#856,1.);
#856 = DIRECTION('',(0.,0.,1.));
#857 = ORIENTED_EDGE('',*,*,#821,.T.);
#858 = ORIENTED_EDGE('',*,*,#767,.F.);
#859 = PLANE('',#860);
#860 = AXIS2_PLACEMENT_3D('',#861,#862,#863);
#861 = CARTESIAN_POINT('',(32.5,0.,530.));
#862 = DIRECTION('',(-0.707106781187,0.707106781187,0.));
#863 = DIRECTION('',(0.707106781187,0.707106781187,0.));
#864 = ADVANCED_FACE('',(#865),#876,.F.);
#865 = FACE_BOUND('',#866,.F.);
#866 = EDGE_LOOP('',(#867,#868,#869,#875));
#867 = ORIENTED_EDGE('',*,*,#759,.T.);
#868 = ORIENTED_EDGE('',*,*,#844,.F.);
#869 = ORIENTED_EDGE('',*,*,#870,.F.);
#870 = EDGE_CURVE('',#790,#845,#871,.T.);
#871 = LINE('',#872,#873);
#872 = CARTESIAN_POINT('',(47.5,-15.,530.));
#873 = VECTOR('',#874,1.);
#874 = DIRECTION('',(-0.,1.,0.));
#875 = ORIENTED_EDGE('',*,*,#789,.F.);
#876 = PLANE('',#877);
#877 = AXIS2_PLACEMENT_3D('',#878,#879,#880);
#878 = CARTESIAN_POINT('',(-67.5,-35.,530.));
#879 = DIRECTION('',(0.,0.,1.));
#880 = DIRECTION('',(1.,0.,-0.));
#881 = ADVANCED_FACE('',(#882),#888,.F.);
#882 = FACE_BOUND('',#883,.F.);
#883 = EDGE_LOOP('',(#884,#885,#886,#887));
#884 = ORIENTED_EDGE('',*,*,#806,.F.);
#885 = ORIENTED_EDGE('',*,*,#870,.T.);
#886 = ORIENTED_EDGE('',*,*,#852,.T.);
#887 = ORIENTED_EDGE('',*,*,#829,.F.);
#888 = PLANE('',#889);
#889 = AXIS2_PLACEMENT_3D('',#890,#891,#892);
#890 = CARTESIAN_POINT('',(47.5,-15.,530.));
#891 = DIRECTION('',(1.,0.,-0.));
#892 = DIRECTION('',(0.,0.,1.));
#893 = ( GEOMETRIC_REPRESENTATION_CONTEXT(3) 
GLOBAL_UNCERTAINTY_ASSIGNED_CONTEXT((#897)) GLOBAL_UNIT_ASSIGNED_CONTEXT
((#894,#895,#896)) REPRESENTATION_CONTEXT('Context #1',
  '3D Context with UNIT and UNCERTAINTY') );
#894 = ( LENGTH_UNIT() NAMED_UNIT(*) SI_UNIT(.MILLI.,.METRE.) );
#895 = ( NAMED_UNIT(*) PLANE_ANGLE_UNIT() SI_UNIT($,.RADIAN.) );
#896 = ( NAMED_UNIT(*) SI_UNIT($,.STERADIAN.) SOLID_ANGLE_UNIT() );
#897 = UNCERTAINTY_MEASURE_WITH_UNIT(LENGTH_MEASURE(1.E-07),#894,
  'distance_accuracy_value','confusion accuracy');
#898 = CONTEXT_DEPENDENT_SHAPE_REPRESENTATION(#899,#901);
#899 = ( REPRESENTATION_RELATIONSHIP('','',#742,#10) 
REPRESENTATION_RELATIONSHIP_WITH_TRANSFORMATION(#900) 
SHAPE_REPRESENTATION_RELATIONSHIP() );
#900 = ITEM_DEFINED_TRANSFORMATION('','',#11,#27);
#901 = PRODUCT_DEFINITION_SHAPE('Placement','Placement of an item',#902
  );
#902 = NEXT_ASSEMBLY_USAGE_OCCURRENCE('4','P04 Grip mitred strip east',
  '',#5,#737,$);
#903 = PRODUCT_RELATED_PRODUCT_CATEGORY('part',$,(#739));
#904 = SHAPE_DEFINITION_REPRESENTATION(#905,#911);
#905 = PRODUCT_DEFINITION_SHAPE('','',#906);
#906 = PRODUCT_DEFINITION('design','',#907,#910);
#907 = PRODUCT_DEFINITION_FORMATION('','',#908);
#908 = PRODUCT('P05 Grip mitred strip west','P05 Grip mitred strip west'
  ,'',(#909));
#909 = PRODUCT_CONTEXT('',#2,'mechanical');
#910 = PRODUCT_DEFINITION_CONTEXT('part definition',#2,'design');
#911 = ADVANCED_BREP_SHAPE_REPRESENTATION('',(#11,#912),#1062);
#912 = MANIFOLD_SOLID_BREP('',#913);
#913 = CLOSED_SHELL('',(#914,#954,#985,#1009,#1033,#1050));
#914 = ADVANCED_FACE('',(#915),#949,.F.);
#915 = FACE_BOUND('',#916,.F.);
#916 = EDGE_LOOP('',(#917,#927,#935,#943));
#917 = ORIENTED_EDGE('',*,*,#918,.F.);
#918 = EDGE_CURVE('',#919,#921,#923,.T.);
#919 = VERTEX_POINT('',#920);
#920 = CARTESIAN_POINT('',(-67.5,-35.,530.));
#921 = VERTEX_POINT('',#922);
#922 = CARTESIAN_POINT('',(-67.5,-35.,550.));
#923 = LINE('',#924,#925);
#924 = CARTESIAN_POINT('',(-67.5,-35.,530.));
#925 = VECTOR('',#926,1.);
#926 = DIRECTION('',(0.,0.,1.));
#927 = ORIENTED_EDGE('',*,*,#928,.T.);
#928 = EDGE_CURVE('',#919,#929,#931,.T.);
#929 = VERTEX_POINT('',#930);
#930 = CARTESIAN_POINT('',(-67.5,35.,530.));
#931 = LINE('',#932,#933);
#932 = CARTESIAN_POINT('',(-67.5,-35.,530.));
#933 = VECTOR('',#934,1.);
#934 = DIRECTION('',(-0.,1.,0.));
#935 = ORIENTED_EDGE('',*,*,#936,.T.);
#936 = EDGE_CURVE('',#929,#937,#939,.T.);
#937 = VERTEX_POINT('',#938);
#938 = CARTESIAN_POINT('',(-67.5,35.,550.));
#939 = LINE('',#940,#941);
#940 = CARTESIAN_POINT('',(-67.5,35.,530.));
#941 = VECTOR('',#942,1.);
#942 = DIRECTION('',(0.,0.,1.));
#943 = ORIENTED_EDGE('',*,*,#944,.F.);
#944 = EDGE_CURVE('',#921,#937,#945,.T.);
#945 = LINE('',#946,#947);
#946 = CARTESIAN_POINT('',(-67.5,-35.,550.));
#947 = VECTOR('',#948,1.);
#948 = DIRECTION('',(-0.,1.,0.));
#949 = PLANE('',#950);
#950 = AXIS2_PLACEMENT_3D('',#951,#952,#953);
#951 = CARTESIAN_POINT('',(-67.5,-35.,530.));
#952 = DIRECTION('',(1.,0.,-0.));
#953 = DIRECTION('',(0.,0.,1.));
#954 = ADVANCED_FACE('',(#955),#980,.T.);
#955 = FACE_BOUND('',#956,.T.);
#956 = EDGE_LOOP('',(#957,#965,#973,#979));
#957 = ORIENTED_EDGE('',*,*,#958,.F.);
#958 = EDGE_CURVE('',#959,#919,#961,.T.);
#959 = VERTEX_POINT('',#960);
#960 = CARTESIAN_POINT('',(-47.5,-15.,530.));
#961 = LINE('',#962,#963);
#962 = CARTESIAN_POINT('',(-32.5,0.,530.));
#963 = VECTOR('',#964,1.);
#964 = DIRECTION('',(-0.707106781187,-0.707106781187,0.));
#965 = ORIENTED_EDGE('',*,*,#966,.T.);
#966 = EDGE_CURVE('',#959,#967,#969,.T.);
#967 = VERTEX_POINT('',#968);
#968 = CARTESIAN_POINT('',(-47.5,-15.,550.));
#969 = LINE('',#970,#971);
#970 = CARTESIAN_POINT('',(-47.5,-15.,530.));
#971 = VECTOR('',#972,1.);
#972 = DIRECTION('',(0.,0.,1.));
#973 = ORIENTED_EDGE('',*,*,#974,.T.);
#974 = EDGE_CURVE('',#967,#921,#975,.T.);
#975 = LINE('',#976,#977);
#976 = CARTESIAN_POINT('',(-32.5,0.,550.));
#977 = VECTOR('',#978,1.);
#978 = DIRECTION('',(-0.707106781187,-0.707106781187,0.));
#979 = ORIENTED_EDGE('',*,*,#918,.F.);
#980 = PLANE('',#981);
#981 = AXIS2_PLACEMENT_3D('',#982,#983,#984);
#982 = CARTESIAN_POINT('',(-32.5,0.,530.));
#983 = DIRECTION('',(0.707106781187,-0.707106781187,0.));
#984 = DIRECTION('',(-0.707106781187,-0.707106781187,0.));
#985 = ADVANCED_FACE('',(#986),#1004,.T.);
#986 = FACE_BOUND('',#987,.T.);
#987 = EDGE_LOOP('',(#988,#989,#990,#998));
#988 = ORIENTED_EDGE('',*,*,#944,.F.);
#989 = ORIENTED_EDGE('',*,*,#974,.F.);
#990 = ORIENTED_EDGE('',*,*,#991,.T.);
#991 = EDGE_CURVE('',#967,#992,#994,.T.);
#992 = VERTEX_POINT('',#993);
#993 = CARTESIAN_POINT('',(-47.5,15.,550.));
#994 = LINE('',#995,#996);
#995 = CARTESIAN_POINT('',(-47.5,-15.,550.));
#996 = VECTOR('',#997,1.);
#997 = DIRECTION('',(-0.,1.,0.));
#998 = ORIENTED_EDGE('',*,*,#999,.F.);
#999 = EDGE_CURVE('',#937,#992,#1000,.T.);
#1000 = LINE('',#1001,#1002);
#1001 = CARTESIAN_POINT('',(-67.5,35.,550.));
#1002 = VECTOR('',#1003,1.);
#1003 = DIRECTION('',(0.707106781187,-0.707106781187,0.));
#1004 = PLANE('',#1005);
#1005 = AXIS2_PLACEMENT_3D('',#1006,#1007,#1008);
#1006 = CARTESIAN_POINT('',(-67.5,-35.,550.));
#1007 = DIRECTION('',(0.,0.,1.));
#1008 = DIRECTION('',(1.,0.,-0.));
#1009 = ADVANCED_FACE('',(#1010),#1028,.T.);
#1010 = FACE_BOUND('',#1011,.T.);
#1011 = EDGE_LOOP('',(#1012,#1020,#1021,#1022));
#1012 = ORIENTED_EDGE('',*,*,#1013,.F.);
#1013 = EDGE_CURVE('',#929,#1014,#1016,.T.);
#1014 = VERTEX_POINT('',#1015);
#1015 = CARTESIAN_POINT('',(-47.5,15.,530.));
#1016 = LINE('',#1017,#1018);
#1017 = CARTESIAN_POINT('',(-67.5,35.,530.));
#1018 = VECTOR('',#1019,1.);
#1019 = DIRECTION('',(0.707106781187,-0.707106781187,0.));
#1020 = ORIENTED_EDGE('',*,*,#936,.T.);
#1021 = ORIENTED_EDGE('',*,*,#999,.T.);
#1022 = ORIENTED_EDGE('',*,*,#1023,.F.);
#1023 = EDGE_CURVE('',#1014,#992,#1024,.T.);
#1024 = LINE('',#1025,#1026);
#1025 = CARTESIAN_POINT('',(-47.5,15.,530.));
#1026 = VECTOR('',#1027,1.);
#1027 = DIRECTION('',(0.,0.,1.));
#1028 = PLANE('',#1029);
#1029 = AXIS2_PLACEMENT_3D('',#1030,#1031,#1032);
#1030 = CARTESIAN_POINT('',(-67.5,35.,530.));
#1031 = DIRECTION('',(0.707106781187,0.707106781187,-0.));
#1032 = DIRECTION('',(0.707106781187,-0.707106781187,0.));
#1033 = ADVANCED_FACE('',(#1034),#1045,.F.);
#1034 = FACE_BOUND('',#1035,.F.);
#1035 = EDGE_LOOP('',(#1036,#1037,#1038,#1044));
#1036 = ORIENTED_EDGE('',*,*,#928,.F.);
#1037 = ORIENTED_EDGE('',*,*,#958,.F.);
#1038 = ORIENTED_EDGE('',*,*,#1039,.T.);
#1039 = EDGE_CURVE('',#959,#1014,#1040,.T.);
#1040 = LINE('',#1041,#1042);
#1041 = CARTESIAN_POINT('',(-47.5,-15.,530.));
#1042 = VECTOR('',#1043,1.);
#1043 = DIRECTION('',(-0.,1.,0.));
#1044 = ORIENTED_EDGE('',*,*,#1013,.F.);
#1045 = PLANE('',#1046);
#1046 = AXIS2_PLACEMENT_3D('',#1047,#1048,#1049);
#1047 = CARTESIAN_POINT('',(-67.5,-35.,530.));
#1048 = DIRECTION('',(0.,0.,1.));
#1049 = DIRECTION('',(1.,0.,-0.));
#1050 = ADVANCED_FACE('',(#1051),#1057,.T.);
#1051 = FACE_BOUND('',#1052,.T.);
#1052 = EDGE_LOOP('',(#1053,#1054,#1055,#1056));
#1053 = ORIENTED_EDGE('',*,*,#966,.F.);
#1054 = ORIENTED_EDGE('',*,*,#1039,.T.);
#1055 = ORIENTED_EDGE('',*,*,#1023,.T.);
#1056 = ORIENTED_EDGE('',*,*,#991,.F.);
#1057 = PLANE('',#1058);
#1058 = AXIS2_PLACEMENT_3D('',#1059,#1060,#1061);
#1059 = CARTESIAN_POINT('',(-47.5,-15.,530.));
#1060 = DIRECTION('',(1.,0.,-0.));
#1061 = DIRECTION('',(0.,0.,1.));
#1062 = ( GEOMETRIC_REPRESENTATION_CONTEXT(3) 
GLOBAL_UNCERTAINTY_ASSIGNED_CONTEXT((#1066)) 
GLOBAL_UNIT_ASSIGNED_CONTEXT((#1063,#1064,#1065)) REPRESENTATION_CONTEXT
('Context #1','3D Context with UNIT and UNCERTAINTY') );
#1063 = ( LENGTH_UNIT() NAMED_UNIT(*) SI_UNIT(.MILLI.,.METRE.) );
#1064 = ( NAMED_UNIT(*) PLANE_ANGLE_UNIT() SI_UNIT($,.RADIAN.) );
#1065 = ( NAMED_UNIT(*) SI_UNIT($,.STERADIAN.) SOLID_ANGLE_UNIT() );
#1066 = UNCERTAINTY_MEASURE_WITH_UNIT(LENGTH_MEASURE(1.E-07),#1063,
  'distance_accuracy_value','confusion accuracy');
#1067 = CONTEXT_DEPENDENT_SHAPE_REPRESENTATION(#1068,#1070);
#1068 = ( REPRESENTATION_RELATIONSHIP('','',#911,#10) 
REPRESENTATION_RELATIONSHIP_WITH_TRANSFORMATION(#1069) 
SHAPE_REPRESENTATION_RELATIONSHIP() );
#1069 = ITEM_DEFINED_TRANSFORMATION('','',#11,#31);
#1070 = PRODUCT_DEFINITION_SHAPE('Placement','Placement of an item',
  #1071);
#1071 = NEXT_ASSEMBLY_USAGE_OCCURRENCE('5','P05 Grip mitred strip west',
  '',#5,#906,$);
#1072 = PRODUCT_RELATED_PRODUCT_CATEGORY('part',$,(#908));
#1073 = SHAPE_DEFINITION_REPRESENTATION(#1074,#1080);
#1074 = PRODUCT_DEFINITION_SHAPE('','',#1075);
#1075 = PRODUCT_DEFINITION('design','',#1076,#1079);
#1076 = PRODUCT_DEFINITION_FORMATION('','',#1077);
#1077 = PRODUCT('P06 Lower circular maple shelf — no opening',
  'P06 Lower circular maple shelf — no opening','',(#1078));
#1078 = PRODUCT_CONTEXT('',#2,'mechanical');
#1079 = PRODUCT_DEFINITION_CONTEXT('part definition',#2,'design');
#1080 = ADVANCED_BREP_SHAPE_REPRESENTATION('',(#11,#1081),#1134);
#1081 = MANIFOLD_SOLID_BREP('',#1082);
#1082 = CLOSED_SHELL('',(#1083,#1116,#1125));
#1083 = ADVANCED_FACE('',(#1084),#1111,.T.);
#1084 = FACE_BOUND('',#1085,.T.);
#1085 = EDGE_LOOP('',(#1086,#1095,#1103,#1110));
#1086 = ORIENTED_EDGE('',*,*,#1087,.F.);
#1087 = EDGE_CURVE('',#1088,#1088,#1090,.T.);
#1088 = VERTEX_POINT('',#1089);
#1089 = CARTESIAN_POINT('',(260.,-6.368163355566E-14,300.));
#1090 = CIRCLE('',#1091,260.);
#1091 = AXIS2_PLACEMENT_3D('',#1092,#1093,#1094);
#1092 = CARTESIAN_POINT('',(0.,0.,300.));
#1093 = DIRECTION('',(0.,0.,1.));
#1094 = DIRECTION('',(1.,0.,-0.));
#1095 = ORIENTED_EDGE('',*,*,#1096,.F.);
#1096 = EDGE_CURVE('',#1097,#1088,#1099,.T.);
#1097 = VERTEX_POINT('',#1098);
#1098 = CARTESIAN_POINT('',(260.,-6.368163355566E-14,280.));
#1099 = LINE('',#1100,#1101);
#1100 = CARTESIAN_POINT('',(260.,-6.368163355566E-14,280.));
#1101 = VECTOR('',#1102,1.);
#1102 = DIRECTION('',(0.,0.,1.));
#1103 = ORIENTED_EDGE('',*,*,#1104,.T.);
#1104 = EDGE_CURVE('',#1097,#1097,#1105,.T.);
#1105 = CIRCLE('',#1106,260.);
#1106 = AXIS2_PLACEMENT_3D('',#1107,#1108,#1109);
#1107 = CARTESIAN_POINT('',(0.,0.,280.));
#1108 = DIRECTION('',(0.,0.,1.));
#1109 = DIRECTION('',(1.,0.,-0.));
#1110 = ORIENTED_EDGE('',*,*,#1096,.T.);
#1111 = CYLINDRICAL_SURFACE('',#1112,260.);
#1112 = AXIS2_PLACEMENT_3D('',#1113,#1114,#1115);
#1113 = CARTESIAN_POINT('',(0.,0.,280.));
#1114 = DIRECTION('',(0.,0.,1.));
#1115 = DIRECTION('',(1.,0.,-0.));
#1116 = ADVANCED_FACE('',(#1117),#1120,.T.);
#1117 = FACE_BOUND('',#1118,.T.);
#1118 = EDGE_LOOP('',(#1119));
#1119 = ORIENTED_EDGE('',*,*,#1087,.T.);
#1120 = PLANE('',#1121);
#1121 = AXIS2_PLACEMENT_3D('',#1122,#1123,#1124);
#1122 = CARTESIAN_POINT('',(0.,0.,300.));
#1123 = DIRECTION('',(0.,0.,1.));
#1124 = DIRECTION('',(1.,0.,-0.));
#1125 = ADVANCED_FACE('',(#1126),#1129,.F.);
#1126 = FACE_BOUND('',#1127,.T.);
#1127 = EDGE_LOOP('',(#1128));
#1128 = ORIENTED_EDGE('',*,*,#1104,.F.);
#1129 = PLANE('',#1130);
#1130 = AXIS2_PLACEMENT_3D('',#1131,#1132,#1133);
#1131 = CARTESIAN_POINT('',(0.,0.,280.));
#1132 = DIRECTION('',(0.,0.,1.));
#1133 = DIRECTION('',(1.,0.,-0.));
#1134 = ( GEOMETRIC_REPRESENTATION_CONTEXT(3) 
GLOBAL_UNCERTAINTY_ASSIGNED_CONTEXT((#1138)) 
GLOBAL_UNIT_ASSIGNED_CONTEXT((#1135,#1136,#1137)) REPRESENTATION_CONTEXT
('Context #1','3D Context with UNIT and UNCERTAINTY') );
#1135 = ( LENGTH_UNIT() NAMED_UNIT(*) SI_UNIT(.MILLI.,.METRE.) );
#1136 = ( NAMED_UNIT(*) PLANE_ANGLE_UNIT() SI_UNIT($,.RADIAN.) );
#1137 = ( NAMED_UNIT(*) SI_UNIT($,.STERADIAN.) SOLID_ANGLE_UNIT() );
#1138 = UNCERTAINTY_MEASURE_WITH_UNIT(LENGTH_MEASURE(1.E-07),#1135,
  'distance_accuracy_value','confusion accuracy');
#1139 = CONTEXT_DEPENDENT_SHAPE_REPRESENTATION(#1140,#1142);
#1140 = ( REPRESENTATION_RELATIONSHIP('','',#1080,#10) 
REPRESENTATION_RELATIONSHIP_WITH_TRANSFORMATION(#1141) 
SHAPE_REPRESENTATION_RELATIONSHIP() );
#1141 = ITEM_DEFINED_TRANSFORMATION('','',#11,#35);
#1142 = PRODUCT_DEFINITION_SHAPE('Placement','Placement of an item',
  #1143);
#1143 = NEXT_ASSEMBLY_USAGE_OCCURRENCE('6',
  'P06 Lower circular maple shelf — no opening','',#5,#1075,$);
#1144 = PRODUCT_RELATED_PRODUCT_CATEGORY('part',$,(#1077));
#1145 = SHAPE_DEFINITION_REPRESENTATION(#1146,#1152);
#1146 = PRODUCT_DEFINITION_SHAPE('','',#1147);
#1147 = PRODUCT_DEFINITION('design','',#1148,#1151);
#1148 = PRODUCT_DEFINITION_FORMATION('','',#1149);
#1149 = PRODUCT('P07 Arched blade 30 / maple segment 1',
  'P07 Arched blade 30 / maple segment 1','',(#1150));
#1150 = PRODUCT_CONTEXT('',#2,'mechanical');
#1151 = PRODUCT_DEFINITION_CONTEXT('part definition',#2,'design');
#1152 = ADVANCED_BREP_SHAPE_REPRESENTATION('',(#11,#1153),#1435);
#1153 = MANIFOLD_SOLID_BREP('',#1154);
#1154 = CLOSED_SHELL('',(#1155,#1227,#1258,#1282,#1306,#1330,#1354,#1378
    ,#1402,#1419));
#1155 = ADVANCED_FACE('',(#1156),#1222,.F.);
#1156 = FACE_BOUND('',#1157,.F.);
#1157 = EDGE_LOOP('',(#1158,#1168,#1176,#1184,#1192,#1200,#1208,#1216));
#1158 = ORIENTED_EDGE('',*,*,#1159,.F.);
#1159 = EDGE_CURVE('',#1160,#1162,#1164,.T.);
#1160 = VERTEX_POINT('',#1161);
#1161 = CARTESIAN_POINT('',(259.49673200287,80.538475772934,18.));
#1162 = VERTEX_POINT('',#1163);
#1163 = CARTESIAN_POINT('',(259.49673200287,80.538475772934,
    353.90524980688));
#1164 = LINE('',#1165,#1166);
#1165 = CARTESIAN_POINT('',(259.49673200287,80.538475772934,18.));
#1166 = VECTOR('',#1167,1.);
#1167 = DIRECTION('',(0.,0.,1.));
#1168 = ORIENTED_EDGE('',*,*,#1169,.T.);
#1169 = EDGE_CURVE('',#1160,#1170,#1172,.T.);
#1170 = VERTEX_POINT('',#1171);
#1171 = CARTESIAN_POINT('',(236.49673200287,120.37564434701,18.));
#1172 = LINE('',#1173,#1174);
#1173 = CARTESIAN_POINT('',(259.49673200287,80.538475772934,18.));
#1174 = VECTOR('',#1175,1.);
#1175 = DIRECTION('',(-0.5,0.866025403784,0.));
#1176 = ORIENTED_EDGE('',*,*,#1177,.T.);
#1177 = EDGE_CURVE('',#1170,#1178,#1180,.T.);
#1178 = VERTEX_POINT('',#1179);
#1179 = CARTESIAN_POINT('',(236.49673200287,120.37564434701,284.));
#1180 = LINE('',#1181,#1182);
#1181 = CARTESIAN_POINT('',(236.49673200287,120.37564434701,18.));
#1182 = VECTOR('',#1183,1.);
#1183 = DIRECTION('',(0.,0.,1.));
#1184 = ORIENTED_EDGE('',*,*,#1185,.F.);
#1185 = EDGE_CURVE('',#1186,#1178,#1188,.T.);
#1186 = VERTEX_POINT('',#1187);
#1187 = CARTESIAN_POINT('',(222.49673200287,144.62435565298,284.));
#1188 = LINE('',#1189,#1190);
#1189 = CARTESIAN_POINT('',(247.99673200287,100.45706005997,284.));
#1190 = VECTOR('',#1191,1.);
#1191 = DIRECTION('',(0.5,-0.866025403784,0.));
#1192 = ORIENTED_EDGE('',*,*,#1193,.F.);
#1193 = EDGE_CURVE('',#1194,#1186,#1196,.T.);
#1194 = VERTEX_POINT('',#1195);
#1195 = CARTESIAN_POINT('',(222.49673200287,144.62435565298,18.));
#1196 = LINE('',#1197,#1198);
#1197 = CARTESIAN_POINT('',(222.49673200287,144.62435565298,18.));
#1198 = VECTOR('',#1199,1.);
#1199 = DIRECTION('',(0.,0.,1.));
#1200 = ORIENTED_EDGE('',*,*,#1201,.T.);
#1201 = EDGE_CURVE('',#1194,#1202,#1204,.T.);
#1202 = VERTEX_POINT('',#1203);
#1203 = CARTESIAN_POINT('',(199.49673200287,184.46152422706,18.));
#1204 = LINE('',#1205,#1206);
#1205 = CARTESIAN_POINT('',(259.49673200287,80.538475772934,18.));
#1206 = VECTOR('',#1207,1.);
#1207 = DIRECTION('',(-0.5,0.866025403784,0.));
#1208 = ORIENTED_EDGE('',*,*,#1209,.T.);
#1209 = EDGE_CURVE('',#1202,#1210,#1212,.T.);
#1210 = VERTEX_POINT('',#1211);
#1211 = CARTESIAN_POINT('',(199.49673200287,184.46152422706,
    353.90524980688));
#1212 = LINE('',#1213,#1214);
#1213 = CARTESIAN_POINT('',(199.49673200287,184.46152422706,18.));
#1214 = VECTOR('',#1215,1.);
#1215 = DIRECTION('',(0.,0.,1.));
#1216 = ORIENTED_EDGE('',*,*,#1217,.F.);
#1217 = EDGE_CURVE('',#1162,#1210,#1218,.T.);
#1218 = LINE('',#1219,#1220);
#1219 = CARTESIAN_POINT('',(259.49673200287,80.538475772934,
    353.90524980688));
#1220 = VECTOR('',#1221,1.);
#1221 = DIRECTION('',(-0.5,0.866025403784,0.));
#1222 = PLANE('',#1223);
#1223 = AXIS2_PLACEMENT_3D('',#1224,#1225,#1226);
#1224 = CARTESIAN_POINT('',(259.49673200287,80.538475772934,18.));
#1225 = DIRECTION('',(0.866025403784,0.5,0.));
#1226 = DIRECTION('',(0.,0.,1.));
#1227 = ADVANCED_FACE('',(#1228),#1253,.F.);
#1228 = FACE_BOUND('',#1229,.F.);
#1229 = EDGE_LOOP('',(#1230,#1238,#1239,#1247));
#1230 = ORIENTED_EDGE('',*,*,#1231,.F.);
#1231 = EDGE_CURVE('',#1160,#1232,#1234,.T.);
#1232 = VERTEX_POINT('',#1233);
#1233 = CARTESIAN_POINT('',(276.81724007856,90.538475772934,18.));
#1234 = LINE('',#1235,#1236);
#1235 = CARTESIAN_POINT('',(259.49673200287,80.538475772934,18.));
#1236 = VECTOR('',#1237,1.);
#1237 = DIRECTION('',(0.866025403784,0.5,0.));
#1238 = ORIENTED_EDGE('',*,*,#1159,.T.);
#1239 = ORIENTED_EDGE('',*,*,#1240,.T.);
#1240 = EDGE_CURVE('',#1162,#1241,#1243,.T.);
#1241 = VERTEX_POINT('',#1242);
#1242 = CARTESIAN_POINT('',(276.81724007856,90.538475772934,
    353.90524980688));
#1243 = LINE('',#1244,#1245);
#1244 = CARTESIAN_POINT('',(259.49673200287,80.538475772934,
    353.90524980688));
#1245 = VECTOR('',#1246,1.);
#1246 = DIRECTION('',(0.866025403784,0.5,0.));
#1247 = ORIENTED_EDGE('',*,*,#1248,.F.);
#1248 = EDGE_CURVE('',#1232,#1241,#1249,.T.);
#1249 = LINE('',#1250,#1251);
#1250 = CARTESIAN_POINT('',(276.81724007856,90.538475772934,18.));
#1251 = VECTOR('',#1252,1.);
#1252 = DIRECTION('',(0.,0.,1.));
#1253 = PLANE('',#1254);
#1254 = AXIS2_PLACEMENT_3D('',#1255,#1256,#1257);
#1255 = CARTESIAN_POINT('',(259.49673200287,80.538475772934,18.));
#1256 = DIRECTION('',(-0.5,0.866025403784,0.));
#1257 = DIRECTION('',(0.,0.,1.));
#1258 = ADVANCED_FACE('',(#1259),#1277,.T.);
#1259 = FACE_BOUND('',#1260,.T.);
#1260 = EDGE_LOOP('',(#1261,#1262,#1263,#1271));
#1261 = ORIENTED_EDGE('',*,*,#1217,.F.);
#1262 = ORIENTED_EDGE('',*,*,#1240,.T.);
#1263 = ORIENTED_EDGE('',*,*,#1264,.T.);
#1264 = EDGE_CURVE('',#1241,#1265,#1267,.T.);
#1265 = VERTEX_POINT('',#1266);
#1266 = CARTESIAN_POINT('',(216.81724007856,194.46152422706,
    353.90524980688));
#1267 = LINE('',#1268,#1269);
#1268 = CARTESIAN_POINT('',(276.81724007856,90.538475772934,
    353.90524980688));
#1269 = VECTOR('',#1270,1.);
#1270 = DIRECTION('',(-0.5,0.866025403784,0.));
#1271 = ORIENTED_EDGE('',*,*,#1272,.F.);
#1272 = EDGE_CURVE('',#1210,#1265,#1273,.T.);
#1273 = LINE('',#1274,#1275);
#1274 = CARTESIAN_POINT('',(199.49673200287,184.46152422706,
    353.90524980688));
#1275 = VECTOR('',#1276,1.);
#1276 = DIRECTION('',(0.866025403784,0.5,0.));
#1277 = PLANE('',#1278);
#1278 = AXIS2_PLACEMENT_3D('',#1279,#1280,#1281);
#1279 = CARTESIAN_POINT('',(259.49673200287,80.538475772934,
    353.90524980688));
#1280 = DIRECTION('',(0.,0.,1.));
#1281 = DIRECTION('',(0.866025403784,0.5,0.));
#1282 = ADVANCED_FACE('',(#1283),#1301,.T.);
#1283 = FACE_BOUND('',#1284,.T.);
#1284 = EDGE_LOOP('',(#1285,#1293,#1294,#1295));
#1285 = ORIENTED_EDGE('',*,*,#1286,.F.);
#1286 = EDGE_CURVE('',#1202,#1287,#1289,.T.);
#1287 = VERTEX_POINT('',#1288);
#1288 = CARTESIAN_POINT('',(216.81724007856,194.46152422706,18.));
#1289 = LINE('',#1290,#1291);
#1290 = CARTESIAN_POINT('',(199.49673200287,184.46152422706,18.));
#1291 = VECTOR('',#1292,1.);
#1292 = DIRECTION('',(0.866025403784,0.5,0.));
#1293 = ORIENTED_EDGE('',*,*,#1209,.T.);
#1294 = ORIENTED_EDGE('',*,*,#1272,.T.);
#1295 = ORIENTED_EDGE('',*,*,#1296,.F.);
#1296 = EDGE_CURVE('',#1287,#1265,#1297,.T.);
#1297 = LINE('',#1298,#1299);
#1298 = CARTESIAN_POINT('',(216.81724007856,194.46152422706,18.));
#1299 = VECTOR('',#1300,1.);
#1300 = DIRECTION('',(0.,0.,1.));
#1301 = PLANE('',#1302);
#1302 = AXIS2_PLACEMENT_3D('',#1303,#1304,#1305);
#1303 = CARTESIAN_POINT('',(199.49673200287,184.46152422706,18.));
#1304 = DIRECTION('',(-0.5,0.866025403784,0.));
#1305 = DIRECTION('',(0.,0.,1.));
#1306 = ADVANCED_FACE('',(#1307),#1325,.F.);
#1307 = FACE_BOUND('',#1308,.F.);
#1308 = EDGE_LOOP('',(#1309,#1310,#1318,#1324));
#1309 = ORIENTED_EDGE('',*,*,#1201,.F.);
#1310 = ORIENTED_EDGE('',*,*,#1311,.T.);
#1311 = EDGE_CURVE('',#1194,#1312,#1314,.T.);
#1312 = VERTEX_POINT('',#1313);
#1313 = CARTESIAN_POINT('',(239.81724007856,154.62435565298,18.));
#1314 = LINE('',#1315,#1316);
#1315 = CARTESIAN_POINT('',(221.63070659909,144.12435565298,18.));
#1316 = VECTOR('',#1317,1.);
#1317 = DIRECTION('',(0.866025403784,0.5,0.));
#1318 = ORIENTED_EDGE('',*,*,#1319,.T.);
#1319 = EDGE_CURVE('',#1312,#1287,#1320,.T.);
#1320 = LINE('',#1321,#1322);
#1321 = CARTESIAN_POINT('',(276.81724007856,90.538475772934,18.));
#1322 = VECTOR('',#1323,1.);
#1323 = DIRECTION('',(-0.5,0.866025403784,0.));
#1324 = ORIENTED_EDGE('',*,*,#1286,.F.);
#1325 = PLANE('',#1326);
#1326 = AXIS2_PLACEMENT_3D('',#1327,#1328,#1329);
#1327 = CARTESIAN_POINT('',(259.49673200287,80.538475772934,18.));
#1328 = DIRECTION('',(0.,0.,1.));
#1329 = DIRECTION('',(0.866025403784,0.5,0.));
#1330 = ADVANCED_FACE('',(#1331),#1349,.F.);
#1331 = FACE_BOUND('',#1332,.F.);
#1332 = EDGE_LOOP('',(#1333,#1334,#1335,#1343));
#1333 = ORIENTED_EDGE('',*,*,#1311,.F.);
#1334 = ORIENTED_EDGE('',*,*,#1193,.T.);
#1335 = ORIENTED_EDGE('',*,*,#1336,.T.);
#1336 = EDGE_CURVE('',#1186,#1337,#1339,.T.);
#1337 = VERTEX_POINT('',#1338);
#1338 = CARTESIAN_POINT('',(239.81724007856,154.62435565298,284.));
#1339 = LINE('',#1340,#1341);
#1340 = CARTESIAN_POINT('',(221.63070659909,144.12435565298,284.));
#1341 = VECTOR('',#1342,1.);
#1342 = DIRECTION('',(0.866025403784,0.5,0.));
#1343 = ORIENTED_EDGE('',*,*,#1344,.F.);
#1344 = EDGE_CURVE('',#1312,#1337,#1345,.T.);
#1345 = LINE('',#1346,#1347);
#1346 = CARTESIAN_POINT('',(239.81724007856,154.62435565298,18.));
#1347 = VECTOR('',#1348,1.);
#1348 = DIRECTION('',(0.,0.,1.));
#1349 = PLANE('',#1350);
#1350 = AXIS2_PLACEMENT_3D('',#1351,#1352,#1353);
#1351 = CARTESIAN_POINT('',(221.63070659909,144.12435565298,18.));
#1352 = DIRECTION('',(-0.5,0.866025403784,0.));
#1353 = DIRECTION('',(0.,0.,1.));
#1354 = ADVANCED_FACE('',(#1355),#1373,.F.);
#1355 = FACE_BOUND('',#1356,.F.);
#1356 = EDGE_LOOP('',(#1357,#1358,#1359,#1367));
#1357 = ORIENTED_EDGE('',*,*,#1336,.F.);
#1358 = ORIENTED_EDGE('',*,*,#1185,.T.);
#1359 = ORIENTED_EDGE('',*,*,#1360,.T.);
#1360 = EDGE_CURVE('',#1178,#1361,#1363,.T.);
#1361 = VERTEX_POINT('',#1362);
#1362 = CARTESIAN_POINT('',(253.81724007856,130.37564434701,284.));
#1363 = LINE('',#1364,#1365);
#1364 = CARTESIAN_POINT('',(235.63070659909,119.87564434701,284.));
#1365 = VECTOR('',#1366,1.);
#1366 = DIRECTION('',(0.866025403784,0.5,0.));
#1367 = ORIENTED_EDGE('',*,*,#1368,.F.);
#1368 = EDGE_CURVE('',#1337,#1361,#1369,.T.);
#1369 = LINE('',#1370,#1371);
#1370 = CARTESIAN_POINT('',(265.31724007856,110.45706005997,284.));
#1371 = VECTOR('',#1372,1.);
#1372 = DIRECTION('',(0.5,-0.866025403784,0.));
#1373 = PLANE('',#1374);
#1374 = AXIS2_PLACEMENT_3D('',#1375,#1376,#1377);
#1375 = CARTESIAN_POINT('',(235.63070659909,119.87564434701,284.));
#1376 = DIRECTION('',(0.,0.,1.));
#1377 = DIRECTION('',(0.866025403784,0.5,0.));
#1378 = ADVANCED_FACE('',(#1379),#1397,.T.);
#1379 = FACE_BOUND('',#1380,.T.);
#1380 = EDGE_LOOP('',(#1381,#1389,#1390,#1391));
#1381 = ORIENTED_EDGE('',*,*,#1382,.F.);
#1382 = EDGE_CURVE('',#1170,#1383,#1385,.T.);
#1383 = VERTEX_POINT('',#1384);
#1384 = CARTESIAN_POINT('',(253.81724007856,130.37564434701,18.));
#1385 = LINE('',#1386,#1387);
#1386 = CARTESIAN_POINT('',(235.63070659909,119.87564434701,18.));
#1387 = VECTOR('',#1388,1.);
#1388 = DIRECTION('',(0.866025403784,0.5,0.));
#1389 = ORIENTED_EDGE('',*,*,#1177,.T.);
#1390 = ORIENTED_EDGE('',*,*,#1360,.T.);
#1391 = ORIENTED_EDGE('',*,*,#1392,.F.);
#1392 = EDGE_CURVE('',#1383,#1361,#1393,.T.);
#1393 = LINE('',#1394,#1395);
#1394 = CARTESIAN_POINT('',(253.81724007856,130.37564434701,18.));
#1395 = VECTOR('',#1396,1.);
#1396 = DIRECTION('',(0.,0.,1.));
#1397 = PLANE('',#1398);
#1398 = AXIS2_PLACEMENT_3D('',#1399,#1400,#1401);
#1399 = CARTESIAN_POINT('',(235.63070659909,119.87564434701,18.));
#1400 = DIRECTION('',(-0.5,0.866025403784,0.));
#1401 = DIRECTION('',(0.,0.,1.));
#1402 = ADVANCED_FACE('',(#1403),#1414,.F.);
#1403 = FACE_BOUND('',#1404,.F.);
#1404 = EDGE_LOOP('',(#1405,#1406,#1407,#1413));
#1405 = ORIENTED_EDGE('',*,*,#1169,.F.);
#1406 = ORIENTED_EDGE('',*,*,#1231,.T.);
#1407 = ORIENTED_EDGE('',*,*,#1408,.T.);
#1408 = EDGE_CURVE('',#1232,#1383,#1409,.T.);
#1409 = LINE('',#1410,#1411);
#1410 = CARTESIAN_POINT('',(276.81724007856,90.538475772934,18.));
#1411 = VECTOR('',#1412,1.);
#1412 = DIRECTION('',(-0.5,0.866025403784,0.));
#1413 = ORIENTED_EDGE('',*,*,#1382,.F.);
#1414 = PLANE('',#1415);
#1415 = AXIS2_PLACEMENT_3D('',#1416,#1417,#1418);
#1416 = CARTESIAN_POINT('',(259.49673200287,80.538475772934,18.));
#1417 = DIRECTION('',(0.,0.,1.));
#1418 = DIRECTION('',(0.866025403784,0.5,0.));
#1419 = ADVANCED_FACE('',(#1420),#1430,.T.);
#1420 = FACE_BOUND('',#1421,.T.);
#1421 = EDGE_LOOP('',(#1422,#1423,#1424,#1425,#1426,#1427,#1428,#1429));
#1422 = ORIENTED_EDGE('',*,*,#1248,.F.);
#1423 = ORIENTED_EDGE('',*,*,#1408,.T.);
#1424 = ORIENTED_EDGE('',*,*,#1392,.T.);
#1425 = ORIENTED_EDGE('',*,*,#1368,.F.);
#1426 = ORIENTED_EDGE('',*,*,#1344,.F.);
#1427 = ORIENTED_EDGE('',*,*,#1319,.T.);
#1428 = ORIENTED_EDGE('',*,*,#1296,.T.);
#1429 = ORIENTED_EDGE('',*,*,#1264,.F.);
#1430 = PLANE('',#1431);
#1431 = AXIS2_PLACEMENT_3D('',#1432,#1433,#1434);
#1432 = CARTESIAN_POINT('',(276.81724007856,90.538475772934,18.));
#1433 = DIRECTION('',(0.866025403784,0.5,0.));
#1434 = DIRECTION('',(0.,0.,1.));
#1435 = ( GEOMETRIC_REPRESENTATION_CONTEXT(3) 
GLOBAL_UNCERTAINTY_ASSIGNED_CONTEXT((#1439)) 
GLOBAL_UNIT_ASSIGNED_CONTEXT((#1436,#1437,#1438)) REPRESENTATION_CONTEXT
('Context #1','3D Context with UNIT and UNCERTAINTY') );
#1436 = ( LENGTH_UNIT() NAMED_UNIT(*) SI_UNIT(.MILLI.,.METRE.) );
#1437 = ( NAMED_UNIT(*) PLANE_ANGLE_UNIT() SI_UNIT($,.RADIAN.) );
#1438 = ( NAMED_UNIT(*) SI_UNIT($,.STERADIAN.) SOLID_ANGLE_UNIT() );
#1439 = UNCERTAINTY_MEASURE_WITH_UNIT(LENGTH_MEASURE(1.E-07),#1436,
  'distance_accuracy_value','confusion accuracy');
#1440 = CONTEXT_DEPENDENT_SHAPE_REPRESENTATION(#1441,#1443);
#1441 = ( REPRESENTATION_RELATIONSHIP('','',#1152,#10) 
REPRESENTATION_RELATIONSHIP_WITH_TRANSFORMATION(#1442) 
SHAPE_REPRESENTATION_RELATIONSHIP() );
#1442 = ITEM_DEFINED_TRANSFORMATION('','',#11,#39);
#1443 = PRODUCT_DEFINITION_SHAPE('Placement','Placement of an item',
  #1444);
#1444 = NEXT_ASSEMBLY_USAGE_OCCURRENCE('7',
  'P07 Arched blade 30 / maple segment 1','',#5,#1147,$);
#1445 = PRODUCT_RELATED_PRODUCT_CATEGORY('part',$,(#1149));
#1446 = SHAPE_DEFINITION_REPRESENTATION(#1447,#1453);
#1447 = PRODUCT_DEFINITION_SHAPE('','',#1448);
#1448 = PRODUCT_DEFINITION('design','',#1449,#1452);
#1449 = PRODUCT_DEFINITION_FORMATION('','',#1450);
#1450 = PRODUCT('P08 Arched blade 30 / maple segment 2',
  'P08 Arched blade 30 / maple segment 2','',(#1451));
#1451 = PRODUCT_CONTEXT('',#2,'mechanical');
#1452 = PRODUCT_DEFINITION_CONTEXT('part definition',#2,'design');
#1453 = ADVANCED_BREP_SHAPE_REPRESENTATION('',(#11,#1454),#1604);
#1454 = MANIFOLD_SOLID_BREP('',#1455);
#1455 = CLOSED_SHELL('',(#1456,#1496,#1527,#1551,#1575,#1592));
#1456 = ADVANCED_FACE('',(#1457),#1491,.F.);
#1457 = FACE_BOUND('',#1458,.F.);
#1458 = EDGE_LOOP('',(#1459,#1469,#1477,#1485));
#1459 = ORIENTED_EDGE('',*,*,#1460,.F.);
#1460 = EDGE_CURVE('',#1461,#1463,#1465,.T.);
#1461 = VERTEX_POINT('',#1462);
#1462 = CARTESIAN_POINT('',(259.49673200287,80.538475772934,
    367.90524980688));
#1463 = VERTEX_POINT('',#1464);
#1464 = CARTESIAN_POINT('',(259.49673200287,80.538475772934,
    381.90524980688));
#1465 = LINE('',#1466,#1467);
#1466 = CARTESIAN_POINT('',(259.49673200287,80.538475772934,18.));
#1467 = VECTOR('',#1468,1.);
#1468 = DIRECTION('',(0.,0.,1.));
#1469 = ORIENTED_EDGE('',*,*,#1470,.T.);
#1470 = EDGE_CURVE('',#1461,#1471,#1473,.T.);
#1471 = VERTEX_POINT('',#1472);
#1472 = CARTESIAN_POINT('',(199.49673200287,184.46152422706,
    367.90524980688));
#1473 = LINE('',#1474,#1475);
#1474 = CARTESIAN_POINT('',(259.49673200287,80.538475772934,
    367.90524980688));
#1475 = VECTOR('',#1476,1.);
#1476 = DIRECTION('',(-0.5,0.866025403784,0.));
#1477 = ORIENTED_EDGE('',*,*,#1478,.T.);
#1478 = EDGE_CURVE('',#1471,#1479,#1481,.T.);
#1479 = VERTEX_POINT('',#1480);
#1480 = CARTESIAN_POINT('',(199.49673200287,184.46152422706,
    381.90524980688));
#1481 = LINE('',#1482,#1483);
#1482 = CARTESIAN_POINT('',(199.49673200287,184.46152422706,18.));
#1483 = VECTOR('',#1484,1.);
#1484 = DIRECTION('',(0.,0.,1.));
#1485 = ORIENTED_EDGE('',*,*,#1486,.F.);
#1486 = EDGE_CURVE('',#1463,#1479,#1487,.T.);
#1487 = LINE('',#1488,#1489);
#1488 = CARTESIAN_POINT('',(259.49673200287,80.538475772934,
    381.90524980688));
#1489 = VECTOR('',#1490,1.);
#1490 = DIRECTION('',(-0.5,0.866025403784,0.));
#1491 = PLANE('',#1492);
#1492 = AXIS2_PLACEMENT_3D('',#1493,#1494,#1495);
#1493 = CARTESIAN_POINT('',(259.49673200287,80.538475772934,18.));
#1494 = DIRECTION('',(0.866025403784,0.5,0.));
#1495 = DIRECTION('',(0.,0.,1.));
#1496 = ADVANCED_FACE('',(#1497),#1522,.F.);
#1497 = FACE_BOUND('',#1498,.F.);
#1498 = EDGE_LOOP('',(#1499,#1507,#1508,#1516));
#1499 = ORIENTED_EDGE('',*,*,#1500,.F.);
#1500 = EDGE_CURVE('',#1461,#1501,#1503,.T.);
#1501 = VERTEX_POINT('',#1502);
#1502 = CARTESIAN_POINT('',(276.81724007856,90.538475772934,
    367.90524980688));
#1503 = LINE('',#1504,#1505);
#1504 = CARTESIAN_POINT('',(259.49673200287,80.538475772934,
    367.90524980688));
#1505 = VECTOR('',#1506,1.);
#1506 = DIRECTION('',(0.866025403784,0.5,0.));
#1507 = ORIENTED_EDGE('',*,*,#1460,.T.);
#1508 = ORIENTED_EDGE('',*,*,#1509,.T.);
#1509 = EDGE_CURVE('',#1463,#1510,#1512,.T.);
#1510 = VERTEX_POINT('',#1511);
#1511 = CARTESIAN_POINT('',(276.81724007856,90.538475772934,
    381.90524980688));
#1512 = LINE('',#1513,#1514);
#1513 = CARTESIAN_POINT('',(259.49673200287,80.538475772934,
    381.90524980688));
#1514 = VECTOR('',#1515,1.);
#1515 = DIRECTION('',(0.866025403784,0.5,0.));
#1516 = ORIENTED_EDGE('',*,*,#1517,.F.);
#1517 = EDGE_CURVE('',#1501,#1510,#1518,.T.);
#1518 = LINE('',#1519,#1520);
#1519 = CARTESIAN_POINT('',(276.81724007856,90.538475772934,18.));
#1520 = VECTOR('',#1521,1.);
#1521 = DIRECTION('',(0.,0.,1.));
#1522 = PLANE('',#1523);
#1523 = AXIS2_PLACEMENT_3D('',#1524,#1525,#1526);
#1524 = CARTESIAN_POINT('',(259.49673200287,80.538475772934,18.));
#1525 = DIRECTION('',(-0.5,0.866025403784,0.));
#1526 = DIRECTION('',(0.,0.,1.));
#1527 = ADVANCED_FACE('',(#1528),#1546,.T.);
#1528 = FACE_BOUND('',#1529,.T.);
#1529 = EDGE_LOOP('',(#1530,#1531,#1532,#1540));
#1530 = ORIENTED_EDGE('',*,*,#1486,.F.);
#1531 = ORIENTED_EDGE('',*,*,#1509,.T.);
#1532 = ORIENTED_EDGE('',*,*,#1533,.T.);
#1533 = EDGE_CURVE('',#1510,#1534,#1536,.T.);
#1534 = VERTEX_POINT('',#1535);
#1535 = CARTESIAN_POINT('',(216.81724007856,194.46152422706,
    381.90524980688));
#1536 = LINE('',#1537,#1538);
#1537 = CARTESIAN_POINT('',(276.81724007856,90.538475772934,
    381.90524980688));
#1538 = VECTOR('',#1539,1.);
#1539 = DIRECTION('',(-0.5,0.866025403784,0.));
#1540 = ORIENTED_EDGE('',*,*,#1541,.F.);
#1541 = EDGE_CURVE('',#1479,#1534,#1542,.T.);
#1542 = LINE('',#1543,#1544);
#1543 = CARTESIAN_POINT('',(199.49673200287,184.46152422706,
    381.90524980688));
#1544 = VECTOR('',#1545,1.);
#1545 = DIRECTION('',(0.866025403784,0.5,0.));
#1546 = PLANE('',#1547);
#1547 = AXIS2_PLACEMENT_3D('',#1548,#1549,#1550);
#1548 = CARTESIAN_POINT('',(259.49673200287,80.538475772934,
    381.90524980688));
#1549 = DIRECTION('',(0.,0.,1.));
#1550 = DIRECTION('',(0.866025403784,0.5,0.));
#1551 = ADVANCED_FACE('',(#1552),#1570,.T.);
#1552 = FACE_BOUND('',#1553,.T.);
#1553 = EDGE_LOOP('',(#1554,#1562,#1563,#1564));
#1554 = ORIENTED_EDGE('',*,*,#1555,.F.);
#1555 = EDGE_CURVE('',#1471,#1556,#1558,.T.);
#1556 = VERTEX_POINT('',#1557);
#1557 = CARTESIAN_POINT('',(216.81724007856,194.46152422706,
    367.90524980688));
#1558 = LINE('',#1559,#1560);
#1559 = CARTESIAN_POINT('',(199.49673200287,184.46152422706,
    367.90524980688));
#1560 = VECTOR('',#1561,1.);
#1561 = DIRECTION('',(0.866025403784,0.5,0.));
#1562 = ORIENTED_EDGE('',*,*,#1478,.T.);
#1563 = ORIENTED_EDGE('',*,*,#1541,.T.);
#1564 = ORIENTED_EDGE('',*,*,#1565,.F.);
#1565 = EDGE_CURVE('',#1556,#1534,#1566,.T.);
#1566 = LINE('',#1567,#1568);
#1567 = CARTESIAN_POINT('',(216.81724007856,194.46152422706,18.));
#1568 = VECTOR('',#1569,1.);
#1569 = DIRECTION('',(0.,0.,1.));
#1570 = PLANE('',#1571);
#1571 = AXIS2_PLACEMENT_3D('',#1572,#1573,#1574);
#1572 = CARTESIAN_POINT('',(199.49673200287,184.46152422706,18.));
#1573 = DIRECTION('',(-0.5,0.866025403784,0.));
#1574 = DIRECTION('',(0.,0.,1.));
#1575 = ADVANCED_FACE('',(#1576),#1587,.F.);
#1576 = FACE_BOUND('',#1577,.F.);
#1577 = EDGE_LOOP('',(#1578,#1579,#1580,#1586));
#1578 = ORIENTED_EDGE('',*,*,#1470,.F.);
#1579 = ORIENTED_EDGE('',*,*,#1500,.T.);
#1580 = ORIENTED_EDGE('',*,*,#1581,.T.);
#1581 = EDGE_CURVE('',#1501,#1556,#1582,.T.);
#1582 = LINE('',#1583,#1584);
#1583 = CARTESIAN_POINT('',(276.81724007856,90.538475772934,
    367.90524980688));
#1584 = VECTOR('',#1585,1.);
#1585 = DIRECTION('',(-0.5,0.866025403784,0.));
#1586 = ORIENTED_EDGE('',*,*,#1555,.F.);
#1587 = PLANE('',#1588);
#1588 = AXIS2_PLACEMENT_3D('',#1589,#1590,#1591);
#1589 = CARTESIAN_POINT('',(259.49673200287,80.538475772934,
    367.90524980688));
#1590 = DIRECTION('',(0.,0.,1.));
#1591 = DIRECTION('',(0.866025403784,0.5,0.));
#1592 = ADVANCED_FACE('',(#1593),#1599,.T.);
#1593 = FACE_BOUND('',#1594,.T.);
#1594 = EDGE_LOOP('',(#1595,#1596,#1597,#1598));
#1595 = ORIENTED_EDGE('',*,*,#1517,.F.);
#1596 = ORIENTED_EDGE('',*,*,#1581,.T.);
#1597 = ORIENTED_EDGE('',*,*,#1565,.T.);
#1598 = ORIENTED_EDGE('',*,*,#1533,.F.);
#1599 = PLANE('',#1600);
#1600 = AXIS2_PLACEMENT_3D('',#1601,#1602,#1603);
#1601 = CARTESIAN_POINT('',(276.81724007856,90.538475772934,18.));
#1602 = DIRECTION('',(0.866025403784,0.5,0.));
#1603 = DIRECTION('',(0.,0.,1.));
#1604 = ( GEOMETRIC_REPRESENTATION_CONTEXT(3) 
GLOBAL_UNCERTAINTY_ASSIGNED_CONTEXT((#1608)) 
GLOBAL_UNIT_ASSIGNED_CONTEXT((#1605,#1606,#1607)) REPRESENTATION_CONTEXT
('Context #1','3D Context with UNIT and UNCERTAINTY') );
#1605 = ( LENGTH_UNIT() NAMED_UNIT(*) SI_UNIT(.MILLI.,.METRE.) );
#1606 = ( NAMED_UNIT(*) PLANE_ANGLE_UNIT() SI_UNIT($,.RADIAN.) );
#1607 = ( NAMED_UNIT(*) SI_UNIT($,.STERADIAN.) SOLID_ANGLE_UNIT() );
#1608 = UNCERTAINTY_MEASURE_WITH_UNIT(LENGTH_MEASURE(1.E-07),#1605,
  'distance_accuracy_value','confusion accuracy');
#1609 = CONTEXT_DEPENDENT_SHAPE_REPRESENTATION(#1610,#1612);
#1610 = ( REPRESENTATION_RELATIONSHIP('','',#1453,#10) 
REPRESENTATION_RELATIONSHIP_WITH_TRANSFORMATION(#1611) 
SHAPE_REPRESENTATION_RELATIONSHIP() );
#1611 = ITEM_DEFINED_TRANSFORMATION('','',#11,#43);
#1612 = PRODUCT_DEFINITION_SHAPE('Placement','Placement of an item',
  #1613);
#1613 = NEXT_ASSEMBLY_USAGE_OCCURRENCE('8',
  'P08 Arched blade 30 / maple segment 2','',#5,#1448,$);
#1614 = PRODUCT_RELATED_PRODUCT_CATEGORY('part',$,(#1450));
#1615 = SHAPE_DEFINITION_REPRESENTATION(#1616,#1622);
#1616 = PRODUCT_DEFINITION_SHAPE('','',#1617);
#1617 = PRODUCT_DEFINITION('design','',#1618,#1621);
#1618 = PRODUCT_DEFINITION_FORMATION('','',#1619);
#1619 = PRODUCT('P09 Arched blade 30 / maple segment 3',
  'P09 Arched blade 30 / maple segment 3','',(#1620));
#1620 = PRODUCT_CONTEXT('',#2,'mechanical');
#1621 = PRODUCT_DEFINITION_CONTEXT('part definition',#2,'design');
#1622 = ADVANCED_BREP_SHAPE_REPRESENTATION('',(#11,#1623),#1843);
#1623 = MANIFOLD_SOLID_BREP('',#1624);
#1624 = CLOSED_SHELL('',(#1625,#1665,#1696,#1727,#1760,#1793,#1815,#1829
    ));
#1625 = ADVANCED_FACE('',(#1626),#1660,.T.);
#1626 = FACE_BOUND('',#1627,.T.);
#1627 = EDGE_LOOP('',(#1628,#1638,#1646,#1654));
#1628 = ORIENTED_EDGE('',*,*,#1629,.F.);
#1629 = EDGE_CURVE('',#1630,#1632,#1634,.T.);
#1630 = VERTEX_POINT('',#1631);
#1631 = CARTESIAN_POINT('',(199.49673200287,184.46152422706,
    395.90524980688));
#1632 = VERTEX_POINT('',#1633);
#1633 = CARTESIAN_POINT('',(216.81724007856,194.46152422706,
    395.90524980688));
#1634 = LINE('',#1635,#1636);
#1635 = CARTESIAN_POINT('',(199.49673200287,184.46152422706,
    395.90524980688));
#1636 = VECTOR('',#1637,1.);
#1637 = DIRECTION('',(0.866025403784,0.5,0.));
#1638 = ORIENTED_EDGE('',*,*,#1639,.T.);
#1639 = EDGE_CURVE('',#1630,#1640,#1642,.T.);
#1640 = VERTEX_POINT('',#1641);
#1641 = CARTESIAN_POINT('',(199.49673200287,184.46152422706,
    471.90524980688));
#1642 = LINE('',#1643,#1644);
#1643 = CARTESIAN_POINT('',(199.49673200287,184.46152422706,18.));
#1644 = VECTOR('',#1645,1.);
#1645 = DIRECTION('',(0.,0.,1.));
#1646 = ORIENTED_EDGE('',*,*,#1647,.T.);
#1647 = EDGE_CURVE('',#1640,#1648,#1650,.T.);
#1648 = VERTEX_POINT('',#1649);
#1649 = CARTESIAN_POINT('',(216.81724007856,194.46152422706,
    471.90524980688));
#1650 = LINE('',#1651,#1652);
#1651 = CARTESIAN_POINT('',(199.49673200287,184.46152422706,
    471.90524980688));
#1652 = VECTOR('',#1653,1.);
#1653 = DIRECTION('',(0.866025403784,0.5,0.));
#1654 = ORIENTED_EDGE('',*,*,#1655,.F.);
#1655 = EDGE_CURVE('',#1632,#1648,#1656,.T.);
#1656 = LINE('',#1657,#1658);
#1657 = CARTESIAN_POINT('',(216.81724007856,194.46152422706,18.));
#1658 = VECTOR('',#1659,1.);
#1659 = DIRECTION('',(0.,0.,1.));
#1660 = PLANE('',#1661);
#1661 = AXIS2_PLACEMENT_3D('',#1662,#1663,#1664);
#1662 = CARTESIAN_POINT('',(199.49673200287,184.46152422706,18.));
#1663 = DIRECTION('',(-0.5,0.866025403784,0.));
#1664 = DIRECTION('',(0.,0.,1.));
#1665 = ADVANCED_FACE('',(#1666),#1691,.F.);
#1666 = FACE_BOUND('',#1667,.F.);
#1667 = EDGE_LOOP('',(#1668,#1676,#1684,#1690));
#1668 = ORIENTED_EDGE('',*,*,#1669,.F.);
#1669 = EDGE_CURVE('',#1670,#1630,#1672,.T.);
#1670 = VERTEX_POINT('',#1671);
#1671 = CARTESIAN_POINT('',(259.49673200287,80.538475772934,
    395.90524980688));
#1672 = LINE('',#1673,#1674);
#1673 = CARTESIAN_POINT('',(259.49673200287,80.538475772934,
    395.90524980688));
#1674 = VECTOR('',#1675,1.);
#1675 = DIRECTION('',(-0.5,0.866025403784,0.));
#1676 = ORIENTED_EDGE('',*,*,#1677,.T.);
#1677 = EDGE_CURVE('',#1670,#1678,#1680,.T.);
#1678 = VERTEX_POINT('',#1679);
#1679 = CARTESIAN_POINT('',(276.81724007856,90.538475772934,
    395.90524980688));
#1680 = LINE('',#1681,#1682);
#1681 = CARTESIAN_POINT('',(259.49673200287,80.538475772934,
    395.90524980688));
#1682 = VECTOR('',#1683,1.);
#1683 = DIRECTION('',(0.866025403784,0.5,0.));
#1684 = ORIENTED_EDGE('',*,*,#1685,.T.);
#1685 = EDGE_CURVE('',#1678,#1632,#1686,.T.);
#1686 = LINE('',#1687,#1688);
#1687 = CARTESIAN_POINT('',(276.81724007856,90.538475772934,
    395.90524980688));
#1688 = VECTOR('',#1689,1.);
#1689 = DIRECTION('',(-0.5,0.866025403784,0.));
#1690 = ORIENTED_EDGE('',*,*,#1629,.F.);
#1691 = PLANE('',#1692);
#1692 = AXIS2_PLACEMENT_3D('',#1693,#1694,#1695);
#1693 = CARTESIAN_POINT('',(259.49673200287,80.538475772934,
    395.90524980688));
#1694 = DIRECTION('',(0.,0.,1.));
#1695 = DIRECTION('',(0.866025403784,0.5,0.));
#1696 = ADVANCED_FACE('',(#1697),#1722,.F.);
#1697 = FACE_BOUND('',#1698,.F.);
#1698 = EDGE_LOOP('',(#1699,#1700,#1708,#1716));
#1699 = ORIENTED_EDGE('',*,*,#1677,.F.);
#1700 = ORIENTED_EDGE('',*,*,#1701,.T.);
#1701 = EDGE_CURVE('',#1670,#1702,#1704,.T.);
#1702 = VERTEX_POINT('',#1703);
#1703 = CARTESIAN_POINT('',(259.49673200287,80.538475772934,
    471.90524980688));
#1704 = LINE('',#1705,#1706);
#1705 = CARTESIAN_POINT('',(259.49673200287,80.538475772934,18.));
#1706 = VECTOR('',#1707,1.);
#1707 = DIRECTION('',(0.,0.,1.));
#1708 = ORIENTED_EDGE('',*,*,#1709,.T.);
#1709 = EDGE_CURVE('',#1702,#1710,#1712,.T.);
#1710 = VERTEX_POINT('',#1711);
#1711 = CARTESIAN_POINT('',(276.81724007856,90.538475772934,
    471.90524980688));
#1712 = LINE('',#1713,#1714);
#1713 = CARTESIAN_POINT('',(259.49673200287,80.538475772934,
    471.90524980688));
#1714 = VECTOR('',#1715,1.);
#1715 = DIRECTION('',(0.866025403784,0.5,0.));
#1716 = ORIENTED_EDGE('',*,*,#1717,.F.);
#1717 = EDGE_CURVE('',#1678,#1710,#1718,.T.);
#1718 = LINE('',#1719,#1720);
#1719 = CARTESIAN_POINT('',(276.81724007856,90.538475772934,18.));
#1720 = VECTOR('',#1721,1.);
#1721 = DIRECTION('',(0.,0.,1.));
#1722 = PLANE('',#1723);
#1723 = AXIS2_PLACEMENT_3D('',#1724,#1725,#1726);
#1724 = CARTESIAN_POINT('',(259.49673200287,80.538475772934,18.));
#1725 = DIRECTION('',(-0.5,0.866025403784,0.));
#1726 = DIRECTION('',(0.,0.,1.));
#1727 = ADVANCED_FACE('',(#1728),#1755,.T.);
#1728 = FACE_BOUND('',#1729,.T.);
#1729 = EDGE_LOOP('',(#1730,#1739,#1747,#1754));
#1730 = ORIENTED_EDGE('',*,*,#1731,.F.);
#1731 = EDGE_CURVE('',#1732,#1710,#1734,.T.);
#1732 = VERTEX_POINT('',#1733);
#1733 = CARTESIAN_POINT('',(254.31724007856,129.50961894323,530.));
#1734 = CIRCLE('',#1735,60.);
#1735 = AXIS2_PLACEMENT_3D('',#1736,#1737,#1738);
#1736 = CARTESIAN_POINT('',(246.81724007856,142.5,471.90524980688));
#1737 = DIRECTION('',(0.866025403784,0.5,-0.));
#1738 = DIRECTION('',(0.,0.,1.));
#1739 = ORIENTED_EDGE('',*,*,#1740,.F.);
#1740 = EDGE_CURVE('',#1741,#1732,#1743,.T.);
#1741 = VERTEX_POINT('',#1742);
#1742 = CARTESIAN_POINT('',(236.99673200287,119.50961894323,530.));
#1743 = LINE('',#1744,#1745);
#1744 = CARTESIAN_POINT('',(236.99673200287,119.50961894323,530.));
#1745 = VECTOR('',#1746,1.);
#1746 = DIRECTION('',(0.866025403784,0.5,0.));
#1747 = ORIENTED_EDGE('',*,*,#1748,.T.);
#1748 = EDGE_CURVE('',#1741,#1702,#1749,.T.);
#1749 = CIRCLE('',#1750,60.);
#1750 = AXIS2_PLACEMENT_3D('',#1751,#1752,#1753);
#1751 = CARTESIAN_POINT('',(229.49673200287,132.5,471.90524980688));
#1752 = DIRECTION('',(0.866025403784,0.5,-0.));
#1753 = DIRECTION('',(0.,0.,1.));
#1754 = ORIENTED_EDGE('',*,*,#1709,.T.);
#1755 = CYLINDRICAL_SURFACE('',#1756,60.);
#1756 = AXIS2_PLACEMENT_3D('',#1757,#1758,#1759);
#1757 = CARTESIAN_POINT('',(229.49673200287,132.5,471.90524980688));
#1758 = DIRECTION('',(0.866025403784,0.5,0.));
#1759 = DIRECTION('',(0.,0.,1.));
#1760 = ADVANCED_FACE('',(#1761),#1788,.T.);
#1761 = FACE_BOUND('',#1762,.T.);
#1762 = EDGE_LOOP('',(#1763,#1773,#1780,#1781));
#1763 = ORIENTED_EDGE('',*,*,#1764,.T.);
#1764 = EDGE_CURVE('',#1765,#1767,#1769,.T.);
#1765 = VERTEX_POINT('',#1766);
#1766 = CARTESIAN_POINT('',(221.99673200287,145.49038105676,530.));
#1767 = VERTEX_POINT('',#1768);
#1768 = CARTESIAN_POINT('',(239.31724007856,155.49038105676,530.));
#1769 = LINE('',#1770,#1771);
#1770 = CARTESIAN_POINT('',(221.99673200287,145.49038105676,530.));
#1771 = VECTOR('',#1772,1.);
#1772 = DIRECTION('',(0.866025403784,0.5,0.));
#1773 = ORIENTED_EDGE('',*,*,#1774,.F.);
#1774 = EDGE_CURVE('',#1648,#1767,#1775,.T.);
#1775 = CIRCLE('',#1776,60.);
#1776 = AXIS2_PLACEMENT_3D('',#1777,#1778,#1779);
#1777 = CARTESIAN_POINT('',(246.81724007856,142.5,471.90524980688));
#1778 = DIRECTION('',(0.866025403784,0.5,-0.));
#1779 = DIRECTION('',(0.,0.,1.));
#1780 = ORIENTED_EDGE('',*,*,#1647,.F.);
#1781 = ORIENTED_EDGE('',*,*,#1782,.T.);
#1782 = EDGE_CURVE('',#1640,#1765,#1783,.T.);
#1783 = CIRCLE('',#1784,60.);
#1784 = AXIS2_PLACEMENT_3D('',#1785,#1786,#1787);
#1785 = CARTESIAN_POINT('',(229.49673200287,132.5,471.90524980688));
#1786 = DIRECTION('',(0.866025403784,0.5,-0.));
#1787 = DIRECTION('',(0.,0.,1.));
#1788 = CYLINDRICAL_SURFACE('',#1789,60.);
#1789 = AXIS2_PLACEMENT_3D('',#1790,#1791,#1792);
#1790 = CARTESIAN_POINT('',(229.49673200287,132.5,471.90524980688));
#1791 = DIRECTION('',(0.866025403784,0.5,0.));
#1792 = DIRECTION('',(0.,0.,1.));
#1793 = ADVANCED_FACE('',(#1794),#1810,.T.);
#1794 = FACE_BOUND('',#1795,.T.);
#1795 = EDGE_LOOP('',(#1796,#1802,#1803,#1809));
#1796 = ORIENTED_EDGE('',*,*,#1797,.F.);
#1797 = EDGE_CURVE('',#1741,#1765,#1798,.T.);
#1798 = LINE('',#1799,#1800);
#1799 = CARTESIAN_POINT('',(259.49673200287,80.538475772934,530.));
#1800 = VECTOR('',#1801,1.);
#1801 = DIRECTION('',(-0.5,0.866025403784,0.));
#1802 = ORIENTED_EDGE('',*,*,#1740,.T.);
#1803 = ORIENTED_EDGE('',*,*,#1804,.T.);
#1804 = EDGE_CURVE('',#1732,#1767,#1805,.T.);
#1805 = LINE('',#1806,#1807);
#1806 = CARTESIAN_POINT('',(276.81724007856,90.538475772934,530.));
#1807 = VECTOR('',#1808,1.);
#1808 = DIRECTION('',(-0.5,0.866025403784,0.));
#1809 = ORIENTED_EDGE('',*,*,#1764,.F.);
#1810 = PLANE('',#1811);
#1811 = AXIS2_PLACEMENT_3D('',#1812,#1813,#1814);
#1812 = CARTESIAN_POINT('',(259.49673200287,80.538475772934,530.));
#1813 = DIRECTION('',(0.,0.,1.));
#1814 = DIRECTION('',(0.866025403784,0.5,0.));
#1815 = ADVANCED_FACE('',(#1816),#1824,.T.);
#1816 = FACE_BOUND('',#1817,.T.);
#1817 = EDGE_LOOP('',(#1818,#1819,#1820,#1821,#1822,#1823));
#1818 = ORIENTED_EDGE('',*,*,#1701,.T.);
#1819 = ORIENTED_EDGE('',*,*,#1748,.F.);
#1820 = ORIENTED_EDGE('',*,*,#1797,.T.);
#1821 = ORIENTED_EDGE('',*,*,#1782,.F.);
#1822 = ORIENTED_EDGE('',*,*,#1639,.F.);
#1823 = ORIENTED_EDGE('',*,*,#1669,.F.);
#1824 = PLANE('',#1825);
#1825 = AXIS2_PLACEMENT_3D('',#1826,#1827,#1828);
#1826 = CARTESIAN_POINT('',(229.49673200287,132.5,454.72751870174));
#1827 = DIRECTION('',(-0.866025403784,-0.5,-0.));
#1828 = DIRECTION('',(0.5,-0.866025403784,0.));
#1829 = ADVANCED_FACE('',(#1830),#1838,.T.);
#1830 = FACE_BOUND('',#1831,.T.);
#1831 = EDGE_LOOP('',(#1832,#1833,#1834,#1835,#1836,#1837));
#1832 = ORIENTED_EDGE('',*,*,#1717,.F.);
#1833 = ORIENTED_EDGE('',*,*,#1685,.T.);
#1834 = ORIENTED_EDGE('',*,*,#1655,.T.);
#1835 = ORIENTED_EDGE('',*,*,#1774,.T.);
#1836 = ORIENTED_EDGE('',*,*,#1804,.F.);
#1837 = ORIENTED_EDGE('',*,*,#1731,.T.);
#1838 = PLANE('',#1839);
#1839 = AXIS2_PLACEMENT_3D('',#1840,#1841,#1842);
#1840 = CARTESIAN_POINT('',(246.81724007856,142.5,454.72751870174));
#1841 = DIRECTION('',(0.866025403784,0.5,0.));
#1842 = DIRECTION('',(-0.5,0.866025403784,0.));
#1843 = ( GEOMETRIC_REPRESENTATION_CONTEXT(3) 
GLOBAL_UNCERTAINTY_ASSIGNED_CONTEXT((#1847)) 
GLOBAL_UNIT_ASSIGNED_CONTEXT((#1844,#1845,#1846)) REPRESENTATION_CONTEXT
('Context #1','3D Context with UNIT and UNCERTAINTY') );
#1844 = ( LENGTH_UNIT() NAMED_UNIT(*) SI_UNIT(.MILLI.,.METRE.) );
#1845 = ( NAMED_UNIT(*) PLANE_ANGLE_UNIT() SI_UNIT($,.RADIAN.) );
#1846 = ( NAMED_UNIT(*) SI_UNIT($,.STERADIAN.) SOLID_ANGLE_UNIT() );
#1847 = UNCERTAINTY_MEASURE_WITH_UNIT(LENGTH_MEASURE(1.E-07),#1844,
  'distance_accuracy_value','confusion accuracy');
#1848 = CONTEXT_DEPENDENT_SHAPE_REPRESENTATION(#1849,#1851);
#1849 = ( REPRESENTATION_RELATIONSHIP('','',#1622,#10) 
REPRESENTATION_RELATIONSHIP_WITH_TRANSFORMATION(#1850) 
SHAPE_REPRESENTATION_RELATIONSHIP() );
#1850 = ITEM_DEFINED_TRANSFORMATION('','',#11,#47);
#1851 = PRODUCT_DEFINITION_SHAPE('Placement','Placement of an item',
  #1852);
#1852 = NEXT_ASSEMBLY_USAGE_OCCURRENCE('9',
  'P09 Arched blade 30 / maple segment 3','',#5,#1617,$);
#1853 = PRODUCT_RELATED_PRODUCT_CATEGORY('part',$,(#1619));
#1854 = SHAPE_DEFINITION_REPRESENTATION(#1855,#1861);
#1855 = PRODUCT_DEFINITION_SHAPE('','',#1856);
#1856 = PRODUCT_DEFINITION('design','',#1857,#1860);
#1857 = PRODUCT_DEFINITION_FORMATION('','',#1858);
#1858 = PRODUCT('P10 Slot jamb 30 / -1','P10 Slot jamb 30 / -1','',(
    #1859));
#1859 = PRODUCT_CONTEXT('',#2,'mechanical');
#1860 = PRODUCT_DEFINITION_CONTEXT('part definition',#2,'design');
#1861 = ADVANCED_BREP_SHAPE_REPRESENTATION('',(#11,#1862),#2012);
#1862 = MANIFOLD_SOLID_BREP('',#1863);
#1863 = CLOSED_SHELL('',(#1864,#1904,#1944,#1966,#1988,#2000));
#1864 = ADVANCED_FACE('',(#1865),#1899,.F.);
#1865 = FACE_BOUND('',#1866,.F.);
#1866 = EDGE_LOOP('',(#1867,#1877,#1885,#1893));
#1867 = ORIENTED_EDGE('',*,*,#1868,.F.);
#1868 = EDGE_CURVE('',#1869,#1871,#1873,.T.);
#1869 = VERTEX_POINT('',#1870);
#1870 = CARTESIAN_POINT('',(236.49673200287,120.37564434701,18.));
#1871 = VERTEX_POINT('',#1872);
#1872 = CARTESIAN_POINT('',(236.49673200287,120.37564434701,280.));
#1873 = LINE('',#1874,#1875);
#1874 = CARTESIAN_POINT('',(236.49673200287,120.37564434701,18.));
#1875 = VECTOR('',#1876,1.);
#1876 = DIRECTION('',(0.,0.,1.));
#1877 = ORIENTED_EDGE('',*,*,#1878,.T.);
#1878 = EDGE_CURVE('',#1869,#1879,#1881,.T.);
#1879 = VERTEX_POINT('',#1880);
#1880 = CARTESIAN_POINT('',(234.49673200287,123.83974596215,18.));
#1881 = LINE('',#1882,#1883);
#1882 = CARTESIAN_POINT('',(236.49673200287,120.37564434701,18.));
#1883 = VECTOR('',#1884,1.);
#1884 = DIRECTION('',(-0.5,0.866025403784,0.));
#1885 = ORIENTED_EDGE('',*,*,#1886,.T.);
#1886 = EDGE_CURVE('',#1879,#1887,#1889,.T.);
#1887 = VERTEX_POINT('',#1888);
#1888 = CARTESIAN_POINT('',(234.49673200287,123.83974596215,280.));
#1889 = LINE('',#1890,#1891);
#1890 = CARTESIAN_POINT('',(234.49673200287,123.83974596215,18.));
#1891 = VECTOR('',#1892,1.);
#1892 = DIRECTION('',(0.,0.,1.));
#1893 = ORIENTED_EDGE('',*,*,#1894,.F.);
#1894 = EDGE_CURVE('',#1871,#1887,#1895,.T.);
#1895 = LINE('',#1896,#1897);
#1896 = CARTESIAN_POINT('',(236.49673200287,120.37564434701,280.));
#1897 = VECTOR('',#1898,1.);
#1898 = DIRECTION('',(-0.5,0.866025403784,0.));
#1899 = PLANE('',#1900);
#1900 = AXIS2_PLACEMENT_3D('',#1901,#1902,#1903);
#1901 = CARTESIAN_POINT('',(236.49673200287,120.37564434701,18.));
#1902 = DIRECTION('',(0.866025403784,0.5,0.));
#1903 = DIRECTION('',(0.,0.,1.));
#1904 = ADVANCED_FACE('',(#1905),#1939,.T.);
#1905 = FACE_BOUND('',#1906,.T.);
#1906 = EDGE_LOOP('',(#1907,#1917,#1925,#1933));
#1907 = ORIENTED_EDGE('',*,*,#1908,.F.);
#1908 = EDGE_CURVE('',#1909,#1911,#1913,.T.);
#1909 = VERTEX_POINT('',#1910);
#1910 = CARTESIAN_POINT('',(253.81724007856,130.37564434701,18.));
#1911 = VERTEX_POINT('',#1912);
#1912 = CARTESIAN_POINT('',(253.81724007856,130.37564434701,280.));
#1913 = LINE('',#1914,#1915);
#1914 = CARTESIAN_POINT('',(253.81724007856,130.37564434701,18.));
#1915 = VECTOR('',#1916,1.);
#1916 = DIRECTION('',(0.,0.,1.));
#1917 = ORIENTED_EDGE('',*,*,#1918,.T.);
#1918 = EDGE_CURVE('',#1909,#1919,#1921,.T.);
#1919 = VERTEX_POINT('',#1920);
#1920 = CARTESIAN_POINT('',(251.81724007856,133.83974596215,18.));
#1921 = LINE('',#1922,#1923);
#1922 = CARTESIAN_POINT('',(253.81724007856,130.37564434701,18.));
#1923 = VECTOR('',#1924,1.);
#1924 = DIRECTION('',(-0.5,0.866025403784,0.));
#1925 = ORIENTED_EDGE('',*,*,#1926,.T.);
#1926 = EDGE_CURVE('',#1919,#1927,#1929,.T.);
#1927 = VERTEX_POINT('',#1928);
#1928 = CARTESIAN_POINT('',(251.81724007856,133.83974596215,280.));
#1929 = LINE('',#1930,#1931);
#1930 = CARTESIAN_POINT('',(251.81724007856,133.83974596215,18.));
#1931 = VECTOR('',#1932,1.);
#1932 = DIRECTION('',(0.,0.,1.));
#1933 = ORIENTED_EDGE('',*,*,#1934,.F.);
#1934 = EDGE_CURVE('',#1911,#1927,#1935,.T.);
#1935 = LINE('',#1936,#1937);
#1936 = CARTESIAN_POINT('',(253.81724007856,130.37564434701,280.));
#1937 = VECTOR('',#1938,1.);
#1938 = DIRECTION('',(-0.5,0.866025403784,0.));
#1939 = PLANE('',#1940);
#1940 = AXIS2_PLACEMENT_3D('',#1941,#1942,#1943);
#1941 = CARTESIAN_POINT('',(253.81724007856,130.37564434701,18.));
#1942 = DIRECTION('',(0.866025403784,0.5,0.));
#1943 = DIRECTION('',(0.,0.,1.));
#1944 = ADVANCED_FACE('',(#1945),#1961,.F.);
#1945 = FACE_BOUND('',#1946,.F.);
#1946 = EDGE_LOOP('',(#1947,#1953,#1954,#1960));
#1947 = ORIENTED_EDGE('',*,*,#1948,.F.);
#1948 = EDGE_CURVE('',#1869,#1909,#1949,.T.);
#1949 = LINE('',#1950,#1951);
#1950 = CARTESIAN_POINT('',(236.49673200287,120.37564434701,18.));
#1951 = VECTOR('',#1952,1.);
#1952 = DIRECTION('',(0.866025403784,0.5,0.));
#1953 = ORIENTED_EDGE('',*,*,#1868,.T.);
#1954 = ORIENTED_EDGE('',*,*,#1955,.T.);
#1955 = EDGE_CURVE('',#1871,#1911,#1956,.T.);
#1956 = LINE('',#1957,#1958);
#1957 = CARTESIAN_POINT('',(236.49673200287,120.37564434701,280.));
#1958 = VECTOR('',#1959,1.);
#1959 = DIRECTION('',(0.866025403784,0.5,0.));
#1960 = ORIENTED_EDGE('',*,*,#1908,.F.);
#1961 = PLANE('',#1962);
#1962 = AXIS2_PLACEMENT_3D('',#1963,#1964,#1965);
#1963 = CARTESIAN_POINT('',(236.49673200287,120.37564434701,18.));
#1964 = DIRECTION('',(-0.5,0.866025403784,0.));
#1965 = DIRECTION('',(0.,0.,1.));
#1966 = ADVANCED_FACE('',(#1967),#1983,.T.);
#1967 = FACE_BOUND('',#1968,.T.);
#1968 = EDGE_LOOP('',(#1969,#1975,#1976,#1982));
#1969 = ORIENTED_EDGE('',*,*,#1970,.F.);
#1970 = EDGE_CURVE('',#1879,#1919,#1971,.T.);
#1971 = LINE('',#1972,#1973);
#1972 = CARTESIAN_POINT('',(234.49673200287,123.83974596215,18.));
#1973 = VECTOR('',#1974,1.);
#1974 = DIRECTION('',(0.866025403784,0.5,0.));
#1975 = ORIENTED_EDGE('',*,*,#1886,.T.);
#1976 = ORIENTED_EDGE('',*,*,#1977,.T.);
#1977 = EDGE_CURVE('',#1887,#1927,#1978,.T.);
#1978 = LINE('',#1979,#1980);
#1979 = CARTESIAN_POINT('',(234.49673200287,123.83974596215,280.));
#1980 = VECTOR('',#1981,1.);
#1981 = DIRECTION('',(0.866025403784,0.5,0.));
#1982 = ORIENTED_EDGE('',*,*,#1926,.F.);
#1983 = PLANE('',#1984);
#1984 = AXIS2_PLACEMENT_3D('',#1985,#1986,#1987);
#1985 = CARTESIAN_POINT('',(234.49673200287,123.83974596215,18.));
#1986 = DIRECTION('',(-0.5,0.866025403784,0.));
#1987 = DIRECTION('',(0.,0.,1.));
#1988 = ADVANCED_FACE('',(#1989),#1995,.F.);
#1989 = FACE_BOUND('',#1990,.F.);
#1990 = EDGE_LOOP('',(#1991,#1992,#1993,#1994));
#1991 = ORIENTED_EDGE('',*,*,#1878,.F.);
#1992 = ORIENTED_EDGE('',*,*,#1948,.T.);
#1993 = ORIENTED_EDGE('',*,*,#1918,.T.);
#1994 = ORIENTED_EDGE('',*,*,#1970,.F.);
#1995 = PLANE('',#1996);
#1996 = AXIS2_PLACEMENT_3D('',#1997,#1998,#1999);
#1997 = CARTESIAN_POINT('',(236.49673200287,120.37564434701,18.));
#1998 = DIRECTION('',(0.,0.,1.));
#1999 = DIRECTION('',(0.866025403784,0.5,0.));
#2000 = ADVANCED_FACE('',(#2001),#2007,.T.);
#2001 = FACE_BOUND('',#2002,.T.);
#2002 = EDGE_LOOP('',(#2003,#2004,#2005,#2006));
#2003 = ORIENTED_EDGE('',*,*,#1894,.F.);
#2004 = ORIENTED_EDGE('',*,*,#1955,.T.);
#2005 = ORIENTED_EDGE('',*,*,#1934,.T.);
#2006 = ORIENTED_EDGE('',*,*,#1977,.F.);
#2007 = PLANE('',#2008);
#2008 = AXIS2_PLACEMENT_3D('',#2009,#2010,#2011);
#2009 = CARTESIAN_POINT('',(236.49673200287,120.37564434701,280.));
#2010 = DIRECTION('',(0.,0.,1.));
#2011 = DIRECTION('',(0.866025403784,0.5,0.));
#2012 = ( GEOMETRIC_REPRESENTATION_CONTEXT(3) 
GLOBAL_UNCERTAINTY_ASSIGNED_CONTEXT((#2016)) 
GLOBAL_UNIT_ASSIGNED_CONTEXT((#2013,#2014,#2015)) REPRESENTATION_CONTEXT
('Context #1','3D Context with UNIT and UNCERTAINTY') );
#2013 = ( LENGTH_UNIT() NAMED_UNIT(*) SI_UNIT(.MILLI.,.METRE.) );
#2014 = ( NAMED_UNIT(*) PLANE_ANGLE_UNIT() SI_UNIT($,.RADIAN.) );
#2015 = ( NAMED_UNIT(*) SI_UNIT($,.STERADIAN.) SOLID_ANGLE_UNIT() );
#2016 = UNCERTAINTY_MEASURE_WITH_UNIT(LENGTH_MEASURE(1.E-07),#2013,
  'distance_accuracy_value','confusion accuracy');
#2017 = CONTEXT_DEPENDENT_SHAPE_REPRESENTATION(#2018,#2020);
#2018 = ( REPRESENTATION_RELATIONSHIP('','',#1861,#10) 
REPRESENTATION_RELATIONSHIP_WITH_TRANSFORMATION(#2019) 
SHAPE_REPRESENTATION_RELATIONSHIP() );
#2019 = ITEM_DEFINED_TRANSFORMATION('','',#11,#51);
#2020 = PRODUCT_DEFINITION_SHAPE('Placement','Placement of an item',
  #2021);
#2021 = NEXT_ASSEMBLY_USAGE_OCCURRENCE('10','P10 Slot jamb 30 / -1','',
  #5,#1856,$);
#2022 = PRODUCT_RELATED_PRODUCT_CATEGORY('part',$,(#1858));
#2023 = SHAPE_DEFINITION_REPRESENTATION(#2024,#2030);
#2024 = PRODUCT_DEFINITION_SHAPE('','',#2025);
#2025 = PRODUCT_DEFINITION('design','',#2026,#2029);
#2026 = PRODUCT_DEFINITION_FORMATION('','',#2027);
#2027 = PRODUCT('P11 Slot jamb 30 / 1','P11 Slot jamb 30 / 1','',(#2028)
  );
#2028 = PRODUCT_CONTEXT('',#2,'mechanical');
#2029 = PRODUCT_DEFINITION_CONTEXT('part definition',#2,'design');
#2030 = ADVANCED_BREP_SHAPE_REPRESENTATION('',(#11,#2031),#2181);
#2031 = MANIFOLD_SOLID_BREP('',#2032);
#2032 = CLOSED_SHELL('',(#2033,#2073,#2113,#2135,#2157,#2169));
#2033 = ADVANCED_FACE('',(#2034),#2068,.F.);
#2034 = FACE_BOUND('',#2035,.F.);
#2035 = EDGE_LOOP('',(#2036,#2046,#2054,#2062));
#2036 = ORIENTED_EDGE('',*,*,#2037,.F.);
#2037 = EDGE_CURVE('',#2038,#2040,#2042,.T.);
#2038 = VERTEX_POINT('',#2039);
#2039 = CARTESIAN_POINT('',(224.49673200287,141.16025403784,18.));
#2040 = VERTEX_POINT('',#2041);
#2041 = CARTESIAN_POINT('',(224.49673200287,141.16025403784,280.));
#2042 = LINE('',#2043,#2044);
#2043 = CARTESIAN_POINT('',(224.49673200287,141.16025403784,18.));
#2044 = VECTOR('',#2045,1.);
#2045 = DIRECTION('',(0.,0.,1.));
#2046 = ORIENTED_EDGE('',*,*,#2047,.T.);
#2047 = EDGE_CURVE('',#2038,#2048,#2050,.T.);
#2048 = VERTEX_POINT('',#2049);
#2049 = CARTESIAN_POINT('',(222.49673200287,144.62435565298,18.));
#2050 = LINE('',#2051,#2052);
#2051 = CARTESIAN_POINT('',(224.49673200287,141.16025403784,18.));
#2052 = VECTOR('',#2053,1.);
#2053 = DIRECTION('',(-0.5,0.866025403784,0.));
#2054 = ORIENTED_EDGE('',*,*,#2055,.T.);
#2055 = EDGE_CURVE('',#2048,#2056,#2058,.T.);
#2056 = VERTEX_POINT('',#2057);
#2057 = CARTESIAN_POINT('',(222.49673200287,144.62435565298,280.));
#2058 = LINE('',#2059,#2060);
#2059 = CARTESIAN_POINT('',(222.49673200287,144.62435565298,18.));
#2060 = VECTOR('',#2061,1.);
#2061 = DIRECTION('',(0.,0.,1.));
#2062 = ORIENTED_EDGE('',*,*,#2063,.F.);
#2063 = EDGE_CURVE('',#2040,#2056,#2064,.T.);
#2064 = LINE('',#2065,#2066);
#2065 = CARTESIAN_POINT('',(224.49673200287,141.16025403784,280.));
#2066 = VECTOR('',#2067,1.);
#2067 = DIRECTION('',(-0.5,0.866025403784,0.));
#2068 = PLANE('',#2069);
#2069 = AXIS2_PLACEMENT_3D('',#2070,#2071,#2072);
#2070 = CARTESIAN_POINT('',(224.49673200287,141.16025403784,18.));
#2071 = DIRECTION('',(0.866025403784,0.5,0.));
#2072 = DIRECTION('',(0.,0.,1.));
#2073 = ADVANCED_FACE('',(#2074),#2108,.T.);
#2074 = FACE_BOUND('',#2075,.T.);
#2075 = EDGE_LOOP('',(#2076,#2086,#2094,#2102));
#2076 = ORIENTED_EDGE('',*,*,#2077,.F.);
#2077 = EDGE_CURVE('',#2078,#2080,#2082,.T.);
#2078 = VERTEX_POINT('',#2079);
#2079 = CARTESIAN_POINT('',(241.81724007856,151.16025403784,18.));
#2080 = VERTEX_POINT('',#2081);
#2081 = CARTESIAN_POINT('',(241.81724007856,151.16025403784,280.));
#2082 = LINE('',#2083,#2084);
#2083 = CARTESIAN_POINT('',(241.81724007856,151.16025403784,18.));
#2084 = VECTOR('',#2085,1.);
#2085 = DIRECTION('',(0.,0.,1.));
#2086 = ORIENTED_EDGE('',*,*,#2087,.T.);
#2087 = EDGE_CURVE('',#2078,#2088,#2090,.T.);
#2088 = VERTEX_POINT('',#2089);
#2089 = CARTESIAN_POINT('',(239.81724007856,154.62435565298,18.));
#2090 = LINE('',#2091,#2092);
#2091 = CARTESIAN_POINT('',(241.81724007856,151.16025403784,18.));
#2092 = VECTOR('',#2093,1.);
#2093 = DIRECTION('',(-0.5,0.866025403784,0.));
#2094 = ORIENTED_EDGE('',*,*,#2095,.T.);
#2095 = EDGE_CURVE('',#2088,#2096,#2098,.T.);
#2096 = VERTEX_POINT('',#2097);
#2097 = CARTESIAN_POINT('',(239.81724007856,154.62435565298,280.));
#2098 = LINE('',#2099,#2100);
#2099 = CARTESIAN_POINT('',(239.81724007856,154.62435565298,18.));
#2100 = VECTOR('',#2101,1.);
#2101 = DIRECTION('',(0.,0.,1.));
#2102 = ORIENTED_EDGE('',*,*,#2103,.F.);
#2103 = EDGE_CURVE('',#2080,#2096,#2104,.T.);
#2104 = LINE('',#2105,#2106);
#2105 = CARTESIAN_POINT('',(241.81724007856,151.16025403784,280.));
#2106 = VECTOR('',#2107,1.);
#2107 = DIRECTION('',(-0.5,0.866025403784,0.));
#2108 = PLANE('',#2109);
#2109 = AXIS2_PLACEMENT_3D('',#2110,#2111,#2112);
#2110 = CARTESIAN_POINT('',(241.81724007856,151.16025403784,18.));
#2111 = DIRECTION('',(0.866025403784,0.5,0.));
#2112 = DIRECTION('',(0.,0.,1.));
#2113 = ADVANCED_FACE('',(#2114),#2130,.F.);
#2114 = FACE_BOUND('',#2115,.F.);
#2115 = EDGE_LOOP('',(#2116,#2122,#2123,#2129));
#2116 = ORIENTED_EDGE('',*,*,#2117,.F.);
#2117 = EDGE_CURVE('',#2038,#2078,#2118,.T.);
#2118 = LINE('',#2119,#2120);
#2119 = CARTESIAN_POINT('',(224.49673200287,141.16025403784,18.));
#2120 = VECTOR('',#2121,1.);
#2121 = DIRECTION('',(0.866025403784,0.5,0.));
#2122 = ORIENTED_EDGE('',*,*,#2037,.T.);
#2123 = ORIENTED_EDGE('',*,*,#2124,.T.);
#2124 = EDGE_CURVE('',#2040,#2080,#2125,.T.);
#2125 = LINE('',#2126,#2127);
#2126 = CARTESIAN_POINT('',(224.49673200287,141.16025403784,280.));
#2127 = VECTOR('',#2128,1.);
#2128 = DIRECTION('',(0.866025403784,0.5,0.));
#2129 = ORIENTED_EDGE('',*,*,#2077,.F.);
#2130 = PLANE('',#2131);
#2131 = AXIS2_PLACEMENT_3D('',#2132,#2133,#2134);
#2132 = CARTESIAN_POINT('',(224.49673200287,141.16025403784,18.));
#2133 = DIRECTION('',(-0.5,0.866025403784,0.));
#2134 = DIRECTION('',(0.,0.,1.));
#2135 = ADVANCED_FACE('',(#2136),#2152,.T.);
#2136 = FACE_BOUND('',#2137,.T.);
#2137 = EDGE_LOOP('',(#2138,#2144,#2145,#2151));
#2138 = ORIENTED_EDGE('',*,*,#2139,.F.);
#2139 = EDGE_CURVE('',#2048,#2088,#2140,.T.);
#2140 = LINE('',#2141,#2142);
#2141 = CARTESIAN_POINT('',(222.49673200287,144.62435565298,18.));
#2142 = VECTOR('',#2143,1.);
#2143 = DIRECTION('',(0.866025403784,0.5,0.));
#2144 = ORIENTED_EDGE('',*,*,#2055,.T.);
#2145 = ORIENTED_EDGE('',*,*,#2146,.T.);
#2146 = EDGE_CURVE('',#2056,#2096,#2147,.T.);
#2147 = LINE('',#2148,#2149);
#2148 = CARTESIAN_POINT('',(222.49673200287,144.62435565298,280.));
#2149 = VECTOR('',#2150,1.);
#2150 = DIRECTION('',(0.866025403784,0.5,0.));
#2151 = ORIENTED_EDGE('',*,*,#2095,.F.);
#2152 = PLANE('',#2153);
#2153 = AXIS2_PLACEMENT_3D('',#2154,#2155,#2156);
#2154 = CARTESIAN_POINT('',(222.49673200287,144.62435565298,18.));
#2155 = DIRECTION('',(-0.5,0.866025403784,0.));
#2156 = DIRECTION('',(0.,0.,1.));
#2157 = ADVANCED_FACE('',(#2158),#2164,.F.);
#2158 = FACE_BOUND('',#2159,.F.);
#2159 = EDGE_LOOP('',(#2160,#2161,#2162,#2163));
#2160 = ORIENTED_EDGE('',*,*,#2047,.F.);
#2161 = ORIENTED_EDGE('',*,*,#2117,.T.);
#2162 = ORIENTED_EDGE('',*,*,#2087,.T.);
#2163 = ORIENTED_EDGE('',*,*,#2139,.F.);
#2164 = PLANE('',#2165);
#2165 = AXIS2_PLACEMENT_3D('',#2166,#2167,#2168);
#2166 = CARTESIAN_POINT('',(224.49673200287,141.16025403784,18.));
#2167 = DIRECTION('',(0.,0.,1.));
#2168 = DIRECTION('',(0.866025403784,0.5,0.));
#2169 = ADVANCED_FACE('',(#2170),#2176,.T.);
#2170 = FACE_BOUND('',#2171,.T.);
#2171 = EDGE_LOOP('',(#2172,#2173,#2174,#2175));
#2172 = ORIENTED_EDGE('',*,*,#2063,.F.);
#2173 = ORIENTED_EDGE('',*,*,#2124,.T.);
#2174 = ORIENTED_EDGE('',*,*,#2103,.T.);
#2175 = ORIENTED_EDGE('',*,*,#2146,.F.);
#2176 = PLANE('',#2177);
#2177 = AXIS2_PLACEMENT_3D('',#2178,#2179,#2180);
#2178 = CARTESIAN_POINT('',(224.49673200287,141.16025403784,280.));
#2179 = DIRECTION('',(0.,0.,1.));
#2180 = DIRECTION('',(0.866025403784,0.5,0.));
#2181 = ( GEOMETRIC_REPRESENTATION_CONTEXT(3) 
GLOBAL_UNCERTAINTY_ASSIGNED_CONTEXT((#2185)) 
GLOBAL_UNIT_ASSIGNED_CONTEXT((#2182,#2183,#2184)) REPRESENTATION_CONTEXT
('Context #1','3D Context with UNIT and UNCERTAINTY') );
#2182 = ( LENGTH_UNIT() NAMED_UNIT(*) SI_UNIT(.MILLI.,.METRE.) );
#2183 = ( NAMED_UNIT(*) PLANE_ANGLE_UNIT() SI_UNIT($,.RADIAN.) );
#2184 = ( NAMED_UNIT(*) SI_UNIT($,.STERADIAN.) SOLID_ANGLE_UNIT() );
#2185 = UNCERTAINTY_MEASURE_WITH_UNIT(LENGTH_MEASURE(1.E-07),#2182,
  'distance_accuracy_value','confusion accuracy');
#2186 = CONTEXT_DEPENDENT_SHAPE_REPRESENTATION(#2187,#2189);
#2187 = ( REPRESENTATION_RELATIONSHIP('','',#2030,#10) 
REPRESENTATION_RELATIONSHIP_WITH_TRANSFORMATION(#2188) 
SHAPE_REPRESENTATION_RELATIONSHIP() );
#2188 = ITEM_DEFINED_TRANSFORMATION('','',#11,#55);
#2189 = PRODUCT_DEFINITION_SHAPE('Placement','Placement of an item',
  #2190);
#2190 = NEXT_ASSEMBLY_USAGE_OCCURRENCE('11','P11 Slot jamb 30 / 1','',#5
  ,#2025,$);
#2191 = PRODUCT_RELATED_PRODUCT_CATEGORY('part',$,(#2027));
#2192 = SHAPE_DEFINITION_REPRESENTATION(#2193,#2199);
#2193 = PRODUCT_DEFINITION_SHAPE('','',#2194);
#2194 = PRODUCT_DEFINITION('design','',#2195,#2198);
#2195 = PRODUCT_DEFINITION_FORMATION('','',#2196);
#2196 = PRODUCT('P12 Slot lintel 30','P12 Slot lintel 30','',(#2197));
#2197 = PRODUCT_CONTEXT('',#2,'mechanical');
#2198 = PRODUCT_DEFINITION_CONTEXT('part definition',#2,'design');
#2199 = ADVANCED_BREP_SHAPE_REPRESENTATION('',(#11,#2200),#2350);
#2200 = MANIFOLD_SOLID_BREP('',#2201);
#2201 = CLOSED_SHELL('',(#2202,#2242,#2282,#2304,#2326,#2338));
#2202 = ADVANCED_FACE('',(#2203),#2237,.F.);
#2203 = FACE_BOUND('',#2204,.F.);
#2204 = EDGE_LOOP('',(#2205,#2215,#2223,#2231));
#2205 = ORIENTED_EDGE('',*,*,#2206,.F.);
#2206 = EDGE_CURVE('',#2207,#2209,#2211,.T.);
#2207 = VERTEX_POINT('',#2208);
#2208 = CARTESIAN_POINT('',(236.49673200287,120.37564434701,280.));
#2209 = VERTEX_POINT('',#2210);
#2210 = CARTESIAN_POINT('',(236.49673200287,120.37564434701,284.));
#2211 = LINE('',#2212,#2213);
#2212 = CARTESIAN_POINT('',(236.49673200287,120.37564434701,280.));
#2213 = VECTOR('',#2214,1.);
#2214 = DIRECTION('',(0.,0.,1.));
#2215 = ORIENTED_EDGE('',*,*,#2216,.T.);
#2216 = EDGE_CURVE('',#2207,#2217,#2219,.T.);
#2217 = VERTEX_POINT('',#2218);
#2218 = CARTESIAN_POINT('',(222.49673200287,144.62435565298,280.));
#2219 = LINE('',#2220,#2221);
#2220 = CARTESIAN_POINT('',(236.49673200287,120.37564434701,280.));
#2221 = VECTOR('',#2222,1.);
#2222 = DIRECTION('',(-0.5,0.866025403784,0.));
#2223 = ORIENTED_EDGE('',*,*,#2224,.T.);
#2224 = EDGE_CURVE('',#2217,#2225,#2227,.T.);
#2225 = VERTEX_POINT('',#2226);
#2226 = CARTESIAN_POINT('',(222.49673200287,144.62435565298,284.));
#2227 = LINE('',#2228,#2229);
#2228 = CARTESIAN_POINT('',(222.49673200287,144.62435565298,280.));
#2229 = VECTOR('',#2230,1.);
#2230 = DIRECTION('',(0.,0.,1.));
#2231 = ORIENTED_EDGE('',*,*,#2232,.F.);
#2232 = EDGE_CURVE('',#2209,#2225,#2233,.T.);
#2233 = LINE('',#2234,#2235);
#2234 = CARTESIAN_POINT('',(236.49673200287,120.37564434701,284.));
#2235 = VECTOR('',#2236,1.);
#2236 = DIRECTION('',(-0.5,0.866025403784,0.));
#2237 = PLANE('',#2238);
#2238 = AXIS2_PLACEMENT_3D('',#2239,#2240,#2241);
#2239 = CARTESIAN_POINT('',(236.49673200287,120.37564434701,280.));
#2240 = DIRECTION('',(0.866025403784,0.5,0.));
#2241 = DIRECTION('',(0.,0.,1.));
#2242 = ADVANCED_FACE('',(#2243),#2277,.T.);
#2243 = FACE_BOUND('',#2244,.T.);
#2244 = EDGE_LOOP('',(#2245,#2255,#2263,#2271));
#2245 = ORIENTED_EDGE('',*,*,#2246,.F.);
#2246 = EDGE_CURVE('',#2247,#2249,#2251,.T.);
#2247 = VERTEX_POINT('',#2248);
#2248 = CARTESIAN_POINT('',(253.81724007856,130.37564434701,280.));
#2249 = VERTEX_POINT('',#2250);
#2250 = CARTESIAN_POINT('',(253.81724007856,130.37564434701,284.));
#2251 = LINE('',#2252,#2253);
#2252 = CARTESIAN_POINT('',(253.81724007856,130.37564434701,280.));
#2253 = VECTOR('',#2254,1.);
#2254 = DIRECTION('',(0.,0.,1.));
#2255 = ORIENTED_EDGE('',*,*,#2256,.T.);
#2256 = EDGE_CURVE('',#2247,#2257,#2259,.T.);
#2257 = VERTEX_POINT('',#2258);
#2258 = CARTESIAN_POINT('',(239.81724007856,154.62435565298,280.));
#2259 = LINE('',#2260,#2261);
#2260 = CARTESIAN_POINT('',(253.81724007856,130.37564434701,280.));
#2261 = VECTOR('',#2262,1.);
#2262 = DIRECTION('',(-0.5,0.866025403784,0.));
#2263 = ORIENTED_EDGE('',*,*,#2264,.T.);
#2264 = EDGE_CURVE('',#2257,#2265,#2267,.T.);
#2265 = VERTEX_POINT('',#2266);
#2266 = CARTESIAN_POINT('',(239.81724007856,154.62435565298,284.));
#2267 = LINE('',#2268,#2269);
#2268 = CARTESIAN_POINT('',(239.81724007856,154.62435565298,280.));
#2269 = VECTOR('',#2270,1.);
#2270 = DIRECTION('',(0.,0.,1.));
#2271 = ORIENTED_EDGE('',*,*,#2272,.F.);
#2272 = EDGE_CURVE('',#2249,#2265,#2273,.T.);
#2273 = LINE('',#2274,#2275);
#2274 = CARTESIAN_POINT('',(253.81724007856,130.37564434701,284.));
#2275 = VECTOR('',#2276,1.);
#2276 = DIRECTION('',(-0.5,0.866025403784,0.));
#2277 = PLANE('',#2278);
#2278 = AXIS2_PLACEMENT_3D('',#2279,#2280,#2281);
#2279 = CARTESIAN_POINT('',(253.81724007856,130.37564434701,280.));
#2280 = DIRECTION('',(0.866025403784,0.5,0.));
#2281 = DIRECTION('',(0.,0.,1.));
#2282 = ADVANCED_FACE('',(#2283),#2299,.F.);
#2283 = FACE_BOUND('',#2284,.F.);
#2284 = EDGE_LOOP('',(#2285,#2291,#2292,#2298));
#2285 = ORIENTED_EDGE('',*,*,#2286,.F.);
#2286 = EDGE_CURVE('',#2207,#2247,#2287,.T.);
#2287 = LINE('',#2288,#2289);
#2288 = CARTESIAN_POINT('',(236.49673200287,120.37564434701,280.));
#2289 = VECTOR('',#2290,1.);
#2290 = DIRECTION('',(0.866025403784,0.5,0.));
#2291 = ORIENTED_EDGE('',*,*,#2206,.T.);
#2292 = ORIENTED_EDGE('',*,*,#2293,.T.);
#2293 = EDGE_CURVE('',#2209,#2249,#2294,.T.);
#2294 = LINE('',#2295,#2296);
#2295 = CARTESIAN_POINT('',(236.49673200287,120.37564434701,284.));
#2296 = VECTOR('',#2297,1.);
#2297 = DIRECTION('',(0.866025403784,0.5,0.));
#2298 = ORIENTED_EDGE('',*,*,#2246,.F.);
#2299 = PLANE('',#2300);
#2300 = AXIS2_PLACEMENT_3D('',#2301,#2302,#2303);
#2301 = CARTESIAN_POINT('',(236.49673200287,120.37564434701,280.));
#2302 = DIRECTION('',(-0.5,0.866025403784,0.));
#2303 = DIRECTION('',(0.,0.,1.));
#2304 = ADVANCED_FACE('',(#2305),#2321,.T.);
#2305 = FACE_BOUND('',#2306,.T.);
#2306 = EDGE_LOOP('',(#2307,#2313,#2314,#2320));
#2307 = ORIENTED_EDGE('',*,*,#2308,.F.);
#2308 = EDGE_CURVE('',#2217,#2257,#2309,.T.);
#2309 = LINE('',#2310,#2311);
#2310 = CARTESIAN_POINT('',(222.49673200287,144.62435565298,280.));
#2311 = VECTOR('',#2312,1.);
#2312 = DIRECTION('',(0.866025403784,0.5,0.));
#2313 = ORIENTED_EDGE('',*,*,#2224,.T.);
#2314 = ORIENTED_EDGE('',*,*,#2315,.T.);
#2315 = EDGE_CURVE('',#2225,#2265,#2316,.T.);
#2316 = LINE('',#2317,#2318);
#2317 = CARTESIAN_POINT('',(222.49673200287,144.62435565298,284.));
#2318 = VECTOR('',#2319,1.);
#2319 = DIRECTION('',(0.866025403784,0.5,0.));
#2320 = ORIENTED_EDGE('',*,*,#2264,.F.);
#2321 = PLANE('',#2322);
#2322 = AXIS2_PLACEMENT_3D('',#2323,#2324,#2325);
#2323 = CARTESIAN_POINT('',(222.49673200287,144.62435565298,280.));
#2324 = DIRECTION('',(-0.5,0.866025403784,0.));
#2325 = DIRECTION('',(0.,0.,1.));
#2326 = ADVANCED_FACE('',(#2327),#2333,.F.);
#2327 = FACE_BOUND('',#2328,.F.);
#2328 = EDGE_LOOP('',(#2329,#2330,#2331,#2332));
#2329 = ORIENTED_EDGE('',*,*,#2216,.F.);
#2330 = ORIENTED_EDGE('',*,*,#2286,.T.);
#2331 = ORIENTED_EDGE('',*,*,#2256,.T.);
#2332 = ORIENTED_EDGE('',*,*,#2308,.F.);
#2333 = PLANE('',#2334);
#2334 = AXIS2_PLACEMENT_3D('',#2335,#2336,#2337);
#2335 = CARTESIAN_POINT('',(236.49673200287,120.37564434701,280.));
#2336 = DIRECTION('',(0.,0.,1.));
#2337 = DIRECTION('',(0.866025403784,0.5,0.));
#2338 = ADVANCED_FACE('',(#2339),#2345,.T.);
#2339 = FACE_BOUND('',#2340,.T.);
#2340 = EDGE_LOOP('',(#2341,#2342,#2343,#2344));
#2341 = ORIENTED_EDGE('',*,*,#2232,.F.);
#2342 = ORIENTED_EDGE('',*,*,#2293,.T.);
#2343 = ORIENTED_EDGE('',*,*,#2272,.T.);
#2344 = ORIENTED_EDGE('',*,*,#2315,.F.);
#2345 = PLANE('',#2346);
#2346 = AXIS2_PLACEMENT_3D('',#2347,#2348,#2349);
#2347 = CARTESIAN_POINT('',(236.49673200287,120.37564434701,284.));
#2348 = DIRECTION('',(0.,0.,1.));
#2349 = DIRECTION('',(0.866025403784,0.5,0.));
#2350 = ( GEOMETRIC_REPRESENTATION_CONTEXT(3) 
GLOBAL_UNCERTAINTY_ASSIGNED_CONTEXT((#2354)) 
GLOBAL_UNIT_ASSIGNED_CONTEXT((#2351,#2352,#2353)) REPRESENTATION_CONTEXT
('Context #1','3D Context with UNIT and UNCERTAINTY') );
#2351 = ( LENGTH_UNIT() NAMED_UNIT(*) SI_UNIT(.MILLI.,.METRE.) );
#2352 = ( NAMED_UNIT(*) PLANE_ANGLE_UNIT() SI_UNIT($,.RADIAN.) );
#2353 = ( NAMED_UNIT(*) SI_UNIT($,.STERADIAN.) SOLID_ANGLE_UNIT() );
#2354 = UNCERTAINTY_MEASURE_WITH_UNIT(LENGTH_MEASURE(1.E-07),#2351,
  'distance_accuracy_value','confusion accuracy');
#2355 = CONTEXT_DEPENDENT_SHAPE_REPRESENTATION(#2356,#2358);
#2356 = ( REPRESENTATION_RELATIONSHIP('','',#2199,#10) 
REPRESENTATION_RELATIONSHIP_WITH_TRANSFORMATION(#2357) 
SHAPE_REPRESENTATION_RELATIONSHIP() );
#2357 = ITEM_DEFINED_TRANSFORMATION('','',#11,#59);
#2358 = PRODUCT_DEFINITION_SHAPE('Placement','Placement of an item',
  #2359);
#2359 = NEXT_ASSEMBLY_USAGE_OCCURRENCE('12','P12 Slot lintel 30','',#5,
  #2194,$);
#2360 = PRODUCT_RELATED_PRODUCT_CATEGORY('part',$,(#2196));
#2361 = SHAPE_DEFINITION_REPRESENTATION(#2362,#2368);
#2362 = PRODUCT_DEFINITION_SHAPE('','',#2363);
#2363 = PRODUCT_DEFINITION('design','',#2364,#2367);
#2364 = PRODUCT_DEFINITION_FORMATION('','',#2365);
#2365 = PRODUCT('P13 Foot shoe 30','P13 Foot shoe 30','',(#2366));
#2366 = PRODUCT_CONTEXT('',#2,'mechanical');
#2367 = PRODUCT_DEFINITION_CONTEXT('part definition',#2,'design');
#2368 = ADVANCED_BREP_SHAPE_REPRESENTATION('',(#11,#2369),#2519);
#2369 = MANIFOLD_SOLID_BREP('',#2370);
#2370 = CLOSED_SHELL('',(#2371,#2411,#2451,#2473,#2495,#2507));
#2371 = ADVANCED_FACE('',(#2372),#2406,.F.);
#2372 = FACE_BOUND('',#2373,.F.);
#2373 = EDGE_LOOP('',(#2374,#2384,#2392,#2400));
#2374 = ORIENTED_EDGE('',*,*,#2375,.F.);
#2375 = EDGE_CURVE('',#2376,#2378,#2380,.T.);
#2376 = VERTEX_POINT('',#2377);
#2377 = CARTESIAN_POINT('',(257.7646811953,79.538475772934,0.));
#2378 = VERTEX_POINT('',#2379);
#2379 = CARTESIAN_POINT('',(257.7646811953,79.538475772934,18.));
#2380 = LINE('',#2381,#2382);
#2381 = CARTESIAN_POINT('',(257.7646811953,79.538475772934,0.));
#2382 = VECTOR('',#2383,1.);
#2383 = DIRECTION('',(0.,0.,1.));
#2384 = ORIENTED_EDGE('',*,*,#2385,.T.);
#2385 = EDGE_CURVE('',#2376,#2386,#2388,.T.);
#2386 = VERTEX_POINT('',#2387);
#2387 = CARTESIAN_POINT('',(197.7646811953,183.46152422706,0.));
#2388 = LINE('',#2389,#2390);
#2389 = CARTESIAN_POINT('',(257.7646811953,79.538475772934,0.));
#2390 = VECTOR('',#2391,1.);
#2391 = DIRECTION('',(-0.5,0.866025403784,0.));
#2392 = ORIENTED_EDGE('',*,*,#2393,.T.);
#2393 = EDGE_CURVE('',#2386,#2394,#2396,.T.);
#2394 = VERTEX_POINT('',#2395);
#2395 = CARTESIAN_POINT('',(197.7646811953,183.46152422706,18.));
#2396 = LINE('',#2397,#2398);
#2397 = CARTESIAN_POINT('',(197.7646811953,183.46152422706,0.));
#2398 = VECTOR('',#2399,1.);
#2399 = DIRECTION('',(0.,0.,1.));
#2400 = ORIENTED_EDGE('',*,*,#2401,.F.);
#2401 = EDGE_CURVE('',#2378,#2394,#2402,.T.);
#2402 = LINE('',#2403,#2404);
#2403 = CARTESIAN_POINT('',(257.7646811953,79.538475772934,18.));
#2404 = VECTOR('',#2405,1.);
#2405 = DIRECTION('',(-0.5,0.866025403784,0.));
#2406 = PLANE('',#2407);
#2407 = AXIS2_PLACEMENT_3D('',#2408,#2409,#2410);
#2408 = CARTESIAN_POINT('',(257.7646811953,79.538475772934,0.));
#2409 = DIRECTION('',(0.866025403784,0.5,0.));
#2410 = DIRECTION('',(0.,0.,1.));
#2411 = ADVANCED_FACE('',(#2412),#2446,.T.);
#2412 = FACE_BOUND('',#2413,.T.);
#2413 = EDGE_LOOP('',(#2414,#2424,#2432,#2440));
#2414 = ORIENTED_EDGE('',*,*,#2415,.F.);
#2415 = EDGE_CURVE('',#2416,#2418,#2420,.T.);
#2416 = VERTEX_POINT('',#2417);
#2417 = CARTESIAN_POINT('',(278.54929088613,91.538475772934,0.));
#2418 = VERTEX_POINT('',#2419);
#2419 = CARTESIAN_POINT('',(278.54929088613,91.538475772934,18.));
#2420 = LINE('',#2421,#2422);
#2421 = CARTESIAN_POINT('',(278.54929088613,91.538475772934,0.));
#2422 = VECTOR('',#2423,1.);
#2423 = DIRECTION('',(0.,0.,1.));
#2424 = ORIENTED_EDGE('',*,*,#2425,.T.);
#2425 = EDGE_CURVE('',#2416,#2426,#2428,.T.);
#2426 = VERTEX_POINT('',#2427);
#2427 = CARTESIAN_POINT('',(218.54929088613,195.46152422706,0.));
#2428 = LINE('',#2429,#2430);
#2429 = CARTESIAN_POINT('',(278.54929088613,91.538475772934,0.));
#2430 = VECTOR('',#2431,1.);
#2431 = DIRECTION('',(-0.5,0.866025403784,0.));
#2432 = ORIENTED_EDGE('',*,*,#2433,.T.);
#2433 = EDGE_CURVE('',#2426,#2434,#2436,.T.);
#2434 = VERTEX_POINT('',#2435);
#2435 = CARTESIAN_POINT('',(218.54929088613,195.46152422706,18.));
#2436 = LINE('',#2437,#2438);
#2437 = CARTESIAN_POINT('',(218.54929088613,195.46152422706,0.));
#2438 = VECTOR('',#2439,1.);
#2439 = DIRECTION('',(0.,0.,1.));
#2440 = ORIENTED_EDGE('',*,*,#2441,.F.);
#2441 = EDGE_CURVE('',#2418,#2434,#2442,.T.);
#2442 = LINE('',#2443,#2444);
#2443 = CARTESIAN_POINT('',(278.54929088613,91.538475772934,18.));
#2444 = VECTOR('',#2445,1.);
#2445 = DIRECTION('',(-0.5,0.866025403784,0.));
#2446 = PLANE('',#2447);
#2447 = AXIS2_PLACEMENT_3D('',#2448,#2449,#2450);
#2448 = CARTESIAN_POINT('',(278.54929088613,91.538475772934,0.));
#2449 = DIRECTION('',(0.866025403784,0.5,0.));
#2450 = DIRECTION('',(0.,0.,1.));
#2451 = ADVANCED_FACE('',(#2452),#2468,.F.);
#2452 = FACE_BOUND('',#2453,.F.);
#2453 = EDGE_LOOP('',(#2454,#2460,#2461,#2467));
#2454 = ORIENTED_EDGE('',*,*,#2455,.F.);
#2455 = EDGE_CURVE('',#2376,#2416,#2456,.T.);
#2456 = LINE('',#2457,#2458);
#2457 = CARTESIAN_POINT('',(257.7646811953,79.538475772934,0.));
#2458 = VECTOR('',#2459,1.);
#2459 = DIRECTION('',(0.866025403784,0.5,0.));
#2460 = ORIENTED_EDGE('',*,*,#2375,.T.);
#2461 = ORIENTED_EDGE('',*,*,#2462,.T.);
#2462 = EDGE_CURVE('',#2378,#2418,#2463,.T.);
#2463 = LINE('',#2464,#2465);
#2464 = CARTESIAN_POINT('',(257.7646811953,79.538475772934,18.));
#2465 = VECTOR('',#2466,1.);
#2466 = DIRECTION('',(0.866025403784,0.5,0.));
#2467 = ORIENTED_EDGE('',*,*,#2415,.F.);
#2468 = PLANE('',#2469);
#2469 = AXIS2_PLACEMENT_3D('',#2470,#2471,#2472);
#2470 = CARTESIAN_POINT('',(257.7646811953,79.538475772934,0.));
#2471 = DIRECTION('',(-0.5,0.866025403784,0.));
#2472 = DIRECTION('',(0.,0.,1.));
#2473 = ADVANCED_FACE('',(#2474),#2490,.T.);
#2474 = FACE_BOUND('',#2475,.T.);
#2475 = EDGE_LOOP('',(#2476,#2482,#2483,#2489));
#2476 = ORIENTED_EDGE('',*,*,#2477,.F.);
#2477 = EDGE_CURVE('',#2386,#2426,#2478,.T.);
#2478 = LINE('',#2479,#2480);
#2479 = CARTESIAN_POINT('',(197.7646811953,183.46152422706,0.));
#2480 = VECTOR('',#2481,1.);
#2481 = DIRECTION('',(0.866025403784,0.5,0.));
#2482 = ORIENTED_EDGE('',*,*,#2393,.T.);
#2483 = ORIENTED_EDGE('',*,*,#2484,.T.);
#2484 = EDGE_CURVE('',#2394,#2434,#2485,.T.);
#2485 = LINE('',#2486,#2487);
#2486 = CARTESIAN_POINT('',(197.7646811953,183.46152422706,18.));
#2487 = VECTOR('',#2488,1.);
#2488 = DIRECTION('',(0.866025403784,0.5,0.));
#2489 = ORIENTED_EDGE('',*,*,#2433,.F.);
#2490 = PLANE('',#2491);
#2491 = AXIS2_PLACEMENT_3D('',#2492,#2493,#2494);
#2492 = CARTESIAN_POINT('',(197.7646811953,183.46152422706,0.));
#2493 = DIRECTION('',(-0.5,0.866025403784,0.));
#2494 = DIRECTION('',(0.,0.,1.));
#2495 = ADVANCED_FACE('',(#2496),#2502,.F.);
#2496 = FACE_BOUND('',#2497,.F.);
#2497 = EDGE_LOOP('',(#2498,#2499,#2500,#2501));
#2498 = ORIENTED_EDGE('',*,*,#2385,.F.);
#2499 = ORIENTED_EDGE('',*,*,#2455,.T.);
#2500 = ORIENTED_EDGE('',*,*,#2425,.T.);
#2501 = ORIENTED_EDGE('',*,*,#2477,.F.);
#2502 = PLANE('',#2503);
#2503 = AXIS2_PLACEMENT_3D('',#2504,#2505,#2506);
#2504 = CARTESIAN_POINT('',(257.7646811953,79.538475772934,0.));
#2505 = DIRECTION('',(0.,0.,1.));
#2506 = DIRECTION('',(0.866025403784,0.5,0.));
#2507 = ADVANCED_FACE('',(#2508),#2514,.T.);
#2508 = FACE_BOUND('',#2509,.T.);
#2509 = EDGE_LOOP('',(#2510,#2511,#2512,#2513));
#2510 = ORIENTED_EDGE('',*,*,#2401,.F.);
#2511 = ORIENTED_EDGE('',*,*,#2462,.T.);
#2512 = ORIENTED_EDGE('',*,*,#2441,.T.);
#2513 = ORIENTED_EDGE('',*,*,#2484,.F.);
#2514 = PLANE('',#2515);
#2515 = AXIS2_PLACEMENT_3D('',#2516,#2517,#2518);
#2516 = CARTESIAN_POINT('',(257.7646811953,79.538475772934,18.));
#2517 = DIRECTION('',(0.,0.,1.));
#2518 = DIRECTION('',(0.866025403784,0.5,0.));
#2519 = ( GEOMETRIC_REPRESENTATION_CONTEXT(3) 
GLOBAL_UNCERTAINTY_ASSIGNED_CONTEXT((#2523)) 
GLOBAL_UNIT_ASSIGNED_CONTEXT((#2520,#2521,#2522)) REPRESENTATION_CONTEXT
('Context #1','3D Context with UNIT and UNCERTAINTY') );
#2520 = ( LENGTH_UNIT() NAMED_UNIT(*) SI_UNIT(.MILLI.,.METRE.) );
#2521 = ( NAMED_UNIT(*) PLANE_ANGLE_UNIT() SI_UNIT($,.RADIAN.) );
#2522 = ( NAMED_UNIT(*) SI_UNIT($,.STERADIAN.) SOLID_ANGLE_UNIT() );
#2523 = UNCERTAINTY_MEASURE_WITH_UNIT(LENGTH_MEASURE(1.E-07),#2520,
  'distance_accuracy_value','confusion accuracy');
#2524 = CONTEXT_DEPENDENT_SHAPE_REPRESENTATION(#2525,#2527);
#2525 = ( REPRESENTATION_RELATIONSHIP('','',#2368,#10) 
REPRESENTATION_RELATIONSHIP_WITH_TRANSFORMATION(#2526) 
SHAPE_REPRESENTATION_RELATIONSHIP() );
#2526 = ITEM_DEFINED_TRANSFORMATION('','',#11,#63);
#2527 = PRODUCT_DEFINITION_SHAPE('Placement','Placement of an item',
  #2528);
#2528 = NEXT_ASSEMBLY_USAGE_OCCURRENCE('13','P13 Foot shoe 30','',#5,
  #2363,$);
#2529 = PRODUCT_RELATED_PRODUCT_CATEGORY('part',$,(#2365));
#2530 = SHAPE_DEFINITION_REPRESENTATION(#2531,#2537);
#2531 = PRODUCT_DEFINITION_SHAPE('','',#2532);
#2532 = PRODUCT_DEFINITION('design','',#2533,#2536);
#2533 = PRODUCT_DEFINITION_FORMATION('','',#2534);
#2534 = PRODUCT('P14 Arched blade 150 / maple segment 1',
  'P14 Arched blade 150 / maple segment 1','',(#2535));
#2535 = PRODUCT_CONTEXT('',#2,'mechanical');
#2536 = PRODUCT_DEFINITION_CONTEXT('part definition',#2,'design');
#2537 = ADVANCED_BREP_SHAPE_REPRESENTATION('',(#11,#2538),#2820);
#2538 = MANIFOLD_SOLID_BREP('',#2539);
#2539 = CLOSED_SHELL('',(#2540,#2612,#2643,#2667,#2691,#2715,#2739,#2763
    ,#2787,#2804));
#2540 = ADVANCED_FACE('',(#2541),#2607,.F.);
#2541 = FACE_BOUND('',#2542,.F.);
#2542 = EDGE_LOOP('',(#2543,#2553,#2561,#2569,#2577,#2585,#2593,#2601));
#2543 = ORIENTED_EDGE('',*,*,#2544,.F.);
#2544 = EDGE_CURVE('',#2545,#2547,#2549,.T.);
#2545 = VERTEX_POINT('',#2546);
#2546 = CARTESIAN_POINT('',(-199.4967320028,184.46152422706,18.));
#2547 = VERTEX_POINT('',#2548);
#2548 = CARTESIAN_POINT('',(-199.4967320028,184.46152422706,
    353.90524980688));
#2549 = LINE('',#2550,#2551);
#2550 = CARTESIAN_POINT('',(-199.4967320028,184.46152422706,18.));
#2551 = VECTOR('',#2552,1.);
#2552 = DIRECTION('',(0.,0.,1.));
#2553 = ORIENTED_EDGE('',*,*,#2554,.T.);
#2554 = EDGE_CURVE('',#2545,#2555,#2557,.T.);
#2555 = VERTEX_POINT('',#2556);
#2556 = CARTESIAN_POINT('',(-222.4967320028,144.62435565298,18.));
#2557 = LINE('',#2558,#2559);
#2558 = CARTESIAN_POINT('',(-199.4967320028,184.46152422706,18.));
#2559 = VECTOR('',#2560,1.);
#2560 = DIRECTION('',(-0.5,-0.866025403784,0.));
#2561 = ORIENTED_EDGE('',*,*,#2562,.T.);
#2562 = EDGE_CURVE('',#2555,#2563,#2565,.T.);
#2563 = VERTEX_POINT('',#2564);
#2564 = CARTESIAN_POINT('',(-222.4967320028,144.62435565298,284.));
#2565 = LINE('',#2566,#2567);
#2566 = CARTESIAN_POINT('',(-222.4967320028,144.62435565298,18.));
#2567 = VECTOR('',#2568,1.);
#2568 = DIRECTION('',(0.,0.,1.));
#2569 = ORIENTED_EDGE('',*,*,#2570,.F.);
#2570 = EDGE_CURVE('',#2571,#2563,#2573,.T.);
#2571 = VERTEX_POINT('',#2572);
#2572 = CARTESIAN_POINT('',(-236.4967320028,120.37564434701,284.));
#2573 = LINE('',#2574,#2575);
#2574 = CARTESIAN_POINT('',(-210.9967320028,164.54293994002,284.));
#2575 = VECTOR('',#2576,1.);
#2576 = DIRECTION('',(0.5,0.866025403784,0.));
#2577 = ORIENTED_EDGE('',*,*,#2578,.F.);
#2578 = EDGE_CURVE('',#2579,#2571,#2581,.T.);
#2579 = VERTEX_POINT('',#2580);
#2580 = CARTESIAN_POINT('',(-236.4967320028,120.37564434701,18.));
#2581 = LINE('',#2582,#2583);
#2582 = CARTESIAN_POINT('',(-236.4967320028,120.37564434701,18.));
#2583 = VECTOR('',#2584,1.);
#2584 = DIRECTION('',(0.,0.,1.));
#2585 = ORIENTED_EDGE('',*,*,#2586,.T.);
#2586 = EDGE_CURVE('',#2579,#2587,#2589,.T.);
#2587 = VERTEX_POINT('',#2588);
#2588 = CARTESIAN_POINT('',(-259.4967320028,80.538475772934,18.));
#2589 = LINE('',#2590,#2591);
#2590 = CARTESIAN_POINT('',(-199.4967320028,184.46152422706,18.));
#2591 = VECTOR('',#2592,1.);
#2592 = DIRECTION('',(-0.5,-0.866025403784,0.));
#2593 = ORIENTED_EDGE('',*,*,#2594,.T.);
#2594 = EDGE_CURVE('',#2587,#2595,#2597,.T.);
#2595 = VERTEX_POINT('',#2596);
#2596 = CARTESIAN_POINT('',(-259.4967320028,80.538475772934,
    353.90524980688));
#2597 = LINE('',#2598,#2599);
#2598 = CARTESIAN_POINT('',(-259.4967320028,80.538475772934,18.));
#2599 = VECTOR('',#2600,1.);
#2600 = DIRECTION('',(0.,0.,1.));
#2601 = ORIENTED_EDGE('',*,*,#2602,.F.);
#2602 = EDGE_CURVE('',#2547,#2595,#2603,.T.);
#2603 = LINE('',#2604,#2605);
#2604 = CARTESIAN_POINT('',(-199.4967320028,184.46152422706,
    353.90524980688));
#2605 = VECTOR('',#2606,1.);
#2606 = DIRECTION('',(-0.5,-0.866025403784,0.));
#2607 = PLANE('',#2608);
#2608 = AXIS2_PLACEMENT_3D('',#2609,#2610,#2611);
#2609 = CARTESIAN_POINT('',(-199.4967320028,184.46152422706,18.));
#2610 = DIRECTION('',(-0.866025403784,0.5,0.));
#2611 = DIRECTION('',(0.,0.,1.));
#2612 = ADVANCED_FACE('',(#2613),#2638,.F.);
#2613 = FACE_BOUND('',#2614,.F.);
#2614 = EDGE_LOOP('',(#2615,#2623,#2624,#2632));
#2615 = ORIENTED_EDGE('',*,*,#2616,.F.);
#2616 = EDGE_CURVE('',#2545,#2617,#2619,.T.);
#2617 = VERTEX_POINT('',#2618);
#2618 = CARTESIAN_POINT('',(-216.8172400785,194.46152422706,18.));
#2619 = LINE('',#2620,#2621);
#2620 = CARTESIAN_POINT('',(-199.4967320028,184.46152422706,18.));
#2621 = VECTOR('',#2622,1.);
#2622 = DIRECTION('',(-0.866025403784,0.5,0.));
#2623 = ORIENTED_EDGE('',*,*,#2544,.T.);
#2624 = ORIENTED_EDGE('',*,*,#2625,.T.);
#2625 = EDGE_CURVE('',#2547,#2626,#2628,.T.);
#2626 = VERTEX_POINT('',#2627);
#2627 = CARTESIAN_POINT('',(-216.8172400785,194.46152422706,
    353.90524980688));
#2628 = LINE('',#2629,#2630);
#2629 = CARTESIAN_POINT('',(-199.4967320028,184.46152422706,
    353.90524980688));
#2630 = VECTOR('',#2631,1.);
#2631 = DIRECTION('',(-0.866025403784,0.5,0.));
#2632 = ORIENTED_EDGE('',*,*,#2633,.F.);
#2633 = EDGE_CURVE('',#2617,#2626,#2634,.T.);
#2634 = LINE('',#2635,#2636);
#2635 = CARTESIAN_POINT('',(-216.8172400785,194.46152422706,18.));
#2636 = VECTOR('',#2637,1.);
#2637 = DIRECTION('',(0.,0.,1.));
#2638 = PLANE('',#2639);
#2639 = AXIS2_PLACEMENT_3D('',#2640,#2641,#2642);
#2640 = CARTESIAN_POINT('',(-199.4967320028,184.46152422706,18.));
#2641 = DIRECTION('',(-0.5,-0.866025403784,0.));
#2642 = DIRECTION('',(0.,0.,1.));
#2643 = ADVANCED_FACE('',(#2644),#2662,.T.);
#2644 = FACE_BOUND('',#2645,.T.);
#2645 = EDGE_LOOP('',(#2646,#2647,#2648,#2656));
#2646 = ORIENTED_EDGE('',*,*,#2602,.F.);
#2647 = ORIENTED_EDGE('',*,*,#2625,.T.);
#2648 = ORIENTED_EDGE('',*,*,#2649,.T.);
#2649 = EDGE_CURVE('',#2626,#2650,#2652,.T.);
#2650 = VERTEX_POINT('',#2651);
#2651 = CARTESIAN_POINT('',(-276.8172400785,90.538475772934,
    353.90524980688));
#2652 = LINE('',#2653,#2654);
#2653 = CARTESIAN_POINT('',(-216.8172400785,194.46152422706,
    353.90524980688));
#2654 = VECTOR('',#2655,1.);
#2655 = DIRECTION('',(-0.5,-0.866025403784,0.));
#2656 = ORIENTED_EDGE('',*,*,#2657,.F.);
#2657 = EDGE_CURVE('',#2595,#2650,#2658,.T.);
#2658 = LINE('',#2659,#2660);
#2659 = CARTESIAN_POINT('',(-259.4967320028,80.538475772934,
    353.90524980688));
#2660 = VECTOR('',#2661,1.);
#2661 = DIRECTION('',(-0.866025403784,0.5,0.));
#2662 = PLANE('',#2663);
#2663 = AXIS2_PLACEMENT_3D('',#2664,#2665,#2666);
#2664 = CARTESIAN_POINT('',(-199.4967320028,184.46152422706,
    353.90524980688));
#2665 = DIRECTION('',(0.,0.,1.));
#2666 = DIRECTION('',(-0.866025403784,0.5,0.));
#2667 = ADVANCED_FACE('',(#2668),#2686,.T.);
#2668 = FACE_BOUND('',#2669,.T.);
#2669 = EDGE_LOOP('',(#2670,#2678,#2679,#2680));
#2670 = ORIENTED_EDGE('',*,*,#2671,.F.);
#2671 = EDGE_CURVE('',#2587,#2672,#2674,.T.);
#2672 = VERTEX_POINT('',#2673);
#2673 = CARTESIAN_POINT('',(-276.8172400785,90.538475772934,18.));
#2674 = LINE('',#2675,#2676);
#2675 = CARTESIAN_POINT('',(-259.4967320028,80.538475772934,18.));
#2676 = VECTOR('',#2677,1.);
#2677 = DIRECTION('',(-0.866025403784,0.5,0.));
#2678 = ORIENTED_EDGE('',*,*,#2594,.T.);
#2679 = ORIENTED_EDGE('',*,*,#2657,.T.);
#2680 = ORIENTED_EDGE('',*,*,#2681,.F.);
#2681 = EDGE_CURVE('',#2672,#2650,#2682,.T.);
#2682 = LINE('',#2683,#2684);
#2683 = CARTESIAN_POINT('',(-276.8172400785,90.538475772934,18.));
#2684 = VECTOR('',#2685,1.);
#2685 = DIRECTION('',(0.,0.,1.));
#2686 = PLANE('',#2687);
#2687 = AXIS2_PLACEMENT_3D('',#2688,#2689,#2690);
#2688 = CARTESIAN_POINT('',(-259.4967320028,80.538475772934,18.));
#2689 = DIRECTION('',(-0.5,-0.866025403784,0.));
#2690 = DIRECTION('',(0.,0.,1.));
#2691 = ADVANCED_FACE('',(#2692),#2710,.F.);
#2692 = FACE_BOUND('',#2693,.F.);
#2693 = EDGE_LOOP('',(#2694,#2695,#2703,#2709));
#2694 = ORIENTED_EDGE('',*,*,#2586,.F.);
#2695 = ORIENTED_EDGE('',*,*,#2696,.T.);
#2696 = EDGE_CURVE('',#2579,#2697,#2699,.T.);
#2697 = VERTEX_POINT('',#2698);
#2698 = CARTESIAN_POINT('',(-253.8172400785,130.37564434701,18.));
#2699 = LINE('',#2700,#2701);
#2700 = CARTESIAN_POINT('',(-235.630706599,119.87564434701,18.));
#2701 = VECTOR('',#2702,1.);
#2702 = DIRECTION('',(-0.866025403784,0.5,0.));
#2703 = ORIENTED_EDGE('',*,*,#2704,.T.);
#2704 = EDGE_CURVE('',#2697,#2672,#2705,.T.);
#2705 = LINE('',#2706,#2707);
#2706 = CARTESIAN_POINT('',(-216.8172400785,194.46152422706,18.));
#2707 = VECTOR('',#2708,1.);
#2708 = DIRECTION('',(-0.5,-0.866025403784,0.));
#2709 = ORIENTED_EDGE('',*,*,#2671,.F.);
#2710 = PLANE('',#2711);
#2711 = AXIS2_PLACEMENT_3D('',#2712,#2713,#2714);
#2712 = CARTESIAN_POINT('',(-199.4967320028,184.46152422706,18.));
#2713 = DIRECTION('',(0.,0.,1.));
#2714 = DIRECTION('',(-0.866025403784,0.5,0.));
#2715 = ADVANCED_FACE('',(#2716),#2734,.F.);
#2716 = FACE_BOUND('',#2717,.F.);
#2717 = EDGE_LOOP('',(#2718,#2719,#2720,#2728));
#2718 = ORIENTED_EDGE('',*,*,#2696,.F.);
#2719 = ORIENTED_EDGE('',*,*,#2578,.T.);
#2720 = ORIENTED_EDGE('',*,*,#2721,.T.);
#2721 = EDGE_CURVE('',#2571,#2722,#2724,.T.);
#2722 = VERTEX_POINT('',#2723);
#2723 = CARTESIAN_POINT('',(-253.8172400785,130.37564434701,284.));
#2724 = LINE('',#2725,#2726);
#2725 = CARTESIAN_POINT('',(-235.630706599,119.87564434701,284.));
#2726 = VECTOR('',#2727,1.);
#2727 = DIRECTION('',(-0.866025403784,0.5,0.));
#2728 = ORIENTED_EDGE('',*,*,#2729,.F.);
#2729 = EDGE_CURVE('',#2697,#2722,#2730,.T.);
#2730 = LINE('',#2731,#2732);
#2731 = CARTESIAN_POINT('',(-253.8172400785,130.37564434701,18.));
#2732 = VECTOR('',#2733,1.);
#2733 = DIRECTION('',(0.,0.,1.));
#2734 = PLANE('',#2735);
#2735 = AXIS2_PLACEMENT_3D('',#2736,#2737,#2738);
#2736 = CARTESIAN_POINT('',(-235.630706599,119.87564434701,18.));
#2737 = DIRECTION('',(-0.5,-0.866025403784,0.));
#2738 = DIRECTION('',(0.,0.,1.));
#2739 = ADVANCED_FACE('',(#2740),#2758,.F.);
#2740 = FACE_BOUND('',#2741,.F.);
#2741 = EDGE_LOOP('',(#2742,#2743,#2744,#2752));
#2742 = ORIENTED_EDGE('',*,*,#2721,.F.);
#2743 = ORIENTED_EDGE('',*,*,#2570,.T.);
#2744 = ORIENTED_EDGE('',*,*,#2745,.T.);
#2745 = EDGE_CURVE('',#2563,#2746,#2748,.T.);
#2746 = VERTEX_POINT('',#2747);
#2747 = CARTESIAN_POINT('',(-239.8172400785,154.62435565298,284.));
#2748 = LINE('',#2749,#2750);
#2749 = CARTESIAN_POINT('',(-221.630706599,144.12435565298,284.));
#2750 = VECTOR('',#2751,1.);
#2751 = DIRECTION('',(-0.866025403784,0.5,0.));
#2752 = ORIENTED_EDGE('',*,*,#2753,.F.);
#2753 = EDGE_CURVE('',#2722,#2746,#2754,.T.);
#2754 = LINE('',#2755,#2756);
#2755 = CARTESIAN_POINT('',(-228.3172400785,174.54293994002,284.));
#2756 = VECTOR('',#2757,1.);
#2757 = DIRECTION('',(0.5,0.866025403784,0.));
#2758 = PLANE('',#2759);
#2759 = AXIS2_PLACEMENT_3D('',#2760,#2761,#2762);
#2760 = CARTESIAN_POINT('',(-221.630706599,144.12435565298,284.));
#2761 = DIRECTION('',(0.,0.,1.));
#2762 = DIRECTION('',(-0.866025403784,0.5,0.));
#2763 = ADVANCED_FACE('',(#2764),#2782,.T.);
#2764 = FACE_BOUND('',#2765,.T.);
#2765 = EDGE_LOOP('',(#2766,#2774,#2775,#2776));
#2766 = ORIENTED_EDGE('',*,*,#2767,.F.);
#2767 = EDGE_CURVE('',#2555,#2768,#2770,.T.);
#2768 = VERTEX_POINT('',#2769);
#2769 = CARTESIAN_POINT('',(-239.8172400785,154.62435565298,18.));
#2770 = LINE('',#2771,#2772);
#2771 = CARTESIAN_POINT('',(-221.630706599,144.12435565298,18.));
#2772 = VECTOR('',#2773,1.);
#2773 = DIRECTION('',(-0.866025403784,0.5,0.));
#2774 = ORIENTED_EDGE('',*,*,#2562,.T.);
#2775 = ORIENTED_EDGE('',*,*,#2745,.T.);
#2776 = ORIENTED_EDGE('',*,*,#2777,.F.);
#2777 = EDGE_CURVE('',#2768,#2746,#2778,.T.);
#2778 = LINE('',#2779,#2780);
#2779 = CARTESIAN_POINT('',(-239.8172400785,154.62435565298,18.));
#2780 = VECTOR('',#2781,1.);
#2781 = DIRECTION('',(0.,0.,1.));
#2782 = PLANE('',#2783);
#2783 = AXIS2_PLACEMENT_3D('',#2784,#2785,#2786);
#2784 = CARTESIAN_POINT('',(-221.630706599,144.12435565298,18.));
#2785 = DIRECTION('',(-0.5,-0.866025403784,0.));
#2786 = DIRECTION('',(0.,0.,1.));
#2787 = ADVANCED_FACE('',(#2788),#2799,.F.);
#2788 = FACE_BOUND('',#2789,.F.);
#2789 = EDGE_LOOP('',(#2790,#2791,#2792,#2798));
#2790 = ORIENTED_EDGE('',*,*,#2554,.F.);
#2791 = ORIENTED_EDGE('',*,*,#2616,.T.);
#2792 = ORIENTED_EDGE('',*,*,#2793,.T.);
#2793 = EDGE_CURVE('',#2617,#2768,#2794,.T.);
#2794 = LINE('',#2795,#2796);
#2795 = CARTESIAN_POINT('',(-216.8172400785,194.46152422706,18.));
#2796 = VECTOR('',#2797,1.);
#2797 = DIRECTION('',(-0.5,-0.866025403784,0.));
#2798 = ORIENTED_EDGE('',*,*,#2767,.F.);
#2799 = PLANE('',#2800);
#2800 = AXIS2_PLACEMENT_3D('',#2801,#2802,#2803);
#2801 = CARTESIAN_POINT('',(-199.4967320028,184.46152422706,18.));
#2802 = DIRECTION('',(0.,0.,1.));
#2803 = DIRECTION('',(-0.866025403784,0.5,0.));
#2804 = ADVANCED_FACE('',(#2805),#2815,.T.);
#2805 = FACE_BOUND('',#2806,.T.);
#2806 = EDGE_LOOP('',(#2807,#2808,#2809,#2810,#2811,#2812,#2813,#2814));
#2807 = ORIENTED_EDGE('',*,*,#2633,.F.);
#2808 = ORIENTED_EDGE('',*,*,#2793,.T.);
#2809 = ORIENTED_EDGE('',*,*,#2777,.T.);
#2810 = ORIENTED_EDGE('',*,*,#2753,.F.);
#2811 = ORIENTED_EDGE('',*,*,#2729,.F.);
#2812 = ORIENTED_EDGE('',*,*,#2704,.T.);
#2813 = ORIENTED_EDGE('',*,*,#2681,.T.);
#2814 = ORIENTED_EDGE('',*,*,#2649,.F.);
#2815 = PLANE('',#2816);
#2816 = AXIS2_PLACEMENT_3D('',#2817,#2818,#2819);
#2817 = CARTESIAN_POINT('',(-216.8172400785,194.46152422706,18.));
#2818 = DIRECTION('',(-0.866025403784,0.5,0.));
#2819 = DIRECTION('',(0.,0.,1.));
#2820 = ( GEOMETRIC_REPRESENTATION_CONTEXT(3) 
GLOBAL_UNCERTAINTY_ASSIGNED_CONTEXT((#2824)) 
GLOBAL_UNIT_ASSIGNED_CONTEXT((#2821,#2822,#2823)) REPRESENTATION_CONTEXT
('Context #1','3D Context with UNIT and UNCERTAINTY') );
#2821 = ( LENGTH_UNIT() NAMED_UNIT(*) SI_UNIT(.MILLI.,.METRE.) );
#2822 = ( NAMED_UNIT(*) PLANE_ANGLE_UNIT() SI_UNIT($,.RADIAN.) );
#2823 = ( NAMED_UNIT(*) SI_UNIT($,.STERADIAN.) SOLID_ANGLE_UNIT() );
#2824 = UNCERTAINTY_MEASURE_WITH_UNIT(LENGTH_MEASURE(1.E-07),#2821,
  'distance_accuracy_value','confusion accuracy');
#2825 = CONTEXT_DEPENDENT_SHAPE_REPRESENTATION(#2826,#2828);
#2826 = ( REPRESENTATION_RELATIONSHIP('','',#2537,#10) 
REPRESENTATION_RELATIONSHIP_WITH_TRANSFORMATION(#2827) 
SHAPE_REPRESENTATION_RELATIONSHIP() );
#2827 = ITEM_DEFINED_TRANSFORMATION('','',#11,#67);
#2828 = PRODUCT_DEFINITION_SHAPE('Placement','Placement of an item',
  #2829);
#2829 = NEXT_ASSEMBLY_USAGE_OCCURRENCE('14',
  'P14 Arched blade 150 / maple segment 1','',#5,#2532,$);
#2830 = PRODUCT_RELATED_PRODUCT_CATEGORY('part',$,(#2534));
#2831 = SHAPE_DEFINITION_REPRESENTATION(#2832,#2838);
#2832 = PRODUCT_DEFINITION_SHAPE('','',#2833);
#2833 = PRODUCT_DEFINITION('design','',#2834,#2837);
#2834 = PRODUCT_DEFINITION_FORMATION('','',#2835);
#2835 = PRODUCT('P15 Arched blade 150 / maple segment 2',
  'P15 Arched blade 150 / maple segment 2','',(#2836));
#2836 = PRODUCT_CONTEXT('',#2,'mechanical');
#2837 = PRODUCT_DEFINITION_CONTEXT('part definition',#2,'design');
#2838 = ADVANCED_BREP_SHAPE_REPRESENTATION('',(#11,#2839),#2989);
#2839 = MANIFOLD_SOLID_BREP('',#2840);
#2840 = CLOSED_SHELL('',(#2841,#2881,#2912,#2936,#2960,#2977));
#2841 = ADVANCED_FACE('',(#2842),#2876,.F.);
#2842 = FACE_BOUND('',#2843,.F.);
#2843 = EDGE_LOOP('',(#2844,#2854,#2862,#2870));
#2844 = ORIENTED_EDGE('',*,*,#2845,.F.);
#2845 = EDGE_CURVE('',#2846,#2848,#2850,.T.);
#2846 = VERTEX_POINT('',#2847);
#2847 = CARTESIAN_POINT('',(-199.4967320028,184.46152422706,
    367.90524980688));
#2848 = VERTEX_POINT('',#2849);
#2849 = CARTESIAN_POINT('',(-199.4967320028,184.46152422706,
    381.90524980688));
#2850 = LINE('',#2851,#2852);
#2851 = CARTESIAN_POINT('',(-199.4967320028,184.46152422706,18.));
#2852 = VECTOR('',#2853,1.);
#2853 = DIRECTION('',(0.,0.,1.));
#2854 = ORIENTED_EDGE('',*,*,#2855,.T.);
#2855 = EDGE_CURVE('',#2846,#2856,#2858,.T.);
#2856 = VERTEX_POINT('',#2857);
#2857 = CARTESIAN_POINT('',(-259.4967320028,80.538475772934,
    367.90524980688));
#2858 = LINE('',#2859,#2860);
#2859 = CARTESIAN_POINT('',(-199.4967320028,184.46152422706,
    367.90524980688));
#2860 = VECTOR('',#2861,1.);
#2861 = DIRECTION('',(-0.5,-0.866025403784,0.));
#2862 = ORIENTED_EDGE('',*,*,#2863,.T.);
#2863 = EDGE_CURVE('',#2856,#2864,#2866,.T.);
#2864 = VERTEX_POINT('',#2865);
#2865 = CARTESIAN_POINT('',(-259.4967320028,80.538475772934,
    381.90524980688));
#2866 = LINE('',#2867,#2868);
#2867 = CARTESIAN_POINT('',(-259.4967320028,80.538475772934,18.));
#2868 = VECTOR('',#2869,1.);
#2869 = DIRECTION('',(0.,0.,1.));
#2870 = ORIENTED_EDGE('',*,*,#2871,.F.);
#2871 = EDGE_CURVE('',#2848,#2864,#2872,.T.);
#2872 = LINE('',#2873,#2874);
#2873 = CARTESIAN_POINT('',(-199.4967320028,184.46152422706,
    381.90524980688));
#2874 = VECTOR('',#2875,1.);
#2875 = DIRECTION('',(-0.5,-0.866025403784,0.));
#2876 = PLANE('',#2877);
#2877 = AXIS2_PLACEMENT_3D('',#2878,#2879,#2880);
#2878 = CARTESIAN_POINT('',(-199.4967320028,184.46152422706,18.));
#2879 = DIRECTION('',(-0.866025403784,0.5,0.));
#2880 = DIRECTION('',(0.,0.,1.));
#2881 = ADVANCED_FACE('',(#2882),#2907,.F.);
#2882 = FACE_BOUND('',#2883,.F.);
#2883 = EDGE_LOOP('',(#2884,#2892,#2893,#2901));
#2884 = ORIENTED_EDGE('',*,*,#2885,.F.);
#2885 = EDGE_CURVE('',#2846,#2886,#2888,.T.);
#2886 = VERTEX_POINT('',#2887);
#2887 = CARTESIAN_POINT('',(-216.8172400785,194.46152422706,
    367.90524980688));
#2888 = LINE('',#2889,#2890);
#2889 = CARTESIAN_POINT('',(-199.4967320028,184.46152422706,
    367.90524980688));
#2890 = VECTOR('',#2891,1.);
#2891 = DIRECTION('',(-0.866025403784,0.5,0.));
#2892 = ORIENTED_EDGE('',*,*,#2845,.T.);
#2893 = ORIENTED_EDGE('',*,*,#2894,.T.);
#2894 = EDGE_CURVE('',#2848,#2895,#2897,.T.);
#2895 = VERTEX_POINT('',#2896);
#2896 = CARTESIAN_POINT('',(-216.8172400785,194.46152422706,
    381.90524980688));
#2897 = LINE('',#2898,#2899);
#2898 = CARTESIAN_POINT('',(-199.4967320028,184.46152422706,
    381.90524980688));
#2899 = VECTOR('',#2900,1.);
#2900 = DIRECTION('',(-0.866025403784,0.5,0.));
#2901 = ORIENTED_EDGE('',*,*,#2902,.F.);
#2902 = EDGE_CURVE('',#2886,#2895,#2903,.T.);
#2903 = LINE('',#2904,#2905);
#2904 = CARTESIAN_POINT('',(-216.8172400785,194.46152422706,18.));
#2905 = VECTOR('',#2906,1.);
#2906 = DIRECTION('',(0.,0.,1.));
#2907 = PLANE('',#2908);
#2908 = AXIS2_PLACEMENT_3D('',#2909,#2910,#2911);
#2909 = CARTESIAN_POINT('',(-199.4967320028,184.46152422706,18.));
#2910 = DIRECTION('',(-0.5,-0.866025403784,0.));
#2911 = DIRECTION('',(0.,0.,1.));
#2912 = ADVANCED_FACE('',(#2913),#2931,.T.);
#2913 = FACE_BOUND('',#2914,.T.);
#2914 = EDGE_LOOP('',(#2915,#2916,#2917,#2925));
#2915 = ORIENTED_EDGE('',*,*,#2871,.F.);
#2916 = ORIENTED_EDGE('',*,*,#2894,.T.);
#2917 = ORIENTED_EDGE('',*,*,#2918,.T.);
#2918 = EDGE_CURVE('',#2895,#2919,#2921,.T.);
#2919 = VERTEX_POINT('',#2920);
#2920 = CARTESIAN_POINT('',(-276.8172400785,90.538475772934,
    381.90524980688));
#2921 = LINE('',#2922,#2923);
#2922 = CARTESIAN_POINT('',(-216.8172400785,194.46152422706,
    381.90524980688));
#2923 = VECTOR('',#2924,1.);
#2924 = DIRECTION('',(-0.5,-0.866025403784,0.));
#2925 = ORIENTED_EDGE('',*,*,#2926,.F.);
#2926 = EDGE_CURVE('',#2864,#2919,#2927,.T.);
#2927 = LINE('',#2928,#2929);
#2928 = CARTESIAN_POINT('',(-259.4967320028,80.538475772934,
    381.90524980688));
#2929 = VECTOR('',#2930,1.);
#2930 = DIRECTION('',(-0.866025403784,0.5,0.));
#2931 = PLANE('',#2932);
#2932 = AXIS2_PLACEMENT_3D('',#2933,#2934,#2935);
#2933 = CARTESIAN_POINT('',(-199.4967320028,184.46152422706,
    381.90524980688));
#2934 = DIRECTION('',(0.,0.,1.));
#2935 = DIRECTION('',(-0.866025403784,0.5,0.));
#2936 = ADVANCED_FACE('',(#2937),#2955,.T.);
#2937 = FACE_BOUND('',#2938,.T.);
#2938 = EDGE_LOOP('',(#2939,#2947,#2948,#2949));
#2939 = ORIENTED_EDGE('',*,*,#2940,.F.);
#2940 = EDGE_CURVE('',#2856,#2941,#2943,.T.);
#2941 = VERTEX_POINT('',#2942);
#2942 = CARTESIAN_POINT('',(-276.8172400785,90.538475772934,
    367.90524980688));
#2943 = LINE('',#2944,#2945);
#2944 = CARTESIAN_POINT('',(-259.4967320028,80.538475772934,
    367.90524980688));
#2945 = VECTOR('',#2946,1.);
#2946 = DIRECTION('',(-0.866025403784,0.5,0.));
#2947 = ORIENTED_EDGE('',*,*,#2863,.T.);
#2948 = ORIENTED_EDGE('',*,*,#2926,.T.);
#2949 = ORIENTED_EDGE('',*,*,#2950,.F.);
#2950 = EDGE_CURVE('',#2941,#2919,#2951,.T.);
#2951 = LINE('',#2952,#2953);
#2952 = CARTESIAN_POINT('',(-276.8172400785,90.538475772934,18.));
#2953 = VECTOR('',#2954,1.);
#2954 = DIRECTION('',(0.,0.,1.));
#2955 = PLANE('',#2956);
#2956 = AXIS2_PLACEMENT_3D('',#2957,#2958,#2959);
#2957 = CARTESIAN_POINT('',(-259.4967320028,80.538475772934,18.));
#2958 = DIRECTION('',(-0.5,-0.866025403784,0.));
#2959 = DIRECTION('',(0.,0.,1.));
#2960 = ADVANCED_FACE('',(#2961),#2972,.F.);
#2961 = FACE_BOUND('',#2962,.F.);
#2962 = EDGE_LOOP('',(#2963,#2964,#2965,#2971));
#2963 = ORIENTED_EDGE('',*,*,#2855,.F.);
#2964 = ORIENTED_EDGE('',*,*,#2885,.T.);
#2965 = ORIENTED_EDGE('',*,*,#2966,.T.);
#2966 = EDGE_CURVE('',#2886,#2941,#2967,.T.);
#2967 = LINE('',#2968,#2969);
#2968 = CARTESIAN_POINT('',(-216.8172400785,194.46152422706,
    367.90524980688));
#2969 = VECTOR('',#2970,1.);
#2970 = DIRECTION('',(-0.5,-0.866025403784,0.));
#2971 = ORIENTED_EDGE('',*,*,#2940,.F.);
#2972 = PLANE('',#2973);
#2973 = AXIS2_PLACEMENT_3D('',#2974,#2975,#2976);
#2974 = CARTESIAN_POINT('',(-199.4967320028,184.46152422706,
    367.90524980688));
#2975 = DIRECTION('',(0.,0.,1.));
#2976 = DIRECTION('',(-0.866025403784,0.5,0.));
#2977 = ADVANCED_FACE('',(#2978),#2984,.T.);
#2978 = FACE_BOUND('',#2979,.T.);
#2979 = EDGE_LOOP('',(#2980,#2981,#2982,#2983));
#2980 = ORIENTED_EDGE('',*,*,#2902,.F.);
#2981 = ORIENTED_EDGE('',*,*,#2966,.T.);
#2982 = ORIENTED_EDGE('',*,*,#2950,.T.);
#2983 = ORIENTED_EDGE('',*,*,#2918,.F.);
#2984 = PLANE('',#2985);
#2985 = AXIS2_PLACEMENT_3D('',#2986,#2987,#2988);
#2986 = CARTESIAN_POINT('',(-216.8172400785,194.46152422706,18.));
#2987 = DIRECTION('',(-0.866025403784,0.5,0.));
#2988 = DIRECTION('',(0.,0.,1.));
#2989 = ( GEOMETRIC_REPRESENTATION_CONTEXT(3) 
GLOBAL_UNCERTAINTY_ASSIGNED_CONTEXT((#2993)) 
GLOBAL_UNIT_ASSIGNED_CONTEXT((#2990,#2991,#2992)) REPRESENTATION_CONTEXT
('Context #1','3D Context with UNIT and UNCERTAINTY') );
#2990 = ( LENGTH_UNIT() NAMED_UNIT(*) SI_UNIT(.MILLI.,.METRE.) );
#2991 = ( NAMED_UNIT(*) PLANE_ANGLE_UNIT() SI_UNIT($,.RADIAN.) );
#2992 = ( NAMED_UNIT(*) SI_UNIT($,.STERADIAN.) SOLID_ANGLE_UNIT() );
#2993 = UNCERTAINTY_MEASURE_WITH_UNIT(LENGTH_MEASURE(1.E-07),#2990,
  'distance_accuracy_value','confusion accuracy');
#2994 = CONTEXT_DEPENDENT_SHAPE_REPRESENTATION(#2995,#2997);
#2995 = ( REPRESENTATION_RELATIONSHIP('','',#2838,#10) 
REPRESENTATION_RELATIONSHIP_WITH_TRANSFORMATION(#2996) 
SHAPE_REPRESENTATION_RELATIONSHIP() );
#2996 = ITEM_DEFINED_TRANSFORMATION('','',#11,#71);
#2997 = PRODUCT_DEFINITION_SHAPE('Placement','Placement of an item',
  #2998);
#2998 = NEXT_ASSEMBLY_USAGE_OCCURRENCE('15',
  'P15 Arched blade 150 / maple segment 2','',#5,#2833,$);
#2999 = PRODUCT_RELATED_PRODUCT_CATEGORY('part',$,(#2835));
#3000 = SHAPE_DEFINITION_REPRESENTATION(#3001,#3007);
#3001 = PRODUCT_DEFINITION_SHAPE('','',#3002);
#3002 = PRODUCT_DEFINITION('design','',#3003,#3006);
#3003 = PRODUCT_DEFINITION_FORMATION('','',#3004);
#3004 = PRODUCT('P16 Arched blade 150 / maple segment 3',
  'P16 Arched blade 150 / maple segment 3','',(#3005));
#3005 = PRODUCT_CONTEXT('',#2,'mechanical');
#3006 = PRODUCT_DEFINITION_CONTEXT('part definition',#2,'design');
#3007 = ADVANCED_BREP_SHAPE_REPRESENTATION('',(#11,#3008),#3228);
#3008 = MANIFOLD_SOLID_BREP('',#3009);
#3009 = CLOSED_SHELL('',(#3010,#3050,#3081,#3112,#3145,#3178,#3200,#3214
    ));
#3010 = ADVANCED_FACE('',(#3011),#3045,.T.);
#3011 = FACE_BOUND('',#3012,.T.);
#3012 = EDGE_LOOP('',(#3013,#3023,#3031,#3039));
#3013 = ORIENTED_EDGE('',*,*,#3014,.F.);
#3014 = EDGE_CURVE('',#3015,#3017,#3019,.T.);
#3015 = VERTEX_POINT('',#3016);
#3016 = CARTESIAN_POINT('',(-259.4967320028,80.538475772934,
    395.90524980688));
#3017 = VERTEX_POINT('',#3018);
#3018 = CARTESIAN_POINT('',(-276.8172400785,90.538475772934,
    395.90524980688));
#3019 = LINE('',#3020,#3021);
#3020 = CARTESIAN_POINT('',(-259.4967320028,80.538475772934,
    395.90524980688));
#3021 = VECTOR('',#3022,1.);
#3022 = DIRECTION('',(-0.866025403784,0.5,0.));
#3023 = ORIENTED_EDGE('',*,*,#3024,.T.);
#3024 = EDGE_CURVE('',#3015,#3025,#3027,.T.);
#3025 = VERTEX_POINT('',#3026);
#3026 = CARTESIAN_POINT('',(-259.4967320028,80.538475772934,
    471.90524980688));
#3027 = LINE('',#3028,#3029);
#3028 = CARTESIAN_POINT('',(-259.4967320028,80.538475772934,18.));
#3029 = VECTOR('',#3030,1.);
#3030 = DIRECTION('',(0.,0.,1.));
#3031 = ORIENTED_EDGE('',*,*,#3032,.T.);
#3032 = EDGE_CURVE('',#3025,#3033,#3035,.T.);
#3033 = VERTEX_POINT('',#3034);
#3034 = CARTESIAN_POINT('',(-276.8172400785,90.538475772934,
    471.90524980688));
#3035 = LINE('',#3036,#3037);
#3036 = CARTESIAN_POINT('',(-259.4967320028,80.538475772934,
    471.90524980688));
#3037 = VECTOR('',#3038,1.);
#3038 = DIRECTION('',(-0.866025403784,0.5,0.));
#3039 = ORIENTED_EDGE('',*,*,#3040,.F.);
#3040 = EDGE_CURVE('',#3017,#3033,#3041,.T.);
#3041 = LINE('',#3042,#3043);
#3042 = CARTESIAN_POINT('',(-276.8172400785,90.538475772934,18.));
#3043 = VECTOR('',#3044,1.);
#3044 = DIRECTION('',(0.,0.,1.));
#3045 = PLANE('',#3046);
#3046 = AXIS2_PLACEMENT_3D('',#3047,#3048,#3049);
#3047 = CARTESIAN_POINT('',(-259.4967320028,80.538475772934,18.));
#3048 = DIRECTION('',(-0.5,-0.866025403784,0.));
#3049 = DIRECTION('',(0.,0.,1.));
#3050 = ADVANCED_FACE('',(#3051),#3076,.F.);
#3051 = FACE_BOUND('',#3052,.F.);
#3052 = EDGE_LOOP('',(#3053,#3061,#3069,#3075));
#3053 = ORIENTED_EDGE('',*,*,#3054,.F.);
#3054 = EDGE_CURVE('',#3055,#3015,#3057,.T.);
#3055 = VERTEX_POINT('',#3056);
#3056 = CARTESIAN_POINT('',(-199.4967320028,184.46152422706,
    395.90524980688));
#3057 = LINE('',#3058,#3059);
#3058 = CARTESIAN_POINT('',(-199.4967320028,184.46152422706,
    395.90524980688));
#3059 = VECTOR('',#3060,1.);
#3060 = DIRECTION('',(-0.5,-0.866025403784,0.));
#3061 = ORIENTED_EDGE('',*,*,#3062,.T.);
#3062 = EDGE_CURVE('',#3055,#3063,#3065,.T.);
#3063 = VERTEX_POINT('',#3064);
#3064 = CARTESIAN_POINT('',(-216.8172400785,194.46152422706,
    395.90524980688));
#3065 = LINE('',#3066,#3067);
#3066 = CARTESIAN_POINT('',(-199.4967320028,184.46152422706,
    395.90524980688));
#3067 = VECTOR('',#3068,1.);
#3068 = DIRECTION('',(-0.866025403784,0.5,0.));
#3069 = ORIENTED_EDGE('',*,*,#3070,.T.);
#3070 = EDGE_CURVE('',#3063,#3017,#3071,.T.);
#3071 = LINE('',#3072,#3073);
#3072 = CARTESIAN_POINT('',(-216.8172400785,194.46152422706,
    395.90524980688));
#3073 = VECTOR('',#3074,1.);
#3074 = DIRECTION('',(-0.5,-0.866025403784,0.));
#3075 = ORIENTED_EDGE('',*,*,#3014,.F.);
#3076 = PLANE('',#3077);
#3077 = AXIS2_PLACEMENT_3D('',#3078,#3079,#3080);
#3078 = CARTESIAN_POINT('',(-199.4967320028,184.46152422706,
    395.90524980688));
#3079 = DIRECTION('',(0.,0.,1.));
#3080 = DIRECTION('',(-0.866025403784,0.5,0.));
#3081 = ADVANCED_FACE('',(#3082),#3107,.F.);
#3082 = FACE_BOUND('',#3083,.F.);
#3083 = EDGE_LOOP('',(#3084,#3085,#3093,#3101));
#3084 = ORIENTED_EDGE('',*,*,#3062,.F.);
#3085 = ORIENTED_EDGE('',*,*,#3086,.T.);
#3086 = EDGE_CURVE('',#3055,#3087,#3089,.T.);
#3087 = VERTEX_POINT('',#3088);
#3088 = CARTESIAN_POINT('',(-199.4967320028,184.46152422706,
    471.90524980688));
#3089 = LINE('',#3090,#3091);
#3090 = CARTESIAN_POINT('',(-199.4967320028,184.46152422706,18.));
#3091 = VECTOR('',#3092,1.);
#3092 = DIRECTION('',(0.,0.,1.));
#3093 = ORIENTED_EDGE('',*,*,#3094,.T.);
#3094 = EDGE_CURVE('',#3087,#3095,#3097,.T.);
#3095 = VERTEX_POINT('',#3096);
#3096 = CARTESIAN_POINT('',(-216.8172400785,194.46152422706,
    471.90524980688));
#3097 = LINE('',#3098,#3099);
#3098 = CARTESIAN_POINT('',(-199.4967320028,184.46152422706,
    471.90524980688));
#3099 = VECTOR('',#3100,1.);
#3100 = DIRECTION('',(-0.866025403784,0.5,0.));
#3101 = ORIENTED_EDGE('',*,*,#3102,.F.);
#3102 = EDGE_CURVE('',#3063,#3095,#3103,.T.);
#3103 = LINE('',#3104,#3105);
#3104 = CARTESIAN_POINT('',(-216.8172400785,194.46152422706,18.));
#3105 = VECTOR('',#3106,1.);
#3106 = DIRECTION('',(0.,0.,1.));
#3107 = PLANE('',#3108);
#3108 = AXIS2_PLACEMENT_3D('',#3109,#3110,#3111);
#3109 = CARTESIAN_POINT('',(-199.4967320028,184.46152422706,18.));
#3110 = DIRECTION('',(-0.5,-0.866025403784,0.));
#3111 = DIRECTION('',(0.,0.,1.));
#3112 = ADVANCED_FACE('',(#3113),#3140,.T.);
#3113 = FACE_BOUND('',#3114,.T.);
#3114 = EDGE_LOOP('',(#3115,#3124,#3132,#3139));
#3115 = ORIENTED_EDGE('',*,*,#3116,.F.);
#3116 = EDGE_CURVE('',#3117,#3095,#3119,.T.);
#3117 = VERTEX_POINT('',#3118);
#3118 = CARTESIAN_POINT('',(-239.3172400785,155.49038105676,530.));
#3119 = CIRCLE('',#3120,60.);
#3120 = AXIS2_PLACEMENT_3D('',#3121,#3122,#3123);
#3121 = CARTESIAN_POINT('',(-246.8172400785,142.5,471.90524980688));
#3122 = DIRECTION('',(-0.866025403784,0.5,0.));
#3123 = DIRECTION('',(0.,0.,1.));
#3124 = ORIENTED_EDGE('',*,*,#3125,.F.);
#3125 = EDGE_CURVE('',#3126,#3117,#3128,.T.);
#3126 = VERTEX_POINT('',#3127);
#3127 = CARTESIAN_POINT('',(-221.9967320028,145.49038105676,530.));
#3128 = LINE('',#3129,#3130);
#3129 = CARTESIAN_POINT('',(-221.9967320028,145.49038105676,530.));
#3130 = VECTOR('',#3131,1.);
#3131 = DIRECTION('',(-0.866025403784,0.5,0.));
#3132 = ORIENTED_EDGE('',*,*,#3133,.T.);
#3133 = EDGE_CURVE('',#3126,#3087,#3134,.T.);
#3134 = CIRCLE('',#3135,60.);
#3135 = AXIS2_PLACEMENT_3D('',#3136,#3137,#3138);
#3136 = CARTESIAN_POINT('',(-229.4967320028,132.5,471.90524980688));
#3137 = DIRECTION('',(-0.866025403784,0.5,0.));
#3138 = DIRECTION('',(0.,0.,1.));
#3139 = ORIENTED_EDGE('',*,*,#3094,.T.);
#3140 = CYLINDRICAL_SURFACE('',#3141,60.);
#3141 = AXIS2_PLACEMENT_3D('',#3142,#3143,#3144);
#3142 = CARTESIAN_POINT('',(-229.4967320028,132.5,471.90524980688));
#3143 = DIRECTION('',(-0.866025403784,0.5,0.));
#3144 = DIRECTION('',(0.,0.,1.));
#3145 = ADVANCED_FACE('',(#3146),#3173,.T.);
#3146 = FACE_BOUND('',#3147,.T.);
#3147 = EDGE_LOOP('',(#3148,#3158,#3165,#3166));
#3148 = ORIENTED_EDGE('',*,*,#3149,.T.);
#3149 = EDGE_CURVE('',#3150,#3152,#3154,.T.);
#3150 = VERTEX_POINT('',#3151);
#3151 = CARTESIAN_POINT('',(-236.9967320028,119.50961894323,530.));
#3152 = VERTEX_POINT('',#3153);
#3153 = CARTESIAN_POINT('',(-254.3172400785,129.50961894323,530.));
#3154 = LINE('',#3155,#3156);
#3155 = CARTESIAN_POINT('',(-236.9967320028,119.50961894323,530.));
#3156 = VECTOR('',#3157,1.);
#3157 = DIRECTION('',(-0.866025403784,0.5,0.));
#3158 = ORIENTED_EDGE('',*,*,#3159,.F.);
#3159 = EDGE_CURVE('',#3033,#3152,#3160,.T.);
#3160 = CIRCLE('',#3161,60.);
#3161 = AXIS2_PLACEMENT_3D('',#3162,#3163,#3164);
#3162 = CARTESIAN_POINT('',(-246.8172400785,142.5,471.90524980688));
#3163 = DIRECTION('',(-0.866025403784,0.5,0.));
#3164 = DIRECTION('',(0.,0.,1.));
#3165 = ORIENTED_EDGE('',*,*,#3032,.F.);
#3166 = ORIENTED_EDGE('',*,*,#3167,.T.);
#3167 = EDGE_CURVE('',#3025,#3150,#3168,.T.);
#3168 = CIRCLE('',#3169,60.);
#3169 = AXIS2_PLACEMENT_3D('',#3170,#3171,#3172);
#3170 = CARTESIAN_POINT('',(-229.4967320028,132.5,471.90524980688));
#3171 = DIRECTION('',(-0.866025403784,0.5,0.));
#3172 = DIRECTION('',(0.,0.,1.));
#3173 = CYLINDRICAL_SURFACE('',#3174,60.);
#3174 = AXIS2_PLACEMENT_3D('',#3175,#3176,#3177);
#3175 = CARTESIAN_POINT('',(-229.4967320028,132.5,471.90524980688));
#3176 = DIRECTION('',(-0.866025403784,0.5,0.));
#3177 = DIRECTION('',(0.,0.,1.));
#3178 = ADVANCED_FACE('',(#3179),#3195,.T.);
#3179 = FACE_BOUND('',#3180,.T.);
#3180 = EDGE_LOOP('',(#3181,#3187,#3188,#3194));
#3181 = ORIENTED_EDGE('',*,*,#3182,.F.);
#3182 = EDGE_CURVE('',#3126,#3150,#3183,.T.);
#3183 = LINE('',#3184,#3185);
#3184 = CARTESIAN_POINT('',(-199.4967320028,184.46152422706,530.));
#3185 = VECTOR('',#3186,1.);
#3186 = DIRECTION('',(-0.5,-0.866025403784,0.));
#3187 = ORIENTED_EDGE('',*,*,#3125,.T.);
#3188 = ORIENTED_EDGE('',*,*,#3189,.T.);
#3189 = EDGE_CURVE('',#3117,#3152,#3190,.T.);
#3190 = LINE('',#3191,#3192);
#3191 = CARTESIAN_POINT('',(-216.8172400785,194.46152422706,530.));
#3192 = VECTOR('',#3193,1.);
#3193 = DIRECTION('',(-0.5,-0.866025403784,0.));
#3194 = ORIENTED_EDGE('',*,*,#3149,.F.);
#3195 = PLANE('',#3196);
#3196 = AXIS2_PLACEMENT_3D('',#3197,#3198,#3199);
#3197 = CARTESIAN_POINT('',(-199.4967320028,184.46152422706,530.));
#3198 = DIRECTION('',(0.,0.,1.));
#3199 = DIRECTION('',(-0.866025403784,0.5,0.));
#3200 = ADVANCED_FACE('',(#3201),#3209,.T.);
#3201 = FACE_BOUND('',#3202,.T.);
#3202 = EDGE_LOOP('',(#3203,#3204,#3205,#3206,#3207,#3208));
#3203 = ORIENTED_EDGE('',*,*,#3086,.T.);
#3204 = ORIENTED_EDGE('',*,*,#3133,.F.);
#3205 = ORIENTED_EDGE('',*,*,#3182,.T.);
#3206 = ORIENTED_EDGE('',*,*,#3167,.F.);
#3207 = ORIENTED_EDGE('',*,*,#3024,.F.);
#3208 = ORIENTED_EDGE('',*,*,#3054,.F.);
#3209 = PLANE('',#3210);
#3210 = AXIS2_PLACEMENT_3D('',#3211,#3212,#3213);
#3211 = CARTESIAN_POINT('',(-229.4967320028,132.5,454.72751870174));
#3212 = DIRECTION('',(0.866025403784,-0.5,0.));
#3213 = DIRECTION('',(0.5,0.866025403784,0.));
#3214 = ADVANCED_FACE('',(#3215),#3223,.T.);
#3215 = FACE_BOUND('',#3216,.T.);
#3216 = EDGE_LOOP('',(#3217,#3218,#3219,#3220,#3221,#3222));
#3217 = ORIENTED_EDGE('',*,*,#3102,.F.);
#3218 = ORIENTED_EDGE('',*,*,#3070,.T.);
#3219 = ORIENTED_EDGE('',*,*,#3040,.T.);
#3220 = ORIENTED_EDGE('',*,*,#3159,.T.);
#3221 = ORIENTED_EDGE('',*,*,#3189,.F.);
#3222 = ORIENTED_EDGE('',*,*,#3116,.T.);
#3223 = PLANE('',#3224);
#3224 = AXIS2_PLACEMENT_3D('',#3225,#3226,#3227);
#3225 = CARTESIAN_POINT('',(-246.8172400785,142.5,454.72751870174));
#3226 = DIRECTION('',(-0.866025403784,0.5,-0.));
#3227 = DIRECTION('',(-0.5,-0.866025403784,0.));
#3228 = ( GEOMETRIC_REPRESENTATION_CONTEXT(3) 
GLOBAL_UNCERTAINTY_ASSIGNED_CONTEXT((#3232)) 
GLOBAL_UNIT_ASSIGNED_CONTEXT((#3229,#3230,#3231)) REPRESENTATION_CONTEXT
('Context #1','3D Context with UNIT and UNCERTAINTY') );
#3229 = ( LENGTH_UNIT() NAMED_UNIT(*) SI_UNIT(.MILLI.,.METRE.) );
#3230 = ( NAMED_UNIT(*) PLANE_ANGLE_UNIT() SI_UNIT($,.RADIAN.) );
#3231 = ( NAMED_UNIT(*) SI_UNIT($,.STERADIAN.) SOLID_ANGLE_UNIT() );
#3232 = UNCERTAINTY_MEASURE_WITH_UNIT(LENGTH_MEASURE(1.E-07),#3229,
  'distance_accuracy_value','confusion accuracy');
#3233 = CONTEXT_DEPENDENT_SHAPE_REPRESENTATION(#3234,#3236);
#3234 = ( REPRESENTATION_RELATIONSHIP('','',#3007,#10) 
REPRESENTATION_RELATIONSHIP_WITH_TRANSFORMATION(#3235) 
SHAPE_REPRESENTATION_RELATIONSHIP() );
#3235 = ITEM_DEFINED_TRANSFORMATION('','',#11,#75);
#3236 = PRODUCT_DEFINITION_SHAPE('Placement','Placement of an item',
  #3237);
#3237 = NEXT_ASSEMBLY_USAGE_OCCURRENCE('16',
  'P16 Arched blade 150 / maple segment 3','',#5,#3002,$);
#3238 = PRODUCT_RELATED_PRODUCT_CATEGORY('part',$,(#3004));
#3239 = SHAPE_DEFINITION_REPRESENTATION(#3240,#3246);
#3240 = PRODUCT_DEFINITION_SHAPE('','',#3241);
#3241 = PRODUCT_DEFINITION('design','',#3242,#3245);
#3242 = PRODUCT_DEFINITION_FORMATION('','',#3243);
#3243 = PRODUCT('P17 Slot jamb 150 / -1','P17 Slot jamb 150 / -1','',(
    #3244));
#3244 = PRODUCT_CONTEXT('',#2,'mechanical');
#3245 = PRODUCT_DEFINITION_CONTEXT('part definition',#2,'design');
#3246 = ADVANCED_BREP_SHAPE_REPRESENTATION('',(#11,#3247),#3397);
#3247 = MANIFOLD_SOLID_BREP('',#3248);
#3248 = CLOSED_SHELL('',(#3249,#3289,#3329,#3351,#3373,#3385));
#3249 = ADVANCED_FACE('',(#3250),#3284,.F.);
#3250 = FACE_BOUND('',#3251,.F.);
#3251 = EDGE_LOOP('',(#3252,#3262,#3270,#3278));
#3252 = ORIENTED_EDGE('',*,*,#3253,.F.);
#3253 = EDGE_CURVE('',#3254,#3256,#3258,.T.);
#3254 = VERTEX_POINT('',#3255);
#3255 = CARTESIAN_POINT('',(-222.4967320028,144.62435565298,18.));
#3256 = VERTEX_POINT('',#3257);
#3257 = CARTESIAN_POINT('',(-222.4967320028,144.62435565298,280.));
#3258 = LINE('',#3259,#3260);
#3259 = CARTESIAN_POINT('',(-222.4967320028,144.62435565298,18.));
#3260 = VECTOR('',#3261,1.);
#3261 = DIRECTION('',(0.,0.,1.));
#3262 = ORIENTED_EDGE('',*,*,#3263,.T.);
#3263 = EDGE_CURVE('',#3254,#3264,#3266,.T.);
#3264 = VERTEX_POINT('',#3265);
#3265 = CARTESIAN_POINT('',(-224.4967320028,141.16025403784,18.));
#3266 = LINE('',#3267,#3268);
#3267 = CARTESIAN_POINT('',(-222.4967320028,144.62435565298,18.));
#3268 = VECTOR('',#3269,1.);
#3269 = DIRECTION('',(-0.5,-0.866025403784,0.));
#3270 = ORIENTED_EDGE('',*,*,#3271,.T.);
#3271 = EDGE_CURVE('',#3264,#3272,#3274,.T.);
#3272 = VERTEX_POINT('',#3273);
#3273 = CARTESIAN_POINT('',(-224.4967320028,141.16025403784,280.));
#3274 = LINE('',#3275,#3276);
#3275 = CARTESIAN_POINT('',(-224.4967320028,141.16025403784,18.));
#3276 = VECTOR('',#3277,1.);
#3277 = DIRECTION('',(0.,0.,1.));
#3278 = ORIENTED_EDGE('',*,*,#3279,.F.);
#3279 = EDGE_CURVE('',#3256,#3272,#3280,.T.);
#3280 = LINE('',#3281,#3282);
#3281 = CARTESIAN_POINT('',(-222.4967320028,144.62435565298,280.));
#3282 = VECTOR('',#3283,1.);
#3283 = DIRECTION('',(-0.5,-0.866025403784,0.));
#3284 = PLANE('',#3285);
#3285 = AXIS2_PLACEMENT_3D('',#3286,#3287,#3288);
#3286 = CARTESIAN_POINT('',(-222.4967320028,144.62435565298,18.));
#3287 = DIRECTION('',(-0.866025403784,0.5,0.));
#3288 = DIRECTION('',(0.,0.,1.));
#3289 = ADVANCED_FACE('',(#3290),#3324,.T.);
#3290 = FACE_BOUND('',#3291,.T.);
#3291 = EDGE_LOOP('',(#3292,#3302,#3310,#3318));
#3292 = ORIENTED_EDGE('',*,*,#3293,.F.);
#3293 = EDGE_CURVE('',#3294,#3296,#3298,.T.);
#3294 = VERTEX_POINT('',#3295);
#3295 = CARTESIAN_POINT('',(-239.8172400785,154.62435565298,18.));
#3296 = VERTEX_POINT('',#3297);
#3297 = CARTESIAN_POINT('',(-239.8172400785,154.62435565298,280.));
#3298 = LINE('',#3299,#3300);
#3299 = CARTESIAN_POINT('',(-239.8172400785,154.62435565298,18.));
#3300 = VECTOR('',#3301,1.);
#3301 = DIRECTION('',(0.,0.,1.));
#3302 = ORIENTED_EDGE('',*,*,#3303,.T.);
#3303 = EDGE_CURVE('',#3294,#3304,#3306,.T.);
#3304 = VERTEX_POINT('',#3305);
#3305 = CARTESIAN_POINT('',(-241.8172400785,151.16025403784,18.));
#3306 = LINE('',#3307,#3308);
#3307 = CARTESIAN_POINT('',(-239.8172400785,154.62435565298,18.));
#3308 = VECTOR('',#3309,1.);
#3309 = DIRECTION('',(-0.5,-0.866025403784,0.));
#3310 = ORIENTED_EDGE('',*,*,#3311,.T.);
#3311 = EDGE_CURVE('',#3304,#3312,#3314,.T.);
#3312 = VERTEX_POINT('',#3313);
#3313 = CARTESIAN_POINT('',(-241.8172400785,151.16025403784,280.));
#3314 = LINE('',#3315,#3316);
#3315 = CARTESIAN_POINT('',(-241.8172400785,151.16025403784,18.));
#3316 = VECTOR('',#3317,1.);
#3317 = DIRECTION('',(0.,0.,1.));
#3318 = ORIENTED_EDGE('',*,*,#3319,.F.);
#3319 = EDGE_CURVE('',#3296,#3312,#3320,.T.);
#3320 = LINE('',#3321,#3322);
#3321 = CARTESIAN_POINT('',(-239.8172400785,154.62435565298,280.));
#3322 = VECTOR('',#3323,1.);
#3323 = DIRECTION('',(-0.5,-0.866025403784,0.));
#3324 = PLANE('',#3325);
#3325 = AXIS2_PLACEMENT_3D('',#3326,#3327,#3328);
#3326 = CARTESIAN_POINT('',(-239.8172400785,154.62435565298,18.));
#3327 = DIRECTION('',(-0.866025403784,0.5,0.));
#3328 = DIRECTION('',(0.,0.,1.));
#3329 = ADVANCED_FACE('',(#3330),#3346,.F.);
#3330 = FACE_BOUND('',#3331,.F.);
#3331 = EDGE_LOOP('',(#3332,#3338,#3339,#3345));
#3332 = ORIENTED_EDGE('',*,*,#3333,.F.);
#3333 = EDGE_CURVE('',#3254,#3294,#3334,.T.);
#3334 = LINE('',#3335,#3336);
#3335 = CARTESIAN_POINT('',(-222.4967320028,144.62435565298,18.));
#3336 = VECTOR('',#3337,1.);
#3337 = DIRECTION('',(-0.866025403784,0.5,0.));
#3338 = ORIENTED_EDGE('',*,*,#3253,.T.);
#3339 = ORIENTED_EDGE('',*,*,#3340,.T.);
#3340 = EDGE_CURVE('',#3256,#3296,#3341,.T.);
#3341 = LINE('',#3342,#3343);
#3342 = CARTESIAN_POINT('',(-222.4967320028,144.62435565298,280.));
#3343 = VECTOR('',#3344,1.);
#3344 = DIRECTION('',(-0.866025403784,0.5,0.));
#3345 = ORIENTED_EDGE('',*,*,#3293,.F.);
#3346 = PLANE('',#3347);
#3347 = AXIS2_PLACEMENT_3D('',#3348,#3349,#3350);
#3348 = CARTESIAN_POINT('',(-222.4967320028,144.62435565298,18.));
#3349 = DIRECTION('',(-0.5,-0.866025403784,0.));
#3350 = DIRECTION('',(0.,0.,1.));
#3351 = ADVANCED_FACE('',(#3352),#3368,.T.);
#3352 = FACE_BOUND('',#3353,.T.);
#3353 = EDGE_LOOP('',(#3354,#3360,#3361,#3367));
#3354 = ORIENTED_EDGE('',*,*,#3355,.F.);
#3355 = EDGE_CURVE('',#3264,#3304,#3356,.T.);
#3356 = LINE('',#3357,#3358);
#3357 = CARTESIAN_POINT('',(-224.4967320028,141.16025403784,18.));
#3358 = VECTOR('',#3359,1.);
#3359 = DIRECTION('',(-0.866025403784,0.5,0.));
#3360 = ORIENTED_EDGE('',*,*,#3271,.T.);
#3361 = ORIENTED_EDGE('',*,*,#3362,.T.);
#3362 = EDGE_CURVE('',#3272,#3312,#3363,.T.);
#3363 = LINE('',#3364,#3365);
#3364 = CARTESIAN_POINT('',(-224.4967320028,141.16025403784,280.));
#3365 = VECTOR('',#3366,1.);
#3366 = DIRECTION('',(-0.866025403784,0.5,0.));
#3367 = ORIENTED_EDGE('',*,*,#3311,.F.);
#3368 = PLANE('',#3369);
#3369 = AXIS2_PLACEMENT_3D('',#3370,#3371,#3372);
#3370 = CARTESIAN_POINT('',(-224.4967320028,141.16025403784,18.));
#3371 = DIRECTION('',(-0.5,-0.866025403784,0.));
#3372 = DIRECTION('',(0.,0.,1.));
#3373 = ADVANCED_FACE('',(#3374),#3380,.F.);
#3374 = FACE_BOUND('',#3375,.F.);
#3375 = EDGE_LOOP('',(#3376,#3377,#3378,#3379));
#3376 = ORIENTED_EDGE('',*,*,#3263,.F.);
#3377 = ORIENTED_EDGE('',*,*,#3333,.T.);
#3378 = ORIENTED_EDGE('',*,*,#3303,.T.);
#3379 = ORIENTED_EDGE('',*,*,#3355,.F.);
#3380 = PLANE('',#3381);
#3381 = AXIS2_PLACEMENT_3D('',#3382,#3383,#3384);
#3382 = CARTESIAN_POINT('',(-222.4967320028,144.62435565298,18.));
#3383 = DIRECTION('',(0.,0.,1.));
#3384 = DIRECTION('',(-0.866025403784,0.5,0.));
#3385 = ADVANCED_FACE('',(#3386),#3392,.T.);
#3386 = FACE_BOUND('',#3387,.T.);
#3387 = EDGE_LOOP('',(#3388,#3389,#3390,#3391));
#3388 = ORIENTED_EDGE('',*,*,#3279,.F.);
#3389 = ORIENTED_EDGE('',*,*,#3340,.T.);
#3390 = ORIENTED_EDGE('',*,*,#3319,.T.);
#3391 = ORIENTED_EDGE('',*,*,#3362,.F.);
#3392 = PLANE('',#3393);
#3393 = AXIS2_PLACEMENT_3D('',#3394,#3395,#3396);
#3394 = CARTESIAN_POINT('',(-222.4967320028,144.62435565298,280.));
#3395 = DIRECTION('',(0.,0.,1.));
#3396 = DIRECTION('',(-0.866025403784,0.5,0.));
#3397 = ( GEOMETRIC_REPRESENTATION_CONTEXT(3) 
GLOBAL_UNCERTAINTY_ASSIGNED_CONTEXT((#3401)) 
GLOBAL_UNIT_ASSIGNED_CONTEXT((#3398,#3399,#3400)) REPRESENTATION_CONTEXT
('Context #1','3D Context with UNIT and UNCERTAINTY') );
#3398 = ( LENGTH_UNIT() NAMED_UNIT(*) SI_UNIT(.MILLI.,.METRE.) );
#3399 = ( NAMED_UNIT(*) PLANE_ANGLE_UNIT() SI_UNIT($,.RADIAN.) );
#3400 = ( NAMED_UNIT(*) SI_UNIT($,.STERADIAN.) SOLID_ANGLE_UNIT() );
#3401 = UNCERTAINTY_MEASURE_WITH_UNIT(LENGTH_MEASURE(1.E-07),#3398,
  'distance_accuracy_value','confusion accuracy');
#3402 = CONTEXT_DEPENDENT_SHAPE_REPRESENTATION(#3403,#3405);
#3403 = ( REPRESENTATION_RELATIONSHIP('','',#3246,#10) 
REPRESENTATION_RELATIONSHIP_WITH_TRANSFORMATION(#3404) 
SHAPE_REPRESENTATION_RELATIONSHIP() );
#3404 = ITEM_DEFINED_TRANSFORMATION('','',#11,#79);
#3405 = PRODUCT_DEFINITION_SHAPE('Placement','Placement of an item',
  #3406);
#3406 = NEXT_ASSEMBLY_USAGE_OCCURRENCE('17','P17 Slot jamb 150 / -1','',
  #5,#3241,$);
#3407 = PRODUCT_RELATED_PRODUCT_CATEGORY('part',$,(#3243));
#3408 = SHAPE_DEFINITION_REPRESENTATION(#3409,#3415);
#3409 = PRODUCT_DEFINITION_SHAPE('','',#3410);
#3410 = PRODUCT_DEFINITION('design','',#3411,#3414);
#3411 = PRODUCT_DEFINITION_FORMATION('','',#3412);
#3412 = PRODUCT('P18 Slot jamb 150 / 1','P18 Slot jamb 150 / 1','',(
    #3413));
#3413 = PRODUCT_CONTEXT('',#2,'mechanical');
#3414 = PRODUCT_DEFINITION_CONTEXT('part definition',#2,'design');
#3415 = ADVANCED_BREP_SHAPE_REPRESENTATION('',(#11,#3416),#3566);
#3416 = MANIFOLD_SOLID_BREP('',#3417);
#3417 = CLOSED_SHELL('',(#3418,#3458,#3498,#3520,#3542,#3554));
#3418 = ADVANCED_FACE('',(#3419),#3453,.F.);
#3419 = FACE_BOUND('',#3420,.F.);
#3420 = EDGE_LOOP('',(#3421,#3431,#3439,#3447));
#3421 = ORIENTED_EDGE('',*,*,#3422,.F.);
#3422 = EDGE_CURVE('',#3423,#3425,#3427,.T.);
#3423 = VERTEX_POINT('',#3424);
#3424 = CARTESIAN_POINT('',(-234.4967320028,123.83974596215,18.));
#3425 = VERTEX_POINT('',#3426);
#3426 = CARTESIAN_POINT('',(-234.4967320028,123.83974596215,280.));
#3427 = LINE('',#3428,#3429);
#3428 = CARTESIAN_POINT('',(-234.4967320028,123.83974596215,18.));
#3429 = VECTOR('',#3430,1.);
#3430 = DIRECTION('',(0.,0.,1.));
#3431 = ORIENTED_EDGE('',*,*,#3432,.T.);
#3432 = EDGE_CURVE('',#3423,#3433,#3435,.T.);
#3433 = VERTEX_POINT('',#3434);
#3434 = CARTESIAN_POINT('',(-236.4967320028,120.37564434701,18.));
#3435 = LINE('',#3436,#3437);
#3436 = CARTESIAN_POINT('',(-234.4967320028,123.83974596215,18.));
#3437 = VECTOR('',#3438,1.);
#3438 = DIRECTION('',(-0.5,-0.866025403784,0.));
#3439 = ORIENTED_EDGE('',*,*,#3440,.T.);
#3440 = EDGE_CURVE('',#3433,#3441,#3443,.T.);
#3441 = VERTEX_POINT('',#3442);
#3442 = CARTESIAN_POINT('',(-236.4967320028,120.37564434701,280.));
#3443 = LINE('',#3444,#3445);
#3444 = CARTESIAN_POINT('',(-236.4967320028,120.37564434701,18.));
#3445 = VECTOR('',#3446,1.);
#3446 = DIRECTION('',(0.,0.,1.));
#3447 = ORIENTED_EDGE('',*,*,#3448,.F.);
#3448 = EDGE_CURVE('',#3425,#3441,#3449,.T.);
#3449 = LINE('',#3450,#3451);
#3450 = CARTESIAN_POINT('',(-234.4967320028,123.83974596215,280.));
#3451 = VECTOR('',#3452,1.);
#3452 = DIRECTION('',(-0.5,-0.866025403784,0.));
#3453 = PLANE('',#3454);
#3454 = AXIS2_PLACEMENT_3D('',#3455,#3456,#3457);
#3455 = CARTESIAN_POINT('',(-234.4967320028,123.83974596215,18.));
#3456 = DIRECTION('',(-0.866025403784,0.5,0.));
#3457 = DIRECTION('',(0.,0.,1.));
#3458 = ADVANCED_FACE('',(#3459),#3493,.T.);
#3459 = FACE_BOUND('',#3460,.T.);
#3460 = EDGE_LOOP('',(#3461,#3471,#3479,#3487));
#3461 = ORIENTED_EDGE('',*,*,#3462,.F.);
#3462 = EDGE_CURVE('',#3463,#3465,#3467,.T.);
#3463 = VERTEX_POINT('',#3464);
#3464 = CARTESIAN_POINT('',(-251.8172400785,133.83974596215,18.));
#3465 = VERTEX_POINT('',#3466);
#3466 = CARTESIAN_POINT('',(-251.8172400785,133.83974596215,280.));
#3467 = LINE('',#3468,#3469);
#3468 = CARTESIAN_POINT('',(-251.8172400785,133.83974596215,18.));
#3469 = VECTOR('',#3470,1.);
#3470 = DIRECTION('',(0.,0.,1.));
#3471 = ORIENTED_EDGE('',*,*,#3472,.T.);
#3472 = EDGE_CURVE('',#3463,#3473,#3475,.T.);
#3473 = VERTEX_POINT('',#3474);
#3474 = CARTESIAN_POINT('',(-253.8172400785,130.37564434701,18.));
#3475 = LINE('',#3476,#3477);
#3476 = CARTESIAN_POINT('',(-251.8172400785,133.83974596215,18.));
#3477 = VECTOR('',#3478,1.);
#3478 = DIRECTION('',(-0.5,-0.866025403784,0.));
#3479 = ORIENTED_EDGE('',*,*,#3480,.T.);
#3480 = EDGE_CURVE('',#3473,#3481,#3483,.T.);
#3481 = VERTEX_POINT('',#3482);
#3482 = CARTESIAN_POINT('',(-253.8172400785,130.37564434701,280.));
#3483 = LINE('',#3484,#3485);
#3484 = CARTESIAN_POINT('',(-253.8172400785,130.37564434701,18.));
#3485 = VECTOR('',#3486,1.);
#3486 = DIRECTION('',(0.,0.,1.));
#3487 = ORIENTED_EDGE('',*,*,#3488,.F.);
#3488 = EDGE_CURVE('',#3465,#3481,#3489,.T.);
#3489 = LINE('',#3490,#3491);
#3490 = CARTESIAN_POINT('',(-251.8172400785,133.83974596215,280.));
#3491 = VECTOR('',#3492,1.);
#3492 = DIRECTION('',(-0.5,-0.866025403784,0.));
#3493 = PLANE('',#3494);
#3494 = AXIS2_PLACEMENT_3D('',#3495,#3496,#3497);
#3495 = CARTESIAN_POINT('',(-251.8172400785,133.83974596215,18.));
#3496 = DIRECTION('',(-0.866025403784,0.5,0.));
#3497 = DIRECTION('',(0.,0.,1.));
#3498 = ADVANCED_FACE('',(#3499),#3515,.F.);
#3499 = FACE_BOUND('',#3500,.F.);
#3500 = EDGE_LOOP('',(#3501,#3507,#3508,#3514));
#3501 = ORIENTED_EDGE('',*,*,#3502,.F.);
#3502 = EDGE_CURVE('',#3423,#3463,#3503,.T.);
#3503 = LINE('',#3504,#3505);
#3504 = CARTESIAN_POINT('',(-234.4967320028,123.83974596215,18.));
#3505 = VECTOR('',#3506,1.);
#3506 = DIRECTION('',(-0.866025403784,0.5,0.));
#3507 = ORIENTED_EDGE('',*,*,#3422,.T.);
#3508 = ORIENTED_EDGE('',*,*,#3509,.T.);
#3509 = EDGE_CURVE('',#3425,#3465,#3510,.T.);
#3510 = LINE('',#3511,#3512);
#3511 = CARTESIAN_POINT('',(-234.4967320028,123.83974596215,280.));
#3512 = VECTOR('',#3513,1.);
#3513 = DIRECTION('',(-0.866025403784,0.5,0.));
#3514 = ORIENTED_EDGE('',*,*,#3462,.F.);
#3515 = PLANE('',#3516);
#3516 = AXIS2_PLACEMENT_3D('',#3517,#3518,#3519);
#3517 = CARTESIAN_POINT('',(-234.4967320028,123.83974596215,18.));
#3518 = DIRECTION('',(-0.5,-0.866025403784,0.));
#3519 = DIRECTION('',(0.,0.,1.));
#3520 = ADVANCED_FACE('',(#3521),#3537,.T.);
#3521 = FACE_BOUND('',#3522,.T.);
#3522 = EDGE_LOOP('',(#3523,#3529,#3530,#3536));
#3523 = ORIENTED_EDGE('',*,*,#3524,.F.);
#3524 = EDGE_CURVE('',#3433,#3473,#3525,.T.);
#3525 = LINE('',#3526,#3527);
#3526 = CARTESIAN_POINT('',(-236.4967320028,120.37564434701,18.));
#3527 = VECTOR('',#3528,1.);
#3528 = DIRECTION('',(-0.866025403784,0.5,0.));
#3529 = ORIENTED_EDGE('',*,*,#3440,.T.);
#3530 = ORIENTED_EDGE('',*,*,#3531,.T.);
#3531 = EDGE_CURVE('',#3441,#3481,#3532,.T.);
#3532 = LINE('',#3533,#3534);
#3533 = CARTESIAN_POINT('',(-236.4967320028,120.37564434701,280.));
#3534 = VECTOR('',#3535,1.);
#3535 = DIRECTION('',(-0.866025403784,0.5,0.));
#3536 = ORIENTED_EDGE('',*,*,#3480,.F.);
#3537 = PLANE('',#3538);
#3538 = AXIS2_PLACEMENT_3D('',#3539,#3540,#3541);
#3539 = CARTESIAN_POINT('',(-236.4967320028,120.37564434701,18.));
#3540 = DIRECTION('',(-0.5,-0.866025403784,0.));
#3541 = DIRECTION('',(0.,0.,1.));
#3542 = ADVANCED_FACE('',(#3543),#3549,.F.);
#3543 = FACE_BOUND('',#3544,.F.);
#3544 = EDGE_LOOP('',(#3545,#3546,#3547,#3548));
#3545 = ORIENTED_EDGE('',*,*,#3432,.F.);
#3546 = ORIENTED_EDGE('',*,*,#3502,.T.);
#3547 = ORIENTED_EDGE('',*,*,#3472,.T.);
#3548 = ORIENTED_EDGE('',*,*,#3524,.F.);
#3549 = PLANE('',#3550);
#3550 = AXIS2_PLACEMENT_3D('',#3551,#3552,#3553);
#3551 = CARTESIAN_POINT('',(-234.4967320028,123.83974596215,18.));
#3552 = DIRECTION('',(0.,0.,1.));
#3553 = DIRECTION('',(-0.866025403784,0.5,0.));
#3554 = ADVANCED_FACE('',(#3555),#3561,.T.);
#3555 = FACE_BOUND('',#3556,.T.);
#3556 = EDGE_LOOP('',(#3557,#3558,#3559,#3560));
#3557 = ORIENTED_EDGE('',*,*,#3448,.F.);
#3558 = ORIENTED_EDGE('',*,*,#3509,.T.);
#3559 = ORIENTED_EDGE('',*,*,#3488,.T.);
#3560 = ORIENTED_EDGE('',*,*,#3531,.F.);
#3561 = PLANE('',#3562);
#3562 = AXIS2_PLACEMENT_3D('',#3563,#3564,#3565);
#3563 = CARTESIAN_POINT('',(-234.4967320028,123.83974596215,280.));
#3564 = DIRECTION('',(0.,0.,1.));
#3565 = DIRECTION('',(-0.866025403784,0.5,0.));
#3566 = ( GEOMETRIC_REPRESENTATION_CONTEXT(3) 
GLOBAL_UNCERTAINTY_ASSIGNED_CONTEXT((#3570)) 
GLOBAL_UNIT_ASSIGNED_CONTEXT((#3567,#3568,#3569)) REPRESENTATION_CONTEXT
('Context #1','3D Context with UNIT and UNCERTAINTY') );
#3567 = ( LENGTH_UNIT() NAMED_UNIT(*) SI_UNIT(.MILLI.,.METRE.) );
#3568 = ( NAMED_UNIT(*) PLANE_ANGLE_UNIT() SI_UNIT($,.RADIAN.) );
#3569 = ( NAMED_UNIT(*) SI_UNIT($,.STERADIAN.) SOLID_ANGLE_UNIT() );
#3570 = UNCERTAINTY_MEASURE_WITH_UNIT(LENGTH_MEASURE(1.E-07),#3567,
  'distance_accuracy_value','confusion accuracy');
#3571 = CONTEXT_DEPENDENT_SHAPE_REPRESENTATION(#3572,#3574);
#3572 = ( REPRESENTATION_RELATIONSHIP('','',#3415,#10) 
REPRESENTATION_RELATIONSHIP_WITH_TRANSFORMATION(#3573) 
SHAPE_REPRESENTATION_RELATIONSHIP() );
#3573 = ITEM_DEFINED_TRANSFORMATION('','',#11,#83);
#3574 = PRODUCT_DEFINITION_SHAPE('Placement','Placement of an item',
  #3575);
#3575 = NEXT_ASSEMBLY_USAGE_OCCURRENCE('18','P18 Slot jamb 150 / 1','',
  #5,#3410,$);
#3576 = PRODUCT_RELATED_PRODUCT_CATEGORY('part',$,(#3412));
#3577 = SHAPE_DEFINITION_REPRESENTATION(#3578,#3584);
#3578 = PRODUCT_DEFINITION_SHAPE('','',#3579);
#3579 = PRODUCT_DEFINITION('design','',#3580,#3583);
#3580 = PRODUCT_DEFINITION_FORMATION('','',#3581);
#3581 = PRODUCT('P19 Slot lintel 150','P19 Slot lintel 150','',(#3582));
#3582 = PRODUCT_CONTEXT('',#2,'mechanical');
#3583 = PRODUCT_DEFINITION_CONTEXT('part definition',#2,'design');
#3584 = ADVANCED_BREP_SHAPE_REPRESENTATION('',(#11,#3585),#3735);
#3585 = MANIFOLD_SOLID_BREP('',#3586);
#3586 = CLOSED_SHELL('',(#3587,#3627,#3667,#3689,#3711,#3723));
#3587 = ADVANCED_FACE('',(#3588),#3622,.F.);
#3588 = FACE_BOUND('',#3589,.F.);
#3589 = EDGE_LOOP('',(#3590,#3600,#3608,#3616));
#3590 = ORIENTED_EDGE('',*,*,#3591,.F.);
#3591 = EDGE_CURVE('',#3592,#3594,#3596,.T.);
#3592 = VERTEX_POINT('',#3593);
#3593 = CARTESIAN_POINT('',(-222.4967320028,144.62435565298,280.));
#3594 = VERTEX_POINT('',#3595);
#3595 = CARTESIAN_POINT('',(-222.4967320028,144.62435565298,284.));
#3596 = LINE('',#3597,#3598);
#3597 = CARTESIAN_POINT('',(-222.4967320028,144.62435565298,280.));
#3598 = VECTOR('',#3599,1.);
#3599 = DIRECTION('',(0.,0.,1.));
#3600 = ORIENTED_EDGE('',*,*,#3601,.T.);
#3601 = EDGE_CURVE('',#3592,#3602,#3604,.T.);
#3602 = VERTEX_POINT('',#3603);
#3603 = CARTESIAN_POINT('',(-236.4967320028,120.37564434701,280.));
#3604 = LINE('',#3605,#3606);
#3605 = CARTESIAN_POINT('',(-222.4967320028,144.62435565298,280.));
#3606 = VECTOR('',#3607,1.);
#3607 = DIRECTION('',(-0.5,-0.866025403784,0.));
#3608 = ORIENTED_EDGE('',*,*,#3609,.T.);
#3609 = EDGE_CURVE('',#3602,#3610,#3612,.T.);
#3610 = VERTEX_POINT('',#3611);
#3611 = CARTESIAN_POINT('',(-236.4967320028,120.37564434701,284.));
#3612 = LINE('',#3613,#3614);
#3613 = CARTESIAN_POINT('',(-236.4967320028,120.37564434701,280.));
#3614 = VECTOR('',#3615,1.);
#3615 = DIRECTION('',(0.,0.,1.));
#3616 = ORIENTED_EDGE('',*,*,#3617,.F.);
#3617 = EDGE_CURVE('',#3594,#3610,#3618,.T.);
#3618 = LINE('',#3619,#3620);
#3619 = CARTESIAN_POINT('',(-222.4967320028,144.62435565298,284.));
#3620 = VECTOR('',#3621,1.);
#3621 = DIRECTION('',(-0.5,-0.866025403784,0.));
#3622 = PLANE('',#3623);
#3623 = AXIS2_PLACEMENT_3D('',#3624,#3625,#3626);
#3624 = CARTESIAN_POINT('',(-222.4967320028,144.62435565298,280.));
#3625 = DIRECTION('',(-0.866025403784,0.5,0.));
#3626 = DIRECTION('',(0.,0.,1.));
#3627 = ADVANCED_FACE('',(#3628),#3662,.T.);
#3628 = FACE_BOUND('',#3629,.T.);
#3629 = EDGE_LOOP('',(#3630,#3640,#3648,#3656));
#3630 = ORIENTED_EDGE('',*,*,#3631,.F.);
#3631 = EDGE_CURVE('',#3632,#3634,#3636,.T.);
#3632 = VERTEX_POINT('',#3633);
#3633 = CARTESIAN_POINT('',(-239.8172400785,154.62435565298,280.));
#3634 = VERTEX_POINT('',#3635);
#3635 = CARTESIAN_POINT('',(-239.8172400785,154.62435565298,284.));
#3636 = LINE('',#3637,#3638);
#3637 = CARTESIAN_POINT('',(-239.8172400785,154.62435565298,280.));
#3638 = VECTOR('',#3639,1.);
#3639 = DIRECTION('',(0.,0.,1.));
#3640 = ORIENTED_EDGE('',*,*,#3641,.T.);
#3641 = EDGE_CURVE('',#3632,#3642,#3644,.T.);
#3642 = VERTEX_POINT('',#3643);
#3643 = CARTESIAN_POINT('',(-253.8172400785,130.37564434701,280.));
#3644 = LINE('',#3645,#3646);
#3645 = CARTESIAN_POINT('',(-239.8172400785,154.62435565298,280.));
#3646 = VECTOR('',#3647,1.);
#3647 = DIRECTION('',(-0.5,-0.866025403784,0.));
#3648 = ORIENTED_EDGE('',*,*,#3649,.T.);
#3649 = EDGE_CURVE('',#3642,#3650,#3652,.T.);
#3650 = VERTEX_POINT('',#3651);
#3651 = CARTESIAN_POINT('',(-253.8172400785,130.37564434701,284.));
#3652 = LINE('',#3653,#3654);
#3653 = CARTESIAN_POINT('',(-253.8172400785,130.37564434701,280.));
#3654 = VECTOR('',#3655,1.);
#3655 = DIRECTION('',(0.,0.,1.));
#3656 = ORIENTED_EDGE('',*,*,#3657,.F.);
#3657 = EDGE_CURVE('',#3634,#3650,#3658,.T.);
#3658 = LINE('',#3659,#3660);
#3659 = CARTESIAN_POINT('',(-239.8172400785,154.62435565298,284.));
#3660 = VECTOR('',#3661,1.);
#3661 = DIRECTION('',(-0.5,-0.866025403784,0.));
#3662 = PLANE('',#3663);
#3663 = AXIS2_PLACEMENT_3D('',#3664,#3665,#3666);
#3664 = CARTESIAN_POINT('',(-239.8172400785,154.62435565298,280.));
#3665 = DIRECTION('',(-0.866025403784,0.5,0.));
#3666 = DIRECTION('',(0.,0.,1.));
#3667 = ADVANCED_FACE('',(#3668),#3684,.F.);
#3668 = FACE_BOUND('',#3669,.F.);
#3669 = EDGE_LOOP('',(#3670,#3676,#3677,#3683));
#3670 = ORIENTED_EDGE('',*,*,#3671,.F.);
#3671 = EDGE_CURVE('',#3592,#3632,#3672,.T.);
#3672 = LINE('',#3673,#3674);
#3673 = CARTESIAN_POINT('',(-222.4967320028,144.62435565298,280.));
#3674 = VECTOR('',#3675,1.);
#3675 = DIRECTION('',(-0.866025403784,0.5,0.));
#3676 = ORIENTED_EDGE('',*,*,#3591,.T.);
#3677 = ORIENTED_EDGE('',*,*,#3678,.T.);
#3678 = EDGE_CURVE('',#3594,#3634,#3679,.T.);
#3679 = LINE('',#3680,#3681);
#3680 = CARTESIAN_POINT('',(-222.4967320028,144.62435565298,284.));
#3681 = VECTOR('',#3682,1.);
#3682 = DIRECTION('',(-0.866025403784,0.5,0.));
#3683 = ORIENTED_EDGE('',*,*,#3631,.F.);
#3684 = PLANE('',#3685);
#3685 = AXIS2_PLACEMENT_3D('',#3686,#3687,#3688);
#3686 = CARTESIAN_POINT('',(-222.4967320028,144.62435565298,280.));
#3687 = DIRECTION('',(-0.5,-0.866025403784,0.));
#3688 = DIRECTION('',(0.,0.,1.));
#3689 = ADVANCED_FACE('',(#3690),#3706,.T.);
#3690 = FACE_BOUND('',#3691,.T.);
#3691 = EDGE_LOOP('',(#3692,#3698,#3699,#3705));
#3692 = ORIENTED_EDGE('',*,*,#3693,.F.);
#3693 = EDGE_CURVE('',#3602,#3642,#3694,.T.);
#3694 = LINE('',#3695,#3696);
#3695 = CARTESIAN_POINT('',(-236.4967320028,120.37564434701,280.));
#3696 = VECTOR('',#3697,1.);
#3697 = DIRECTION('',(-0.866025403784,0.5,0.));
#3698 = ORIENTED_EDGE('',*,*,#3609,.T.);
#3699 = ORIENTED_EDGE('',*,*,#3700,.T.);
#3700 = EDGE_CURVE('',#3610,#3650,#3701,.T.);
#3701 = LINE('',#3702,#3703);
#3702 = CARTESIAN_POINT('',(-236.4967320028,120.37564434701,284.));
#3703 = VECTOR('',#3704,1.);
#3704 = DIRECTION('',(-0.866025403784,0.5,0.));
#3705 = ORIENTED_EDGE('',*,*,#3649,.F.);
#3706 = PLANE('',#3707);
#3707 = AXIS2_PLACEMENT_3D('',#3708,#3709,#3710);
#3708 = CARTESIAN_POINT('',(-236.4967320028,120.37564434701,280.));
#3709 = DIRECTION('',(-0.5,-0.866025403784,0.));
#3710 = DIRECTION('',(0.,0.,1.));
#3711 = ADVANCED_FACE('',(#3712),#3718,.F.);
#3712 = FACE_BOUND('',#3713,.F.);
#3713 = EDGE_LOOP('',(#3714,#3715,#3716,#3717));
#3714 = ORIENTED_EDGE('',*,*,#3601,.F.);
#3715 = ORIENTED_EDGE('',*,*,#3671,.T.);
#3716 = ORIENTED_EDGE('',*,*,#3641,.T.);
#3717 = ORIENTED_EDGE('',*,*,#3693,.F.);
#3718 = PLANE('',#3719);
#3719 = AXIS2_PLACEMENT_3D('',#3720,#3721,#3722);
#3720 = CARTESIAN_POINT('',(-222.4967320028,144.62435565298,280.));
#3721 = DIRECTION('',(0.,0.,1.));
#3722 = DIRECTION('',(-0.866025403784,0.5,0.));
#3723 = ADVANCED_FACE('',(#3724),#3730,.T.);
#3724 = FACE_BOUND('',#3725,.T.);
#3725 = EDGE_LOOP('',(#3726,#3727,#3728,#3729));
#3726 = ORIENTED_EDGE('',*,*,#3617,.F.);
#3727 = ORIENTED_EDGE('',*,*,#3678,.T.);
#3728 = ORIENTED_EDGE('',*,*,#3657,.T.);
#3729 = ORIENTED_EDGE('',*,*,#3700,.F.);
#3730 = PLANE('',#3731);
#3731 = AXIS2_PLACEMENT_3D('',#3732,#3733,#3734);
#3732 = CARTESIAN_POINT('',(-222.4967320028,144.62435565298,284.));
#3733 = DIRECTION('',(0.,0.,1.));
#3734 = DIRECTION('',(-0.866025403784,0.5,0.));
#3735 = ( GEOMETRIC_REPRESENTATION_CONTEXT(3) 
GLOBAL_UNCERTAINTY_ASSIGNED_CONTEXT((#3739)) 
GLOBAL_UNIT_ASSIGNED_CONTEXT((#3736,#3737,#3738)) REPRESENTATION_CONTEXT
('Context #1','3D Context with UNIT and UNCERTAINTY') );
#3736 = ( LENGTH_UNIT() NAMED_UNIT(*) SI_UNIT(.MILLI.,.METRE.) );
#3737 = ( NAMED_UNIT(*) PLANE_ANGLE_UNIT() SI_UNIT($,.RADIAN.) );
#3738 = ( NAMED_UNIT(*) SI_UNIT($,.STERADIAN.) SOLID_ANGLE_UNIT() );
#3739 = UNCERTAINTY_MEASURE_WITH_UNIT(LENGTH_MEASURE(1.E-07),#3736,
  'distance_accuracy_value','confusion accuracy');
#3740 = CONTEXT_DEPENDENT_SHAPE_REPRESENTATION(#3741,#3743);
#3741 = ( REPRESENTATION_RELATIONSHIP('','',#3584,#10) 
REPRESENTATION_RELATIONSHIP_WITH_TRANSFORMATION(#3742) 
SHAPE_REPRESENTATION_RELATIONSHIP() );
#3742 = ITEM_DEFINED_TRANSFORMATION('','',#11,#87);
#3743 = PRODUCT_DEFINITION_SHAPE('Placement','Placement of an item',
  #3744);
#3744 = NEXT_ASSEMBLY_USAGE_OCCURRENCE('19','P19 Slot lintel 150','',#5,
  #3579,$);
#3745 = PRODUCT_RELATED_PRODUCT_CATEGORY('part',$,(#3581));
#3746 = SHAPE_DEFINITION_REPRESENTATION(#3747,#3753);
#3747 = PRODUCT_DEFINITION_SHAPE('','',#3748);
#3748 = PRODUCT_DEFINITION('design','',#3749,#3752);
#3749 = PRODUCT_DEFINITION_FORMATION('','',#3750);
#3750 = PRODUCT('P20 Foot shoe 150','P20 Foot shoe 150','',(#3751));
#3751 = PRODUCT_CONTEXT('',#2,'mechanical');
#3752 = PRODUCT_DEFINITION_CONTEXT('part definition',#2,'design');
#3753 = ADVANCED_BREP_SHAPE_REPRESENTATION('',(#11,#3754),#3904);
#3754 = MANIFOLD_SOLID_BREP('',#3755);
#3755 = CLOSED_SHELL('',(#3756,#3796,#3836,#3858,#3880,#3892));
#3756 = ADVANCED_FACE('',(#3757),#3791,.F.);
#3757 = FACE_BOUND('',#3758,.F.);
#3758 = EDGE_LOOP('',(#3759,#3769,#3777,#3785));
#3759 = ORIENTED_EDGE('',*,*,#3760,.F.);
#3760 = EDGE_CURVE('',#3761,#3763,#3765,.T.);
#3761 = VERTEX_POINT('',#3762);
#3762 = CARTESIAN_POINT('',(-197.7646811953,183.46152422706,0.));
#3763 = VERTEX_POINT('',#3764);
#3764 = CARTESIAN_POINT('',(-197.7646811953,183.46152422706,18.));
#3765 = LINE('',#3766,#3767);
#3766 = CARTESIAN_POINT('',(-197.7646811953,183.46152422706,0.));
#3767 = VECTOR('',#3768,1.);
#3768 = DIRECTION('',(0.,0.,1.));
#3769 = ORIENTED_EDGE('',*,*,#3770,.T.);
#3770 = EDGE_CURVE('',#3761,#3771,#3773,.T.);
#3771 = VERTEX_POINT('',#3772);
#3772 = CARTESIAN_POINT('',(-257.7646811953,79.538475772934,0.));
#3773 = LINE('',#3774,#3775);
#3774 = CARTESIAN_POINT('',(-197.7646811953,183.46152422706,0.));
#3775 = VECTOR('',#3776,1.);
#3776 = DIRECTION('',(-0.5,-0.866025403784,0.));
#3777 = ORIENTED_EDGE('',*,*,#3778,.T.);
#3778 = EDGE_CURVE('',#3771,#3779,#3781,.T.);
#3779 = VERTEX_POINT('',#3780);
#3780 = CARTESIAN_POINT('',(-257.7646811953,79.538475772934,18.));
#3781 = LINE('',#3782,#3783);
#3782 = CARTESIAN_POINT('',(-257.7646811953,79.538475772934,0.));
#3783 = VECTOR('',#3784,1.);
#3784 = DIRECTION('',(0.,0.,1.));
#3785 = ORIENTED_EDGE('',*,*,#3786,.F.);
#3786 = EDGE_CURVE('',#3763,#3779,#3787,.T.);
#3787 = LINE('',#3788,#3789);
#3788 = CARTESIAN_POINT('',(-197.7646811953,183.46152422706,18.));
#3789 = VECTOR('',#3790,1.);
#3790 = DIRECTION('',(-0.5,-0.866025403784,0.));
#3791 = PLANE('',#3792);
#3792 = AXIS2_PLACEMENT_3D('',#3793,#3794,#3795);
#3793 = CARTESIAN_POINT('',(-197.7646811953,183.46152422706,0.));
#3794 = DIRECTION('',(-0.866025403784,0.5,0.));
#3795 = DIRECTION('',(0.,0.,1.));
#3796 = ADVANCED_FACE('',(#3797),#3831,.T.);
#3797 = FACE_BOUND('',#3798,.T.);
#3798 = EDGE_LOOP('',(#3799,#3809,#3817,#3825));
#3799 = ORIENTED_EDGE('',*,*,#3800,.F.);
#3800 = EDGE_CURVE('',#3801,#3803,#3805,.T.);
#3801 = VERTEX_POINT('',#3802);
#3802 = CARTESIAN_POINT('',(-218.5492908861,195.46152422706,0.));
#3803 = VERTEX_POINT('',#3804);
#3804 = CARTESIAN_POINT('',(-218.5492908861,195.46152422706,18.));
#3805 = LINE('',#3806,#3807);
#3806 = CARTESIAN_POINT('',(-218.5492908861,195.46152422706,0.));
#3807 = VECTOR('',#3808,1.);
#3808 = DIRECTION('',(0.,0.,1.));
#3809 = ORIENTED_EDGE('',*,*,#3810,.T.);
#3810 = EDGE_CURVE('',#3801,#3811,#3813,.T.);
#3811 = VERTEX_POINT('',#3812);
#3812 = CARTESIAN_POINT('',(-278.5492908861,91.538475772934,0.));
#3813 = LINE('',#3814,#3815);
#3814 = CARTESIAN_POINT('',(-218.5492908861,195.46152422706,0.));
#3815 = VECTOR('',#3816,1.);
#3816 = DIRECTION('',(-0.5,-0.866025403784,0.));
#3817 = ORIENTED_EDGE('',*,*,#3818,.T.);
#3818 = EDGE_CURVE('',#3811,#3819,#3821,.T.);
#3819 = VERTEX_POINT('',#3820);
#3820 = CARTESIAN_POINT('',(-278.5492908861,91.538475772934,18.));
#3821 = LINE('',#3822,#3823);
#3822 = CARTESIAN_POINT('',(-278.5492908861,91.538475772934,0.));
#3823 = VECTOR('',#3824,1.);
#3824 = DIRECTION('',(0.,0.,1.));
#3825 = ORIENTED_EDGE('',*,*,#3826,.F.);
#3826 = EDGE_CURVE('',#3803,#3819,#3827,.T.);
#3827 = LINE('',#3828,#3829);
#3828 = CARTESIAN_POINT('',(-218.5492908861,195.46152422706,18.));
#3829 = VECTOR('',#3830,1.);
#3830 = DIRECTION('',(-0.5,-0.866025403784,0.));
#3831 = PLANE('',#3832);
#3832 = AXIS2_PLACEMENT_3D('',#3833,#3834,#3835);
#3833 = CARTESIAN_POINT('',(-218.5492908861,195.46152422706,0.));
#3834 = DIRECTION('',(-0.866025403784,0.5,0.));
#3835 = DIRECTION('',(0.,0.,1.));
#3836 = ADVANCED_FACE('',(#3837),#3853,.F.);
#3837 = FACE_BOUND('',#3838,.F.);
#3838 = EDGE_LOOP('',(#3839,#3845,#3846,#3852));
#3839 = ORIENTED_EDGE('',*,*,#3840,.F.);
#3840 = EDGE_CURVE('',#3761,#3801,#3841,.T.);
#3841 = LINE('',#3842,#3843);
#3842 = CARTESIAN_POINT('',(-197.7646811953,183.46152422706,0.));
#3843 = VECTOR('',#3844,1.);
#3844 = DIRECTION('',(-0.866025403784,0.5,0.));
#3845 = ORIENTED_EDGE('',*,*,#3760,.T.);
#3846 = ORIENTED_EDGE('',*,*,#3847,.T.);
#3847 = EDGE_CURVE('',#3763,#3803,#3848,.T.);
#3848 = LINE('',#3849,#3850);
#3849 = CARTESIAN_POINT('',(-197.7646811953,183.46152422706,18.));
#3850 = VECTOR('',#3851,1.);
#3851 = DIRECTION('',(-0.866025403784,0.5,0.));
#3852 = ORIENTED_EDGE('',*,*,#3800,.F.);
#3853 = PLANE('',#3854);
#3854 = AXIS2_PLACEMENT_3D('',#3855,#3856,#3857);
#3855 = CARTESIAN_POINT('',(-197.7646811953,183.46152422706,0.));
#3856 = DIRECTION('',(-0.5,-0.866025403784,0.));
#3857 = DIRECTION('',(0.,0.,1.));
#3858 = ADVANCED_FACE('',(#3859),#3875,.T.);
#3859 = FACE_BOUND('',#3860,.T.);
#3860 = EDGE_LOOP('',(#3861,#3867,#3868,#3874));
#3861 = ORIENTED_EDGE('',*,*,#3862,.F.);
#3862 = EDGE_CURVE('',#3771,#3811,#3863,.T.);
#3863 = LINE('',#3864,#3865);
#3864 = CARTESIAN_POINT('',(-257.7646811953,79.538475772934,0.));
#3865 = VECTOR('',#3866,1.);
#3866 = DIRECTION('',(-0.866025403784,0.5,0.));
#3867 = ORIENTED_EDGE('',*,*,#3778,.T.);
#3868 = ORIENTED_EDGE('',*,*,#3869,.T.);
#3869 = EDGE_CURVE('',#3779,#3819,#3870,.T.);
#3870 = LINE('',#3871,#3872);
#3871 = CARTESIAN_POINT('',(-257.7646811953,79.538475772934,18.));
#3872 = VECTOR('',#3873,1.);
#3873 = DIRECTION('',(-0.866025403784,0.5,0.));
#3874 = ORIENTED_EDGE('',*,*,#3818,.F.);
#3875 = PLANE('',#3876);
#3876 = AXIS2_PLACEMENT_3D('',#3877,#3878,#3879);
#3877 = CARTESIAN_POINT('',(-257.7646811953,79.538475772934,0.));
#3878 = DIRECTION('',(-0.5,-0.866025403784,0.));
#3879 = DIRECTION('',(0.,0.,1.));
#3880 = ADVANCED_FACE('',(#3881),#3887,.F.);
#3881 = FACE_BOUND('',#3882,.F.);
#3882 = EDGE_LOOP('',(#3883,#3884,#3885,#3886));
#3883 = ORIENTED_EDGE('',*,*,#3770,.F.);
#3884 = ORIENTED_EDGE('',*,*,#3840,.T.);
#3885 = ORIENTED_EDGE('',*,*,#3810,.T.);
#3886 = ORIENTED_EDGE('',*,*,#3862,.F.);
#3887 = PLANE('',#3888);
#3888 = AXIS2_PLACEMENT_3D('',#3889,#3890,#3891);
#3889 = CARTESIAN_POINT('',(-197.7646811953,183.46152422706,0.));
#3890 = DIRECTION('',(0.,0.,1.));
#3891 = DIRECTION('',(-0.866025403784,0.5,0.));
#3892 = ADVANCED_FACE('',(#3893),#3899,.T.);
#3893 = FACE_BOUND('',#3894,.T.);
#3894 = EDGE_LOOP('',(#3895,#3896,#3897,#3898));
#3895 = ORIENTED_EDGE('',*,*,#3786,.F.);
#3896 = ORIENTED_EDGE('',*,*,#3847,.T.);
#3897 = ORIENTED_EDGE('',*,*,#3826,.T.);
#3898 = ORIENTED_EDGE('',*,*,#3869,.F.);
#3899 = PLANE('',#3900);
#3900 = AXIS2_PLACEMENT_3D('',#3901,#3902,#3903);
#3901 = CARTESIAN_POINT('',(-197.7646811953,183.46152422706,18.));
#3902 = DIRECTION('',(0.,0.,1.));
#3903 = DIRECTION('',(-0.866025403784,0.5,0.));
#3904 = ( GEOMETRIC_REPRESENTATION_CONTEXT(3) 
GLOBAL_UNCERTAINTY_ASSIGNED_CONTEXT((#3908)) 
GLOBAL_UNIT_ASSIGNED_CONTEXT((#3905,#3906,#3907)) REPRESENTATION_CONTEXT
('Context #1','3D Context with UNIT and UNCERTAINTY') );
#3905 = ( LENGTH_UNIT() NAMED_UNIT(*) SI_UNIT(.MILLI.,.METRE.) );
#3906 = ( NAMED_UNIT(*) PLANE_ANGLE_UNIT() SI_UNIT($,.RADIAN.) );
#3907 = ( NAMED_UNIT(*) SI_UNIT($,.STERADIAN.) SOLID_ANGLE_UNIT() );
#3908 = UNCERTAINTY_MEASURE_WITH_UNIT(LENGTH_MEASURE(1.E-07),#3905,
  'distance_accuracy_value','confusion accuracy');
#3909 = CONTEXT_DEPENDENT_SHAPE_REPRESENTATION(#3910,#3912);
#3910 = ( REPRESENTATION_RELATIONSHIP('','',#3753,#10) 
REPRESENTATION_RELATIONSHIP_WITH_TRANSFORMATION(#3911) 
SHAPE_REPRESENTATION_RELATIONSHIP() );
#3911 = ITEM_DEFINED_TRANSFORMATION('','',#11,#91);
#3912 = PRODUCT_DEFINITION_SHAPE('Placement','Placement of an item',
  #3913);
#3913 = NEXT_ASSEMBLY_USAGE_OCCURRENCE('20','P20 Foot shoe 150','',#5,
  #3748,$);
#3914 = PRODUCT_RELATED_PRODUCT_CATEGORY('part',$,(#3750));
#3915 = SHAPE_DEFINITION_REPRESENTATION(#3916,#3922);
#3916 = PRODUCT_DEFINITION_SHAPE('','',#3917);
#3917 = PRODUCT_DEFINITION('design','',#3918,#3921);
#3918 = PRODUCT_DEFINITION_FORMATION('','',#3919);
#3919 = PRODUCT('P21 Arched blade 270 / maple segment 1',
  'P21 Arched blade 270 / maple segment 1','',(#3920));
#3920 = PRODUCT_CONTEXT('',#2,'mechanical');
#3921 = PRODUCT_DEFINITION_CONTEXT('part definition',#2,'design');
#3922 = ADVANCED_BREP_SHAPE_REPRESENTATION('',(#11,#3923),#4205);
#3923 = MANIFOLD_SOLID_BREP('',#3924);
#3924 = CLOSED_SHELL('',(#3925,#3997,#4028,#4052,#4076,#4100,#4124,#4148
    ,#4172,#4189));
#3925 = ADVANCED_FACE('',(#3926),#3992,.F.);
#3926 = FACE_BOUND('',#3927,.F.);
#3927 = EDGE_LOOP('',(#3928,#3938,#3946,#3954,#3962,#3970,#3978,#3986));
#3928 = ORIENTED_EDGE('',*,*,#3929,.F.);
#3929 = EDGE_CURVE('',#3930,#3932,#3934,.T.);
#3930 = VERTEX_POINT('',#3931);
#3931 = CARTESIAN_POINT('',(-60.,-265.,18.));
#3932 = VERTEX_POINT('',#3933);
#3933 = CARTESIAN_POINT('',(-60.,-265.,353.90524980688));
#3934 = LINE('',#3935,#3936);
#3935 = CARTESIAN_POINT('',(-60.,-265.,18.));
#3936 = VECTOR('',#3937,1.);
#3937 = DIRECTION('',(0.,0.,1.));
#3938 = ORIENTED_EDGE('',*,*,#3939,.T.);
#3939 = EDGE_CURVE('',#3930,#3940,#3942,.T.);
#3940 = VERTEX_POINT('',#3941);
#3941 = CARTESIAN_POINT('',(-14.,-265.,18.));
#3942 = LINE('',#3943,#3944);
#3943 = CARTESIAN_POINT('',(-60.,-265.,18.));
#3944 = VECTOR('',#3945,1.);
#3945 = DIRECTION('',(1.,-2.22044604925E-16,0.));
#3946 = ORIENTED_EDGE('',*,*,#3947,.T.);
#3947 = EDGE_CURVE('',#3940,#3948,#3950,.T.);
#3948 = VERTEX_POINT('',#3949);
#3949 = CARTESIAN_POINT('',(-14.,-265.,284.));
#3950 = LINE('',#3951,#3952);
#3951 = CARTESIAN_POINT('',(-14.,-265.,18.));
#3952 = VECTOR('',#3953,1.);
#3953 = DIRECTION('',(0.,0.,1.));
#3954 = ORIENTED_EDGE('',*,*,#3955,.F.);
#3955 = EDGE_CURVE('',#3956,#3948,#3958,.T.);
#3956 = VERTEX_POINT('',#3957);
#3957 = CARTESIAN_POINT('',(14.,-265.,284.));
#3958 = LINE('',#3959,#3960);
#3959 = CARTESIAN_POINT('',(-37.,-265.,284.));
#3960 = VECTOR('',#3961,1.);
#3961 = DIRECTION('',(-1.,2.22044604925E-16,0.));
#3962 = ORIENTED_EDGE('',*,*,#3963,.F.);
#3963 = EDGE_CURVE('',#3964,#3956,#3966,.T.);
#3964 = VERTEX_POINT('',#3965);
#3965 = CARTESIAN_POINT('',(14.,-265.,18.));
#3966 = LINE('',#3967,#3968);
#3967 = CARTESIAN_POINT('',(14.,-265.,18.));
#3968 = VECTOR('',#3969,1.);
#3969 = DIRECTION('',(0.,0.,1.));
#3970 = ORIENTED_EDGE('',*,*,#3971,.T.);
#3971 = EDGE_CURVE('',#3964,#3972,#3974,.T.);
#3972 = VERTEX_POINT('',#3973);
#3973 = CARTESIAN_POINT('',(60.,-265.,18.));
#3974 = LINE('',#3975,#3976);
#3975 = CARTESIAN_POINT('',(-60.,-265.,18.));
#3976 = VECTOR('',#3977,1.);
#3977 = DIRECTION('',(1.,-2.22044604925E-16,0.));
#3978 = ORIENTED_EDGE('',*,*,#3979,.T.);
#3979 = EDGE_CURVE('',#3972,#3980,#3982,.T.);
#3980 = VERTEX_POINT('',#3981);
#3981 = CARTESIAN_POINT('',(60.,-265.,353.90524980688));
#3982 = LINE('',#3983,#3984);
#3983 = CARTESIAN_POINT('',(60.,-265.,18.));
#3984 = VECTOR('',#3985,1.);
#3985 = DIRECTION('',(0.,0.,1.));
#3986 = ORIENTED_EDGE('',*,*,#3987,.F.);
#3987 = EDGE_CURVE('',#3932,#3980,#3988,.T.);
#3988 = LINE('',#3989,#3990);
#3989 = CARTESIAN_POINT('',(-60.,-265.,353.90524980688));
#3990 = VECTOR('',#3991,1.);
#3991 = DIRECTION('',(1.,-2.22044604925E-16,0.));
#3992 = PLANE('',#3993);
#3993 = AXIS2_PLACEMENT_3D('',#3994,#3995,#3996);
#3994 = CARTESIAN_POINT('',(-60.,-265.,18.));
#3995 = DIRECTION('',(-2.22044604925E-16,-1.,0.));
#3996 = DIRECTION('',(0.,0.,1.));
#3997 = ADVANCED_FACE('',(#3998),#4023,.F.);
#3998 = FACE_BOUND('',#3999,.F.);
#3999 = EDGE_LOOP('',(#4000,#4008,#4009,#4017));
#4000 = ORIENTED_EDGE('',*,*,#4001,.F.);
#4001 = EDGE_CURVE('',#3930,#4002,#4004,.T.);
#4002 = VERTEX_POINT('',#4003);
#4003 = CARTESIAN_POINT('',(-60.,-285.,18.));
#4004 = LINE('',#4005,#4006);
#4005 = CARTESIAN_POINT('',(-60.,-265.,18.));
#4006 = VECTOR('',#4007,1.);
#4007 = DIRECTION('',(-2.22044604925E-16,-1.,0.));
#4008 = ORIENTED_EDGE('',*,*,#3929,.T.);
#4009 = ORIENTED_EDGE('',*,*,#4010,.T.);
#4010 = EDGE_CURVE('',#3932,#4011,#4013,.T.);
#4011 = VERTEX_POINT('',#4012);
#4012 = CARTESIAN_POINT('',(-60.,-285.,353.90524980688));
#4013 = LINE('',#4014,#4015);
#4014 = CARTESIAN_POINT('',(-60.,-265.,353.90524980688));
#4015 = VECTOR('',#4016,1.);
#4016 = DIRECTION('',(-2.22044604925E-16,-1.,0.));
#4017 = ORIENTED_EDGE('',*,*,#4018,.F.);
#4018 = EDGE_CURVE('',#4002,#4011,#4019,.T.);
#4019 = LINE('',#4020,#4021);
#4020 = CARTESIAN_POINT('',(-60.,-285.,18.));
#4021 = VECTOR('',#4022,1.);
#4022 = DIRECTION('',(0.,0.,1.));
#4023 = PLANE('',#4024);
#4024 = AXIS2_PLACEMENT_3D('',#4025,#4026,#4027);
#4025 = CARTESIAN_POINT('',(-60.,-265.,18.));
#4026 = DIRECTION('',(1.,-2.22044604925E-16,0.));
#4027 = DIRECTION('',(0.,0.,1.));
#4028 = ADVANCED_FACE('',(#4029),#4047,.T.);
#4029 = FACE_BOUND('',#4030,.T.);
#4030 = EDGE_LOOP('',(#4031,#4032,#4033,#4041));
#4031 = ORIENTED_EDGE('',*,*,#3987,.F.);
#4032 = ORIENTED_EDGE('',*,*,#4010,.T.);
#4033 = ORIENTED_EDGE('',*,*,#4034,.T.);
#4034 = EDGE_CURVE('',#4011,#4035,#4037,.T.);
#4035 = VERTEX_POINT('',#4036);
#4036 = CARTESIAN_POINT('',(60.,-285.,353.90524980688));
#4037 = LINE('',#4038,#4039);
#4038 = CARTESIAN_POINT('',(-60.,-285.,353.90524980688));
#4039 = VECTOR('',#4040,1.);
#4040 = DIRECTION('',(1.,-2.22044604925E-16,0.));
#4041 = ORIENTED_EDGE('',*,*,#4042,.F.);
#4042 = EDGE_CURVE('',#3980,#4035,#4043,.T.);
#4043 = LINE('',#4044,#4045);
#4044 = CARTESIAN_POINT('',(60.,-265.,353.90524980688));
#4045 = VECTOR('',#4046,1.);
#4046 = DIRECTION('',(-2.22044604925E-16,-1.,0.));
#4047 = PLANE('',#4048);
#4048 = AXIS2_PLACEMENT_3D('',#4049,#4050,#4051);
#4049 = CARTESIAN_POINT('',(-60.,-265.,353.90524980688));
#4050 = DIRECTION('',(0.,0.,1.));
#4051 = DIRECTION('',(-2.22044604925E-16,-1.,0.));
#4052 = ADVANCED_FACE('',(#4053),#4071,.T.);
#4053 = FACE_BOUND('',#4054,.T.);
#4054 = EDGE_LOOP('',(#4055,#4063,#4064,#4065));
#4055 = ORIENTED_EDGE('',*,*,#4056,.F.);
#4056 = EDGE_CURVE('',#3972,#4057,#4059,.T.);
#4057 = VERTEX_POINT('',#4058);
#4058 = CARTESIAN_POINT('',(60.,-285.,18.));
#4059 = LINE('',#4060,#4061);
#4060 = CARTESIAN_POINT('',(60.,-265.,18.));
#4061 = VECTOR('',#4062,1.);
#4062 = DIRECTION('',(-2.22044604925E-16,-1.,0.));
#4063 = ORIENTED_EDGE('',*,*,#3979,.T.);
#4064 = ORIENTED_EDGE('',*,*,#4042,.T.);
#4065 = ORIENTED_EDGE('',*,*,#4066,.F.);
#4066 = EDGE_CURVE('',#4057,#4035,#4067,.T.);
#4067 = LINE('',#4068,#4069);
#4068 = CARTESIAN_POINT('',(60.,-285.,18.));
#4069 = VECTOR('',#4070,1.);
#4070 = DIRECTION('',(0.,0.,1.));
#4071 = PLANE('',#4072);
#4072 = AXIS2_PLACEMENT_3D('',#4073,#4074,#4075);
#4073 = CARTESIAN_POINT('',(60.,-265.,18.));
#4074 = DIRECTION('',(1.,-2.22044604925E-16,0.));
#4075 = DIRECTION('',(0.,0.,1.));
#4076 = ADVANCED_FACE('',(#4077),#4095,.F.);
#4077 = FACE_BOUND('',#4078,.F.);
#4078 = EDGE_LOOP('',(#4079,#4080,#4088,#4094));
#4079 = ORIENTED_EDGE('',*,*,#3971,.F.);
#4080 = ORIENTED_EDGE('',*,*,#4081,.T.);
#4081 = EDGE_CURVE('',#3964,#4082,#4084,.T.);
#4082 = VERTEX_POINT('',#4083);
#4083 = CARTESIAN_POINT('',(14.,-285.,18.));
#4084 = LINE('',#4085,#4086);
#4085 = CARTESIAN_POINT('',(14.,-264.,18.));
#4086 = VECTOR('',#4087,1.);
#4087 = DIRECTION('',(-2.22044604925E-16,-1.,0.));
#4088 = ORIENTED_EDGE('',*,*,#4089,.T.);
#4089 = EDGE_CURVE('',#4082,#4057,#4090,.T.);
#4090 = LINE('',#4091,#4092);
#4091 = CARTESIAN_POINT('',(-60.,-285.,18.));
#4092 = VECTOR('',#4093,1.);
#4093 = DIRECTION('',(1.,-2.22044604925E-16,0.));
#4094 = ORIENTED_EDGE('',*,*,#4056,.F.);
#4095 = PLANE('',#4096);
#4096 = AXIS2_PLACEMENT_3D('',#4097,#4098,#4099);
#4097 = CARTESIAN_POINT('',(-60.,-265.,18.));
#4098 = DIRECTION('',(0.,0.,1.));
#4099 = DIRECTION('',(-2.22044604925E-16,-1.,0.));
#4100 = ADVANCED_FACE('',(#4101),#4119,.F.);
#4101 = FACE_BOUND('',#4102,.F.);
#4102 = EDGE_LOOP('',(#4103,#4104,#4105,#4113));
#4103 = ORIENTED_EDGE('',*,*,#4081,.F.);
#4104 = ORIENTED_EDGE('',*,*,#3963,.T.);
#4105 = ORIENTED_EDGE('',*,*,#4106,.T.);
#4106 = EDGE_CURVE('',#3956,#4107,#4109,.T.);
#4107 = VERTEX_POINT('',#4108);
#4108 = CARTESIAN_POINT('',(14.,-285.,284.));
#4109 = LINE('',#4110,#4111);
#4110 = CARTESIAN_POINT('',(14.,-264.,284.));
#4111 = VECTOR('',#4112,1.);
#4112 = DIRECTION('',(-2.22044604925E-16,-1.,0.));
#4113 = ORIENTED_EDGE('',*,*,#4114,.F.);
#4114 = EDGE_CURVE('',#4082,#4107,#4115,.T.);
#4115 = LINE('',#4116,#4117);
#4116 = CARTESIAN_POINT('',(14.,-285.,18.));
#4117 = VECTOR('',#4118,1.);
#4118 = DIRECTION('',(0.,0.,1.));
#4119 = PLANE('',#4120);
#4120 = AXIS2_PLACEMENT_3D('',#4121,#4122,#4123);
#4121 = CARTESIAN_POINT('',(14.,-264.,18.));
#4122 = DIRECTION('',(1.,-2.22044604925E-16,0.));
#4123 = DIRECTION('',(0.,0.,1.));
#4124 = ADVANCED_FACE('',(#4125),#4143,.F.);
#4125 = FACE_BOUND('',#4126,.F.);
#4126 = EDGE_LOOP('',(#4127,#4128,#4129,#4137));
#4127 = ORIENTED_EDGE('',*,*,#4106,.F.);
#4128 = ORIENTED_EDGE('',*,*,#3955,.T.);
#4129 = ORIENTED_EDGE('',*,*,#4130,.T.);
#4130 = EDGE_CURVE('',#3948,#4131,#4133,.T.);
#4131 = VERTEX_POINT('',#4132);
#4132 = CARTESIAN_POINT('',(-14.,-285.,284.));
#4133 = LINE('',#4134,#4135);
#4134 = CARTESIAN_POINT('',(-14.,-264.,284.));
#4135 = VECTOR('',#4136,1.);
#4136 = DIRECTION('',(-2.22044604925E-16,-1.,0.));
#4137 = ORIENTED_EDGE('',*,*,#4138,.F.);
#4138 = EDGE_CURVE('',#4107,#4131,#4139,.T.);
#4139 = LINE('',#4140,#4141);
#4140 = CARTESIAN_POINT('',(-37.,-285.,284.));
#4141 = VECTOR('',#4142,1.);
#4142 = DIRECTION('',(-1.,2.22044604925E-16,0.));
#4143 = PLANE('',#4144);
#4144 = AXIS2_PLACEMENT_3D('',#4145,#4146,#4147);
#4145 = CARTESIAN_POINT('',(-14.,-264.,284.));
#4146 = DIRECTION('',(0.,0.,1.));
#4147 = DIRECTION('',(-2.22044604925E-16,-1.,0.));
#4148 = ADVANCED_FACE('',(#4149),#4167,.T.);
#4149 = FACE_BOUND('',#4150,.T.);
#4150 = EDGE_LOOP('',(#4151,#4159,#4160,#4161));
#4151 = ORIENTED_EDGE('',*,*,#4152,.F.);
#4152 = EDGE_CURVE('',#3940,#4153,#4155,.T.);
#4153 = VERTEX_POINT('',#4154);
#4154 = CARTESIAN_POINT('',(-14.,-285.,18.));
#4155 = LINE('',#4156,#4157);
#4156 = CARTESIAN_POINT('',(-14.,-264.,18.));
#4157 = VECTOR('',#4158,1.);
#4158 = DIRECTION('',(-2.22044604925E-16,-1.,0.));
#4159 = ORIENTED_EDGE('',*,*,#3947,.T.);
#4160 = ORIENTED_EDGE('',*,*,#4130,.T.);
#4161 = ORIENTED_EDGE('',*,*,#4162,.F.);
#4162 = EDGE_CURVE('',#4153,#4131,#4163,.T.);
#4163 = LINE('',#4164,#4165);
#4164 = CARTESIAN_POINT('',(-14.,-285.,18.));
#4165 = VECTOR('',#4166,1.);
#4166 = DIRECTION('',(0.,0.,1.));
#4167 = PLANE('',#4168);
#4168 = AXIS2_PLACEMENT_3D('',#4169,#4170,#4171);
#4169 = CARTESIAN_POINT('',(-14.,-264.,18.));
#4170 = DIRECTION('',(1.,-2.22044604925E-16,0.));
#4171 = DIRECTION('',(0.,0.,1.));
#4172 = ADVANCED_FACE('',(#4173),#4184,.F.);
#4173 = FACE_BOUND('',#4174,.F.);
#4174 = EDGE_LOOP('',(#4175,#4176,#4177,#4183));
#4175 = ORIENTED_EDGE('',*,*,#3939,.F.);
#4176 = ORIENTED_EDGE('',*,*,#4001,.T.);
#4177 = ORIENTED_EDGE('',*,*,#4178,.T.);
#4178 = EDGE_CURVE('',#4002,#4153,#4179,.T.);
#4179 = LINE('',#4180,#4181);
#4180 = CARTESIAN_POINT('',(-60.,-285.,18.));
#4181 = VECTOR('',#4182,1.);
#4182 = DIRECTION('',(1.,-2.22044604925E-16,0.));
#4183 = ORIENTED_EDGE('',*,*,#4152,.F.);
#4184 = PLANE('',#4185);
#4185 = AXIS2_PLACEMENT_3D('',#4186,#4187,#4188);
#4186 = CARTESIAN_POINT('',(-60.,-265.,18.));
#4187 = DIRECTION('',(0.,0.,1.));
#4188 = DIRECTION('',(-2.22044604925E-16,-1.,0.));
#4189 = ADVANCED_FACE('',(#4190),#4200,.T.);
#4190 = FACE_BOUND('',#4191,.T.);
#4191 = EDGE_LOOP('',(#4192,#4193,#4194,#4195,#4196,#4197,#4198,#4199));
#4192 = ORIENTED_EDGE('',*,*,#4018,.F.);
#4193 = ORIENTED_EDGE('',*,*,#4178,.T.);
#4194 = ORIENTED_EDGE('',*,*,#4162,.T.);
#4195 = ORIENTED_EDGE('',*,*,#4138,.F.);
#4196 = ORIENTED_EDGE('',*,*,#4114,.F.);
#4197 = ORIENTED_EDGE('',*,*,#4089,.T.);
#4198 = ORIENTED_EDGE('',*,*,#4066,.T.);
#4199 = ORIENTED_EDGE('',*,*,#4034,.F.);
#4200 = PLANE('',#4201);
#4201 = AXIS2_PLACEMENT_3D('',#4202,#4203,#4204);
#4202 = CARTESIAN_POINT('',(-60.,-285.,18.));
#4203 = DIRECTION('',(-2.22044604925E-16,-1.,0.));
#4204 = DIRECTION('',(0.,0.,1.));
#4205 = ( GEOMETRIC_REPRESENTATION_CONTEXT(3) 
GLOBAL_UNCERTAINTY_ASSIGNED_CONTEXT((#4209)) 
GLOBAL_UNIT_ASSIGNED_CONTEXT((#4206,#4207,#4208)) REPRESENTATION_CONTEXT
('Context #1','3D Context with UNIT and UNCERTAINTY') );
#4206 = ( LENGTH_UNIT() NAMED_UNIT(*) SI_UNIT(.MILLI.,.METRE.) );
#4207 = ( NAMED_UNIT(*) PLANE_ANGLE_UNIT() SI_UNIT($,.RADIAN.) );
#4208 = ( NAMED_UNIT(*) SI_UNIT($,.STERADIAN.) SOLID_ANGLE_UNIT() );
#4209 = UNCERTAINTY_MEASURE_WITH_UNIT(LENGTH_MEASURE(1.E-07),#4206,
  'distance_accuracy_value','confusion accuracy');
#4210 = CONTEXT_DEPENDENT_SHAPE_REPRESENTATION(#4211,#4213);
#4211 = ( REPRESENTATION_RELATIONSHIP('','',#3922,#10) 
REPRESENTATION_RELATIONSHIP_WITH_TRANSFORMATION(#4212) 
SHAPE_REPRESENTATION_RELATIONSHIP() );
#4212 = ITEM_DEFINED_TRANSFORMATION('','',#11,#95);
#4213 = PRODUCT_DEFINITION_SHAPE('Placement','Placement of an item',
  #4214);
#4214 = NEXT_ASSEMBLY_USAGE_OCCURRENCE('21',
  'P21 Arched blade 270 / maple segment 1','',#5,#3917,$);
#4215 = PRODUCT_RELATED_PRODUCT_CATEGORY('part',$,(#3919));
#4216 = SHAPE_DEFINITION_REPRESENTATION(#4217,#4223);
#4217 = PRODUCT_DEFINITION_SHAPE('','',#4218);
#4218 = PRODUCT_DEFINITION('design','',#4219,#4222);
#4219 = PRODUCT_DEFINITION_FORMATION('','',#4220);
#4220 = PRODUCT('P22 Arched blade 270 / maple segment 2',
  'P22 Arched blade 270 / maple segment 2','',(#4221));
#4221 = PRODUCT_CONTEXT('',#2,'mechanical');
#4222 = PRODUCT_DEFINITION_CONTEXT('part definition',#2,'design');
#4223 = ADVANCED_BREP_SHAPE_REPRESENTATION('',(#11,#4224),#4374);
#4224 = MANIFOLD_SOLID_BREP('',#4225);
#4225 = CLOSED_SHELL('',(#4226,#4266,#4297,#4321,#4345,#4362));
#4226 = ADVANCED_FACE('',(#4227),#4261,.F.);
#4227 = FACE_BOUND('',#4228,.F.);
#4228 = EDGE_LOOP('',(#4229,#4239,#4247,#4255));
#4229 = ORIENTED_EDGE('',*,*,#4230,.F.);
#4230 = EDGE_CURVE('',#4231,#4233,#4235,.T.);
#4231 = VERTEX_POINT('',#4232);
#4232 = CARTESIAN_POINT('',(-60.,-265.,367.90524980688));
#4233 = VERTEX_POINT('',#4234);
#4234 = CARTESIAN_POINT('',(-60.,-265.,381.90524980688));
#4235 = LINE('',#4236,#4237);
#4236 = CARTESIAN_POINT('',(-60.,-265.,18.));
#4237 = VECTOR('',#4238,1.);
#4238 = DIRECTION('',(0.,0.,1.));
#4239 = ORIENTED_EDGE('',*,*,#4240,.T.);
#4240 = EDGE_CURVE('',#4231,#4241,#4243,.T.);
#4241 = VERTEX_POINT('',#4242);
#4242 = CARTESIAN_POINT('',(60.,-265.,367.90524980688));
#4243 = LINE('',#4244,#4245);
#4244 = CARTESIAN_POINT('',(-60.,-265.,367.90524980688));
#4245 = VECTOR('',#4246,1.);
#4246 = DIRECTION('',(1.,-2.22044604925E-16,0.));
#4247 = ORIENTED_EDGE('',*,*,#4248,.T.);
#4248 = EDGE_CURVE('',#4241,#4249,#4251,.T.);
#4249 = VERTEX_POINT('',#4250);
#4250 = CARTESIAN_POINT('',(60.,-265.,381.90524980688));
#4251 = LINE('',#4252,#4253);
#4252 = CARTESIAN_POINT('',(60.,-265.,18.));
#4253 = VECTOR('',#4254,1.);
#4254 = DIRECTION('',(0.,0.,1.));
#4255 = ORIENTED_EDGE('',*,*,#4256,.F.);
#4256 = EDGE_CURVE('',#4233,#4249,#4257,.T.);
#4257 = LINE('',#4258,#4259);
#4258 = CARTESIAN_POINT('',(-60.,-265.,381.90524980688));
#4259 = VECTOR('',#4260,1.);
#4260 = DIRECTION('',(1.,-2.22044604925E-16,0.));
#4261 = PLANE('',#4262);
#4262 = AXIS2_PLACEMENT_3D('',#4263,#4264,#4265);
#4263 = CARTESIAN_POINT('',(-60.,-265.,18.));
#4264 = DIRECTION('',(-2.22044604925E-16,-1.,0.));
#4265 = DIRECTION('',(0.,0.,1.));
#4266 = ADVANCED_FACE('',(#4267),#4292,.F.);
#4267 = FACE_BOUND('',#4268,.F.);
#4268 = EDGE_LOOP('',(#4269,#4277,#4278,#4286));
#4269 = ORIENTED_EDGE('',*,*,#4270,.F.);
#4270 = EDGE_CURVE('',#4231,#4271,#4273,.T.);
#4271 = VERTEX_POINT('',#4272);
#4272 = CARTESIAN_POINT('',(-60.,-285.,367.90524980688));
#4273 = LINE('',#4274,#4275);
#4274 = CARTESIAN_POINT('',(-60.,-265.,367.90524980688));
#4275 = VECTOR('',#4276,1.);
#4276 = DIRECTION('',(-2.22044604925E-16,-1.,0.));
#4277 = ORIENTED_EDGE('',*,*,#4230,.T.);
#4278 = ORIENTED_EDGE('',*,*,#4279,.T.);
#4279 = EDGE_CURVE('',#4233,#4280,#4282,.T.);
#4280 = VERTEX_POINT('',#4281);
#4281 = CARTESIAN_POINT('',(-60.,-285.,381.90524980688));
#4282 = LINE('',#4283,#4284);
#4283 = CARTESIAN_POINT('',(-60.,-265.,381.90524980688));
#4284 = VECTOR('',#4285,1.);
#4285 = DIRECTION('',(-2.22044604925E-16,-1.,0.));
#4286 = ORIENTED_EDGE('',*,*,#4287,.F.);
#4287 = EDGE_CURVE('',#4271,#4280,#4288,.T.);
#4288 = LINE('',#4289,#4290);
#4289 = CARTESIAN_POINT('',(-60.,-285.,18.));
#4290 = VECTOR('',#4291,1.);
#4291 = DIRECTION('',(0.,0.,1.));
#4292 = PLANE('',#4293);
#4293 = AXIS2_PLACEMENT_3D('',#4294,#4295,#4296);
#4294 = CARTESIAN_POINT('',(-60.,-265.,18.));
#4295 = DIRECTION('',(1.,-2.22044604925E-16,0.));
#4296 = DIRECTION('',(0.,0.,1.));
#4297 = ADVANCED_FACE('',(#4298),#4316,.T.);
#4298 = FACE_BOUND('',#4299,.T.);
#4299 = EDGE_LOOP('',(#4300,#4301,#4302,#4310));
#4300 = ORIENTED_EDGE('',*,*,#4256,.F.);
#4301 = ORIENTED_EDGE('',*,*,#4279,.T.);
#4302 = ORIENTED_EDGE('',*,*,#4303,.T.);
#4303 = EDGE_CURVE('',#4280,#4304,#4306,.T.);
#4304 = VERTEX_POINT('',#4305);
#4305 = CARTESIAN_POINT('',(60.,-285.,381.90524980688));
#4306 = LINE('',#4307,#4308);
#4307 = CARTESIAN_POINT('',(-60.,-285.,381.90524980688));
#4308 = VECTOR('',#4309,1.);
#4309 = DIRECTION('',(1.,-2.22044604925E-16,0.));
#4310 = ORIENTED_EDGE('',*,*,#4311,.F.);
#4311 = EDGE_CURVE('',#4249,#4304,#4312,.T.);
#4312 = LINE('',#4313,#4314);
#4313 = CARTESIAN_POINT('',(60.,-265.,381.90524980688));
#4314 = VECTOR('',#4315,1.);
#4315 = DIRECTION('',(-2.22044604925E-16,-1.,0.));
#4316 = PLANE('',#4317);
#4317 = AXIS2_PLACEMENT_3D('',#4318,#4319,#4320);
#4318 = CARTESIAN_POINT('',(-60.,-265.,381.90524980688));
#4319 = DIRECTION('',(0.,0.,1.));
#4320 = DIRECTION('',(-2.22044604925E-16,-1.,0.));
#4321 = ADVANCED_FACE('',(#4322),#4340,.T.);
#4322 = FACE_BOUND('',#4323,.T.);
#4323 = EDGE_LOOP('',(#4324,#4332,#4333,#4334));
#4324 = ORIENTED_EDGE('',*,*,#4325,.F.);
#4325 = EDGE_CURVE('',#4241,#4326,#4328,.T.);
#4326 = VERTEX_POINT('',#4327);
#4327 = CARTESIAN_POINT('',(60.,-285.,367.90524980688));
#4328 = LINE('',#4329,#4330);
#4329 = CARTESIAN_POINT('',(60.,-265.,367.90524980688));
#4330 = VECTOR('',#4331,1.);
#4331 = DIRECTION('',(-2.22044604925E-16,-1.,0.));
#4332 = ORIENTED_EDGE('',*,*,#4248,.T.);
#4333 = ORIENTED_EDGE('',*,*,#4311,.T.);
#4334 = ORIENTED_EDGE('',*,*,#4335,.F.);
#4335 = EDGE_CURVE('',#4326,#4304,#4336,.T.);
#4336 = LINE('',#4337,#4338);
#4337 = CARTESIAN_POINT('',(60.,-285.,18.));
#4338 = VECTOR('',#4339,1.);
#4339 = DIRECTION('',(0.,0.,1.));
#4340 = PLANE('',#4341);
#4341 = AXIS2_PLACEMENT_3D('',#4342,#4343,#4344);
#4342 = CARTESIAN_POINT('',(60.,-265.,18.));
#4343 = DIRECTION('',(1.,-2.22044604925E-16,0.));
#4344 = DIRECTION('',(0.,0.,1.));
#4345 = ADVANCED_FACE('',(#4346),#4357,.F.);
#4346 = FACE_BOUND('',#4347,.F.);
#4347 = EDGE_LOOP('',(#4348,#4349,#4350,#4356));
#4348 = ORIENTED_EDGE('',*,*,#4240,.F.);
#4349 = ORIENTED_EDGE('',*,*,#4270,.T.);
#4350 = ORIENTED_EDGE('',*,*,#4351,.T.);
#4351 = EDGE_CURVE('',#4271,#4326,#4352,.T.);
#4352 = LINE('',#4353,#4354);
#4353 = CARTESIAN_POINT('',(-60.,-285.,367.90524980688));
#4354 = VECTOR('',#4355,1.);
#4355 = DIRECTION('',(1.,-2.22044604925E-16,0.));
#4356 = ORIENTED_EDGE('',*,*,#4325,.F.);
#4357 = PLANE('',#4358);
#4358 = AXIS2_PLACEMENT_3D('',#4359,#4360,#4361);
#4359 = CARTESIAN_POINT('',(-60.,-265.,367.90524980688));
#4360 = DIRECTION('',(0.,0.,1.));
#4361 = DIRECTION('',(-2.22044604925E-16,-1.,0.));
#4362 = ADVANCED_FACE('',(#4363),#4369,.T.);
#4363 = FACE_BOUND('',#4364,.T.);
#4364 = EDGE_LOOP('',(#4365,#4366,#4367,#4368));
#4365 = ORIENTED_EDGE('',*,*,#4287,.F.);
#4366 = ORIENTED_EDGE('',*,*,#4351,.T.);
#4367 = ORIENTED_EDGE('',*,*,#4335,.T.);
#4368 = ORIENTED_EDGE('',*,*,#4303,.F.);
#4369 = PLANE('',#4370);
#4370 = AXIS2_PLACEMENT_3D('',#4371,#4372,#4373);
#4371 = CARTESIAN_POINT('',(-60.,-285.,18.));
#4372 = DIRECTION('',(-2.22044604925E-16,-1.,0.));
#4373 = DIRECTION('',(0.,0.,1.));
#4374 = ( GEOMETRIC_REPRESENTATION_CONTEXT(3) 
GLOBAL_UNCERTAINTY_ASSIGNED_CONTEXT((#4378)) 
GLOBAL_UNIT_ASSIGNED_CONTEXT((#4375,#4376,#4377)) REPRESENTATION_CONTEXT
('Context #1','3D Context with UNIT and UNCERTAINTY') );
#4375 = ( LENGTH_UNIT() NAMED_UNIT(*) SI_UNIT(.MILLI.,.METRE.) );
#4376 = ( NAMED_UNIT(*) PLANE_ANGLE_UNIT() SI_UNIT($,.RADIAN.) );
#4377 = ( NAMED_UNIT(*) SI_UNIT($,.STERADIAN.) SOLID_ANGLE_UNIT() );
#4378 = UNCERTAINTY_MEASURE_WITH_UNIT(LENGTH_MEASURE(1.E-07),#4375,
  'distance_accuracy_value','confusion accuracy');
#4379 = CONTEXT_DEPENDENT_SHAPE_REPRESENTATION(#4380,#4382);
#4380 = ( REPRESENTATION_RELATIONSHIP('','',#4223,#10) 
REPRESENTATION_RELATIONSHIP_WITH_TRANSFORMATION(#4381) 
SHAPE_REPRESENTATION_RELATIONSHIP() );
#4381 = ITEM_DEFINED_TRANSFORMATION('','',#11,#99);
#4382 = PRODUCT_DEFINITION_SHAPE('Placement','Placement of an item',
  #4383);
#4383 = NEXT_ASSEMBLY_USAGE_OCCURRENCE('22',
  'P22 Arched blade 270 / maple segment 2','',#5,#4218,$);
#4384 = PRODUCT_RELATED_PRODUCT_CATEGORY('part',$,(#4220));
#4385 = SHAPE_DEFINITION_REPRESENTATION(#4386,#4392);
#4386 = PRODUCT_DEFINITION_SHAPE('','',#4387);
#4387 = PRODUCT_DEFINITION('design','',#4388,#4391);
#4388 = PRODUCT_DEFINITION_FORMATION('','',#4389);
#4389 = PRODUCT('P23 Arched blade 270 / maple segment 3',
  'P23 Arched blade 270 / maple segment 3','',(#4390));
#4390 = PRODUCT_CONTEXT('',#2,'mechanical');
#4391 = PRODUCT_DEFINITION_CONTEXT('part definition',#2,'design');
#4392 = ADVANCED_BREP_SHAPE_REPRESENTATION('',(#11,#4393),#4613);
#4393 = MANIFOLD_SOLID_BREP('',#4394);
#4394 = CLOSED_SHELL('',(#4395,#4435,#4466,#4497,#4530,#4563,#4585,#4599
    ));
#4395 = ADVANCED_FACE('',(#4396),#4430,.T.);
#4396 = FACE_BOUND('',#4397,.T.);
#4397 = EDGE_LOOP('',(#4398,#4408,#4416,#4424));
#4398 = ORIENTED_EDGE('',*,*,#4399,.F.);
#4399 = EDGE_CURVE('',#4400,#4402,#4404,.T.);
#4400 = VERTEX_POINT('',#4401);
#4401 = CARTESIAN_POINT('',(60.,-265.,395.90524980688));
#4402 = VERTEX_POINT('',#4403);
#4403 = CARTESIAN_POINT('',(60.,-285.,395.90524980688));
#4404 = LINE('',#4405,#4406);
#4405 = CARTESIAN_POINT('',(60.,-265.,395.90524980688));
#4406 = VECTOR('',#4407,1.);
#4407 = DIRECTION('',(-2.22044604925E-16,-1.,0.));
#4408 = ORIENTED_EDGE('',*,*,#4409,.T.);
#4409 = EDGE_CURVE('',#4400,#4410,#4412,.T.);
#4410 = VERTEX_POINT('',#4411);
#4411 = CARTESIAN_POINT('',(60.,-265.,471.90524980688));
#4412 = LINE('',#4413,#4414);
#4413 = CARTESIAN_POINT('',(60.,-265.,18.));
#4414 = VECTOR('',#4415,1.);
#4415 = DIRECTION('',(0.,0.,1.));
#4416 = ORIENTED_EDGE('',*,*,#4417,.T.);
#4417 = EDGE_CURVE('',#4410,#4418,#4420,.T.);
#4418 = VERTEX_POINT('',#4419);
#4419 = CARTESIAN_POINT('',(60.,-285.,471.90524980688));
#4420 = LINE('',#4421,#4422);
#4421 = CARTESIAN_POINT('',(60.,-265.,471.90524980688));
#4422 = VECTOR('',#4423,1.);
#4423 = DIRECTION('',(-2.22044604925E-16,-1.,0.));
#4424 = ORIENTED_EDGE('',*,*,#4425,.F.);
#4425 = EDGE_CURVE('',#4402,#4418,#4426,.T.);
#4426 = LINE('',#4427,#4428);
#4427 = CARTESIAN_POINT('',(60.,-285.,18.));
#4428 = VECTOR('',#4429,1.);
#4429 = DIRECTION('',(0.,0.,1.));
#4430 = PLANE('',#4431);
#4431 = AXIS2_PLACEMENT_3D('',#4432,#4433,#4434);
#4432 = CARTESIAN_POINT('',(60.,-265.,18.));
#4433 = DIRECTION('',(1.,-2.22044604925E-16,0.));
#4434 = DIRECTION('',(0.,0.,1.));
#4435 = ADVANCED_FACE('',(#4436),#4461,.F.);
#4436 = FACE_BOUND('',#4437,.F.);
#4437 = EDGE_LOOP('',(#4438,#4446,#4454,#4460));
#4438 = ORIENTED_EDGE('',*,*,#4439,.F.);
#4439 = EDGE_CURVE('',#4440,#4400,#4442,.T.);
#4440 = VERTEX_POINT('',#4441);
#4441 = CARTESIAN_POINT('',(-60.,-265.,395.90524980688));
#4442 = LINE('',#4443,#4444);
#4443 = CARTESIAN_POINT('',(-60.,-265.,395.90524980688));
#4444 = VECTOR('',#4445,1.);
#4445 = DIRECTION('',(1.,-2.22044604925E-16,0.));
#4446 = ORIENTED_EDGE('',*,*,#4447,.T.);
#4447 = EDGE_CURVE('',#4440,#4448,#4450,.T.);
#4448 = VERTEX_POINT('',#4449);
#4449 = CARTESIAN_POINT('',(-60.,-285.,395.90524980688));
#4450 = LINE('',#4451,#4452);
#4451 = CARTESIAN_POINT('',(-60.,-265.,395.90524980688));
#4452 = VECTOR('',#4453,1.);
#4453 = DIRECTION('',(-2.22044604925E-16,-1.,0.));
#4454 = ORIENTED_EDGE('',*,*,#4455,.T.);
#4455 = EDGE_CURVE('',#4448,#4402,#4456,.T.);
#4456 = LINE('',#4457,#4458);
#4457 = CARTESIAN_POINT('',(-60.,-285.,395.90524980688));
#4458 = VECTOR('',#4459,1.);
#4459 = DIRECTION('',(1.,-2.22044604925E-16,0.));
#4460 = ORIENTED_EDGE('',*,*,#4399,.F.);
#4461 = PLANE('',#4462);
#4462 = AXIS2_PLACEMENT_3D('',#4463,#4464,#4465);
#4463 = CARTESIAN_POINT('',(-60.,-265.,395.90524980688));
#4464 = DIRECTION('',(0.,0.,1.));
#4465 = DIRECTION('',(-2.22044604925E-16,-1.,0.));
#4466 = ADVANCED_FACE('',(#4467),#4492,.F.);
#4467 = FACE_BOUND('',#4468,.F.);
#4468 = EDGE_LOOP('',(#4469,#4470,#4478,#4486));
#4469 = ORIENTED_EDGE('',*,*,#4447,.F.);
#4470 = ORIENTED_EDGE('',*,*,#4471,.T.);
#4471 = EDGE_CURVE('',#4440,#4472,#4474,.T.);
#4472 = VERTEX_POINT('',#4473);
#4473 = CARTESIAN_POINT('',(-60.,-265.,471.90524980688));
#4474 = LINE('',#4475,#4476);
#4475 = CARTESIAN_POINT('',(-60.,-265.,18.));
#4476 = VECTOR('',#4477,1.);
#4477 = DIRECTION('',(0.,0.,1.));
#4478 = ORIENTED_EDGE('',*,*,#4479,.T.);
#4479 = EDGE_CURVE('',#4472,#4480,#4482,.T.);
#4480 = VERTEX_POINT('',#4481);
#4481 = CARTESIAN_POINT('',(-60.,-285.,471.90524980688));
#4482 = LINE('',#4483,#4484);
#4483 = CARTESIAN_POINT('',(-60.,-265.,471.90524980688));
#4484 = VECTOR('',#4485,1.);
#4485 = DIRECTION('',(-2.22044604925E-16,-1.,0.));
#4486 = ORIENTED_EDGE('',*,*,#4487,.F.);
#4487 = EDGE_CURVE('',#4448,#4480,#4488,.T.);
#4488 = LINE('',#4489,#4490);
#4489 = CARTESIAN_POINT('',(-60.,-285.,18.));
#4490 = VECTOR('',#4491,1.);
#4491 = DIRECTION('',(0.,0.,1.));
#4492 = PLANE('',#4493);
#4493 = AXIS2_PLACEMENT_3D('',#4494,#4495,#4496);
#4494 = CARTESIAN_POINT('',(-60.,-265.,18.));
#4495 = DIRECTION('',(1.,-2.22044604925E-16,0.));
#4496 = DIRECTION('',(0.,0.,1.));
#4497 = ADVANCED_FACE('',(#4498),#4525,.T.);
#4498 = FACE_BOUND('',#4499,.T.);
#4499 = EDGE_LOOP('',(#4500,#4509,#4517,#4524));
#4500 = ORIENTED_EDGE('',*,*,#4501,.F.);
#4501 = EDGE_CURVE('',#4502,#4480,#4504,.T.);
#4502 = VERTEX_POINT('',#4503);
#4503 = CARTESIAN_POINT('',(-15.,-285.,530.));
#4504 = CIRCLE('',#4505,60.);
#4505 = AXIS2_PLACEMENT_3D('',#4506,#4507,#4508);
#4506 = CARTESIAN_POINT('',(-6.328271240363E-14,-285.,471.90524980688));
#4507 = DIRECTION('',(-2.22044604925E-16,-1.,0.));
#4508 = DIRECTION('',(0.,0.,1.));
#4509 = ORIENTED_EDGE('',*,*,#4510,.F.);
#4510 = EDGE_CURVE('',#4511,#4502,#4513,.T.);
#4511 = VERTEX_POINT('',#4512);
#4512 = CARTESIAN_POINT('',(-15.,-265.,530.));
#4513 = LINE('',#4514,#4515);
#4514 = CARTESIAN_POINT('',(-15.,-265.,530.));
#4515 = VECTOR('',#4516,1.);
#4516 = DIRECTION('',(-2.22044604925E-16,-1.,0.));
#4517 = ORIENTED_EDGE('',*,*,#4518,.T.);
#4518 = EDGE_CURVE('',#4511,#4472,#4519,.T.);
#4519 = CIRCLE('',#4520,60.);
#4520 = AXIS2_PLACEMENT_3D('',#4521,#4522,#4523);
#4521 = CARTESIAN_POINT('',(-5.884182030513E-14,-265.,471.90524980688));
#4522 = DIRECTION('',(-2.22044604925E-16,-1.,0.));
#4523 = DIRECTION('',(0.,0.,1.));
#4524 = ORIENTED_EDGE('',*,*,#4479,.T.);
#4525 = CYLINDRICAL_SURFACE('',#4526,60.);
#4526 = AXIS2_PLACEMENT_3D('',#4527,#4528,#4529);
#4527 = CARTESIAN_POINT('',(-5.884182030513E-14,-265.,471.90524980688));
#4528 = DIRECTION('',(-2.22044604925E-16,-1.,0.));
#4529 = DIRECTION('',(0.,0.,1.));
#4530 = ADVANCED_FACE('',(#4531),#4558,.T.);
#4531 = FACE_BOUND('',#4532,.T.);
#4532 = EDGE_LOOP('',(#4533,#4543,#4550,#4551));
#4533 = ORIENTED_EDGE('',*,*,#4534,.T.);
#4534 = EDGE_CURVE('',#4535,#4537,#4539,.T.);
#4535 = VERTEX_POINT('',#4536);
#4536 = CARTESIAN_POINT('',(15.000000000001,-265.,530.));
#4537 = VERTEX_POINT('',#4538);
#4538 = CARTESIAN_POINT('',(15.000000000001,-285.,530.));
#4539 = LINE('',#4540,#4541);
#4540 = CARTESIAN_POINT('',(15.,-265.,530.));
#4541 = VECTOR('',#4542,1.);
#4542 = DIRECTION('',(-2.22044604925E-16,-1.,0.));
#4543 = ORIENTED_EDGE('',*,*,#4544,.F.);
#4544 = EDGE_CURVE('',#4418,#4537,#4545,.T.);
#4545 = CIRCLE('',#4546,60.);
#4546 = AXIS2_PLACEMENT_3D('',#4547,#4548,#4549);
#4547 = CARTESIAN_POINT('',(-6.328271240363E-14,-285.,471.90524980688));
#4548 = DIRECTION('',(-2.22044604925E-16,-1.,0.));
#4549 = DIRECTION('',(0.,0.,1.));
#4550 = ORIENTED_EDGE('',*,*,#4417,.F.);
#4551 = ORIENTED_EDGE('',*,*,#4552,.T.);
#4552 = EDGE_CURVE('',#4410,#4535,#4553,.T.);
#4553 = CIRCLE('',#4554,60.);
#4554 = AXIS2_PLACEMENT_3D('',#4555,#4556,#4557);
#4555 = CARTESIAN_POINT('',(-5.884182030513E-14,-265.,471.90524980688));
#4556 = DIRECTION('',(-2.22044604925E-16,-1.,0.));
#4557 = DIRECTION('',(0.,0.,1.));
#4558 = CYLINDRICAL_SURFACE('',#4559,60.);
#4559 = AXIS2_PLACEMENT_3D('',#4560,#4561,#4562);
#4560 = CARTESIAN_POINT('',(-5.884182030513E-14,-265.,471.90524980688));
#4561 = DIRECTION('',(-2.22044604925E-16,-1.,0.));
#4562 = DIRECTION('',(0.,0.,1.));
#4563 = ADVANCED_FACE('',(#4564),#4580,.T.);
#4564 = FACE_BOUND('',#4565,.T.);
#4565 = EDGE_LOOP('',(#4566,#4572,#4573,#4579));
#4566 = ORIENTED_EDGE('',*,*,#4567,.F.);
#4567 = EDGE_CURVE('',#4511,#4535,#4568,.T.);
#4568 = LINE('',#4569,#4570);
#4569 = CARTESIAN_POINT('',(-60.,-265.,530.));
#4570 = VECTOR('',#4571,1.);
#4571 = DIRECTION('',(1.,-2.22044604925E-16,0.));
#4572 = ORIENTED_EDGE('',*,*,#4510,.T.);
#4573 = ORIENTED_EDGE('',*,*,#4574,.T.);
#4574 = EDGE_CURVE('',#4502,#4537,#4575,.T.);
#4575 = LINE('',#4576,#4577);
#4576 = CARTESIAN_POINT('',(-60.,-285.,530.));
#4577 = VECTOR('',#4578,1.);
#4578 = DIRECTION('',(1.,-2.22044604925E-16,0.));
#4579 = ORIENTED_EDGE('',*,*,#4534,.F.);
#4580 = PLANE('',#4581);
#4581 = AXIS2_PLACEMENT_3D('',#4582,#4583,#4584);
#4582 = CARTESIAN_POINT('',(-60.,-265.,530.));
#4583 = DIRECTION('',(0.,0.,1.));
#4584 = DIRECTION('',(-2.22044604925E-16,-1.,0.));
#4585 = ADVANCED_FACE('',(#4586),#4594,.T.);
#4586 = FACE_BOUND('',#4587,.T.);
#4587 = EDGE_LOOP('',(#4588,#4589,#4590,#4591,#4592,#4593));
#4588 = ORIENTED_EDGE('',*,*,#4471,.T.);
#4589 = ORIENTED_EDGE('',*,*,#4518,.F.);
#4590 = ORIENTED_EDGE('',*,*,#4567,.T.);
#4591 = ORIENTED_EDGE('',*,*,#4552,.F.);
#4592 = ORIENTED_EDGE('',*,*,#4409,.F.);
#4593 = ORIENTED_EDGE('',*,*,#4439,.F.);
#4594 = PLANE('',#4595);
#4595 = AXIS2_PLACEMENT_3D('',#4596,#4597,#4598);
#4596 = CARTESIAN_POINT('',(-5.747456159192E-14,-265.,454.72751870174));
#4597 = DIRECTION('',(0.,1.,0.));
#4598 = DIRECTION('',(0.,-0.,1.));
#4599 = ADVANCED_FACE('',(#4600),#4608,.T.);
#4600 = FACE_BOUND('',#4601,.T.);
#4601 = EDGE_LOOP('',(#4602,#4603,#4604,#4605,#4606,#4607));
#4602 = ORIENTED_EDGE('',*,*,#4487,.F.);
#4603 = ORIENTED_EDGE('',*,*,#4455,.T.);
#4604 = ORIENTED_EDGE('',*,*,#4425,.T.);
#4605 = ORIENTED_EDGE('',*,*,#4544,.T.);
#4606 = ORIENTED_EDGE('',*,*,#4574,.F.);
#4607 = ORIENTED_EDGE('',*,*,#4501,.T.);
#4608 = PLANE('',#4609);
#4609 = AXIS2_PLACEMENT_3D('',#4610,#4611,#4612);
#4610 = CARTESIAN_POINT('',(-5.623588569554E-14,-285.,454.72751870174));
#4611 = DIRECTION('',(-0.,-1.,-0.));
#4612 = DIRECTION('',(0.,0.,-1.));
#4613 = ( GEOMETRIC_REPRESENTATION_CONTEXT(3) 
GLOBAL_UNCERTAINTY_ASSIGNED_CONTEXT((#4617)) 
GLOBAL_UNIT_ASSIGNED_CONTEXT((#4614,#4615,#4616)) REPRESENTATION_CONTEXT
('Context #1','3D Context with UNIT and UNCERTAINTY') );
#4614 = ( LENGTH_UNIT() NAMED_UNIT(*) SI_UNIT(.MILLI.,.METRE.) );
#4615 = ( NAMED_UNIT(*) PLANE_ANGLE_UNIT() SI_UNIT($,.RADIAN.) );
#4616 = ( NAMED_UNIT(*) SI_UNIT($,.STERADIAN.) SOLID_ANGLE_UNIT() );
#4617 = UNCERTAINTY_MEASURE_WITH_UNIT(LENGTH_MEASURE(1.E-07),#4614,
  'distance_accuracy_value','confusion accuracy');
#4618 = CONTEXT_DEPENDENT_SHAPE_REPRESENTATION(#4619,#4621);
#4619 = ( REPRESENTATION_RELATIONSHIP('','',#4392,#10) 
REPRESENTATION_RELATIONSHIP_WITH_TRANSFORMATION(#4620) 
SHAPE_REPRESENTATION_RELATIONSHIP() );
#4620 = ITEM_DEFINED_TRANSFORMATION('','',#11,#103);
#4621 = PRODUCT_DEFINITION_SHAPE('Placement','Placement of an item',
  #4622);
#4622 = NEXT_ASSEMBLY_USAGE_OCCURRENCE('23',
  'P23 Arched blade 270 / maple segment 3','',#5,#4387,$);
#4623 = PRODUCT_RELATED_PRODUCT_CATEGORY('part',$,(#4389));
#4624 = SHAPE_DEFINITION_REPRESENTATION(#4625,#4631);
#4625 = PRODUCT_DEFINITION_SHAPE('','',#4626);
#4626 = PRODUCT_DEFINITION('design','',#4627,#4630);
#4627 = PRODUCT_DEFINITION_FORMATION('','',#4628);
#4628 = PRODUCT('P24 Slot jamb 270 / -1','P24 Slot jamb 270 / -1','',(
    #4629));
#4629 = PRODUCT_CONTEXT('',#2,'mechanical');
#4630 = PRODUCT_DEFINITION_CONTEXT('part definition',#2,'design');
#4631 = ADVANCED_BREP_SHAPE_REPRESENTATION('',(#11,#4632),#4782);
#4632 = MANIFOLD_SOLID_BREP('',#4633);
#4633 = CLOSED_SHELL('',(#4634,#4674,#4714,#4736,#4758,#4770));
#4634 = ADVANCED_FACE('',(#4635),#4669,.F.);
#4635 = FACE_BOUND('',#4636,.F.);
#4636 = EDGE_LOOP('',(#4637,#4647,#4655,#4663));
#4637 = ORIENTED_EDGE('',*,*,#4638,.F.);
#4638 = EDGE_CURVE('',#4639,#4641,#4643,.T.);
#4639 = VERTEX_POINT('',#4640);
#4640 = CARTESIAN_POINT('',(-14.,-265.,18.));
#4641 = VERTEX_POINT('',#4642);
#4642 = CARTESIAN_POINT('',(-14.,-265.,280.));
#4643 = LINE('',#4644,#4645);
#4644 = CARTESIAN_POINT('',(-14.,-265.,18.));
#4645 = VECTOR('',#4646,1.);
#4646 = DIRECTION('',(0.,0.,1.));
#4647 = ORIENTED_EDGE('',*,*,#4648,.T.);
#4648 = EDGE_CURVE('',#4639,#4649,#4651,.T.);
#4649 = VERTEX_POINT('',#4650);
#4650 = CARTESIAN_POINT('',(-10.,-265.,18.));
#4651 = LINE('',#4652,#4653);
#4652 = CARTESIAN_POINT('',(-14.,-265.,18.));
#4653 = VECTOR('',#4654,1.);
#4654 = DIRECTION('',(1.,-2.22044604925E-16,0.));
#4655 = ORIENTED_EDGE('',*,*,#4656,.T.);
#4656 = EDGE_CURVE('',#4649,#4657,#4659,.T.);
#4657 = VERTEX_POINT('',#4658);
#4658 = CARTESIAN_POINT('',(-10.,-265.,280.));
#4659 = LINE('',#4660,#4661);
#4660 = CARTESIAN_POINT('',(-10.,-265.,18.));
#4661 = VECTOR('',#4662,1.);
#4662 = DIRECTION('',(0.,0.,1.));
#4663 = ORIENTED_EDGE('',*,*,#4664,.F.);
#4664 = EDGE_CURVE('',#4641,#4657,#4665,.T.);
#4665 = LINE('',#4666,#4667);
#4666 = CARTESIAN_POINT('',(-14.,-265.,280.));
#4667 = VECTOR('',#4668,1.);
#4668 = DIRECTION('',(1.,-2.22044604925E-16,0.));
#4669 = PLANE('',#4670);
#4670 = AXIS2_PLACEMENT_3D('',#4671,#4672,#4673);
#4671 = CARTESIAN_POINT('',(-14.,-265.,18.));
#4672 = DIRECTION('',(-2.22044604925E-16,-1.,0.));
#4673 = DIRECTION('',(0.,0.,1.));
#4674 = ADVANCED_FACE('',(#4675),#4709,.T.);
#4675 = FACE_BOUND('',#4676,.T.);
#4676 = EDGE_LOOP('',(#4677,#4687,#4695,#4703));
#4677 = ORIENTED_EDGE('',*,*,#4678,.F.);
#4678 = EDGE_CURVE('',#4679,#4681,#4683,.T.);
#4679 = VERTEX_POINT('',#4680);
#4680 = CARTESIAN_POINT('',(-14.,-285.,18.));
#4681 = VERTEX_POINT('',#4682);
#4682 = CARTESIAN_POINT('',(-14.,-285.,280.));
#4683 = LINE('',#4684,#4685);
#4684 = CARTESIAN_POINT('',(-14.,-285.,18.));
#4685 = VECTOR('',#4686,1.);
#4686 = DIRECTION('',(0.,0.,1.));
#4687 = ORIENTED_EDGE('',*,*,#4688,.T.);
#4688 = EDGE_CURVE('',#4679,#4689,#4691,.T.);
#4689 = VERTEX_POINT('',#4690);
#4690 = CARTESIAN_POINT('',(-10.,-285.,18.));
#4691 = LINE('',#4692,#4693);
#4692 = CARTESIAN_POINT('',(-14.,-285.,18.));
#4693 = VECTOR('',#4694,1.);
#4694 = DIRECTION('',(1.,-2.22044604925E-16,0.));
#4695 = ORIENTED_EDGE('',*,*,#4696,.T.);
#4696 = EDGE_CURVE('',#4689,#4697,#4699,.T.);
#4697 = VERTEX_POINT('',#4698);
#4698 = CARTESIAN_POINT('',(-10.,-285.,280.));
#4699 = LINE('',#4700,#4701);
#4700 = CARTESIAN_POINT('',(-10.,-285.,18.));
#4701 = VECTOR('',#4702,1.);
#4702 = DIRECTION('',(0.,0.,1.));
#4703 = ORIENTED_EDGE('',*,*,#4704,.F.);
#4704 = EDGE_CURVE('',#4681,#4697,#4705,.T.);
#4705 = LINE('',#4706,#4707);
#4706 = CARTESIAN_POINT('',(-14.,-285.,280.));
#4707 = VECTOR('',#4708,1.);
#4708 = DIRECTION('',(1.,-2.22044604925E-16,0.));
#4709 = PLANE('',#4710);
#4710 = AXIS2_PLACEMENT_3D('',#4711,#4712,#4713);
#4711 = CARTESIAN_POINT('',(-14.,-285.,18.));
#4712 = DIRECTION('',(-2.22044604925E-16,-1.,0.));
#4713 = DIRECTION('',(0.,0.,1.));
#4714 = ADVANCED_FACE('',(#4715),#4731,.F.);
#4715 = FACE_BOUND('',#4716,.F.);
#4716 = EDGE_LOOP('',(#4717,#4723,#4724,#4730));
#4717 = ORIENTED_EDGE('',*,*,#4718,.F.);
#4718 = EDGE_CURVE('',#4639,#4679,#4719,.T.);
#4719 = LINE('',#4720,#4721);
#4720 = CARTESIAN_POINT('',(-14.,-265.,18.));
#4721 = VECTOR('',#4722,1.);
#4722 = DIRECTION('',(-2.22044604925E-16,-1.,0.));
#4723 = ORIENTED_EDGE('',*,*,#4638,.T.);
#4724 = ORIENTED_EDGE('',*,*,#4725,.T.);
#4725 = EDGE_CURVE('',#4641,#4681,#4726,.T.);
#4726 = LINE('',#4727,#4728);
#4727 = CARTESIAN_POINT('',(-14.,-265.,280.));
#4728 = VECTOR('',#4729,1.);
#4729 = DIRECTION('',(-2.22044604925E-16,-1.,0.));
#4730 = ORIENTED_EDGE('',*,*,#4678,.F.);
#4731 = PLANE('',#4732);
#4732 = AXIS2_PLACEMENT_3D('',#4733,#4734,#4735);
#4733 = CARTESIAN_POINT('',(-14.,-265.,18.));
#4734 = DIRECTION('',(1.,-2.22044604925E-16,0.));
#4735 = DIRECTION('',(0.,0.,1.));
#4736 = ADVANCED_FACE('',(#4737),#4753,.T.);
#4737 = FACE_BOUND('',#4738,.T.);
#4738 = EDGE_LOOP('',(#4739,#4745,#4746,#4752));
#4739 = ORIENTED_EDGE('',*,*,#4740,.F.);
#4740 = EDGE_CURVE('',#4649,#4689,#4741,.T.);
#4741 = LINE('',#4742,#4743);
#4742 = CARTESIAN_POINT('',(-10.,-265.,18.));
#4743 = VECTOR('',#4744,1.);
#4744 = DIRECTION('',(-2.22044604925E-16,-1.,0.));
#4745 = ORIENTED_EDGE('',*,*,#4656,.T.);
#4746 = ORIENTED_EDGE('',*,*,#4747,.T.);
#4747 = EDGE_CURVE('',#4657,#4697,#4748,.T.);
#4748 = LINE('',#4749,#4750);
#4749 = CARTESIAN_POINT('',(-10.,-265.,280.));
#4750 = VECTOR('',#4751,1.);
#4751 = DIRECTION('',(-2.22044604925E-16,-1.,0.));
#4752 = ORIENTED_EDGE('',*,*,#4696,.F.);
#4753 = PLANE('',#4754);
#4754 = AXIS2_PLACEMENT_3D('',#4755,#4756,#4757);
#4755 = CARTESIAN_POINT('',(-10.,-265.,18.));
#4756 = DIRECTION('',(1.,-2.22044604925E-16,0.));
#4757 = DIRECTION('',(0.,0.,1.));
#4758 = ADVANCED_FACE('',(#4759),#4765,.F.);
#4759 = FACE_BOUND('',#4760,.F.);
#4760 = EDGE_LOOP('',(#4761,#4762,#4763,#4764));
#4761 = ORIENTED_EDGE('',*,*,#4648,.F.);
#4762 = ORIENTED_EDGE('',*,*,#4718,.T.);
#4763 = ORIENTED_EDGE('',*,*,#4688,.T.);
#4764 = ORIENTED_EDGE('',*,*,#4740,.F.);
#4765 = PLANE('',#4766);
#4766 = AXIS2_PLACEMENT_3D('',#4767,#4768,#4769);
#4767 = CARTESIAN_POINT('',(-14.,-265.,18.));
#4768 = DIRECTION('',(0.,0.,1.));
#4769 = DIRECTION('',(-2.22044604925E-16,-1.,0.));
#4770 = ADVANCED_FACE('',(#4771),#4777,.T.);
#4771 = FACE_BOUND('',#4772,.T.);
#4772 = EDGE_LOOP('',(#4773,#4774,#4775,#4776));
#4773 = ORIENTED_EDGE('',*,*,#4664,.F.);
#4774 = ORIENTED_EDGE('',*,*,#4725,.T.);
#4775 = ORIENTED_EDGE('',*,*,#4704,.T.);
#4776 = ORIENTED_EDGE('',*,*,#4747,.F.);
#4777 = PLANE('',#4778);
#4778 = AXIS2_PLACEMENT_3D('',#4779,#4780,#4781);
#4779 = CARTESIAN_POINT('',(-14.,-265.,280.));
#4780 = DIRECTION('',(0.,0.,1.));
#4781 = DIRECTION('',(-2.22044604925E-16,-1.,0.));
#4782 = ( GEOMETRIC_REPRESENTATION_CONTEXT(3) 
GLOBAL_UNCERTAINTY_ASSIGNED_CONTEXT((#4786)) 
GLOBAL_UNIT_ASSIGNED_CONTEXT((#4783,#4784,#4785)) REPRESENTATION_CONTEXT
('Context #1','3D Context with UNIT and UNCERTAINTY') );
#4783 = ( LENGTH_UNIT() NAMED_UNIT(*) SI_UNIT(.MILLI.,.METRE.) );
#4784 = ( NAMED_UNIT(*) PLANE_ANGLE_UNIT() SI_UNIT($,.RADIAN.) );
#4785 = ( NAMED_UNIT(*) SI_UNIT($,.STERADIAN.) SOLID_ANGLE_UNIT() );
#4786 = UNCERTAINTY_MEASURE_WITH_UNIT(LENGTH_MEASURE(1.E-07),#4783,
  'distance_accuracy_value','confusion accuracy');
#4787 = CONTEXT_DEPENDENT_SHAPE_REPRESENTATION(#4788,#4790);
#4788 = ( REPRESENTATION_RELATIONSHIP('','',#4631,#10) 
REPRESENTATION_RELATIONSHIP_WITH_TRANSFORMATION(#4789) 
SHAPE_REPRESENTATION_RELATIONSHIP() );
#4789 = ITEM_DEFINED_TRANSFORMATION('','',#11,#107);
#4790 = PRODUCT_DEFINITION_SHAPE('Placement','Placement of an item',
  #4791);
#4791 = NEXT_ASSEMBLY_USAGE_OCCURRENCE('24','P24 Slot jamb 270 / -1','',
  #5,#4626,$);
#4792 = PRODUCT_RELATED_PRODUCT_CATEGORY('part',$,(#4628));
#4793 = SHAPE_DEFINITION_REPRESENTATION(#4794,#4800);
#4794 = PRODUCT_DEFINITION_SHAPE('','',#4795);
#4795 = PRODUCT_DEFINITION('design','',#4796,#4799);
#4796 = PRODUCT_DEFINITION_FORMATION('','',#4797);
#4797 = PRODUCT('P25 Slot jamb 270 / 1','P25 Slot jamb 270 / 1','',(
    #4798));
#4798 = PRODUCT_CONTEXT('',#2,'mechanical');
#4799 = PRODUCT_DEFINITION_CONTEXT('part definition',#2,'design');
#4800 = ADVANCED_BREP_SHAPE_REPRESENTATION('',(#11,#4801),#4951);
#4801 = MANIFOLD_SOLID_BREP('',#4802);
#4802 = CLOSED_SHELL('',(#4803,#4843,#4883,#4905,#4927,#4939));
#4803 = ADVANCED_FACE('',(#4804),#4838,.F.);
#4804 = FACE_BOUND('',#4805,.F.);
#4805 = EDGE_LOOP('',(#4806,#4816,#4824,#4832));
#4806 = ORIENTED_EDGE('',*,*,#4807,.F.);
#4807 = EDGE_CURVE('',#4808,#4810,#4812,.T.);
#4808 = VERTEX_POINT('',#4809);
#4809 = CARTESIAN_POINT('',(10.,-265.,18.));
#4810 = VERTEX_POINT('',#4811);
#4811 = CARTESIAN_POINT('',(10.,-265.,280.));
#4812 = LINE('',#4813,#4814);
#4813 = CARTESIAN_POINT('',(10.,-265.,18.));
#4814 = VECTOR('',#4815,1.);
#4815 = DIRECTION('',(0.,0.,1.));
#4816 = ORIENTED_EDGE('',*,*,#4817,.T.);
#4817 = EDGE_CURVE('',#4808,#4818,#4820,.T.);
#4818 = VERTEX_POINT('',#4819);
#4819 = CARTESIAN_POINT('',(14.,-265.,18.));
#4820 = LINE('',#4821,#4822);
#4821 = CARTESIAN_POINT('',(10.,-265.,18.));
#4822 = VECTOR('',#4823,1.);
#4823 = DIRECTION('',(1.,-2.22044604925E-16,0.));
#4824 = ORIENTED_EDGE('',*,*,#4825,.T.);
#4825 = EDGE_CURVE('',#4818,#4826,#4828,.T.);
#4826 = VERTEX_POINT('',#4827);
#4827 = CARTESIAN_POINT('',(14.,-265.,280.));
#4828 = LINE('',#4829,#4830);
#4829 = CARTESIAN_POINT('',(14.,-265.,18.));
#4830 = VECTOR('',#4831,1.);
#4831 = DIRECTION('',(0.,0.,1.));
#4832 = ORIENTED_EDGE('',*,*,#4833,.F.);
#4833 = EDGE_CURVE('',#4810,#4826,#4834,.T.);
#4834 = LINE('',#4835,#4836);
#4835 = CARTESIAN_POINT('',(10.,-265.,280.));
#4836 = VECTOR('',#4837,1.);
#4837 = DIRECTION('',(1.,-2.22044604925E-16,0.));
#4838 = PLANE('',#4839);
#4839 = AXIS2_PLACEMENT_3D('',#4840,#4841,#4842);
#4840 = CARTESIAN_POINT('',(10.,-265.,18.));
#4841 = DIRECTION('',(-2.22044604925E-16,-1.,0.));
#4842 = DIRECTION('',(0.,0.,1.));
#4843 = ADVANCED_FACE('',(#4844),#4878,.T.);
#4844 = FACE_BOUND('',#4845,.T.);
#4845 = EDGE_LOOP('',(#4846,#4856,#4864,#4872));
#4846 = ORIENTED_EDGE('',*,*,#4847,.F.);
#4847 = EDGE_CURVE('',#4848,#4850,#4852,.T.);
#4848 = VERTEX_POINT('',#4849);
#4849 = CARTESIAN_POINT('',(10.,-285.,18.));
#4850 = VERTEX_POINT('',#4851);
#4851 = CARTESIAN_POINT('',(10.,-285.,280.));
#4852 = LINE('',#4853,#4854);
#4853 = CARTESIAN_POINT('',(10.,-285.,18.));
#4854 = VECTOR('',#4855,1.);
#4855 = DIRECTION('',(0.,0.,1.));
#4856 = ORIENTED_EDGE('',*,*,#4857,.T.);
#4857 = EDGE_CURVE('',#4848,#4858,#4860,.T.);
#4858 = VERTEX_POINT('',#4859);
#4859 = CARTESIAN_POINT('',(14.,-285.,18.));
#4860 = LINE('',#4861,#4862);
#4861 = CARTESIAN_POINT('',(10.,-285.,18.));
#4862 = VECTOR('',#4863,1.);
#4863 = DIRECTION('',(1.,-2.22044604925E-16,0.));
#4864 = ORIENTED_EDGE('',*,*,#4865,.T.);
#4865 = EDGE_CURVE('',#4858,#4866,#4868,.T.);
#4866 = VERTEX_POINT('',#4867);
#4867 = CARTESIAN_POINT('',(14.,-285.,280.));
#4868 = LINE('',#4869,#4870);
#4869 = CARTESIAN_POINT('',(14.,-285.,18.));
#4870 = VECTOR('',#4871,1.);
#4871 = DIRECTION('',(0.,0.,1.));
#4872 = ORIENTED_EDGE('',*,*,#4873,.F.);
#4873 = EDGE_CURVE('',#4850,#4866,#4874,.T.);
#4874 = LINE('',#4875,#4876);
#4875 = CARTESIAN_POINT('',(10.,-285.,280.));
#4876 = VECTOR('',#4877,1.);
#4877 = DIRECTION('',(1.,-2.22044604925E-16,0.));
#4878 = PLANE('',#4879);
#4879 = AXIS2_PLACEMENT_3D('',#4880,#4881,#4882);
#4880 = CARTESIAN_POINT('',(10.,-285.,18.));
#4881 = DIRECTION('',(-2.22044604925E-16,-1.,0.));
#4882 = DIRECTION('',(0.,0.,1.));
#4883 = ADVANCED_FACE('',(#4884),#4900,.F.);
#4884 = FACE_BOUND('',#4885,.F.);
#4885 = EDGE_LOOP('',(#4886,#4892,#4893,#4899));
#4886 = ORIENTED_EDGE('',*,*,#4887,.F.);
#4887 = EDGE_CURVE('',#4808,#4848,#4888,.T.);
#4888 = LINE('',#4889,#4890);
#4889 = CARTESIAN_POINT('',(10.,-265.,18.));
#4890 = VECTOR('',#4891,1.);
#4891 = DIRECTION('',(-2.22044604925E-16,-1.,0.));
#4892 = ORIENTED_EDGE('',*,*,#4807,.T.);
#4893 = ORIENTED_EDGE('',*,*,#4894,.T.);
#4894 = EDGE_CURVE('',#4810,#4850,#4895,.T.);
#4895 = LINE('',#4896,#4897);
#4896 = CARTESIAN_POINT('',(10.,-265.,280.));
#4897 = VECTOR('',#4898,1.);
#4898 = DIRECTION('',(-2.22044604925E-16,-1.,0.));
#4899 = ORIENTED_EDGE('',*,*,#4847,.F.);
#4900 = PLANE('',#4901);
#4901 = AXIS2_PLACEMENT_3D('',#4902,#4903,#4904);
#4902 = CARTESIAN_POINT('',(10.,-265.,18.));
#4903 = DIRECTION('',(1.,-2.22044604925E-16,0.));
#4904 = DIRECTION('',(0.,0.,1.));
#4905 = ADVANCED_FACE('',(#4906),#4922,.T.);
#4906 = FACE_BOUND('',#4907,.T.);
#4907 = EDGE_LOOP('',(#4908,#4914,#4915,#4921));
#4908 = ORIENTED_EDGE('',*,*,#4909,.F.);
#4909 = EDGE_CURVE('',#4818,#4858,#4910,.T.);
#4910 = LINE('',#4911,#4912);
#4911 = CARTESIAN_POINT('',(14.,-265.,18.));
#4912 = VECTOR('',#4913,1.);
#4913 = DIRECTION('',(-2.22044604925E-16,-1.,0.));
#4914 = ORIENTED_EDGE('',*,*,#4825,.T.);
#4915 = ORIENTED_EDGE('',*,*,#4916,.T.);
#4916 = EDGE_CURVE('',#4826,#4866,#4917,.T.);
#4917 = LINE('',#4918,#4919);
#4918 = CARTESIAN_POINT('',(14.,-265.,280.));
#4919 = VECTOR('',#4920,1.);
#4920 = DIRECTION('',(-2.22044604925E-16,-1.,0.));
#4921 = ORIENTED_EDGE('',*,*,#4865,.F.);
#4922 = PLANE('',#4923);
#4923 = AXIS2_PLACEMENT_3D('',#4924,#4925,#4926);
#4924 = CARTESIAN_POINT('',(14.,-265.,18.));
#4925 = DIRECTION('',(1.,-2.22044604925E-16,0.));
#4926 = DIRECTION('',(0.,0.,1.));
#4927 = ADVANCED_FACE('',(#4928),#4934,.F.);
#4928 = FACE_BOUND('',#4929,.F.);
#4929 = EDGE_LOOP('',(#4930,#4931,#4932,#4933));
#4930 = ORIENTED_EDGE('',*,*,#4817,.F.);
#4931 = ORIENTED_EDGE('',*,*,#4887,.T.);
#4932 = ORIENTED_EDGE('',*,*,#4857,.T.);
#4933 = ORIENTED_EDGE('',*,*,#4909,.F.);
#4934 = PLANE('',#4935);
#4935 = AXIS2_PLACEMENT_3D('',#4936,#4937,#4938);
#4936 = CARTESIAN_POINT('',(10.,-265.,18.));
#4937 = DIRECTION('',(0.,0.,1.));
#4938 = DIRECTION('',(-2.22044604925E-16,-1.,0.));
#4939 = ADVANCED_FACE('',(#4940),#4946,.T.);
#4940 = FACE_BOUND('',#4941,.T.);
#4941 = EDGE_LOOP('',(#4942,#4943,#4944,#4945));
#4942 = ORIENTED_EDGE('',*,*,#4833,.F.);
#4943 = ORIENTED_EDGE('',*,*,#4894,.T.);
#4944 = ORIENTED_EDGE('',*,*,#4873,.T.);
#4945 = ORIENTED_EDGE('',*,*,#4916,.F.);
#4946 = PLANE('',#4947);
#4947 = AXIS2_PLACEMENT_3D('',#4948,#4949,#4950);
#4948 = CARTESIAN_POINT('',(10.,-265.,280.));
#4949 = DIRECTION('',(0.,0.,1.));
#4950 = DIRECTION('',(-2.22044604925E-16,-1.,0.));
#4951 = ( GEOMETRIC_REPRESENTATION_CONTEXT(3) 
GLOBAL_UNCERTAINTY_ASSIGNED_CONTEXT((#4955)) 
GLOBAL_UNIT_ASSIGNED_CONTEXT((#4952,#4953,#4954)) REPRESENTATION_CONTEXT
('Context #1','3D Context with UNIT and UNCERTAINTY') );
#4952 = ( LENGTH_UNIT() NAMED_UNIT(*) SI_UNIT(.MILLI.,.METRE.) );
#4953 = ( NAMED_UNIT(*) PLANE_ANGLE_UNIT() SI_UNIT($,.RADIAN.) );
#4954 = ( NAMED_UNIT(*) SI_UNIT($,.STERADIAN.) SOLID_ANGLE_UNIT() );
#4955 = UNCERTAINTY_MEASURE_WITH_UNIT(LENGTH_MEASURE(1.E-07),#4952,
  'distance_accuracy_value','confusion accuracy');
#4956 = CONTEXT_DEPENDENT_SHAPE_REPRESENTATION(#4957,#4959);
#4957 = ( REPRESENTATION_RELATIONSHIP('','',#4800,#10) 
REPRESENTATION_RELATIONSHIP_WITH_TRANSFORMATION(#4958) 
SHAPE_REPRESENTATION_RELATIONSHIP() );
#4958 = ITEM_DEFINED_TRANSFORMATION('','',#11,#111);
#4959 = PRODUCT_DEFINITION_SHAPE('Placement','Placement of an item',
  #4960);
#4960 = NEXT_ASSEMBLY_USAGE_OCCURRENCE('25','P25 Slot jamb 270 / 1','',
  #5,#4795,$);
#4961 = PRODUCT_RELATED_PRODUCT_CATEGORY('part',$,(#4797));
#4962 = SHAPE_DEFINITION_REPRESENTATION(#4963,#4969);
#4963 = PRODUCT_DEFINITION_SHAPE('','',#4964);
#4964 = PRODUCT_DEFINITION('design','',#4965,#4968);
#4965 = PRODUCT_DEFINITION_FORMATION('','',#4966);
#4966 = PRODUCT('P26 Slot lintel 270','P26 Slot lintel 270','',(#4967));
#4967 = PRODUCT_CONTEXT('',#2,'mechanical');
#4968 = PRODUCT_DEFINITION_CONTEXT('part definition',#2,'design');
#4969 = ADVANCED_BREP_SHAPE_REPRESENTATION('',(#11,#4970),#5120);
#4970 = MANIFOLD_SOLID_BREP('',#4971);
#4971 = CLOSED_SHELL('',(#4972,#5012,#5052,#5074,#5096,#5108));
#4972 = ADVANCED_FACE('',(#4973),#5007,.F.);
#4973 = FACE_BOUND('',#4974,.F.);
#4974 = EDGE_LOOP('',(#4975,#4985,#4993,#5001));
#4975 = ORIENTED_EDGE('',*,*,#4976,.F.);
#4976 = EDGE_CURVE('',#4977,#4979,#4981,.T.);
#4977 = VERTEX_POINT('',#4978);
#4978 = CARTESIAN_POINT('',(-14.,-265.,280.));
#4979 = VERTEX_POINT('',#4980);
#4980 = CARTESIAN_POINT('',(-14.,-265.,284.));
#4981 = LINE('',#4982,#4983);
#4982 = CARTESIAN_POINT('',(-14.,-265.,280.));
#4983 = VECTOR('',#4984,1.);
#4984 = DIRECTION('',(0.,0.,1.));
#4985 = ORIENTED_EDGE('',*,*,#4986,.T.);
#4986 = EDGE_CURVE('',#4977,#4987,#4989,.T.);
#4987 = VERTEX_POINT('',#4988);
#4988 = CARTESIAN_POINT('',(14.,-265.,280.));
#4989 = LINE('',#4990,#4991);
#4990 = CARTESIAN_POINT('',(-14.,-265.,280.));
#4991 = VECTOR('',#4992,1.);
#4992 = DIRECTION('',(1.,-2.22044604925E-16,0.));
#4993 = ORIENTED_EDGE('',*,*,#4994,.T.);
#4994 = EDGE_CURVE('',#4987,#4995,#4997,.T.);
#4995 = VERTEX_POINT('',#4996);
#4996 = CARTESIAN_POINT('',(14.,-265.,284.));
#4997 = LINE('',#4998,#4999);
#4998 = CARTESIAN_POINT('',(14.,-265.,280.));
#4999 = VECTOR('',#5000,1.);
#5000 = DIRECTION('',(0.,0.,1.));
#5001 = ORIENTED_EDGE('',*,*,#5002,.F.);
#5002 = EDGE_CURVE('',#4979,#4995,#5003,.T.);
#5003 = LINE('',#5004,#5005);
#5004 = CARTESIAN_POINT('',(-14.,-265.,284.));
#5005 = VECTOR('',#5006,1.);
#5006 = DIRECTION('',(1.,-2.22044604925E-16,0.));
#5007 = PLANE('',#5008);
#5008 = AXIS2_PLACEMENT_3D('',#5009,#5010,#5011);
#5009 = CARTESIAN_POINT('',(-14.,-265.,280.));
#5010 = DIRECTION('',(-2.22044604925E-16,-1.,0.));
#5011 = DIRECTION('',(0.,0.,1.));
#5012 = ADVANCED_FACE('',(#5013),#5047,.T.);
#5013 = FACE_BOUND('',#5014,.T.);
#5014 = EDGE_LOOP('',(#5015,#5025,#5033,#5041));
#5015 = ORIENTED_EDGE('',*,*,#5016,.F.);
#5016 = EDGE_CURVE('',#5017,#5019,#5021,.T.);
#5017 = VERTEX_POINT('',#5018);
#5018 = CARTESIAN_POINT('',(-14.,-285.,280.));
#5019 = VERTEX_POINT('',#5020);
#5020 = CARTESIAN_POINT('',(-14.,-285.,284.));
#5021 = LINE('',#5022,#5023);
#5022 = CARTESIAN_POINT('',(-14.,-285.,280.));
#5023 = VECTOR('',#5024,1.);
#5024 = DIRECTION('',(0.,0.,1.));
#5025 = ORIENTED_EDGE('',*,*,#5026,.T.);
#5026 = EDGE_CURVE('',#5017,#5027,#5029,.T.);
#5027 = VERTEX_POINT('',#5028);
#5028 = CARTESIAN_POINT('',(14.,-285.,280.));
#5029 = LINE('',#5030,#5031);
#5030 = CARTESIAN_POINT('',(-14.,-285.,280.));
#5031 = VECTOR('',#5032,1.);
#5032 = DIRECTION('',(1.,-2.22044604925E-16,0.));
#5033 = ORIENTED_EDGE('',*,*,#5034,.T.);
#5034 = EDGE_CURVE('',#5027,#5035,#5037,.T.);
#5035 = VERTEX_POINT('',#5036);
#5036 = CARTESIAN_POINT('',(14.,-285.,284.));
#5037 = LINE('',#5038,#5039);
#5038 = CARTESIAN_POINT('',(14.,-285.,280.));
#5039 = VECTOR('',#5040,1.);
#5040 = DIRECTION('',(0.,0.,1.));
#5041 = ORIENTED_EDGE('',*,*,#5042,.F.);
#5042 = EDGE_CURVE('',#5019,#5035,#5043,.T.);
#5043 = LINE('',#5044,#5045);
#5044 = CARTESIAN_POINT('',(-14.,-285.,284.));
#5045 = VECTOR('',#5046,1.);
#5046 = DIRECTION('',(1.,-2.22044604925E-16,0.));
#5047 = PLANE('',#5048);
#5048 = AXIS2_PLACEMENT_3D('',#5049,#5050,#5051);
#5049 = CARTESIAN_POINT('',(-14.,-285.,280.));
#5050 = DIRECTION('',(-2.22044604925E-16,-1.,0.));
#5051 = DIRECTION('',(0.,0.,1.));
#5052 = ADVANCED_FACE('',(#5053),#5069,.F.);
#5053 = FACE_BOUND('',#5054,.F.);
#5054 = EDGE_LOOP('',(#5055,#5061,#5062,#5068));
#5055 = ORIENTED_EDGE('',*,*,#5056,.F.);
#5056 = EDGE_CURVE('',#4977,#5017,#5057,.T.);
#5057 = LINE('',#5058,#5059);
#5058 = CARTESIAN_POINT('',(-14.,-265.,280.));
#5059 = VECTOR('',#5060,1.);
#5060 = DIRECTION('',(-2.22044604925E-16,-1.,0.));
#5061 = ORIENTED_EDGE('',*,*,#4976,.T.);
#5062 = ORIENTED_EDGE('',*,*,#5063,.T.);
#5063 = EDGE_CURVE('',#4979,#5019,#5064,.T.);
#5064 = LINE('',#5065,#5066);
#5065 = CARTESIAN_POINT('',(-14.,-265.,284.));
#5066 = VECTOR('',#5067,1.);
#5067 = DIRECTION('',(-2.22044604925E-16,-1.,0.));
#5068 = ORIENTED_EDGE('',*,*,#5016,.F.);
#5069 = PLANE('',#5070);
#5070 = AXIS2_PLACEMENT_3D('',#5071,#5072,#5073);
#5071 = CARTESIAN_POINT('',(-14.,-265.,280.));
#5072 = DIRECTION('',(1.,-2.22044604925E-16,0.));
#5073 = DIRECTION('',(0.,0.,1.));
#5074 = ADVANCED_FACE('',(#5075),#5091,.T.);
#5075 = FACE_BOUND('',#5076,.T.);
#5076 = EDGE_LOOP('',(#5077,#5083,#5084,#5090));
#5077 = ORIENTED_EDGE('',*,*,#5078,.F.);
#5078 = EDGE_CURVE('',#4987,#5027,#5079,.T.);
#5079 = LINE('',#5080,#5081);
#5080 = CARTESIAN_POINT('',(14.,-265.,280.));
#5081 = VECTOR('',#5082,1.);
#5082 = DIRECTION('',(-2.22044604925E-16,-1.,0.));
#5083 = ORIENTED_EDGE('',*,*,#4994,.T.);
#5084 = ORIENTED_EDGE('',*,*,#5085,.T.);
#5085 = EDGE_CURVE('',#4995,#5035,#5086,.T.);
#5086 = LINE('',#5087,#5088);
#5087 = CARTESIAN_POINT('',(14.,-265.,284.));
#5088 = VECTOR('',#5089,1.);
#5089 = DIRECTION('',(-2.22044604925E-16,-1.,0.));
#5090 = ORIENTED_EDGE('',*,*,#5034,.F.);
#5091 = PLANE('',#5092);
#5092 = AXIS2_PLACEMENT_3D('',#5093,#5094,#5095);
#5093 = CARTESIAN_POINT('',(14.,-265.,280.));
#5094 = DIRECTION('',(1.,-2.22044604925E-16,0.));
#5095 = DIRECTION('',(0.,0.,1.));
#5096 = ADVANCED_FACE('',(#5097),#5103,.F.);
#5097 = FACE_BOUND('',#5098,.F.);
#5098 = EDGE_LOOP('',(#5099,#5100,#5101,#5102));
#5099 = ORIENTED_EDGE('',*,*,#4986,.F.);
#5100 = ORIENTED_EDGE('',*,*,#5056,.T.);
#5101 = ORIENTED_EDGE('',*,*,#5026,.T.);
#5102 = ORIENTED_EDGE('',*,*,#5078,.F.);
#5103 = PLANE('',#5104);
#5104 = AXIS2_PLACEMENT_3D('',#5105,#5106,#5107);
#5105 = CARTESIAN_POINT('',(-14.,-265.,280.));
#5106 = DIRECTION('',(0.,0.,1.));
#5107 = DIRECTION('',(-2.22044604925E-16,-1.,0.));
#5108 = ADVANCED_FACE('',(#5109),#5115,.T.);
#5109 = FACE_BOUND('',#5110,.T.);
#5110 = EDGE_LOOP('',(#5111,#5112,#5113,#5114));
#5111 = ORIENTED_EDGE('',*,*,#5002,.F.);
#5112 = ORIENTED_EDGE('',*,*,#5063,.T.);
#5113 = ORIENTED_EDGE('',*,*,#5042,.T.);
#5114 = ORIENTED_EDGE('',*,*,#5085,.F.);
#5115 = PLANE('',#5116);
#5116 = AXIS2_PLACEMENT_3D('',#5117,#5118,#5119);
#5117 = CARTESIAN_POINT('',(-14.,-265.,284.));
#5118 = DIRECTION('',(0.,0.,1.));
#5119 = DIRECTION('',(-2.22044604925E-16,-1.,0.));
#5120 = ( GEOMETRIC_REPRESENTATION_CONTEXT(3) 
GLOBAL_UNCERTAINTY_ASSIGNED_CONTEXT((#5124)) 
GLOBAL_UNIT_ASSIGNED_CONTEXT((#5121,#5122,#5123)) REPRESENTATION_CONTEXT
('Context #1','3D Context with UNIT and UNCERTAINTY') );
#5121 = ( LENGTH_UNIT() NAMED_UNIT(*) SI_UNIT(.MILLI.,.METRE.) );
#5122 = ( NAMED_UNIT(*) PLANE_ANGLE_UNIT() SI_UNIT($,.RADIAN.) );
#5123 = ( NAMED_UNIT(*) SI_UNIT($,.STERADIAN.) SOLID_ANGLE_UNIT() );
#5124 = UNCERTAINTY_MEASURE_WITH_UNIT(LENGTH_MEASURE(1.E-07),#5121,
  'distance_accuracy_value','confusion accuracy');
#5125 = CONTEXT_DEPENDENT_SHAPE_REPRESENTATION(#5126,#5128);
#5126 = ( REPRESENTATION_RELATIONSHIP('','',#4969,#10) 
REPRESENTATION_RELATIONSHIP_WITH_TRANSFORMATION(#5127) 
SHAPE_REPRESENTATION_RELATIONSHIP() );
#5127 = ITEM_DEFINED_TRANSFORMATION('','',#11,#115);
#5128 = PRODUCT_DEFINITION_SHAPE('Placement','Placement of an item',
  #5129);
#5129 = NEXT_ASSEMBLY_USAGE_OCCURRENCE('26','P26 Slot lintel 270','',#5,
  #4964,$);
#5130 = PRODUCT_RELATED_PRODUCT_CATEGORY('part',$,(#4966));
#5131 = SHAPE_DEFINITION_REPRESENTATION(#5132,#5138);
#5132 = PRODUCT_DEFINITION_SHAPE('','',#5133);
#5133 = PRODUCT_DEFINITION('design','',#5134,#5137);
#5134 = PRODUCT_DEFINITION_FORMATION('','',#5135);
#5135 = PRODUCT('P27 Foot shoe 270','P27 Foot shoe 270','',(#5136));
#5136 = PRODUCT_CONTEXT('',#2,'mechanical');
#5137 = PRODUCT_DEFINITION_CONTEXT('part definition',#2,'design');
#5138 = ADVANCED_BREP_SHAPE_REPRESENTATION('',(#11,#5139),#5289);
#5139 = MANIFOLD_SOLID_BREP('',#5140);
#5140 = CLOSED_SHELL('',(#5141,#5181,#5221,#5243,#5265,#5277));
#5141 = ADVANCED_FACE('',(#5142),#5176,.F.);
#5142 = FACE_BOUND('',#5143,.F.);
#5143 = EDGE_LOOP('',(#5144,#5154,#5162,#5170));
#5144 = ORIENTED_EDGE('',*,*,#5145,.F.);
#5145 = EDGE_CURVE('',#5146,#5148,#5150,.T.);
#5146 = VERTEX_POINT('',#5147);
#5147 = CARTESIAN_POINT('',(-60.,-263.,0.));
#5148 = VERTEX_POINT('',#5149);
#5149 = CARTESIAN_POINT('',(-60.,-263.,18.));
#5150 = LINE('',#5151,#5152);
#5151 = CARTESIAN_POINT('',(-60.,-263.,0.));
#5152 = VECTOR('',#5153,1.);
#5153 = DIRECTION('',(0.,0.,1.));
#5154 = ORIENTED_EDGE('',*,*,#5155,.T.);
#5155 = EDGE_CURVE('',#5146,#5156,#5158,.T.);
#5156 = VERTEX_POINT('',#5157);
#5157 = CARTESIAN_POINT('',(60.,-263.,0.));
#5158 = LINE('',#5159,#5160);
#5159 = CARTESIAN_POINT('',(-60.,-263.,0.));
#5160 = VECTOR('',#5161,1.);
#5161 = DIRECTION('',(1.,-2.22044604925E-16,0.));
#5162 = ORIENTED_EDGE('',*,*,#5163,.T.);
#5163 = EDGE_CURVE('',#5156,#5164,#5166,.T.);
#5164 = VERTEX_POINT('',#5165);
#5165 = CARTESIAN_POINT('',(60.,-263.,18.));
#5166 = LINE('',#5167,#5168);
#5167 = CARTESIAN_POINT('',(60.,-263.,0.));
#5168 = VECTOR('',#5169,1.);
#5169 = DIRECTION('',(0.,0.,1.));
#5170 = ORIENTED_EDGE('',*,*,#5171,.F.);
#5171 = EDGE_CURVE('',#5148,#5164,#5172,.T.);
#5172 = LINE('',#5173,#5174);
#5173 = CARTESIAN_POINT('',(-60.,-263.,18.));
#5174 = VECTOR('',#5175,1.);
#5175 = DIRECTION('',(1.,-2.22044604925E-16,0.));
#5176 = PLANE('',#5177);
#5177 = AXIS2_PLACEMENT_3D('',#5178,#5179,#5180);
#5178 = CARTESIAN_POINT('',(-60.,-263.,0.));
#5179 = DIRECTION('',(-2.22044604925E-16,-1.,0.));
#5180 = DIRECTION('',(0.,0.,1.));
#5181 = ADVANCED_FACE('',(#5182),#5216,.T.);
#5182 = FACE_BOUND('',#5183,.T.);
#5183 = EDGE_LOOP('',(#5184,#5194,#5202,#5210));
#5184 = ORIENTED_EDGE('',*,*,#5185,.F.);
#5185 = EDGE_CURVE('',#5186,#5188,#5190,.T.);
#5186 = VERTEX_POINT('',#5187);
#5187 = CARTESIAN_POINT('',(-60.,-287.,0.));
#5188 = VERTEX_POINT('',#5189);
#5189 = CARTESIAN_POINT('',(-60.,-287.,18.));
#5190 = LINE('',#5191,#5192);
#5191 = CARTESIAN_POINT('',(-60.,-287.,0.));
#5192 = VECTOR('',#5193,1.);
#5193 = DIRECTION('',(0.,0.,1.));
#5194 = ORIENTED_EDGE('',*,*,#5195,.T.);
#5195 = EDGE_CURVE('',#5186,#5196,#5198,.T.);
#5196 = VERTEX_POINT('',#5197);
#5197 = CARTESIAN_POINT('',(60.,-287.,0.));
#5198 = LINE('',#5199,#5200);
#5199 = CARTESIAN_POINT('',(-60.,-287.,0.));
#5200 = VECTOR('',#5201,1.);
#5201 = DIRECTION('',(1.,-2.22044604925E-16,0.));
#5202 = ORIENTED_EDGE('',*,*,#5203,.T.);
#5203 = EDGE_CURVE('',#5196,#5204,#5206,.T.);
#5204 = VERTEX_POINT('',#5205);
#5205 = CARTESIAN_POINT('',(60.,-287.,18.));
#5206 = LINE('',#5207,#5208);
#5207 = CARTESIAN_POINT('',(60.,-287.,0.));
#5208 = VECTOR('',#5209,1.);
#5209 = DIRECTION('',(0.,0.,1.));
#5210 = ORIENTED_EDGE('',*,*,#5211,.F.);
#5211 = EDGE_CURVE('',#5188,#5204,#5212,.T.);
#5212 = LINE('',#5213,#5214);
#5213 = CARTESIAN_POINT('',(-60.,-287.,18.));
#5214 = VECTOR('',#5215,1.);
#5215 = DIRECTION('',(1.,-2.22044604925E-16,0.));
#5216 = PLANE('',#5217);
#5217 = AXIS2_PLACEMENT_3D('',#5218,#5219,#5220);
#5218 = CARTESIAN_POINT('',(-60.,-287.,0.));
#5219 = DIRECTION('',(-2.22044604925E-16,-1.,0.));
#5220 = DIRECTION('',(0.,0.,1.));
#5221 = ADVANCED_FACE('',(#5222),#5238,.F.);
#5222 = FACE_BOUND('',#5223,.F.);
#5223 = EDGE_LOOP('',(#5224,#5230,#5231,#5237));
#5224 = ORIENTED_EDGE('',*,*,#5225,.F.);
#5225 = EDGE_CURVE('',#5146,#5186,#5226,.T.);
#5226 = LINE('',#5227,#5228);
#5227 = CARTESIAN_POINT('',(-60.,-263.,0.));
#5228 = VECTOR('',#5229,1.);
#5229 = DIRECTION('',(-2.22044604925E-16,-1.,0.));
#5230 = ORIENTED_EDGE('',*,*,#5145,.T.);
#5231 = ORIENTED_EDGE('',*,*,#5232,.T.);
#5232 = EDGE_CURVE('',#5148,#5188,#5233,.T.);
#5233 = LINE('',#5234,#5235);
#5234 = CARTESIAN_POINT('',(-60.,-263.,18.));
#5235 = VECTOR('',#5236,1.);
#5236 = DIRECTION('',(-2.22044604925E-16,-1.,0.));
#5237 = ORIENTED_EDGE('',*,*,#5185,.F.);
#5238 = PLANE('',#5239);
#5239 = AXIS2_PLACEMENT_3D('',#5240,#5241,#5242);
#5240 = CARTESIAN_POINT('',(-60.,-263.,0.));
#5241 = DIRECTION('',(1.,-2.22044604925E-16,0.));
#5242 = DIRECTION('',(0.,0.,1.));
#5243 = ADVANCED_FACE('',(#5244),#5260,.T.);
#5244 = FACE_BOUND('',#5245,.T.);
#5245 = EDGE_LOOP('',(#5246,#5252,#5253,#5259));
#5246 = ORIENTED_EDGE('',*,*,#5247,.F.);
#5247 = EDGE_CURVE('',#5156,#5196,#5248,.T.);
#5248 = LINE('',#5249,#5250);
#5249 = CARTESIAN_POINT('',(60.,-263.,0.));
#5250 = VECTOR('',#5251,1.);
#5251 = DIRECTION('',(-2.22044604925E-16,-1.,0.));
#5252 = ORIENTED_EDGE('',*,*,#5163,.T.);
#5253 = ORIENTED_EDGE('',*,*,#5254,.T.);
#5254 = EDGE_CURVE('',#5164,#5204,#5255,.T.);
#5255 = LINE('',#5256,#5257);
#5256 = CARTESIAN_POINT('',(60.,-263.,18.));
#5257 = VECTOR('',#5258,1.);
#5258 = DIRECTION('',(-2.22044604925E-16,-1.,0.));
#5259 = ORIENTED_EDGE('',*,*,#5203,.F.);
#5260 = PLANE('',#5261);
#5261 = AXIS2_PLACEMENT_3D('',#5262,#5263,#5264);
#5262 = CARTESIAN_POINT('',(60.,-263.,0.));
#5263 = DIRECTION('',(1.,-2.22044604925E-16,0.));
#5264 = DIRECTION('',(0.,0.,1.));
#5265 = ADVANCED_FACE('',(#5266),#5272,.F.);
#5266 = FACE_BOUND('',#5267,.F.);
#5267 = EDGE_LOOP('',(#5268,#5269,#5270,#5271));
#5268 = ORIENTED_EDGE('',*,*,#5155,.F.);
#5269 = ORIENTED_EDGE('',*,*,#5225,.T.);
#5270 = ORIENTED_EDGE('',*,*,#5195,.T.);
#5271 = ORIENTED_EDGE('',*,*,#5247,.F.);
#5272 = PLANE('',#5273);
#5273 = AXIS2_PLACEMENT_3D('',#5274,#5275,#5276);
#5274 = CARTESIAN_POINT('',(-60.,-263.,0.));
#5275 = DIRECTION('',(0.,0.,1.));
#5276 = DIRECTION('',(-2.22044604925E-16,-1.,0.));
#5277 = ADVANCED_FACE('',(#5278),#5284,.T.);
#5278 = FACE_BOUND('',#5279,.T.);
#5279 = EDGE_LOOP('',(#5280,#5281,#5282,#5283));
#5280 = ORIENTED_EDGE('',*,*,#5171,.F.);
#5281 = ORIENTED_EDGE('',*,*,#5232,.T.);
#5282 = ORIENTED_EDGE('',*,*,#5211,.T.);
#5283 = ORIENTED_EDGE('',*,*,#5254,.F.);
#5284 = PLANE('',#5285);
#5285 = AXIS2_PLACEMENT_3D('',#5286,#5287,#5288);
#5286 = CARTESIAN_POINT('',(-60.,-263.,18.));
#5287 = DIRECTION('',(0.,0.,1.));
#5288 = DIRECTION('',(-2.22044604925E-16,-1.,0.));
#5289 = ( GEOMETRIC_REPRESENTATION_CONTEXT(3) 
GLOBAL_UNCERTAINTY_ASSIGNED_CONTEXT((#5293)) 
GLOBAL_UNIT_ASSIGNED_CONTEXT((#5290,#5291,#5292)) REPRESENTATION_CONTEXT
('Context #1','3D Context with UNIT and UNCERTAINTY') );
#5290 = ( LENGTH_UNIT() NAMED_UNIT(*) SI_UNIT(.MILLI.,.METRE.) );
#5291 = ( NAMED_UNIT(*) PLANE_ANGLE_UNIT() SI_UNIT($,.RADIAN.) );
#5292 = ( NAMED_UNIT(*) SI_UNIT($,.STERADIAN.) SOLID_ANGLE_UNIT() );
#5293 = UNCERTAINTY_MEASURE_WITH_UNIT(LENGTH_MEASURE(1.E-07),#5290,
  'distance_accuracy_value','confusion accuracy');
#5294 = CONTEXT_DEPENDENT_SHAPE_REPRESENTATION(#5295,#5297);
#5295 = ( REPRESENTATION_RELATIONSHIP('','',#5138,#10) 
REPRESENTATION_RELATIONSHIP_WITH_TRANSFORMATION(#5296) 
SHAPE_REPRESENTATION_RELATIONSHIP() );
#5296 = ITEM_DEFINED_TRANSFORMATION('','',#11,#119);
#5297 = PRODUCT_DEFINITION_SHAPE('Placement','Placement of an item',
  #5298);
#5298 = NEXT_ASSEMBLY_USAGE_OCCURRENCE('27','P27 Foot shoe 270','',#5,
  #5133,$);
#5299 = PRODUCT_RELATED_PRODUCT_CATEGORY('part',$,(#5135));
#5300 = SHAPE_DEFINITION_REPRESENTATION(#5301,#5307);
#5301 = PRODUCT_DEFINITION_SHAPE('','',#5302);
#5302 = PRODUCT_DEFINITION('design','',#5303,#5306);
#5303 = PRODUCT_DEFINITION_FORMATION('','',#5304);
#5304 = PRODUCT('P28 Triangle level 1 beam 1',
  'P28 Triangle level 1 beam 1','',(#5305));
#5305 = PRODUCT_CONTEXT('',#2,'mechanical');
#5306 = PRODUCT_DEFINITION_CONTEXT('part definition',#2,'design');
#5307 = ADVANCED_BREP_SHAPE_REPRESENTATION('',(#11,#5308),#5656);
#5308 = MANIFOLD_SOLID_BREP('',#5309);
#5309 = CLOSED_SHELL('',(#5310,#5350,#5429,#5453,#5477,#5508,#5532,#5563
    ,#5587,#5604,#5632,#5644));
#5310 = ADVANCED_FACE('',(#5311),#5345,.F.);
#5311 = FACE_BOUND('',#5312,.F.);
#5312 = EDGE_LOOP('',(#5313,#5323,#5331,#5339));
#5313 = ORIENTED_EDGE('',*,*,#5314,.F.);
#5314 = EDGE_CURVE('',#5315,#5317,#5319,.T.);
#5315 = VERTEX_POINT('',#5316);
#5316 = CARTESIAN_POINT('',(253.74544330884,146.5,260.));
#5317 = VERTEX_POINT('',#5318);
#5318 = CARTESIAN_POINT('',(233.74544330884,146.5,260.));
#5319 = LINE('',#5320,#5321);
#5320 = CARTESIAN_POINT('',(253.74544330884,146.5,260.));
#5321 = VECTOR('',#5322,1.);
#5322 = DIRECTION('',(-1.,0.,0.));
#5323 = ORIENTED_EDGE('',*,*,#5324,.T.);
#5324 = EDGE_CURVE('',#5315,#5325,#5327,.T.);
#5325 = VERTEX_POINT('',#5326);
#5326 = CARTESIAN_POINT('',(253.74544330884,146.5,280.));
#5327 = LINE('',#5328,#5329);
#5328 = CARTESIAN_POINT('',(253.74544330884,146.5,260.));
#5329 = VECTOR('',#5330,1.);
#5330 = DIRECTION('',(0.,0.,1.));
#5331 = ORIENTED_EDGE('',*,*,#5332,.T.);
#5332 = EDGE_CURVE('',#5325,#5333,#5335,.T.);
#5333 = VERTEX_POINT('',#5334);
#5334 = CARTESIAN_POINT('',(233.74544330884,146.5,280.));
#5335 = LINE('',#5336,#5337);
#5336 = CARTESIAN_POINT('',(253.74544330884,146.5,280.));
#5337 = VECTOR('',#5338,1.);
#5338 = DIRECTION('',(-1.,0.,0.));
#5339 = ORIENTED_EDGE('',*,*,#5340,.T.);
#5340 = EDGE_CURVE('',#5333,#5317,#5341,.T.);
#5341 = LINE('',#5342,#5343);
#5342 = CARTESIAN_POINT('',(233.74544330884,146.5,139.));
#5343 = VECTOR('',#5344,1.);
#5344 = DIRECTION('',(-0.,-0.,-1.));
#5345 = PLANE('',#5346);
#5346 = AXIS2_PLACEMENT_3D('',#5347,#5348,#5349);
#5347 = CARTESIAN_POINT('',(253.74544330884,146.5,260.));
#5348 = DIRECTION('',(0.,-1.,0.));
#5349 = DIRECTION('',(-1.,0.,0.));
#5350 = ADVANCED_FACE('',(#5351),#5424,.F.);
#5351 = FACE_BOUND('',#5352,.F.);
#5352 = EDGE_LOOP('',(#5353,#5363,#5371,#5379,#5385,#5386,#5394,#5402,
    #5410,#5418));
#5353 = ORIENTED_EDGE('',*,*,#5354,.T.);
#5354 = EDGE_CURVE('',#5355,#5357,#5359,.T.);
#5355 = VERTEX_POINT('',#5356);
#5356 = CARTESIAN_POINT('',(-233.7454433088,146.5,260.));
#5357 = VERTEX_POINT('',#5358);
#5358 = CARTESIAN_POINT('',(-253.7454433088,146.5,260.));
#5359 = LINE('',#5360,#5361);
#5360 = CARTESIAN_POINT('',(253.74544330884,146.5,260.));
#5361 = VECTOR('',#5362,1.);
#5362 = DIRECTION('',(-1.,0.,0.));
#5363 = ORIENTED_EDGE('',*,*,#5364,.T.);
#5364 = EDGE_CURVE('',#5357,#5365,#5367,.T.);
#5365 = VERTEX_POINT('',#5366);
#5366 = CARTESIAN_POINT('',(-219.1044271574,126.5,260.));
#5367 = LINE('',#5368,#5369);
#5368 = CARTESIAN_POINT('',(-253.7454433088,146.5,260.));
#5369 = VECTOR('',#5370,1.);
#5370 = DIRECTION('',(0.866025403784,-0.5,0.));
#5371 = ORIENTED_EDGE('',*,*,#5372,.T.);
#5372 = EDGE_CURVE('',#5365,#5373,#5375,.T.);
#5373 = VERTEX_POINT('',#5374);
#5374 = CARTESIAN_POINT('',(219.10442715746,126.5,260.));
#5375 = LINE('',#5376,#5377);
#5376 = CARTESIAN_POINT('',(-219.1044271574,126.5,260.));
#5377 = VECTOR('',#5378,1.);
#5378 = DIRECTION('',(1.,0.,0.));
#5379 = ORIENTED_EDGE('',*,*,#5380,.T.);
#5380 = EDGE_CURVE('',#5373,#5315,#5381,.T.);
#5381 = LINE('',#5382,#5383);
#5382 = CARTESIAN_POINT('',(219.10442715746,126.5,260.));
#5383 = VECTOR('',#5384,1.);
#5384 = DIRECTION('',(0.866025403784,0.5,0.));
#5385 = ORIENTED_EDGE('',*,*,#5314,.T.);
#5386 = ORIENTED_EDGE('',*,*,#5387,.T.);
#5387 = EDGE_CURVE('',#5317,#5388,#5390,.T.);
#5388 = VERTEX_POINT('',#5389);
#5389 = CARTESIAN_POINT('',(224.49673200287,141.16025403784,260.));
#5390 = LINE('',#5391,#5392);
#5391 = CARTESIAN_POINT('',(139.44772453362,92.057186681163,260.));
#5392 = VECTOR('',#5393,1.);
#5393 = DIRECTION('',(-0.866025403784,-0.5,0.));
#5394 = ORIENTED_EDGE('',*,*,#5395,.T.);
#5395 = EDGE_CURVE('',#5388,#5396,#5398,.T.);
#5396 = VERTEX_POINT('',#5397);
#5397 = CARTESIAN_POINT('',(221.41382823422,146.5,260.));
#5398 = LINE('',#5399,#5400);
#5399 = CARTESIAN_POINT('',(214.79737347068,157.96003581642,260.));
#5400 = VECTOR('',#5401,1.);
#5401 = DIRECTION('',(-0.5,0.866025403784,0.));
#5402 = ORIENTED_EDGE('',*,*,#5403,.T.);
#5403 = EDGE_CURVE('',#5396,#5404,#5406,.T.);
#5404 = VERTEX_POINT('',#5405);
#5405 = CARTESIAN_POINT('',(-221.4138282342,146.5,260.));
#5406 = LINE('',#5407,#5408);
#5407 = CARTESIAN_POINT('',(253.74544330884,146.5,260.));
#5408 = VECTOR('',#5409,1.);
#5409 = DIRECTION('',(-1.,0.,0.));
#5410 = ORIENTED_EDGE('',*,*,#5411,.T.);
#5411 = EDGE_CURVE('',#5404,#5412,#5414,.T.);
#5412 = VERTEX_POINT('',#5413);
#5413 = CARTESIAN_POINT('',(-224.4967320028,141.16025403784,260.));
#5414 = LINE('',#5415,#5416);
#5415 = CARTESIAN_POINT('',(-196.2973734706,190.00297575644,260.));
#5416 = VECTOR('',#5417,1.);
#5417 = DIRECTION('',(-0.5,-0.866025403784,0.));
#5418 = ORIENTED_EDGE('',*,*,#5419,.F.);
#5419 = EDGE_CURVE('',#5355,#5412,#5420,.T.);
#5420 = LINE('',#5421,#5422);
#5421 = CARTESIAN_POINT('',(-139.4477245336,92.057186681163,260.));
#5422 = VECTOR('',#5423,1.);
#5423 = DIRECTION('',(0.866025403784,-0.5,0.));
#5424 = PLANE('',#5425);
#5425 = AXIS2_PLACEMENT_3D('',#5426,#5427,#5428);
#5426 = CARTESIAN_POINT('',(-4.433532862873E-15,137.17546114655,260.));
#5427 = DIRECTION('',(0.,0.,1.));
#5428 = DIRECTION('',(1.,0.,-0.));
#5429 = ADVANCED_FACE('',(#5430),#5448,.T.);
#5430 = FACE_BOUND('',#5431,.T.);
#5431 = EDGE_LOOP('',(#5432,#5433,#5441,#5447));
#5432 = ORIENTED_EDGE('',*,*,#5387,.T.);
#5433 = ORIENTED_EDGE('',*,*,#5434,.T.);
#5434 = EDGE_CURVE('',#5388,#5435,#5437,.T.);
#5435 = VERTEX_POINT('',#5436);
#5436 = CARTESIAN_POINT('',(224.49673200287,141.16025403784,280.));
#5437 = LINE('',#5438,#5439);
#5438 = CARTESIAN_POINT('',(224.49673200287,141.16025403784,18.));
#5439 = VECTOR('',#5440,1.);
#5440 = DIRECTION('',(0.,0.,1.));
#5441 = ORIENTED_EDGE('',*,*,#5442,.T.);
#5442 = EDGE_CURVE('',#5435,#5333,#5443,.T.);
#5443 = LINE('',#5444,#5445);
#5444 = CARTESIAN_POINT('',(224.49673200287,141.16025403784,280.));
#5445 = VECTOR('',#5446,1.);
#5446 = DIRECTION('',(0.866025403784,0.5,0.));
#5447 = ORIENTED_EDGE('',*,*,#5340,.T.);
#5448 = PLANE('',#5449);
#5449 = AXIS2_PLACEMENT_3D('',#5450,#5451,#5452);
#5450 = CARTESIAN_POINT('',(224.49673200287,141.16025403784,18.));
#5451 = DIRECTION('',(-0.5,0.866025403784,0.));
#5452 = DIRECTION('',(0.,0.,1.));
#5453 = ADVANCED_FACE('',(#5454),#5472,.F.);
#5454 = FACE_BOUND('',#5455,.F.);
#5455 = EDGE_LOOP('',(#5456,#5464,#5470,#5471));
#5456 = ORIENTED_EDGE('',*,*,#5457,.T.);
#5457 = EDGE_CURVE('',#5373,#5458,#5460,.T.);
#5458 = VERTEX_POINT('',#5459);
#5459 = CARTESIAN_POINT('',(219.10442715746,126.5,280.));
#5460 = LINE('',#5461,#5462);
#5461 = CARTESIAN_POINT('',(219.10442715746,126.5,260.));
#5462 = VECTOR('',#5463,1.);
#5463 = DIRECTION('',(0.,0.,1.));
#5464 = ORIENTED_EDGE('',*,*,#5465,.T.);
#5465 = EDGE_CURVE('',#5458,#5325,#5466,.T.);
#5466 = LINE('',#5467,#5468);
#5467 = CARTESIAN_POINT('',(219.10442715746,126.5,280.));
#5468 = VECTOR('',#5469,1.);
#5469 = DIRECTION('',(0.866025403784,0.5,0.));
#5470 = ORIENTED_EDGE('',*,*,#5324,.F.);
#5471 = ORIENTED_EDGE('',*,*,#5380,.F.);
#5472 = PLANE('',#5473);
#5473 = AXIS2_PLACEMENT_3D('',#5474,#5475,#5476);
#5474 = CARTESIAN_POINT('',(219.10442715746,126.5,260.));
#5475 = DIRECTION('',(-0.5,0.866025403784,0.));
#5476 = DIRECTION('',(0.866025403784,0.5,0.));
#5477 = ADVANCED_FACE('',(#5478),#5503,.F.);
#5478 = FACE_BOUND('',#5479,.F.);
#5479 = EDGE_LOOP('',(#5480,#5481,#5489,#5497));
#5480 = ORIENTED_EDGE('',*,*,#5354,.F.);
#5481 = ORIENTED_EDGE('',*,*,#5482,.F.);
#5482 = EDGE_CURVE('',#5483,#5355,#5485,.T.);
#5483 = VERTEX_POINT('',#5484);
#5484 = CARTESIAN_POINT('',(-233.7454433088,146.5,280.));
#5485 = LINE('',#5486,#5487);
#5486 = CARTESIAN_POINT('',(-233.7454433088,146.5,139.));
#5487 = VECTOR('',#5488,1.);
#5488 = DIRECTION('',(0.,-0.,-1.));
#5489 = ORIENTED_EDGE('',*,*,#5490,.T.);
#5490 = EDGE_CURVE('',#5483,#5491,#5493,.T.);
#5491 = VERTEX_POINT('',#5492);
#5492 = CARTESIAN_POINT('',(-253.7454433088,146.5,280.));
#5493 = LINE('',#5494,#5495);
#5494 = CARTESIAN_POINT('',(253.74544330884,146.5,280.));
#5495 = VECTOR('',#5496,1.);
#5496 = DIRECTION('',(-1.,0.,0.));
#5497 = ORIENTED_EDGE('',*,*,#5498,.F.);
#5498 = EDGE_CURVE('',#5357,#5491,#5499,.T.);
#5499 = LINE('',#5500,#5501);
#5500 = CARTESIAN_POINT('',(-253.7454433088,146.5,260.));
#5501 = VECTOR('',#5502,1.);
#5502 = DIRECTION('',(0.,0.,1.));
#5503 = PLANE('',#5504);
#5504 = AXIS2_PLACEMENT_3D('',#5505,#5506,#5507);
#5505 = CARTESIAN_POINT('',(253.74544330884,146.5,260.));
#5506 = DIRECTION('',(0.,-1.,0.));
#5507 = DIRECTION('',(-1.,0.,0.));
#5508 = ADVANCED_FACE('',(#5509),#5527,.F.);
#5509 = FACE_BOUND('',#5510,.F.);
#5510 = EDGE_LOOP('',(#5511,#5512,#5520,#5526));
#5511 = ORIENTED_EDGE('',*,*,#5419,.T.);
#5512 = ORIENTED_EDGE('',*,*,#5513,.T.);
#5513 = EDGE_CURVE('',#5412,#5514,#5516,.T.);
#5514 = VERTEX_POINT('',#5515);
#5515 = CARTESIAN_POINT('',(-224.4967320028,141.16025403784,280.));
#5516 = LINE('',#5517,#5518);
#5517 = CARTESIAN_POINT('',(-224.4967320028,141.16025403784,18.));
#5518 = VECTOR('',#5519,1.);
#5519 = DIRECTION('',(0.,0.,1.));
#5520 = ORIENTED_EDGE('',*,*,#5521,.T.);
#5521 = EDGE_CURVE('',#5514,#5483,#5522,.T.);
#5522 = LINE('',#5523,#5524);
#5523 = CARTESIAN_POINT('',(-224.4967320028,141.16025403784,280.));
#5524 = VECTOR('',#5525,1.);
#5525 = DIRECTION('',(-0.866025403784,0.5,0.));
#5526 = ORIENTED_EDGE('',*,*,#5482,.T.);
#5527 = PLANE('',#5528);
#5528 = AXIS2_PLACEMENT_3D('',#5529,#5530,#5531);
#5529 = CARTESIAN_POINT('',(-224.4967320028,141.16025403784,18.));
#5530 = DIRECTION('',(-0.5,-0.866025403784,0.));
#5531 = DIRECTION('',(0.,0.,1.));
#5532 = ADVANCED_FACE('',(#5533),#5558,.F.);
#5533 = FACE_BOUND('',#5534,.F.);
#5534 = EDGE_LOOP('',(#5535,#5536,#5544,#5552));
#5535 = ORIENTED_EDGE('',*,*,#5403,.F.);
#5536 = ORIENTED_EDGE('',*,*,#5537,.T.);
#5537 = EDGE_CURVE('',#5396,#5538,#5540,.T.);
#5538 = VERTEX_POINT('',#5539);
#5539 = CARTESIAN_POINT('',(221.41382823422,146.5,280.));
#5540 = LINE('',#5541,#5542);
#5541 = CARTESIAN_POINT('',(221.41382823422,146.5,139.));
#5542 = VECTOR('',#5543,1.);
#5543 = DIRECTION('',(-0.,0.,1.));
#5544 = ORIENTED_EDGE('',*,*,#5545,.T.);
#5545 = EDGE_CURVE('',#5538,#5546,#5548,.T.);
#5546 = VERTEX_POINT('',#5547);
#5547 = CARTESIAN_POINT('',(-221.4138282342,146.5,280.));
#5548 = LINE('',#5549,#5550);
#5549 = CARTESIAN_POINT('',(253.74544330884,146.5,280.));
#5550 = VECTOR('',#5551,1.);
#5551 = DIRECTION('',(-1.,0.,0.));
#5552 = ORIENTED_EDGE('',*,*,#5553,.T.);
#5553 = EDGE_CURVE('',#5546,#5404,#5554,.T.);
#5554 = LINE('',#5555,#5556);
#5555 = CARTESIAN_POINT('',(-221.4138282342,146.5,139.));
#5556 = VECTOR('',#5557,1.);
#5557 = DIRECTION('',(-0.,-0.,-1.));
#5558 = PLANE('',#5559);
#5559 = AXIS2_PLACEMENT_3D('',#5560,#5561,#5562);
#5560 = CARTESIAN_POINT('',(253.74544330884,146.5,260.));
#5561 = DIRECTION('',(0.,-1.,0.));
#5562 = DIRECTION('',(-1.,0.,0.));
#5563 = ADVANCED_FACE('',(#5564),#5582,.F.);
#5564 = FACE_BOUND('',#5565,.F.);
#5565 = EDGE_LOOP('',(#5566,#5574,#5580,#5581));
#5566 = ORIENTED_EDGE('',*,*,#5567,.T.);
#5567 = EDGE_CURVE('',#5365,#5568,#5570,.T.);
#5568 = VERTEX_POINT('',#5569);
#5569 = CARTESIAN_POINT('',(-219.1044271574,126.5,280.));
#5570 = LINE('',#5571,#5572);
#5571 = CARTESIAN_POINT('',(-219.1044271574,126.5,260.));
#5572 = VECTOR('',#5573,1.);
#5573 = DIRECTION('',(0.,0.,1.));
#5574 = ORIENTED_EDGE('',*,*,#5575,.T.);
#5575 = EDGE_CURVE('',#5568,#5458,#5576,.T.);
#5576 = LINE('',#5577,#5578);
#5577 = CARTESIAN_POINT('',(-219.1044271574,126.5,280.));
#5578 = VECTOR('',#5579,1.);
#5579 = DIRECTION('',(1.,0.,0.));
#5580 = ORIENTED_EDGE('',*,*,#5457,.F.);
#5581 = ORIENTED_EDGE('',*,*,#5372,.F.);
#5582 = PLANE('',#5583);
#5583 = AXIS2_PLACEMENT_3D('',#5584,#5585,#5586);
#5584 = CARTESIAN_POINT('',(-219.1044271574,126.5,260.));
#5585 = DIRECTION('',(0.,1.,0.));
#5586 = DIRECTION('',(1.,0.,0.));
#5587 = ADVANCED_FACE('',(#5588),#5599,.F.);
#5588 = FACE_BOUND('',#5589,.F.);
#5589 = EDGE_LOOP('',(#5590,#5591,#5597,#5598));
#5590 = ORIENTED_EDGE('',*,*,#5498,.T.);
#5591 = ORIENTED_EDGE('',*,*,#5592,.T.);
#5592 = EDGE_CURVE('',#5491,#5568,#5593,.T.);
#5593 = LINE('',#5594,#5595);
#5594 = CARTESIAN_POINT('',(-253.7454433088,146.5,280.));
#5595 = VECTOR('',#5596,1.);
#5596 = DIRECTION('',(0.866025403784,-0.5,0.));
#5597 = ORIENTED_EDGE('',*,*,#5567,.F.);
#5598 = ORIENTED_EDGE('',*,*,#5364,.F.);
#5599 = PLANE('',#5600);
#5600 = AXIS2_PLACEMENT_3D('',#5601,#5602,#5603);
#5601 = CARTESIAN_POINT('',(-253.7454433088,146.5,260.));
#5602 = DIRECTION('',(0.5,0.866025403784,-0.));
#5603 = DIRECTION('',(0.866025403784,-0.5,0.));
#5604 = ADVANCED_FACE('',(#5605),#5627,.T.);
#5605 = FACE_BOUND('',#5606,.T.);
#5606 = EDGE_LOOP('',(#5607,#5608,#5609,#5615,#5616,#5622,#5623,#5624,
    #5625,#5626));
#5607 = ORIENTED_EDGE('',*,*,#5332,.T.);
#5608 = ORIENTED_EDGE('',*,*,#5442,.F.);
#5609 = ORIENTED_EDGE('',*,*,#5610,.T.);
#5610 = EDGE_CURVE('',#5435,#5538,#5611,.T.);
#5611 = LINE('',#5612,#5613);
#5612 = CARTESIAN_POINT('',(224.49673200287,141.16025403784,280.));
#5613 = VECTOR('',#5614,1.);
#5614 = DIRECTION('',(-0.5,0.866025403784,0.));
#5615 = ORIENTED_EDGE('',*,*,#5545,.T.);
#5616 = ORIENTED_EDGE('',*,*,#5617,.T.);
#5617 = EDGE_CURVE('',#5546,#5514,#5618,.T.);
#5618 = LINE('',#5619,#5620);
#5619 = CARTESIAN_POINT('',(-184.7973734706,209.92156004349,280.));
#5620 = VECTOR('',#5621,1.);
#5621 = DIRECTION('',(-0.5,-0.866025403784,0.));
#5622 = ORIENTED_EDGE('',*,*,#5521,.T.);
#5623 = ORIENTED_EDGE('',*,*,#5490,.T.);
#5624 = ORIENTED_EDGE('',*,*,#5592,.T.);
#5625 = ORIENTED_EDGE('',*,*,#5575,.T.);
#5626 = ORIENTED_EDGE('',*,*,#5465,.T.);
#5627 = PLANE('',#5628);
#5628 = AXIS2_PLACEMENT_3D('',#5629,#5630,#5631);
#5629 = CARTESIAN_POINT('',(-4.724466940289E-15,137.16988134792,280.));
#5630 = DIRECTION('',(0.,0.,1.));
#5631 = DIRECTION('',(1.,0.,-0.));
#5632 = ADVANCED_FACE('',(#5633),#5639,.T.);
#5633 = FACE_BOUND('',#5634,.T.);
#5634 = EDGE_LOOP('',(#5635,#5636,#5637,#5638));
#5635 = ORIENTED_EDGE('',*,*,#5617,.F.);
#5636 = ORIENTED_EDGE('',*,*,#5553,.T.);
#5637 = ORIENTED_EDGE('',*,*,#5411,.T.);
#5638 = ORIENTED_EDGE('',*,*,#5513,.T.);
#5639 = PLANE('',#5640);
#5640 = AXIS2_PLACEMENT_3D('',#5641,#5642,#5643);
#5641 = CARTESIAN_POINT('',(-222.9552801185,143.83012701892,270.));
#5642 = DIRECTION('',(-0.866025403784,0.5,4.303758601518E-16));
#5643 = DIRECTION('',(-0.5,-0.866025403784,-8.572245333514E-33));
#5644 = ADVANCED_FACE('',(#5645),#5651,.T.);
#5645 = FACE_BOUND('',#5646,.T.);
#5646 = EDGE_LOOP('',(#5647,#5648,#5649,#5650));
#5647 = ORIENTED_EDGE('',*,*,#5610,.F.);
#5648 = ORIENTED_EDGE('',*,*,#5434,.F.);
#5649 = ORIENTED_EDGE('',*,*,#5395,.T.);
#5650 = ORIENTED_EDGE('',*,*,#5537,.T.);
#5651 = PLANE('',#5652);
#5652 = AXIS2_PLACEMENT_3D('',#5653,#5654,#5655);
#5653 = CARTESIAN_POINT('',(222.95528011854,143.83012701892,270.));
#5654 = DIRECTION('',(0.866025403784,0.5,1.881380679776E-16));
#5655 = DIRECTION('',(-0.5,0.866025403784,-1.257287309263E-33));
#5656 = ( GEOMETRIC_REPRESENTATION_CONTEXT(3) 
GLOBAL_UNCERTAINTY_ASSIGNED_CONTEXT((#5660)) 
GLOBAL_UNIT_ASSIGNED_CONTEXT((#5657,#5658,#5659)) REPRESENTATION_CONTEXT
('Context #1','3D Context with UNIT and UNCERTAINTY') );
#5657 = ( LENGTH_UNIT() NAMED_UNIT(*) SI_UNIT(.MILLI.,.METRE.) );
#5658 = ( NAMED_UNIT(*) PLANE_ANGLE_UNIT() SI_UNIT($,.RADIAN.) );
#5659 = ( NAMED_UNIT(*) SI_UNIT($,.STERADIAN.) SOLID_ANGLE_UNIT() );
#5660 = UNCERTAINTY_MEASURE_WITH_UNIT(LENGTH_MEASURE(2.E-07),#5657,
  'distance_accuracy_value','confusion accuracy');
#5661 = CONTEXT_DEPENDENT_SHAPE_REPRESENTATION(#5662,#5664);
#5662 = ( REPRESENTATION_RELATIONSHIP('','',#5307,#10) 
REPRESENTATION_RELATIONSHIP_WITH_TRANSFORMATION(#5663) 
SHAPE_REPRESENTATION_RELATIONSHIP() );
#5663 = ITEM_DEFINED_TRANSFORMATION('','',#11,#123);
#5664 = PRODUCT_DEFINITION_SHAPE('Placement','Placement of an item',
  #5665);
#5665 = NEXT_ASSEMBLY_USAGE_OCCURRENCE('28',
  'P28 Triangle level 1 beam 1','',#5,#5302,$);
#5666 = PRODUCT_RELATED_PRODUCT_CATEGORY('part',$,(#5304));
#5667 = SHAPE_DEFINITION_REPRESENTATION(#5668,#5674);
#5668 = PRODUCT_DEFINITION_SHAPE('','',#5669);
#5669 = PRODUCT_DEFINITION('design','',#5670,#5673);
#5670 = PRODUCT_DEFINITION_FORMATION('','',#5671);
#5671 = PRODUCT('P29 Triangle level 1 beam 2',
  'P29 Triangle level 1 beam 2','',(#5672));
#5672 = PRODUCT_CONTEXT('',#2,'mechanical');
#5673 = PRODUCT_DEFINITION_CONTEXT('part definition',#2,'design');
#5674 = ADVANCED_BREP_SHAPE_REPRESENTATION('',(#11,#5675),#6023);
#5675 = MANIFOLD_SOLID_BREP('',#5676);
#5676 = CLOSED_SHELL('',(#5677,#5717,#5796,#5820,#5844,#5875,#5899,#5930
    ,#5954,#5971,#5999,#6011));
#5677 = ADVANCED_FACE('',(#5678),#5712,.F.);
#5678 = FACE_BOUND('',#5679,.F.);
#5679 = EDGE_LOOP('',(#5680,#5690,#5698,#5706));
#5680 = ORIENTED_EDGE('',*,*,#5681,.F.);
#5681 = EDGE_CURVE('',#5682,#5684,#5686,.T.);
#5682 = VERTEX_POINT('',#5683);
#5683 = CARTESIAN_POINT('',(-253.7454433088,146.5,260.));
#5684 = VERTEX_POINT('',#5685);
#5685 = CARTESIAN_POINT('',(-243.7454433088,129.17949192431,260.));
#5686 = LINE('',#5687,#5688);
#5687 = CARTESIAN_POINT('',(-253.7454433088,146.5,260.));
#5688 = VECTOR('',#5689,1.);
#5689 = DIRECTION('',(0.5,-0.866025403784,0.));
#5690 = ORIENTED_EDGE('',*,*,#5691,.T.);
#5691 = EDGE_CURVE('',#5682,#5692,#5694,.T.);
#5692 = VERTEX_POINT('',#5693);
#5693 = CARTESIAN_POINT('',(-253.7454433088,146.5,280.));
#5694 = LINE('',#5695,#5696);
#5695 = CARTESIAN_POINT('',(-253.7454433088,146.5,260.));
#5696 = VECTOR('',#5697,1.);
#5697 = DIRECTION('',(0.,0.,1.));
#5698 = ORIENTED_EDGE('',*,*,#5699,.T.);
#5699 = EDGE_CURVE('',#5692,#5700,#5702,.T.);
#5700 = VERTEX_POINT('',#5701);
#5701 = CARTESIAN_POINT('',(-243.7454433088,129.17949192431,280.));
#5702 = LINE('',#5703,#5704);
#5703 = CARTESIAN_POINT('',(-253.7454433088,146.5,280.));
#5704 = VECTOR('',#5705,1.);
#5705 = DIRECTION('',(0.5,-0.866025403784,0.));
#5706 = ORIENTED_EDGE('',*,*,#5707,.T.);
#5707 = EDGE_CURVE('',#5700,#5684,#5708,.T.);
#5708 = LINE('',#5709,#5710);
#5709 = CARTESIAN_POINT('',(-243.7454433088,129.17949192431,139.));
#5710 = VECTOR('',#5711,1.);
#5711 = DIRECTION('',(0.,0.,-1.));
#5712 = PLANE('',#5713);
#5713 = AXIS2_PLACEMENT_3D('',#5714,#5715,#5716);
#5714 = CARTESIAN_POINT('',(-253.7454433088,146.5,260.));
#5715 = DIRECTION('',(0.866025403784,0.5,-0.));
#5716 = DIRECTION('',(0.5,-0.866025403784,0.));
#5717 = ADVANCED_FACE('',(#5718),#5791,.F.);
#5718 = FACE_BOUND('',#5719,.F.);
#5719 = EDGE_LOOP('',(#5720,#5730,#5738,#5746,#5752,#5753,#5761,#5769,
    #5777,#5785));
#5720 = ORIENTED_EDGE('',*,*,#5721,.T.);
#5721 = EDGE_CURVE('',#5722,#5724,#5726,.T.);
#5722 = VERTEX_POINT('',#5723);
#5723 = CARTESIAN_POINT('',(-10.,-275.6794919243,260.));
#5724 = VERTEX_POINT('',#5725);
#5725 = CARTESIAN_POINT('',(-5.382322682253E-14,-293.,260.));
#5726 = LINE('',#5727,#5728);
#5727 = CARTESIAN_POINT('',(-253.7454433088,146.5,260.));
#5728 = VECTOR('',#5729,1.);
#5729 = DIRECTION('',(0.5,-0.866025403784,0.));
#5730 = ORIENTED_EDGE('',*,*,#5731,.T.);
#5731 = EDGE_CURVE('',#5724,#5732,#5734,.T.);
#5732 = VERTEX_POINT('',#5733);
#5733 = CARTESIAN_POINT('',(-4.647534602764E-14,-253.,260.));
#5734 = LINE('',#5735,#5736);
#5735 = CARTESIAN_POINT('',(-5.382322682253E-14,-293.,260.));
#5736 = VECTOR('',#5737,1.);
#5737 = DIRECTION('',(1.836970198721E-16,1.,0.));
#5738 = ORIENTED_EDGE('',*,*,#5739,.T.);
#5739 = EDGE_CURVE('',#5732,#5740,#5742,.T.);
#5740 = VERTEX_POINT('',#5741);
#5741 = CARTESIAN_POINT('',(-219.1044271574,126.5,260.));
#5742 = LINE('',#5743,#5744);
#5743 = CARTESIAN_POINT('',(-4.647534602764E-14,-253.,260.));
#5744 = VECTOR('',#5745,1.);
#5745 = DIRECTION('',(-0.5,0.866025403784,0.));
#5746 = ORIENTED_EDGE('',*,*,#5747,.T.);
#5747 = EDGE_CURVE('',#5740,#5682,#5748,.T.);
#5748 = LINE('',#5749,#5750);
#5749 = CARTESIAN_POINT('',(-219.1044271574,126.5,260.));
#5750 = VECTOR('',#5751,1.);
#5751 = DIRECTION('',(-0.866025403784,0.5,0.));
#5752 = ORIENTED_EDGE('',*,*,#5681,.T.);
#5753 = ORIENTED_EDGE('',*,*,#5754,.T.);
#5754 = EDGE_CURVE('',#5684,#5755,#5757,.T.);
#5755 = VERTEX_POINT('',#5756);
#5756 = CARTESIAN_POINT('',(-234.4967320028,123.83974596215,260.));
#5757 = LINE('',#5758,#5759);
#5758 = CARTESIAN_POINT('',(-149.4477245336,74.736678605475,260.));
#5759 = VECTOR('',#5760,1.);
#5760 = DIRECTION('',(0.866025403784,-0.5,0.));
#5761 = ORIENTED_EDGE('',*,*,#5762,.T.);
#5762 = EDGE_CURVE('',#5755,#5763,#5765,.T.);
#5763 = VERTEX_POINT('',#5764);
#5764 = CARTESIAN_POINT('',(-237.5796357715,118.5,260.));
#5765 = LINE('',#5766,#5767);
#5766 = CARTESIAN_POINT('',(-244.196090535,107.03996418357,260.));
#5767 = VECTOR('',#5768,1.);
#5768 = DIRECTION('',(-0.5,-0.866025403784,0.));
#5769 = ORIENTED_EDGE('',*,*,#5770,.T.);
#5770 = EDGE_CURVE('',#5763,#5771,#5773,.T.);
#5771 = VERTEX_POINT('',#5772);
#5772 = CARTESIAN_POINT('',(-16.16580753731,-265.,260.));
#5773 = LINE('',#5774,#5775);
#5774 = CARTESIAN_POINT('',(-253.7454433088,146.5,260.));
#5775 = VECTOR('',#5776,1.);
#5776 = DIRECTION('',(0.5,-0.866025403784,0.));
#5777 = ORIENTED_EDGE('',*,*,#5778,.T.);
#5778 = EDGE_CURVE('',#5771,#5779,#5781,.T.);
#5779 = VERTEX_POINT('',#5780);
#5780 = CARTESIAN_POINT('',(-10.,-265.,260.));
#5781 = LINE('',#5782,#5783);
#5782 = CARTESIAN_POINT('',(-66.39871706437,-265.,260.));
#5783 = VECTOR('',#5784,1.);
#5784 = DIRECTION('',(1.,-2.22044604925E-16,0.));
#5785 = ORIENTED_EDGE('',*,*,#5786,.F.);
#5786 = EDGE_CURVE('',#5722,#5779,#5787,.T.);
#5787 = LINE('',#5788,#5789);
#5788 = CARTESIAN_POINT('',(-10.,-166.7938652866,260.));
#5789 = VECTOR('',#5790,1.);
#5790 = DIRECTION('',(2.22044604925E-16,1.,-0.));
#5791 = PLANE('',#5792);
#5792 = AXIS2_PLACEMENT_3D('',#5793,#5794,#5795);
#5793 = CARTESIAN_POINT('',(-118.7974341287,-68.58773057327,260.));
#5794 = DIRECTION('',(0.,0.,1.));
#5795 = DIRECTION('',(1.,0.,-0.));
#5796 = ADVANCED_FACE('',(#5797),#5815,.T.);
#5797 = FACE_BOUND('',#5798,.T.);
#5798 = EDGE_LOOP('',(#5799,#5800,#5808,#5814));
#5799 = ORIENTED_EDGE('',*,*,#5754,.T.);
#5800 = ORIENTED_EDGE('',*,*,#5801,.T.);
#5801 = EDGE_CURVE('',#5755,#5802,#5804,.T.);
#5802 = VERTEX_POINT('',#5803);
#5803 = CARTESIAN_POINT('',(-234.4967320028,123.83974596215,280.));
#5804 = LINE('',#5805,#5806);
#5805 = CARTESIAN_POINT('',(-234.4967320028,123.83974596215,18.));
#5806 = VECTOR('',#5807,1.);
#5807 = DIRECTION('',(0.,0.,1.));
#5808 = ORIENTED_EDGE('',*,*,#5809,.T.);
#5809 = EDGE_CURVE('',#5802,#5700,#5810,.T.);
#5810 = LINE('',#5811,#5812);
#5811 = CARTESIAN_POINT('',(-234.4967320028,123.83974596215,280.));
#5812 = VECTOR('',#5813,1.);
#5813 = DIRECTION('',(-0.866025403784,0.5,0.));
#5814 = ORIENTED_EDGE('',*,*,#5707,.T.);
#5815 = PLANE('',#5816);
#5816 = AXIS2_PLACEMENT_3D('',#5817,#5818,#5819);
#5817 = CARTESIAN_POINT('',(-234.4967320028,123.83974596215,18.));
#5818 = DIRECTION('',(-0.5,-0.866025403784,0.));
#5819 = DIRECTION('',(0.,0.,1.));
#5820 = ADVANCED_FACE('',(#5821),#5839,.F.);
#5821 = FACE_BOUND('',#5822,.F.);
#5822 = EDGE_LOOP('',(#5823,#5831,#5837,#5838));
#5823 = ORIENTED_EDGE('',*,*,#5824,.T.);
#5824 = EDGE_CURVE('',#5740,#5825,#5827,.T.);
#5825 = VERTEX_POINT('',#5826);
#5826 = CARTESIAN_POINT('',(-219.1044271574,126.5,280.));
#5827 = LINE('',#5828,#5829);
#5828 = CARTESIAN_POINT('',(-219.1044271574,126.5,260.));
#5829 = VECTOR('',#5830,1.);
#5830 = DIRECTION('',(0.,0.,1.));
#5831 = ORIENTED_EDGE('',*,*,#5832,.T.);
#5832 = EDGE_CURVE('',#5825,#5692,#5833,.T.);
#5833 = LINE('',#5834,#5835);
#5834 = CARTESIAN_POINT('',(-219.1044271574,126.5,280.));
#5835 = VECTOR('',#5836,1.);
#5836 = DIRECTION('',(-0.866025403784,0.5,0.));
#5837 = ORIENTED_EDGE('',*,*,#5691,.F.);
#5838 = ORIENTED_EDGE('',*,*,#5747,.F.);
#5839 = PLANE('',#5840);
#5840 = AXIS2_PLACEMENT_3D('',#5841,#5842,#5843);
#5841 = CARTESIAN_POINT('',(-219.1044271574,126.5,260.));
#5842 = DIRECTION('',(-0.5,-0.866025403784,0.));
#5843 = DIRECTION('',(-0.866025403784,0.5,0.));
#5844 = ADVANCED_FACE('',(#5845),#5870,.F.);
#5845 = FACE_BOUND('',#5846,.F.);
#5846 = EDGE_LOOP('',(#5847,#5848,#5856,#5864));
#5847 = ORIENTED_EDGE('',*,*,#5721,.F.);
#5848 = ORIENTED_EDGE('',*,*,#5849,.F.);
#5849 = EDGE_CURVE('',#5850,#5722,#5852,.T.);
#5850 = VERTEX_POINT('',#5851);
#5851 = CARTESIAN_POINT('',(-10.,-275.6794919243,280.));
#5852 = LINE('',#5853,#5854);
#5853 = CARTESIAN_POINT('',(-10.,-275.6794919243,139.));
#5854 = VECTOR('',#5855,1.);
#5855 = DIRECTION('',(0.,-0.,-1.));
#5856 = ORIENTED_EDGE('',*,*,#5857,.T.);
#5857 = EDGE_CURVE('',#5850,#5858,#5860,.T.);
#5858 = VERTEX_POINT('',#5859);
#5859 = CARTESIAN_POINT('',(-5.382322682253E-14,-293.,280.));
#5860 = LINE('',#5861,#5862);
#5861 = CARTESIAN_POINT('',(-253.7454433088,146.5,280.));
#5862 = VECTOR('',#5863,1.);
#5863 = DIRECTION('',(0.5,-0.866025403784,0.));
#5864 = ORIENTED_EDGE('',*,*,#5865,.F.);
#5865 = EDGE_CURVE('',#5724,#5858,#5866,.T.);
#5866 = LINE('',#5867,#5868);
#5867 = CARTESIAN_POINT('',(-5.382322682253E-14,-293.,260.));
#5868 = VECTOR('',#5869,1.);
#5869 = DIRECTION('',(0.,0.,1.));
#5870 = PLANE('',#5871);
#5871 = AXIS2_PLACEMENT_3D('',#5872,#5873,#5874);
#5872 = CARTESIAN_POINT('',(-253.7454433088,146.5,260.));
#5873 = DIRECTION('',(0.866025403784,0.5,-0.));
#5874 = DIRECTION('',(0.5,-0.866025403784,0.));
#5875 = ADVANCED_FACE('',(#5876),#5894,.F.);
#5876 = FACE_BOUND('',#5877,.F.);
#5877 = EDGE_LOOP('',(#5878,#5879,#5887,#5893));
#5878 = ORIENTED_EDGE('',*,*,#5786,.T.);
#5879 = ORIENTED_EDGE('',*,*,#5880,.T.);
#5880 = EDGE_CURVE('',#5779,#5881,#5883,.T.);
#5881 = VERTEX_POINT('',#5882);
#5882 = CARTESIAN_POINT('',(-10.,-265.,280.));
#5883 = LINE('',#5884,#5885);
#5884 = CARTESIAN_POINT('',(-10.,-265.,18.));
#5885 = VECTOR('',#5886,1.);
#5886 = DIRECTION('',(0.,0.,1.));
#5887 = ORIENTED_EDGE('',*,*,#5888,.T.);
#5888 = EDGE_CURVE('',#5881,#5850,#5889,.T.);
#5889 = LINE('',#5890,#5891);
#5890 = CARTESIAN_POINT('',(-10.,-265.,280.));
#5891 = VECTOR('',#5892,1.);
#5892 = DIRECTION('',(-2.22044604925E-16,-1.,0.));
#5893 = ORIENTED_EDGE('',*,*,#5849,.T.);
#5894 = PLANE('',#5895);
#5895 = AXIS2_PLACEMENT_3D('',#5896,#5897,#5898);
#5896 = CARTESIAN_POINT('',(-10.,-265.,18.));
#5897 = DIRECTION('',(1.,-2.22044604925E-16,0.));
#5898 = DIRECTION('',(0.,0.,1.));
#5899 = ADVANCED_FACE('',(#5900),#5925,.F.);
#5900 = FACE_BOUND('',#5901,.F.);
#5901 = EDGE_LOOP('',(#5902,#5903,#5911,#5919));
#5902 = ORIENTED_EDGE('',*,*,#5770,.F.);
#5903 = ORIENTED_EDGE('',*,*,#5904,.T.);
#5904 = EDGE_CURVE('',#5763,#5905,#5907,.T.);
#5905 = VERTEX_POINT('',#5906);
#5906 = CARTESIAN_POINT('',(-237.5796357715,118.5,280.));
#5907 = LINE('',#5908,#5909);
#5908 = CARTESIAN_POINT('',(-237.5796357715,118.5,139.));
#5909 = VECTOR('',#5910,1.);
#5910 = DIRECTION('',(0.,0.,1.));
#5911 = ORIENTED_EDGE('',*,*,#5912,.T.);
#5912 = EDGE_CURVE('',#5905,#5913,#5915,.T.);
#5913 = VERTEX_POINT('',#5914);
#5914 = CARTESIAN_POINT('',(-16.16580753731,-265.,280.));
#5915 = LINE('',#5916,#5917);
#5916 = CARTESIAN_POINT('',(-253.7454433088,146.5,280.));
#5917 = VECTOR('',#5918,1.);
#5918 = DIRECTION('',(0.5,-0.866025403784,0.));
#5919 = ORIENTED_EDGE('',*,*,#5920,.T.);
#5920 = EDGE_CURVE('',#5913,#5771,#5921,.T.);
#5921 = LINE('',#5922,#5923);
#5922 = CARTESIAN_POINT('',(-16.16580753731,-265.,139.));
#5923 = VECTOR('',#5924,1.);
#5924 = DIRECTION('',(0.,0.,-1.));
#5925 = PLANE('',#5926);
#5926 = AXIS2_PLACEMENT_3D('',#5927,#5928,#5929);
#5927 = CARTESIAN_POINT('',(-253.7454433088,146.5,260.));
#5928 = DIRECTION('',(0.866025403784,0.5,-0.));
#5929 = DIRECTION('',(0.5,-0.866025403784,0.));
#5930 = ADVANCED_FACE('',(#5931),#5949,.F.);
#5931 = FACE_BOUND('',#5932,.F.);
#5932 = EDGE_LOOP('',(#5933,#5941,#5947,#5948));
#5933 = ORIENTED_EDGE('',*,*,#5934,.T.);
#5934 = EDGE_CURVE('',#5732,#5935,#5937,.T.);
#5935 = VERTEX_POINT('',#5936);
#5936 = CARTESIAN_POINT('',(-4.647534602764E-14,-253.,280.));
#5937 = LINE('',#5938,#5939);
#5938 = CARTESIAN_POINT('',(-4.647534602764E-14,-253.,260.));
#5939 = VECTOR('',#5940,1.);
#5940 = DIRECTION('',(0.,0.,1.));
#5941 = ORIENTED_EDGE('',*,*,#5942,.T.);
#5942 = EDGE_CURVE('',#5935,#5825,#5943,.T.);
#5943 = LINE('',#5944,#5945);
#5944 = CARTESIAN_POINT('',(-4.647534602764E-14,-253.,280.));
#5945 = VECTOR('',#5946,1.);
#5946 = DIRECTION('',(-0.5,0.866025403784,0.));
#5947 = ORIENTED_EDGE('',*,*,#5824,.F.);
#5948 = ORIENTED_EDGE('',*,*,#5739,.F.);
#5949 = PLANE('',#5950);
#5950 = AXIS2_PLACEMENT_3D('',#5951,#5952,#5953);
#5951 = CARTESIAN_POINT('',(-4.647534602764E-14,-253.,260.));
#5952 = DIRECTION('',(-0.866025403784,-0.5,0.));
#5953 = DIRECTION('',(-0.5,0.866025403784,0.));
#5954 = ADVANCED_FACE('',(#5955),#5966,.F.);
#5955 = FACE_BOUND('',#5956,.F.);
#5956 = EDGE_LOOP('',(#5957,#5958,#5964,#5965));
#5957 = ORIENTED_EDGE('',*,*,#5865,.T.);
#5958 = ORIENTED_EDGE('',*,*,#5959,.T.);
#5959 = EDGE_CURVE('',#5858,#5935,#5960,.T.);
#5960 = LINE('',#5961,#5962);
#5961 = CARTESIAN_POINT('',(-5.382322682253E-14,-293.,280.));
#5962 = VECTOR('',#5963,1.);
#5963 = DIRECTION('',(1.836970198721E-16,1.,0.));
#5964 = ORIENTED_EDGE('',*,*,#5934,.F.);
#5965 = ORIENTED_EDGE('',*,*,#5731,.F.);
#5966 = PLANE('',#5967);
#5967 = AXIS2_PLACEMENT_3D('',#5968,#5969,#5970);
#5968 = CARTESIAN_POINT('',(-5.382322682253E-14,-293.,260.));
#5969 = DIRECTION('',(-1.,1.836970198721E-16,0.));
#5970 = DIRECTION('',(1.836970198721E-16,1.,0.));
#5971 = ADVANCED_FACE('',(#5972),#5994,.T.);
#5972 = FACE_BOUND('',#5973,.T.);
#5973 = EDGE_LOOP('',(#5974,#5975,#5976,#5982,#5983,#5989,#5990,#5991,
    #5992,#5993));
#5974 = ORIENTED_EDGE('',*,*,#5699,.T.);
#5975 = ORIENTED_EDGE('',*,*,#5809,.F.);
#5976 = ORIENTED_EDGE('',*,*,#5977,.T.);
#5977 = EDGE_CURVE('',#5802,#5905,#5978,.T.);
#5978 = LINE('',#5979,#5980);
#5979 = CARTESIAN_POINT('',(-234.4967320028,123.83974596215,280.));
#5980 = VECTOR('',#5981,1.);
#5981 = DIRECTION('',(-0.5,-0.866025403784,0.));
#5982 = ORIENTED_EDGE('',*,*,#5912,.T.);
#5983 = ORIENTED_EDGE('',*,*,#5984,.T.);
#5984 = EDGE_CURVE('',#5913,#5881,#5985,.T.);
#5985 = LINE('',#5986,#5987);
#5986 = CARTESIAN_POINT('',(-89.39871706437,-265.,280.));
#5987 = VECTOR('',#5988,1.);
#5988 = DIRECTION('',(1.,-2.22044604925E-16,0.));
#5989 = ORIENTED_EDGE('',*,*,#5888,.T.);
#5990 = ORIENTED_EDGE('',*,*,#5857,.T.);
#5991 = ORIENTED_EDGE('',*,*,#5959,.T.);
#5992 = ORIENTED_EDGE('',*,*,#5942,.T.);
#5993 = ORIENTED_EDGE('',*,*,#5832,.T.);
#5994 = PLANE('',#5995);
#5995 = AXIS2_PLACEMENT_3D('',#5996,#5997,#5998);
#5996 = CARTESIAN_POINT('',(-118.7926018814,-68.58494067396,280.));
#5997 = DIRECTION('',(0.,0.,1.));
#5998 = DIRECTION('',(1.,0.,-0.));
#5999 = ADVANCED_FACE('',(#6000),#6006,.T.);
#6000 = FACE_BOUND('',#6001,.T.);
#6001 = EDGE_LOOP('',(#6002,#6003,#6004,#6005));
#6002 = ORIENTED_EDGE('',*,*,#5984,.F.);
#6003 = ORIENTED_EDGE('',*,*,#5920,.T.);
#6004 = ORIENTED_EDGE('',*,*,#5778,.T.);
#6005 = ORIENTED_EDGE('',*,*,#5880,.T.);
#6006 = PLANE('',#6007);
#6007 = AXIS2_PLACEMENT_3D('',#6008,#6009,#6010);
#6008 = CARTESIAN_POINT('',(-13.08290376865,-265.,270.));
#6009 = DIRECTION('',(-0.,-1.,-0.));
#6010 = DIRECTION('',(0.,0.,-1.));
#6011 = ADVANCED_FACE('',(#6012),#6018,.T.);
#6012 = FACE_BOUND('',#6013,.T.);
#6013 = EDGE_LOOP('',(#6014,#6015,#6016,#6017));
#6014 = ORIENTED_EDGE('',*,*,#5977,.F.);
#6015 = ORIENTED_EDGE('',*,*,#5801,.F.);
#6016 = ORIENTED_EDGE('',*,*,#5762,.T.);
#6017 = ORIENTED_EDGE('',*,*,#5904,.T.);
#6018 = PLANE('',#6019);
#6019 = AXIS2_PLACEMENT_3D('',#6020,#6021,#6022);
#6020 = CARTESIAN_POINT('',(-236.0381838872,121.16987298107,270.));
#6021 = DIRECTION('',(-0.866025403784,0.5,-0.));
#6022 = DIRECTION('',(-0.5,-0.866025403784,0.));
#6023 = ( GEOMETRIC_REPRESENTATION_CONTEXT(3) 
GLOBAL_UNCERTAINTY_ASSIGNED_CONTEXT((#6027)) 
GLOBAL_UNIT_ASSIGNED_CONTEXT((#6024,#6025,#6026)) REPRESENTATION_CONTEXT
('Context #1','3D Context with UNIT and UNCERTAINTY') );
#6024 = ( LENGTH_UNIT() NAMED_UNIT(*) SI_UNIT(.MILLI.,.METRE.) );
#6025 = ( NAMED_UNIT(*) PLANE_ANGLE_UNIT() SI_UNIT($,.RADIAN.) );
#6026 = ( NAMED_UNIT(*) SI_UNIT($,.STERADIAN.) SOLID_ANGLE_UNIT() );
#6027 = UNCERTAINTY_MEASURE_WITH_UNIT(LENGTH_MEASURE(2.E-07),#6024,
  'distance_accuracy_value','confusion accuracy');
#6028 = CONTEXT_DEPENDENT_SHAPE_REPRESENTATION(#6029,#6031);
#6029 = ( REPRESENTATION_RELATIONSHIP('','',#5674,#10) 
REPRESENTATION_RELATIONSHIP_WITH_TRANSFORMATION(#6030) 
SHAPE_REPRESENTATION_RELATIONSHIP() );
#6030 = ITEM_DEFINED_TRANSFORMATION('','',#11,#127);
#6031 = PRODUCT_DEFINITION_SHAPE('Placement','Placement of an item',
  #6032);
#6032 = NEXT_ASSEMBLY_USAGE_OCCURRENCE('29',
  'P29 Triangle level 1 beam 2','',#5,#5669,$);
#6033 = PRODUCT_RELATED_PRODUCT_CATEGORY('part',$,(#5671));
#6034 = SHAPE_DEFINITION_REPRESENTATION(#6035,#6041);
#6035 = PRODUCT_DEFINITION_SHAPE('','',#6036);
#6036 = PRODUCT_DEFINITION('design','',#6037,#6040);
#6037 = PRODUCT_DEFINITION_FORMATION('','',#6038);
#6038 = PRODUCT('P30 Triangle level 1 beam 3',
  'P30 Triangle level 1 beam 3','',(#6039));
#6039 = PRODUCT_CONTEXT('',#2,'mechanical');
#6040 = PRODUCT_DEFINITION_CONTEXT('part definition',#2,'design');
#6041 = ADVANCED_BREP_SHAPE_REPRESENTATION('',(#11,#6042),#6390);
#6042 = MANIFOLD_SOLID_BREP('',#6043);
#6043 = CLOSED_SHELL('',(#6044,#6084,#6163,#6187,#6211,#6242,#6266,#6297
    ,#6321,#6338,#6366,#6378));
#6044 = ADVANCED_FACE('',(#6045),#6079,.F.);
#6045 = FACE_BOUND('',#6046,.F.);
#6046 = EDGE_LOOP('',(#6047,#6057,#6065,#6073));
#6047 = ORIENTED_EDGE('',*,*,#6048,.F.);
#6048 = EDGE_CURVE('',#6049,#6051,#6053,.T.);
#6049 = VERTEX_POINT('',#6050);
#6050 = CARTESIAN_POINT('',(-5.382322682253E-14,-293.,260.));
#6051 = VERTEX_POINT('',#6052);
#6052 = CARTESIAN_POINT('',(10.,-275.6794919243,260.));
#6053 = LINE('',#6054,#6055);
#6054 = CARTESIAN_POINT('',(-5.382322682253E-14,-293.,260.));
#6055 = VECTOR('',#6056,1.);
#6056 = DIRECTION('',(0.5,0.866025403784,0.));
#6057 = ORIENTED_EDGE('',*,*,#6058,.T.);
#6058 = EDGE_CURVE('',#6049,#6059,#6061,.T.);
#6059 = VERTEX_POINT('',#6060);
#6060 = CARTESIAN_POINT('',(-5.382322682253E-14,-293.,280.));
#6061 = LINE('',#6062,#6063);
#6062 = CARTESIAN_POINT('',(-5.382322682253E-14,-293.,260.));
#6063 = VECTOR('',#6064,1.);
#6064 = DIRECTION('',(0.,0.,1.));
#6065 = ORIENTED_EDGE('',*,*,#6066,.T.);
#6066 = EDGE_CURVE('',#6059,#6067,#6069,.T.);
#6067 = VERTEX_POINT('',#6068);
#6068 = CARTESIAN_POINT('',(10.,-275.6794919243,280.));
#6069 = LINE('',#6070,#6071);
#6070 = CARTESIAN_POINT('',(-5.382322682253E-14,-293.,280.));
#6071 = VECTOR('',#6072,1.);
#6072 = DIRECTION('',(0.5,0.866025403784,0.));
#6073 = ORIENTED_EDGE('',*,*,#6074,.T.);
#6074 = EDGE_CURVE('',#6067,#6051,#6075,.T.);
#6075 = LINE('',#6076,#6077);
#6076 = CARTESIAN_POINT('',(10.,-275.6794919243,139.));
#6077 = VECTOR('',#6078,1.);
#6078 = DIRECTION('',(0.,0.,-1.));
#6079 = PLANE('',#6080);
#6080 = AXIS2_PLACEMENT_3D('',#6081,#6082,#6083);
#6081 = CARTESIAN_POINT('',(-5.382322682253E-14,-293.,260.));
#6082 = DIRECTION('',(-0.866025403784,0.5,0.));
#6083 = DIRECTION('',(0.5,0.866025403784,0.));
#6084 = ADVANCED_FACE('',(#6085),#6158,.F.);
#6085 = FACE_BOUND('',#6086,.F.);
#6086 = EDGE_LOOP('',(#6087,#6097,#6105,#6113,#6119,#6120,#6128,#6136,
    #6144,#6152));
#6087 = ORIENTED_EDGE('',*,*,#6088,.T.);
#6088 = EDGE_CURVE('',#6089,#6091,#6093,.T.);
#6089 = VERTEX_POINT('',#6090);
#6090 = CARTESIAN_POINT('',(243.74544330884,129.17949192431,260.));
#6091 = VERTEX_POINT('',#6092);
#6092 = CARTESIAN_POINT('',(253.74544330884,146.5,260.));
#6093 = LINE('',#6094,#6095);
#6094 = CARTESIAN_POINT('',(-5.382322682253E-14,-293.,260.));
#6095 = VECTOR('',#6096,1.);
#6096 = DIRECTION('',(0.5,0.866025403784,0.));
#6097 = ORIENTED_EDGE('',*,*,#6098,.T.);
#6098 = EDGE_CURVE('',#6091,#6099,#6101,.T.);
#6099 = VERTEX_POINT('',#6100);
#6100 = CARTESIAN_POINT('',(219.10442715746,126.5,260.));
#6101 = LINE('',#6102,#6103);
#6102 = CARTESIAN_POINT('',(253.74544330884,146.5,260.));
#6103 = VECTOR('',#6104,1.);
#6104 = DIRECTION('',(-0.866025403784,-0.5,0.));
#6105 = ORIENTED_EDGE('',*,*,#6106,.T.);
#6106 = EDGE_CURVE('',#6099,#6107,#6109,.T.);
#6107 = VERTEX_POINT('',#6108);
#6108 = CARTESIAN_POINT('',(-4.647534602764E-14,-253.,260.));
#6109 = LINE('',#6110,#6111);
#6110 = CARTESIAN_POINT('',(219.10442715746,126.5,260.));
#6111 = VECTOR('',#6112,1.);
#6112 = DIRECTION('',(-0.5,-0.866025403784,0.));
#6113 = ORIENTED_EDGE('',*,*,#6114,.T.);
#6114 = EDGE_CURVE('',#6107,#6049,#6115,.T.);
#6115 = LINE('',#6116,#6117);
#6116 = CARTESIAN_POINT('',(-4.647534602764E-14,-253.,260.));
#6117 = VECTOR('',#6118,1.);
#6118 = DIRECTION('',(-1.836970198721E-16,-1.,0.));
#6119 = ORIENTED_EDGE('',*,*,#6048,.T.);
#6120 = ORIENTED_EDGE('',*,*,#6121,.T.);
#6121 = EDGE_CURVE('',#6051,#6122,#6124,.T.);
#6122 = VERTEX_POINT('',#6123);
#6123 = CARTESIAN_POINT('',(10.,-265.,260.));
#6124 = LINE('',#6125,#6126);
#6125 = CARTESIAN_POINT('',(10.,-166.7938652866,260.));
#6126 = VECTOR('',#6127,1.);
#6127 = DIRECTION('',(2.22044604925E-16,1.,-0.));
#6128 = ORIENTED_EDGE('',*,*,#6129,.T.);
#6129 = EDGE_CURVE('',#6122,#6130,#6132,.T.);
#6130 = VERTEX_POINT('',#6131);
#6131 = CARTESIAN_POINT('',(16.165807537309,-265.,260.));
#6132 = LINE('',#6133,#6134);
#6133 = CARTESIAN_POINT('',(29.398717064379,-265.,260.));
#6134 = VECTOR('',#6135,1.);
#6135 = DIRECTION('',(1.,-2.22044604925E-16,0.));
#6136 = ORIENTED_EDGE('',*,*,#6137,.T.);
#6137 = EDGE_CURVE('',#6130,#6138,#6140,.T.);
#6138 = VERTEX_POINT('',#6139);
#6139 = CARTESIAN_POINT('',(237.57963577153,118.5,260.));
#6140 = LINE('',#6141,#6142);
#6141 = CARTESIAN_POINT('',(-5.382322682253E-14,-293.,260.));
#6142 = VECTOR('',#6143,1.);
#6143 = DIRECTION('',(0.5,0.866025403784,0.));
#6144 = ORIENTED_EDGE('',*,*,#6145,.T.);
#6145 = EDGE_CURVE('',#6138,#6146,#6148,.T.);
#6146 = VERTEX_POINT('',#6147);
#6147 = CARTESIAN_POINT('',(234.49673200287,123.83974596215,260.));
#6148 = LINE('',#6149,#6150);
#6149 = CARTESIAN_POINT('',(262.69609053506,74.997024243552,260.));
#6150 = VECTOR('',#6151,1.);
#6151 = DIRECTION('',(-0.5,0.866025403784,0.));
#6152 = ORIENTED_EDGE('',*,*,#6153,.F.);
#6153 = EDGE_CURVE('',#6089,#6146,#6154,.T.);
#6154 = LINE('',#6155,#6156);
#6155 = CARTESIAN_POINT('',(149.44772453362,74.736678605475,260.));
#6156 = VECTOR('',#6157,1.);
#6157 = DIRECTION('',(-0.866025403784,-0.5,0.));
#6158 = PLANE('',#6159);
#6159 = AXIS2_PLACEMENT_3D('',#6160,#6161,#6162);
#6160 = CARTESIAN_POINT('',(118.79743412875,-68.58773057327,260.));
#6161 = DIRECTION('',(0.,0.,1.));
#6162 = DIRECTION('',(1.,0.,-0.));
#6163 = ADVANCED_FACE('',(#6164),#6182,.T.);
#6164 = FACE_BOUND('',#6165,.T.);
#6165 = EDGE_LOOP('',(#6166,#6167,#6175,#6181));
#6166 = ORIENTED_EDGE('',*,*,#6121,.T.);
#6167 = ORIENTED_EDGE('',*,*,#6168,.T.);
#6168 = EDGE_CURVE('',#6122,#6169,#6171,.T.);
#6169 = VERTEX_POINT('',#6170);
#6170 = CARTESIAN_POINT('',(10.,-265.,280.));
#6171 = LINE('',#6172,#6173);
#6172 = CARTESIAN_POINT('',(10.,-265.,18.));
#6173 = VECTOR('',#6174,1.);
#6174 = DIRECTION('',(0.,0.,1.));
#6175 = ORIENTED_EDGE('',*,*,#6176,.T.);
#6176 = EDGE_CURVE('',#6169,#6067,#6177,.T.);
#6177 = LINE('',#6178,#6179);
#6178 = CARTESIAN_POINT('',(10.,-265.,280.));
#6179 = VECTOR('',#6180,1.);
#6180 = DIRECTION('',(-2.22044604925E-16,-1.,0.));
#6181 = ORIENTED_EDGE('',*,*,#6074,.T.);
#6182 = PLANE('',#6183);
#6183 = AXIS2_PLACEMENT_3D('',#6184,#6185,#6186);
#6184 = CARTESIAN_POINT('',(10.,-265.,18.));
#6185 = DIRECTION('',(1.,-2.22044604925E-16,0.));
#6186 = DIRECTION('',(0.,0.,1.));
#6187 = ADVANCED_FACE('',(#6188),#6206,.F.);
#6188 = FACE_BOUND('',#6189,.F.);
#6189 = EDGE_LOOP('',(#6190,#6198,#6204,#6205));
#6190 = ORIENTED_EDGE('',*,*,#6191,.T.);
#6191 = EDGE_CURVE('',#6107,#6192,#6194,.T.);
#6192 = VERTEX_POINT('',#6193);
#6193 = CARTESIAN_POINT('',(-4.647534602764E-14,-253.,280.));
#6194 = LINE('',#6195,#6196);
#6195 = CARTESIAN_POINT('',(-4.647534602764E-14,-253.,260.));
#6196 = VECTOR('',#6197,1.);
#6197 = DIRECTION('',(0.,0.,1.));
#6198 = ORIENTED_EDGE('',*,*,#6199,.T.);
#6199 = EDGE_CURVE('',#6192,#6059,#6200,.T.);
#6200 = LINE('',#6201,#6202);
#6201 = CARTESIAN_POINT('',(-4.647534602764E-14,-253.,280.));
#6202 = VECTOR('',#6203,1.);
#6203 = DIRECTION('',(-1.836970198721E-16,-1.,0.));
#6204 = ORIENTED_EDGE('',*,*,#6058,.F.);
#6205 = ORIENTED_EDGE('',*,*,#6114,.F.);
#6206 = PLANE('',#6207);
#6207 = AXIS2_PLACEMENT_3D('',#6208,#6209,#6210);
#6208 = CARTESIAN_POINT('',(-4.647534602764E-14,-253.,260.));
#6209 = DIRECTION('',(1.,-1.836970198721E-16,0.));
#6210 = DIRECTION('',(-1.836970198721E-16,-1.,0.));
#6211 = ADVANCED_FACE('',(#6212),#6237,.F.);
#6212 = FACE_BOUND('',#6213,.F.);
#6213 = EDGE_LOOP('',(#6214,#6215,#6223,#6231));
#6214 = ORIENTED_EDGE('',*,*,#6088,.F.);
#6215 = ORIENTED_EDGE('',*,*,#6216,.F.);
#6216 = EDGE_CURVE('',#6217,#6089,#6219,.T.);
#6217 = VERTEX_POINT('',#6218);
#6218 = CARTESIAN_POINT('',(243.74544330884,129.17949192431,280.));
#6219 = LINE('',#6220,#6221);
#6220 = CARTESIAN_POINT('',(243.74544330884,129.17949192431,139.));
#6221 = VECTOR('',#6222,1.);
#6222 = DIRECTION('',(0.,0.,-1.));
#6223 = ORIENTED_EDGE('',*,*,#6224,.T.);
#6224 = EDGE_CURVE('',#6217,#6225,#6227,.T.);
#6225 = VERTEX_POINT('',#6226);
#6226 = CARTESIAN_POINT('',(253.74544330884,146.5,280.));
#6227 = LINE('',#6228,#6229);
#6228 = CARTESIAN_POINT('',(-5.382322682253E-14,-293.,280.));
#6229 = VECTOR('',#6230,1.);
#6230 = DIRECTION('',(0.5,0.866025403784,0.));
#6231 = ORIENTED_EDGE('',*,*,#6232,.F.);
#6232 = EDGE_CURVE('',#6091,#6225,#6233,.T.);
#6233 = LINE('',#6234,#6235);
#6234 = CARTESIAN_POINT('',(253.74544330884,146.5,260.));
#6235 = VECTOR('',#6236,1.);
#6236 = DIRECTION('',(0.,0.,1.));
#6237 = PLANE('',#6238);
#6238 = AXIS2_PLACEMENT_3D('',#6239,#6240,#6241);
#6239 = CARTESIAN_POINT('',(-5.382322682253E-14,-293.,260.));
#6240 = DIRECTION('',(-0.866025403784,0.5,0.));
#6241 = DIRECTION('',(0.5,0.866025403784,0.));
#6242 = ADVANCED_FACE('',(#6243),#6261,.F.);
#6243 = FACE_BOUND('',#6244,.F.);
#6244 = EDGE_LOOP('',(#6245,#6246,#6254,#6260));
#6245 = ORIENTED_EDGE('',*,*,#6153,.T.);
#6246 = ORIENTED_EDGE('',*,*,#6247,.T.);
#6247 = EDGE_CURVE('',#6146,#6248,#6250,.T.);
#6248 = VERTEX_POINT('',#6249);
#6249 = CARTESIAN_POINT('',(234.49673200287,123.83974596215,280.));
#6250 = LINE('',#6251,#6252);
#6251 = CARTESIAN_POINT('',(234.49673200287,123.83974596215,18.));
#6252 = VECTOR('',#6253,1.);
#6253 = DIRECTION('',(0.,0.,1.));
#6254 = ORIENTED_EDGE('',*,*,#6255,.T.);
#6255 = EDGE_CURVE('',#6248,#6217,#6256,.T.);
#6256 = LINE('',#6257,#6258);
#6257 = CARTESIAN_POINT('',(234.49673200287,123.83974596215,280.));
#6258 = VECTOR('',#6259,1.);
#6259 = DIRECTION('',(0.866025403784,0.5,0.));
#6260 = ORIENTED_EDGE('',*,*,#6216,.T.);
#6261 = PLANE('',#6262);
#6262 = AXIS2_PLACEMENT_3D('',#6263,#6264,#6265);
#6263 = CARTESIAN_POINT('',(234.49673200287,123.83974596215,18.));
#6264 = DIRECTION('',(-0.5,0.866025403784,0.));
#6265 = DIRECTION('',(0.,0.,1.));
#6266 = ADVANCED_FACE('',(#6267),#6292,.F.);
#6267 = FACE_BOUND('',#6268,.F.);
#6268 = EDGE_LOOP('',(#6269,#6270,#6278,#6286));
#6269 = ORIENTED_EDGE('',*,*,#6137,.F.);
#6270 = ORIENTED_EDGE('',*,*,#6271,.T.);
#6271 = EDGE_CURVE('',#6130,#6272,#6274,.T.);
#6272 = VERTEX_POINT('',#6273);
#6273 = CARTESIAN_POINT('',(16.165807537309,-265.,280.));
#6274 = LINE('',#6275,#6276);
#6275 = CARTESIAN_POINT('',(16.165807537309,-265.,139.));
#6276 = VECTOR('',#6277,1.);
#6277 = DIRECTION('',(0.,0.,1.));
#6278 = ORIENTED_EDGE('',*,*,#6279,.T.);
#6279 = EDGE_CURVE('',#6272,#6280,#6282,.T.);
#6280 = VERTEX_POINT('',#6281);
#6281 = CARTESIAN_POINT('',(237.57963577153,118.5,280.));
#6282 = LINE('',#6283,#6284);
#6283 = CARTESIAN_POINT('',(-5.382322682253E-14,-293.,280.));
#6284 = VECTOR('',#6285,1.);
#6285 = DIRECTION('',(0.5,0.866025403784,0.));
#6286 = ORIENTED_EDGE('',*,*,#6287,.T.);
#6287 = EDGE_CURVE('',#6280,#6138,#6288,.T.);
#6288 = LINE('',#6289,#6290);
#6289 = CARTESIAN_POINT('',(237.57963577153,118.5,139.));
#6290 = VECTOR('',#6291,1.);
#6291 = DIRECTION('',(0.,0.,-1.));
#6292 = PLANE('',#6293);
#6293 = AXIS2_PLACEMENT_3D('',#6294,#6295,#6296);
#6294 = CARTESIAN_POINT('',(-5.382322682253E-14,-293.,260.));
#6295 = DIRECTION('',(-0.866025403784,0.5,0.));
#6296 = DIRECTION('',(0.5,0.866025403784,0.));
#6297 = ADVANCED_FACE('',(#6298),#6316,.F.);
#6298 = FACE_BOUND('',#6299,.F.);
#6299 = EDGE_LOOP('',(#6300,#6308,#6314,#6315));
#6300 = ORIENTED_EDGE('',*,*,#6301,.T.);
#6301 = EDGE_CURVE('',#6099,#6302,#6304,.T.);
#6302 = VERTEX_POINT('',#6303);
#6303 = CARTESIAN_POINT('',(219.10442715746,126.5,280.));
#6304 = LINE('',#6305,#6306);
#6305 = CARTESIAN_POINT('',(219.10442715746,126.5,260.));
#6306 = VECTOR('',#6307,1.);
#6307 = DIRECTION('',(0.,0.,1.));
#6308 = ORIENTED_EDGE('',*,*,#6309,.T.);
#6309 = EDGE_CURVE('',#6302,#6192,#6310,.T.);
#6310 = LINE('',#6311,#6312);
#6311 = CARTESIAN_POINT('',(219.10442715746,126.5,280.));
#6312 = VECTOR('',#6313,1.);
#6313 = DIRECTION('',(-0.5,-0.866025403784,0.));
#6314 = ORIENTED_EDGE('',*,*,#6191,.F.);
#6315 = ORIENTED_EDGE('',*,*,#6106,.F.);
#6316 = PLANE('',#6317);
#6317 = AXIS2_PLACEMENT_3D('',#6318,#6319,#6320);
#6318 = CARTESIAN_POINT('',(219.10442715746,126.5,260.));
#6319 = DIRECTION('',(0.866025403784,-0.5,0.));
#6320 = DIRECTION('',(-0.5,-0.866025403784,0.));
#6321 = ADVANCED_FACE('',(#6322),#6333,.F.);
#6322 = FACE_BOUND('',#6323,.F.);
#6323 = EDGE_LOOP('',(#6324,#6325,#6331,#6332));
#6324 = ORIENTED_EDGE('',*,*,#6232,.T.);
#6325 = ORIENTED_EDGE('',*,*,#6326,.T.);
#6326 = EDGE_CURVE('',#6225,#6302,#6327,.T.);
#6327 = LINE('',#6328,#6329);
#6328 = CARTESIAN_POINT('',(253.74544330884,146.5,280.));
#6329 = VECTOR('',#6330,1.);
#6330 = DIRECTION('',(-0.866025403784,-0.5,0.));
#6331 = ORIENTED_EDGE('',*,*,#6301,.F.);
#6332 = ORIENTED_EDGE('',*,*,#6098,.F.);
#6333 = PLANE('',#6334);
#6334 = AXIS2_PLACEMENT_3D('',#6335,#6336,#6337);
#6335 = CARTESIAN_POINT('',(253.74544330884,146.5,260.));
#6336 = DIRECTION('',(0.5,-0.866025403784,0.));
#6337 = DIRECTION('',(-0.866025403784,-0.5,0.));
#6338 = ADVANCED_FACE('',(#6339),#6361,.T.);
#6339 = FACE_BOUND('',#6340,.T.);
#6340 = EDGE_LOOP('',(#6341,#6347,#6348,#6349,#6350,#6351,#6352,#6353,
    #6354,#6360));
#6341 = ORIENTED_EDGE('',*,*,#6342,.T.);
#6342 = EDGE_CURVE('',#6280,#6248,#6343,.T.);
#6343 = LINE('',#6344,#6345);
#6344 = CARTESIAN_POINT('',(274.19609053506,55.07843995651,280.));
#6345 = VECTOR('',#6346,1.);
#6346 = DIRECTION('',(-0.5,0.866025403784,0.));
#6347 = ORIENTED_EDGE('',*,*,#6255,.T.);
#6348 = ORIENTED_EDGE('',*,*,#6224,.T.);
#6349 = ORIENTED_EDGE('',*,*,#6326,.T.);
#6350 = ORIENTED_EDGE('',*,*,#6309,.T.);
#6351 = ORIENTED_EDGE('',*,*,#6199,.T.);
#6352 = ORIENTED_EDGE('',*,*,#6066,.T.);
#6353 = ORIENTED_EDGE('',*,*,#6176,.F.);
#6354 = ORIENTED_EDGE('',*,*,#6355,.T.);
#6355 = EDGE_CURVE('',#6169,#6272,#6356,.T.);
#6356 = LINE('',#6357,#6358);
#6357 = CARTESIAN_POINT('',(10.,-265.,280.));
#6358 = VECTOR('',#6359,1.);
#6359 = DIRECTION('',(1.,-2.22044604925E-16,0.));
#6360 = ORIENTED_EDGE('',*,*,#6279,.T.);
#6361 = PLANE('',#6362);
#6362 = AXIS2_PLACEMENT_3D('',#6363,#6364,#6365);
#6363 = CARTESIAN_POINT('',(118.7926018814,-68.58494067396,280.));
#6364 = DIRECTION('',(0.,0.,1.));
#6365 = DIRECTION('',(1.,0.,-0.));
#6366 = ADVANCED_FACE('',(#6367),#6373,.T.);
#6367 = FACE_BOUND('',#6368,.T.);
#6368 = EDGE_LOOP('',(#6369,#6370,#6371,#6372));
#6369 = ORIENTED_EDGE('',*,*,#6342,.F.);
#6370 = ORIENTED_EDGE('',*,*,#6287,.T.);
#6371 = ORIENTED_EDGE('',*,*,#6145,.T.);
#6372 = ORIENTED_EDGE('',*,*,#6247,.T.);
#6373 = PLANE('',#6374);
#6374 = AXIS2_PLACEMENT_3D('',#6375,#6376,#6377);
#6375 = CARTESIAN_POINT('',(236.0381838872,121.16987298107,270.));
#6376 = DIRECTION('',(0.866025403784,0.5,0.));
#6377 = DIRECTION('',(-0.5,0.866025403784,0.));
#6378 = ADVANCED_FACE('',(#6379),#6385,.T.);
#6379 = FACE_BOUND('',#6380,.T.);
#6380 = EDGE_LOOP('',(#6381,#6382,#6383,#6384));
#6381 = ORIENTED_EDGE('',*,*,#6355,.F.);
#6382 = ORIENTED_EDGE('',*,*,#6168,.F.);
#6383 = ORIENTED_EDGE('',*,*,#6129,.T.);
#6384 = ORIENTED_EDGE('',*,*,#6271,.T.);
#6385 = PLANE('',#6386);
#6386 = AXIS2_PLACEMENT_3D('',#6387,#6388,#6389);
#6387 = CARTESIAN_POINT('',(13.082903768655,-265.,270.));
#6388 = DIRECTION('',(-0.,-1.,-0.));
#6389 = DIRECTION('',(0.,0.,-1.));
#6390 = ( GEOMETRIC_REPRESENTATION_CONTEXT(3) 
GLOBAL_UNCERTAINTY_ASSIGNED_CONTEXT((#6394)) 
GLOBAL_UNIT_ASSIGNED_CONTEXT((#6391,#6392,#6393)) REPRESENTATION_CONTEXT
('Context #1','3D Context with UNIT and UNCERTAINTY') );
#6391 = ( LENGTH_UNIT() NAMED_UNIT(*) SI_UNIT(.MILLI.,.METRE.) );
#6392 = ( NAMED_UNIT(*) PLANE_ANGLE_UNIT() SI_UNIT($,.RADIAN.) );
#6393 = ( NAMED_UNIT(*) SI_UNIT($,.STERADIAN.) SOLID_ANGLE_UNIT() );
#6394 = UNCERTAINTY_MEASURE_WITH_UNIT(LENGTH_MEASURE(2.E-07),#6391,
  'distance_accuracy_value','confusion accuracy');
#6395 = CONTEXT_DEPENDENT_SHAPE_REPRESENTATION(#6396,#6398);
#6396 = ( REPRESENTATION_RELATIONSHIP('','',#6041,#10) 
REPRESENTATION_RELATIONSHIP_WITH_TRANSFORMATION(#6397) 
SHAPE_REPRESENTATION_RELATIONSHIP() );
#6397 = ITEM_DEFINED_TRANSFORMATION('','',#11,#131);
#6398 = PRODUCT_DEFINITION_SHAPE('Placement','Placement of an item',
  #6399);
#6399 = NEXT_ASSEMBLY_USAGE_OCCURRENCE('30',
  'P30 Triangle level 1 beam 3','',#5,#6036,$);
#6400 = PRODUCT_RELATED_PRODUCT_CATEGORY('part',$,(#6038));
#6401 = SHAPE_DEFINITION_REPRESENTATION(#6402,#6408);
#6402 = PRODUCT_DEFINITION_SHAPE('','',#6403);
#6403 = PRODUCT_DEFINITION('design','',#6404,#6407);
#6404 = PRODUCT_DEFINITION_FORMATION('','',#6405);
#6405 = PRODUCT('P31 Triangle level 2 beam 1',
  'P31 Triangle level 2 beam 1','',(#6406));
#6406 = PRODUCT_CONTEXT('',#2,'mechanical');
#6407 = PRODUCT_DEFINITION_CONTEXT('part definition',#2,'design');
#6408 = ADVANCED_BREP_SHAPE_REPRESENTATION('',(#11,#6409),#6757);
#6409 = MANIFOLD_SOLID_BREP('',#6410);
#6410 = CLOSED_SHELL('',(#6411,#6451,#6530,#6554,#6626,#6643,#6665,#6682
    ,#6704,#6721,#6733,#6745));
#6411 = ADVANCED_FACE('',(#6412),#6446,.F.);
#6412 = FACE_BOUND('',#6413,.F.);
#6413 = EDGE_LOOP('',(#6414,#6424,#6432,#6440));
#6414 = ORIENTED_EDGE('',*,*,#6415,.F.);
#6415 = EDGE_CURVE('',#6416,#6418,#6420,.T.);
#6416 = VERTEX_POINT('',#6417);
#6417 = CARTESIAN_POINT('',(253.74544330884,146.5,220.));
#6418 = VERTEX_POINT('',#6419);
#6419 = CARTESIAN_POINT('',(233.74544330884,146.5,220.));
#6420 = LINE('',#6421,#6422);
#6421 = CARTESIAN_POINT('',(253.74544330884,146.5,220.));
#6422 = VECTOR('',#6423,1.);
#6423 = DIRECTION('',(-1.,0.,0.));
#6424 = ORIENTED_EDGE('',*,*,#6425,.T.);
#6425 = EDGE_CURVE('',#6416,#6426,#6428,.T.);
#6426 = VERTEX_POINT('',#6427);
#6427 = CARTESIAN_POINT('',(253.74544330884,146.5,240.));
#6428 = LINE('',#6429,#6430);
#6429 = CARTESIAN_POINT('',(253.74544330884,146.5,220.));
#6430 = VECTOR('',#6431,1.);
#6431 = DIRECTION('',(0.,0.,1.));
#6432 = ORIENTED_EDGE('',*,*,#6433,.T.);
#6433 = EDGE_CURVE('',#6426,#6434,#6436,.T.);
#6434 = VERTEX_POINT('',#6435);
#6435 = CARTESIAN_POINT('',(233.74544330884,146.5,240.));
#6436 = LINE('',#6437,#6438);
#6437 = CARTESIAN_POINT('',(253.74544330884,146.5,240.));
#6438 = VECTOR('',#6439,1.);
#6439 = DIRECTION('',(-1.,0.,0.));
#6440 = ORIENTED_EDGE('',*,*,#6441,.T.);
#6441 = EDGE_CURVE('',#6434,#6418,#6442,.T.);
#6442 = LINE('',#6443,#6444);
#6443 = CARTESIAN_POINT('',(233.74544330884,146.5,119.));
#6444 = VECTOR('',#6445,1.);
#6445 = DIRECTION('',(-0.,-0.,-1.));
#6446 = PLANE('',#6447);
#6447 = AXIS2_PLACEMENT_3D('',#6448,#6449,#6450);
#6448 = CARTESIAN_POINT('',(253.74544330884,146.5,220.));
#6449 = DIRECTION('',(0.,-1.,0.));
#6450 = DIRECTION('',(-1.,0.,0.));
#6451 = ADVANCED_FACE('',(#6452),#6525,.F.);
#6452 = FACE_BOUND('',#6453,.F.);
#6453 = EDGE_LOOP('',(#6454,#6464,#6472,#6480,#6486,#6487,#6495,#6503,
    #6511,#6519));
#6454 = ORIENTED_EDGE('',*,*,#6455,.T.);
#6455 = EDGE_CURVE('',#6456,#6458,#6460,.T.);
#6456 = VERTEX_POINT('',#6457);
#6457 = CARTESIAN_POINT('',(-233.7454433088,146.5,220.));
#6458 = VERTEX_POINT('',#6459);
#6459 = CARTESIAN_POINT('',(-253.7454433088,146.5,220.));
#6460 = LINE('',#6461,#6462);
#6461 = CARTESIAN_POINT('',(253.74544330884,146.5,220.));
#6462 = VECTOR('',#6463,1.);
#6463 = DIRECTION('',(-1.,0.,0.));
#6464 = ORIENTED_EDGE('',*,*,#6465,.T.);
#6465 = EDGE_CURVE('',#6458,#6466,#6468,.T.);
#6466 = VERTEX_POINT('',#6467);
#6467 = CARTESIAN_POINT('',(-219.1044271574,126.5,220.));
#6468 = LINE('',#6469,#6470);
#6469 = CARTESIAN_POINT('',(-253.7454433088,146.5,220.));
#6470 = VECTOR('',#6471,1.);
#6471 = DIRECTION('',(0.866025403784,-0.5,0.));
#6472 = ORIENTED_EDGE('',*,*,#6473,.T.);
#6473 = EDGE_CURVE('',#6466,#6474,#6476,.T.);
#6474 = VERTEX_POINT('',#6475);
#6475 = CARTESIAN_POINT('',(219.10442715746,126.5,220.));
#6476 = LINE('',#6477,#6478);
#6477 = CARTESIAN_POINT('',(-219.1044271574,126.5,220.));
#6478 = VECTOR('',#6479,1.);
#6479 = DIRECTION('',(1.,0.,0.));
#6480 = ORIENTED_EDGE('',*,*,#6481,.T.);
#6481 = EDGE_CURVE('',#6474,#6416,#6482,.T.);
#6482 = LINE('',#6483,#6484);
#6483 = CARTESIAN_POINT('',(219.10442715746,126.5,220.));
#6484 = VECTOR('',#6485,1.);
#6485 = DIRECTION('',(0.866025403784,0.5,0.));
#6486 = ORIENTED_EDGE('',*,*,#6415,.T.);
#6487 = ORIENTED_EDGE('',*,*,#6488,.T.);
#6488 = EDGE_CURVE('',#6418,#6489,#6491,.T.);
#6489 = VERTEX_POINT('',#6490);
#6490 = CARTESIAN_POINT('',(224.49673200287,141.16025403784,220.));
#6491 = LINE('',#6492,#6493);
#6492 = CARTESIAN_POINT('',(139.44772453362,92.057186681163,220.));
#6493 = VECTOR('',#6494,1.);
#6494 = DIRECTION('',(-0.866025403784,-0.5,0.));
#6495 = ORIENTED_EDGE('',*,*,#6496,.T.);
#6496 = EDGE_CURVE('',#6489,#6497,#6499,.T.);
#6497 = VERTEX_POINT('',#6498);
#6498 = CARTESIAN_POINT('',(221.41382823422,146.5,220.));
#6499 = LINE('',#6500,#6501);
#6500 = CARTESIAN_POINT('',(214.79737347068,157.96003581642,220.));
#6501 = VECTOR('',#6502,1.);
#6502 = DIRECTION('',(-0.5,0.866025403784,0.));
#6503 = ORIENTED_EDGE('',*,*,#6504,.T.);
#6504 = EDGE_CURVE('',#6497,#6505,#6507,.T.);
#6505 = VERTEX_POINT('',#6506);
#6506 = CARTESIAN_POINT('',(-221.4138282342,146.5,220.));
#6507 = LINE('',#6508,#6509);
#6508 = CARTESIAN_POINT('',(253.74544330884,146.5,220.));
#6509 = VECTOR('',#6510,1.);
#6510 = DIRECTION('',(-1.,0.,0.));
#6511 = ORIENTED_EDGE('',*,*,#6512,.T.);
#6512 = EDGE_CURVE('',#6505,#6513,#6515,.T.);
#6513 = VERTEX_POINT('',#6514);
#6514 = CARTESIAN_POINT('',(-224.4967320028,141.16025403784,220.));
#6515 = LINE('',#6516,#6517);
#6516 = CARTESIAN_POINT('',(-196.2973734706,190.00297575644,220.));
#6517 = VECTOR('',#6518,1.);
#6518 = DIRECTION('',(-0.5,-0.866025403784,0.));
#6519 = ORIENTED_EDGE('',*,*,#6520,.F.);
#6520 = EDGE_CURVE('',#6456,#6513,#6521,.T.);
#6521 = LINE('',#6522,#6523);
#6522 = CARTESIAN_POINT('',(-139.4477245336,92.057186681163,220.));
#6523 = VECTOR('',#6524,1.);
#6524 = DIRECTION('',(0.866025403784,-0.5,0.));
#6525 = PLANE('',#6526);
#6526 = AXIS2_PLACEMENT_3D('',#6527,#6528,#6529);
#6527 = CARTESIAN_POINT('',(-4.433532862873E-15,137.17546114655,220.));
#6528 = DIRECTION('',(0.,0.,1.));
#6529 = DIRECTION('',(1.,0.,-0.));
#6530 = ADVANCED_FACE('',(#6531),#6549,.T.);
#6531 = FACE_BOUND('',#6532,.T.);
#6532 = EDGE_LOOP('',(#6533,#6534,#6542,#6548));
#6533 = ORIENTED_EDGE('',*,*,#6488,.T.);
#6534 = ORIENTED_EDGE('',*,*,#6535,.T.);
#6535 = EDGE_CURVE('',#6489,#6536,#6538,.T.);
#6536 = VERTEX_POINT('',#6537);
#6537 = CARTESIAN_POINT('',(224.49673200287,141.16025403784,240.));
#6538 = LINE('',#6539,#6540);
#6539 = CARTESIAN_POINT('',(224.49673200287,141.16025403784,18.));
#6540 = VECTOR('',#6541,1.);
#6541 = DIRECTION('',(0.,0.,1.));
#6542 = ORIENTED_EDGE('',*,*,#6543,.F.);
#6543 = EDGE_CURVE('',#6434,#6536,#6544,.T.);
#6544 = LINE('',#6545,#6546);
#6545 = CARTESIAN_POINT('',(139.44772453362,92.057186681163,240.));
#6546 = VECTOR('',#6547,1.);
#6547 = DIRECTION('',(-0.866025403784,-0.5,0.));
#6548 = ORIENTED_EDGE('',*,*,#6441,.T.);
#6549 = PLANE('',#6550);
#6550 = AXIS2_PLACEMENT_3D('',#6551,#6552,#6553);
#6551 = CARTESIAN_POINT('',(224.49673200287,141.16025403784,18.));
#6552 = DIRECTION('',(-0.5,0.866025403784,0.));
#6553 = DIRECTION('',(0.,0.,1.));
#6554 = ADVANCED_FACE('',(#6555),#6621,.T.);
#6555 = FACE_BOUND('',#6556,.T.);
#6556 = EDGE_LOOP('',(#6557,#6567,#6575,#6583,#6589,#6590,#6591,#6599,
    #6607,#6615));
#6557 = ORIENTED_EDGE('',*,*,#6558,.T.);
#6558 = EDGE_CURVE('',#6559,#6561,#6563,.T.);
#6559 = VERTEX_POINT('',#6560);
#6560 = CARTESIAN_POINT('',(-233.7454433088,146.5,240.));
#6561 = VERTEX_POINT('',#6562);
#6562 = CARTESIAN_POINT('',(-253.7454433088,146.5,240.));
#6563 = LINE('',#6564,#6565);
#6564 = CARTESIAN_POINT('',(253.74544330884,146.5,240.));
#6565 = VECTOR('',#6566,1.);
#6566 = DIRECTION('',(-1.,0.,0.));
#6567 = ORIENTED_EDGE('',*,*,#6568,.T.);
#6568 = EDGE_CURVE('',#6561,#6569,#6571,.T.);
#6569 = VERTEX_POINT('',#6570);
#6570 = CARTESIAN_POINT('',(-219.1044271574,126.5,240.));
#6571 = LINE('',#6572,#6573);
#6572 = CARTESIAN_POINT('',(-253.7454433088,146.5,240.));
#6573 = VECTOR('',#6574,1.);
#6574 = DIRECTION('',(0.866025403784,-0.5,0.));
#6575 = ORIENTED_EDGE('',*,*,#6576,.T.);
#6576 = EDGE_CURVE('',#6569,#6577,#6579,.T.);
#6577 = VERTEX_POINT('',#6578);
#6578 = CARTESIAN_POINT('',(219.10442715746,126.5,240.));
#6579 = LINE('',#6580,#6581);
#6580 = CARTESIAN_POINT('',(-219.1044271574,126.5,240.));
#6581 = VECTOR('',#6582,1.);
#6582 = DIRECTION('',(1.,0.,0.));
#6583 = ORIENTED_EDGE('',*,*,#6584,.T.);
#6584 = EDGE_CURVE('',#6577,#6426,#6585,.T.);
#6585 = LINE('',#6586,#6587);
#6586 = CARTESIAN_POINT('',(219.10442715746,126.5,240.));
#6587 = VECTOR('',#6588,1.);
#6588 = DIRECTION('',(0.866025403784,0.5,0.));
#6589 = ORIENTED_EDGE('',*,*,#6433,.T.);
#6590 = ORIENTED_EDGE('',*,*,#6543,.T.);
#6591 = ORIENTED_EDGE('',*,*,#6592,.T.);
#6592 = EDGE_CURVE('',#6536,#6593,#6595,.T.);
#6593 = VERTEX_POINT('',#6594);
#6594 = CARTESIAN_POINT('',(221.41382823422,146.5,240.));
#6595 = LINE('',#6596,#6597);
#6596 = CARTESIAN_POINT('',(197.29737347068,188.27092494887,240.));
#6597 = VECTOR('',#6598,1.);
#6598 = DIRECTION('',(-0.5,0.866025403784,0.));
#6599 = ORIENTED_EDGE('',*,*,#6600,.T.);
#6600 = EDGE_CURVE('',#6593,#6601,#6603,.T.);
#6601 = VERTEX_POINT('',#6602);
#6602 = CARTESIAN_POINT('',(-221.4138282342,146.5,240.));
#6603 = LINE('',#6604,#6605);
#6604 = CARTESIAN_POINT('',(253.74544330884,146.5,240.));
#6605 = VECTOR('',#6606,1.);
#6606 = DIRECTION('',(-1.,0.,0.));
#6607 = ORIENTED_EDGE('',*,*,#6608,.T.);
#6608 = EDGE_CURVE('',#6601,#6609,#6611,.T.);
#6609 = VERTEX_POINT('',#6610);
#6610 = CARTESIAN_POINT('',(-224.4967320028,141.16025403784,240.));
#6611 = LINE('',#6612,#6613);
#6612 = CARTESIAN_POINT('',(-184.7973734706,209.92156004349,240.));
#6613 = VECTOR('',#6614,1.);
#6614 = DIRECTION('',(-0.5,-0.866025403784,0.));
#6615 = ORIENTED_EDGE('',*,*,#6616,.F.);
#6616 = EDGE_CURVE('',#6559,#6609,#6617,.T.);
#6617 = LINE('',#6618,#6619);
#6618 = CARTESIAN_POINT('',(-139.4477245336,92.057186681163,240.));
#6619 = VECTOR('',#6620,1.);
#6620 = DIRECTION('',(0.866025403784,-0.5,0.));
#6621 = PLANE('',#6622);
#6622 = AXIS2_PLACEMENT_3D('',#6623,#6624,#6625);
#6623 = CARTESIAN_POINT('',(-4.433532862873E-15,137.17546114655,240.));
#6624 = DIRECTION('',(0.,0.,1.));
#6625 = DIRECTION('',(1.,0.,-0.));
#6626 = ADVANCED_FACE('',(#6627),#6638,.F.);
#6627 = FACE_BOUND('',#6628,.F.);
#6628 = EDGE_LOOP('',(#6629,#6635,#6636,#6637));
#6629 = ORIENTED_EDGE('',*,*,#6630,.T.);
#6630 = EDGE_CURVE('',#6474,#6577,#6631,.T.);
#6631 = LINE('',#6632,#6633);
#6632 = CARTESIAN_POINT('',(219.10442715746,126.5,220.));
#6633 = VECTOR('',#6634,1.);
#6634 = DIRECTION('',(0.,0.,1.));
#6635 = ORIENTED_EDGE('',*,*,#6584,.T.);
#6636 = ORIENTED_EDGE('',*,*,#6425,.F.);
#6637 = ORIENTED_EDGE('',*,*,#6481,.F.);
#6638 = PLANE('',#6639);
#6639 = AXIS2_PLACEMENT_3D('',#6640,#6641,#6642);
#6640 = CARTESIAN_POINT('',(219.10442715746,126.5,220.));
#6641 = DIRECTION('',(-0.5,0.866025403784,0.));
#6642 = DIRECTION('',(0.866025403784,0.5,0.));
#6643 = ADVANCED_FACE('',(#6644),#6660,.F.);
#6644 = FACE_BOUND('',#6645,.F.);
#6645 = EDGE_LOOP('',(#6646,#6647,#6653,#6654));
#6646 = ORIENTED_EDGE('',*,*,#6455,.F.);
#6647 = ORIENTED_EDGE('',*,*,#6648,.F.);
#6648 = EDGE_CURVE('',#6559,#6456,#6649,.T.);
#6649 = LINE('',#6650,#6651);
#6650 = CARTESIAN_POINT('',(-233.7454433088,146.5,119.));
#6651 = VECTOR('',#6652,1.);
#6652 = DIRECTION('',(0.,-0.,-1.));
#6653 = ORIENTED_EDGE('',*,*,#6558,.T.);
#6654 = ORIENTED_EDGE('',*,*,#6655,.F.);
#6655 = EDGE_CURVE('',#6458,#6561,#6656,.T.);
#6656 = LINE('',#6657,#6658);
#6657 = CARTESIAN_POINT('',(-253.7454433088,146.5,220.));
#6658 = VECTOR('',#6659,1.);
#6659 = DIRECTION('',(0.,0.,1.));
#6660 = PLANE('',#6661);
#6661 = AXIS2_PLACEMENT_3D('',#6662,#6663,#6664);
#6662 = CARTESIAN_POINT('',(253.74544330884,146.5,220.));
#6663 = DIRECTION('',(0.,-1.,0.));
#6664 = DIRECTION('',(-1.,0.,0.));
#6665 = ADVANCED_FACE('',(#6666),#6677,.F.);
#6666 = FACE_BOUND('',#6667,.F.);
#6667 = EDGE_LOOP('',(#6668,#6669,#6675,#6676));
#6668 = ORIENTED_EDGE('',*,*,#6520,.T.);
#6669 = ORIENTED_EDGE('',*,*,#6670,.T.);
#6670 = EDGE_CURVE('',#6513,#6609,#6671,.T.);
#6671 = LINE('',#6672,#6673);
#6672 = CARTESIAN_POINT('',(-224.4967320028,141.16025403784,18.));
#6673 = VECTOR('',#6674,1.);
#6674 = DIRECTION('',(0.,0.,1.));
#6675 = ORIENTED_EDGE('',*,*,#6616,.F.);
#6676 = ORIENTED_EDGE('',*,*,#6648,.T.);
#6677 = PLANE('',#6678);
#6678 = AXIS2_PLACEMENT_3D('',#6679,#6680,#6681);
#6679 = CARTESIAN_POINT('',(-224.4967320028,141.16025403784,18.));
#6680 = DIRECTION('',(-0.5,-0.866025403784,0.));
#6681 = DIRECTION('',(0.,0.,1.));
#6682 = ADVANCED_FACE('',(#6683),#6699,.F.);
#6683 = FACE_BOUND('',#6684,.F.);
#6684 = EDGE_LOOP('',(#6685,#6686,#6692,#6693));
#6685 = ORIENTED_EDGE('',*,*,#6504,.F.);
#6686 = ORIENTED_EDGE('',*,*,#6687,.T.);
#6687 = EDGE_CURVE('',#6497,#6593,#6688,.T.);
#6688 = LINE('',#6689,#6690);
#6689 = CARTESIAN_POINT('',(221.41382823422,146.5,119.));
#6690 = VECTOR('',#6691,1.);
#6691 = DIRECTION('',(-0.,0.,1.));
#6692 = ORIENTED_EDGE('',*,*,#6600,.T.);
#6693 = ORIENTED_EDGE('',*,*,#6694,.T.);
#6694 = EDGE_CURVE('',#6601,#6505,#6695,.T.);
#6695 = LINE('',#6696,#6697);
#6696 = CARTESIAN_POINT('',(-221.4138282342,146.5,119.));
#6697 = VECTOR('',#6698,1.);
#6698 = DIRECTION('',(-0.,-0.,-1.));
#6699 = PLANE('',#6700);
#6700 = AXIS2_PLACEMENT_3D('',#6701,#6702,#6703);
#6701 = CARTESIAN_POINT('',(253.74544330884,146.5,220.));
#6702 = DIRECTION('',(0.,-1.,0.));
#6703 = DIRECTION('',(-1.,0.,0.));
#6704 = ADVANCED_FACE('',(#6705),#6716,.F.);
#6705 = FACE_BOUND('',#6706,.F.);
#6706 = EDGE_LOOP('',(#6707,#6713,#6714,#6715));
#6707 = ORIENTED_EDGE('',*,*,#6708,.T.);
#6708 = EDGE_CURVE('',#6466,#6569,#6709,.T.);
#6709 = LINE('',#6710,#6711);
#6710 = CARTESIAN_POINT('',(-219.1044271574,126.5,220.));
#6711 = VECTOR('',#6712,1.);
#6712 = DIRECTION('',(0.,0.,1.));
#6713 = ORIENTED_EDGE('',*,*,#6576,.T.);
#6714 = ORIENTED_EDGE('',*,*,#6630,.F.);
#6715 = ORIENTED_EDGE('',*,*,#6473,.F.);
#6716 = PLANE('',#6717);
#6717 = AXIS2_PLACEMENT_3D('',#6718,#6719,#6720);
#6718 = CARTESIAN_POINT('',(-219.1044271574,126.5,220.));
#6719 = DIRECTION('',(0.,1.,0.));
#6720 = DIRECTION('',(1.,0.,0.));
#6721 = ADVANCED_FACE('',(#6722),#6728,.F.);
#6722 = FACE_BOUND('',#6723,.F.);
#6723 = EDGE_LOOP('',(#6724,#6725,#6726,#6727));
#6724 = ORIENTED_EDGE('',*,*,#6655,.T.);
#6725 = ORIENTED_EDGE('',*,*,#6568,.T.);
#6726 = ORIENTED_EDGE('',*,*,#6708,.F.);
#6727 = ORIENTED_EDGE('',*,*,#6465,.F.);
#6728 = PLANE('',#6729);
#6729 = AXIS2_PLACEMENT_3D('',#6730,#6731,#6732);
#6730 = CARTESIAN_POINT('',(-253.7454433088,146.5,220.));
#6731 = DIRECTION('',(0.5,0.866025403784,-0.));
#6732 = DIRECTION('',(0.866025403784,-0.5,0.));
#6733 = ADVANCED_FACE('',(#6734),#6740,.T.);
#6734 = FACE_BOUND('',#6735,.T.);
#6735 = EDGE_LOOP('',(#6736,#6737,#6738,#6739));
#6736 = ORIENTED_EDGE('',*,*,#6608,.F.);
#6737 = ORIENTED_EDGE('',*,*,#6694,.T.);
#6738 = ORIENTED_EDGE('',*,*,#6512,.T.);
#6739 = ORIENTED_EDGE('',*,*,#6670,.T.);
#6740 = PLANE('',#6741);
#6741 = AXIS2_PLACEMENT_3D('',#6742,#6743,#6744);
#6742 = CARTESIAN_POINT('',(-222.9552801185,143.83012701892,230.));
#6743 = DIRECTION('',(-0.866025403784,0.5,-0.));
#6744 = DIRECTION('',(-0.5,-0.866025403784,0.));
#6745 = ADVANCED_FACE('',(#6746),#6752,.T.);
#6746 = FACE_BOUND('',#6747,.T.);
#6747 = EDGE_LOOP('',(#6748,#6749,#6750,#6751));
#6748 = ORIENTED_EDGE('',*,*,#6592,.F.);
#6749 = ORIENTED_EDGE('',*,*,#6535,.F.);
#6750 = ORIENTED_EDGE('',*,*,#6496,.T.);
#6751 = ORIENTED_EDGE('',*,*,#6687,.T.);
#6752 = PLANE('',#6753);
#6753 = AXIS2_PLACEMENT_3D('',#6754,#6755,#6756);
#6754 = CARTESIAN_POINT('',(222.95528011854,143.83012701892,230.));
#6755 = DIRECTION('',(0.866025403784,0.5,0.));
#6756 = DIRECTION('',(-0.5,0.866025403784,0.));
#6757 = ( GEOMETRIC_REPRESENTATION_CONTEXT(3) 
GLOBAL_UNCERTAINTY_ASSIGNED_CONTEXT((#6761)) 
GLOBAL_UNIT_ASSIGNED_CONTEXT((#6758,#6759,#6760)) REPRESENTATION_CONTEXT
('Context #1','3D Context with UNIT and UNCERTAINTY') );
#6758 = ( LENGTH_UNIT() NAMED_UNIT(*) SI_UNIT(.MILLI.,.METRE.) );
#6759 = ( NAMED_UNIT(*) PLANE_ANGLE_UNIT() SI_UNIT($,.RADIAN.) );
#6760 = ( NAMED_UNIT(*) SI_UNIT($,.STERADIAN.) SOLID_ANGLE_UNIT() );
#6761 = UNCERTAINTY_MEASURE_WITH_UNIT(LENGTH_MEASURE(1.E-07),#6758,
  'distance_accuracy_value','confusion accuracy');
#6762 = CONTEXT_DEPENDENT_SHAPE_REPRESENTATION(#6763,#6765);
#6763 = ( REPRESENTATION_RELATIONSHIP('','',#6408,#10) 
REPRESENTATION_RELATIONSHIP_WITH_TRANSFORMATION(#6764) 
SHAPE_REPRESENTATION_RELATIONSHIP() );
#6764 = ITEM_DEFINED_TRANSFORMATION('','',#11,#135);
#6765 = PRODUCT_DEFINITION_SHAPE('Placement','Placement of an item',
  #6766);
#6766 = NEXT_ASSEMBLY_USAGE_OCCURRENCE('31',
  'P31 Triangle level 2 beam 1','',#5,#6403,$);
#6767 = PRODUCT_RELATED_PRODUCT_CATEGORY('part',$,(#6405));
#6768 = SHAPE_DEFINITION_REPRESENTATION(#6769,#6775);
#6769 = PRODUCT_DEFINITION_SHAPE('','',#6770);
#6770 = PRODUCT_DEFINITION('design','',#6771,#6774);
#6771 = PRODUCT_DEFINITION_FORMATION('','',#6772);
#6772 = PRODUCT('P32 Triangle level 2 beam 2',
  'P32 Triangle level 2 beam 2','',(#6773));
#6773 = PRODUCT_CONTEXT('',#2,'mechanical');
#6774 = PRODUCT_DEFINITION_CONTEXT('part definition',#2,'design');
#6775 = ADVANCED_BREP_SHAPE_REPRESENTATION('',(#11,#6776),#7124);
#6776 = MANIFOLD_SOLID_BREP('',#6777);
#6777 = CLOSED_SHELL('',(#6778,#6818,#6897,#6921,#6993,#7010,#7032,#7049
    ,#7071,#7088,#7100,#7112));
#6778 = ADVANCED_FACE('',(#6779),#6813,.F.);
#6779 = FACE_BOUND('',#6780,.F.);
#6780 = EDGE_LOOP('',(#6781,#6791,#6799,#6807));
#6781 = ORIENTED_EDGE('',*,*,#6782,.F.);
#6782 = EDGE_CURVE('',#6783,#6785,#6787,.T.);
#6783 = VERTEX_POINT('',#6784);
#6784 = CARTESIAN_POINT('',(-253.7454433088,146.5,220.));
#6785 = VERTEX_POINT('',#6786);
#6786 = CARTESIAN_POINT('',(-243.7454433088,129.17949192431,220.));
#6787 = LINE('',#6788,#6789);
#6788 = CARTESIAN_POINT('',(-253.7454433088,146.5,220.));
#6789 = VECTOR('',#6790,1.);
#6790 = DIRECTION('',(0.5,-0.866025403784,0.));
#6791 = ORIENTED_EDGE('',*,*,#6792,.T.);
#6792 = EDGE_CURVE('',#6783,#6793,#6795,.T.);
#6793 = VERTEX_POINT('',#6794);
#6794 = CARTESIAN_POINT('',(-253.7454433088,146.5,240.));
#6795 = LINE('',#6796,#6797);
#6796 = CARTESIAN_POINT('',(-253.7454433088,146.5,220.));
#6797 = VECTOR('',#6798,1.);
#6798 = DIRECTION('',(0.,0.,1.));
#6799 = ORIENTED_EDGE('',*,*,#6800,.T.);
#6800 = EDGE_CURVE('',#6793,#6801,#6803,.T.);
#6801 = VERTEX_POINT('',#6802);
#6802 = CARTESIAN_POINT('',(-243.7454433088,129.17949192431,240.));
#6803 = LINE('',#6804,#6805);
#6804 = CARTESIAN_POINT('',(-253.7454433088,146.5,240.));
#6805 = VECTOR('',#6806,1.);
#6806 = DIRECTION('',(0.5,-0.866025403784,0.));
#6807 = ORIENTED_EDGE('',*,*,#6808,.T.);
#6808 = EDGE_CURVE('',#6801,#6785,#6809,.T.);
#6809 = LINE('',#6810,#6811);
#6810 = CARTESIAN_POINT('',(-243.7454433088,129.17949192431,119.));
#6811 = VECTOR('',#6812,1.);
#6812 = DIRECTION('',(0.,0.,-1.));
#6813 = PLANE('',#6814);
#6814 = AXIS2_PLACEMENT_3D('',#6815,#6816,#6817);
#6815 = CARTESIAN_POINT('',(-253.7454433088,146.5,220.));
#6816 = DIRECTION('',(0.866025403784,0.5,-0.));
#6817 = DIRECTION('',(0.5,-0.866025403784,0.));
#6818 = ADVANCED_FACE('',(#6819),#6892,.F.);
#6819 = FACE_BOUND('',#6820,.F.);
#6820 = EDGE_LOOP('',(#6821,#6831,#6839,#6847,#6853,#6854,#6862,#6870,
    #6878,#6886));
#6821 = ORIENTED_EDGE('',*,*,#6822,.T.);
#6822 = EDGE_CURVE('',#6823,#6825,#6827,.T.);
#6823 = VERTEX_POINT('',#6824);
#6824 = CARTESIAN_POINT('',(-10.,-275.6794919243,220.));
#6825 = VERTEX_POINT('',#6826);
#6826 = CARTESIAN_POINT('',(-5.382322682253E-14,-293.,220.));
#6827 = LINE('',#6828,#6829);
#6828 = CARTESIAN_POINT('',(-253.7454433088,146.5,220.));
#6829 = VECTOR('',#6830,1.);
#6830 = DIRECTION('',(0.5,-0.866025403784,0.));
#6831 = ORIENTED_EDGE('',*,*,#6832,.T.);
#6832 = EDGE_CURVE('',#6825,#6833,#6835,.T.);
#6833 = VERTEX_POINT('',#6834);
#6834 = CARTESIAN_POINT('',(-4.647534602764E-14,-253.,220.));
#6835 = LINE('',#6836,#6837);
#6836 = CARTESIAN_POINT('',(-5.382322682253E-14,-293.,220.));
#6837 = VECTOR('',#6838,1.);
#6838 = DIRECTION('',(1.836970198721E-16,1.,0.));
#6839 = ORIENTED_EDGE('',*,*,#6840,.T.);
#6840 = EDGE_CURVE('',#6833,#6841,#6843,.T.);
#6841 = VERTEX_POINT('',#6842);
#6842 = CARTESIAN_POINT('',(-219.1044271574,126.5,220.));
#6843 = LINE('',#6844,#6845);
#6844 = CARTESIAN_POINT('',(-4.647534602764E-14,-253.,220.));
#6845 = VECTOR('',#6846,1.);
#6846 = DIRECTION('',(-0.5,0.866025403784,0.));
#6847 = ORIENTED_EDGE('',*,*,#6848,.T.);
#6848 = EDGE_CURVE('',#6841,#6783,#6849,.T.);
#6849 = LINE('',#6850,#6851);
#6850 = CARTESIAN_POINT('',(-219.1044271574,126.5,220.));
#6851 = VECTOR('',#6852,1.);
#6852 = DIRECTION('',(-0.866025403784,0.5,0.));
#6853 = ORIENTED_EDGE('',*,*,#6782,.T.);
#6854 = ORIENTED_EDGE('',*,*,#6855,.T.);
#6855 = EDGE_CURVE('',#6785,#6856,#6858,.T.);
#6856 = VERTEX_POINT('',#6857);
#6857 = CARTESIAN_POINT('',(-234.4967320028,123.83974596215,220.));
#6858 = LINE('',#6859,#6860);
#6859 = CARTESIAN_POINT('',(-149.4477245336,74.736678605475,220.));
#6860 = VECTOR('',#6861,1.);
#6861 = DIRECTION('',(0.866025403784,-0.5,0.));
#6862 = ORIENTED_EDGE('',*,*,#6863,.T.);
#6863 = EDGE_CURVE('',#6856,#6864,#6866,.T.);
#6864 = VERTEX_POINT('',#6865);
#6865 = CARTESIAN_POINT('',(-237.5796357715,118.5,220.));
#6866 = LINE('',#6867,#6868);
#6867 = CARTESIAN_POINT('',(-244.196090535,107.03996418357,220.));
#6868 = VECTOR('',#6869,1.);
#6869 = DIRECTION('',(-0.5,-0.866025403784,0.));
#6870 = ORIENTED_EDGE('',*,*,#6871,.T.);
#6871 = EDGE_CURVE('',#6864,#6872,#6874,.T.);
#6872 = VERTEX_POINT('',#6873);
#6873 = CARTESIAN_POINT('',(-16.16580753731,-265.,220.));
#6874 = LINE('',#6875,#6876);
#6875 = CARTESIAN_POINT('',(-253.7454433088,146.5,220.));
#6876 = VECTOR('',#6877,1.);
#6877 = DIRECTION('',(0.5,-0.866025403784,0.));
#6878 = ORIENTED_EDGE('',*,*,#6879,.T.);
#6879 = EDGE_CURVE('',#6872,#6880,#6882,.T.);
#6880 = VERTEX_POINT('',#6881);
#6881 = CARTESIAN_POINT('',(-10.,-265.,220.));
#6882 = LINE('',#6883,#6884);
#6883 = CARTESIAN_POINT('',(-66.39871706437,-265.,220.));
#6884 = VECTOR('',#6885,1.);
#6885 = DIRECTION('',(1.,-2.22044604925E-16,0.));
#6886 = ORIENTED_EDGE('',*,*,#6887,.F.);
#6887 = EDGE_CURVE('',#6823,#6880,#6888,.T.);
#6888 = LINE('',#6889,#6890);
#6889 = CARTESIAN_POINT('',(-10.,-166.7938652866,220.));
#6890 = VECTOR('',#6891,1.);
#6891 = DIRECTION('',(2.22044604925E-16,1.,-0.));
#6892 = PLANE('',#6893);
#6893 = AXIS2_PLACEMENT_3D('',#6894,#6895,#6896);
#6894 = CARTESIAN_POINT('',(-118.7974341287,-68.58773057327,220.));
#6895 = DIRECTION('',(0.,0.,1.));
#6896 = DIRECTION('',(1.,0.,-0.));
#6897 = ADVANCED_FACE('',(#6898),#6916,.T.);
#6898 = FACE_BOUND('',#6899,.T.);
#6899 = EDGE_LOOP('',(#6900,#6901,#6909,#6915));
#6900 = ORIENTED_EDGE('',*,*,#6855,.T.);
#6901 = ORIENTED_EDGE('',*,*,#6902,.T.);
#6902 = EDGE_CURVE('',#6856,#6903,#6905,.T.);
#6903 = VERTEX_POINT('',#6904);
#6904 = CARTESIAN_POINT('',(-234.4967320028,123.83974596215,240.));
#6905 = LINE('',#6906,#6907);
#6906 = CARTESIAN_POINT('',(-234.4967320028,123.83974596215,18.));
#6907 = VECTOR('',#6908,1.);
#6908 = DIRECTION('',(0.,0.,1.));
#6909 = ORIENTED_EDGE('',*,*,#6910,.F.);
#6910 = EDGE_CURVE('',#6801,#6903,#6911,.T.);
#6911 = LINE('',#6912,#6913);
#6912 = CARTESIAN_POINT('',(-149.4477245336,74.736678605475,240.));
#6913 = VECTOR('',#6914,1.);
#6914 = DIRECTION('',(0.866025403784,-0.5,0.));
#6915 = ORIENTED_EDGE('',*,*,#6808,.T.);
#6916 = PLANE('',#6917);
#6917 = AXIS2_PLACEMENT_3D('',#6918,#6919,#6920);
#6918 = CARTESIAN_POINT('',(-234.4967320028,123.83974596215,18.));
#6919 = DIRECTION('',(-0.5,-0.866025403784,0.));
#6920 = DIRECTION('',(0.,0.,1.));
#6921 = ADVANCED_FACE('',(#6922),#6988,.T.);
#6922 = FACE_BOUND('',#6923,.T.);
#6923 = EDGE_LOOP('',(#6924,#6934,#6942,#6950,#6956,#6957,#6958,#6966,
    #6974,#6982));
#6924 = ORIENTED_EDGE('',*,*,#6925,.T.);
#6925 = EDGE_CURVE('',#6926,#6928,#6930,.T.);
#6926 = VERTEX_POINT('',#6927);
#6927 = CARTESIAN_POINT('',(-10.,-275.6794919243,240.));
#6928 = VERTEX_POINT('',#6929);
#6929 = CARTESIAN_POINT('',(-5.382322682253E-14,-293.,240.));
#6930 = LINE('',#6931,#6932);
#6931 = CARTESIAN_POINT('',(-253.7454433088,146.5,240.));
#6932 = VECTOR('',#6933,1.);
#6933 = DIRECTION('',(0.5,-0.866025403784,0.));
#6934 = ORIENTED_EDGE('',*,*,#6935,.T.);
#6935 = EDGE_CURVE('',#6928,#6936,#6938,.T.);
#6936 = VERTEX_POINT('',#6937);
#6937 = CARTESIAN_POINT('',(-4.647534602764E-14,-253.,240.));
#6938 = LINE('',#6939,#6940);
#6939 = CARTESIAN_POINT('',(-5.382322682253E-14,-293.,240.));
#6940 = VECTOR('',#6941,1.);
#6941 = DIRECTION('',(1.836970198721E-16,1.,0.));
#6942 = ORIENTED_EDGE('',*,*,#6943,.T.);
#6943 = EDGE_CURVE('',#6936,#6944,#6946,.T.);
#6944 = VERTEX_POINT('',#6945);
#6945 = CARTESIAN_POINT('',(-219.1044271574,126.5,240.));
#6946 = LINE('',#6947,#6948);
#6947 = CARTESIAN_POINT('',(-4.647534602764E-14,-253.,240.));
#6948 = VECTOR('',#6949,1.);
#6949 = DIRECTION('',(-0.5,0.866025403784,0.));
#6950 = ORIENTED_EDGE('',*,*,#6951,.T.);
#6951 = EDGE_CURVE('',#6944,#6793,#6952,.T.);
#6952 = LINE('',#6953,#6954);
#6953 = CARTESIAN_POINT('',(-219.1044271574,126.5,240.));
#6954 = VECTOR('',#6955,1.);
#6955 = DIRECTION('',(-0.866025403784,0.5,0.));
#6956 = ORIENTED_EDGE('',*,*,#6800,.T.);
#6957 = ORIENTED_EDGE('',*,*,#6910,.T.);
#6958 = ORIENTED_EDGE('',*,*,#6959,.T.);
#6959 = EDGE_CURVE('',#6903,#6960,#6962,.T.);
#6960 = VERTEX_POINT('',#6961);
#6961 = CARTESIAN_POINT('',(-237.5796357715,118.5,240.));
#6962 = LINE('',#6963,#6964);
#6963 = CARTESIAN_POINT('',(-261.696090535,76.729075051121,240.));
#6964 = VECTOR('',#6965,1.);
#6965 = DIRECTION('',(-0.5,-0.866025403784,0.));
#6966 = ORIENTED_EDGE('',*,*,#6967,.T.);
#6967 = EDGE_CURVE('',#6960,#6968,#6970,.T.);
#6968 = VERTEX_POINT('',#6969);
#6969 = CARTESIAN_POINT('',(-16.16580753731,-265.,240.));
#6970 = LINE('',#6971,#6972);
#6971 = CARTESIAN_POINT('',(-253.7454433088,146.5,240.));
#6972 = VECTOR('',#6973,1.);
#6973 = DIRECTION('',(0.5,-0.866025403784,0.));
#6974 = ORIENTED_EDGE('',*,*,#6975,.T.);
#6975 = EDGE_CURVE('',#6968,#6976,#6978,.T.);
#6976 = VERTEX_POINT('',#6977);
#6977 = CARTESIAN_POINT('',(-10.,-265.,240.));
#6978 = LINE('',#6979,#6980);
#6979 = CARTESIAN_POINT('',(-89.39871706437,-265.,240.));
#6980 = VECTOR('',#6981,1.);
#6981 = DIRECTION('',(1.,-2.22044604925E-16,0.));
#6982 = ORIENTED_EDGE('',*,*,#6983,.F.);
#6983 = EDGE_CURVE('',#6926,#6976,#6984,.T.);
#6984 = LINE('',#6985,#6986);
#6985 = CARTESIAN_POINT('',(-10.,-166.7938652866,240.));
#6986 = VECTOR('',#6987,1.);
#6987 = DIRECTION('',(2.22044604925E-16,1.,-0.));
#6988 = PLANE('',#6989);
#6989 = AXIS2_PLACEMENT_3D('',#6990,#6991,#6992);
#6990 = CARTESIAN_POINT('',(-118.7974341287,-68.58773057327,240.));
#6991 = DIRECTION('',(0.,0.,1.));
#6992 = DIRECTION('',(1.,0.,-0.));
#6993 = ADVANCED_FACE('',(#6994),#7005,.F.);
#6994 = FACE_BOUND('',#6995,.F.);
#6995 = EDGE_LOOP('',(#6996,#7002,#7003,#7004));
#6996 = ORIENTED_EDGE('',*,*,#6997,.T.);
#6997 = EDGE_CURVE('',#6841,#6944,#6998,.T.);
#6998 = LINE('',#6999,#7000);
#6999 = CARTESIAN_POINT('',(-219.1044271574,126.5,220.));
#7000 = VECTOR('',#7001,1.);
#7001 = DIRECTION('',(0.,0.,1.));
#7002 = ORIENTED_EDGE('',*,*,#6951,.T.);
#7003 = ORIENTED_EDGE('',*,*,#6792,.F.);
#7004 = ORIENTED_EDGE('',*,*,#6848,.F.);
#7005 = PLANE('',#7006);
#7006 = AXIS2_PLACEMENT_3D('',#7007,#7008,#7009);
#7007 = CARTESIAN_POINT('',(-219.1044271574,126.5,220.));
#7008 = DIRECTION('',(-0.5,-0.866025403784,0.));
#7009 = DIRECTION('',(-0.866025403784,0.5,0.));
#7010 = ADVANCED_FACE('',(#7011),#7027,.F.);
#7011 = FACE_BOUND('',#7012,.F.);
#7012 = EDGE_LOOP('',(#7013,#7014,#7020,#7021));
#7013 = ORIENTED_EDGE('',*,*,#6822,.F.);
#7014 = ORIENTED_EDGE('',*,*,#7015,.F.);
#7015 = EDGE_CURVE('',#6926,#6823,#7016,.T.);
#7016 = LINE('',#7017,#7018);
#7017 = CARTESIAN_POINT('',(-10.,-275.6794919243,119.));
#7018 = VECTOR('',#7019,1.);
#7019 = DIRECTION('',(0.,-0.,-1.));
#7020 = ORIENTED_EDGE('',*,*,#6925,.T.);
#7021 = ORIENTED_EDGE('',*,*,#7022,.F.);
#7022 = EDGE_CURVE('',#6825,#6928,#7023,.T.);
#7023 = LINE('',#7024,#7025);
#7024 = CARTESIAN_POINT('',(-5.382322682253E-14,-293.,220.));
#7025 = VECTOR('',#7026,1.);
#7026 = DIRECTION('',(0.,0.,1.));
#7027 = PLANE('',#7028);
#7028 = AXIS2_PLACEMENT_3D('',#7029,#7030,#7031);
#7029 = CARTESIAN_POINT('',(-253.7454433088,146.5,220.));
#7030 = DIRECTION('',(0.866025403784,0.5,-0.));
#7031 = DIRECTION('',(0.5,-0.866025403784,0.));
#7032 = ADVANCED_FACE('',(#7033),#7044,.F.);
#7033 = FACE_BOUND('',#7034,.F.);
#7034 = EDGE_LOOP('',(#7035,#7036,#7042,#7043));
#7035 = ORIENTED_EDGE('',*,*,#6887,.T.);
#7036 = ORIENTED_EDGE('',*,*,#7037,.T.);
#7037 = EDGE_CURVE('',#6880,#6976,#7038,.T.);
#7038 = LINE('',#7039,#7040);
#7039 = CARTESIAN_POINT('',(-10.,-265.,18.));
#7040 = VECTOR('',#7041,1.);
#7041 = DIRECTION('',(0.,0.,1.));
#7042 = ORIENTED_EDGE('',*,*,#6983,.F.);
#7043 = ORIENTED_EDGE('',*,*,#7015,.T.);
#7044 = PLANE('',#7045);
#7045 = AXIS2_PLACEMENT_3D('',#7046,#7047,#7048);
#7046 = CARTESIAN_POINT('',(-10.,-265.,18.));
#7047 = DIRECTION('',(1.,-2.22044604925E-16,0.));
#7048 = DIRECTION('',(0.,0.,1.));
#7049 = ADVANCED_FACE('',(#7050),#7066,.F.);
#7050 = FACE_BOUND('',#7051,.F.);
#7051 = EDGE_LOOP('',(#7052,#7053,#7059,#7060));
#7052 = ORIENTED_EDGE('',*,*,#6871,.F.);
#7053 = ORIENTED_EDGE('',*,*,#7054,.T.);
#7054 = EDGE_CURVE('',#6864,#6960,#7055,.T.);
#7055 = LINE('',#7056,#7057);
#7056 = CARTESIAN_POINT('',(-237.5796357715,118.5,119.));
#7057 = VECTOR('',#7058,1.);
#7058 = DIRECTION('',(0.,0.,1.));
#7059 = ORIENTED_EDGE('',*,*,#6967,.T.);
#7060 = ORIENTED_EDGE('',*,*,#7061,.T.);
#7061 = EDGE_CURVE('',#6968,#6872,#7062,.T.);
#7062 = LINE('',#7063,#7064);
#7063 = CARTESIAN_POINT('',(-16.16580753731,-265.,119.));
#7064 = VECTOR('',#7065,1.);
#7065 = DIRECTION('',(0.,0.,-1.));
#7066 = PLANE('',#7067);
#7067 = AXIS2_PLACEMENT_3D('',#7068,#7069,#7070);
#7068 = CARTESIAN_POINT('',(-253.7454433088,146.5,220.));
#7069 = DIRECTION('',(0.866025403784,0.5,-0.));
#7070 = DIRECTION('',(0.5,-0.866025403784,0.));
#7071 = ADVANCED_FACE('',(#7072),#7083,.F.);
#7072 = FACE_BOUND('',#7073,.F.);
#7073 = EDGE_LOOP('',(#7074,#7080,#7081,#7082));
#7074 = ORIENTED_EDGE('',*,*,#7075,.T.);
#7075 = EDGE_CURVE('',#6833,#6936,#7076,.T.);
#7076 = LINE('',#7077,#7078);
#7077 = CARTESIAN_POINT('',(-4.647534602764E-14,-253.,220.));
#7078 = VECTOR('',#7079,1.);
#7079 = DIRECTION('',(0.,0.,1.));
#7080 = ORIENTED_EDGE('',*,*,#6943,.T.);
#7081 = ORIENTED_EDGE('',*,*,#6997,.F.);
#7082 = ORIENTED_EDGE('',*,*,#6840,.F.);
#7083 = PLANE('',#7084);
#7084 = AXIS2_PLACEMENT_3D('',#7085,#7086,#7087);
#7085 = CARTESIAN_POINT('',(-4.647534602764E-14,-253.,220.));
#7086 = DIRECTION('',(-0.866025403784,-0.5,0.));
#7087 = DIRECTION('',(-0.5,0.866025403784,0.));
#7088 = ADVANCED_FACE('',(#7089),#7095,.F.);
#7089 = FACE_BOUND('',#7090,.F.);
#7090 = EDGE_LOOP('',(#7091,#7092,#7093,#7094));
#7091 = ORIENTED_EDGE('',*,*,#7022,.T.);
#7092 = ORIENTED_EDGE('',*,*,#6935,.T.);
#7093 = ORIENTED_EDGE('',*,*,#7075,.F.);
#7094 = ORIENTED_EDGE('',*,*,#6832,.F.);
#7095 = PLANE('',#7096);
#7096 = AXIS2_PLACEMENT_3D('',#7097,#7098,#7099);
#7097 = CARTESIAN_POINT('',(-5.382322682253E-14,-293.,220.));
#7098 = DIRECTION('',(-1.,1.836970198721E-16,0.));
#7099 = DIRECTION('',(1.836970198721E-16,1.,0.));
#7100 = ADVANCED_FACE('',(#7101),#7107,.T.);
#7101 = FACE_BOUND('',#7102,.T.);
#7102 = EDGE_LOOP('',(#7103,#7104,#7105,#7106));
#7103 = ORIENTED_EDGE('',*,*,#6975,.F.);
#7104 = ORIENTED_EDGE('',*,*,#7061,.T.);
#7105 = ORIENTED_EDGE('',*,*,#6879,.T.);
#7106 = ORIENTED_EDGE('',*,*,#7037,.T.);
#7107 = PLANE('',#7108);
#7108 = AXIS2_PLACEMENT_3D('',#7109,#7110,#7111);
#7109 = CARTESIAN_POINT('',(-13.08290376865,-265.,230.));
#7110 = DIRECTION('',(-0.,-1.,-0.));
#7111 = DIRECTION('',(0.,0.,-1.));
#7112 = ADVANCED_FACE('',(#7113),#7119,.T.);
#7113 = FACE_BOUND('',#7114,.T.);
#7114 = EDGE_LOOP('',(#7115,#7116,#7117,#7118));
#7115 = ORIENTED_EDGE('',*,*,#6959,.F.);
#7116 = ORIENTED_EDGE('',*,*,#6902,.F.);
#7117 = ORIENTED_EDGE('',*,*,#6863,.T.);
#7118 = ORIENTED_EDGE('',*,*,#7054,.T.);
#7119 = PLANE('',#7120);
#7120 = AXIS2_PLACEMENT_3D('',#7121,#7122,#7123);
#7121 = CARTESIAN_POINT('',(-236.0381838872,121.16987298107,230.));
#7122 = DIRECTION('',(-0.866025403784,0.5,-0.));
#7123 = DIRECTION('',(-0.5,-0.866025403784,0.));
#7124 = ( GEOMETRIC_REPRESENTATION_CONTEXT(3) 
GLOBAL_UNCERTAINTY_ASSIGNED_CONTEXT((#7128)) 
GLOBAL_UNIT_ASSIGNED_CONTEXT((#7125,#7126,#7127)) REPRESENTATION_CONTEXT
('Context #1','3D Context with UNIT and UNCERTAINTY') );
#7125 = ( LENGTH_UNIT() NAMED_UNIT(*) SI_UNIT(.MILLI.,.METRE.) );
#7126 = ( NAMED_UNIT(*) PLANE_ANGLE_UNIT() SI_UNIT($,.RADIAN.) );
#7127 = ( NAMED_UNIT(*) SI_UNIT($,.STERADIAN.) SOLID_ANGLE_UNIT() );
#7128 = UNCERTAINTY_MEASURE_WITH_UNIT(LENGTH_MEASURE(1.E-07),#7125,
  'distance_accuracy_value','confusion accuracy');
#7129 = CONTEXT_DEPENDENT_SHAPE_REPRESENTATION(#7130,#7132);
#7130 = ( REPRESENTATION_RELATIONSHIP('','',#6775,#10) 
REPRESENTATION_RELATIONSHIP_WITH_TRANSFORMATION(#7131) 
SHAPE_REPRESENTATION_RELATIONSHIP() );
#7131 = ITEM_DEFINED_TRANSFORMATION('','',#11,#139);
#7132 = PRODUCT_DEFINITION_SHAPE('Placement','Placement of an item',
  #7133);
#7133 = NEXT_ASSEMBLY_USAGE_OCCURRENCE('32',
  'P32 Triangle level 2 beam 2','',#5,#6770,$);
#7134 = PRODUCT_RELATED_PRODUCT_CATEGORY('part',$,(#6772));
#7135 = SHAPE_DEFINITION_REPRESENTATION(#7136,#7142);
#7136 = PRODUCT_DEFINITION_SHAPE('','',#7137);
#7137 = PRODUCT_DEFINITION('design','',#7138,#7141);
#7138 = PRODUCT_DEFINITION_FORMATION('','',#7139);
#7139 = PRODUCT('P33 Triangle level 2 beam 3',
  'P33 Triangle level 2 beam 3','',(#7140));
#7140 = PRODUCT_CONTEXT('',#2,'mechanical');
#7141 = PRODUCT_DEFINITION_CONTEXT('part definition',#2,'design');
#7142 = ADVANCED_BREP_SHAPE_REPRESENTATION('',(#11,#7143),#7491);
#7143 = MANIFOLD_SOLID_BREP('',#7144);
#7144 = CLOSED_SHELL('',(#7145,#7185,#7264,#7288,#7360,#7377,#7399,#7416
    ,#7438,#7455,#7467,#7479));
#7145 = ADVANCED_FACE('',(#7146),#7180,.F.);
#7146 = FACE_BOUND('',#7147,.F.);
#7147 = EDGE_LOOP('',(#7148,#7158,#7166,#7174));
#7148 = ORIENTED_EDGE('',*,*,#7149,.F.);
#7149 = EDGE_CURVE('',#7150,#7152,#7154,.T.);
#7150 = VERTEX_POINT('',#7151);
#7151 = CARTESIAN_POINT('',(-5.382322682253E-14,-293.,220.));
#7152 = VERTEX_POINT('',#7153);
#7153 = CARTESIAN_POINT('',(10.,-275.6794919243,220.));
#7154 = LINE('',#7155,#7156);
#7155 = CARTESIAN_POINT('',(-5.382322682253E-14,-293.,220.));
#7156 = VECTOR('',#7157,1.);
#7157 = DIRECTION('',(0.5,0.866025403784,0.));
#7158 = ORIENTED_EDGE('',*,*,#7159,.T.);
#7159 = EDGE_CURVE('',#7150,#7160,#7162,.T.);
#7160 = VERTEX_POINT('',#7161);
#7161 = CARTESIAN_POINT('',(-5.382322682253E-14,-293.,240.));
#7162 = LINE('',#7163,#7164);
#7163 = CARTESIAN_POINT('',(-5.382322682253E-14,-293.,220.));
#7164 = VECTOR('',#7165,1.);
#7165 = DIRECTION('',(0.,0.,1.));
#7166 = ORIENTED_EDGE('',*,*,#7167,.T.);
#7167 = EDGE_CURVE('',#7160,#7168,#7170,.T.);
#7168 = VERTEX_POINT('',#7169);
#7169 = CARTESIAN_POINT('',(10.,-275.6794919243,240.));
#7170 = LINE('',#7171,#7172);
#7171 = CARTESIAN_POINT('',(-5.382322682253E-14,-293.,240.));
#7172 = VECTOR('',#7173,1.);
#7173 = DIRECTION('',(0.5,0.866025403784,0.));
#7174 = ORIENTED_EDGE('',*,*,#7175,.T.);
#7175 = EDGE_CURVE('',#7168,#7152,#7176,.T.);
#7176 = LINE('',#7177,#7178);
#7177 = CARTESIAN_POINT('',(10.,-275.6794919243,119.));
#7178 = VECTOR('',#7179,1.);
#7179 = DIRECTION('',(0.,0.,-1.));
#7180 = PLANE('',#7181);
#7181 = AXIS2_PLACEMENT_3D('',#7182,#7183,#7184);
#7182 = CARTESIAN_POINT('',(-5.382322682253E-14,-293.,220.));
#7183 = DIRECTION('',(-0.866025403784,0.5,0.));
#7184 = DIRECTION('',(0.5,0.866025403784,0.));
#7185 = ADVANCED_FACE('',(#7186),#7259,.F.);
#7186 = FACE_BOUND('',#7187,.F.);
#7187 = EDGE_LOOP('',(#7188,#7198,#7206,#7214,#7220,#7221,#7229,#7237,
    #7245,#7253));
#7188 = ORIENTED_EDGE('',*,*,#7189,.T.);
#7189 = EDGE_CURVE('',#7190,#7192,#7194,.T.);
#7190 = VERTEX_POINT('',#7191);
#7191 = CARTESIAN_POINT('',(243.74544330884,129.17949192431,220.));
#7192 = VERTEX_POINT('',#7193);
#7193 = CARTESIAN_POINT('',(253.74544330884,146.5,220.));
#7194 = LINE('',#7195,#7196);
#7195 = CARTESIAN_POINT('',(-5.382322682253E-14,-293.,220.));
#7196 = VECTOR('',#7197,1.);
#7197 = DIRECTION('',(0.5,0.866025403784,0.));
#7198 = ORIENTED_EDGE('',*,*,#7199,.T.);
#7199 = EDGE_CURVE('',#7192,#7200,#7202,.T.);
#7200 = VERTEX_POINT('',#7201);
#7201 = CARTESIAN_POINT('',(219.10442715746,126.5,220.));
#7202 = LINE('',#7203,#7204);
#7203 = CARTESIAN_POINT('',(253.74544330884,146.5,220.));
#7204 = VECTOR('',#7205,1.);
#7205 = DIRECTION('',(-0.866025403784,-0.5,0.));
#7206 = ORIENTED_EDGE('',*,*,#7207,.T.);
#7207 = EDGE_CURVE('',#7200,#7208,#7210,.T.);
#7208 = VERTEX_POINT('',#7209);
#7209 = CARTESIAN_POINT('',(-4.647534602764E-14,-253.,220.));
#7210 = LINE('',#7211,#7212);
#7211 = CARTESIAN_POINT('',(219.10442715746,126.5,220.));
#7212 = VECTOR('',#7213,1.);
#7213 = DIRECTION('',(-0.5,-0.866025403784,0.));
#7214 = ORIENTED_EDGE('',*,*,#7215,.T.);
#7215 = EDGE_CURVE('',#7208,#7150,#7216,.T.);
#7216 = LINE('',#7217,#7218);
#7217 = CARTESIAN_POINT('',(-4.647534602764E-14,-253.,220.));
#7218 = VECTOR('',#7219,1.);
#7219 = DIRECTION('',(-1.836970198721E-16,-1.,0.));
#7220 = ORIENTED_EDGE('',*,*,#7149,.T.);
#7221 = ORIENTED_EDGE('',*,*,#7222,.T.);
#7222 = EDGE_CURVE('',#7152,#7223,#7225,.T.);
#7223 = VERTEX_POINT('',#7224);
#7224 = CARTESIAN_POINT('',(10.,-265.,220.));
#7225 = LINE('',#7226,#7227);
#7226 = CARTESIAN_POINT('',(10.,-166.7938652866,220.));
#7227 = VECTOR('',#7228,1.);
#7228 = DIRECTION('',(2.22044604925E-16,1.,-0.));
#7229 = ORIENTED_EDGE('',*,*,#7230,.T.);
#7230 = EDGE_CURVE('',#7223,#7231,#7233,.T.);
#7231 = VERTEX_POINT('',#7232);
#7232 = CARTESIAN_POINT('',(16.165807537309,-265.,220.));
#7233 = LINE('',#7234,#7235);
#7234 = CARTESIAN_POINT('',(29.398717064379,-265.,220.));
#7235 = VECTOR('',#7236,1.);
#7236 = DIRECTION('',(1.,-2.22044604925E-16,0.));
#7237 = ORIENTED_EDGE('',*,*,#7238,.T.);
#7238 = EDGE_CURVE('',#7231,#7239,#7241,.T.);
#7239 = VERTEX_POINT('',#7240);
#7240 = CARTESIAN_POINT('',(237.57963577153,118.5,220.));
#7241 = LINE('',#7242,#7243);
#7242 = CARTESIAN_POINT('',(-5.382322682253E-14,-293.,220.));
#7243 = VECTOR('',#7244,1.);
#7244 = DIRECTION('',(0.5,0.866025403784,0.));
#7245 = ORIENTED_EDGE('',*,*,#7246,.T.);
#7246 = EDGE_CURVE('',#7239,#7247,#7249,.T.);
#7247 = VERTEX_POINT('',#7248);
#7248 = CARTESIAN_POINT('',(234.49673200287,123.83974596215,220.));
#7249 = LINE('',#7250,#7251);
#7250 = CARTESIAN_POINT('',(262.69609053506,74.997024243552,220.));
#7251 = VECTOR('',#7252,1.);
#7252 = DIRECTION('',(-0.5,0.866025403784,0.));
#7253 = ORIENTED_EDGE('',*,*,#7254,.F.);
#7254 = EDGE_CURVE('',#7190,#7247,#7255,.T.);
#7255 = LINE('',#7256,#7257);
#7256 = CARTESIAN_POINT('',(149.44772453362,74.736678605475,220.));
#7257 = VECTOR('',#7258,1.);
#7258 = DIRECTION('',(-0.866025403784,-0.5,0.));
#7259 = PLANE('',#7260);
#7260 = AXIS2_PLACEMENT_3D('',#7261,#7262,#7263);
#7261 = CARTESIAN_POINT('',(118.79743412875,-68.58773057327,220.));
#7262 = DIRECTION('',(0.,0.,1.));
#7263 = DIRECTION('',(1.,0.,-0.));
#7264 = ADVANCED_FACE('',(#7265),#7283,.T.);
#7265 = FACE_BOUND('',#7266,.T.);
#7266 = EDGE_LOOP('',(#7267,#7268,#7276,#7282));
#7267 = ORIENTED_EDGE('',*,*,#7222,.T.);
#7268 = ORIENTED_EDGE('',*,*,#7269,.T.);
#7269 = EDGE_CURVE('',#7223,#7270,#7272,.T.);
#7270 = VERTEX_POINT('',#7271);
#7271 = CARTESIAN_POINT('',(10.,-265.,240.));
#7272 = LINE('',#7273,#7274);
#7273 = CARTESIAN_POINT('',(10.,-265.,18.));
#7274 = VECTOR('',#7275,1.);
#7275 = DIRECTION('',(0.,0.,1.));
#7276 = ORIENTED_EDGE('',*,*,#7277,.F.);
#7277 = EDGE_CURVE('',#7168,#7270,#7278,.T.);
#7278 = LINE('',#7279,#7280);
#7279 = CARTESIAN_POINT('',(10.,-166.7938652866,240.));
#7280 = VECTOR('',#7281,1.);
#7281 = DIRECTION('',(2.22044604925E-16,1.,-0.));
#7282 = ORIENTED_EDGE('',*,*,#7175,.T.);
#7283 = PLANE('',#7284);
#7284 = AXIS2_PLACEMENT_3D('',#7285,#7286,#7287);
#7285 = CARTESIAN_POINT('',(10.,-265.,18.));
#7286 = DIRECTION('',(1.,-2.22044604925E-16,0.));
#7287 = DIRECTION('',(0.,0.,1.));
#7288 = ADVANCED_FACE('',(#7289),#7355,.T.);
#7289 = FACE_BOUND('',#7290,.T.);
#7290 = EDGE_LOOP('',(#7291,#7301,#7309,#7317,#7323,#7324,#7325,#7333,
    #7341,#7349));
#7291 = ORIENTED_EDGE('',*,*,#7292,.T.);
#7292 = EDGE_CURVE('',#7293,#7295,#7297,.T.);
#7293 = VERTEX_POINT('',#7294);
#7294 = CARTESIAN_POINT('',(243.74544330884,129.17949192431,240.));
#7295 = VERTEX_POINT('',#7296);
#7296 = CARTESIAN_POINT('',(253.74544330884,146.5,240.));
#7297 = LINE('',#7298,#7299);
#7298 = CARTESIAN_POINT('',(-5.382322682253E-14,-293.,240.));
#7299 = VECTOR('',#7300,1.);
#7300 = DIRECTION('',(0.5,0.866025403784,0.));
#7301 = ORIENTED_EDGE('',*,*,#7302,.T.);
#7302 = EDGE_CURVE('',#7295,#7303,#7305,.T.);
#7303 = VERTEX_POINT('',#7304);
#7304 = CARTESIAN_POINT('',(219.10442715746,126.5,240.));
#7305 = LINE('',#7306,#7307);
#7306 = CARTESIAN_POINT('',(253.74544330884,146.5,240.));
#7307 = VECTOR('',#7308,1.);
#7308 = DIRECTION('',(-0.866025403784,-0.5,0.));
#7309 = ORIENTED_EDGE('',*,*,#7310,.T.);
#7310 = EDGE_CURVE('',#7303,#7311,#7313,.T.);
#7311 = VERTEX_POINT('',#7312);
#7312 = CARTESIAN_POINT('',(-4.647534602764E-14,-253.,240.));
#7313 = LINE('',#7314,#7315);
#7314 = CARTESIAN_POINT('',(219.10442715746,126.5,240.));
#7315 = VECTOR('',#7316,1.);
#7316 = DIRECTION('',(-0.5,-0.866025403784,0.));
#7317 = ORIENTED_EDGE('',*,*,#7318,.T.);
#7318 = EDGE_CURVE('',#7311,#7160,#7319,.T.);
#7319 = LINE('',#7320,#7321);
#7320 = CARTESIAN_POINT('',(-4.647534602764E-14,-253.,240.));
#7321 = VECTOR('',#7322,1.);
#7322 = DIRECTION('',(-1.836970198721E-16,-1.,0.));
#7323 = ORIENTED_EDGE('',*,*,#7167,.T.);
#7324 = ORIENTED_EDGE('',*,*,#7277,.T.);
#7325 = ORIENTED_EDGE('',*,*,#7326,.T.);
#7326 = EDGE_CURVE('',#7270,#7327,#7329,.T.);
#7327 = VERTEX_POINT('',#7328);
#7328 = CARTESIAN_POINT('',(16.165807537309,-265.,240.));
#7329 = LINE('',#7330,#7331);
#7330 = CARTESIAN_POINT('',(64.398717064379,-265.,240.));
#7331 = VECTOR('',#7332,1.);
#7332 = DIRECTION('',(1.,-2.22044604925E-16,0.));
#7333 = ORIENTED_EDGE('',*,*,#7334,.T.);
#7334 = EDGE_CURVE('',#7327,#7335,#7337,.T.);
#7335 = VERTEX_POINT('',#7336);
#7336 = CARTESIAN_POINT('',(237.57963577153,118.5,240.));
#7337 = LINE('',#7338,#7339);
#7338 = CARTESIAN_POINT('',(-5.382322682253E-14,-293.,240.));
#7339 = VECTOR('',#7340,1.);
#7340 = DIRECTION('',(0.5,0.866025403784,0.));
#7341 = ORIENTED_EDGE('',*,*,#7342,.T.);
#7342 = EDGE_CURVE('',#7335,#7343,#7345,.T.);
#7343 = VERTEX_POINT('',#7344);
#7344 = CARTESIAN_POINT('',(234.49673200287,123.83974596215,240.));
#7345 = LINE('',#7346,#7347);
#7346 = CARTESIAN_POINT('',(274.19609053506,55.07843995651,240.));
#7347 = VECTOR('',#7348,1.);
#7348 = DIRECTION('',(-0.5,0.866025403784,0.));
#7349 = ORIENTED_EDGE('',*,*,#7350,.F.);
#7350 = EDGE_CURVE('',#7293,#7343,#7351,.T.);
#7351 = LINE('',#7352,#7353);
#7352 = CARTESIAN_POINT('',(149.44772453362,74.736678605475,240.));
#7353 = VECTOR('',#7354,1.);
#7354 = DIRECTION('',(-0.866025403784,-0.5,0.));
#7355 = PLANE('',#7356);
#7356 = AXIS2_PLACEMENT_3D('',#7357,#7358,#7359);
#7357 = CARTESIAN_POINT('',(118.79743412875,-68.58773057327,240.));
#7358 = DIRECTION('',(0.,0.,1.));
#7359 = DIRECTION('',(1.,0.,-0.));
#7360 = ADVANCED_FACE('',(#7361),#7372,.F.);
#7361 = FACE_BOUND('',#7362,.F.);
#7362 = EDGE_LOOP('',(#7363,#7369,#7370,#7371));
#7363 = ORIENTED_EDGE('',*,*,#7364,.T.);
#7364 = EDGE_CURVE('',#7208,#7311,#7365,.T.);
#7365 = LINE('',#7366,#7367);
#7366 = CARTESIAN_POINT('',(-4.647534602764E-14,-253.,220.));
#7367 = VECTOR('',#7368,1.);
#7368 = DIRECTION('',(0.,0.,1.));
#7369 = ORIENTED_EDGE('',*,*,#7318,.T.);
#7370 = ORIENTED_EDGE('',*,*,#7159,.F.);
#7371 = ORIENTED_EDGE('',*,*,#7215,.F.);
#7372 = PLANE('',#7373);
#7373 = AXIS2_PLACEMENT_3D('',#7374,#7375,#7376);
#7374 = CARTESIAN_POINT('',(-4.647534602764E-14,-253.,220.));
#7375 = DIRECTION('',(1.,-1.836970198721E-16,0.));
#7376 = DIRECTION('',(-1.836970198721E-16,-1.,0.));
#7377 = ADVANCED_FACE('',(#7378),#7394,.F.);
#7378 = FACE_BOUND('',#7379,.F.);
#7379 = EDGE_LOOP('',(#7380,#7381,#7387,#7388));
#7380 = ORIENTED_EDGE('',*,*,#7189,.F.);
#7381 = ORIENTED_EDGE('',*,*,#7382,.F.);
#7382 = EDGE_CURVE('',#7293,#7190,#7383,.T.);
#7383 = LINE('',#7384,#7385);
#7384 = CARTESIAN_POINT('',(243.74544330884,129.17949192431,119.));
#7385 = VECTOR('',#7386,1.);
#7386 = DIRECTION('',(0.,0.,-1.));
#7387 = ORIENTED_EDGE('',*,*,#7292,.T.);
#7388 = ORIENTED_EDGE('',*,*,#7389,.F.);
#7389 = EDGE_CURVE('',#7192,#7295,#7390,.T.);
#7390 = LINE('',#7391,#7392);
#7391 = CARTESIAN_POINT('',(253.74544330884,146.5,220.));
#7392 = VECTOR('',#7393,1.);
#7393 = DIRECTION('',(0.,0.,1.));
#7394 = PLANE('',#7395);
#7395 = AXIS2_PLACEMENT_3D('',#7396,#7397,#7398);
#7396 = CARTESIAN_POINT('',(-5.382322682253E-14,-293.,220.));
#7397 = DIRECTION('',(-0.866025403784,0.5,0.));
#7398 = DIRECTION('',(0.5,0.866025403784,0.));
#7399 = ADVANCED_FACE('',(#7400),#7411,.F.);
#7400 = FACE_BOUND('',#7401,.F.);
#7401 = EDGE_LOOP('',(#7402,#7403,#7409,#7410));
#7402 = ORIENTED_EDGE('',*,*,#7254,.T.);
#7403 = ORIENTED_EDGE('',*,*,#7404,.T.);
#7404 = EDGE_CURVE('',#7247,#7343,#7405,.T.);
#7405 = LINE('',#7406,#7407);
#7406 = CARTESIAN_POINT('',(234.49673200287,123.83974596215,18.));
#7407 = VECTOR('',#7408,1.);
#7408 = DIRECTION('',(0.,0.,1.));
#7409 = ORIENTED_EDGE('',*,*,#7350,.F.);
#7410 = ORIENTED_EDGE('',*,*,#7382,.T.);
#7411 = PLANE('',#7412);
#7412 = AXIS2_PLACEMENT_3D('',#7413,#7414,#7415);
#7413 = CARTESIAN_POINT('',(234.49673200287,123.83974596215,18.));
#7414 = DIRECTION('',(-0.5,0.866025403784,0.));
#7415 = DIRECTION('',(0.,0.,1.));
#7416 = ADVANCED_FACE('',(#7417),#7433,.F.);
#7417 = FACE_BOUND('',#7418,.F.);
#7418 = EDGE_LOOP('',(#7419,#7420,#7426,#7427));
#7419 = ORIENTED_EDGE('',*,*,#7238,.F.);
#7420 = ORIENTED_EDGE('',*,*,#7421,.T.);
#7421 = EDGE_CURVE('',#7231,#7327,#7422,.T.);
#7422 = LINE('',#7423,#7424);
#7423 = CARTESIAN_POINT('',(16.165807537309,-265.,119.));
#7424 = VECTOR('',#7425,1.);
#7425 = DIRECTION('',(0.,0.,1.));
#7426 = ORIENTED_EDGE('',*,*,#7334,.T.);
#7427 = ORIENTED_EDGE('',*,*,#7428,.T.);
#7428 = EDGE_CURVE('',#7335,#7239,#7429,.T.);
#7429 = LINE('',#7430,#7431);
#7430 = CARTESIAN_POINT('',(237.57963577153,118.5,119.));
#7431 = VECTOR('',#7432,1.);
#7432 = DIRECTION('',(0.,0.,-1.));
#7433 = PLANE('',#7434);
#7434 = AXIS2_PLACEMENT_3D('',#7435,#7436,#7437);
#7435 = CARTESIAN_POINT('',(-5.382322682253E-14,-293.,220.));
#7436 = DIRECTION('',(-0.866025403784,0.5,0.));
#7437 = DIRECTION('',(0.5,0.866025403784,0.));
#7438 = ADVANCED_FACE('',(#7439),#7450,.F.);
#7439 = FACE_BOUND('',#7440,.F.);
#7440 = EDGE_LOOP('',(#7441,#7447,#7448,#7449));
#7441 = ORIENTED_EDGE('',*,*,#7442,.T.);
#7442 = EDGE_CURVE('',#7200,#7303,#7443,.T.);
#7443 = LINE('',#7444,#7445);
#7444 = CARTESIAN_POINT('',(219.10442715746,126.5,220.));
#7445 = VECTOR('',#7446,1.);
#7446 = DIRECTION('',(0.,0.,1.));
#7447 = ORIENTED_EDGE('',*,*,#7310,.T.);
#7448 = ORIENTED_EDGE('',*,*,#7364,.F.);
#7449 = ORIENTED_EDGE('',*,*,#7207,.F.);
#7450 = PLANE('',#7451);
#7451 = AXIS2_PLACEMENT_3D('',#7452,#7453,#7454);
#7452 = CARTESIAN_POINT('',(219.10442715746,126.5,220.));
#7453 = DIRECTION('',(0.866025403784,-0.5,0.));
#7454 = DIRECTION('',(-0.5,-0.866025403784,0.));
#7455 = ADVANCED_FACE('',(#7456),#7462,.F.);
#7456 = FACE_BOUND('',#7457,.F.);
#7457 = EDGE_LOOP('',(#7458,#7459,#7460,#7461));
#7458 = ORIENTED_EDGE('',*,*,#7389,.T.);
#7459 = ORIENTED_EDGE('',*,*,#7302,.T.);
#7460 = ORIENTED_EDGE('',*,*,#7442,.F.);
#7461 = ORIENTED_EDGE('',*,*,#7199,.F.);
#7462 = PLANE('',#7463);
#7463 = AXIS2_PLACEMENT_3D('',#7464,#7465,#7466);
#7464 = CARTESIAN_POINT('',(253.74544330884,146.5,220.));
#7465 = DIRECTION('',(0.5,-0.866025403784,0.));
#7466 = DIRECTION('',(-0.866025403784,-0.5,0.));
#7467 = ADVANCED_FACE('',(#7468),#7474,.T.);
#7468 = FACE_BOUND('',#7469,.T.);
#7469 = EDGE_LOOP('',(#7470,#7471,#7472,#7473));
#7470 = ORIENTED_EDGE('',*,*,#7342,.F.);
#7471 = ORIENTED_EDGE('',*,*,#7428,.T.);
#7472 = ORIENTED_EDGE('',*,*,#7246,.T.);
#7473 = ORIENTED_EDGE('',*,*,#7404,.T.);
#7474 = PLANE('',#7475);
#7475 = AXIS2_PLACEMENT_3D('',#7476,#7477,#7478);
#7476 = CARTESIAN_POINT('',(236.0381838872,121.16987298107,230.));
#7477 = DIRECTION('',(0.866025403784,0.5,0.));
#7478 = DIRECTION('',(-0.5,0.866025403784,0.));
#7479 = ADVANCED_FACE('',(#7480),#7486,.T.);
#7480 = FACE_BOUND('',#7481,.T.);
#7481 = EDGE_LOOP('',(#7482,#7483,#7484,#7485));
#7482 = ORIENTED_EDGE('',*,*,#7326,.F.);
#7483 = ORIENTED_EDGE('',*,*,#7269,.F.);
#7484 = ORIENTED_EDGE('',*,*,#7230,.T.);
#7485 = ORIENTED_EDGE('',*,*,#7421,.T.);
#7486 = PLANE('',#7487);
#7487 = AXIS2_PLACEMENT_3D('',#7488,#7489,#7490);
#7488 = CARTESIAN_POINT('',(13.082903768655,-265.,230.));
#7489 = DIRECTION('',(-0.,-1.,-0.));
#7490 = DIRECTION('',(0.,0.,-1.));
#7491 = ( GEOMETRIC_REPRESENTATION_CONTEXT(3) 
GLOBAL_UNCERTAINTY_ASSIGNED_CONTEXT((#7495)) 
GLOBAL_UNIT_ASSIGNED_CONTEXT((#7492,#7493,#7494)) REPRESENTATION_CONTEXT
('Context #1','3D Context with UNIT and UNCERTAINTY') );
#7492 = ( LENGTH_UNIT() NAMED_UNIT(*) SI_UNIT(.MILLI.,.METRE.) );
#7493 = ( NAMED_UNIT(*) PLANE_ANGLE_UNIT() SI_UNIT($,.RADIAN.) );
#7494 = ( NAMED_UNIT(*) SI_UNIT($,.STERADIAN.) SOLID_ANGLE_UNIT() );
#7495 = UNCERTAINTY_MEASURE_WITH_UNIT(LENGTH_MEASURE(1.E-07),#7492,
  'distance_accuracy_value','confusion accuracy');
#7496 = CONTEXT_DEPENDENT_SHAPE_REPRESENTATION(#7497,#7499);
#7497 = ( REPRESENTATION_RELATIONSHIP('','',#7142,#10) 
REPRESENTATION_RELATIONSHIP_WITH_TRANSFORMATION(#7498) 
SHAPE_REPRESENTATION_RELATIONSHIP() );
#7498 = ITEM_DEFINED_TRANSFORMATION('','',#11,#143);
#7499 = PRODUCT_DEFINITION_SHAPE('Placement','Placement of an item',
  #7500);
#7500 = NEXT_ASSEMBLY_USAGE_OCCURRENCE('33',
  'P33 Triangle level 2 beam 3','',#5,#7137,$);
#7501 = PRODUCT_RELATED_PRODUCT_CATEGORY('part',$,(#7139));
#7502 = SHAPE_DEFINITION_REPRESENTATION(#7503,#7509);
#7503 = PRODUCT_DEFINITION_SHAPE('','',#7504);
#7504 = PRODUCT_DEFINITION('design','',#7505,#7508);
#7505 = PRODUCT_DEFINITION_FORMATION('','',#7506);
#7506 = PRODUCT('P34 Triangle level 3 beam 1',
  'P34 Triangle level 3 beam 1','',(#7507));
#7507 = PRODUCT_CONTEXT('',#2,'mechanical');
#7508 = PRODUCT_DEFINITION_CONTEXT('part definition',#2,'design');
#7509 = ADVANCED_BREP_SHAPE_REPRESENTATION('',(#11,#7510),#7858);
#7510 = MANIFOLD_SOLID_BREP('',#7511);
#7511 = CLOSED_SHELL('',(#7512,#7552,#7631,#7655,#7727,#7744,#7766,#7783
    ,#7805,#7822,#7834,#7846));
#7512 = ADVANCED_FACE('',(#7513),#7547,.F.);
#7513 = FACE_BOUND('',#7514,.F.);
#7514 = EDGE_LOOP('',(#7515,#7525,#7533,#7541));
#7515 = ORIENTED_EDGE('',*,*,#7516,.F.);
#7516 = EDGE_CURVE('',#7517,#7519,#7521,.T.);
#7517 = VERTEX_POINT('',#7518);
#7518 = CARTESIAN_POINT('',(253.74544330884,146.5,180.));
#7519 = VERTEX_POINT('',#7520);
#7520 = CARTESIAN_POINT('',(233.74544330884,146.5,180.));
#7521 = LINE('',#7522,#7523);
#7522 = CARTESIAN_POINT('',(253.74544330884,146.5,180.));
#7523 = VECTOR('',#7524,1.);
#7524 = DIRECTION('',(-1.,0.,0.));
#7525 = ORIENTED_EDGE('',*,*,#7526,.T.);
#7526 = EDGE_CURVE('',#7517,#7527,#7529,.T.);
#7527 = VERTEX_POINT('',#7528);
#7528 = CARTESIAN_POINT('',(253.74544330884,146.5,200.));
#7529 = LINE('',#7530,#7531);
#7530 = CARTESIAN_POINT('',(253.74544330884,146.5,180.));
#7531 = VECTOR('',#7532,1.);
#7532 = DIRECTION('',(0.,0.,1.));
#7533 = ORIENTED_EDGE('',*,*,#7534,.T.);
#7534 = EDGE_CURVE('',#7527,#7535,#7537,.T.);
#7535 = VERTEX_POINT('',#7536);
#7536 = CARTESIAN_POINT('',(233.74544330884,146.5,200.));
#7537 = LINE('',#7538,#7539);
#7538 = CARTESIAN_POINT('',(253.74544330884,146.5,200.));
#7539 = VECTOR('',#7540,1.);
#7540 = DIRECTION('',(-1.,0.,0.));
#7541 = ORIENTED_EDGE('',*,*,#7542,.T.);
#7542 = EDGE_CURVE('',#7535,#7519,#7543,.T.);
#7543 = LINE('',#7544,#7545);
#7544 = CARTESIAN_POINT('',(233.74544330884,146.5,99.));
#7545 = VECTOR('',#7546,1.);
#7546 = DIRECTION('',(-0.,-0.,-1.));
#7547 = PLANE('',#7548);
#7548 = AXIS2_PLACEMENT_3D('',#7549,#7550,#7551);
#7549 = CARTESIAN_POINT('',(253.74544330884,146.5,180.));
#7550 = DIRECTION('',(0.,-1.,0.));
#7551 = DIRECTION('',(-1.,0.,0.));
#7552 = ADVANCED_FACE('',(#7553),#7626,.F.);
#7553 = FACE_BOUND('',#7554,.F.);
#7554 = EDGE_LOOP('',(#7555,#7565,#7573,#7581,#7587,#7588,#7596,#7604,
    #7612,#7620));
#7555 = ORIENTED_EDGE('',*,*,#7556,.T.);
#7556 = EDGE_CURVE('',#7557,#7559,#7561,.T.);
#7557 = VERTEX_POINT('',#7558);
#7558 = CARTESIAN_POINT('',(-233.7454433088,146.5,180.));
#7559 = VERTEX_POINT('',#7560);
#7560 = CARTESIAN_POINT('',(-253.7454433088,146.5,180.));
#7561 = LINE('',#7562,#7563);
#7562 = CARTESIAN_POINT('',(253.74544330884,146.5,180.));
#7563 = VECTOR('',#7564,1.);
#7564 = DIRECTION('',(-1.,0.,0.));
#7565 = ORIENTED_EDGE('',*,*,#7566,.T.);
#7566 = EDGE_CURVE('',#7559,#7567,#7569,.T.);
#7567 = VERTEX_POINT('',#7568);
#7568 = CARTESIAN_POINT('',(-219.1044271574,126.5,180.));
#7569 = LINE('',#7570,#7571);
#7570 = CARTESIAN_POINT('',(-253.7454433088,146.5,180.));
#7571 = VECTOR('',#7572,1.);
#7572 = DIRECTION('',(0.866025403784,-0.5,0.));
#7573 = ORIENTED_EDGE('',*,*,#7574,.T.);
#7574 = EDGE_CURVE('',#7567,#7575,#7577,.T.);
#7575 = VERTEX_POINT('',#7576);
#7576 = CARTESIAN_POINT('',(219.10442715746,126.5,180.));
#7577 = LINE('',#7578,#7579);
#7578 = CARTESIAN_POINT('',(-219.1044271574,126.5,180.));
#7579 = VECTOR('',#7580,1.);
#7580 = DIRECTION('',(1.,0.,0.));
#7581 = ORIENTED_EDGE('',*,*,#7582,.T.);
#7582 = EDGE_CURVE('',#7575,#7517,#7583,.T.);
#7583 = LINE('',#7584,#7585);
#7584 = CARTESIAN_POINT('',(219.10442715746,126.5,180.));
#7585 = VECTOR('',#7586,1.);
#7586 = DIRECTION('',(0.866025403784,0.5,0.));
#7587 = ORIENTED_EDGE('',*,*,#7516,.T.);
#7588 = ORIENTED_EDGE('',*,*,#7589,.T.);
#7589 = EDGE_CURVE('',#7519,#7590,#7592,.T.);
#7590 = VERTEX_POINT('',#7591);
#7591 = CARTESIAN_POINT('',(224.49673200287,141.16025403784,180.));
#7592 = LINE('',#7593,#7594);
#7593 = CARTESIAN_POINT('',(139.44772453362,92.057186681163,180.));
#7594 = VECTOR('',#7595,1.);
#7595 = DIRECTION('',(-0.866025403784,-0.5,0.));
#7596 = ORIENTED_EDGE('',*,*,#7597,.T.);
#7597 = EDGE_CURVE('',#7590,#7598,#7600,.T.);
#7598 = VERTEX_POINT('',#7599);
#7599 = CARTESIAN_POINT('',(221.41382823422,146.5,180.));
#7600 = LINE('',#7601,#7602);
#7601 = CARTESIAN_POINT('',(214.79737347068,157.96003581642,180.));
#7602 = VECTOR('',#7603,1.);
#7603 = DIRECTION('',(-0.5,0.866025403784,0.));
#7604 = ORIENTED_EDGE('',*,*,#7605,.T.);
#7605 = EDGE_CURVE('',#7598,#7606,#7608,.T.);
#7606 = VERTEX_POINT('',#7607);
#7607 = CARTESIAN_POINT('',(-221.4138282342,146.5,180.));
#7608 = LINE('',#7609,#7610);
#7609 = CARTESIAN_POINT('',(253.74544330884,146.5,180.));
#7610 = VECTOR('',#7611,1.);
#7611 = DIRECTION('',(-1.,0.,0.));
#7612 = ORIENTED_EDGE('',*,*,#7613,.T.);
#7613 = EDGE_CURVE('',#7606,#7614,#7616,.T.);
#7614 = VERTEX_POINT('',#7615);
#7615 = CARTESIAN_POINT('',(-224.4967320028,141.16025403784,180.));
#7616 = LINE('',#7617,#7618);
#7617 = CARTESIAN_POINT('',(-196.2973734706,190.00297575644,180.));
#7618 = VECTOR('',#7619,1.);
#7619 = DIRECTION('',(-0.5,-0.866025403784,0.));
#7620 = ORIENTED_EDGE('',*,*,#7621,.F.);
#7621 = EDGE_CURVE('',#7557,#7614,#7622,.T.);
#7622 = LINE('',#7623,#7624);
#7623 = CARTESIAN_POINT('',(-139.4477245336,92.057186681163,180.));
#7624 = VECTOR('',#7625,1.);
#7625 = DIRECTION('',(0.866025403784,-0.5,0.));
#7626 = PLANE('',#7627);
#7627 = AXIS2_PLACEMENT_3D('',#7628,#7629,#7630);
#7628 = CARTESIAN_POINT('',(-4.433532862873E-15,137.17546114655,180.));
#7629 = DIRECTION('',(0.,0.,1.));
#7630 = DIRECTION('',(1.,0.,-0.));
#7631 = ADVANCED_FACE('',(#7632),#7650,.T.);
#7632 = FACE_BOUND('',#7633,.T.);
#7633 = EDGE_LOOP('',(#7634,#7635,#7643,#7649));
#7634 = ORIENTED_EDGE('',*,*,#7589,.T.);
#7635 = ORIENTED_EDGE('',*,*,#7636,.T.);
#7636 = EDGE_CURVE('',#7590,#7637,#7639,.T.);
#7637 = VERTEX_POINT('',#7638);
#7638 = CARTESIAN_POINT('',(224.49673200287,141.16025403784,200.));
#7639 = LINE('',#7640,#7641);
#7640 = CARTESIAN_POINT('',(224.49673200287,141.16025403784,18.));
#7641 = VECTOR('',#7642,1.);
#7642 = DIRECTION('',(0.,0.,1.));
#7643 = ORIENTED_EDGE('',*,*,#7644,.F.);
#7644 = EDGE_CURVE('',#7535,#7637,#7645,.T.);
#7645 = LINE('',#7646,#7647);
#7646 = CARTESIAN_POINT('',(139.44772453362,92.057186681163,200.));
#7647 = VECTOR('',#7648,1.);
#7648 = DIRECTION('',(-0.866025403784,-0.5,0.));
#7649 = ORIENTED_EDGE('',*,*,#7542,.T.);
#7650 = PLANE('',#7651);
#7651 = AXIS2_PLACEMENT_3D('',#7652,#7653,#7654);
#7652 = CARTESIAN_POINT('',(224.49673200287,141.16025403784,18.));
#7653 = DIRECTION('',(-0.5,0.866025403784,0.));
#7654 = DIRECTION('',(0.,0.,1.));
#7655 = ADVANCED_FACE('',(#7656),#7722,.T.);
#7656 = FACE_BOUND('',#7657,.T.);
#7657 = EDGE_LOOP('',(#7658,#7668,#7676,#7684,#7690,#7691,#7692,#7700,
    #7708,#7716));
#7658 = ORIENTED_EDGE('',*,*,#7659,.T.);
#7659 = EDGE_CURVE('',#7660,#7662,#7664,.T.);
#7660 = VERTEX_POINT('',#7661);
#7661 = CARTESIAN_POINT('',(-233.7454433088,146.5,200.));
#7662 = VERTEX_POINT('',#7663);
#7663 = CARTESIAN_POINT('',(-253.7454433088,146.5,200.));
#7664 = LINE('',#7665,#7666);
#7665 = CARTESIAN_POINT('',(253.74544330884,146.5,200.));
#7666 = VECTOR('',#7667,1.);
#7667 = DIRECTION('',(-1.,0.,0.));
#7668 = ORIENTED_EDGE('',*,*,#7669,.T.);
#7669 = EDGE_CURVE('',#7662,#7670,#7672,.T.);
#7670 = VERTEX_POINT('',#7671);
#7671 = CARTESIAN_POINT('',(-219.1044271574,126.5,200.));
#7672 = LINE('',#7673,#7674);
#7673 = CARTESIAN_POINT('',(-253.7454433088,146.5,200.));
#7674 = VECTOR('',#7675,1.);
#7675 = DIRECTION('',(0.866025403784,-0.5,0.));
#7676 = ORIENTED_EDGE('',*,*,#7677,.T.);
#7677 = EDGE_CURVE('',#7670,#7678,#7680,.T.);
#7678 = VERTEX_POINT('',#7679);
#7679 = CARTESIAN_POINT('',(219.10442715746,126.5,200.));
#7680 = LINE('',#7681,#7682);
#7681 = CARTESIAN_POINT('',(-219.1044271574,126.5,200.));
#7682 = VECTOR('',#7683,1.);
#7683 = DIRECTION('',(1.,0.,0.));
#7684 = ORIENTED_EDGE('',*,*,#7685,.T.);
#7685 = EDGE_CURVE('',#7678,#7527,#7686,.T.);
#7686 = LINE('',#7687,#7688);
#7687 = CARTESIAN_POINT('',(219.10442715746,126.5,200.));
#7688 = VECTOR('',#7689,1.);
#7689 = DIRECTION('',(0.866025403784,0.5,0.));
#7690 = ORIENTED_EDGE('',*,*,#7534,.T.);
#7691 = ORIENTED_EDGE('',*,*,#7644,.T.);
#7692 = ORIENTED_EDGE('',*,*,#7693,.T.);
#7693 = EDGE_CURVE('',#7637,#7694,#7696,.T.);
#7694 = VERTEX_POINT('',#7695);
#7695 = CARTESIAN_POINT('',(221.41382823422,146.5,200.));
#7696 = LINE('',#7697,#7698);
#7697 = CARTESIAN_POINT('',(197.29737347068,188.27092494887,200.));
#7698 = VECTOR('',#7699,1.);
#7699 = DIRECTION('',(-0.5,0.866025403784,0.));
#7700 = ORIENTED_EDGE('',*,*,#7701,.T.);
#7701 = EDGE_CURVE('',#7694,#7702,#7704,.T.);
#7702 = VERTEX_POINT('',#7703);
#7703 = CARTESIAN_POINT('',(-221.4138282342,146.5,200.));
#7704 = LINE('',#7705,#7706);
#7705 = CARTESIAN_POINT('',(253.74544330884,146.5,200.));
#7706 = VECTOR('',#7707,1.);
#7707 = DIRECTION('',(-1.,0.,0.));
#7708 = ORIENTED_EDGE('',*,*,#7709,.T.);
#7709 = EDGE_CURVE('',#7702,#7710,#7712,.T.);
#7710 = VERTEX_POINT('',#7711);
#7711 = CARTESIAN_POINT('',(-224.4967320028,141.16025403784,200.));
#7712 = LINE('',#7713,#7714);
#7713 = CARTESIAN_POINT('',(-184.7973734706,209.92156004349,200.));
#7714 = VECTOR('',#7715,1.);
#7715 = DIRECTION('',(-0.5,-0.866025403784,0.));
#7716 = ORIENTED_EDGE('',*,*,#7717,.F.);
#7717 = EDGE_CURVE('',#7660,#7710,#7718,.T.);
#7718 = LINE('',#7719,#7720);
#7719 = CARTESIAN_POINT('',(-139.4477245336,92.057186681163,200.));
#7720 = VECTOR('',#7721,1.);
#7721 = DIRECTION('',(0.866025403784,-0.5,0.));
#7722 = PLANE('',#7723);
#7723 = AXIS2_PLACEMENT_3D('',#7724,#7725,#7726);
#7724 = CARTESIAN_POINT('',(-4.433532862873E-15,137.17546114655,200.));
#7725 = DIRECTION('',(0.,0.,1.));
#7726 = DIRECTION('',(1.,0.,-0.));
#7727 = ADVANCED_FACE('',(#7728),#7739,.F.);
#7728 = FACE_BOUND('',#7729,.F.);
#7729 = EDGE_LOOP('',(#7730,#7736,#7737,#7738));
#7730 = ORIENTED_EDGE('',*,*,#7731,.T.);
#7731 = EDGE_CURVE('',#7575,#7678,#7732,.T.);
#7732 = LINE('',#7733,#7734);
#7733 = CARTESIAN_POINT('',(219.10442715746,126.5,180.));
#7734 = VECTOR('',#7735,1.);
#7735 = DIRECTION('',(0.,0.,1.));
#7736 = ORIENTED_EDGE('',*,*,#7685,.T.);
#7737 = ORIENTED_EDGE('',*,*,#7526,.F.);
#7738 = ORIENTED_EDGE('',*,*,#7582,.F.);
#7739 = PLANE('',#7740);
#7740 = AXIS2_PLACEMENT_3D('',#7741,#7742,#7743);
#7741 = CARTESIAN_POINT('',(219.10442715746,126.5,180.));
#7742 = DIRECTION('',(-0.5,0.866025403784,0.));
#7743 = DIRECTION('',(0.866025403784,0.5,0.));
#7744 = ADVANCED_FACE('',(#7745),#7761,.F.);
#7745 = FACE_BOUND('',#7746,.F.);
#7746 = EDGE_LOOP('',(#7747,#7748,#7754,#7755));
#7747 = ORIENTED_EDGE('',*,*,#7556,.F.);
#7748 = ORIENTED_EDGE('',*,*,#7749,.F.);
#7749 = EDGE_CURVE('',#7660,#7557,#7750,.T.);
#7750 = LINE('',#7751,#7752);
#7751 = CARTESIAN_POINT('',(-233.7454433088,146.5,99.));
#7752 = VECTOR('',#7753,1.);
#7753 = DIRECTION('',(0.,-0.,-1.));
#7754 = ORIENTED_EDGE('',*,*,#7659,.T.);
#7755 = ORIENTED_EDGE('',*,*,#7756,.F.);
#7756 = EDGE_CURVE('',#7559,#7662,#7757,.T.);
#7757 = LINE('',#7758,#7759);
#7758 = CARTESIAN_POINT('',(-253.7454433088,146.5,180.));
#7759 = VECTOR('',#7760,1.);
#7760 = DIRECTION('',(0.,0.,1.));
#7761 = PLANE('',#7762);
#7762 = AXIS2_PLACEMENT_3D('',#7763,#7764,#7765);
#7763 = CARTESIAN_POINT('',(253.74544330884,146.5,180.));
#7764 = DIRECTION('',(0.,-1.,0.));
#7765 = DIRECTION('',(-1.,0.,0.));
#7766 = ADVANCED_FACE('',(#7767),#7778,.F.);
#7767 = FACE_BOUND('',#7768,.F.);
#7768 = EDGE_LOOP('',(#7769,#7770,#7776,#7777));
#7769 = ORIENTED_EDGE('',*,*,#7621,.T.);
#7770 = ORIENTED_EDGE('',*,*,#7771,.T.);
#7771 = EDGE_CURVE('',#7614,#7710,#7772,.T.);
#7772 = LINE('',#7773,#7774);
#7773 = CARTESIAN_POINT('',(-224.4967320028,141.16025403784,18.));
#7774 = VECTOR('',#7775,1.);
#7775 = DIRECTION('',(0.,0.,1.));
#7776 = ORIENTED_EDGE('',*,*,#7717,.F.);
#7777 = ORIENTED_EDGE('',*,*,#7749,.T.);
#7778 = PLANE('',#7779);
#7779 = AXIS2_PLACEMENT_3D('',#7780,#7781,#7782);
#7780 = CARTESIAN_POINT('',(-224.4967320028,141.16025403784,18.));
#7781 = DIRECTION('',(-0.5,-0.866025403784,0.));
#7782 = DIRECTION('',(0.,0.,1.));
#7783 = ADVANCED_FACE('',(#7784),#7800,.F.);
#7784 = FACE_BOUND('',#7785,.F.);
#7785 = EDGE_LOOP('',(#7786,#7787,#7793,#7794));
#7786 = ORIENTED_EDGE('',*,*,#7605,.F.);
#7787 = ORIENTED_EDGE('',*,*,#7788,.T.);
#7788 = EDGE_CURVE('',#7598,#7694,#7789,.T.);
#7789 = LINE('',#7790,#7791);
#7790 = CARTESIAN_POINT('',(221.41382823422,146.5,99.));
#7791 = VECTOR('',#7792,1.);
#7792 = DIRECTION('',(-0.,0.,1.));
#7793 = ORIENTED_EDGE('',*,*,#7701,.T.);
#7794 = ORIENTED_EDGE('',*,*,#7795,.T.);
#7795 = EDGE_CURVE('',#7702,#7606,#7796,.T.);
#7796 = LINE('',#7797,#7798);
#7797 = CARTESIAN_POINT('',(-221.4138282342,146.5,99.));
#7798 = VECTOR('',#7799,1.);
#7799 = DIRECTION('',(-0.,-0.,-1.));
#7800 = PLANE('',#7801);
#7801 = AXIS2_PLACEMENT_3D('',#7802,#7803,#7804);
#7802 = CARTESIAN_POINT('',(253.74544330884,146.5,180.));
#7803 = DIRECTION('',(0.,-1.,0.));
#7804 = DIRECTION('',(-1.,0.,0.));
#7805 = ADVANCED_FACE('',(#7806),#7817,.F.);
#7806 = FACE_BOUND('',#7807,.F.);
#7807 = EDGE_LOOP('',(#7808,#7814,#7815,#7816));
#7808 = ORIENTED_EDGE('',*,*,#7809,.T.);
#7809 = EDGE_CURVE('',#7567,#7670,#7810,.T.);
#7810 = LINE('',#7811,#7812);
#7811 = CARTESIAN_POINT('',(-219.1044271574,126.5,180.));
#7812 = VECTOR('',#7813,1.);
#7813 = DIRECTION('',(0.,0.,1.));
#7814 = ORIENTED_EDGE('',*,*,#7677,.T.);
#7815 = ORIENTED_EDGE('',*,*,#7731,.F.);
#7816 = ORIENTED_EDGE('',*,*,#7574,.F.);
#7817 = PLANE('',#7818);
#7818 = AXIS2_PLACEMENT_3D('',#7819,#7820,#7821);
#7819 = CARTESIAN_POINT('',(-219.1044271574,126.5,180.));
#7820 = DIRECTION('',(0.,1.,0.));
#7821 = DIRECTION('',(1.,0.,0.));
#7822 = ADVANCED_FACE('',(#7823),#7829,.F.);
#7823 = FACE_BOUND('',#7824,.F.);
#7824 = EDGE_LOOP('',(#7825,#7826,#7827,#7828));
#7825 = ORIENTED_EDGE('',*,*,#7756,.T.);
#7826 = ORIENTED_EDGE('',*,*,#7669,.T.);
#7827 = ORIENTED_EDGE('',*,*,#7809,.F.);
#7828 = ORIENTED_EDGE('',*,*,#7566,.F.);
#7829 = PLANE('',#7830);
#7830 = AXIS2_PLACEMENT_3D('',#7831,#7832,#7833);
#7831 = CARTESIAN_POINT('',(-253.7454433088,146.5,180.));
#7832 = DIRECTION('',(0.5,0.866025403784,-0.));
#7833 = DIRECTION('',(0.866025403784,-0.5,0.));
#7834 = ADVANCED_FACE('',(#7835),#7841,.T.);
#7835 = FACE_BOUND('',#7836,.T.);
#7836 = EDGE_LOOP('',(#7837,#7838,#7839,#7840));
#7837 = ORIENTED_EDGE('',*,*,#7709,.F.);
#7838 = ORIENTED_EDGE('',*,*,#7795,.T.);
#7839 = ORIENTED_EDGE('',*,*,#7613,.T.);
#7840 = ORIENTED_EDGE('',*,*,#7771,.T.);
#7841 = PLANE('',#7842);
#7842 = AXIS2_PLACEMENT_3D('',#7843,#7844,#7845);
#7843 = CARTESIAN_POINT('',(-222.9552801185,143.83012701892,190.));
#7844 = DIRECTION('',(-0.866025403784,0.5,-0.));
#7845 = DIRECTION('',(-0.5,-0.866025403784,0.));
#7846 = ADVANCED_FACE('',(#7847),#7853,.T.);
#7847 = FACE_BOUND('',#7848,.T.);
#7848 = EDGE_LOOP('',(#7849,#7850,#7851,#7852));
#7849 = ORIENTED_EDGE('',*,*,#7693,.F.);
#7850 = ORIENTED_EDGE('',*,*,#7636,.F.);
#7851 = ORIENTED_EDGE('',*,*,#7597,.T.);
#7852 = ORIENTED_EDGE('',*,*,#7788,.T.);
#7853 = PLANE('',#7854);
#7854 = AXIS2_PLACEMENT_3D('',#7855,#7856,#7857);
#7855 = CARTESIAN_POINT('',(222.95528011854,143.83012701892,190.));
#7856 = DIRECTION('',(0.866025403784,0.5,0.));
#7857 = DIRECTION('',(-0.5,0.866025403784,0.));
#7858 = ( GEOMETRIC_REPRESENTATION_CONTEXT(3) 
GLOBAL_UNCERTAINTY_ASSIGNED_CONTEXT((#7862)) 
GLOBAL_UNIT_ASSIGNED_CONTEXT((#7859,#7860,#7861)) REPRESENTATION_CONTEXT
('Context #1','3D Context with UNIT and UNCERTAINTY') );
#7859 = ( LENGTH_UNIT() NAMED_UNIT(*) SI_UNIT(.MILLI.,.METRE.) );
#7860 = ( NAMED_UNIT(*) PLANE_ANGLE_UNIT() SI_UNIT($,.RADIAN.) );
#7861 = ( NAMED_UNIT(*) SI_UNIT($,.STERADIAN.) SOLID_ANGLE_UNIT() );
#7862 = UNCERTAINTY_MEASURE_WITH_UNIT(LENGTH_MEASURE(1.E-07),#7859,
  'distance_accuracy_value','confusion accuracy');
#7863 = CONTEXT_DEPENDENT_SHAPE_REPRESENTATION(#7864,#7866);
#7864 = ( REPRESENTATION_RELATIONSHIP('','',#7509,#10) 
REPRESENTATION_RELATIONSHIP_WITH_TRANSFORMATION(#7865) 
SHAPE_REPRESENTATION_RELATIONSHIP() );
#7865 = ITEM_DEFINED_TRANSFORMATION('','',#11,#147);
#7866 = PRODUCT_DEFINITION_SHAPE('Placement','Placement of an item',
  #7867);
#7867 = NEXT_ASSEMBLY_USAGE_OCCURRENCE('34',
  'P34 Triangle level 3 beam 1','',#5,#7504,$);
#7868 = PRODUCT_RELATED_PRODUCT_CATEGORY('part',$,(#7506));
#7869 = SHAPE_DEFINITION_REPRESENTATION(#7870,#7876);
#7870 = PRODUCT_DEFINITION_SHAPE('','',#7871);
#7871 = PRODUCT_DEFINITION('design','',#7872,#7875);
#7872 = PRODUCT_DEFINITION_FORMATION('','',#7873);
#7873 = PRODUCT('P35 Triangle level 3 beam 2',
  'P35 Triangle level 3 beam 2','',(#7874));
#7874 = PRODUCT_CONTEXT('',#2,'mechanical');
#7875 = PRODUCT_DEFINITION_CONTEXT('part definition',#2,'design');
#7876 = ADVANCED_BREP_SHAPE_REPRESENTATION('',(#11,#7877),#8225);
#7877 = MANIFOLD_SOLID_BREP('',#7878);
#7878 = CLOSED_SHELL('',(#7879,#7919,#7998,#8022,#8094,#8111,#8133,#8150
    ,#8172,#8189,#8201,#8213));
#7879 = ADVANCED_FACE('',(#7880),#7914,.F.);
#7880 = FACE_BOUND('',#7881,.F.);
#7881 = EDGE_LOOP('',(#7882,#7892,#7900,#7908));
#7882 = ORIENTED_EDGE('',*,*,#7883,.F.);
#7883 = EDGE_CURVE('',#7884,#7886,#7888,.T.);
#7884 = VERTEX_POINT('',#7885);
#7885 = CARTESIAN_POINT('',(-253.7454433088,146.5,180.));
#7886 = VERTEX_POINT('',#7887);
#7887 = CARTESIAN_POINT('',(-243.7454433088,129.17949192431,180.));
#7888 = LINE('',#7889,#7890);
#7889 = CARTESIAN_POINT('',(-253.7454433088,146.5,180.));
#7890 = VECTOR('',#7891,1.);
#7891 = DIRECTION('',(0.5,-0.866025403784,0.));
#7892 = ORIENTED_EDGE('',*,*,#7893,.T.);
#7893 = EDGE_CURVE('',#7884,#7894,#7896,.T.);
#7894 = VERTEX_POINT('',#7895);
#7895 = CARTESIAN_POINT('',(-253.7454433088,146.5,200.));
#7896 = LINE('',#7897,#7898);
#7897 = CARTESIAN_POINT('',(-253.7454433088,146.5,180.));
#7898 = VECTOR('',#7899,1.);
#7899 = DIRECTION('',(0.,0.,1.));
#7900 = ORIENTED_EDGE('',*,*,#7901,.T.);
#7901 = EDGE_CURVE('',#7894,#7902,#7904,.T.);
#7902 = VERTEX_POINT('',#7903);
#7903 = CARTESIAN_POINT('',(-243.7454433088,129.17949192431,200.));
#7904 = LINE('',#7905,#7906);
#7905 = CARTESIAN_POINT('',(-253.7454433088,146.5,200.));
#7906 = VECTOR('',#7907,1.);
#7907 = DIRECTION('',(0.5,-0.866025403784,0.));
#7908 = ORIENTED_EDGE('',*,*,#7909,.T.);
#7909 = EDGE_CURVE('',#7902,#7886,#7910,.T.);
#7910 = LINE('',#7911,#7912);
#7911 = CARTESIAN_POINT('',(-243.7454433088,129.17949192431,99.));
#7912 = VECTOR('',#7913,1.);
#7913 = DIRECTION('',(0.,0.,-1.));
#7914 = PLANE('',#7915);
#7915 = AXIS2_PLACEMENT_3D('',#7916,#7917,#7918);
#7916 = CARTESIAN_POINT('',(-253.7454433088,146.5,180.));
#7917 = DIRECTION('',(0.866025403784,0.5,-0.));
#7918 = DIRECTION('',(0.5,-0.866025403784,0.));
#7919 = ADVANCED_FACE('',(#7920),#7993,.F.);
#7920 = FACE_BOUND('',#7921,.F.);
#7921 = EDGE_LOOP('',(#7922,#7932,#7940,#7948,#7954,#7955,#7963,#7971,
    #7979,#7987));
#7922 = ORIENTED_EDGE('',*,*,#7923,.T.);
#7923 = EDGE_CURVE('',#7924,#7926,#7928,.T.);
#7924 = VERTEX_POINT('',#7925);
#7925 = CARTESIAN_POINT('',(-10.,-275.6794919243,180.));
#7926 = VERTEX_POINT('',#7927);
#7927 = CARTESIAN_POINT('',(-5.382322682253E-14,-293.,180.));
#7928 = LINE('',#7929,#7930);
#7929 = CARTESIAN_POINT('',(-253.7454433088,146.5,180.));
#7930 = VECTOR('',#7931,1.);
#7931 = DIRECTION('',(0.5,-0.866025403784,0.));
#7932 = ORIENTED_EDGE('',*,*,#7933,.T.);
#7933 = EDGE_CURVE('',#7926,#7934,#7936,.T.);
#7934 = VERTEX_POINT('',#7935);
#7935 = CARTESIAN_POINT('',(-4.647534602764E-14,-253.,180.));
#7936 = LINE('',#7937,#7938);
#7937 = CARTESIAN_POINT('',(-5.382322682253E-14,-293.,180.));
#7938 = VECTOR('',#7939,1.);
#7939 = DIRECTION('',(1.836970198721E-16,1.,0.));
#7940 = ORIENTED_EDGE('',*,*,#7941,.T.);
#7941 = EDGE_CURVE('',#7934,#7942,#7944,.T.);
#7942 = VERTEX_POINT('',#7943);
#7943 = CARTESIAN_POINT('',(-219.1044271574,126.5,180.));
#7944 = LINE('',#7945,#7946);
#7945 = CARTESIAN_POINT('',(-4.647534602764E-14,-253.,180.));
#7946 = VECTOR('',#7947,1.);
#7947 = DIRECTION('',(-0.5,0.866025403784,0.));
#7948 = ORIENTED_EDGE('',*,*,#7949,.T.);
#7949 = EDGE_CURVE('',#7942,#7884,#7950,.T.);
#7950 = LINE('',#7951,#7952);
#7951 = CARTESIAN_POINT('',(-219.1044271574,126.5,180.));
#7952 = VECTOR('',#7953,1.);
#7953 = DIRECTION('',(-0.866025403784,0.5,0.));
#7954 = ORIENTED_EDGE('',*,*,#7883,.T.);
#7955 = ORIENTED_EDGE('',*,*,#7956,.T.);
#7956 = EDGE_CURVE('',#7886,#7957,#7959,.T.);
#7957 = VERTEX_POINT('',#7958);
#7958 = CARTESIAN_POINT('',(-234.4967320028,123.83974596215,180.));
#7959 = LINE('',#7960,#7961);
#7960 = CARTESIAN_POINT('',(-149.4477245336,74.736678605475,180.));
#7961 = VECTOR('',#7962,1.);
#7962 = DIRECTION('',(0.866025403784,-0.5,0.));
#7963 = ORIENTED_EDGE('',*,*,#7964,.T.);
#7964 = EDGE_CURVE('',#7957,#7965,#7967,.T.);
#7965 = VERTEX_POINT('',#7966);
#7966 = CARTESIAN_POINT('',(-237.5796357715,118.5,180.));
#7967 = LINE('',#7968,#7969);
#7968 = CARTESIAN_POINT('',(-244.196090535,107.03996418357,180.));
#7969 = VECTOR('',#7970,1.);
#7970 = DIRECTION('',(-0.5,-0.866025403784,0.));
#7971 = ORIENTED_EDGE('',*,*,#7972,.T.);
#7972 = EDGE_CURVE('',#7965,#7973,#7975,.T.);
#7973 = VERTEX_POINT('',#7974);
#7974 = CARTESIAN_POINT('',(-16.16580753731,-265.,180.));
#7975 = LINE('',#7976,#7977);
#7976 = CARTESIAN_POINT('',(-253.7454433088,146.5,180.));
#7977 = VECTOR('',#7978,1.);
#7978 = DIRECTION('',(0.5,-0.866025403784,0.));
#7979 = ORIENTED_EDGE('',*,*,#7980,.T.);
#7980 = EDGE_CURVE('',#7973,#7981,#7983,.T.);
#7981 = VERTEX_POINT('',#7982);
#7982 = CARTESIAN_POINT('',(-10.,-265.,180.));
#7983 = LINE('',#7984,#7985);
#7984 = CARTESIAN_POINT('',(-66.39871706437,-265.,180.));
#7985 = VECTOR('',#7986,1.);
#7986 = DIRECTION('',(1.,-2.22044604925E-16,0.));
#7987 = ORIENTED_EDGE('',*,*,#7988,.F.);
#7988 = EDGE_CURVE('',#7924,#7981,#7989,.T.);
#7989 = LINE('',#7990,#7991);
#7990 = CARTESIAN_POINT('',(-10.,-166.7938652866,180.));
#7991 = VECTOR('',#7992,1.);
#7992 = DIRECTION('',(2.22044604925E-16,1.,-0.));
#7993 = PLANE('',#7994);
#7994 = AXIS2_PLACEMENT_3D('',#7995,#7996,#7997);
#7995 = CARTESIAN_POINT('',(-118.7974341287,-68.58773057327,180.));
#7996 = DIRECTION('',(0.,0.,1.));
#7997 = DIRECTION('',(1.,0.,-0.));
#7998 = ADVANCED_FACE('',(#7999),#8017,.T.);
#7999 = FACE_BOUND('',#8000,.T.);
#8000 = EDGE_LOOP('',(#8001,#8002,#8010,#8016));
#8001 = ORIENTED_EDGE('',*,*,#7956,.T.);
#8002 = ORIENTED_EDGE('',*,*,#8003,.T.);
#8003 = EDGE_CURVE('',#7957,#8004,#8006,.T.);
#8004 = VERTEX_POINT('',#8005);
#8005 = CARTESIAN_POINT('',(-234.4967320028,123.83974596215,200.));
#8006 = LINE('',#8007,#8008);
#8007 = CARTESIAN_POINT('',(-234.4967320028,123.83974596215,18.));
#8008 = VECTOR('',#8009,1.);
#8009 = DIRECTION('',(0.,0.,1.));
#8010 = ORIENTED_EDGE('',*,*,#8011,.F.);
#8011 = EDGE_CURVE('',#7902,#8004,#8012,.T.);
#8012 = LINE('',#8013,#8014);
#8013 = CARTESIAN_POINT('',(-149.4477245336,74.736678605475,200.));
#8014 = VECTOR('',#8015,1.);
#8015 = DIRECTION('',(0.866025403784,-0.5,0.));
#8016 = ORIENTED_EDGE('',*,*,#7909,.T.);
#8017 = PLANE('',#8018);
#8018 = AXIS2_PLACEMENT_3D('',#8019,#8020,#8021);
#8019 = CARTESIAN_POINT('',(-234.4967320028,123.83974596215,18.));
#8020 = DIRECTION('',(-0.5,-0.866025403784,0.));
#8021 = DIRECTION('',(0.,0.,1.));
#8022 = ADVANCED_FACE('',(#8023),#8089,.T.);
#8023 = FACE_BOUND('',#8024,.T.);
#8024 = EDGE_LOOP('',(#8025,#8035,#8043,#8051,#8057,#8058,#8059,#8067,
    #8075,#8083));
#8025 = ORIENTED_EDGE('',*,*,#8026,.T.);
#8026 = EDGE_CURVE('',#8027,#8029,#8031,.T.);
#8027 = VERTEX_POINT('',#8028);
#8028 = CARTESIAN_POINT('',(-10.,-275.6794919243,200.));
#8029 = VERTEX_POINT('',#8030);
#8030 = CARTESIAN_POINT('',(-5.382322682253E-14,-293.,200.));
#8031 = LINE('',#8032,#8033);
#8032 = CARTESIAN_POINT('',(-253.7454433088,146.5,200.));
#8033 = VECTOR('',#8034,1.);
#8034 = DIRECTION('',(0.5,-0.866025403784,0.));
#8035 = ORIENTED_EDGE('',*,*,#8036,.T.);
#8036 = EDGE_CURVE('',#8029,#8037,#8039,.T.);
#8037 = VERTEX_POINT('',#8038);
#8038 = CARTESIAN_POINT('',(-4.647534602764E-14,-253.,200.));
#8039 = LINE('',#8040,#8041);
#8040 = CARTESIAN_POINT('',(-5.382322682253E-14,-293.,200.));
#8041 = VECTOR('',#8042,1.);
#8042 = DIRECTION('',(1.836970198721E-16,1.,0.));
#8043 = ORIENTED_EDGE('',*,*,#8044,.T.);
#8044 = EDGE_CURVE('',#8037,#8045,#8047,.T.);
#8045 = VERTEX_POINT('',#8046);
#8046 = CARTESIAN_POINT('',(-219.1044271574,126.5,200.));
#8047 = LINE('',#8048,#8049);
#8048 = CARTESIAN_POINT('',(-4.647534602764E-14,-253.,200.));
#8049 = VECTOR('',#8050,1.);
#8050 = DIRECTION('',(-0.5,0.866025403784,0.));
#8051 = ORIENTED_EDGE('',*,*,#8052,.T.);
#8052 = EDGE_CURVE('',#8045,#7894,#8053,.T.);
#8053 = LINE('',#8054,#8055);
#8054 = CARTESIAN_POINT('',(-219.1044271574,126.5,200.));
#8055 = VECTOR('',#8056,1.);
#8056 = DIRECTION('',(-0.866025403784,0.5,0.));
#8057 = ORIENTED_EDGE('',*,*,#7901,.T.);
#8058 = ORIENTED_EDGE('',*,*,#8011,.T.);
#8059 = ORIENTED_EDGE('',*,*,#8060,.T.);
#8060 = EDGE_CURVE('',#8004,#8061,#8063,.T.);
#8061 = VERTEX_POINT('',#8062);
#8062 = CARTESIAN_POINT('',(-237.5796357715,118.5,200.));
#8063 = LINE('',#8064,#8065);
#8064 = CARTESIAN_POINT('',(-261.696090535,76.729075051121,200.));
#8065 = VECTOR('',#8066,1.);
#8066 = DIRECTION('',(-0.5,-0.866025403784,0.));
#8067 = ORIENTED_EDGE('',*,*,#8068,.T.);
#8068 = EDGE_CURVE('',#8061,#8069,#8071,.T.);
#8069 = VERTEX_POINT('',#8070);
#8070 = CARTESIAN_POINT('',(-16.16580753731,-265.,200.));
#8071 = LINE('',#8072,#8073);
#8072 = CARTESIAN_POINT('',(-253.7454433088,146.5,200.));
#8073 = VECTOR('',#8074,1.);
#8074 = DIRECTION('',(0.5,-0.866025403784,0.));
#8075 = ORIENTED_EDGE('',*,*,#8076,.T.);
#8076 = EDGE_CURVE('',#8069,#8077,#8079,.T.);
#8077 = VERTEX_POINT('',#8078);
#8078 = CARTESIAN_POINT('',(-10.,-265.,200.));
#8079 = LINE('',#8080,#8081);
#8080 = CARTESIAN_POINT('',(-89.39871706437,-265.,200.));
#8081 = VECTOR('',#8082,1.);
#8082 = DIRECTION('',(1.,-2.22044604925E-16,0.));
#8083 = ORIENTED_EDGE('',*,*,#8084,.F.);
#8084 = EDGE_CURVE('',#8027,#8077,#8085,.T.);
#8085 = LINE('',#8086,#8087);
#8086 = CARTESIAN_POINT('',(-10.,-166.7938652866,200.));
#8087 = VECTOR('',#8088,1.);
#8088 = DIRECTION('',(2.22044604925E-16,1.,-0.));
#8089 = PLANE('',#8090);
#8090 = AXIS2_PLACEMENT_3D('',#8091,#8092,#8093);
#8091 = CARTESIAN_POINT('',(-118.7974341287,-68.58773057327,200.));
#8092 = DIRECTION('',(0.,0.,1.));
#8093 = DIRECTION('',(1.,0.,-0.));
#8094 = ADVANCED_FACE('',(#8095),#8106,.F.);
#8095 = FACE_BOUND('',#8096,.F.);
#8096 = EDGE_LOOP('',(#8097,#8103,#8104,#8105));
#8097 = ORIENTED_EDGE('',*,*,#8098,.T.);
#8098 = EDGE_CURVE('',#7942,#8045,#8099,.T.);
#8099 = LINE('',#8100,#8101);
#8100 = CARTESIAN_POINT('',(-219.1044271574,126.5,180.));
#8101 = VECTOR('',#8102,1.);
#8102 = DIRECTION('',(0.,0.,1.));
#8103 = ORIENTED_EDGE('',*,*,#8052,.T.);
#8104 = ORIENTED_EDGE('',*,*,#7893,.F.);
#8105 = ORIENTED_EDGE('',*,*,#7949,.F.);
#8106 = PLANE('',#8107);
#8107 = AXIS2_PLACEMENT_3D('',#8108,#8109,#8110);
#8108 = CARTESIAN_POINT('',(-219.1044271574,126.5,180.));
#8109 = DIRECTION('',(-0.5,-0.866025403784,0.));
#8110 = DIRECTION('',(-0.866025403784,0.5,0.));
#8111 = ADVANCED_FACE('',(#8112),#8128,.F.);
#8112 = FACE_BOUND('',#8113,.F.);
#8113 = EDGE_LOOP('',(#8114,#8115,#8121,#8122));
#8114 = ORIENTED_EDGE('',*,*,#7923,.F.);
#8115 = ORIENTED_EDGE('',*,*,#8116,.F.);
#8116 = EDGE_CURVE('',#8027,#7924,#8117,.T.);
#8117 = LINE('',#8118,#8119);
#8118 = CARTESIAN_POINT('',(-10.,-275.6794919243,99.));
#8119 = VECTOR('',#8120,1.);
#8120 = DIRECTION('',(0.,-0.,-1.));
#8121 = ORIENTED_EDGE('',*,*,#8026,.T.);
#8122 = ORIENTED_EDGE('',*,*,#8123,.F.);
#8123 = EDGE_CURVE('',#7926,#8029,#8124,.T.);
#8124 = LINE('',#8125,#8126);
#8125 = CARTESIAN_POINT('',(-5.382322682253E-14,-293.,180.));
#8126 = VECTOR('',#8127,1.);
#8127 = DIRECTION('',(0.,0.,1.));
#8128 = PLANE('',#8129);
#8129 = AXIS2_PLACEMENT_3D('',#8130,#8131,#8132);
#8130 = CARTESIAN_POINT('',(-253.7454433088,146.5,180.));
#8131 = DIRECTION('',(0.866025403784,0.5,-0.));
#8132 = DIRECTION('',(0.5,-0.866025403784,0.));
#8133 = ADVANCED_FACE('',(#8134),#8145,.F.);
#8134 = FACE_BOUND('',#8135,.F.);
#8135 = EDGE_LOOP('',(#8136,#8137,#8143,#8144));
#8136 = ORIENTED_EDGE('',*,*,#7988,.T.);
#8137 = ORIENTED_EDGE('',*,*,#8138,.T.);
#8138 = EDGE_CURVE('',#7981,#8077,#8139,.T.);
#8139 = LINE('',#8140,#8141);
#8140 = CARTESIAN_POINT('',(-10.,-265.,18.));
#8141 = VECTOR('',#8142,1.);
#8142 = DIRECTION('',(0.,0.,1.));
#8143 = ORIENTED_EDGE('',*,*,#8084,.F.);
#8144 = ORIENTED_EDGE('',*,*,#8116,.T.);
#8145 = PLANE('',#8146);
#8146 = AXIS2_PLACEMENT_3D('',#8147,#8148,#8149);
#8147 = CARTESIAN_POINT('',(-10.,-265.,18.));
#8148 = DIRECTION('',(1.,-2.22044604925E-16,0.));
#8149 = DIRECTION('',(0.,0.,1.));
#8150 = ADVANCED_FACE('',(#8151),#8167,.F.);
#8151 = FACE_BOUND('',#8152,.F.);
#8152 = EDGE_LOOP('',(#8153,#8154,#8160,#8161));
#8153 = ORIENTED_EDGE('',*,*,#7972,.F.);
#8154 = ORIENTED_EDGE('',*,*,#8155,.T.);
#8155 = EDGE_CURVE('',#7965,#8061,#8156,.T.);
#8156 = LINE('',#8157,#8158);
#8157 = CARTESIAN_POINT('',(-237.5796357715,118.5,99.));
#8158 = VECTOR('',#8159,1.);
#8159 = DIRECTION('',(0.,0.,1.));
#8160 = ORIENTED_EDGE('',*,*,#8068,.T.);
#8161 = ORIENTED_EDGE('',*,*,#8162,.T.);
#8162 = EDGE_CURVE('',#8069,#7973,#8163,.T.);
#8163 = LINE('',#8164,#8165);
#8164 = CARTESIAN_POINT('',(-16.16580753731,-265.,99.));
#8165 = VECTOR('',#8166,1.);
#8166 = DIRECTION('',(0.,0.,-1.));
#8167 = PLANE('',#8168);
#8168 = AXIS2_PLACEMENT_3D('',#8169,#8170,#8171);
#8169 = CARTESIAN_POINT('',(-253.7454433088,146.5,180.));
#8170 = DIRECTION('',(0.866025403784,0.5,-0.));
#8171 = DIRECTION('',(0.5,-0.866025403784,0.));
#8172 = ADVANCED_FACE('',(#8173),#8184,.F.);
#8173 = FACE_BOUND('',#8174,.F.);
#8174 = EDGE_LOOP('',(#8175,#8181,#8182,#8183));
#8175 = ORIENTED_EDGE('',*,*,#8176,.T.);
#8176 = EDGE_CURVE('',#7934,#8037,#8177,.T.);
#8177 = LINE('',#8178,#8179);
#8178 = CARTESIAN_POINT('',(-4.647534602764E-14,-253.,180.));
#8179 = VECTOR('',#8180,1.);
#8180 = DIRECTION('',(0.,0.,1.));
#8181 = ORIENTED_EDGE('',*,*,#8044,.T.);
#8182 = ORIENTED_EDGE('',*,*,#8098,.F.);
#8183 = ORIENTED_EDGE('',*,*,#7941,.F.);
#8184 = PLANE('',#8185);
#8185 = AXIS2_PLACEMENT_3D('',#8186,#8187,#8188);
#8186 = CARTESIAN_POINT('',(-4.647534602764E-14,-253.,180.));
#8187 = DIRECTION('',(-0.866025403784,-0.5,0.));
#8188 = DIRECTION('',(-0.5,0.866025403784,0.));
#8189 = ADVANCED_FACE('',(#8190),#8196,.F.);
#8190 = FACE_BOUND('',#8191,.F.);
#8191 = EDGE_LOOP('',(#8192,#8193,#8194,#8195));
#8192 = ORIENTED_EDGE('',*,*,#8123,.T.);
#8193 = ORIENTED_EDGE('',*,*,#8036,.T.);
#8194 = ORIENTED_EDGE('',*,*,#8176,.F.);
#8195 = ORIENTED_EDGE('',*,*,#7933,.F.);
#8196 = PLANE('',#8197);
#8197 = AXIS2_PLACEMENT_3D('',#8198,#8199,#8200);
#8198 = CARTESIAN_POINT('',(-5.382322682253E-14,-293.,180.));
#8199 = DIRECTION('',(-1.,1.836970198721E-16,0.));
#8200 = DIRECTION('',(1.836970198721E-16,1.,0.));
#8201 = ADVANCED_FACE('',(#8202),#8208,.T.);
#8202 = FACE_BOUND('',#8203,.T.);
#8203 = EDGE_LOOP('',(#8204,#8205,#8206,#8207));
#8204 = ORIENTED_EDGE('',*,*,#8076,.F.);
#8205 = ORIENTED_EDGE('',*,*,#8162,.T.);
#8206 = ORIENTED_EDGE('',*,*,#7980,.T.);
#8207 = ORIENTED_EDGE('',*,*,#8138,.T.);
#8208 = PLANE('',#8209);
#8209 = AXIS2_PLACEMENT_3D('',#8210,#8211,#8212);
#8210 = CARTESIAN_POINT('',(-13.08290376865,-265.,190.));
#8211 = DIRECTION('',(-0.,-1.,-0.));
#8212 = DIRECTION('',(0.,0.,-1.));
#8213 = ADVANCED_FACE('',(#8214),#8220,.T.);
#8214 = FACE_BOUND('',#8215,.T.);
#8215 = EDGE_LOOP('',(#8216,#8217,#8218,#8219));
#8216 = ORIENTED_EDGE('',*,*,#8060,.F.);
#8217 = ORIENTED_EDGE('',*,*,#8003,.F.);
#8218 = ORIENTED_EDGE('',*,*,#7964,.T.);
#8219 = ORIENTED_EDGE('',*,*,#8155,.T.);
#8220 = PLANE('',#8221);
#8221 = AXIS2_PLACEMENT_3D('',#8222,#8223,#8224);
#8222 = CARTESIAN_POINT('',(-236.0381838872,121.16987298107,190.));
#8223 = DIRECTION('',(-0.866025403784,0.5,-0.));
#8224 = DIRECTION('',(-0.5,-0.866025403784,0.));
#8225 = ( GEOMETRIC_REPRESENTATION_CONTEXT(3) 
GLOBAL_UNCERTAINTY_ASSIGNED_CONTEXT((#8229)) 
GLOBAL_UNIT_ASSIGNED_CONTEXT((#8226,#8227,#8228)) REPRESENTATION_CONTEXT
('Context #1','3D Context with UNIT and UNCERTAINTY') );
#8226 = ( LENGTH_UNIT() NAMED_UNIT(*) SI_UNIT(.MILLI.,.METRE.) );
#8227 = ( NAMED_UNIT(*) PLANE_ANGLE_UNIT() SI_UNIT($,.RADIAN.) );
#8228 = ( NAMED_UNIT(*) SI_UNIT($,.STERADIAN.) SOLID_ANGLE_UNIT() );
#8229 = UNCERTAINTY_MEASURE_WITH_UNIT(LENGTH_MEASURE(1.E-07),#8226,
  'distance_accuracy_value','confusion accuracy');
#8230 = CONTEXT_DEPENDENT_SHAPE_REPRESENTATION(#8231,#8233);
#8231 = ( REPRESENTATION_RELATIONSHIP('','',#7876,#10) 
REPRESENTATION_RELATIONSHIP_WITH_TRANSFORMATION(#8232) 
SHAPE_REPRESENTATION_RELATIONSHIP() );
#8232 = ITEM_DEFINED_TRANSFORMATION('','',#11,#151);
#8233 = PRODUCT_DEFINITION_SHAPE('Placement','Placement of an item',
  #8234);
#8234 = NEXT_ASSEMBLY_USAGE_OCCURRENCE('35',
  'P35 Triangle level 3 beam 2','',#5,#7871,$);
#8235 = PRODUCT_RELATED_PRODUCT_CATEGORY('part',$,(#7873));
#8236 = SHAPE_DEFINITION_REPRESENTATION(#8237,#8243);
#8237 = PRODUCT_DEFINITION_SHAPE('','',#8238);
#8238 = PRODUCT_DEFINITION('design','',#8239,#8242);
#8239 = PRODUCT_DEFINITION_FORMATION('','',#8240);
#8240 = PRODUCT('P36 Triangle level 3 beam 3',
  'P36 Triangle level 3 beam 3','',(#8241));
#8241 = PRODUCT_CONTEXT('',#2,'mechanical');
#8242 = PRODUCT_DEFINITION_CONTEXT('part definition',#2,'design');
#8243 = ADVANCED_BREP_SHAPE_REPRESENTATION('',(#11,#8244),#8592);
#8244 = MANIFOLD_SOLID_BREP('',#8245);
#8245 = CLOSED_SHELL('',(#8246,#8286,#8365,#8389,#8461,#8478,#8500,#8517
    ,#8539,#8556,#8568,#8580));
#8246 = ADVANCED_FACE('',(#8247),#8281,.F.);
#8247 = FACE_BOUND('',#8248,.F.);
#8248 = EDGE_LOOP('',(#8249,#8259,#8267,#8275));
#8249 = ORIENTED_EDGE('',*,*,#8250,.F.);
#8250 = EDGE_CURVE('',#8251,#8253,#8255,.T.);
#8251 = VERTEX_POINT('',#8252);
#8252 = CARTESIAN_POINT('',(-5.382322682253E-14,-293.,180.));
#8253 = VERTEX_POINT('',#8254);
#8254 = CARTESIAN_POINT('',(10.,-275.6794919243,180.));
#8255 = LINE('',#8256,#8257);
#8256 = CARTESIAN_POINT('',(-5.382322682253E-14,-293.,180.));
#8257 = VECTOR('',#8258,1.);
#8258 = DIRECTION('',(0.5,0.866025403784,0.));
#8259 = ORIENTED_EDGE('',*,*,#8260,.T.);
#8260 = EDGE_CURVE('',#8251,#8261,#8263,.T.);
#8261 = VERTEX_POINT('',#8262);
#8262 = CARTESIAN_POINT('',(-5.382322682253E-14,-293.,200.));
#8263 = LINE('',#8264,#8265);
#8264 = CARTESIAN_POINT('',(-5.382322682253E-14,-293.,180.));
#8265 = VECTOR('',#8266,1.);
#8266 = DIRECTION('',(0.,0.,1.));
#8267 = ORIENTED_EDGE('',*,*,#8268,.T.);
#8268 = EDGE_CURVE('',#8261,#8269,#8271,.T.);
#8269 = VERTEX_POINT('',#8270);
#8270 = CARTESIAN_POINT('',(10.,-275.6794919243,200.));
#8271 = LINE('',#8272,#8273);
#8272 = CARTESIAN_POINT('',(-5.382322682253E-14,-293.,200.));
#8273 = VECTOR('',#8274,1.);
#8274 = DIRECTION('',(0.5,0.866025403784,0.));
#8275 = ORIENTED_EDGE('',*,*,#8276,.T.);
#8276 = EDGE_CURVE('',#8269,#8253,#8277,.T.);
#8277 = LINE('',#8278,#8279);
#8278 = CARTESIAN_POINT('',(10.,-275.6794919243,99.));
#8279 = VECTOR('',#8280,1.);
#8280 = DIRECTION('',(0.,0.,-1.));
#8281 = PLANE('',#8282);
#8282 = AXIS2_PLACEMENT_3D('',#8283,#8284,#8285);
#8283 = CARTESIAN_POINT('',(-5.382322682253E-14,-293.,180.));
#8284 = DIRECTION('',(-0.866025403784,0.5,0.));
#8285 = DIRECTION('',(0.5,0.866025403784,0.));
#8286 = ADVANCED_FACE('',(#8287),#8360,.F.);
#8287 = FACE_BOUND('',#8288,.F.);
#8288 = EDGE_LOOP('',(#8289,#8299,#8307,#8315,#8321,#8322,#8330,#8338,
    #8346,#8354));
#8289 = ORIENTED_EDGE('',*,*,#8290,.T.);
#8290 = EDGE_CURVE('',#8291,#8293,#8295,.T.);
#8291 = VERTEX_POINT('',#8292);
#8292 = CARTESIAN_POINT('',(243.74544330884,129.17949192431,180.));
#8293 = VERTEX_POINT('',#8294);
#8294 = CARTESIAN_POINT('',(253.74544330884,146.5,180.));
#8295 = LINE('',#8296,#8297);
#8296 = CARTESIAN_POINT('',(-5.382322682253E-14,-293.,180.));
#8297 = VECTOR('',#8298,1.);
#8298 = DIRECTION('',(0.5,0.866025403784,0.));
#8299 = ORIENTED_EDGE('',*,*,#8300,.T.);
#8300 = EDGE_CURVE('',#8293,#8301,#8303,.T.);
#8301 = VERTEX_POINT('',#8302);
#8302 = CARTESIAN_POINT('',(219.10442715746,126.5,180.));
#8303 = LINE('',#8304,#8305);
#8304 = CARTESIAN_POINT('',(253.74544330884,146.5,180.));
#8305 = VECTOR('',#8306,1.);
#8306 = DIRECTION('',(-0.866025403784,-0.5,0.));
#8307 = ORIENTED_EDGE('',*,*,#8308,.T.);
#8308 = EDGE_CURVE('',#8301,#8309,#8311,.T.);
#8309 = VERTEX_POINT('',#8310);
#8310 = CARTESIAN_POINT('',(-4.647534602764E-14,-253.,180.));
#8311 = LINE('',#8312,#8313);
#8312 = CARTESIAN_POINT('',(219.10442715746,126.5,180.));
#8313 = VECTOR('',#8314,1.);
#8314 = DIRECTION('',(-0.5,-0.866025403784,0.));
#8315 = ORIENTED_EDGE('',*,*,#8316,.T.);
#8316 = EDGE_CURVE('',#8309,#8251,#8317,.T.);
#8317 = LINE('',#8318,#8319);
#8318 = CARTESIAN_POINT('',(-4.647534602764E-14,-253.,180.));
#8319 = VECTOR('',#8320,1.);
#8320 = DIRECTION('',(-1.836970198721E-16,-1.,0.));
#8321 = ORIENTED_EDGE('',*,*,#8250,.T.);
#8322 = ORIENTED_EDGE('',*,*,#8323,.T.);
#8323 = EDGE_CURVE('',#8253,#8324,#8326,.T.);
#8324 = VERTEX_POINT('',#8325);
#8325 = CARTESIAN_POINT('',(10.,-265.,180.));
#8326 = LINE('',#8327,#8328);
#8327 = CARTESIAN_POINT('',(10.,-166.7938652866,180.));
#8328 = VECTOR('',#8329,1.);
#8329 = DIRECTION('',(2.22044604925E-16,1.,-0.));
#8330 = ORIENTED_EDGE('',*,*,#8331,.T.);
#8331 = EDGE_CURVE('',#8324,#8332,#8334,.T.);
#8332 = VERTEX_POINT('',#8333);
#8333 = CARTESIAN_POINT('',(16.165807537309,-265.,180.));
#8334 = LINE('',#8335,#8336);
#8335 = CARTESIAN_POINT('',(29.398717064379,-265.,180.));
#8336 = VECTOR('',#8337,1.);
#8337 = DIRECTION('',(1.,-2.22044604925E-16,0.));
#8338 = ORIENTED_EDGE('',*,*,#8339,.T.);
#8339 = EDGE_CURVE('',#8332,#8340,#8342,.T.);
#8340 = VERTEX_POINT('',#8341);
#8341 = CARTESIAN_POINT('',(237.57963577153,118.5,180.));
#8342 = LINE('',#8343,#8344);
#8343 = CARTESIAN_POINT('',(-5.382322682253E-14,-293.,180.));
#8344 = VECTOR('',#8345,1.);
#8345 = DIRECTION('',(0.5,0.866025403784,0.));
#8346 = ORIENTED_EDGE('',*,*,#8347,.T.);
#8347 = EDGE_CURVE('',#8340,#8348,#8350,.T.);
#8348 = VERTEX_POINT('',#8349);
#8349 = CARTESIAN_POINT('',(234.49673200287,123.83974596215,180.));
#8350 = LINE('',#8351,#8352);
#8351 = CARTESIAN_POINT('',(262.69609053506,74.997024243552,180.));
#8352 = VECTOR('',#8353,1.);
#8353 = DIRECTION('',(-0.5,0.866025403784,0.));
#8354 = ORIENTED_EDGE('',*,*,#8355,.F.);
#8355 = EDGE_CURVE('',#8291,#8348,#8356,.T.);
#8356 = LINE('',#8357,#8358);
#8357 = CARTESIAN_POINT('',(149.44772453362,74.736678605475,180.));
#8358 = VECTOR('',#8359,1.);
#8359 = DIRECTION('',(-0.866025403784,-0.5,0.));
#8360 = PLANE('',#8361);
#8361 = AXIS2_PLACEMENT_3D('',#8362,#8363,#8364);
#8362 = CARTESIAN_POINT('',(118.79743412875,-68.58773057327,180.));
#8363 = DIRECTION('',(0.,0.,1.));
#8364 = DIRECTION('',(1.,0.,-0.));
#8365 = ADVANCED_FACE('',(#8366),#8384,.T.);
#8366 = FACE_BOUND('',#8367,.T.);
#8367 = EDGE_LOOP('',(#8368,#8369,#8377,#8383));
#8368 = ORIENTED_EDGE('',*,*,#8323,.T.);
#8369 = ORIENTED_EDGE('',*,*,#8370,.T.);
#8370 = EDGE_CURVE('',#8324,#8371,#8373,.T.);
#8371 = VERTEX_POINT('',#8372);
#8372 = CARTESIAN_POINT('',(10.,-265.,200.));
#8373 = LINE('',#8374,#8375);
#8374 = CARTESIAN_POINT('',(10.,-265.,18.));
#8375 = VECTOR('',#8376,1.);
#8376 = DIRECTION('',(0.,0.,1.));
#8377 = ORIENTED_EDGE('',*,*,#8378,.F.);
#8378 = EDGE_CURVE('',#8269,#8371,#8379,.T.);
#8379 = LINE('',#8380,#8381);
#8380 = CARTESIAN_POINT('',(10.,-166.7938652866,200.));
#8381 = VECTOR('',#8382,1.);
#8382 = DIRECTION('',(2.22044604925E-16,1.,-0.));
#8383 = ORIENTED_EDGE('',*,*,#8276,.T.);
#8384 = PLANE('',#8385);
#8385 = AXIS2_PLACEMENT_3D('',#8386,#8387,#8388);
#8386 = CARTESIAN_POINT('',(10.,-265.,18.));
#8387 = DIRECTION('',(1.,-2.22044604925E-16,0.));
#8388 = DIRECTION('',(0.,0.,1.));
#8389 = ADVANCED_FACE('',(#8390),#8456,.T.);
#8390 = FACE_BOUND('',#8391,.T.);
#8391 = EDGE_LOOP('',(#8392,#8402,#8410,#8418,#8424,#8425,#8426,#8434,
    #8442,#8450));
#8392 = ORIENTED_EDGE('',*,*,#8393,.T.);
#8393 = EDGE_CURVE('',#8394,#8396,#8398,.T.);
#8394 = VERTEX_POINT('',#8395);
#8395 = CARTESIAN_POINT('',(243.74544330884,129.17949192431,200.));
#8396 = VERTEX_POINT('',#8397);
#8397 = CARTESIAN_POINT('',(253.74544330884,146.5,200.));
#8398 = LINE('',#8399,#8400);
#8399 = CARTESIAN_POINT('',(-5.382322682253E-14,-293.,200.));
#8400 = VECTOR('',#8401,1.);
#8401 = DIRECTION('',(0.5,0.866025403784,0.));
#8402 = ORIENTED_EDGE('',*,*,#8403,.T.);
#8403 = EDGE_CURVE('',#8396,#8404,#8406,.T.);
#8404 = VERTEX_POINT('',#8405);
#8405 = CARTESIAN_POINT('',(219.10442715746,126.5,200.));
#8406 = LINE('',#8407,#8408);
#8407 = CARTESIAN_POINT('',(253.74544330884,146.5,200.));
#8408 = VECTOR('',#8409,1.);
#8409 = DIRECTION('',(-0.866025403784,-0.5,0.));
#8410 = ORIENTED_EDGE('',*,*,#8411,.T.);
#8411 = EDGE_CURVE('',#8404,#8412,#8414,.T.);
#8412 = VERTEX_POINT('',#8413);
#8413 = CARTESIAN_POINT('',(-4.647534602764E-14,-253.,200.));
#8414 = LINE('',#8415,#8416);
#8415 = CARTESIAN_POINT('',(219.10442715746,126.5,200.));
#8416 = VECTOR('',#8417,1.);
#8417 = DIRECTION('',(-0.5,-0.866025403784,0.));
#8418 = ORIENTED_EDGE('',*,*,#8419,.T.);
#8419 = EDGE_CURVE('',#8412,#8261,#8420,.T.);
#8420 = LINE('',#8421,#8422);
#8421 = CARTESIAN_POINT('',(-4.647534602764E-14,-253.,200.));
#8422 = VECTOR('',#8423,1.);
#8423 = DIRECTION('',(-1.836970198721E-16,-1.,0.));
#8424 = ORIENTED_EDGE('',*,*,#8268,.T.);
#8425 = ORIENTED_EDGE('',*,*,#8378,.T.);
#8426 = ORIENTED_EDGE('',*,*,#8427,.T.);
#8427 = EDGE_CURVE('',#8371,#8428,#8430,.T.);
#8428 = VERTEX_POINT('',#8429);
#8429 = CARTESIAN_POINT('',(16.165807537309,-265.,200.));
#8430 = LINE('',#8431,#8432);
#8431 = CARTESIAN_POINT('',(64.398717064379,-265.,200.));
#8432 = VECTOR('',#8433,1.);
#8433 = DIRECTION('',(1.,-2.22044604925E-16,0.));
#8434 = ORIENTED_EDGE('',*,*,#8435,.T.);
#8435 = EDGE_CURVE('',#8428,#8436,#8438,.T.);
#8436 = VERTEX_POINT('',#8437);
#8437 = CARTESIAN_POINT('',(237.57963577153,118.5,200.));
#8438 = LINE('',#8439,#8440);
#8439 = CARTESIAN_POINT('',(-5.382322682253E-14,-293.,200.));
#8440 = VECTOR('',#8441,1.);
#8441 = DIRECTION('',(0.5,0.866025403784,0.));
#8442 = ORIENTED_EDGE('',*,*,#8443,.T.);
#8443 = EDGE_CURVE('',#8436,#8444,#8446,.T.);
#8444 = VERTEX_POINT('',#8445);
#8445 = CARTESIAN_POINT('',(234.49673200287,123.83974596215,200.));
#8446 = LINE('',#8447,#8448);
#8447 = CARTESIAN_POINT('',(274.19609053506,55.07843995651,200.));
#8448 = VECTOR('',#8449,1.);
#8449 = DIRECTION('',(-0.5,0.866025403784,0.));
#8450 = ORIENTED_EDGE('',*,*,#8451,.F.);
#8451 = EDGE_CURVE('',#8394,#8444,#8452,.T.);
#8452 = LINE('',#8453,#8454);
#8453 = CARTESIAN_POINT('',(149.44772453362,74.736678605475,200.));
#8454 = VECTOR('',#8455,1.);
#8455 = DIRECTION('',(-0.866025403784,-0.5,0.));
#8456 = PLANE('',#8457);
#8457 = AXIS2_PLACEMENT_3D('',#8458,#8459,#8460);
#8458 = CARTESIAN_POINT('',(118.79743412875,-68.58773057327,200.));
#8459 = DIRECTION('',(0.,0.,1.));
#8460 = DIRECTION('',(1.,0.,-0.));
#8461 = ADVANCED_FACE('',(#8462),#8473,.F.);
#8462 = FACE_BOUND('',#8463,.F.);
#8463 = EDGE_LOOP('',(#8464,#8470,#8471,#8472));
#8464 = ORIENTED_EDGE('',*,*,#8465,.T.);
#8465 = EDGE_CURVE('',#8309,#8412,#8466,.T.);
#8466 = LINE('',#8467,#8468);
#8467 = CARTESIAN_POINT('',(-4.647534602764E-14,-253.,180.));
#8468 = VECTOR('',#8469,1.);
#8469 = DIRECTION('',(0.,0.,1.));
#8470 = ORIENTED_EDGE('',*,*,#8419,.T.);
#8471 = ORIENTED_EDGE('',*,*,#8260,.F.);
#8472 = ORIENTED_EDGE('',*,*,#8316,.F.);
#8473 = PLANE('',#8474);
#8474 = AXIS2_PLACEMENT_3D('',#8475,#8476,#8477);
#8475 = CARTESIAN_POINT('',(-4.647534602764E-14,-253.,180.));
#8476 = DIRECTION('',(1.,-1.836970198721E-16,0.));
#8477 = DIRECTION('',(-1.836970198721E-16,-1.,0.));
#8478 = ADVANCED_FACE('',(#8479),#8495,.F.);
#8479 = FACE_BOUND('',#8480,.F.);
#8480 = EDGE_LOOP('',(#8481,#8482,#8488,#8489));
#8481 = ORIENTED_EDGE('',*,*,#8290,.F.);
#8482 = ORIENTED_EDGE('',*,*,#8483,.F.);
#8483 = EDGE_CURVE('',#8394,#8291,#8484,.T.);
#8484 = LINE('',#8485,#8486);
#8485 = CARTESIAN_POINT('',(243.74544330884,129.17949192431,99.));
#8486 = VECTOR('',#8487,1.);
#8487 = DIRECTION('',(0.,0.,-1.));
#8488 = ORIENTED_EDGE('',*,*,#8393,.T.);
#8489 = ORIENTED_EDGE('',*,*,#8490,.F.);
#8490 = EDGE_CURVE('',#8293,#8396,#8491,.T.);
#8491 = LINE('',#8492,#8493);
#8492 = CARTESIAN_POINT('',(253.74544330884,146.5,180.));
#8493 = VECTOR('',#8494,1.);
#8494 = DIRECTION('',(0.,0.,1.));
#8495 = PLANE('',#8496);
#8496 = AXIS2_PLACEMENT_3D('',#8497,#8498,#8499);
#8497 = CARTESIAN_POINT('',(-5.382322682253E-14,-293.,180.));
#8498 = DIRECTION('',(-0.866025403784,0.5,0.));
#8499 = DIRECTION('',(0.5,0.866025403784,0.));
#8500 = ADVANCED_FACE('',(#8501),#8512,.F.);
#8501 = FACE_BOUND('',#8502,.F.);
#8502 = EDGE_LOOP('',(#8503,#8504,#8510,#8511));
#8503 = ORIENTED_EDGE('',*,*,#8355,.T.);
#8504 = ORIENTED_EDGE('',*,*,#8505,.T.);
#8505 = EDGE_CURVE('',#8348,#8444,#8506,.T.);
#8506 = LINE('',#8507,#8508);
#8507 = CARTESIAN_POINT('',(234.49673200287,123.83974596215,18.));
#8508 = VECTOR('',#8509,1.);
#8509 = DIRECTION('',(0.,0.,1.));
#8510 = ORIENTED_EDGE('',*,*,#8451,.F.);
#8511 = ORIENTED_EDGE('',*,*,#8483,.T.);
#8512 = PLANE('',#8513);
#8513 = AXIS2_PLACEMENT_3D('',#8514,#8515,#8516);
#8514 = CARTESIAN_POINT('',(234.49673200287,123.83974596215,18.));
#8515 = DIRECTION('',(-0.5,0.866025403784,0.));
#8516 = DIRECTION('',(0.,0.,1.));
#8517 = ADVANCED_FACE('',(#8518),#8534,.F.);
#8518 = FACE_BOUND('',#8519,.F.);
#8519 = EDGE_LOOP('',(#8520,#8521,#8527,#8528));
#8520 = ORIENTED_EDGE('',*,*,#8339,.F.);
#8521 = ORIENTED_EDGE('',*,*,#8522,.T.);
#8522 = EDGE_CURVE('',#8332,#8428,#8523,.T.);
#8523 = LINE('',#8524,#8525);
#8524 = CARTESIAN_POINT('',(16.165807537309,-265.,99.));
#8525 = VECTOR('',#8526,1.);
#8526 = DIRECTION('',(0.,0.,1.));
#8527 = ORIENTED_EDGE('',*,*,#8435,.T.);
#8528 = ORIENTED_EDGE('',*,*,#8529,.T.);
#8529 = EDGE_CURVE('',#8436,#8340,#8530,.T.);
#8530 = LINE('',#8531,#8532);
#8531 = CARTESIAN_POINT('',(237.57963577153,118.5,99.));
#8532 = VECTOR('',#8533,1.);
#8533 = DIRECTION('',(0.,0.,-1.));
#8534 = PLANE('',#8535);
#8535 = AXIS2_PLACEMENT_3D('',#8536,#8537,#8538);
#8536 = CARTESIAN_POINT('',(-5.382322682253E-14,-293.,180.));
#8537 = DIRECTION('',(-0.866025403784,0.5,0.));
#8538 = DIRECTION('',(0.5,0.866025403784,0.));
#8539 = ADVANCED_FACE('',(#8540),#8551,.F.);
#8540 = FACE_BOUND('',#8541,.F.);
#8541 = EDGE_LOOP('',(#8542,#8548,#8549,#8550));
#8542 = ORIENTED_EDGE('',*,*,#8543,.T.);
#8543 = EDGE_CURVE('',#8301,#8404,#8544,.T.);
#8544 = LINE('',#8545,#8546);
#8545 = CARTESIAN_POINT('',(219.10442715746,126.5,180.));
#8546 = VECTOR('',#8547,1.);
#8547 = DIRECTION('',(0.,0.,1.));
#8548 = ORIENTED_EDGE('',*,*,#8411,.T.);
#8549 = ORIENTED_EDGE('',*,*,#8465,.F.);
#8550 = ORIENTED_EDGE('',*,*,#8308,.F.);
#8551 = PLANE('',#8552);
#8552 = AXIS2_PLACEMENT_3D('',#8553,#8554,#8555);
#8553 = CARTESIAN_POINT('',(219.10442715746,126.5,180.));
#8554 = DIRECTION('',(0.866025403784,-0.5,0.));
#8555 = DIRECTION('',(-0.5,-0.866025403784,0.));
#8556 = ADVANCED_FACE('',(#8557),#8563,.F.);
#8557 = FACE_BOUND('',#8558,.F.);
#8558 = EDGE_LOOP('',(#8559,#8560,#8561,#8562));
#8559 = ORIENTED_EDGE('',*,*,#8490,.T.);
#8560 = ORIENTED_EDGE('',*,*,#8403,.T.);
#8561 = ORIENTED_EDGE('',*,*,#8543,.F.);
#8562 = ORIENTED_EDGE('',*,*,#8300,.F.);
#8563 = PLANE('',#8564);
#8564 = AXIS2_PLACEMENT_3D('',#8565,#8566,#8567);
#8565 = CARTESIAN_POINT('',(253.74544330884,146.5,180.));
#8566 = DIRECTION('',(0.5,-0.866025403784,0.));
#8567 = DIRECTION('',(-0.866025403784,-0.5,0.));
#8568 = ADVANCED_FACE('',(#8569),#8575,.T.);
#8569 = FACE_BOUND('',#8570,.T.);
#8570 = EDGE_LOOP('',(#8571,#8572,#8573,#8574));
#8571 = ORIENTED_EDGE('',*,*,#8443,.F.);
#8572 = ORIENTED_EDGE('',*,*,#8529,.T.);
#8573 = ORIENTED_EDGE('',*,*,#8347,.T.);
#8574 = ORIENTED_EDGE('',*,*,#8505,.T.);
#8575 = PLANE('',#8576);
#8576 = AXIS2_PLACEMENT_3D('',#8577,#8578,#8579);
#8577 = CARTESIAN_POINT('',(236.0381838872,121.16987298107,190.));
#8578 = DIRECTION('',(0.866025403784,0.5,0.));
#8579 = DIRECTION('',(-0.5,0.866025403784,0.));
#8580 = ADVANCED_FACE('',(#8581),#8587,.T.);
#8581 = FACE_BOUND('',#8582,.T.);
#8582 = EDGE_LOOP('',(#8583,#8584,#8585,#8586));
#8583 = ORIENTED_EDGE('',*,*,#8427,.F.);
#8584 = ORIENTED_EDGE('',*,*,#8370,.F.);
#8585 = ORIENTED_EDGE('',*,*,#8331,.T.);
#8586 = ORIENTED_EDGE('',*,*,#8522,.T.);
#8587 = PLANE('',#8588);
#8588 = AXIS2_PLACEMENT_3D('',#8589,#8590,#8591);
#8589 = CARTESIAN_POINT('',(13.082903768655,-265.,190.));
#8590 = DIRECTION('',(-0.,-1.,-0.));
#8591 = DIRECTION('',(0.,0.,-1.));
#8592 = ( GEOMETRIC_REPRESENTATION_CONTEXT(3) 
GLOBAL_UNCERTAINTY_ASSIGNED_CONTEXT((#8596)) 
GLOBAL_UNIT_ASSIGNED_CONTEXT((#8593,#8594,#8595)) REPRESENTATION_CONTEXT
('Context #1','3D Context with UNIT and UNCERTAINTY') );
#8593 = ( LENGTH_UNIT() NAMED_UNIT(*) SI_UNIT(.MILLI.,.METRE.) );
#8594 = ( NAMED_UNIT(*) PLANE_ANGLE_UNIT() SI_UNIT($,.RADIAN.) );
#8595 = ( NAMED_UNIT(*) SI_UNIT($,.STERADIAN.) SOLID_ANGLE_UNIT() );
#8596 = UNCERTAINTY_MEASURE_WITH_UNIT(LENGTH_MEASURE(1.E-07),#8593,
  'distance_accuracy_value','confusion accuracy');
#8597 = CONTEXT_DEPENDENT_SHAPE_REPRESENTATION(#8598,#8600);
#8598 = ( REPRESENTATION_RELATIONSHIP('','',#8243,#10) 
REPRESENTATION_RELATIONSHIP_WITH_TRANSFORMATION(#8599) 
SHAPE_REPRESENTATION_RELATIONSHIP() );
#8599 = ITEM_DEFINED_TRANSFORMATION('','',#11,#155);
#8600 = PRODUCT_DEFINITION_SHAPE('Placement','Placement of an item',
  #8601);
#8601 = NEXT_ASSEMBLY_USAGE_OCCURRENCE('36',
  'P36 Triangle level 3 beam 3','',#5,#8238,$);
#8602 = PRODUCT_RELATED_PRODUCT_CATEGORY('part',$,(#8240));
#8603 = SHAPE_DEFINITION_REPRESENTATION(#8604,#8610);
#8604 = PRODUCT_DEFINITION_SHAPE('','',#8605);
#8605 = PRODUCT_DEFINITION('design','',#8606,#8609);
#8606 = PRODUCT_DEFINITION_FORMATION('','',#8607);
#8607 = PRODUCT('P37 Upper transition band 30 / 1',
  'P37 Upper transition band 30 / 1','',(#8608));
#8608 = PRODUCT_CONTEXT('',#2,'mechanical');
#8609 = PRODUCT_DEFINITION_CONTEXT('part definition',#2,'design');
#8610 = ADVANCED_BREP_SHAPE_REPRESENTATION('',(#11,#8611),#8761);
#8611 = MANIFOLD_SOLID_BREP('',#8612);
#8612 = CLOSED_SHELL('',(#8613,#8653,#8693,#8715,#8737,#8749));
#8613 = ADVANCED_FACE('',(#8614),#8648,.F.);
#8614 = FACE_BOUND('',#8615,.F.);
#8615 = EDGE_LOOP('',(#8616,#8626,#8634,#8642));
#8616 = ORIENTED_EDGE('',*,*,#8617,.F.);
#8617 = EDGE_CURVE('',#8618,#8620,#8622,.T.);
#8618 = VERTEX_POINT('',#8619);
#8619 = CARTESIAN_POINT('',(259.49673200287,80.538475772934,
    381.90524980688));
#8620 = VERTEX_POINT('',#8621);
#8621 = CARTESIAN_POINT('',(259.49673200287,80.538475772934,
    395.90524980688));
#8622 = LINE('',#8623,#8624);
#8623 = CARTESIAN_POINT('',(259.49673200287,80.538475772934,
    381.90524980688));
#8624 = VECTOR('',#8625,1.);
#8625 = DIRECTION('',(0.,0.,1.));
#8626 = ORIENTED_EDGE('',*,*,#8627,.T.);
#8627 = EDGE_CURVE('',#8618,#8628,#8630,.T.);
#8628 = VERTEX_POINT('',#8629);
#8629 = CARTESIAN_POINT('',(199.49673200287,184.46152422706,
    381.90524980688));
#8630 = LINE('',#8631,#8632);
#8631 = CARTESIAN_POINT('',(259.49673200287,80.538475772934,
    381.90524980688));
#8632 = VECTOR('',#8633,1.);
#8633 = DIRECTION('',(-0.5,0.866025403784,0.));
#8634 = ORIENTED_EDGE('',*,*,#8635,.T.);
#8635 = EDGE_CURVE('',#8628,#8636,#8638,.T.);
#8636 = VERTEX_POINT('',#8637);
#8637 = CARTESIAN_POINT('',(199.49673200287,184.46152422706,
    395.90524980688));
#8638 = LINE('',#8639,#8640);
#8639 = CARTESIAN_POINT('',(199.49673200287,184.46152422706,
    381.90524980688));
#8640 = VECTOR('',#8641,1.);
#8641 = DIRECTION('',(0.,0.,1.));
#8642 = ORIENTED_EDGE('',*,*,#8643,.F.);
#8643 = EDGE_CURVE('',#8620,#8636,#8644,.T.);
#8644 = LINE('',#8645,#8646);
#8645 = CARTESIAN_POINT('',(259.49673200287,80.538475772934,
    395.90524980688));
#8646 = VECTOR('',#8647,1.);
#8647 = DIRECTION('',(-0.5,0.866025403784,0.));
#8648 = PLANE('',#8649);
#8649 = AXIS2_PLACEMENT_3D('',#8650,#8651,#8652);
#8650 = CARTESIAN_POINT('',(259.49673200287,80.538475772934,
    381.90524980688));
#8651 = DIRECTION('',(0.866025403784,0.5,0.));
#8652 = DIRECTION('',(0.,0.,1.));
#8653 = ADVANCED_FACE('',(#8654),#8688,.T.);
#8654 = FACE_BOUND('',#8655,.T.);
#8655 = EDGE_LOOP('',(#8656,#8666,#8674,#8682));
#8656 = ORIENTED_EDGE('',*,*,#8657,.F.);
#8657 = EDGE_CURVE('',#8658,#8660,#8662,.T.);
#8658 = VERTEX_POINT('',#8659);
#8659 = CARTESIAN_POINT('',(276.81724007856,90.538475772934,
    381.90524980688));
#8660 = VERTEX_POINT('',#8661);
#8661 = CARTESIAN_POINT('',(276.81724007856,90.538475772934,
    395.90524980688));
#8662 = LINE('',#8663,#8664);
#8663 = CARTESIAN_POINT('',(276.81724007856,90.538475772934,
    381.90524980688));
#8664 = VECTOR('',#8665,1.);
#8665 = DIRECTION('',(0.,0.,1.));
#8666 = ORIENTED_EDGE('',*,*,#8667,.T.);
#8667 = EDGE_CURVE('',#8658,#8668,#8670,.T.);
#8668 = VERTEX_POINT('',#8669);
#8669 = CARTESIAN_POINT('',(216.81724007856,194.46152422706,
    381.90524980688));
#8670 = LINE('',#8671,#8672);
#8671 = CARTESIAN_POINT('',(276.81724007856,90.538475772934,
    381.90524980688));
#8672 = VECTOR('',#8673,1.);
#8673 = DIRECTION('',(-0.5,0.866025403784,0.));
#8674 = ORIENTED_EDGE('',*,*,#8675,.T.);
#8675 = EDGE_CURVE('',#8668,#8676,#8678,.T.);
#8676 = VERTEX_POINT('',#8677);
#8677 = CARTESIAN_POINT('',(216.81724007856,194.46152422706,
    395.90524980688));
#8678 = LINE('',#8679,#8680);
#8679 = CARTESIAN_POINT('',(216.81724007856,194.46152422706,
    381.90524980688));
#8680 = VECTOR('',#8681,1.);
#8681 = DIRECTION('',(0.,0.,1.));
#8682 = ORIENTED_EDGE('',*,*,#8683,.F.);
#8683 = EDGE_CURVE('',#8660,#8676,#8684,.T.);
#8684 = LINE('',#8685,#8686);
#8685 = CARTESIAN_POINT('',(276.81724007856,90.538475772934,
    395.90524980688));
#8686 = VECTOR('',#8687,1.);
#8687 = DIRECTION('',(-0.5,0.866025403784,0.));
#8688 = PLANE('',#8689);
#8689 = AXIS2_PLACEMENT_3D('',#8690,#8691,#8692);
#8690 = CARTESIAN_POINT('',(276.81724007856,90.538475772934,
    381.90524980688));
#8691 = DIRECTION('',(0.866025403784,0.5,0.));
#8692 = DIRECTION('',(0.,0.,1.));
#8693 = ADVANCED_FACE('',(#8694),#8710,.F.);
#8694 = FACE_BOUND('',#8695,.F.);
#8695 = EDGE_LOOP('',(#8696,#8702,#8703,#8709));
#8696 = ORIENTED_EDGE('',*,*,#8697,.F.);
#8697 = EDGE_CURVE('',#8618,#8658,#8698,.T.);
#8698 = LINE('',#8699,#8700);
#8699 = CARTESIAN_POINT('',(259.49673200287,80.538475772934,
    381.90524980688));
#8700 = VECTOR('',#8701,1.);
#8701 = DIRECTION('',(0.866025403784,0.5,0.));
#8702 = ORIENTED_EDGE('',*,*,#8617,.T.);
#8703 = ORIENTED_EDGE('',*,*,#8704,.T.);
#8704 = EDGE_CURVE('',#8620,#8660,#8705,.T.);
#8705 = LINE('',#8706,#8707);
#8706 = CARTESIAN_POINT('',(259.49673200287,80.538475772934,
    395.90524980688));
#8707 = VECTOR('',#8708,1.);
#8708 = DIRECTION('',(0.866025403784,0.5,0.));
#8709 = ORIENTED_EDGE('',*,*,#8657,.F.);
#8710 = PLANE('',#8711);
#8711 = AXIS2_PLACEMENT_3D('',#8712,#8713,#8714);
#8712 = CARTESIAN_POINT('',(259.49673200287,80.538475772934,
    381.90524980688));
#8713 = DIRECTION('',(-0.5,0.866025403784,0.));
#8714 = DIRECTION('',(0.,0.,1.));
#8715 = ADVANCED_FACE('',(#8716),#8732,.T.);
#8716 = FACE_BOUND('',#8717,.T.);
#8717 = EDGE_LOOP('',(#8718,#8724,#8725,#8731));
#8718 = ORIENTED_EDGE('',*,*,#8719,.F.);
#8719 = EDGE_CURVE('',#8628,#8668,#8720,.T.);
#8720 = LINE('',#8721,#8722);
#8721 = CARTESIAN_POINT('',(199.49673200287,184.46152422706,
    381.90524980688));
#8722 = VECTOR('',#8723,1.);
#8723 = DIRECTION('',(0.866025403784,0.5,0.));
#8724 = ORIENTED_EDGE('',*,*,#8635,.T.);
#8725 = ORIENTED_EDGE('',*,*,#8726,.T.);
#8726 = EDGE_CURVE('',#8636,#8676,#8727,.T.);
#8727 = LINE('',#8728,#8729);
#8728 = CARTESIAN_POINT('',(199.49673200287,184.46152422706,
    395.90524980688));
#8729 = VECTOR('',#8730,1.);
#8730 = DIRECTION('',(0.866025403784,0.5,0.));
#8731 = ORIENTED_EDGE('',*,*,#8675,.F.);
#8732 = PLANE('',#8733);
#8733 = AXIS2_PLACEMENT_3D('',#8734,#8735,#8736);
#8734 = CARTESIAN_POINT('',(199.49673200287,184.46152422706,
    381.90524980688));
#8735 = DIRECTION('',(-0.5,0.866025403784,0.));
#8736 = DIRECTION('',(0.,0.,1.));
#8737 = ADVANCED_FACE('',(#8738),#8744,.F.);
#8738 = FACE_BOUND('',#8739,.F.);
#8739 = EDGE_LOOP('',(#8740,#8741,#8742,#8743));
#8740 = ORIENTED_EDGE('',*,*,#8627,.F.);
#8741 = ORIENTED_EDGE('',*,*,#8697,.T.);
#8742 = ORIENTED_EDGE('',*,*,#8667,.T.);
#8743 = ORIENTED_EDGE('',*,*,#8719,.F.);
#8744 = PLANE('',#8745);
#8745 = AXIS2_PLACEMENT_3D('',#8746,#8747,#8748);
#8746 = CARTESIAN_POINT('',(259.49673200287,80.538475772934,
    381.90524980688));
#8747 = DIRECTION('',(0.,0.,1.));
#8748 = DIRECTION('',(0.866025403784,0.5,0.));
#8749 = ADVANCED_FACE('',(#8750),#8756,.T.);
#8750 = FACE_BOUND('',#8751,.T.);
#8751 = EDGE_LOOP('',(#8752,#8753,#8754,#8755));
#8752 = ORIENTED_EDGE('',*,*,#8643,.F.);
#8753 = ORIENTED_EDGE('',*,*,#8704,.T.);
#8754 = ORIENTED_EDGE('',*,*,#8683,.T.);
#8755 = ORIENTED_EDGE('',*,*,#8726,.F.);
#8756 = PLANE('',#8757);
#8757 = AXIS2_PLACEMENT_3D('',#8758,#8759,#8760);
#8758 = CARTESIAN_POINT('',(259.49673200287,80.538475772934,
    395.90524980688));
#8759 = DIRECTION('',(0.,0.,1.));
#8760 = DIRECTION('',(0.866025403784,0.5,0.));
#8761 = ( GEOMETRIC_REPRESENTATION_CONTEXT(3) 
GLOBAL_UNCERTAINTY_ASSIGNED_CONTEXT((#8765)) 
GLOBAL_UNIT_ASSIGNED_CONTEXT((#8762,#8763,#8764)) REPRESENTATION_CONTEXT
('Context #1','3D Context with UNIT and UNCERTAINTY') );
#8762 = ( LENGTH_UNIT() NAMED_UNIT(*) SI_UNIT(.MILLI.,.METRE.) );
#8763 = ( NAMED_UNIT(*) PLANE_ANGLE_UNIT() SI_UNIT($,.RADIAN.) );
#8764 = ( NAMED_UNIT(*) SI_UNIT($,.STERADIAN.) SOLID_ANGLE_UNIT() );
#8765 = UNCERTAINTY_MEASURE_WITH_UNIT(LENGTH_MEASURE(1.E-07),#8762,
  'distance_accuracy_value','confusion accuracy');
#8766 = CONTEXT_DEPENDENT_SHAPE_REPRESENTATION(#8767,#8769);
#8767 = ( REPRESENTATION_RELATIONSHIP('','',#8610,#10) 
REPRESENTATION_RELATIONSHIP_WITH_TRANSFORMATION(#8768) 
SHAPE_REPRESENTATION_RELATIONSHIP() );
#8768 = ITEM_DEFINED_TRANSFORMATION('','',#11,#159);
#8769 = PRODUCT_DEFINITION_SHAPE('Placement','Placement of an item',
  #8770);
#8770 = NEXT_ASSEMBLY_USAGE_OCCURRENCE('37',
  'P37 Upper transition band 30 / 1','',#5,#8605,$);
#8771 = PRODUCT_RELATED_PRODUCT_CATEGORY('part',$,(#8607));
#8772 = SHAPE_DEFINITION_REPRESENTATION(#8773,#8779);
#8773 = PRODUCT_DEFINITION_SHAPE('','',#8774);
#8774 = PRODUCT_DEFINITION('design','',#8775,#8778);
#8775 = PRODUCT_DEFINITION_FORMATION('','',#8776);
#8776 = PRODUCT('P38 Upper transition band 30 / 2',
  'P38 Upper transition band 30 / 2','',(#8777));
#8777 = PRODUCT_CONTEXT('',#2,'mechanical');
#8778 = PRODUCT_DEFINITION_CONTEXT('part definition',#2,'design');
#8779 = ADVANCED_BREP_SHAPE_REPRESENTATION('',(#11,#8780),#8930);
#8780 = MANIFOLD_SOLID_BREP('',#8781);
#8781 = CLOSED_SHELL('',(#8782,#8822,#8862,#8884,#8906,#8918));
#8782 = ADVANCED_FACE('',(#8783),#8817,.F.);
#8783 = FACE_BOUND('',#8784,.F.);
#8784 = EDGE_LOOP('',(#8785,#8795,#8803,#8811));
#8785 = ORIENTED_EDGE('',*,*,#8786,.F.);
#8786 = EDGE_CURVE('',#8787,#8789,#8791,.T.);
#8787 = VERTEX_POINT('',#8788);
#8788 = CARTESIAN_POINT('',(259.49673200287,80.538475772934,
    353.90524980688));
#8789 = VERTEX_POINT('',#8790);
#8790 = CARTESIAN_POINT('',(259.49673200287,80.538475772934,
    367.90524980688));
#8791 = LINE('',#8792,#8793);
#8792 = CARTESIAN_POINT('',(259.49673200287,80.538475772934,
    353.90524980688));
#8793 = VECTOR('',#8794,1.);
#8794 = DIRECTION('',(0.,0.,1.));
#8795 = ORIENTED_EDGE('',*,*,#8796,.T.);
#8796 = EDGE_CURVE('',#8787,#8797,#8799,.T.);
#8797 = VERTEX_POINT('',#8798);
#8798 = CARTESIAN_POINT('',(199.49673200287,184.46152422706,
    353.90524980688));
#8799 = LINE('',#8800,#8801);
#8800 = CARTESIAN_POINT('',(259.49673200287,80.538475772934,
    353.90524980688));
#8801 = VECTOR('',#8802,1.);
#8802 = DIRECTION('',(-0.5,0.866025403784,0.));
#8803 = ORIENTED_EDGE('',*,*,#8804,.T.);
#8804 = EDGE_CURVE('',#8797,#8805,#8807,.T.);
#8805 = VERTEX_POINT('',#8806);
#8806 = CARTESIAN_POINT('',(199.49673200287,184.46152422706,
    367.90524980688));
#8807 = LINE('',#8808,#8809);
#8808 = CARTESIAN_POINT('',(199.49673200287,184.46152422706,
    353.90524980688));
#8809 = VECTOR('',#8810,1.);
#8810 = DIRECTION('',(0.,0.,1.));
#8811 = ORIENTED_EDGE('',*,*,#8812,.F.);
#8812 = EDGE_CURVE('',#8789,#8805,#8813,.T.);
#8813 = LINE('',#8814,#8815);
#8814 = CARTESIAN_POINT('',(259.49673200287,80.538475772934,
    367.90524980688));
#8815 = VECTOR('',#8816,1.);
#8816 = DIRECTION('',(-0.5,0.866025403784,0.));
#8817 = PLANE('',#8818);
#8818 = AXIS2_PLACEMENT_3D('',#8819,#8820,#8821);
#8819 = CARTESIAN_POINT('',(259.49673200287,80.538475772934,
    353.90524980688));
#8820 = DIRECTION('',(0.866025403784,0.5,0.));
#8821 = DIRECTION('',(0.,0.,1.));
#8822 = ADVANCED_FACE('',(#8823),#8857,.T.);
#8823 = FACE_BOUND('',#8824,.T.);
#8824 = EDGE_LOOP('',(#8825,#8835,#8843,#8851));
#8825 = ORIENTED_EDGE('',*,*,#8826,.F.);
#8826 = EDGE_CURVE('',#8827,#8829,#8831,.T.);
#8827 = VERTEX_POINT('',#8828);
#8828 = CARTESIAN_POINT('',(276.81724007856,90.538475772934,
    353.90524980688));
#8829 = VERTEX_POINT('',#8830);
#8830 = CARTESIAN_POINT('',(276.81724007856,90.538475772934,
    367.90524980688));
#8831 = LINE('',#8832,#8833);
#8832 = CARTESIAN_POINT('',(276.81724007856,90.538475772934,
    353.90524980688));
#8833 = VECTOR('',#8834,1.);
#8834 = DIRECTION('',(0.,0.,1.));
#8835 = ORIENTED_EDGE('',*,*,#8836,.T.);
#8836 = EDGE_CURVE('',#8827,#8837,#8839,.T.);
#8837 = VERTEX_POINT('',#8838);
#8838 = CARTESIAN_POINT('',(216.81724007856,194.46152422706,
    353.90524980688));
#8839 = LINE('',#8840,#8841);
#8840 = CARTESIAN_POINT('',(276.81724007856,90.538475772934,
    353.90524980688));
#8841 = VECTOR('',#8842,1.);
#8842 = DIRECTION('',(-0.5,0.866025403784,0.));
#8843 = ORIENTED_EDGE('',*,*,#8844,.T.);
#8844 = EDGE_CURVE('',#8837,#8845,#8847,.T.);
#8845 = VERTEX_POINT('',#8846);
#8846 = CARTESIAN_POINT('',(216.81724007856,194.46152422706,
    367.90524980688));
#8847 = LINE('',#8848,#8849);
#8848 = CARTESIAN_POINT('',(216.81724007856,194.46152422706,
    353.90524980688));
#8849 = VECTOR('',#8850,1.);
#8850 = DIRECTION('',(0.,0.,1.));
#8851 = ORIENTED_EDGE('',*,*,#8852,.F.);
#8852 = EDGE_CURVE('',#8829,#8845,#8853,.T.);
#8853 = LINE('',#8854,#8855);
#8854 = CARTESIAN_POINT('',(276.81724007856,90.538475772934,
    367.90524980688));
#8855 = VECTOR('',#8856,1.);
#8856 = DIRECTION('',(-0.5,0.866025403784,0.));
#8857 = PLANE('',#8858);
#8858 = AXIS2_PLACEMENT_3D('',#8859,#8860,#8861);
#8859 = CARTESIAN_POINT('',(276.81724007856,90.538475772934,
    353.90524980688));
#8860 = DIRECTION('',(0.866025403784,0.5,0.));
#8861 = DIRECTION('',(0.,0.,1.));
#8862 = ADVANCED_FACE('',(#8863),#8879,.F.);
#8863 = FACE_BOUND('',#8864,.F.);
#8864 = EDGE_LOOP('',(#8865,#8871,#8872,#8878));
#8865 = ORIENTED_EDGE('',*,*,#8866,.F.);
#8866 = EDGE_CURVE('',#8787,#8827,#8867,.T.);
#8867 = LINE('',#8868,#8869);
#8868 = CARTESIAN_POINT('',(259.49673200287,80.538475772934,
    353.90524980688));
#8869 = VECTOR('',#8870,1.);
#8870 = DIRECTION('',(0.866025403784,0.5,0.));
#8871 = ORIENTED_EDGE('',*,*,#8786,.T.);
#8872 = ORIENTED_EDGE('',*,*,#8873,.T.);
#8873 = EDGE_CURVE('',#8789,#8829,#8874,.T.);
#8874 = LINE('',#8875,#8876);
#8875 = CARTESIAN_POINT('',(259.49673200287,80.538475772934,
    367.90524980688));
#8876 = VECTOR('',#8877,1.);
#8877 = DIRECTION('',(0.866025403784,0.5,0.));
#8878 = ORIENTED_EDGE('',*,*,#8826,.F.);
#8879 = PLANE('',#8880);
#8880 = AXIS2_PLACEMENT_3D('',#8881,#8882,#8883);
#8881 = CARTESIAN_POINT('',(259.49673200287,80.538475772934,
    353.90524980688));
#8882 = DIRECTION('',(-0.5,0.866025403784,0.));
#8883 = DIRECTION('',(0.,0.,1.));
#8884 = ADVANCED_FACE('',(#8885),#8901,.T.);
#8885 = FACE_BOUND('',#8886,.T.);
#8886 = EDGE_LOOP('',(#8887,#8893,#8894,#8900));
#8887 = ORIENTED_EDGE('',*,*,#8888,.F.);
#8888 = EDGE_CURVE('',#8797,#8837,#8889,.T.);
#8889 = LINE('',#8890,#8891);
#8890 = CARTESIAN_POINT('',(199.49673200287,184.46152422706,
    353.90524980688));
#8891 = VECTOR('',#8892,1.);
#8892 = DIRECTION('',(0.866025403784,0.5,0.));
#8893 = ORIENTED_EDGE('',*,*,#8804,.T.);
#8894 = ORIENTED_EDGE('',*,*,#8895,.T.);
#8895 = EDGE_CURVE('',#8805,#8845,#8896,.T.);
#8896 = LINE('',#8897,#8898);
#8897 = CARTESIAN_POINT('',(199.49673200287,184.46152422706,
    367.90524980688));
#8898 = VECTOR('',#8899,1.);
#8899 = DIRECTION('',(0.866025403784,0.5,0.));
#8900 = ORIENTED_EDGE('',*,*,#8844,.F.);
#8901 = PLANE('',#8902);
#8902 = AXIS2_PLACEMENT_3D('',#8903,#8904,#8905);
#8903 = CARTESIAN_POINT('',(199.49673200287,184.46152422706,
    353.90524980688));
#8904 = DIRECTION('',(-0.5,0.866025403784,0.));
#8905 = DIRECTION('',(0.,0.,1.));
#8906 = ADVANCED_FACE('',(#8907),#8913,.F.);
#8907 = FACE_BOUND('',#8908,.F.);
#8908 = EDGE_LOOP('',(#8909,#8910,#8911,#8912));
#8909 = ORIENTED_EDGE('',*,*,#8796,.F.);
#8910 = ORIENTED_EDGE('',*,*,#8866,.T.);
#8911 = ORIENTED_EDGE('',*,*,#8836,.T.);
#8912 = ORIENTED_EDGE('',*,*,#8888,.F.);
#8913 = PLANE('',#8914);
#8914 = AXIS2_PLACEMENT_3D('',#8915,#8916,#8917);
#8915 = CARTESIAN_POINT('',(259.49673200287,80.538475772934,
    353.90524980688));
#8916 = DIRECTION('',(0.,0.,1.));
#8917 = DIRECTION('',(0.866025403784,0.5,0.));
#8918 = ADVANCED_FACE('',(#8919),#8925,.T.);
#8919 = FACE_BOUND('',#8920,.T.);
#8920 = EDGE_LOOP('',(#8921,#8922,#8923,#8924));
#8921 = ORIENTED_EDGE('',*,*,#8812,.F.);
#8922 = ORIENTED_EDGE('',*,*,#8873,.T.);
#8923 = ORIENTED_EDGE('',*,*,#8852,.T.);
#8924 = ORIENTED_EDGE('',*,*,#8895,.F.);
#8925 = PLANE('',#8926);
#8926 = AXIS2_PLACEMENT_3D('',#8927,#8928,#8929);
#8927 = CARTESIAN_POINT('',(259.49673200287,80.538475772934,
    367.90524980688));
#8928 = DIRECTION('',(0.,0.,1.));
#8929 = DIRECTION('',(0.866025403784,0.5,0.));
#8930 = ( GEOMETRIC_REPRESENTATION_CONTEXT(3) 
GLOBAL_UNCERTAINTY_ASSIGNED_CONTEXT((#8934)) 
GLOBAL_UNIT_ASSIGNED_CONTEXT((#8931,#8932,#8933)) REPRESENTATION_CONTEXT
('Context #1','3D Context with UNIT and UNCERTAINTY') );
#8931 = ( LENGTH_UNIT() NAMED_UNIT(*) SI_UNIT(.MILLI.,.METRE.) );
#8932 = ( NAMED_UNIT(*) PLANE_ANGLE_UNIT() SI_UNIT($,.RADIAN.) );
#8933 = ( NAMED_UNIT(*) SI_UNIT($,.STERADIAN.) SOLID_ANGLE_UNIT() );
#8934 = UNCERTAINTY_MEASURE_WITH_UNIT(LENGTH_MEASURE(1.E-07),#8931,
  'distance_accuracy_value','confusion accuracy');
#8935 = CONTEXT_DEPENDENT_SHAPE_REPRESENTATION(#8936,#8938);
#8936 = ( REPRESENTATION_RELATIONSHIP('','',#8779,#10) 
REPRESENTATION_RELATIONSHIP_WITH_TRANSFORMATION(#8937) 
SHAPE_REPRESENTATION_RELATIONSHIP() );
#8937 = ITEM_DEFINED_TRANSFORMATION('','',#11,#163);
#8938 = PRODUCT_DEFINITION_SHAPE('Placement','Placement of an item',
  #8939);
#8939 = NEXT_ASSEMBLY_USAGE_OCCURRENCE('38',
  'P38 Upper transition band 30 / 2','',#5,#8774,$);
#8940 = PRODUCT_RELATED_PRODUCT_CATEGORY('part',$,(#8776));
#8941 = SHAPE_DEFINITION_REPRESENTATION(#8942,#8948);
#8942 = PRODUCT_DEFINITION_SHAPE('','',#8943);
#8943 = PRODUCT_DEFINITION('design','',#8944,#8947);
#8944 = PRODUCT_DEFINITION_FORMATION('','',#8945);
#8945 = PRODUCT('P39 Upper transition band 150 / 1',
  'P39 Upper transition band 150 / 1','',(#8946));
#8946 = PRODUCT_CONTEXT('',#2,'mechanical');
#8947 = PRODUCT_DEFINITION_CONTEXT('part definition',#2,'design');
#8948 = ADVANCED_BREP_SHAPE_REPRESENTATION('',(#11,#8949),#9099);
#8949 = MANIFOLD_SOLID_BREP('',#8950);
#8950 = CLOSED_SHELL('',(#8951,#8991,#9031,#9053,#9075,#9087));
#8951 = ADVANCED_FACE('',(#8952),#8986,.F.);
#8952 = FACE_BOUND('',#8953,.F.);
#8953 = EDGE_LOOP('',(#8954,#8964,#8972,#8980));
#8954 = ORIENTED_EDGE('',*,*,#8955,.F.);
#8955 = EDGE_CURVE('',#8956,#8958,#8960,.T.);
#8956 = VERTEX_POINT('',#8957);
#8957 = CARTESIAN_POINT('',(-199.4967320028,184.46152422706,
    381.90524980688));
#8958 = VERTEX_POINT('',#8959);
#8959 = CARTESIAN_POINT('',(-199.4967320028,184.46152422706,
    395.90524980688));
#8960 = LINE('',#8961,#8962);
#8961 = CARTESIAN_POINT('',(-199.4967320028,184.46152422706,
    381.90524980688));
#8962 = VECTOR('',#8963,1.);
#8963 = DIRECTION('',(0.,0.,1.));
#8964 = ORIENTED_EDGE('',*,*,#8965,.T.);
#8965 = EDGE_CURVE('',#8956,#8966,#8968,.T.);
#8966 = VERTEX_POINT('',#8967);
#8967 = CARTESIAN_POINT('',(-259.4967320028,80.538475772934,
    381.90524980688));
#8968 = LINE('',#8969,#8970);
#8969 = CARTESIAN_POINT('',(-199.4967320028,184.46152422706,
    381.90524980688));
#8970 = VECTOR('',#8971,1.);
#8971 = DIRECTION('',(-0.5,-0.866025403784,0.));
#8972 = ORIENTED_EDGE('',*,*,#8973,.T.);
#8973 = EDGE_CURVE('',#8966,#8974,#8976,.T.);
#8974 = VERTEX_POINT('',#8975);
#8975 = CARTESIAN_POINT('',(-259.4967320028,80.538475772934,
    395.90524980688));
#8976 = LINE('',#8977,#8978);
#8977 = CARTESIAN_POINT('',(-259.4967320028,80.538475772934,
    381.90524980688));
#8978 = VECTOR('',#8979,1.);
#8979 = DIRECTION('',(0.,0.,1.));
#8980 = ORIENTED_EDGE('',*,*,#8981,.F.);
#8981 = EDGE_CURVE('',#8958,#8974,#8982,.T.);
#8982 = LINE('',#8983,#8984);
#8983 = CARTESIAN_POINT('',(-199.4967320028,184.46152422706,
    395.90524980688));
#8984 = VECTOR('',#8985,1.);
#8985 = DIRECTION('',(-0.5,-0.866025403784,0.));
#8986 = PLANE('',#8987);
#8987 = AXIS2_PLACEMENT_3D('',#8988,#8989,#8990);
#8988 = CARTESIAN_POINT('',(-199.4967320028,184.46152422706,
    381.90524980688));
#8989 = DIRECTION('',(-0.866025403784,0.5,0.));
#8990 = DIRECTION('',(0.,0.,1.));
#8991 = ADVANCED_FACE('',(#8992),#9026,.T.);
#8992 = FACE_BOUND('',#8993,.T.);
#8993 = EDGE_LOOP('',(#8994,#9004,#9012,#9020));
#8994 = ORIENTED_EDGE('',*,*,#8995,.F.);
#8995 = EDGE_CURVE('',#8996,#8998,#9000,.T.);
#8996 = VERTEX_POINT('',#8997);
#8997 = CARTESIAN_POINT('',(-216.8172400785,194.46152422706,
    381.90524980688));
#8998 = VERTEX_POINT('',#8999);
#8999 = CARTESIAN_POINT('',(-216.8172400785,194.46152422706,
    395.90524980688));
#9000 = LINE('',#9001,#9002);
#9001 = CARTESIAN_POINT('',(-216.8172400785,194.46152422706,
    381.90524980688));
#9002 = VECTOR('',#9003,1.);
#9003 = DIRECTION('',(0.,0.,1.));
#9004 = ORIENTED_EDGE('',*,*,#9005,.T.);
#9005 = EDGE_CURVE('',#8996,#9006,#9008,.T.);
#9006 = VERTEX_POINT('',#9007);
#9007 = CARTESIAN_POINT('',(-276.8172400785,90.538475772934,
    381.90524980688));
#9008 = LINE('',#9009,#9010);
#9009 = CARTESIAN_POINT('',(-216.8172400785,194.46152422706,
    381.90524980688));
#9010 = VECTOR('',#9011,1.);
#9011 = DIRECTION('',(-0.5,-0.866025403784,0.));
#9012 = ORIENTED_EDGE('',*,*,#9013,.T.);
#9013 = EDGE_CURVE('',#9006,#9014,#9016,.T.);
#9014 = VERTEX_POINT('',#9015);
#9015 = CARTESIAN_POINT('',(-276.8172400785,90.538475772934,
    395.90524980688));
#9016 = LINE('',#9017,#9018);
#9017 = CARTESIAN_POINT('',(-276.8172400785,90.538475772934,
    381.90524980688));
#9018 = VECTOR('',#9019,1.);
#9019 = DIRECTION('',(0.,0.,1.));
#9020 = ORIENTED_EDGE('',*,*,#9021,.F.);
#9021 = EDGE_CURVE('',#8998,#9014,#9022,.T.);
#9022 = LINE('',#9023,#9024);
#9023 = CARTESIAN_POINT('',(-216.8172400785,194.46152422706,
    395.90524980688));
#9024 = VECTOR('',#9025,1.);
#9025 = DIRECTION('',(-0.5,-0.866025403784,0.));
#9026 = PLANE('',#9027);
#9027 = AXIS2_PLACEMENT_3D('',#9028,#9029,#9030);
#9028 = CARTESIAN_POINT('',(-216.8172400785,194.46152422706,
    381.90524980688));
#9029 = DIRECTION('',(-0.866025403784,0.5,0.));
#9030 = DIRECTION('',(0.,0.,1.));
#9031 = ADVANCED_FACE('',(#9032),#9048,.F.);
#9032 = FACE_BOUND('',#9033,.F.);
#9033 = EDGE_LOOP('',(#9034,#9040,#9041,#9047));
#9034 = ORIENTED_EDGE('',*,*,#9035,.F.);
#9035 = EDGE_CURVE('',#8956,#8996,#9036,.T.);
#9036 = LINE('',#9037,#9038);
#9037 = CARTESIAN_POINT('',(-199.4967320028,184.46152422706,
    381.90524980688));
#9038 = VECTOR('',#9039,1.);
#9039 = DIRECTION('',(-0.866025403784,0.5,0.));
#9040 = ORIENTED_EDGE('',*,*,#8955,.T.);
#9041 = ORIENTED_EDGE('',*,*,#9042,.T.);
#9042 = EDGE_CURVE('',#8958,#8998,#9043,.T.);
#9043 = LINE('',#9044,#9045);
#9044 = CARTESIAN_POINT('',(-199.4967320028,184.46152422706,
    395.90524980688));
#9045 = VECTOR('',#9046,1.);
#9046 = DIRECTION('',(-0.866025403784,0.5,0.));
#9047 = ORIENTED_EDGE('',*,*,#8995,.F.);
#9048 = PLANE('',#9049);
#9049 = AXIS2_PLACEMENT_3D('',#9050,#9051,#9052);
#9050 = CARTESIAN_POINT('',(-199.4967320028,184.46152422706,
    381.90524980688));
#9051 = DIRECTION('',(-0.5,-0.866025403784,0.));
#9052 = DIRECTION('',(0.,0.,1.));
#9053 = ADVANCED_FACE('',(#9054),#9070,.T.);
#9054 = FACE_BOUND('',#9055,.T.);
#9055 = EDGE_LOOP('',(#9056,#9062,#9063,#9069));
#9056 = ORIENTED_EDGE('',*,*,#9057,.F.);
#9057 = EDGE_CURVE('',#8966,#9006,#9058,.T.);
#9058 = LINE('',#9059,#9060);
#9059 = CARTESIAN_POINT('',(-259.4967320028,80.538475772934,
    381.90524980688));
#9060 = VECTOR('',#9061,1.);
#9061 = DIRECTION('',(-0.866025403784,0.5,0.));
#9062 = ORIENTED_EDGE('',*,*,#8973,.T.);
#9063 = ORIENTED_EDGE('',*,*,#9064,.T.);
#9064 = EDGE_CURVE('',#8974,#9014,#9065,.T.);
#9065 = LINE('',#9066,#9067);
#9066 = CARTESIAN_POINT('',(-259.4967320028,80.538475772934,
    395.90524980688));
#9067 = VECTOR('',#9068,1.);
#9068 = DIRECTION('',(-0.866025403784,0.5,0.));
#9069 = ORIENTED_EDGE('',*,*,#9013,.F.);
#9070 = PLANE('',#9071);
#9071 = AXIS2_PLACEMENT_3D('',#9072,#9073,#9074);
#9072 = CARTESIAN_POINT('',(-259.4967320028,80.538475772934,
    381.90524980688));
#9073 = DIRECTION('',(-0.5,-0.866025403784,0.));
#9074 = DIRECTION('',(0.,0.,1.));
#9075 = ADVANCED_FACE('',(#9076),#9082,.F.);
#9076 = FACE_BOUND('',#9077,.F.);
#9077 = EDGE_LOOP('',(#9078,#9079,#9080,#9081));
#9078 = ORIENTED_EDGE('',*,*,#8965,.F.);
#9079 = ORIENTED_EDGE('',*,*,#9035,.T.);
#9080 = ORIENTED_EDGE('',*,*,#9005,.T.);
#9081 = ORIENTED_EDGE('',*,*,#9057,.F.);
#9082 = PLANE('',#9083);
#9083 = AXIS2_PLACEMENT_3D('',#9084,#9085,#9086);
#9084 = CARTESIAN_POINT('',(-199.4967320028,184.46152422706,
    381.90524980688));
#9085 = DIRECTION('',(0.,0.,1.));
#9086 = DIRECTION('',(-0.866025403784,0.5,0.));
#9087 = ADVANCED_FACE('',(#9088),#9094,.T.);
#9088 = FACE_BOUND('',#9089,.T.);
#9089 = EDGE_LOOP('',(#9090,#9091,#9092,#9093));
#9090 = ORIENTED_EDGE('',*,*,#8981,.F.);
#9091 = ORIENTED_EDGE('',*,*,#9042,.T.);
#9092 = ORIENTED_EDGE('',*,*,#9021,.T.);
#9093 = ORIENTED_EDGE('',*,*,#9064,.F.);
#9094 = PLANE('',#9095);
#9095 = AXIS2_PLACEMENT_3D('',#9096,#9097,#9098);
#9096 = CARTESIAN_POINT('',(-199.4967320028,184.46152422706,
    395.90524980688));
#9097 = DIRECTION('',(0.,0.,1.));
#9098 = DIRECTION('',(-0.866025403784,0.5,0.));
#9099 = ( GEOMETRIC_REPRESENTATION_CONTEXT(3) 
GLOBAL_UNCERTAINTY_ASSIGNED_CONTEXT((#9103)) 
GLOBAL_UNIT_ASSIGNED_CONTEXT((#9100,#9101,#9102)) REPRESENTATION_CONTEXT
('Context #1','3D Context with UNIT and UNCERTAINTY') );
#9100 = ( LENGTH_UNIT() NAMED_UNIT(*) SI_UNIT(.MILLI.,.METRE.) );
#9101 = ( NAMED_UNIT(*) PLANE_ANGLE_UNIT() SI_UNIT($,.RADIAN.) );
#9102 = ( NAMED_UNIT(*) SI_UNIT($,.STERADIAN.) SOLID_ANGLE_UNIT() );
#9103 = UNCERTAINTY_MEASURE_WITH_UNIT(LENGTH_MEASURE(1.E-07),#9100,
  'distance_accuracy_value','confusion accuracy');
#9104 = CONTEXT_DEPENDENT_SHAPE_REPRESENTATION(#9105,#9107);
#9105 = ( REPRESENTATION_RELATIONSHIP('','',#8948,#10) 
REPRESENTATION_RELATIONSHIP_WITH_TRANSFORMATION(#9106) 
SHAPE_REPRESENTATION_RELATIONSHIP() );
#9106 = ITEM_DEFINED_TRANSFORMATION('','',#11,#167);
#9107 = PRODUCT_DEFINITION_SHAPE('Placement','Placement of an item',
  #9108);
#9108 = NEXT_ASSEMBLY_USAGE_OCCURRENCE('39',
  'P39 Upper transition band 150 / 1','',#5,#8943,$);
#9109 = PRODUCT_RELATED_PRODUCT_CATEGORY('part',$,(#8945));
#9110 = SHAPE_DEFINITION_REPRESENTATION(#9111,#9117);
#9111 = PRODUCT_DEFINITION_SHAPE('','',#9112);
#9112 = PRODUCT_DEFINITION('design','',#9113,#9116);
#9113 = PRODUCT_DEFINITION_FORMATION('','',#9114);
#9114 = PRODUCT('P40 Upper transition band 150 / 2',
  'P40 Upper transition band 150 / 2','',(#9115));
#9115 = PRODUCT_CONTEXT('',#2,'mechanical');
#9116 = PRODUCT_DEFINITION_CONTEXT('part definition',#2,'design');
#9117 = ADVANCED_BREP_SHAPE_REPRESENTATION('',(#11,#9118),#9268);
#9118 = MANIFOLD_SOLID_BREP('',#9119);
#9119 = CLOSED_SHELL('',(#9120,#9160,#9200,#9222,#9244,#9256));
#9120 = ADVANCED_FACE('',(#9121),#9155,.F.);
#9121 = FACE_BOUND('',#9122,.F.);
#9122 = EDGE_LOOP('',(#9123,#9133,#9141,#9149));
#9123 = ORIENTED_EDGE('',*,*,#9124,.F.);
#9124 = EDGE_CURVE('',#9125,#9127,#9129,.T.);
#9125 = VERTEX_POINT('',#9126);
#9126 = CARTESIAN_POINT('',(-199.4967320028,184.46152422706,
    353.90524980688));
#9127 = VERTEX_POINT('',#9128);
#9128 = CARTESIAN_POINT('',(-199.4967320028,184.46152422706,
    367.90524980688));
#9129 = LINE('',#9130,#9131);
#9130 = CARTESIAN_POINT('',(-199.4967320028,184.46152422706,
    353.90524980688));
#9131 = VECTOR('',#9132,1.);
#9132 = DIRECTION('',(0.,0.,1.));
#9133 = ORIENTED_EDGE('',*,*,#9134,.T.);
#9134 = EDGE_CURVE('',#9125,#9135,#9137,.T.);
#9135 = VERTEX_POINT('',#9136);
#9136 = CARTESIAN_POINT('',(-259.4967320028,80.538475772934,
    353.90524980688));
#9137 = LINE('',#9138,#9139);
#9138 = CARTESIAN_POINT('',(-199.4967320028,184.46152422706,
    353.90524980688));
#9139 = VECTOR('',#9140,1.);
#9140 = DIRECTION('',(-0.5,-0.866025403784,0.));
#9141 = ORIENTED_EDGE('',*,*,#9142,.T.);
#9142 = EDGE_CURVE('',#9135,#9143,#9145,.T.);
#9143 = VERTEX_POINT('',#9144);
#9144 = CARTESIAN_POINT('',(-259.4967320028,80.538475772934,
    367.90524980688));
#9145 = LINE('',#9146,#9147);
#9146 = CARTESIAN_POINT('',(-259.4967320028,80.538475772934,
    353.90524980688));
#9147 = VECTOR('',#9148,1.);
#9148 = DIRECTION('',(0.,0.,1.));
#9149 = ORIENTED_EDGE('',*,*,#9150,.F.);
#9150 = EDGE_CURVE('',#9127,#9143,#9151,.T.);
#9151 = LINE('',#9152,#9153);
#9152 = CARTESIAN_POINT('',(-199.4967320028,184.46152422706,
    367.90524980688));
#9153 = VECTOR('',#9154,1.);
#9154 = DIRECTION('',(-0.5,-0.866025403784,0.));
#9155 = PLANE('',#9156);
#9156 = AXIS2_PLACEMENT_3D('',#9157,#9158,#9159);
#9157 = CARTESIAN_POINT('',(-199.4967320028,184.46152422706,
    353.90524980688));
#9158 = DIRECTION('',(-0.866025403784,0.5,0.));
#9159 = DIRECTION('',(0.,0.,1.));
#9160 = ADVANCED_FACE('',(#9161),#9195,.T.);
#9161 = FACE_BOUND('',#9162,.T.);
#9162 = EDGE_LOOP('',(#9163,#9173,#9181,#9189));
#9163 = ORIENTED_EDGE('',*,*,#9164,.F.);
#9164 = EDGE_CURVE('',#9165,#9167,#9169,.T.);
#9165 = VERTEX_POINT('',#9166);
#9166 = CARTESIAN_POINT('',(-216.8172400785,194.46152422706,
    353.90524980688));
#9167 = VERTEX_POINT('',#9168);
#9168 = CARTESIAN_POINT('',(-216.8172400785,194.46152422706,
    367.90524980688));
#9169 = LINE('',#9170,#9171);
#9170 = CARTESIAN_POINT('',(-216.8172400785,194.46152422706,
    353.90524980688));
#9171 = VECTOR('',#9172,1.);
#9172 = DIRECTION('',(0.,0.,1.));
#9173 = ORIENTED_EDGE('',*,*,#9174,.T.);
#9174 = EDGE_CURVE('',#9165,#9175,#9177,.T.);
#9175 = VERTEX_POINT('',#9176);
#9176 = CARTESIAN_POINT('',(-276.8172400785,90.538475772934,
    353.90524980688));
#9177 = LINE('',#9178,#9179);
#9178 = CARTESIAN_POINT('',(-216.8172400785,194.46152422706,
    353.90524980688));
#9179 = VECTOR('',#9180,1.);
#9180 = DIRECTION('',(-0.5,-0.866025403784,0.));
#9181 = ORIENTED_EDGE('',*,*,#9182,.T.);
#9182 = EDGE_CURVE('',#9175,#9183,#9185,.T.);
#9183 = VERTEX_POINT('',#9184);
#9184 = CARTESIAN_POINT('',(-276.8172400785,90.538475772934,
    367.90524980688));
#9185 = LINE('',#9186,#9187);
#9186 = CARTESIAN_POINT('',(-276.8172400785,90.538475772934,
    353.90524980688));
#9187 = VECTOR('',#9188,1.);
#9188 = DIRECTION('',(0.,0.,1.));
#9189 = ORIENTED_EDGE('',*,*,#9190,.F.);
#9190 = EDGE_CURVE('',#9167,#9183,#9191,.T.);
#9191 = LINE('',#9192,#9193);
#9192 = CARTESIAN_POINT('',(-216.8172400785,194.46152422706,
    367.90524980688));
#9193 = VECTOR('',#9194,1.);
#9194 = DIRECTION('',(-0.5,-0.866025403784,0.));
#9195 = PLANE('',#9196);
#9196 = AXIS2_PLACEMENT_3D('',#9197,#9198,#9199);
#9197 = CARTESIAN_POINT('',(-216.8172400785,194.46152422706,
    353.90524980688));
#9198 = DIRECTION('',(-0.866025403784,0.5,0.));
#9199 = DIRECTION('',(0.,0.,1.));
#9200 = ADVANCED_FACE('',(#9201),#9217,.F.);
#9201 = FACE_BOUND('',#9202,.F.);
#9202 = EDGE_LOOP('',(#9203,#9209,#9210,#9216));
#9203 = ORIENTED_EDGE('',*,*,#9204,.F.);
#9204 = EDGE_CURVE('',#9125,#9165,#9205,.T.);
#9205 = LINE('',#9206,#9207);
#9206 = CARTESIAN_POINT('',(-199.4967320028,184.46152422706,
    353.90524980688));
#9207 = VECTOR('',#9208,1.);
#9208 = DIRECTION('',(-0.866025403784,0.5,0.));
#9209 = ORIENTED_EDGE('',*,*,#9124,.T.);
#9210 = ORIENTED_EDGE('',*,*,#9211,.T.);
#9211 = EDGE_CURVE('',#9127,#9167,#9212,.T.);
#9212 = LINE('',#9213,#9214);
#9213 = CARTESIAN_POINT('',(-199.4967320028,184.46152422706,
    367.90524980688));
#9214 = VECTOR('',#9215,1.);
#9215 = DIRECTION('',(-0.866025403784,0.5,0.));
#9216 = ORIENTED_EDGE('',*,*,#9164,.F.);
#9217 = PLANE('',#9218);
#9218 = AXIS2_PLACEMENT_3D('',#9219,#9220,#9221);
#9219 = CARTESIAN_POINT('',(-199.4967320028,184.46152422706,
    353.90524980688));
#9220 = DIRECTION('',(-0.5,-0.866025403784,0.));
#9221 = DIRECTION('',(0.,0.,1.));
#9222 = ADVANCED_FACE('',(#9223),#9239,.T.);
#9223 = FACE_BOUND('',#9224,.T.);
#9224 = EDGE_LOOP('',(#9225,#9231,#9232,#9238));
#9225 = ORIENTED_EDGE('',*,*,#9226,.F.);
#9226 = EDGE_CURVE('',#9135,#9175,#9227,.T.);
#9227 = LINE('',#9228,#9229);
#9228 = CARTESIAN_POINT('',(-259.4967320028,80.538475772934,
    353.90524980688));
#9229 = VECTOR('',#9230,1.);
#9230 = DIRECTION('',(-0.866025403784,0.5,0.));
#9231 = ORIENTED_EDGE('',*,*,#9142,.T.);
#9232 = ORIENTED_EDGE('',*,*,#9233,.T.);
#9233 = EDGE_CURVE('',#9143,#9183,#9234,.T.);
#9234 = LINE('',#9235,#9236);
#9235 = CARTESIAN_POINT('',(-259.4967320028,80.538475772934,
    367.90524980688));
#9236 = VECTOR('',#9237,1.);
#9237 = DIRECTION('',(-0.866025403784,0.5,0.));
#9238 = ORIENTED_EDGE('',*,*,#9182,.F.);
#9239 = PLANE('',#9240);
#9240 = AXIS2_PLACEMENT_3D('',#9241,#9242,#9243);
#9241 = CARTESIAN_POINT('',(-259.4967320028,80.538475772934,
    353.90524980688));
#9242 = DIRECTION('',(-0.5,-0.866025403784,0.));
#9243 = DIRECTION('',(0.,0.,1.));
#9244 = ADVANCED_FACE('',(#9245),#9251,.F.);
#9245 = FACE_BOUND('',#9246,.F.);
#9246 = EDGE_LOOP('',(#9247,#9248,#9249,#9250));
#9247 = ORIENTED_EDGE('',*,*,#9134,.F.);
#9248 = ORIENTED_EDGE('',*,*,#9204,.T.);
#9249 = ORIENTED_EDGE('',*,*,#9174,.T.);
#9250 = ORIENTED_EDGE('',*,*,#9226,.F.);
#9251 = PLANE('',#9252);
#9252 = AXIS2_PLACEMENT_3D('',#9253,#9254,#9255);
#9253 = CARTESIAN_POINT('',(-199.4967320028,184.46152422706,
    353.90524980688));
#9254 = DIRECTION('',(0.,0.,1.));
#9255 = DIRECTION('',(-0.866025403784,0.5,0.));
#9256 = ADVANCED_FACE('',(#9257),#9263,.T.);
#9257 = FACE_BOUND('',#9258,.T.);
#9258 = EDGE_LOOP('',(#9259,#9260,#9261,#9262));
#9259 = ORIENTED_EDGE('',*,*,#9150,.F.);
#9260 = ORIENTED_EDGE('',*,*,#9211,.T.);
#9261 = ORIENTED_EDGE('',*,*,#9190,.T.);
#9262 = ORIENTED_EDGE('',*,*,#9233,.F.);
#9263 = PLANE('',#9264);
#9264 = AXIS2_PLACEMENT_3D('',#9265,#9266,#9267);
#9265 = CARTESIAN_POINT('',(-199.4967320028,184.46152422706,
    367.90524980688));
#9266 = DIRECTION('',(0.,0.,1.));
#9267 = DIRECTION('',(-0.866025403784,0.5,0.));
#9268 = ( GEOMETRIC_REPRESENTATION_CONTEXT(3) 
GLOBAL_UNCERTAINTY_ASSIGNED_CONTEXT((#9272)) 
GLOBAL_UNIT_ASSIGNED_CONTEXT((#9269,#9270,#9271)) REPRESENTATION_CONTEXT
('Context #1','3D Context with UNIT and UNCERTAINTY') );
#9269 = ( LENGTH_UNIT() NAMED_UNIT(*) SI_UNIT(.MILLI.,.METRE.) );
#9270 = ( NAMED_UNIT(*) PLANE_ANGLE_UNIT() SI_UNIT($,.RADIAN.) );
#9271 = ( NAMED_UNIT(*) SI_UNIT($,.STERADIAN.) SOLID_ANGLE_UNIT() );
#9272 = UNCERTAINTY_MEASURE_WITH_UNIT(LENGTH_MEASURE(1.E-07),#9269,
  'distance_accuracy_value','confusion accuracy');
#9273 = CONTEXT_DEPENDENT_SHAPE_REPRESENTATION(#9274,#9276);
#9274 = ( REPRESENTATION_RELATIONSHIP('','',#9117,#10) 
REPRESENTATION_RELATIONSHIP_WITH_TRANSFORMATION(#9275) 
SHAPE_REPRESENTATION_RELATIONSHIP() );
#9275 = ITEM_DEFINED_TRANSFORMATION('','',#11,#171);
#9276 = PRODUCT_DEFINITION_SHAPE('Placement','Placement of an item',
  #9277);
#9277 = NEXT_ASSEMBLY_USAGE_OCCURRENCE('40',
  'P40 Upper transition band 150 / 2','',#5,#9112,$);
#9278 = PRODUCT_RELATED_PRODUCT_CATEGORY('part',$,(#9114));
#9279 = SHAPE_DEFINITION_REPRESENTATION(#9280,#9286);
#9280 = PRODUCT_DEFINITION_SHAPE('','',#9281);
#9281 = PRODUCT_DEFINITION('design','',#9282,#9285);
#9282 = PRODUCT_DEFINITION_FORMATION('','',#9283);
#9283 = PRODUCT('P41 Upper transition band 270 / 1',
  'P41 Upper transition band 270 / 1','',(#9284));
#9284 = PRODUCT_CONTEXT('',#2,'mechanical');
#9285 = PRODUCT_DEFINITION_CONTEXT('part definition',#2,'design');
#9286 = ADVANCED_BREP_SHAPE_REPRESENTATION('',(#11,#9287),#9437);
#9287 = MANIFOLD_SOLID_BREP('',#9288);
#9288 = CLOSED_SHELL('',(#9289,#9329,#9369,#9391,#9413,#9425));
#9289 = ADVANCED_FACE('',(#9290),#9324,.F.);
#9290 = FACE_BOUND('',#9291,.F.);
#9291 = EDGE_LOOP('',(#9292,#9302,#9310,#9318));
#9292 = ORIENTED_EDGE('',*,*,#9293,.F.);
#9293 = EDGE_CURVE('',#9294,#9296,#9298,.T.);
#9294 = VERTEX_POINT('',#9295);
#9295 = CARTESIAN_POINT('',(-60.,-265.,381.90524980688));
#9296 = VERTEX_POINT('',#9297);
#9297 = CARTESIAN_POINT('',(-60.,-265.,395.90524980688));
#9298 = LINE('',#9299,#9300);
#9299 = CARTESIAN_POINT('',(-60.,-265.,381.90524980688));
#9300 = VECTOR('',#9301,1.);
#9301 = DIRECTION('',(0.,0.,1.));
#9302 = ORIENTED_EDGE('',*,*,#9303,.T.);
#9303 = EDGE_CURVE('',#9294,#9304,#9306,.T.);
#9304 = VERTEX_POINT('',#9305);
#9305 = CARTESIAN_POINT('',(60.,-265.,381.90524980688));
#9306 = LINE('',#9307,#9308);
#9307 = CARTESIAN_POINT('',(-60.,-265.,381.90524980688));
#9308 = VECTOR('',#9309,1.);
#9309 = DIRECTION('',(1.,-2.22044604925E-16,0.));
#9310 = ORIENTED_EDGE('',*,*,#9311,.T.);
#9311 = EDGE_CURVE('',#9304,#9312,#9314,.T.);
#9312 = VERTEX_POINT('',#9313);
#9313 = CARTESIAN_POINT('',(60.,-265.,395.90524980688));
#9314 = LINE('',#9315,#9316);
#9315 = CARTESIAN_POINT('',(60.,-265.,381.90524980688));
#9316 = VECTOR('',#9317,1.);
#9317 = DIRECTION('',(0.,0.,1.));
#9318 = ORIENTED_EDGE('',*,*,#9319,.F.);
#9319 = EDGE_CURVE('',#9296,#9312,#9320,.T.);
#9320 = LINE('',#9321,#9322);
#9321 = CARTESIAN_POINT('',(-60.,-265.,395.90524980688));
#9322 = VECTOR('',#9323,1.);
#9323 = DIRECTION('',(1.,-2.22044604925E-16,0.));
#9324 = PLANE('',#9325);
#9325 = AXIS2_PLACEMENT_3D('',#9326,#9327,#9328);
#9326 = CARTESIAN_POINT('',(-60.,-265.,381.90524980688));
#9327 = DIRECTION('',(-2.22044604925E-16,-1.,0.));
#9328 = DIRECTION('',(0.,0.,1.));
#9329 = ADVANCED_FACE('',(#9330),#9364,.T.);
#9330 = FACE_BOUND('',#9331,.T.);
#9331 = EDGE_LOOP('',(#9332,#9342,#9350,#9358));
#9332 = ORIENTED_EDGE('',*,*,#9333,.F.);
#9333 = EDGE_CURVE('',#9334,#9336,#9338,.T.);
#9334 = VERTEX_POINT('',#9335);
#9335 = CARTESIAN_POINT('',(-60.,-285.,381.90524980688));
#9336 = VERTEX_POINT('',#9337);
#9337 = CARTESIAN_POINT('',(-60.,-285.,395.90524980688));
#9338 = LINE('',#9339,#9340);
#9339 = CARTESIAN_POINT('',(-60.,-285.,381.90524980688));
#9340 = VECTOR('',#9341,1.);
#9341 = DIRECTION('',(0.,0.,1.));
#9342 = ORIENTED_EDGE('',*,*,#9343,.T.);
#9343 = EDGE_CURVE('',#9334,#9344,#9346,.T.);
#9344 = VERTEX_POINT('',#9345);
#9345 = CARTESIAN_POINT('',(60.,-285.,381.90524980688));
#9346 = LINE('',#9347,#9348);
#9347 = CARTESIAN_POINT('',(-60.,-285.,381.90524980688));
#9348 = VECTOR('',#9349,1.);
#9349 = DIRECTION('',(1.,-2.22044604925E-16,0.));
#9350 = ORIENTED_EDGE('',*,*,#9351,.T.);
#9351 = EDGE_CURVE('',#9344,#9352,#9354,.T.);
#9352 = VERTEX_POINT('',#9353);
#9353 = CARTESIAN_POINT('',(60.,-285.,395.90524980688));
#9354 = LINE('',#9355,#9356);
#9355 = CARTESIAN_POINT('',(60.,-285.,381.90524980688));
#9356 = VECTOR('',#9357,1.);
#9357 = DIRECTION('',(0.,0.,1.));
#9358 = ORIENTED_EDGE('',*,*,#9359,.F.);
#9359 = EDGE_CURVE('',#9336,#9352,#9360,.T.);
#9360 = LINE('',#9361,#9362);
#9361 = CARTESIAN_POINT('',(-60.,-285.,395.90524980688));
#9362 = VECTOR('',#9363,1.);
#9363 = DIRECTION('',(1.,-2.22044604925E-16,0.));
#9364 = PLANE('',#9365);
#9365 = AXIS2_PLACEMENT_3D('',#9366,#9367,#9368);
#9366 = CARTESIAN_POINT('',(-60.,-285.,381.90524980688));
#9367 = DIRECTION('',(-2.22044604925E-16,-1.,0.));
#9368 = DIRECTION('',(0.,0.,1.));
#9369 = ADVANCED_FACE('',(#9370),#9386,.F.);
#9370 = FACE_BOUND('',#9371,.F.);
#9371 = EDGE_LOOP('',(#9372,#9378,#9379,#9385));
#9372 = ORIENTED_EDGE('',*,*,#9373,.F.);
#9373 = EDGE_CURVE('',#9294,#9334,#9374,.T.);
#9374 = LINE('',#9375,#9376);
#9375 = CARTESIAN_POINT('',(-60.,-265.,381.90524980688));
#9376 = VECTOR('',#9377,1.);
#9377 = DIRECTION('',(-2.22044604925E-16,-1.,0.));
#9378 = ORIENTED_EDGE('',*,*,#9293,.T.);
#9379 = ORIENTED_EDGE('',*,*,#9380,.T.);
#9380 = EDGE_CURVE('',#9296,#9336,#9381,.T.);
#9381 = LINE('',#9382,#9383);
#9382 = CARTESIAN_POINT('',(-60.,-265.,395.90524980688));
#9383 = VECTOR('',#9384,1.);
#9384 = DIRECTION('',(-2.22044604925E-16,-1.,0.));
#9385 = ORIENTED_EDGE('',*,*,#9333,.F.);
#9386 = PLANE('',#9387);
#9387 = AXIS2_PLACEMENT_3D('',#9388,#9389,#9390);
#9388 = CARTESIAN_POINT('',(-60.,-265.,381.90524980688));
#9389 = DIRECTION('',(1.,-2.22044604925E-16,0.));
#9390 = DIRECTION('',(0.,0.,1.));
#9391 = ADVANCED_FACE('',(#9392),#9408,.T.);
#9392 = FACE_BOUND('',#9393,.T.);
#9393 = EDGE_LOOP('',(#9394,#9400,#9401,#9407));
#9394 = ORIENTED_EDGE('',*,*,#9395,.F.);
#9395 = EDGE_CURVE('',#9304,#9344,#9396,.T.);
#9396 = LINE('',#9397,#9398);
#9397 = CARTESIAN_POINT('',(60.,-265.,381.90524980688));
#9398 = VECTOR('',#9399,1.);
#9399 = DIRECTION('',(-2.22044604925E-16,-1.,0.));
#9400 = ORIENTED_EDGE('',*,*,#9311,.T.);
#9401 = ORIENTED_EDGE('',*,*,#9402,.T.);
#9402 = EDGE_CURVE('',#9312,#9352,#9403,.T.);
#9403 = LINE('',#9404,#9405);
#9404 = CARTESIAN_POINT('',(60.,-265.,395.90524980688));
#9405 = VECTOR('',#9406,1.);
#9406 = DIRECTION('',(-2.22044604925E-16,-1.,0.));
#9407 = ORIENTED_EDGE('',*,*,#9351,.F.);
#9408 = PLANE('',#9409);
#9409 = AXIS2_PLACEMENT_3D('',#9410,#9411,#9412);
#9410 = CARTESIAN_POINT('',(60.,-265.,381.90524980688));
#9411 = DIRECTION('',(1.,-2.22044604925E-16,0.));
#9412 = DIRECTION('',(0.,0.,1.));
#9413 = ADVANCED_FACE('',(#9414),#9420,.F.);
#9414 = FACE_BOUND('',#9415,.F.);
#9415 = EDGE_LOOP('',(#9416,#9417,#9418,#9419));
#9416 = ORIENTED_EDGE('',*,*,#9303,.F.);
#9417 = ORIENTED_EDGE('',*,*,#9373,.T.);
#9418 = ORIENTED_EDGE('',*,*,#9343,.T.);
#9419 = ORIENTED_EDGE('',*,*,#9395,.F.);
#9420 = PLANE('',#9421);
#9421 = AXIS2_PLACEMENT_3D('',#9422,#9423,#9424);
#9422 = CARTESIAN_POINT('',(-60.,-265.,381.90524980688));
#9423 = DIRECTION('',(0.,0.,1.));
#9424 = DIRECTION('',(-2.22044604925E-16,-1.,0.));
#9425 = ADVANCED_FACE('',(#9426),#9432,.T.);
#9426 = FACE_BOUND('',#9427,.T.);
#9427 = EDGE_LOOP('',(#9428,#9429,#9430,#9431));
#9428 = ORIENTED_EDGE('',*,*,#9319,.F.);
#9429 = ORIENTED_EDGE('',*,*,#9380,.T.);
#9430 = ORIENTED_EDGE('',*,*,#9359,.T.);
#9431 = ORIENTED_EDGE('',*,*,#9402,.F.);
#9432 = PLANE('',#9433);
#9433 = AXIS2_PLACEMENT_3D('',#9434,#9435,#9436);
#9434 = CARTESIAN_POINT('',(-60.,-265.,395.90524980688));
#9435 = DIRECTION('',(0.,0.,1.));
#9436 = DIRECTION('',(-2.22044604925E-16,-1.,0.));
#9437 = ( GEOMETRIC_REPRESENTATION_CONTEXT(3) 
GLOBAL_UNCERTAINTY_ASSIGNED_CONTEXT((#9441)) 
GLOBAL_UNIT_ASSIGNED_CONTEXT((#9438,#9439,#9440)) REPRESENTATION_CONTEXT
('Context #1','3D Context with UNIT and UNCERTAINTY') );
#9438 = ( LENGTH_UNIT() NAMED_UNIT(*) SI_UNIT(.MILLI.,.METRE.) );
#9439 = ( NAMED_UNIT(*) PLANE_ANGLE_UNIT() SI_UNIT($,.RADIAN.) );
#9440 = ( NAMED_UNIT(*) SI_UNIT($,.STERADIAN.) SOLID_ANGLE_UNIT() );
#9441 = UNCERTAINTY_MEASURE_WITH_UNIT(LENGTH_MEASURE(1.E-07),#9438,
  'distance_accuracy_value','confusion accuracy');
#9442 = CONTEXT_DEPENDENT_SHAPE_REPRESENTATION(#9443,#9445);
#9443 = ( REPRESENTATION_RELATIONSHIP('','',#9286,#10) 
REPRESENTATION_RELATIONSHIP_WITH_TRANSFORMATION(#9444) 
SHAPE_REPRESENTATION_RELATIONSHIP() );
#9444 = ITEM_DEFINED_TRANSFORMATION('','',#11,#175);
#9445 = PRODUCT_DEFINITION_SHAPE('Placement','Placement of an item',
  #9446);
#9446 = NEXT_ASSEMBLY_USAGE_OCCURRENCE('41',
  'P41 Upper transition band 270 / 1','',#5,#9281,$);
#9447 = PRODUCT_RELATED_PRODUCT_CATEGORY('part',$,(#9283));
#9448 = SHAPE_DEFINITION_REPRESENTATION(#9449,#9455);
#9449 = PRODUCT_DEFINITION_SHAPE('','',#9450);
#9450 = PRODUCT_DEFINITION('design','',#9451,#9454);
#9451 = PRODUCT_DEFINITION_FORMATION('','',#9452);
#9452 = PRODUCT('P42 Upper transition band 270 / 2',
  'P42 Upper transition band 270 / 2','',(#9453));
#9453 = PRODUCT_CONTEXT('',#2,'mechanical');
#9454 = PRODUCT_DEFINITION_CONTEXT('part definition',#2,'design');
#9455 = ADVANCED_BREP_SHAPE_REPRESENTATION('',(#11,#9456),#9606);
#9456 = MANIFOLD_SOLID_BREP('',#9457);
#9457 = CLOSED_SHELL('',(#9458,#9498,#9538,#9560,#9582,#9594));
#9458 = ADVANCED_FACE('',(#9459),#9493,.F.);
#9459 = FACE_BOUND('',#9460,.F.);
#9460 = EDGE_LOOP('',(#9461,#9471,#9479,#9487));
#9461 = ORIENTED_EDGE('',*,*,#9462,.F.);
#9462 = EDGE_CURVE('',#9463,#9465,#9467,.T.);
#9463 = VERTEX_POINT('',#9464);
#9464 = CARTESIAN_POINT('',(-60.,-265.,353.90524980688));
#9465 = VERTEX_POINT('',#9466);
#9466 = CARTESIAN_POINT('',(-60.,-265.,367.90524980688));
#9467 = LINE('',#9468,#9469);
#9468 = CARTESIAN_POINT('',(-60.,-265.,353.90524980688));
#9469 = VECTOR('',#9470,1.);
#9470 = DIRECTION('',(0.,0.,1.));
#9471 = ORIENTED_EDGE('',*,*,#9472,.T.);
#9472 = EDGE_CURVE('',#9463,#9473,#9475,.T.);
#9473 = VERTEX_POINT('',#9474);
#9474 = CARTESIAN_POINT('',(60.,-265.,353.90524980688));
#9475 = LINE('',#9476,#9477);
#9476 = CARTESIAN_POINT('',(-60.,-265.,353.90524980688));
#9477 = VECTOR('',#9478,1.);
#9478 = DIRECTION('',(1.,-2.22044604925E-16,0.));
#9479 = ORIENTED_EDGE('',*,*,#9480,.T.);
#9480 = EDGE_CURVE('',#9473,#9481,#9483,.T.);
#9481 = VERTEX_POINT('',#9482);
#9482 = CARTESIAN_POINT('',(60.,-265.,367.90524980688));
#9483 = LINE('',#9484,#9485);
#9484 = CARTESIAN_POINT('',(60.,-265.,353.90524980688));
#9485 = VECTOR('',#9486,1.);
#9486 = DIRECTION('',(0.,0.,1.));
#9487 = ORIENTED_EDGE('',*,*,#9488,.F.);
#9488 = EDGE_CURVE('',#9465,#9481,#9489,.T.);
#9489 = LINE('',#9490,#9491);
#9490 = CARTESIAN_POINT('',(-60.,-265.,367.90524980688));
#9491 = VECTOR('',#9492,1.);
#9492 = DIRECTION('',(1.,-2.22044604925E-16,0.));
#9493 = PLANE('',#9494);
#9494 = AXIS2_PLACEMENT_3D('',#9495,#9496,#9497);
#9495 = CARTESIAN_POINT('',(-60.,-265.,353.90524980688));
#9496 = DIRECTION('',(-2.22044604925E-16,-1.,0.));
#9497 = DIRECTION('',(0.,0.,1.));
#9498 = ADVANCED_FACE('',(#9499),#9533,.T.);
#9499 = FACE_BOUND('',#9500,.T.);
#9500 = EDGE_LOOP('',(#9501,#9511,#9519,#9527));
#9501 = ORIENTED_EDGE('',*,*,#9502,.F.);
#9502 = EDGE_CURVE('',#9503,#9505,#9507,.T.);
#9503 = VERTEX_POINT('',#9504);
#9504 = CARTESIAN_POINT('',(-60.,-285.,353.90524980688));
#9505 = VERTEX_POINT('',#9506);
#9506 = CARTESIAN_POINT('',(-60.,-285.,367.90524980688));
#9507 = LINE('',#9508,#9509);
#9508 = CARTESIAN_POINT('',(-60.,-285.,353.90524980688));
#9509 = VECTOR('',#9510,1.);
#9510 = DIRECTION('',(0.,0.,1.));
#9511 = ORIENTED_EDGE('',*,*,#9512,.T.);
#9512 = EDGE_CURVE('',#9503,#9513,#9515,.T.);
#9513 = VERTEX_POINT('',#9514);
#9514 = CARTESIAN_POINT('',(60.,-285.,353.90524980688));
#9515 = LINE('',#9516,#9517);
#9516 = CARTESIAN_POINT('',(-60.,-285.,353.90524980688));
#9517 = VECTOR('',#9518,1.);
#9518 = DIRECTION('',(1.,-2.22044604925E-16,0.));
#9519 = ORIENTED_EDGE('',*,*,#9520,.T.);
#9520 = EDGE_CURVE('',#9513,#9521,#9523,.T.);
#9521 = VERTEX_POINT('',#9522);
#9522 = CARTESIAN_POINT('',(60.,-285.,367.90524980688));
#9523 = LINE('',#9524,#9525);
#9524 = CARTESIAN_POINT('',(60.,-285.,353.90524980688));
#9525 = VECTOR('',#9526,1.);
#9526 = DIRECTION('',(0.,0.,1.));
#9527 = ORIENTED_EDGE('',*,*,#9528,.F.);
#9528 = EDGE_CURVE('',#9505,#9521,#9529,.T.);
#9529 = LINE('',#9530,#9531);
#9530 = CARTESIAN_POINT('',(-60.,-285.,367.90524980688));
#9531 = VECTOR('',#9532,1.);
#9532 = DIRECTION('',(1.,-2.22044604925E-16,0.));
#9533 = PLANE('',#9534);
#9534 = AXIS2_PLACEMENT_3D('',#9535,#9536,#9537);
#9535 = CARTESIAN_POINT('',(-60.,-285.,353.90524980688));
#9536 = DIRECTION('',(-2.22044604925E-16,-1.,0.));
#9537 = DIRECTION('',(0.,0.,1.));
#9538 = ADVANCED_FACE('',(#9539),#9555,.F.);
#9539 = FACE_BOUND('',#9540,.F.);
#9540 = EDGE_LOOP('',(#9541,#9547,#9548,#9554));
#9541 = ORIENTED_EDGE('',*,*,#9542,.F.);
#9542 = EDGE_CURVE('',#9463,#9503,#9543,.T.);
#9543 = LINE('',#9544,#9545);
#9544 = CARTESIAN_POINT('',(-60.,-265.,353.90524980688));
#9545 = VECTOR('',#9546,1.);
#9546 = DIRECTION('',(-2.22044604925E-16,-1.,0.));
#9547 = ORIENTED_EDGE('',*,*,#9462,.T.);
#9548 = ORIENTED_EDGE('',*,*,#9549,.T.);
#9549 = EDGE_CURVE('',#9465,#9505,#9550,.T.);
#9550 = LINE('',#9551,#9552);
#9551 = CARTESIAN_POINT('',(-60.,-265.,367.90524980688));
#9552 = VECTOR('',#9553,1.);
#9553 = DIRECTION('',(-2.22044604925E-16,-1.,0.));
#9554 = ORIENTED_EDGE('',*,*,#9502,.F.);
#9555 = PLANE('',#9556);
#9556 = AXIS2_PLACEMENT_3D('',#9557,#9558,#9559);
#9557 = CARTESIAN_POINT('',(-60.,-265.,353.90524980688));
#9558 = DIRECTION('',(1.,-2.22044604925E-16,0.));
#9559 = DIRECTION('',(0.,0.,1.));
#9560 = ADVANCED_FACE('',(#9561),#9577,.T.);
#9561 = FACE_BOUND('',#9562,.T.);
#9562 = EDGE_LOOP('',(#9563,#9569,#9570,#9576));
#9563 = ORIENTED_EDGE('',*,*,#9564,.F.);
#9564 = EDGE_CURVE('',#9473,#9513,#9565,.T.);
#9565 = LINE('',#9566,#9567);
#9566 = CARTESIAN_POINT('',(60.,-265.,353.90524980688));
#9567 = VECTOR('',#9568,1.);
#9568 = DIRECTION('',(-2.22044604925E-16,-1.,0.));
#9569 = ORIENTED_EDGE('',*,*,#9480,.T.);
#9570 = ORIENTED_EDGE('',*,*,#9571,.T.);
#9571 = EDGE_CURVE('',#9481,#9521,#9572,.T.);
#9572 = LINE('',#9573,#9574);
#9573 = CARTESIAN_POINT('',(60.,-265.,367.90524980688));
#9574 = VECTOR('',#9575,1.);
#9575 = DIRECTION('',(-2.22044604925E-16,-1.,0.));
#9576 = ORIENTED_EDGE('',*,*,#9520,.F.);
#9577 = PLANE('',#9578);
#9578 = AXIS2_PLACEMENT_3D('',#9579,#9580,#9581);
#9579 = CARTESIAN_POINT('',(60.,-265.,353.90524980688));
#9580 = DIRECTION('',(1.,-2.22044604925E-16,0.));
#9581 = DIRECTION('',(0.,0.,1.));
#9582 = ADVANCED_FACE('',(#9583),#9589,.F.);
#9583 = FACE_BOUND('',#9584,.F.);
#9584 = EDGE_LOOP('',(#9585,#9586,#9587,#9588));
#9585 = ORIENTED_EDGE('',*,*,#9472,.F.);
#9586 = ORIENTED_EDGE('',*,*,#9542,.T.);
#9587 = ORIENTED_EDGE('',*,*,#9512,.T.);
#9588 = ORIENTED_EDGE('',*,*,#9564,.F.);
#9589 = PLANE('',#9590);
#9590 = AXIS2_PLACEMENT_3D('',#9591,#9592,#9593);
#9591 = CARTESIAN_POINT('',(-60.,-265.,353.90524980688));
#9592 = DIRECTION('',(0.,0.,1.));
#9593 = DIRECTION('',(-2.22044604925E-16,-1.,0.));
#9594 = ADVANCED_FACE('',(#9595),#9601,.T.);
#9595 = FACE_BOUND('',#9596,.T.);
#9596 = EDGE_LOOP('',(#9597,#9598,#9599,#9600));
#9597 = ORIENTED_EDGE('',*,*,#9488,.F.);
#9598 = ORIENTED_EDGE('',*,*,#9549,.T.);
#9599 = ORIENTED_EDGE('',*,*,#9528,.T.);
#9600 = ORIENTED_EDGE('',*,*,#9571,.F.);
#9601 = PLANE('',#9602);
#9602 = AXIS2_PLACEMENT_3D('',#9603,#9604,#9605);
#9603 = CARTESIAN_POINT('',(-60.,-265.,367.90524980688));
#9604 = DIRECTION('',(0.,0.,1.));
#9605 = DIRECTION('',(-2.22044604925E-16,-1.,0.));
#9606 = ( GEOMETRIC_REPRESENTATION_CONTEXT(3) 
GLOBAL_UNCERTAINTY_ASSIGNED_CONTEXT((#9610)) 
GLOBAL_UNIT_ASSIGNED_CONTEXT((#9607,#9608,#9609)) REPRESENTATION_CONTEXT
('Context #1','3D Context with UNIT and UNCERTAINTY') );
#9607 = ( LENGTH_UNIT() NAMED_UNIT(*) SI_UNIT(.MILLI.,.METRE.) );
#9608 = ( NAMED_UNIT(*) PLANE_ANGLE_UNIT() SI_UNIT($,.RADIAN.) );
#9609 = ( NAMED_UNIT(*) SI_UNIT($,.STERADIAN.) SOLID_ANGLE_UNIT() );
#9610 = UNCERTAINTY_MEASURE_WITH_UNIT(LENGTH_MEASURE(1.E-07),#9607,
  'distance_accuracy_value','confusion accuracy');
#9611 = CONTEXT_DEPENDENT_SHAPE_REPRESENTATION(#9612,#9614);
#9612 = ( REPRESENTATION_RELATIONSHIP('','',#9455,#10) 
REPRESENTATION_RELATIONSHIP_WITH_TRANSFORMATION(#9613) 
SHAPE_REPRESENTATION_RELATIONSHIP() );
#9613 = ITEM_DEFINED_TRANSFORMATION('','',#11,#179);
#9614 = PRODUCT_DEFINITION_SHAPE('Placement','Placement of an item',
  #9615);
#9615 = NEXT_ASSEMBLY_USAGE_OCCURRENCE('42',
  'P42 Upper transition band 270 / 2','',#5,#9450,$);
#9616 = PRODUCT_RELATED_PRODUCT_CATEGORY('part',$,(#9452));
ENDSEC;
END-ISO-10303-21;
